solid OpenSCAD_Model
  facet normal 0.0490387 0.998797 -0
    outer loop
      vertex 69.5683 83.923 0
      vertex 68 84 78
      vertex 69.5683 83.923 78
    endloop
  endfacet
  facet normal 0.0490387 0.998797 0
    outer loop
      vertex 68 84 78
      vertex 69.5683 83.923 0
      vertex 68 84 0
    endloop
  endfacet
  facet normal -0.0490387 0.998797 0
    outer loop
      vertex 16 84 0
      vertex 14.4317 83.923 78
      vertex 16 84 78
    endloop
  endfacet
  facet normal -0.0490387 0.998797 0
    outer loop
      vertex 14.4317 83.923 78
      vertex 16 84 0
      vertex 14.4317 83.923 0
    endloop
  endfacet
  facet normal -0.989176 -0.146737 0
    outer loop
      vertex 0.307435 12.8786 0
      vertex 0.0770435 14.4317 78
      vertex 0.0770435 14.4317 0
    endloop
  endfacet
  facet normal -0.989176 -0.146737 0
    outer loop
      vertex 0.0770435 14.4317 78
      vertex 0.307435 12.8786 0
      vertex 0.307435 12.8786 78
    endloop
  endfacet
  facet normal -0.427591 0.903972 0
    outer loop
      vertex 9.87706 82.7821 0
      vertex 8.45765 82.1107 78
      vertex 9.87706 82.7821 78
    endloop
  endfacet
  facet normal -0.427591 0.903972 0
    outer loop
      vertex 8.45765 82.1107 78
      vertex 9.87706 82.7821 0
      vertex 8.45765 82.1107 0
    endloop
  endfacet
  facet normal -0.998796 -0.0490663 0
    outer loop
      vertex 0.0770435 14.4317 0
      vertex 0 16 78
      vertex 0 16 0
    endloop
  endfacet
  facet normal -0.998796 -0.0490663 0
    outer loop
      vertex 0 16 78
      vertex 0.0770435 14.4317 0
      vertex 0.0770435 14.4317 78
    endloop
  endfacet
  facet normal -0.970035 -0.242967 0
    outer loop
      vertex 0.688954 11.3554 0
      vertex 0.307435 12.8786 78
      vertex 0.307435 12.8786 0
    endloop
  endfacet
  facet normal -0.970035 -0.242967 0
    outer loop
      vertex 0.307435 12.8786 78
      vertex 0.688954 11.3554 0
      vertex 0.688954 11.3554 78
    endloop
  endfacet
  facet normal 0 0 -1
    outer loop
      vertex 69.5683 0.0770435 0
      vertex 69.2742 3.0626 0
      vertex 69.4706 3.09172 0
    endloop
  endfacet
  facet normal 0 0 -1
    outer loop
      vertex 68 0 0
      vertex 69.2742 3.0626 0
      vertex 69.5683 0.0770435 0
    endloop
  endfacet
  facet normal 0 0 -1
    outer loop
      vertex 68 0 0
      vertex 68 3 0
      vertex 69.2742 3.0626 0
    endloop
  endfacet
  facet normal 0 0 -1
    outer loop
      vertex 16 0 0
      vertex 68 3 0
      vertex 68 0 0
    endloop
  endfacet
  facet normal 0 0 -1
    outer loop
      vertex 16 0 0
      vertex 16 3 0
      vertex 68 3 0
    endloop
  endfacet
  facet normal 0 0 -1
    outer loop
      vertex 16 0 0
      vertex 14.7258 3.0626 0
      vertex 16 3 0
    endloop
  endfacet
  facet normal 0 0 -1
    outer loop
      vertex 14.4317 0.0770435 0
      vertex 14.7258 3.0626 0
      vertex 16 0 0
    endloop
  endfacet
  facet normal -0 0 -1
    outer loop
      vertex 14.7258 3.0626 0
      vertex 14.4317 0.0770435 0
      vertex 14.5294 3.09172 0
    endloop
  endfacet
  facet normal 0 0 -1
    outer loop
      vertex 69.2742 80.9374 0
      vertex 69.5683 83.923 0
      vertex 69.4706 80.9083 0
    endloop
  endfacet
  facet normal 0 0 -1
    outer loop
      vertex 68 81 0
      vertex 69.5683 83.923 0
      vertex 69.2742 80.9374 0
    endloop
  endfacet
  facet normal 0 0 -1
    outer loop
      vertex 68 81 0
      vertex 68 84 0
      vertex 69.5683 83.923 0
    endloop
  endfacet
  facet normal 0 0 -1
    outer loop
      vertex 16 81 0
      vertex 68 84 0
      vertex 68 81 0
    endloop
  endfacet
  facet normal 0 0 -1
    outer loop
      vertex 16 81 0
      vertex 16 84 0
      vertex 68 84 0
    endloop
  endfacet
  facet normal 0 0 -1
    outer loop
      vertex 14.7258 80.9374 0
      vertex 16 84 0
      vertex 16 81 0
    endloop
  endfacet
  facet normal 0 0 -1
    outer loop
      vertex 14.4317 83.923 0
      vertex 14.7258 80.9374 0
      vertex 14.5294 80.9083 0
    endloop
  endfacet
  facet normal 0 0 -1
    outer loop
      vertex 14.7258 80.9374 0
      vertex 14.4317 83.923 0
      vertex 16 84 0
    endloop
  endfacet
  facet normal 0 0 -1
    outer loop
      vertex 17.4783 12.5589 0
      vertex 17.4783 13.4411 0
      vertex 17.5 13 0
    endloop
  endfacet
  facet normal 0 0 -1
    outer loop
      vertex 17.4135 12.1221 0
      vertex 17.4783 13.4411 0
      vertex 17.4783 12.5589 0
    endloop
  endfacet
  facet normal 0 0 -1
    outer loop
      vertex 17.4135 12.1221 0
      vertex 17.4135 13.8779 0
      vertex 17.4783 13.4411 0
    endloop
  endfacet
  facet normal 0 0 -1
    outer loop
      vertex 17.3062 11.6937 0
      vertex 17.4135 13.8779 0
      vertex 17.4135 12.1221 0
    endloop
  endfacet
  facet normal 0 0 -1
    outer loop
      vertex 17.3062 11.6937 0
      vertex 17.3062 14.3063 0
      vertex 17.4135 13.8779 0
    endloop
  endfacet
  facet normal 0 0 -1
    outer loop
      vertex 17.1575 11.2779 0
      vertex 17.3062 14.3063 0
      vertex 17.3062 11.6937 0
    endloop
  endfacet
  facet normal 0 0 -1
    outer loop
      vertex 17.1575 11.2779 0
      vertex 17.1575 14.7221 0
      vertex 17.3062 14.3063 0
    endloop
  endfacet
  facet normal 0 0 -1
    outer loop
      vertex 16.9686 10.8787 0
      vertex 17.1575 14.7221 0
      vertex 17.1575 11.2779 0
    endloop
  endfacet
  facet normal 0 0 -1
    outer loop
      vertex 16.9686 10.8787 0
      vertex 16.9686 15.1213 0
      vertex 17.1575 14.7221 0
    endloop
  endfacet
  facet normal 0 0 -1
    outer loop
      vertex 16.7416 10.4999 0
      vertex 16.9686 15.1213 0
      vertex 16.9686 10.8787 0
    endloop
  endfacet
  facet normal 0 0 -1
    outer loop
      vertex 16.7416 10.4999 0
      vertex 16.7416 15.5001 0
      vertex 16.9686 15.1213 0
    endloop
  endfacet
  facet normal 0 0 -1
    outer loop
      vertex 16.4785 10.1452 0
      vertex 16.7416 15.5001 0
      vertex 16.7416 10.4999 0
    endloop
  endfacet
  facet normal 0 0 -1
    outer loop
      vertex 16.4785 10.1452 0
      vertex 16.4785 15.8548 0
      vertex 16.7416 15.5001 0
    endloop
  endfacet
  facet normal 0 0 -1
    outer loop
      vertex 16.182 9.81802 0
      vertex 16.4785 15.8548 0
      vertex 16.4785 10.1452 0
    endloop
  endfacet
  facet normal 0 0 -1
    outer loop
      vertex 16.182 9.81802 0
      vertex 16.182 16.182 0
      vertex 16.4785 15.8548 0
    endloop
  endfacet
  facet normal 0 0 -1
    outer loop
      vertex 15.8548 9.52145 0
      vertex 16.182 16.182 0
      vertex 16.182 9.81802 0
    endloop
  endfacet
  facet normal 0 0 -1
    outer loop
      vertex 15.8548 9.52145 0
      vertex 15.8548 16.4785 0
      vertex 16.182 16.182 0
    endloop
  endfacet
  facet normal 0 0 -1
    outer loop
      vertex 15.4604 9.23461 0
      vertex 15.8548 9.52145 0
      vertex 15.5001 9.25839 0
    endloop
  endfacet
  facet normal -0 0 -1
    outer loop
      vertex 15.8548 9.52145 0
      vertex 15.4604 9.23461 0
      vertex 15.8548 16.4785 0
    endloop
  endfacet
  facet normal -0 0 -1
    outer loop
      vertex 15.8548 16.4785 0
      vertex 15.4604 9.23461 0
      vertex 15.5001 16.7416 0
    endloop
  endfacet
  facet normal 0 0 -1
    outer loop
      vertex 15.4604 9.23461 0
      vertex 15.1213 16.9686 0
      vertex 15.5001 16.7416 0
    endloop
  endfacet
  facet normal 0 0 -1
    outer loop
      vertex 15.4604 9.23461 0
      vertex 14.7221 17.1575 0
      vertex 15.1213 16.9686 0
    endloop
  endfacet
  facet normal 0 0 -1
    outer loop
      vertex 11.3522 3.87252 0
      vertex 15.4604 9.23461 0
      vertex 14.5294 3.09172 0
    endloop
  endfacet
  facet normal 0 0 -1
    outer loop
      vertex 12.8786 0.307435 0
      vertex 14.5294 3.09172 0
      vertex 14.4317 0.0770435 0
    endloop
  endfacet
  facet normal 0 0 -1
    outer loop
      vertex 15.4604 9.23461 0
      vertex 10.5396 9.23461 0
      vertex 14.7221 17.1575 0
    endloop
  endfacet
  facet normal -0 0 -1
    outer loop
      vertex 14.7221 17.1575 0
      vertex 10.5396 9.23461 0
      vertex 14.3063 17.3062 0
    endloop
  endfacet
  facet normal -0 0 -1
    outer loop
      vertex 14.3063 17.3062 0
      vertex 10.5396 9.23461 0
      vertex 13.8779 17.4135 0
    endloop
  endfacet
  facet normal -0 0 -1
    outer loop
      vertex 13.8779 17.4135 0
      vertex 10.5396 9.23461 0
      vertex 13.4411 17.4783 0
    endloop
  endfacet
  facet normal -0 0 -1
    outer loop
      vertex 14.5294 3.09172 0
      vertex 12.8786 0.307435 0
      vertex 11.3522 3.87252 0
    endloop
  endfacet
  facet normal -0 0 -1
    outer loop
      vertex 15.4604 9.23461 0
      vertex 11.3522 3.87252 0
      vertex 10.5396 9.23461 0
    endloop
  endfacet
  facet normal 0 0 -1
    outer loop
      vertex 13 17.5 0
      vertex 10.5396 9.23461 0
      vertex 12.5589 17.4783 0
    endloop
  endfacet
  facet normal 0 0 -1
    outer loop
      vertex 12.5589 17.4783 0
      vertex 10.5396 9.23461 0
      vertex 12.1221 17.4135 0
    endloop
  endfacet
  facet normal 0 0 -1
    outer loop
      vertex 11.3522 3.87252 0
      vertex 12.8786 0.307435 0
      vertex 11.3554 0.688954 0
    endloop
  endfacet
  facet normal -0 0 -1
    outer loop
      vertex 13.4411 17.4783 0
      vertex 10.5396 9.23461 0
      vertex 13 17.5 0
    endloop
  endfacet
  facet normal 0 0 -1
    outer loop
      vertex 12.1221 17.4135 0
      vertex 10.5396 9.23461 0
      vertex 11.6937 17.3062 0
    endloop
  endfacet
  facet normal 0 0 -1
    outer loop
      vertex 11.6937 17.3062 0
      vertex 10.5396 9.23461 0
      vertex 11.2779 17.1575 0
    endloop
  endfacet
  facet normal 0 0 -1
    outer loop
      vertex 11.2779 17.1575 0
      vertex 10.5396 9.23461 0
      vertex 10.8787 16.9686 0
    endloop
  endfacet
  facet normal 0 0 -1
    outer loop
      vertex 10.1452 9.52145 0
      vertex 10.5396 9.23461 0
      vertex 10.4999 9.25839 0
    endloop
  endfacet
  facet normal 0 0 -1
    outer loop
      vertex 10.5396 9.23461 0
      vertex 10.4999 16.7416 0
      vertex 10.8787 16.9686 0
    endloop
  endfacet
  facet normal 0 0 -1
    outer loop
      vertex 10.5396 9.23461 0
      vertex 10.1452 9.52145 0
      vertex 10.4999 16.7416 0
    endloop
  endfacet
  facet normal 0 0 -1
    outer loop
      vertex 10.1452 9.52145 0
      vertex 10.1452 16.4785 0
      vertex 10.4999 16.7416 0
    endloop
  endfacet
  facet normal 0 0 -1
    outer loop
      vertex 9.81802 9.81802 0
      vertex 10.1452 16.4785 0
      vertex 10.1452 9.52145 0
    endloop
  endfacet
  facet normal 0 0 -1
    outer loop
      vertex 9.81802 9.81802 0
      vertex 9.81802 16.182 0
      vertex 10.1452 16.4785 0
    endloop
  endfacet
  facet normal 0 0 -1
    outer loop
      vertex 9.52145 10.1452 0
      vertex 9.81802 16.182 0
      vertex 9.81802 9.81802 0
    endloop
  endfacet
  facet normal 0 0 -1
    outer loop
      vertex 9.52145 10.1452 0
      vertex 9.52145 15.8548 0
      vertex 9.81802 16.182 0
    endloop
  endfacet
  facet normal 0 0 -1
    outer loop
      vertex 9.23461 10.5396 0
      vertex 9.52145 10.1452 0
      vertex 9.25839 10.4999 0
    endloop
  endfacet
  facet normal 0 0 -1
    outer loop
      vertex 9.52145 10.1452 0
      vertex 9.23461 10.5396 0
      vertex 9.52145 15.8548 0
    endloop
  endfacet
  facet normal 0 0 -1
    outer loop
      vertex 9.23461 15.4604 0
      vertex 9.52145 15.8548 0
      vertex 9.23461 10.5396 0
    endloop
  endfacet
  facet normal 0 0 -1
    outer loop
      vertex 9.52145 15.8548 0
      vertex 9.23461 15.4604 0
      vertex 9.25839 15.5001 0
    endloop
  endfacet
  facet normal 0 0 -1
    outer loop
      vertex 3.87252 11.3522 0
      vertex 9.23461 15.4604 0
      vertex 9.23461 10.5396 0
    endloop
  endfacet
  facet normal 0 0 -1
    outer loop
      vertex 3.87252 11.3522 0
      vertex 3.09172 14.5294 0
      vertex 9.23461 15.4604 0
    endloop
  endfacet
  facet normal -0 0 -1
    outer loop
      vertex 4.53502 9.87184 0
      vertex 1.88926 8.45765 0
      vertex 3.98957 11.0251 0
    endloop
  endfacet
  facet normal 0 0 -1
    outer loop
      vertex 1.21793 9.87706 0
      vertex 3.98957 11.0251 0
      vertex 1.88926 8.45765 0
    endloop
  endfacet
  facet normal 0 0 -1
    outer loop
      vertex 0.307435 12.8786 0
      vertex 3.87252 11.3522 0
      vertex 0.688954 11.3554 0
    endloop
  endfacet
  facet normal 0 0 -1
    outer loop
      vertex 0.688954 11.3554 0
      vertex 3.87252 11.3522 0
      vertex 1.21793 9.87706 0
    endloop
  endfacet
  facet normal -0 0 -1
    outer loop
      vertex 3.98957 11.0251 0
      vertex 1.21793 9.87706 0
      vertex 3.87252 11.3522 0
    endloop
  endfacet
  facet normal 0 0 -1
    outer loop
      vertex 9.87706 1.21793 0
      vertex 11.3522 3.87252 0
      vertex 11.3554 0.688954 0
    endloop
  endfacet
  facet normal -0 0 -1
    outer loop
      vertex 11.3522 3.87252 0
      vertex 9.87706 1.21793 0
      vertex 11.0251 3.98957 0
    endloop
  endfacet
  facet normal 0 0 -1
    outer loop
      vertex 9.87706 1.21793 0
      vertex 9.87184 4.53502 0
      vertex 11.0251 3.98957 0
    endloop
  endfacet
  facet normal 0 0 -1
    outer loop
      vertex 8.45765 1.88926 0
      vertex 9.87184 4.53502 0
      vertex 9.87706 1.21793 0
    endloop
  endfacet
  facet normal -0 0 -1
    outer loop
      vertex 9.87184 4.53502 0
      vertex 8.45765 1.88926 0
      vertex 8.77759 5.19089 0
    endloop
  endfacet
  facet normal 0 0 -1
    outer loop
      vertex 7.11088 2.69649 0
      vertex 8.77759 5.19089 0
      vertex 8.45765 1.88926 0
    endloop
  endfacet
  facet normal -0 0 -1
    outer loop
      vertex 8.77759 5.19089 0
      vertex 7.11088 2.69649 0
      vertex 7.75289 5.95086 0
    endloop
  endfacet
  facet normal 0 0 -1
    outer loop
      vertex 5.84971 3.63183 0
      vertex 7.75289 5.95086 0
      vertex 7.11088 2.69649 0
    endloop
  endfacet
  facet normal -0 0 -1
    outer loop
      vertex 7.75289 5.95086 0
      vertex 5.84971 3.63183 0
      vertex 6.80761 6.80761 0
    endloop
  endfacet
  facet normal 0 0 -1
    outer loop
      vertex 4.68629 4.68629 0
      vertex 6.80761 6.80761 0
      vertex 5.84971 3.63183 0
    endloop
  endfacet
  facet normal -0 0 -1
    outer loop
      vertex 6.80761 6.80761 0
      vertex 4.68629 4.68629 0
      vertex 5.95086 7.75289 0
    endloop
  endfacet
  facet normal 0 0 -1
    outer loop
      vertex 3.63183 5.84971 0
      vertex 5.95086 7.75289 0
      vertex 4.68629 4.68629 0
    endloop
  endfacet
  facet normal -0 0 -1
    outer loop
      vertex 5.95086 7.75289 0
      vertex 3.63183 5.84971 0
      vertex 5.19089 8.77759 0
    endloop
  endfacet
  facet normal 0 0 -1
    outer loop
      vertex 2.69649 7.11088 0
      vertex 5.19089 8.77759 0
      vertex 3.63183 5.84971 0
    endloop
  endfacet
  facet normal -0 0 -1
    outer loop
      vertex 5.19089 8.77759 0
      vertex 2.69649 7.11088 0
      vertex 4.53502 9.87184 0
    endloop
  endfacet
  facet normal 0 0 -1
    outer loop
      vertex 1.88926 8.45765 0
      vertex 4.53502 9.87184 0
      vertex 2.69649 7.11088 0
    endloop
  endfacet
  facet normal 0 0 -1
    outer loop
      vertex 17.4783 70.5589 0
      vertex 17.4783 71.4411 0
      vertex 17.5 71 0
    endloop
  endfacet
  facet normal 0 0 -1
    outer loop
      vertex 17.4135 70.1221 0
      vertex 17.4783 71.4411 0
      vertex 17.4783 70.5589 0
    endloop
  endfacet
  facet normal 0 0 -1
    outer loop
      vertex 17.4135 70.1221 0
      vertex 17.4135 71.8779 0
      vertex 17.4783 71.4411 0
    endloop
  endfacet
  facet normal 0 0 -1
    outer loop
      vertex 17.3062 69.6937 0
      vertex 17.4135 71.8779 0
      vertex 17.4135 70.1221 0
    endloop
  endfacet
  facet normal 0 0 -1
    outer loop
      vertex 17.3062 69.6937 0
      vertex 17.3062 72.3063 0
      vertex 17.4135 71.8779 0
    endloop
  endfacet
  facet normal 0 0 -1
    outer loop
      vertex 17.1575 69.2779 0
      vertex 17.3062 72.3063 0
      vertex 17.3062 69.6937 0
    endloop
  endfacet
  facet normal 0 0 -1
    outer loop
      vertex 17.1575 69.2779 0
      vertex 17.1575 72.7221 0
      vertex 17.3062 72.3063 0
    endloop
  endfacet
  facet normal 0 0 -1
    outer loop
      vertex 16.9686 68.8787 0
      vertex 17.1575 72.7221 0
      vertex 17.1575 69.2779 0
    endloop
  endfacet
  facet normal 0 0 -1
    outer loop
      vertex 16.9686 68.8787 0
      vertex 16.9686 73.1213 0
      vertex 17.1575 72.7221 0
    endloop
  endfacet
  facet normal 0 0 -1
    outer loop
      vertex 16.7416 68.4999 0
      vertex 16.9686 73.1213 0
      vertex 16.9686 68.8787 0
    endloop
  endfacet
  facet normal 0 0 -1
    outer loop
      vertex 16.7416 68.4999 0
      vertex 16.7416 73.5001 0
      vertex 16.9686 73.1213 0
    endloop
  endfacet
  facet normal 0 0 -1
    outer loop
      vertex 16.4785 68.1452 0
      vertex 16.7416 73.5001 0
      vertex 16.7416 68.4999 0
    endloop
  endfacet
  facet normal 0 0 -1
    outer loop
      vertex 16.4785 68.1452 0
      vertex 16.4785 73.8548 0
      vertex 16.7416 73.5001 0
    endloop
  endfacet
  facet normal 0 0 -1
    outer loop
      vertex 16.182 67.818 0
      vertex 16.4785 73.8548 0
      vertex 16.4785 68.1452 0
    endloop
  endfacet
  facet normal 0 0 -1
    outer loop
      vertex 16.182 67.818 0
      vertex 16.182 74.182 0
      vertex 16.4785 73.8548 0
    endloop
  endfacet
  facet normal 0 0 -1
    outer loop
      vertex 15.8548 67.5215 0
      vertex 16.182 74.182 0
      vertex 16.182 67.818 0
    endloop
  endfacet
  facet normal 0 0 -1
    outer loop
      vertex 15.8548 67.5215 0
      vertex 15.8548 74.4785 0
      vertex 16.182 74.182 0
    endloop
  endfacet
  facet normal 0 0 -1
    outer loop
      vertex 15.5001 67.2584 0
      vertex 15.8548 74.4785 0
      vertex 15.8548 67.5215 0
    endloop
  endfacet
  facet normal 0 0 -1
    outer loop
      vertex 15.4604 74.7654 0
      vertex 15.8548 74.4785 0
      vertex 15.5001 67.2584 0
    endloop
  endfacet
  facet normal 0 0 -1
    outer loop
      vertex 15.8548 74.4785 0
      vertex 15.4604 74.7654 0
      vertex 15.5001 74.7416 0
    endloop
  endfacet
  facet normal 0 0 -1
    outer loop
      vertex 15.1213 67.0314 0
      vertex 15.4604 74.7654 0
      vertex 15.5001 67.2584 0
    endloop
  endfacet
  facet normal 0 0 -1
    outer loop
      vertex 14.7221 66.8425 0
      vertex 15.4604 74.7654 0
      vertex 15.1213 67.0314 0
    endloop
  endfacet
  facet normal 0 0 -1
    outer loop
      vertex 10.5396 74.7654 0
      vertex 15.4604 74.7654 0
      vertex 14.7221 66.8425 0
    endloop
  endfacet
  facet normal 0 -0 -1
    outer loop
      vertex 11.3522 80.1275 0
      vertex 15.4604 74.7654 0
      vertex 10.5396 74.7654 0
    endloop
  endfacet
  facet normal 0 0 -1
    outer loop
      vertex 10.5396 74.7654 0
      vertex 14.7221 66.8425 0
      vertex 14.3063 66.6938 0
    endloop
  endfacet
  facet normal 0 0 -1
    outer loop
      vertex 10.5396 74.7654 0
      vertex 14.3063 66.6938 0
      vertex 13.8779 66.5865 0
    endloop
  endfacet
  facet normal 0 0 -1
    outer loop
      vertex 10.5396 74.7654 0
      vertex 13.8779 66.5865 0
      vertex 13.4411 66.5217 0
    endloop
  endfacet
  facet normal 0 0 -1
    outer loop
      vertex 10.5396 74.7654 0
      vertex 13.4411 66.5217 0
      vertex 13 66.5 0
    endloop
  endfacet
  facet normal 0 0 -1
    outer loop
      vertex 15.4604 74.7654 0
      vertex 11.3522 80.1275 0
      vertex 14.5294 80.9083 0
    endloop
  endfacet
  facet normal 0 0 -1
    outer loop
      vertex 10.5396 74.7654 0
      vertex 13 66.5 0
      vertex 12.5589 66.5217 0
    endloop
  endfacet
  facet normal 0 0 -1
    outer loop
      vertex 10.5396 74.7654 0
      vertex 12.5589 66.5217 0
      vertex 12.1221 66.5865 0
    endloop
  endfacet
  facet normal 0 0 -1
    outer loop
      vertex 10.5396 74.7654 0
      vertex 12.1221 66.5865 0
      vertex 11.6937 66.6938 0
    endloop
  endfacet
  facet normal 0 -0 -1
    outer loop
      vertex 12.8786 83.6926 0
      vertex 14.5294 80.9083 0
      vertex 11.3522 80.1275 0
    endloop
  endfacet
  facet normal 0 0 -1
    outer loop
      vertex 12.8786 83.6926 0
      vertex 11.3522 80.1275 0
      vertex 11.3554 83.311 0
    endloop
  endfacet
  facet normal 0 0 -1
    outer loop
      vertex 10.5396 74.7654 0
      vertex 11.6937 66.6938 0
      vertex 11.2779 66.8425 0
    endloop
  endfacet
  facet normal 0 0 -1
    outer loop
      vertex 10.5396 74.7654 0
      vertex 11.2779 66.8425 0
      vertex 10.8787 67.0314 0
    endloop
  endfacet
  facet normal 0 0 -1
    outer loop
      vertex 14.5294 80.9083 0
      vertex 12.8786 83.6926 0
      vertex 14.4317 83.923 0
    endloop
  endfacet
  facet normal 0 0 -1
    outer loop
      vertex 10.4999 67.2584 0
      vertex 10.5396 74.7654 0
      vertex 10.8787 67.0314 0
    endloop
  endfacet
  facet normal 0 0 -1
    outer loop
      vertex 10.1452 67.5215 0
      vertex 10.5396 74.7654 0
      vertex 10.4999 67.2584 0
    endloop
  endfacet
  facet normal 0 0 -1
    outer loop
      vertex 10.1452 74.4785 0
      vertex 10.5396 74.7654 0
      vertex 10.1452 67.5215 0
    endloop
  endfacet
  facet normal 0 0 -1
    outer loop
      vertex 10.5396 74.7654 0
      vertex 10.1452 74.4785 0
      vertex 10.4999 74.7416 0
    endloop
  endfacet
  facet normal 0 0 -1
    outer loop
      vertex 9.81802 67.818 0
      vertex 10.1452 74.4785 0
      vertex 10.1452 67.5215 0
    endloop
  endfacet
  facet normal 0 0 -1
    outer loop
      vertex 9.81802 67.818 0
      vertex 9.81802 74.182 0
      vertex 10.1452 74.4785 0
    endloop
  endfacet
  facet normal 0 0 -1
    outer loop
      vertex 9.52145 68.1452 0
      vertex 9.81802 74.182 0
      vertex 9.81802 67.818 0
    endloop
  endfacet
  facet normal 0 0 -1
    outer loop
      vertex 9.52145 68.1452 0
      vertex 9.52145 73.8548 0
      vertex 9.81802 74.182 0
    endloop
  endfacet
  facet normal 0 0 -1
    outer loop
      vertex 9.23461 68.5396 0
      vertex 9.52145 68.1452 0
      vertex 9.25839 68.4999 0
    endloop
  endfacet
  facet normal 0 0 -1
    outer loop
      vertex 9.52145 68.1452 0
      vertex 9.23461 68.5396 0
      vertex 9.52145 73.8548 0
    endloop
  endfacet
  facet normal 0 0 -1
    outer loop
      vertex 9.23461 73.4604 0
      vertex 9.52145 73.8548 0
      vertex 9.23461 68.5396 0
    endloop
  endfacet
  facet normal 0 0 -1
    outer loop
      vertex 9.52145 73.8548 0
      vertex 9.23461 73.4604 0
      vertex 9.25839 73.5001 0
    endloop
  endfacet
  facet normal 0 0 -1
    outer loop
      vertex 9.23461 68.5396 0
      vertex 3.87252 72.6478 0
      vertex 9.23461 73.4604 0
    endloop
  endfacet
  facet normal 0 0 -1
    outer loop
      vertex 3.09172 69.4706 0
      vertex 3.87252 72.6478 0
      vertex 9.23461 68.5396 0
    endloop
  endfacet
  facet normal 0 0 -1
    outer loop
      vertex 0.307435 71.1214 0
      vertex 3.87252 72.6478 0
      vertex 3.09172 69.4706 0
    endloop
  endfacet
  facet normal 0 0 -1
    outer loop
      vertex 0.0770435 69.5683 0
      vertex 3.09172 69.4706 0
      vertex 3.0626 69.2742 0
    endloop
  endfacet
  facet normal 0 0 -1
    outer loop
      vertex 3.87252 72.6478 0
      vertex 2.69649 76.8891 0
      vertex 3.63183 78.1503 0
    endloop
  endfacet
  facet normal 0 0 -1
    outer loop
      vertex 0.0770435 69.5683 0
      vertex 3.0626 69.2742 0
      vertex 3 68 0
    endloop
  endfacet
  facet normal 0 0 -1
    outer loop
      vertex 3 16 0
      vertex 0 16 0
      vertex 3 68 0
    endloop
  endfacet
  facet normal 0 0 -1
    outer loop
      vertex 3.87252 11.3522 0
      vertex 0.307435 12.8786 0
      vertex 3.09172 14.5294 0
    endloop
  endfacet
  facet normal 0 0 -1
    outer loop
      vertex 0 68 0
      vertex 3 68 0
      vertex 0 16 0
    endloop
  endfacet
  facet normal 0 0 -1
    outer loop
      vertex 0.0770435 14.4317 0
      vertex 3.09172 14.5294 0
      vertex 0.307435 12.8786 0
    endloop
  endfacet
  facet normal 0 -0 -1
    outer loop
      vertex 0.0770435 69.5683 0
      vertex 3 68 0
      vertex 0 68 0
    endloop
  endfacet
  facet normal -0 0 -1
    outer loop
      vertex 3.09172 14.5294 0
      vertex 0.0770435 14.4317 0
      vertex 3.0626 14.7258 0
    endloop
  endfacet
  facet normal 0 0 -1
    outer loop
      vertex 3.87252 72.6478 0
      vertex 1.88926 75.5423 0
      vertex 2.69649 76.8891 0
    endloop
  endfacet
  facet normal -0 0 -1
    outer loop
      vertex 3.0626 14.7258 0
      vertex 0.0770435 14.4317 0
      vertex 3 16 0
    endloop
  endfacet
  facet normal 0 0 -1
    outer loop
      vertex 3.87252 72.6478 0
      vertex 1.21793 74.1229 0
      vertex 1.88926 75.5423 0
    endloop
  endfacet
  facet normal -0 0 -1
    outer loop
      vertex 3 16 0
      vertex 0.0770435 14.4317 0
      vertex 0 16 0
    endloop
  endfacet
  facet normal -0 0 -1
    outer loop
      vertex 3.87252 72.6478 0
      vertex 0.688954 72.6446 0
      vertex 1.21793 74.1229 0
    endloop
  endfacet
  facet normal 0 0 -1
    outer loop
      vertex 3.87252 72.6478 0
      vertex 0.307435 71.1214 0
      vertex 0.688954 72.6446 0
    endloop
  endfacet
  facet normal 0 0 -1
    outer loop
      vertex 3.09172 69.4706 0
      vertex 0.0770435 69.5683 0
      vertex 0.307435 71.1214 0
    endloop
  endfacet
  facet normal 0 0 -1
    outer loop
      vertex 9.87706 82.7821 0
      vertex 11.3522 80.1275 0
      vertex 11.0251 80.0104 0
    endloop
  endfacet
  facet normal 0 0 -1
    outer loop
      vertex 11.3522 80.1275 0
      vertex 9.87706 82.7821 0
      vertex 11.3554 83.311 0
    endloop
  endfacet
  facet normal 0 0 -1
    outer loop
      vertex 9.87184 79.465 0
      vertex 9.87706 82.7821 0
      vertex 11.0251 80.0104 0
    endloop
  endfacet
  facet normal 0 0 -1
    outer loop
      vertex 8.45765 82.1107 0
      vertex 9.87184 79.465 0
      vertex 8.77759 78.8091 0
    endloop
  endfacet
  facet normal 0 0 -1
    outer loop
      vertex 9.87184 79.465 0
      vertex 8.45765 82.1107 0
      vertex 9.87706 82.7821 0
    endloop
  endfacet
  facet normal 0 0 -1
    outer loop
      vertex 7.11088 81.3035 0
      vertex 8.77759 78.8091 0
      vertex 7.75289 78.0491 0
    endloop
  endfacet
  facet normal 0 0 -1
    outer loop
      vertex 8.77759 78.8091 0
      vertex 7.11088 81.3035 0
      vertex 8.45765 82.1107 0
    endloop
  endfacet
  facet normal 0 0 -1
    outer loop
      vertex 5.84971 80.3682 0
      vertex 7.75289 78.0491 0
      vertex 6.80761 77.1924 0
    endloop
  endfacet
  facet normal 0 0 -1
    outer loop
      vertex 4.68629 79.3137 0
      vertex 6.80761 77.1924 0
      vertex 5.95086 76.2471 0
    endloop
  endfacet
  facet normal 0 0 -1
    outer loop
      vertex 7.75289 78.0491 0
      vertex 5.84971 80.3682 0
      vertex 7.11088 81.3035 0
    endloop
  endfacet
  facet normal 0 0 -1
    outer loop
      vertex 3.63183 78.1503 0
      vertex 5.95086 76.2471 0
      vertex 5.19089 75.2224 0
    endloop
  endfacet
  facet normal 0 0 -1
    outer loop
      vertex 6.80761 77.1924 0
      vertex 4.68629 79.3137 0
      vertex 5.84971 80.3682 0
    endloop
  endfacet
  facet normal 0 0 -1
    outer loop
      vertex 3.63183 78.1503 0
      vertex 5.19089 75.2224 0
      vertex 4.53502 74.1282 0
    endloop
  endfacet
  facet normal 0 0 -1
    outer loop
      vertex 3.63183 78.1503 0
      vertex 4.53502 74.1282 0
      vertex 3.98957 72.9749 0
    endloop
  endfacet
  facet normal 0 0 -1
    outer loop
      vertex 3.63183 78.1503 0
      vertex 3.98957 72.9749 0
      vertex 3.87252 72.6478 0
    endloop
  endfacet
  facet normal 0 0 -1
    outer loop
      vertex 5.95086 76.2471 0
      vertex 3.63183 78.1503 0
      vertex 4.68629 79.3137 0
    endloop
  endfacet
  facet normal 0 0 -1
    outer loop
      vertex 82.7821 9.87706 0
      vertex 80.0104 11.0251 0
      vertex 80.1275 11.3522 0
    endloop
  endfacet
  facet normal 0 0 -1
    outer loop
      vertex 81.3035 7.11088 0
      vertex 79.465 9.87184 0
      vertex 80.0104 11.0251 0
    endloop
  endfacet
  facet normal 0 0 -1
    outer loop
      vertex 78.0491 7.75289 0
      vertex 80.3682 5.84971 0
      vertex 79.3137 4.68629 0
    endloop
  endfacet
  facet normal 0 0 -1
    outer loop
      vertex 81.3035 7.11088 0
      vertex 78.8091 8.77759 0
      vertex 79.465 9.87184 0
    endloop
  endfacet
  facet normal 0 0 -1
    outer loop
      vertex 77.1924 6.80761 0
      vertex 79.3137 4.68629 0
      vertex 78.1503 3.63183 0
    endloop
  endfacet
  facet normal 0 0 -1
    outer loop
      vertex 80.3682 5.84971 0
      vertex 78.0491 7.75289 0
      vertex 78.8091 8.77759 0
    endloop
  endfacet
  facet normal 0 0 -1
    outer loop
      vertex 79.3137 4.68629 0
      vertex 77.1924 6.80761 0
      vertex 78.0491 7.75289 0
    endloop
  endfacet
  facet normal 0 0 -1
    outer loop
      vertex 76.2471 5.95086 0
      vertex 78.1503 3.63183 0
      vertex 76.8891 2.69649 0
    endloop
  endfacet
  facet normal 0 0 -1
    outer loop
      vertex 78.1503 3.63183 0
      vertex 76.2471 5.95086 0
      vertex 77.1924 6.80761 0
    endloop
  endfacet
  facet normal 0 0 -1
    outer loop
      vertex 75.2224 5.19089 0
      vertex 76.8891 2.69649 0
      vertex 75.5423 1.88926 0
    endloop
  endfacet
  facet normal 0 0 -1
    outer loop
      vertex 76.8891 2.69649 0
      vertex 75.2224 5.19089 0
      vertex 76.2471 5.95086 0
    endloop
  endfacet
  facet normal 0 0 -1
    outer loop
      vertex 75.5423 1.88926 0
      vertex 74.1282 4.53502 0
      vertex 75.2224 5.19089 0
    endloop
  endfacet
  facet normal 0 0 -1
    outer loop
      vertex 74.1229 1.21793 0
      vertex 74.1282 4.53502 0
      vertex 75.5423 1.88926 0
    endloop
  endfacet
  facet normal 0 0 -1
    outer loop
      vertex 74.1229 1.21793 0
      vertex 72.9749 3.98957 0
      vertex 74.1282 4.53502 0
    endloop
  endfacet
  facet normal 0 0 -1
    outer loop
      vertex 74.1229 1.21793 0
      vertex 72.6478 3.87252 0
      vertex 72.9749 3.98957 0
    endloop
  endfacet
  facet normal 0 -0 -1
    outer loop
      vertex 72.6478 3.87252 0
      vertex 74.1229 1.21793 0
      vertex 72.6446 0.688954 0
    endloop
  endfacet
  facet normal 0 0 -1
    outer loop
      vertex 81 16 0
      vertex 84 16 0
      vertex 83.923 14.4317 0
    endloop
  endfacet
  facet normal 0 0 -1
    outer loop
      vertex 84 16 0
      vertex 81 16 0
      vertex 84 68 0
    endloop
  endfacet
  facet normal 0 0 -1
    outer loop
      vertex 80.9083 14.5294 0
      vertex 83.923 14.4317 0
      vertex 83.6926 12.8786 0
    endloop
  endfacet
  facet normal 0 0 -1
    outer loop
      vertex 81 68 0
      vertex 84 68 0
      vertex 81 16 0
    endloop
  endfacet
  facet normal 0 0 -1
    outer loop
      vertex 80.1275 11.3522 0
      vertex 83.6926 12.8786 0
      vertex 83.311 11.3554 0
    endloop
  endfacet
  facet normal 0 0 -1
    outer loop
      vertex 84 68 0
      vertex 81 68 0
      vertex 83.923 69.5683 0
    endloop
  endfacet
  facet normal 0 0 -1
    outer loop
      vertex 80.1275 11.3522 0
      vertex 83.311 11.3554 0
      vertex 82.7821 9.87706 0
    endloop
  endfacet
  facet normal 0 0 -1
    outer loop
      vertex 80.9374 69.2742 0
      vertex 83.923 69.5683 0
      vertex 81 68 0
    endloop
  endfacet
  facet normal 0 0 -1
    outer loop
      vertex 80.0104 11.0251 0
      vertex 82.7821 9.87706 0
      vertex 82.1107 8.45765 0
    endloop
  endfacet
  facet normal 0 0 -1
    outer loop
      vertex 80.9083 69.4706 0
      vertex 83.923 69.5683 0
      vertex 80.9374 69.2742 0
    endloop
  endfacet
  facet normal 0 0 -1
    outer loop
      vertex 80.0104 11.0251 0
      vertex 82.1107 8.45765 0
      vertex 81.3035 7.11088 0
    endloop
  endfacet
  facet normal -0 0 -1
    outer loop
      vertex 83.923 69.5683 0
      vertex 80.9083 69.4706 0
      vertex 83.6926 71.1214 0
    endloop
  endfacet
  facet normal 0 0 -1
    outer loop
      vertex 80.1275 72.6478 0
      vertex 83.6926 71.1214 0
      vertex 80.9083 69.4706 0
    endloop
  endfacet
  facet normal 0 0 -1
    outer loop
      vertex 83.923 14.4317 0
      vertex 80.9374 14.7258 0
      vertex 81 16 0
    endloop
  endfacet
  facet normal 0 0 -1
    outer loop
      vertex 83.923 14.4317 0
      vertex 80.9083 14.5294 0
      vertex 80.9374 14.7258 0
    endloop
  endfacet
  facet normal 0 0 -1
    outer loop
      vertex 78.8091 8.77759 0
      vertex 81.3035 7.11088 0
      vertex 80.3682 5.84971 0
    endloop
  endfacet
  facet normal -0 0 -1
    outer loop
      vertex 83.6926 12.8786 0
      vertex 80.1275 11.3522 0
      vertex 80.9083 14.5294 0
    endloop
  endfacet
  facet normal 0 0 -1
    outer loop
      vertex 74.7654 15.4604 0
      vertex 80.1275 11.3522 0
      vertex 74.7654 10.5396 0
    endloop
  endfacet
  facet normal 0 0 -1
    outer loop
      vertex 80.1275 11.3522 0
      vertex 74.7654 15.4604 0
      vertex 80.9083 14.5294 0
    endloop
  endfacet
  facet normal 0 0 -1
    outer loop
      vertex 74.4785 10.1452 0
      vertex 74.7654 10.5396 0
      vertex 74.7416 10.4999 0
    endloop
  endfacet
  facet normal -0 0 -1
    outer loop
      vertex 74.7654 10.5396 0
      vertex 74.4785 10.1452 0
      vertex 74.7654 15.4604 0
    endloop
  endfacet
  facet normal 0 0 -1
    outer loop
      vertex 74.4785 15.8548 0
      vertex 74.7654 15.4604 0
      vertex 74.4785 10.1452 0
    endloop
  endfacet
  facet normal 0 0 -1
    outer loop
      vertex 74.7654 15.4604 0
      vertex 74.4785 15.8548 0
      vertex 74.7416 15.5001 0
    endloop
  endfacet
  facet normal 0 0 -1
    outer loop
      vertex 74.182 9.81802 0
      vertex 74.4785 15.8548 0
      vertex 74.4785 10.1452 0
    endloop
  endfacet
  facet normal 0 0 -1
    outer loop
      vertex 74.182 9.81802 0
      vertex 74.182 16.182 0
      vertex 74.4785 15.8548 0
    endloop
  endfacet
  facet normal 0 0 -1
    outer loop
      vertex 73.8548 9.52145 0
      vertex 74.182 16.182 0
      vertex 74.182 9.81802 0
    endloop
  endfacet
  facet normal 0 0 -1
    outer loop
      vertex 73.8548 9.52145 0
      vertex 73.8548 16.4785 0
      vertex 74.182 16.182 0
    endloop
  endfacet
  facet normal 0 0 -1
    outer loop
      vertex 73.4604 9.23461 0
      vertex 73.8548 9.52145 0
      vertex 73.5001 9.25839 0
    endloop
  endfacet
  facet normal -0 0 -1
    outer loop
      vertex 73.8548 9.52145 0
      vertex 73.4604 9.23461 0
      vertex 73.8548 16.4785 0
    endloop
  endfacet
  facet normal -0 0 -1
    outer loop
      vertex 73.8548 16.4785 0
      vertex 73.4604 9.23461 0
      vertex 73.5001 16.7416 0
    endloop
  endfacet
  facet normal 0 0 -1
    outer loop
      vertex 73.4604 9.23461 0
      vertex 73.1213 16.9686 0
      vertex 73.5001 16.7416 0
    endloop
  endfacet
  facet normal 0 0 -1
    outer loop
      vertex 73.4604 9.23461 0
      vertex 72.7221 17.1575 0
      vertex 73.1213 16.9686 0
    endloop
  endfacet
  facet normal 0 0 -1
    outer loop
      vertex 68.5396 9.23461 0
      vertex 73.4604 9.23461 0
      vertex 72.6478 3.87252 0
    endloop
  endfacet
  facet normal 0 0 -1
    outer loop
      vertex 73.4604 9.23461 0
      vertex 68.5396 9.23461 0
      vertex 72.7221 17.1575 0
    endloop
  endfacet
  facet normal 0 0 -1
    outer loop
      vertex 71.1214 0.307435 0
      vertex 72.6478 3.87252 0
      vertex 72.6446 0.688954 0
    endloop
  endfacet
  facet normal -0 0 -1
    outer loop
      vertex 72.7221 17.1575 0
      vertex 68.5396 9.23461 0
      vertex 72.3063 17.3062 0
    endloop
  endfacet
  facet normal -0 0 -1
    outer loop
      vertex 72.3063 17.3062 0
      vertex 68.5396 9.23461 0
      vertex 71.8779 17.4135 0
    endloop
  endfacet
  facet normal 0 0 -1
    outer loop
      vertex 72.6478 3.87252 0
      vertex 71.1214 0.307435 0
      vertex 69.4706 3.09172 0
    endloop
  endfacet
  facet normal -0 0 -1
    outer loop
      vertex 71.8779 17.4135 0
      vertex 68.5396 9.23461 0
      vertex 71.4411 17.4783 0
    endloop
  endfacet
  facet normal -0 0 -1
    outer loop
      vertex 71.4411 17.4783 0
      vertex 68.5396 9.23461 0
      vertex 71 17.5 0
    endloop
  endfacet
  facet normal 0 0 -1
    outer loop
      vertex 71 17.5 0
      vertex 68.5396 9.23461 0
      vertex 70.5589 17.4783 0
    endloop
  endfacet
  facet normal 0 0 -1
    outer loop
      vertex 70.5589 17.4783 0
      vertex 68.5396 9.23461 0
      vertex 70.1221 17.4135 0
    endloop
  endfacet
  facet normal 0 0 -1
    outer loop
      vertex 69.4706 3.09172 0
      vertex 71.1214 0.307435 0
      vertex 69.5683 0.0770435 0
    endloop
  endfacet
  facet normal -0 0 -1
    outer loop
      vertex 72.6478 3.87252 0
      vertex 69.4706 3.09172 0
      vertex 68.5396 9.23461 0
    endloop
  endfacet
  facet normal 0 0 -1
    outer loop
      vertex 70.1221 17.4135 0
      vertex 68.5396 9.23461 0
      vertex 69.6937 17.3062 0
    endloop
  endfacet
  facet normal 0 0 -1
    outer loop
      vertex 69.6937 17.3062 0
      vertex 68.5396 9.23461 0
      vertex 69.2779 17.1575 0
    endloop
  endfacet
  facet normal 0 0 -1
    outer loop
      vertex 69.2779 17.1575 0
      vertex 68.5396 9.23461 0
      vertex 68.8787 16.9686 0
    endloop
  endfacet
  facet normal 0 0 -1
    outer loop
      vertex 68.1452 9.52145 0
      vertex 68.5396 9.23461 0
      vertex 68.4999 9.25839 0
    endloop
  endfacet
  facet normal 0 0 -1
    outer loop
      vertex 68.5396 9.23461 0
      vertex 68.4999 16.7416 0
      vertex 68.8787 16.9686 0
    endloop
  endfacet
  facet normal 0 0 -1
    outer loop
      vertex 68.5396 9.23461 0
      vertex 68.1452 9.52145 0
      vertex 68.4999 16.7416 0
    endloop
  endfacet
  facet normal 0 0 -1
    outer loop
      vertex 68.1452 9.52145 0
      vertex 68.1452 16.4785 0
      vertex 68.4999 16.7416 0
    endloop
  endfacet
  facet normal 0 0 -1
    outer loop
      vertex 67.818 9.81802 0
      vertex 68.1452 16.4785 0
      vertex 68.1452 9.52145 0
    endloop
  endfacet
  facet normal 0 0 -1
    outer loop
      vertex 67.818 9.81802 0
      vertex 67.818 16.182 0
      vertex 68.1452 16.4785 0
    endloop
  endfacet
  facet normal 0 0 -1
    outer loop
      vertex 67.5215 10.1452 0
      vertex 67.818 16.182 0
      vertex 67.818 9.81802 0
    endloop
  endfacet
  facet normal 0 0 -1
    outer loop
      vertex 67.5215 10.1452 0
      vertex 67.5215 15.8548 0
      vertex 67.818 16.182 0
    endloop
  endfacet
  facet normal 0 0 -1
    outer loop
      vertex 67.2584 10.4999 0
      vertex 67.5215 15.8548 0
      vertex 67.5215 10.1452 0
    endloop
  endfacet
  facet normal 0 0 -1
    outer loop
      vertex 67.2584 10.4999 0
      vertex 67.2584 15.5001 0
      vertex 67.5215 15.8548 0
    endloop
  endfacet
  facet normal 0 0 -1
    outer loop
      vertex 67.0314 10.8787 0
      vertex 67.2584 15.5001 0
      vertex 67.2584 10.4999 0
    endloop
  endfacet
  facet normal 0 0 -1
    outer loop
      vertex 67.0314 10.8787 0
      vertex 67.0314 15.1213 0
      vertex 67.2584 15.5001 0
    endloop
  endfacet
  facet normal 0 0 -1
    outer loop
      vertex 66.8425 11.2779 0
      vertex 67.0314 15.1213 0
      vertex 67.0314 10.8787 0
    endloop
  endfacet
  facet normal 0 0 -1
    outer loop
      vertex 66.8425 11.2779 0
      vertex 66.8425 14.7221 0
      vertex 67.0314 15.1213 0
    endloop
  endfacet
  facet normal 0 0 -1
    outer loop
      vertex 66.6938 11.6937 0
      vertex 66.8425 14.7221 0
      vertex 66.8425 11.2779 0
    endloop
  endfacet
  facet normal 0 0 -1
    outer loop
      vertex 66.6938 11.6937 0
      vertex 66.6938 14.3063 0
      vertex 66.8425 14.7221 0
    endloop
  endfacet
  facet normal 0 0 -1
    outer loop
      vertex 66.5865 12.1221 0
      vertex 66.6938 14.3063 0
      vertex 66.6938 11.6937 0
    endloop
  endfacet
  facet normal 0 0 -1
    outer loop
      vertex 66.5865 12.1221 0
      vertex 66.5865 13.8779 0
      vertex 66.6938 14.3063 0
    endloop
  endfacet
  facet normal 0 0 -1
    outer loop
      vertex 66.5217 12.5589 0
      vertex 66.5865 13.8779 0
      vertex 66.5865 12.1221 0
    endloop
  endfacet
  facet normal 0 0 -1
    outer loop
      vertex 66.5217 12.5589 0
      vertex 66.5217 13.4411 0
      vertex 66.5865 13.8779 0
    endloop
  endfacet
  facet normal 0 -0 -1
    outer loop
      vertex 66.5217 13.4411 0
      vertex 66.5217 12.5589 0
      vertex 66.5 13 0
    endloop
  endfacet
  facet normal 0 0 -1
    outer loop
      vertex 83.6926 71.1214 0
      vertex 80.1275 72.6478 0
      vertex 83.311 72.6446 0
    endloop
  endfacet
  facet normal 0 0 -1
    outer loop
      vertex 83.311 72.6446 0
      vertex 80.1275 72.6478 0
      vertex 82.7821 74.1229 0
    endloop
  endfacet
  facet normal 0 0 -1
    outer loop
      vertex 80.0104 72.9749 0
      vertex 82.7821 74.1229 0
      vertex 80.1275 72.6478 0
    endloop
  endfacet
  facet normal -0 0 -1
    outer loop
      vertex 82.7821 74.1229 0
      vertex 80.0104 72.9749 0
      vertex 82.1107 75.5423 0
    endloop
  endfacet
  facet normal 0 0 -1
    outer loop
      vertex 79.465 74.1282 0
      vertex 82.1107 75.5423 0
      vertex 80.0104 72.9749 0
    endloop
  endfacet
  facet normal 0 0 -1
    outer loop
      vertex 74.7654 68.5396 0
      vertex 80.1275 72.6478 0
      vertex 80.9083 69.4706 0
    endloop
  endfacet
  facet normal 0 0 -1
    outer loop
      vertex 74.7654 68.5396 0
      vertex 74.7654 73.4604 0
      vertex 80.1275 72.6478 0
    endloop
  endfacet
  facet normal 0 0 -1
    outer loop
      vertex 74.4785 68.1452 0
      vertex 74.7654 68.5396 0
      vertex 74.7416 68.4999 0
    endloop
  endfacet
  facet normal -0 0 -1
    outer loop
      vertex 74.7654 68.5396 0
      vertex 74.4785 68.1452 0
      vertex 74.7654 73.4604 0
    endloop
  endfacet
  facet normal 0 0 -1
    outer loop
      vertex 74.4785 73.8548 0
      vertex 74.7654 73.4604 0
      vertex 74.4785 68.1452 0
    endloop
  endfacet
  facet normal 0 0 -1
    outer loop
      vertex 74.7654 73.4604 0
      vertex 74.4785 73.8548 0
      vertex 74.7416 73.5001 0
    endloop
  endfacet
  facet normal 0 0 -1
    outer loop
      vertex 74.182 67.818 0
      vertex 74.4785 73.8548 0
      vertex 74.4785 68.1452 0
    endloop
  endfacet
  facet normal 0 0 -1
    outer loop
      vertex 74.182 67.818 0
      vertex 74.182 74.182 0
      vertex 74.4785 73.8548 0
    endloop
  endfacet
  facet normal 0 0 -1
    outer loop
      vertex 73.8548 67.5215 0
      vertex 74.182 74.182 0
      vertex 74.182 67.818 0
    endloop
  endfacet
  facet normal 0 0 -1
    outer loop
      vertex 73.8548 67.5215 0
      vertex 73.8548 74.4785 0
      vertex 74.182 74.182 0
    endloop
  endfacet
  facet normal 0 0 -1
    outer loop
      vertex 73.5001 67.2584 0
      vertex 73.8548 74.4785 0
      vertex 73.8548 67.5215 0
    endloop
  endfacet
  facet normal 0 0 -1
    outer loop
      vertex 73.4604 74.7654 0
      vertex 73.8548 74.4785 0
      vertex 73.5001 67.2584 0
    endloop
  endfacet
  facet normal 0 0 -1
    outer loop
      vertex 73.8548 74.4785 0
      vertex 73.4604 74.7654 0
      vertex 73.5001 74.7416 0
    endloop
  endfacet
  facet normal 0 0 -1
    outer loop
      vertex 73.1213 67.0314 0
      vertex 73.4604 74.7654 0
      vertex 73.5001 67.2584 0
    endloop
  endfacet
  facet normal 0 0 -1
    outer loop
      vertex 72.7221 66.8425 0
      vertex 73.4604 74.7654 0
      vertex 73.1213 67.0314 0
    endloop
  endfacet
  facet normal 0 0 -1
    outer loop
      vertex 68.5396 74.7654 0
      vertex 73.4604 74.7654 0
      vertex 72.7221 66.8425 0
    endloop
  endfacet
  facet normal 0 0 -1
    outer loop
      vertex 68.5396 74.7654 0
      vertex 72.7221 66.8425 0
      vertex 72.3063 66.6938 0
    endloop
  endfacet
  facet normal 0 0 -1
    outer loop
      vertex 73.4604 74.7654 0
      vertex 68.5396 74.7654 0
      vertex 72.6478 80.1275 0
    endloop
  endfacet
  facet normal 0 0 -1
    outer loop
      vertex 68.5396 74.7654 0
      vertex 72.3063 66.6938 0
      vertex 71.8779 66.5865 0
    endloop
  endfacet
  facet normal 0 0 -1
    outer loop
      vertex 68.5396 74.7654 0
      vertex 71.8779 66.5865 0
      vertex 71.4411 66.5217 0
    endloop
  endfacet
  facet normal 0 -0 -1
    outer loop
      vertex 69.4706 80.9083 0
      vertex 72.6478 80.1275 0
      vertex 68.5396 74.7654 0
    endloop
  endfacet
  facet normal 0 0 -1
    outer loop
      vertex 68.5396 74.7654 0
      vertex 71.4411 66.5217 0
      vertex 71 66.5 0
    endloop
  endfacet
  facet normal 0 0 -1
    outer loop
      vertex 68.5396 74.7654 0
      vertex 71 66.5 0
      vertex 70.5589 66.5217 0
    endloop
  endfacet
  facet normal 0 0 -1
    outer loop
      vertex 68.5396 74.7654 0
      vertex 70.5589 66.5217 0
      vertex 70.1221 66.5865 0
    endloop
  endfacet
  facet normal 0 0 -1
    outer loop
      vertex 68.5396 74.7654 0
      vertex 70.1221 66.5865 0
      vertex 69.6937 66.6938 0
    endloop
  endfacet
  facet normal 0 -0 -1
    outer loop
      vertex 71.1214 83.6926 0
      vertex 72.6478 80.1275 0
      vertex 69.4706 80.9083 0
    endloop
  endfacet
  facet normal -0 0 -1
    outer loop
      vertex 71.1214 83.6926 0
      vertex 69.4706 80.9083 0
      vertex 69.5683 83.923 0
    endloop
  endfacet
  facet normal 0 0 -1
    outer loop
      vertex 68.5396 74.7654 0
      vertex 69.6937 66.6938 0
      vertex 69.2779 66.8425 0
    endloop
  endfacet
  facet normal 0 0 -1
    outer loop
      vertex 68.5396 74.7654 0
      vertex 69.2779 66.8425 0
      vertex 68.8787 67.0314 0
    endloop
  endfacet
  facet normal 0 0 -1
    outer loop
      vertex 72.6478 80.1275 0
      vertex 71.1214 83.6926 0
      vertex 72.6446 83.311 0
    endloop
  endfacet
  facet normal 0 0 -1
    outer loop
      vertex 68.4999 67.2584 0
      vertex 68.5396 74.7654 0
      vertex 68.8787 67.0314 0
    endloop
  endfacet
  facet normal 0 0 -1
    outer loop
      vertex 68.1452 67.5215 0
      vertex 68.5396 74.7654 0
      vertex 68.4999 67.2584 0
    endloop
  endfacet
  facet normal 0 0 -1
    outer loop
      vertex 68.1452 74.4785 0
      vertex 68.5396 74.7654 0
      vertex 68.1452 67.5215 0
    endloop
  endfacet
  facet normal 0 0 -1
    outer loop
      vertex 68.5396 74.7654 0
      vertex 68.1452 74.4785 0
      vertex 68.4999 74.7416 0
    endloop
  endfacet
  facet normal 0 0 -1
    outer loop
      vertex 67.818 67.818 0
      vertex 68.1452 74.4785 0
      vertex 68.1452 67.5215 0
    endloop
  endfacet
  facet normal 0 0 -1
    outer loop
      vertex 67.818 67.818 0
      vertex 67.818 74.182 0
      vertex 68.1452 74.4785 0
    endloop
  endfacet
  facet normal 0 0 -1
    outer loop
      vertex 67.5215 68.1452 0
      vertex 67.818 74.182 0
      vertex 67.818 67.818 0
    endloop
  endfacet
  facet normal 0 0 -1
    outer loop
      vertex 67.5215 68.1452 0
      vertex 67.5215 73.8548 0
      vertex 67.818 74.182 0
    endloop
  endfacet
  facet normal 0 0 -1
    outer loop
      vertex 67.2584 68.4999 0
      vertex 67.5215 73.8548 0
      vertex 67.5215 68.1452 0
    endloop
  endfacet
  facet normal 0 0 -1
    outer loop
      vertex 67.2584 68.4999 0
      vertex 67.2584 73.5001 0
      vertex 67.5215 73.8548 0
    endloop
  endfacet
  facet normal 0 0 -1
    outer loop
      vertex 67.0314 68.8787 0
      vertex 67.2584 73.5001 0
      vertex 67.2584 68.4999 0
    endloop
  endfacet
  facet normal 0 0 -1
    outer loop
      vertex 67.0314 68.8787 0
      vertex 67.0314 73.1213 0
      vertex 67.2584 73.5001 0
    endloop
  endfacet
  facet normal 0 0 -1
    outer loop
      vertex 66.8425 69.2779 0
      vertex 67.0314 73.1213 0
      vertex 67.0314 68.8787 0
    endloop
  endfacet
  facet normal 0 0 -1
    outer loop
      vertex 66.8425 69.2779 0
      vertex 66.8425 72.7221 0
      vertex 67.0314 73.1213 0
    endloop
  endfacet
  facet normal 0 0 -1
    outer loop
      vertex 66.6938 69.6937 0
      vertex 66.8425 72.7221 0
      vertex 66.8425 69.2779 0
    endloop
  endfacet
  facet normal 0 0 -1
    outer loop
      vertex 66.6938 69.6937 0
      vertex 66.6938 72.3063 0
      vertex 66.8425 72.7221 0
    endloop
  endfacet
  facet normal 0 0 -1
    outer loop
      vertex 66.5865 70.1221 0
      vertex 66.6938 72.3063 0
      vertex 66.6938 69.6937 0
    endloop
  endfacet
  facet normal 0 0 -1
    outer loop
      vertex 66.5865 70.1221 0
      vertex 66.5865 71.8779 0
      vertex 66.6938 72.3063 0
    endloop
  endfacet
  facet normal 0 0 -1
    outer loop
      vertex 66.5217 70.5589 0
      vertex 66.5865 71.8779 0
      vertex 66.5865 70.1221 0
    endloop
  endfacet
  facet normal 0 0 -1
    outer loop
      vertex 66.5217 70.5589 0
      vertex 66.5217 71.4411 0
      vertex 66.5865 71.8779 0
    endloop
  endfacet
  facet normal 0 -0 -1
    outer loop
      vertex 66.5217 71.4411 0
      vertex 66.5217 70.5589 0
      vertex 66.5 71 0
    endloop
  endfacet
  facet normal -0 0 -1
    outer loop
      vertex 82.1107 75.5423 0
      vertex 79.465 74.1282 0
      vertex 81.3035 76.8891 0
    endloop
  endfacet
  facet normal 0 0 -1
    outer loop
      vertex 78.8091 75.2224 0
      vertex 81.3035 76.8891 0
      vertex 79.465 74.1282 0
    endloop
  endfacet
  facet normal -0 0 -1
    outer loop
      vertex 81.3035 76.8891 0
      vertex 78.8091 75.2224 0
      vertex 80.3682 78.1503 0
    endloop
  endfacet
  facet normal 0 0 -1
    outer loop
      vertex 78.0491 76.2471 0
      vertex 80.3682 78.1503 0
      vertex 78.8091 75.2224 0
    endloop
  endfacet
  facet normal -0 0 -1
    outer loop
      vertex 80.3682 78.1503 0
      vertex 78.0491 76.2471 0
      vertex 79.3137 79.3137 0
    endloop
  endfacet
  facet normal 0 0 -1
    outer loop
      vertex 77.1924 77.1924 0
      vertex 79.3137 79.3137 0
      vertex 78.0491 76.2471 0
    endloop
  endfacet
  facet normal -0 0 -1
    outer loop
      vertex 79.3137 79.3137 0
      vertex 77.1924 77.1924 0
      vertex 78.1503 80.3682 0
    endloop
  endfacet
  facet normal 0 0 -1
    outer loop
      vertex 76.2471 78.0491 0
      vertex 78.1503 80.3682 0
      vertex 77.1924 77.1924 0
    endloop
  endfacet
  facet normal -0 0 -1
    outer loop
      vertex 78.1503 80.3682 0
      vertex 76.2471 78.0491 0
      vertex 76.8891 81.3035 0
    endloop
  endfacet
  facet normal 0 0 -1
    outer loop
      vertex 75.2224 78.8091 0
      vertex 76.8891 81.3035 0
      vertex 76.2471 78.0491 0
    endloop
  endfacet
  facet normal -0 0 -1
    outer loop
      vertex 76.8891 81.3035 0
      vertex 75.2224 78.8091 0
      vertex 75.5423 82.1107 0
    endloop
  endfacet
  facet normal 0 0 -1
    outer loop
      vertex 74.1282 79.465 0
      vertex 75.5423 82.1107 0
      vertex 75.2224 78.8091 0
    endloop
  endfacet
  facet normal 0 0 -1
    outer loop
      vertex 74.1282 79.465 0
      vertex 74.1229 82.7821 0
      vertex 75.5423 82.1107 0
    endloop
  endfacet
  facet normal 0 0 -1
    outer loop
      vertex 72.9749 80.0104 0
      vertex 74.1229 82.7821 0
      vertex 74.1282 79.465 0
    endloop
  endfacet
  facet normal 0 0 -1
    outer loop
      vertex 72.6478 80.1275 0
      vertex 74.1229 82.7821 0
      vertex 72.9749 80.0104 0
    endloop
  endfacet
  facet normal -0 0 -1
    outer loop
      vertex 74.1229 82.7821 0
      vertex 72.6478 80.1275 0
      vertex 72.6446 83.311 0
    endloop
  endfacet
  facet normal 0.970023 -0.243015 0
    outer loop
      vertex 83.311 11.3554 78
      vertex 83.6926 12.8786 0
      vertex 83.6926 12.8786 78
    endloop
  endfacet
  facet normal 0.970023 -0.243015 0
    outer loop
      vertex 83.6926 12.8786 0
      vertex 83.311 11.3554 78
      vertex 83.311 11.3554 0
    endloop
  endfacet
  facet normal 0.243015 0.970023 -0
    outer loop
      vertex 72.6446 83.311 0
      vertex 71.1214 83.6926 78
      vertex 72.6446 83.311 78
    endloop
  endfacet
  facet normal 0.243015 0.970023 0
    outer loop
      vertex 71.1214 83.6926 78
      vertex 72.6446 83.311 0
      vertex 71.1214 83.6926 0
    endloop
  endfacet
  facet normal -0.998796 0.0490663 0
    outer loop
      vertex 0 68 0
      vertex 0.0770435 69.5683 78
      vertex 0.0770435 69.5683 0
    endloop
  endfacet
  facet normal -0.998796 0.0490663 0
    outer loop
      vertex 0.0770435 69.5683 78
      vertex 0 68 0
      vertex 0 68 78
    endloop
  endfacet
  facet normal 0.740933 0.671578 0
    outer loop
      vertex 80.3682 78.1503 78
      vertex 79.3137 79.3137 0
      vertex 79.3137 79.3137 78
    endloop
  endfacet
  facet normal 0.740933 0.671578 0
    outer loop
      vertex 79.3137 79.3137 0
      vertex 80.3682 78.1503 78
      vertex 80.3682 78.1503 0
    endloop
  endfacet
  facet normal 0.998797 -0.0490387 0
    outer loop
      vertex 83.923 14.4317 78
      vertex 84 16 0
      vertex 84 16 78
    endloop
  endfacet
  facet normal 0.998797 -0.0490387 0
    outer loop
      vertex 84 16 0
      vertex 83.923 14.4317 78
      vertex 83.923 14.4317 0
    endloop
  endfacet
  facet normal 0 -1 0
    outer loop
      vertex 16 0 0
      vertex 68 0 78
      vertex 16 0 78
    endloop
  endfacet
  facet normal 0 -1 -0
    outer loop
      vertex 68 0 78
      vertex 16 0 0
      vertex 68 0 0
    endloop
  endfacet
  facet normal -0.243015 0.970023 0
    outer loop
      vertex 12.8786 83.6926 0
      vertex 11.3554 83.311 78
      vertex 12.8786 83.6926 78
    endloop
  endfacet
  facet normal -0.243015 0.970023 0
    outer loop
      vertex 11.3554 83.311 78
      vertex 12.8786 83.6926 0
      vertex 11.3554 83.311 0
    endloop
  endfacet
  facet normal -0.941538 0.336908 0
    outer loop
      vertex 0.688954 72.6446 0
      vertex 1.21793 74.1229 78
      vertex 1.21793 74.1229 0
    endloop
  endfacet
  facet normal -0.941538 0.336908 0
    outer loop
      vertex 1.21793 74.1229 78
      vertex 0.688954 72.6446 0
      vertex 0.688954 72.6446 78
    endloop
  endfacet
  facet normal -0.0490663 -0.998796 0
    outer loop
      vertex 14.4317 0.0770435 0
      vertex 16 0 78
      vertex 14.4317 0.0770435 78
    endloop
  endfacet
  facet normal -0.0490663 -0.998796 -0
    outer loop
      vertex 16 0 78
      vertex 14.4317 0.0770435 0
      vertex 16 0 0
    endloop
  endfacet
  facet normal 0.146737 -0.989176 0
    outer loop
      vertex 69.5683 0.0770435 0
      vertex 71.1214 0.307435 78
      vertex 69.5683 0.0770435 78
    endloop
  endfacet
  facet normal 0.146737 -0.989176 0
    outer loop
      vertex 71.1214 0.307435 78
      vertex 69.5683 0.0770435 0
      vertex 71.1214 0.307435 0
    endloop
  endfacet
  facet normal -0.903988 0.427557 0
    outer loop
      vertex 1.21793 74.1229 0
      vertex 1.88926 75.5423 78
      vertex 1.88926 75.5423 0
    endloop
  endfacet
  facet normal -0.903988 0.427557 0
    outer loop
      vertex 1.88926 75.5423 78
      vertex 1.21793 74.1229 0
      vertex 1.21793 74.1229 78
    endloop
  endfacet
  facet normal -0.146743 0.989175 0
    outer loop
      vertex 14.4317 83.923 0
      vertex 12.8786 83.6926 78
      vertex 14.4317 83.923 78
    endloop
  endfacet
  facet normal -0.146743 0.989175 0
    outer loop
      vertex 12.8786 83.6926 78
      vertex 14.4317 83.923 0
      vertex 12.8786 83.6926 0
    endloop
  endfacet
  facet normal 0.0490663 -0.998796 0
    outer loop
      vertex 68 0 0
      vertex 69.5683 0.0770435 78
      vertex 68 0 78
    endloop
  endfacet
  facet normal 0.0490663 -0.998796 0
    outer loop
      vertex 69.5683 0.0770435 78
      vertex 68 0 0
      vertex 69.5683 0.0770435 0
    endloop
  endfacet
  facet normal -0.857732 0.514098 0
    outer loop
      vertex 1.88926 75.5423 0
      vertex 2.69649 76.8891 78
      vertex 2.69649 76.8891 0
    endloop
  endfacet
  facet normal -0.857732 0.514098 0
    outer loop
      vertex 2.69649 76.8891 78
      vertex 1.88926 75.5423 0
      vertex 1.88926 75.5423 78
    endloop
  endfacet
  facet normal 0.998797 0.0490387 0
    outer loop
      vertex 84 68 78
      vertex 83.923 69.5683 0
      vertex 83.923 69.5683 78
    endloop
  endfacet
  facet normal 0.998797 0.0490387 0
    outer loop
      vertex 83.923 69.5683 0
      vertex 84 68 78
      vertex 84 68 0
    endloop
  endfacet
  facet normal -0.857727 -0.514106 0
    outer loop
      vertex 2.69649 7.11088 0
      vertex 1.88926 8.45765 78
      vertex 1.88926 8.45765 0
    endloop
  endfacet
  facet normal -0.857727 -0.514106 0
    outer loop
      vertex 1.88926 8.45765 78
      vertex 2.69649 7.11088 0
      vertex 2.69649 7.11088 78
    endloop
  endfacet
  facet normal -0.740946 0.671564 0
    outer loop
      vertex 3.63183 78.1503 0
      vertex 4.68629 79.3137 78
      vertex 4.68629 79.3137 0
    endloop
  endfacet
  facet normal -0.740946 0.671564 0
    outer loop
      vertex 4.68629 79.3137 78
      vertex 3.63183 78.1503 0
      vertex 3.63183 78.1503 78
    endloop
  endfacet
  facet normal -1 0 0
    outer loop
      vertex 0 16 0
      vertex 0 68 78
      vertex 0 68 0
    endloop
  endfacet
  facet normal -1 -0 0
    outer loop
      vertex 0 68 78
      vertex 0 16 0
      vertex 0 16 78
    endloop
  endfacet
  facet normal -0.427555 -0.90399 0
    outer loop
      vertex 8.45765 1.88926 0
      vertex 9.87706 1.21793 78
      vertex 8.45765 1.88926 78
    endloop
  endfacet
  facet normal -0.427555 -0.90399 -0
    outer loop
      vertex 9.87706 1.21793 78
      vertex 8.45765 1.88926 0
      vertex 9.87706 1.21793 0
    endloop
  endfacet
  facet normal 0.803222 -0.59568 0
    outer loop
      vertex 80.3682 5.84971 78
      vertex 81.3035 7.11088 0
      vertex 81.3035 7.11088 78
    endloop
  endfacet
  facet normal 0.803222 -0.59568 0
    outer loop
      vertex 81.3035 7.11088 0
      vertex 80.3682 5.84971 78
      vertex 80.3682 5.84971 0
    endloop
  endfacet
  facet normal 0.85774 0.514084 0
    outer loop
      vertex 82.1107 75.5423 78
      vertex 81.3035 76.8891 0
      vertex 81.3035 76.8891 78
    endloop
  endfacet
  facet normal 0.85774 0.514084 0
    outer loop
      vertex 81.3035 76.8891 0
      vertex 82.1107 75.5423 78
      vertex 82.1107 75.5423 0
    endloop
  endfacet
  facet normal -0.595696 -0.80321 0
    outer loop
      vertex 5.84971 3.63183 0
      vertex 7.11088 2.69649 78
      vertex 5.84971 3.63183 78
    endloop
  endfacet
  facet normal -0.595696 -0.80321 -0
    outer loop
      vertex 7.11088 2.69649 78
      vertex 5.84971 3.63183 0
      vertex 7.11088 2.69649 0
    endloop
  endfacet
  facet normal -0.989176 0.146737 0
    outer loop
      vertex 0.0770435 69.5683 0
      vertex 0.307435 71.1214 78
      vertex 0.307435 71.1214 0
    endloop
  endfacet
  facet normal -0.989176 0.146737 0
    outer loop
      vertex 0.307435 71.1214 78
      vertex 0.0770435 69.5683 0
      vertex 0.0770435 69.5683 78
    endloop
  endfacet
  facet normal 0.514084 0.85774 -0
    outer loop
      vertex 76.8891 81.3035 0
      vertex 75.5423 82.1107 78
      vertex 76.8891 81.3035 78
    endloop
  endfacet
  facet normal 0.514084 0.85774 0
    outer loop
      vertex 75.5423 82.1107 78
      vertex 76.8891 81.3035 0
      vertex 75.5423 82.1107 0
    endloop
  endfacet
  facet normal -0.336857 0.941556 0
    outer loop
      vertex 11.3554 83.311 0
      vertex 9.87706 82.7821 78
      vertex 11.3554 83.311 78
    endloop
  endfacet
  facet normal -0.336857 0.941556 0
    outer loop
      vertex 9.87706 82.7821 78
      vertex 11.3554 83.311 0
      vertex 9.87706 82.7821 0
    endloop
  endfacet
  facet normal 0.595671 0.803229 -0
    outer loop
      vertex 78.1503 80.3682 0
      vertex 76.8891 81.3035 78
      vertex 78.1503 80.3682 78
    endloop
  endfacet
  facet normal 0.595671 0.803229 0
    outer loop
      vertex 76.8891 81.3035 78
      vertex 78.1503 80.3682 0
      vertex 76.8891 81.3035 0
    endloop
  endfacet
  facet normal 0.941553 0.336865 0
    outer loop
      vertex 83.311 72.6446 78
      vertex 82.7821 74.1229 0
      vertex 82.7821 74.1229 78
    endloop
  endfacet
  facet normal 0.941553 0.336865 0
    outer loop
      vertex 82.7821 74.1229 0
      vertex 83.311 72.6446 78
      vertex 83.311 72.6446 0
    endloop
  endfacet
  facet normal -0.970035 0.242967 0
    outer loop
      vertex 0.307435 71.1214 0
      vertex 0.688954 72.6446 78
      vertex 0.688954 72.6446 0
    endloop
  endfacet
  facet normal -0.970035 0.242967 0
    outer loop
      vertex 0.688954 72.6446 78
      vertex 0.307435 71.1214 0
      vertex 0.307435 71.1214 78
    endloop
  endfacet
  facet normal 0.903972 -0.427591 0
    outer loop
      vertex 82.1107 8.45765 78
      vertex 82.7821 9.87706 0
      vertex 82.7821 9.87706 78
    endloop
  endfacet
  facet normal 0.903972 -0.427591 0
    outer loop
      vertex 82.7821 9.87706 0
      vertex 82.1107 8.45765 78
      vertex 82.1107 8.45765 0
    endloop
  endfacet
  facet normal 0.671564 -0.740946 0
    outer loop
      vertex 78.1503 3.63183 0
      vertex 79.3137 4.68629 78
      vertex 78.1503 3.63183 78
    endloop
  endfacet
  facet normal 0.671564 -0.740946 0
    outer loop
      vertex 79.3137 4.68629 78
      vertex 78.1503 3.63183 0
      vertex 79.3137 4.68629 0
    endloop
  endfacet
  facet normal 0.242967 -0.970035 0
    outer loop
      vertex 71.1214 0.307435 0
      vertex 72.6446 0.688954 78
      vertex 71.1214 0.307435 78
    endloop
  endfacet
  facet normal 0.242967 -0.970035 0
    outer loop
      vertex 72.6446 0.688954 78
      vertex 71.1214 0.307435 0
      vertex 72.6446 0.688954 0
    endloop
  endfacet
  facet normal -0.803217 0.595687 0
    outer loop
      vertex 2.69649 76.8891 0
      vertex 3.63183 78.1503 78
      vertex 3.63183 78.1503 0
    endloop
  endfacet
  facet normal -0.803217 0.595687 0
    outer loop
      vertex 3.63183 78.1503 78
      vertex 2.69649 76.8891 0
      vertex 2.69649 76.8891 78
    endloop
  endfacet
  facet normal 1 -0 0
    outer loop
      vertex 84 16 78
      vertex 84 68 0
      vertex 84 68 78
    endloop
  endfacet
  facet normal 1 0 0
    outer loop
      vertex 84 68 0
      vertex 84 16 78
      vertex 84 16 0
    endloop
  endfacet
  facet normal 0.970023 0.243015 0
    outer loop
      vertex 83.6926 71.1214 78
      vertex 83.311 72.6446 0
      vertex 83.311 72.6446 78
    endloop
  endfacet
  facet normal 0.970023 0.243015 0
    outer loop
      vertex 83.311 72.6446 0
      vertex 83.6926 71.1214 78
      vertex 83.6926 71.1214 0
    endloop
  endfacet
  facet normal 0 1 0
    outer loop
      vertex 68 84 78
      vertex 67 84 16
      vertex 16 84 78
    endloop
  endfacet
  facet normal 0 1 -0
    outer loop
      vertex 68 84 0
      vertex 67 84 16
      vertex 68 84 78
    endloop
  endfacet
  facet normal 0 1 0
    outer loop
      vertex 67 84 4
      vertex 68 84 0
      vertex 17 84 4
    endloop
  endfacet
  facet normal 0 1 0
    outer loop
      vertex 67 84 16
      vertex 68 84 0
      vertex 67 84 4
    endloop
  endfacet
  facet normal 0 1 -0
    outer loop
      vertex 17 84 16
      vertex 16 84 78
      vertex 67 84 16
    endloop
  endfacet
  facet normal 0 1 0
    outer loop
      vertex 16 84 0
      vertex 17 84 16
      vertex 17 84 4
    endloop
  endfacet
  facet normal 0 1 0
    outer loop
      vertex 17 84 16
      vertex 16 84 0
      vertex 16 84 78
    endloop
  endfacet
  facet normal 0 1 0
    outer loop
      vertex 16 84 0
      vertex 17 84 4
      vertex 68 84 0
    endloop
  endfacet
  facet normal -0.514092 0.857735 0
    outer loop
      vertex 8.45765 82.1107 0
      vertex 7.11088 81.3035 78
      vertex 8.45765 82.1107 78
    endloop
  endfacet
  facet normal -0.514092 0.857735 0
    outer loop
      vertex 7.11088 81.3035 78
      vertex 8.45765 82.1107 0
      vertex 7.11088 81.3035 0
    endloop
  endfacet
  facet normal 0.903971 0.427594 0
    outer loop
      vertex 82.7821 74.1229 78
      vertex 82.1107 75.5423 0
      vertex 82.1107 75.5423 78
    endloop
  endfacet
  facet normal 0.903971 0.427594 0
    outer loop
      vertex 82.1107 75.5423 0
      vertex 82.7821 74.1229 78
      vertex 82.7821 74.1229 0
    endloop
  endfacet
  facet normal 0.989175 -0.146743 0
    outer loop
      vertex 83.6926 12.8786 78
      vertex 83.923 14.4317 0
      vertex 83.923 14.4317 78
    endloop
  endfacet
  facet normal 0.989175 -0.146743 0
    outer loop
      vertex 83.923 14.4317 0
      vertex 83.6926 12.8786 78
      vertex 83.6926 12.8786 0
    endloop
  endfacet
  facet normal -0.514106 -0.857727 0
    outer loop
      vertex 7.11088 2.69649 0
      vertex 8.45765 1.88926 78
      vertex 7.11088 2.69649 78
    endloop
  endfacet
  facet normal -0.514106 -0.857727 -0
    outer loop
      vertex 8.45765 1.88926 78
      vertex 7.11088 2.69649 0
      vertex 8.45765 1.88926 0
    endloop
  endfacet
  facet normal 0.740939 -0.671572 0
    outer loop
      vertex 79.3137 4.68629 78
      vertex 80.3682 5.84971 0
      vertex 80.3682 5.84971 78
    endloop
  endfacet
  facet normal 0.740939 -0.671572 0
    outer loop
      vertex 80.3682 5.84971 0
      vertex 79.3137 4.68629 78
      vertex 79.3137 4.68629 0
    endloop
  endfacet
  facet normal 0.595687 -0.803217 0
    outer loop
      vertex 76.8891 2.69649 0
      vertex 78.1503 3.63183 78
      vertex 76.8891 2.69649 78
    endloop
  endfacet
  facet normal 0.595687 -0.803217 0
    outer loop
      vertex 78.1503 3.63183 78
      vertex 76.8891 2.69649 0
      vertex 78.1503 3.63183 0
    endloop
  endfacet
  facet normal -0.59568 0.803222 0
    outer loop
      vertex 7.11088 81.3035 0
      vertex 5.84971 80.3682 78
      vertex 7.11088 81.3035 78
    endloop
  endfacet
  facet normal -0.59568 0.803222 0
    outer loop
      vertex 5.84971 80.3682 78
      vertex 7.11088 81.3035 0
      vertex 5.84971 80.3682 0
    endloop
  endfacet
  facet normal -0.671572 0.740939 0
    outer loop
      vertex 5.84971 80.3682 0
      vertex 4.68629 79.3137 78
      vertex 5.84971 80.3682 78
    endloop
  endfacet
  facet normal -0.671572 0.740939 0
    outer loop
      vertex 4.68629 79.3137 78
      vertex 5.84971 80.3682 0
      vertex 4.68629 79.3137 0
    endloop
  endfacet
  facet normal -0.80321 -0.595696 0
    outer loop
      vertex 3.63183 5.84971 0
      vertex 2.69649 7.11088 78
      vertex 2.69649 7.11088 0
    endloop
  endfacet
  facet normal -0.80321 -0.595696 0
    outer loop
      vertex 2.69649 7.11088 78
      vertex 3.63183 5.84971 0
      vertex 3.63183 5.84971 78
    endloop
  endfacet
  facet normal -0.146737 -0.989176 0
    outer loop
      vertex 12.8786 0.307435 0
      vertex 14.4317 0.0770435 78
      vertex 12.8786 0.307435 78
    endloop
  endfacet
  facet normal -0.146737 -0.989176 -0
    outer loop
      vertex 14.4317 0.0770435 78
      vertex 12.8786 0.307435 0
      vertex 14.4317 0.0770435 0
    endloop
  endfacet
  facet normal -0.740952 -0.671558 0
    outer loop
      vertex 4.68629 4.68629 0
      vertex 3.63183 5.84971 78
      vertex 3.63183 5.84971 0
    endloop
  endfacet
  facet normal -0.740952 -0.671558 0
    outer loop
      vertex 3.63183 5.84971 78
      vertex 4.68629 4.68629 0
      vertex 4.68629 4.68629 78
    endloop
  endfacet
  facet normal -0.90399 -0.427555 0
    outer loop
      vertex 1.88926 8.45765 0
      vertex 1.21793 9.87706 78
      vertex 1.21793 9.87706 0
    endloop
  endfacet
  facet normal -0.90399 -0.427555 0
    outer loop
      vertex 1.21793 9.87706 78
      vertex 1.88926 8.45765 0
      vertex 1.88926 8.45765 78
    endloop
  endfacet
  facet normal -0.671558 -0.740952 0
    outer loop
      vertex 4.68629 4.68629 0
      vertex 5.84971 3.63183 78
      vertex 4.68629 4.68629 78
    endloop
  endfacet
  facet normal -0.671558 -0.740952 -0
    outer loop
      vertex 5.84971 3.63183 78
      vertex 4.68629 4.68629 0
      vertex 5.84971 3.63183 0
    endloop
  endfacet
  facet normal 0.803229 0.595671 0
    outer loop
      vertex 81.3035 76.8891 78
      vertex 80.3682 78.1503 0
      vertex 80.3682 78.1503 78
    endloop
  endfacet
  facet normal 0.803229 0.595671 0
    outer loop
      vertex 80.3682 78.1503 0
      vertex 81.3035 76.8891 78
      vertex 81.3035 76.8891 0
    endloop
  endfacet
  facet normal 0.671578 0.740933 -0
    outer loop
      vertex 79.3137 79.3137 0
      vertex 78.1503 80.3682 78
      vertex 79.3137 79.3137 78
    endloop
  endfacet
  facet normal 0.671578 0.740933 0
    outer loop
      vertex 78.1503 80.3682 78
      vertex 79.3137 79.3137 0
      vertex 78.1503 80.3682 0
    endloop
  endfacet
  facet normal 0.336865 0.941553 -0
    outer loop
      vertex 74.1229 82.7821 0
      vertex 72.6446 83.311 78
      vertex 74.1229 82.7821 78
    endloop
  endfacet
  facet normal 0.336865 0.941553 0
    outer loop
      vertex 72.6446 83.311 78
      vertex 74.1229 82.7821 0
      vertex 72.6446 83.311 0
    endloop
  endfacet
  facet normal 0.941556 -0.336857 0
    outer loop
      vertex 82.7821 9.87706 78
      vertex 83.311 11.3554 0
      vertex 83.311 11.3554 78
    endloop
  endfacet
  facet normal 0.941556 -0.336857 0
    outer loop
      vertex 83.311 11.3554 0
      vertex 82.7821 9.87706 78
      vertex 82.7821 9.87706 0
    endloop
  endfacet
  facet normal 0.146743 0.989175 -0
    outer loop
      vertex 71.1214 83.6926 0
      vertex 69.5683 83.923 78
      vertex 71.1214 83.6926 78
    endloop
  endfacet
  facet normal 0.146743 0.989175 0
    outer loop
      vertex 69.5683 83.923 78
      vertex 71.1214 83.6926 0
      vertex 69.5683 83.923 0
    endloop
  endfacet
  facet normal -0.3369 -0.941541 0
    outer loop
      vertex 9.87706 1.21793 0
      vertex 11.3554 0.688954 78
      vertex 9.87706 1.21793 78
    endloop
  endfacet
  facet normal -0.3369 -0.941541 -0
    outer loop
      vertex 11.3554 0.688954 78
      vertex 9.87706 1.21793 0
      vertex 11.3554 0.688954 0
    endloop
  endfacet
  facet normal -0.242967 -0.970035 0
    outer loop
      vertex 11.3554 0.688954 0
      vertex 12.8786 0.307435 78
      vertex 11.3554 0.688954 78
    endloop
  endfacet
  facet normal -0.242967 -0.970035 -0
    outer loop
      vertex 12.8786 0.307435 78
      vertex 11.3554 0.688954 0
      vertex 12.8786 0.307435 0
    endloop
  endfacet
  facet normal 0.989175 0.146743 0
    outer loop
      vertex 83.923 69.5683 78
      vertex 83.6926 71.1214 0
      vertex 83.6926 71.1214 78
    endloop
  endfacet
  facet normal 0.989175 0.146743 0
    outer loop
      vertex 83.6926 71.1214 0
      vertex 83.923 69.5683 78
      vertex 83.923 69.5683 0
    endloop
  endfacet
  facet normal -0.941541 -0.3369 0
    outer loop
      vertex 1.21793 9.87706 0
      vertex 0.688954 11.3554 78
      vertex 0.688954 11.3554 0
    endloop
  endfacet
  facet normal -0.941541 -0.3369 0
    outer loop
      vertex 0.688954 11.3554 78
      vertex 1.21793 9.87706 0
      vertex 1.21793 9.87706 78
    endloop
  endfacet
  facet normal 0.427594 0.903971 -0
    outer loop
      vertex 75.5423 82.1107 0
      vertex 74.1229 82.7821 78
      vertex 75.5423 82.1107 78
    endloop
  endfacet
  facet normal 0.427594 0.903971 0
    outer loop
      vertex 74.1229 82.7821 78
      vertex 75.5423 82.1107 0
      vertex 74.1229 82.7821 0
    endloop
  endfacet
  facet normal 0 0 1
    outer loop
      vertex 69.5683 83.923 78
      vertex 69.2742 80.9374 78
      vertex 69.4706 80.9083 78
    endloop
  endfacet
  facet normal 0 0 1
    outer loop
      vertex 68 84 78
      vertex 69.2742 80.9374 78
      vertex 69.5683 83.923 78
    endloop
  endfacet
  facet normal 0 0 1
    outer loop
      vertex 68 84 78
      vertex 68 81 78
      vertex 69.2742 80.9374 78
    endloop
  endfacet
  facet normal -0 0 1
    outer loop
      vertex 16 84 78
      vertex 68 81 78
      vertex 68 84 78
    endloop
  endfacet
  facet normal 0 0 1
    outer loop
      vertex 16 84 78
      vertex 16 81 78
      vertex 68 81 78
    endloop
  endfacet
  facet normal 0 0 1
    outer loop
      vertex 16 84 78
      vertex 14.7258 80.9374 78
      vertex 16 81 78
    endloop
  endfacet
  facet normal -0 0 1
    outer loop
      vertex 14.4317 83.923 78
      vertex 14.7258 80.9374 78
      vertex 16 84 78
    endloop
  endfacet
  facet normal 0 0 1
    outer loop
      vertex 14.7258 80.9374 78
      vertex 14.4317 83.923 78
      vertex 14.5294 80.9083 78
    endloop
  endfacet
  facet normal -0 0 1
    outer loop
      vertex 69.2742 3.0626 78
      vertex 69.5683 0.0770435 78
      vertex 69.4706 3.09172 78
    endloop
  endfacet
  facet normal -0 0 1
    outer loop
      vertex 68 3 78
      vertex 69.5683 0.0770435 78
      vertex 69.2742 3.0626 78
    endloop
  endfacet
  facet normal 0 0 1
    outer loop
      vertex 68 3 78
      vertex 68 0 78
      vertex 69.5683 0.0770435 78
    endloop
  endfacet
  facet normal -0 0 1
    outer loop
      vertex 16 3 78
      vertex 68 0 78
      vertex 68 3 78
    endloop
  endfacet
  facet normal 0 0 1
    outer loop
      vertex 16 3 78
      vertex 16 0 78
      vertex 68 0 78
    endloop
  endfacet
  facet normal 0 0 1
    outer loop
      vertex 14.7258 3.0626 78
      vertex 16 0 78
      vertex 16 3 78
    endloop
  endfacet
  facet normal 0 0 1
    outer loop
      vertex 14.4317 0.0770435 78
      vertex 14.7258 3.0626 78
      vertex 14.5294 3.09172 78
    endloop
  endfacet
  facet normal 0 0 1
    outer loop
      vertex 14.7258 3.0626 78
      vertex 14.4317 0.0770435 78
      vertex 16 0 78
    endloop
  endfacet
  facet normal 0 0 1
    outer loop
      vertex 17.4783 71.4411 78
      vertex 17.4783 70.5589 78
      vertex 17.5 71 78
    endloop
  endfacet
  facet normal 0 0 1
    outer loop
      vertex 17.4135 71.8779 78
      vertex 17.4783 70.5589 78
      vertex 17.4783 71.4411 78
    endloop
  endfacet
  facet normal 0 0 1
    outer loop
      vertex 17.4135 71.8779 78
      vertex 17.4135 70.1221 78
      vertex 17.4783 70.5589 78
    endloop
  endfacet
  facet normal 0 0 1
    outer loop
      vertex 17.3062 72.3063 78
      vertex 17.4135 70.1221 78
      vertex 17.4135 71.8779 78
    endloop
  endfacet
  facet normal 0 0 1
    outer loop
      vertex 17.3062 72.3063 78
      vertex 17.3062 69.6937 78
      vertex 17.4135 70.1221 78
    endloop
  endfacet
  facet normal 0 0 1
    outer loop
      vertex 17.1575 72.7221 78
      vertex 17.3062 69.6937 78
      vertex 17.3062 72.3063 78
    endloop
  endfacet
  facet normal 0 0 1
    outer loop
      vertex 17.1575 72.7221 78
      vertex 17.1575 69.2779 78
      vertex 17.3062 69.6937 78
    endloop
  endfacet
  facet normal 0 0 1
    outer loop
      vertex 16.9686 73.1213 78
      vertex 17.1575 69.2779 78
      vertex 17.1575 72.7221 78
    endloop
  endfacet
  facet normal 0 0 1
    outer loop
      vertex 16.9686 73.1213 78
      vertex 16.9686 68.8787 78
      vertex 17.1575 69.2779 78
    endloop
  endfacet
  facet normal 0 0 1
    outer loop
      vertex 16.7416 73.5001 78
      vertex 16.9686 68.8787 78
      vertex 16.9686 73.1213 78
    endloop
  endfacet
  facet normal 0 0 1
    outer loop
      vertex 16.7416 73.5001 78
      vertex 16.7416 68.4999 78
      vertex 16.9686 68.8787 78
    endloop
  endfacet
  facet normal 0 0 1
    outer loop
      vertex 16.4785 73.8548 78
      vertex 16.7416 68.4999 78
      vertex 16.7416 73.5001 78
    endloop
  endfacet
  facet normal 0 0 1
    outer loop
      vertex 16.4785 73.8548 78
      vertex 16.4785 68.1452 78
      vertex 16.7416 68.4999 78
    endloop
  endfacet
  facet normal 0 0 1
    outer loop
      vertex 16.182 74.182 78
      vertex 16.4785 68.1452 78
      vertex 16.4785 73.8548 78
    endloop
  endfacet
  facet normal 0 0 1
    outer loop
      vertex 16.182 74.182 78
      vertex 16.182 67.818 78
      vertex 16.4785 68.1452 78
    endloop
  endfacet
  facet normal 0 0 1
    outer loop
      vertex 15.8548 74.4785 78
      vertex 16.182 67.818 78
      vertex 16.182 74.182 78
    endloop
  endfacet
  facet normal 0 0 1
    outer loop
      vertex 15.8548 74.4785 78
      vertex 15.8548 67.5215 78
      vertex 16.182 67.818 78
    endloop
  endfacet
  facet normal 0 0 1
    outer loop
      vertex 15.4604 74.7654 78
      vertex 15.8548 74.4785 78
      vertex 15.5001 74.7416 78
    endloop
  endfacet
  facet normal 0 0 1
    outer loop
      vertex 15.8548 74.4785 78
      vertex 15.4604 74.7654 78
      vertex 15.8548 67.5215 78
    endloop
  endfacet
  facet normal 0 0 1
    outer loop
      vertex 15.8548 67.5215 78
      vertex 15.4604 74.7654 78
      vertex 15.5001 67.2584 78
    endloop
  endfacet
  facet normal 0 0 1
    outer loop
      vertex 15.4604 74.7654 78
      vertex 15.1213 67.0314 78
      vertex 15.5001 67.2584 78
    endloop
  endfacet
  facet normal 0 0 1
    outer loop
      vertex 15.4604 74.7654 78
      vertex 14.7221 66.8425 78
      vertex 15.1213 67.0314 78
    endloop
  endfacet
  facet normal -0 0 1
    outer loop
      vertex 11.3522 80.1275 78
      vertex 15.4604 74.7654 78
      vertex 14.5294 80.9083 78
    endloop
  endfacet
  facet normal -0 0 1
    outer loop
      vertex 12.8786 83.6926 78
      vertex 14.5294 80.9083 78
      vertex 14.4317 83.923 78
    endloop
  endfacet
  facet normal 0 0 1
    outer loop
      vertex 15.4604 74.7654 78
      vertex 10.5396 74.7654 78
      vertex 14.7221 66.8425 78
    endloop
  endfacet
  facet normal 0 0 1
    outer loop
      vertex 14.7221 66.8425 78
      vertex 10.5396 74.7654 78
      vertex 14.3063 66.6938 78
    endloop
  endfacet
  facet normal 0 0 1
    outer loop
      vertex 14.3063 66.6938 78
      vertex 10.5396 74.7654 78
      vertex 13.8779 66.5865 78
    endloop
  endfacet
  facet normal 0 0 1
    outer loop
      vertex 13.8779 66.5865 78
      vertex 10.5396 74.7654 78
      vertex 13.4411 66.5217 78
    endloop
  endfacet
  facet normal 0 0 1
    outer loop
      vertex 14.5294 80.9083 78
      vertex 12.8786 83.6926 78
      vertex 11.3522 80.1275 78
    endloop
  endfacet
  facet normal 0 0 1
    outer loop
      vertex 15.4604 74.7654 78
      vertex 11.3522 80.1275 78
      vertex 10.5396 74.7654 78
    endloop
  endfacet
  facet normal 0 0 1
    outer loop
      vertex 13 66.5 78
      vertex 10.5396 74.7654 78
      vertex 12.5589 66.5217 78
    endloop
  endfacet
  facet normal 0 0 1
    outer loop
      vertex 12.5589 66.5217 78
      vertex 10.5396 74.7654 78
      vertex 12.1221 66.5865 78
    endloop
  endfacet
  facet normal 0 0 1
    outer loop
      vertex 11.3522 80.1275 78
      vertex 12.8786 83.6926 78
      vertex 11.3554 83.311 78
    endloop
  endfacet
  facet normal 0 0 1
    outer loop
      vertex 13.4411 66.5217 78
      vertex 10.5396 74.7654 78
      vertex 13 66.5 78
    endloop
  endfacet
  facet normal 0 0 1
    outer loop
      vertex 12.1221 66.5865 78
      vertex 10.5396 74.7654 78
      vertex 11.6937 66.6938 78
    endloop
  endfacet
  facet normal 0 0 1
    outer loop
      vertex 11.6937 66.6938 78
      vertex 10.5396 74.7654 78
      vertex 11.2779 66.8425 78
    endloop
  endfacet
  facet normal 0 0 1
    outer loop
      vertex 11.2779 66.8425 78
      vertex 10.5396 74.7654 78
      vertex 10.8787 67.0314 78
    endloop
  endfacet
  facet normal 0 0 1
    outer loop
      vertex 10.1452 74.4785 78
      vertex 10.5396 74.7654 78
      vertex 10.4999 74.7416 78
    endloop
  endfacet
  facet normal 0 0 1
    outer loop
      vertex 10.5396 74.7654 78
      vertex 10.4999 67.2584 78
      vertex 10.8787 67.0314 78
    endloop
  endfacet
  facet normal 0 0 1
    outer loop
      vertex 10.5396 74.7654 78
      vertex 10.1452 74.4785 78
      vertex 10.4999 67.2584 78
    endloop
  endfacet
  facet normal 0 0 1
    outer loop
      vertex 10.1452 74.4785 78
      vertex 10.1452 67.5215 78
      vertex 10.4999 67.2584 78
    endloop
  endfacet
  facet normal -0 0 1
    outer loop
      vertex 9.81802 74.182 78
      vertex 10.1452 67.5215 78
      vertex 10.1452 74.4785 78
    endloop
  endfacet
  facet normal 0 0 1
    outer loop
      vertex 9.81802 74.182 78
      vertex 9.81802 67.818 78
      vertex 10.1452 67.5215 78
    endloop
  endfacet
  facet normal -0 0 1
    outer loop
      vertex 9.52145 73.8548 78
      vertex 9.81802 67.818 78
      vertex 9.81802 74.182 78
    endloop
  endfacet
  facet normal 0 0 1
    outer loop
      vertex 9.52145 73.8548 78
      vertex 9.52145 68.1452 78
      vertex 9.81802 67.818 78
    endloop
  endfacet
  facet normal 0 0 1
    outer loop
      vertex 9.23461 73.4604 78
      vertex 9.52145 73.8548 78
      vertex 9.25839 73.5001 78
    endloop
  endfacet
  facet normal 0 0 1
    outer loop
      vertex 9.52145 73.8548 78
      vertex 9.23461 73.4604 78
      vertex 9.52145 68.1452 78
    endloop
  endfacet
  facet normal 0 0 1
    outer loop
      vertex 9.52145 68.1452 78
      vertex 9.23461 68.5396 78
      vertex 9.25839 68.4999 78
    endloop
  endfacet
  facet normal 0 0 1
    outer loop
      vertex 9.52145 68.1452 78
      vertex 9.23461 73.4604 78
      vertex 9.23461 68.5396 78
    endloop
  endfacet
  facet normal -0 0 1
    outer loop
      vertex 3.87252 72.6478 78
      vertex 9.23461 68.5396 78
      vertex 9.23461 73.4604 78
    endloop
  endfacet
  facet normal 0 0 1
    outer loop
      vertex 3.87252 72.6478 78
      vertex 3.09172 69.4706 78
      vertex 9.23461 68.5396 78
    endloop
  endfacet
  facet normal 0 0 1
    outer loop
      vertex 4.53502 74.1282 78
      vertex 1.88926 75.5423 78
      vertex 3.98957 72.9749 78
    endloop
  endfacet
  facet normal -0 0 1
    outer loop
      vertex 1.21793 74.1229 78
      vertex 3.98957 72.9749 78
      vertex 1.88926 75.5423 78
    endloop
  endfacet
  facet normal 0 0 1
    outer loop
      vertex 0.307435 71.1214 78
      vertex 3.87252 72.6478 78
      vertex 0.688954 72.6446 78
    endloop
  endfacet
  facet normal 0 0 1
    outer loop
      vertex 0.688954 72.6446 78
      vertex 3.87252 72.6478 78
      vertex 1.21793 74.1229 78
    endloop
  endfacet
  facet normal 0 0 1
    outer loop
      vertex 3.98957 72.9749 78
      vertex 1.21793 74.1229 78
      vertex 3.87252 72.6478 78
    endloop
  endfacet
  facet normal -0 0 1
    outer loop
      vertex 9.87706 82.7821 78
      vertex 11.3522 80.1275 78
      vertex 11.3554 83.311 78
    endloop
  endfacet
  facet normal 0 0 1
    outer loop
      vertex 11.3522 80.1275 78
      vertex 9.87706 82.7821 78
      vertex 11.0251 80.0104 78
    endloop
  endfacet
  facet normal 0 0 1
    outer loop
      vertex 9.87706 82.7821 78
      vertex 9.87184 79.465 78
      vertex 11.0251 80.0104 78
    endloop
  endfacet
  facet normal -0 0 1
    outer loop
      vertex 8.45765 82.1107 78
      vertex 9.87184 79.465 78
      vertex 9.87706 82.7821 78
    endloop
  endfacet
  facet normal 0 0 1
    outer loop
      vertex 9.87184 79.465 78
      vertex 8.45765 82.1107 78
      vertex 8.77759 78.8091 78
    endloop
  endfacet
  facet normal -0 0 1
    outer loop
      vertex 7.11088 81.3035 78
      vertex 8.77759 78.8091 78
      vertex 8.45765 82.1107 78
    endloop
  endfacet
  facet normal 0 0 1
    outer loop
      vertex 8.77759 78.8091 78
      vertex 7.11088 81.3035 78
      vertex 7.75289 78.0491 78
    endloop
  endfacet
  facet normal -0 0 1
    outer loop
      vertex 5.84971 80.3682 78
      vertex 7.75289 78.0491 78
      vertex 7.11088 81.3035 78
    endloop
  endfacet
  facet normal 0 0 1
    outer loop
      vertex 7.75289 78.0491 78
      vertex 5.84971 80.3682 78
      vertex 6.80761 77.1924 78
    endloop
  endfacet
  facet normal -0 0 1
    outer loop
      vertex 4.68629 79.3137 78
      vertex 6.80761 77.1924 78
      vertex 5.84971 80.3682 78
    endloop
  endfacet
  facet normal 0 0 1
    outer loop
      vertex 6.80761 77.1924 78
      vertex 4.68629 79.3137 78
      vertex 5.95086 76.2471 78
    endloop
  endfacet
  facet normal -0 0 1
    outer loop
      vertex 3.63183 78.1503 78
      vertex 5.95086 76.2471 78
      vertex 4.68629 79.3137 78
    endloop
  endfacet
  facet normal 0 0 1
    outer loop
      vertex 5.95086 76.2471 78
      vertex 3.63183 78.1503 78
      vertex 5.19089 75.2224 78
    endloop
  endfacet
  facet normal -0 0 1
    outer loop
      vertex 2.69649 76.8891 78
      vertex 5.19089 75.2224 78
      vertex 3.63183 78.1503 78
    endloop
  endfacet
  facet normal 0 0 1
    outer loop
      vertex 5.19089 75.2224 78
      vertex 2.69649 76.8891 78
      vertex 4.53502 74.1282 78
    endloop
  endfacet
  facet normal -0 0 1
    outer loop
      vertex 1.88926 75.5423 78
      vertex 4.53502 74.1282 78
      vertex 2.69649 76.8891 78
    endloop
  endfacet
  facet normal 0 0 1
    outer loop
      vertex 17.4783 13.4411 78
      vertex 17.4783 12.5589 78
      vertex 17.5 13 78
    endloop
  endfacet
  facet normal 0 0 1
    outer loop
      vertex 17.4135 13.8779 78
      vertex 17.4783 12.5589 78
      vertex 17.4783 13.4411 78
    endloop
  endfacet
  facet normal 0 0 1
    outer loop
      vertex 17.4135 13.8779 78
      vertex 17.4135 12.1221 78
      vertex 17.4783 12.5589 78
    endloop
  endfacet
  facet normal 0 0 1
    outer loop
      vertex 17.3062 14.3063 78
      vertex 17.4135 12.1221 78
      vertex 17.4135 13.8779 78
    endloop
  endfacet
  facet normal 0 0 1
    outer loop
      vertex 17.3062 14.3063 78
      vertex 17.3062 11.6937 78
      vertex 17.4135 12.1221 78
    endloop
  endfacet
  facet normal 0 0 1
    outer loop
      vertex 17.1575 14.7221 78
      vertex 17.3062 11.6937 78
      vertex 17.3062 14.3063 78
    endloop
  endfacet
  facet normal 0 0 1
    outer loop
      vertex 17.1575 14.7221 78
      vertex 17.1575 11.2779 78
      vertex 17.3062 11.6937 78
    endloop
  endfacet
  facet normal 0 0 1
    outer loop
      vertex 16.9686 15.1213 78
      vertex 17.1575 11.2779 78
      vertex 17.1575 14.7221 78
    endloop
  endfacet
  facet normal 0 0 1
    outer loop
      vertex 16.9686 15.1213 78
      vertex 16.9686 10.8787 78
      vertex 17.1575 11.2779 78
    endloop
  endfacet
  facet normal 0 0 1
    outer loop
      vertex 16.7416 15.5001 78
      vertex 16.9686 10.8787 78
      vertex 16.9686 15.1213 78
    endloop
  endfacet
  facet normal 0 0 1
    outer loop
      vertex 16.7416 15.5001 78
      vertex 16.7416 10.4999 78
      vertex 16.9686 10.8787 78
    endloop
  endfacet
  facet normal 0 0 1
    outer loop
      vertex 16.4785 15.8548 78
      vertex 16.7416 10.4999 78
      vertex 16.7416 15.5001 78
    endloop
  endfacet
  facet normal 0 0 1
    outer loop
      vertex 16.4785 15.8548 78
      vertex 16.4785 10.1452 78
      vertex 16.7416 10.4999 78
    endloop
  endfacet
  facet normal 0 0 1
    outer loop
      vertex 16.182 16.182 78
      vertex 16.4785 10.1452 78
      vertex 16.4785 15.8548 78
    endloop
  endfacet
  facet normal 0 0 1
    outer loop
      vertex 16.182 16.182 78
      vertex 16.182 9.81802 78
      vertex 16.4785 10.1452 78
    endloop
  endfacet
  facet normal 0 0 1
    outer loop
      vertex 15.8548 16.4785 78
      vertex 16.182 9.81802 78
      vertex 16.182 16.182 78
    endloop
  endfacet
  facet normal 0 0 1
    outer loop
      vertex 15.8548 16.4785 78
      vertex 15.8548 9.52145 78
      vertex 16.182 9.81802 78
    endloop
  endfacet
  facet normal 0 0 1
    outer loop
      vertex 15.5001 16.7416 78
      vertex 15.8548 9.52145 78
      vertex 15.8548 16.4785 78
    endloop
  endfacet
  facet normal 0 0 1
    outer loop
      vertex 15.4604 9.23461 78
      vertex 15.8548 9.52145 78
      vertex 15.5001 16.7416 78
    endloop
  endfacet
  facet normal 0 0 1
    outer loop
      vertex 15.8548 9.52145 78
      vertex 15.4604 9.23461 78
      vertex 15.5001 9.25839 78
    endloop
  endfacet
  facet normal 0 0 1
    outer loop
      vertex 15.1213 16.9686 78
      vertex 15.4604 9.23461 78
      vertex 15.5001 16.7416 78
    endloop
  endfacet
  facet normal 0 0 1
    outer loop
      vertex 14.7221 17.1575 78
      vertex 15.4604 9.23461 78
      vertex 15.1213 16.9686 78
    endloop
  endfacet
  facet normal 0 0 1
    outer loop
      vertex 10.5396 9.23461 78
      vertex 15.4604 9.23461 78
      vertex 14.7221 17.1575 78
    endloop
  endfacet
  facet normal 0 -0 1
    outer loop
      vertex 11.3522 3.87252 78
      vertex 15.4604 9.23461 78
      vertex 10.5396 9.23461 78
    endloop
  endfacet
  facet normal 0 0 1
    outer loop
      vertex 10.5396 9.23461 78
      vertex 14.7221 17.1575 78
      vertex 14.3063 17.3062 78
    endloop
  endfacet
  facet normal 0 0 1
    outer loop
      vertex 10.5396 9.23461 78
      vertex 14.3063 17.3062 78
      vertex 13.8779 17.4135 78
    endloop
  endfacet
  facet normal 0 0 1
    outer loop
      vertex 10.5396 9.23461 78
      vertex 13.8779 17.4135 78
      vertex 13.4411 17.4783 78
    endloop
  endfacet
  facet normal 0 0 1
    outer loop
      vertex 10.5396 9.23461 78
      vertex 13.4411 17.4783 78
      vertex 13 17.5 78
    endloop
  endfacet
  facet normal 0 0 1
    outer loop
      vertex 15.4604 9.23461 78
      vertex 11.3522 3.87252 78
      vertex 14.5294 3.09172 78
    endloop
  endfacet
  facet normal 0 0 1
    outer loop
      vertex 10.5396 9.23461 78
      vertex 13 17.5 78
      vertex 12.5589 17.4783 78
    endloop
  endfacet
  facet normal 0 0 1
    outer loop
      vertex 10.5396 9.23461 78
      vertex 12.5589 17.4783 78
      vertex 12.1221 17.4135 78
    endloop
  endfacet
  facet normal 0 0 1
    outer loop
      vertex 10.5396 9.23461 78
      vertex 12.1221 17.4135 78
      vertex 11.6937 17.3062 78
    endloop
  endfacet
  facet normal 0 -0 1
    outer loop
      vertex 12.8786 0.307435 78
      vertex 14.5294 3.09172 78
      vertex 11.3522 3.87252 78
    endloop
  endfacet
  facet normal 0 0 1
    outer loop
      vertex 12.8786 0.307435 78
      vertex 11.3522 3.87252 78
      vertex 11.3554 0.688954 78
    endloop
  endfacet
  facet normal 0 0 1
    outer loop
      vertex 10.5396 9.23461 78
      vertex 11.6937 17.3062 78
      vertex 11.2779 17.1575 78
    endloop
  endfacet
  facet normal 0 0 1
    outer loop
      vertex 10.5396 9.23461 78
      vertex 11.2779 17.1575 78
      vertex 10.8787 16.9686 78
    endloop
  endfacet
  facet normal 0 0 1
    outer loop
      vertex 14.5294 3.09172 78
      vertex 12.8786 0.307435 78
      vertex 14.4317 0.0770435 78
    endloop
  endfacet
  facet normal -0 0 1
    outer loop
      vertex 10.4999 16.7416 78
      vertex 10.5396 9.23461 78
      vertex 10.8787 16.9686 78
    endloop
  endfacet
  facet normal -0 0 1
    outer loop
      vertex 10.1452 16.4785 78
      vertex 10.5396 9.23461 78
      vertex 10.4999 16.7416 78
    endloop
  endfacet
  facet normal -0 0 1
    outer loop
      vertex 10.1452 9.52145 78
      vertex 10.5396 9.23461 78
      vertex 10.1452 16.4785 78
    endloop
  endfacet
  facet normal 0 0 1
    outer loop
      vertex 10.5396 9.23461 78
      vertex 10.1452 9.52145 78
      vertex 10.4999 9.25839 78
    endloop
  endfacet
  facet normal -0 0 1
    outer loop
      vertex 9.81802 16.182 78
      vertex 10.1452 9.52145 78
      vertex 10.1452 16.4785 78
    endloop
  endfacet
  facet normal 0 0 1
    outer loop
      vertex 9.81802 16.182 78
      vertex 9.81802 9.81802 78
      vertex 10.1452 9.52145 78
    endloop
  endfacet
  facet normal -0 0 1
    outer loop
      vertex 9.52145 15.8548 78
      vertex 9.81802 9.81802 78
      vertex 9.81802 16.182 78
    endloop
  endfacet
  facet normal 0 0 1
    outer loop
      vertex 9.52145 15.8548 78
      vertex 9.52145 10.1452 78
      vertex 9.81802 9.81802 78
    endloop
  endfacet
  facet normal 0 0 1
    outer loop
      vertex 9.23461 15.4604 78
      vertex 9.52145 15.8548 78
      vertex 9.25839 15.5001 78
    endloop
  endfacet
  facet normal 0 0 1
    outer loop
      vertex 9.52145 15.8548 78
      vertex 9.23461 15.4604 78
      vertex 9.52145 10.1452 78
    endloop
  endfacet
  facet normal 0 0 1
    outer loop
      vertex 9.52145 10.1452 78
      vertex 9.23461 10.5396 78
      vertex 9.25839 10.4999 78
    endloop
  endfacet
  facet normal 0 0 1
    outer loop
      vertex 9.52145 10.1452 78
      vertex 9.23461 15.4604 78
      vertex 9.23461 10.5396 78
    endloop
  endfacet
  facet normal 0 0 1
    outer loop
      vertex 9.23461 15.4604 78
      vertex 3.87252 11.3522 78
      vertex 9.23461 10.5396 78
    endloop
  endfacet
  facet normal -0 0 1
    outer loop
      vertex 3.09172 14.5294 78
      vertex 3.87252 11.3522 78
      vertex 9.23461 15.4604 78
    endloop
  endfacet
  facet normal -0 0 1
    outer loop
      vertex 0.307435 12.8786 78
      vertex 3.87252 11.3522 78
      vertex 3.09172 14.5294 78
    endloop
  endfacet
  facet normal 0 0 1
    outer loop
      vertex 0.0770435 14.4317 78
      vertex 3.09172 14.5294 78
      vertex 3.0626 14.7258 78
    endloop
  endfacet
  facet normal 0 0 1
    outer loop
      vertex 3.87252 11.3522 78
      vertex 2.69649 7.11088 78
      vertex 3.63183 5.84971 78
    endloop
  endfacet
  facet normal 0 0 1
    outer loop
      vertex 0.0770435 14.4317 78
      vertex 3.0626 14.7258 78
      vertex 3 16 78
    endloop
  endfacet
  facet normal 0 0 1
    outer loop
      vertex 3 68 78
      vertex 0 68 78
      vertex 3 16 78
    endloop
  endfacet
  facet normal 0 0 1
    outer loop
      vertex 3.87252 72.6478 78
      vertex 0.307435 71.1214 78
      vertex 3.09172 69.4706 78
    endloop
  endfacet
  facet normal 0 0 1
    outer loop
      vertex 0 16 78
      vertex 3 16 78
      vertex 0 68 78
    endloop
  endfacet
  facet normal -0 0 1
    outer loop
      vertex 0.0770435 69.5683 78
      vertex 3.09172 69.4706 78
      vertex 0.307435 71.1214 78
    endloop
  endfacet
  facet normal 0 -0 1
    outer loop
      vertex 0.0770435 14.4317 78
      vertex 3 16 78
      vertex 0 16 78
    endloop
  endfacet
  facet normal 0 0 1
    outer loop
      vertex 3.09172 69.4706 78
      vertex 0.0770435 69.5683 78
      vertex 3.0626 69.2742 78
    endloop
  endfacet
  facet normal 0 0 1
    outer loop
      vertex 3.87252 11.3522 78
      vertex 1.88926 8.45765 78
      vertex 2.69649 7.11088 78
    endloop
  endfacet
  facet normal 0 0 1
    outer loop
      vertex 3.0626 69.2742 78
      vertex 0.0770435 69.5683 78
      vertex 3 68 78
    endloop
  endfacet
  facet normal 0 0 1
    outer loop
      vertex 3.87252 11.3522 78
      vertex 1.21793 9.87706 78
      vertex 1.88926 8.45765 78
    endloop
  endfacet
  facet normal 0 0 1
    outer loop
      vertex 3 68 78
      vertex 0.0770435 69.5683 78
      vertex 0 68 78
    endloop
  endfacet
  facet normal 0 0 1
    outer loop
      vertex 3.87252 11.3522 78
      vertex 0.688954 11.3554 78
      vertex 1.21793 9.87706 78
    endloop
  endfacet
  facet normal 0 0 1
    outer loop
      vertex 3.87252 11.3522 78
      vertex 0.307435 12.8786 78
      vertex 0.688954 11.3554 78
    endloop
  endfacet
  facet normal 0 0 1
    outer loop
      vertex 3.09172 14.5294 78
      vertex 0.0770435 14.4317 78
      vertex 0.307435 12.8786 78
    endloop
  endfacet
  facet normal 0 0 1
    outer loop
      vertex 9.87706 1.21793 78
      vertex 11.3522 3.87252 78
      vertex 11.0251 3.98957 78
    endloop
  endfacet
  facet normal 0 0 1
    outer loop
      vertex 11.3522 3.87252 78
      vertex 9.87706 1.21793 78
      vertex 11.3554 0.688954 78
    endloop
  endfacet
  facet normal 0 0 1
    outer loop
      vertex 9.87184 4.53502 78
      vertex 9.87706 1.21793 78
      vertex 11.0251 3.98957 78
    endloop
  endfacet
  facet normal 0 0 1
    outer loop
      vertex 8.45765 1.88926 78
      vertex 9.87184 4.53502 78
      vertex 8.77759 5.19089 78
    endloop
  endfacet
  facet normal 0 0 1
    outer loop
      vertex 9.87184 4.53502 78
      vertex 8.45765 1.88926 78
      vertex 9.87706 1.21793 78
    endloop
  endfacet
  facet normal 0 0 1
    outer loop
      vertex 7.11088 2.69649 78
      vertex 8.77759 5.19089 78
      vertex 7.75289 5.95086 78
    endloop
  endfacet
  facet normal 0 0 1
    outer loop
      vertex 8.77759 5.19089 78
      vertex 7.11088 2.69649 78
      vertex 8.45765 1.88926 78
    endloop
  endfacet
  facet normal 0 0 1
    outer loop
      vertex 5.84971 3.63183 78
      vertex 7.75289 5.95086 78
      vertex 6.80761 6.80761 78
    endloop
  endfacet
  facet normal 0 0 1
    outer loop
      vertex 4.68629 4.68629 78
      vertex 6.80761 6.80761 78
      vertex 5.95086 7.75289 78
    endloop
  endfacet
  facet normal 0 0 1
    outer loop
      vertex 7.75289 5.95086 78
      vertex 5.84971 3.63183 78
      vertex 7.11088 2.69649 78
    endloop
  endfacet
  facet normal 0 0 1
    outer loop
      vertex 3.63183 5.84971 78
      vertex 5.95086 7.75289 78
      vertex 5.19089 8.77759 78
    endloop
  endfacet
  facet normal 0 0 1
    outer loop
      vertex 6.80761 6.80761 78
      vertex 4.68629 4.68629 78
      vertex 5.84971 3.63183 78
    endloop
  endfacet
  facet normal 0 0 1
    outer loop
      vertex 3.63183 5.84971 78
      vertex 5.19089 8.77759 78
      vertex 4.53502 9.87184 78
    endloop
  endfacet
  facet normal 0 0 1
    outer loop
      vertex 3.63183 5.84971 78
      vertex 4.53502 9.87184 78
      vertex 3.98957 11.0251 78
    endloop
  endfacet
  facet normal 0 0 1
    outer loop
      vertex 3.63183 5.84971 78
      vertex 3.98957 11.0251 78
      vertex 3.87252 11.3522 78
    endloop
  endfacet
  facet normal 0 0 1
    outer loop
      vertex 5.95086 7.75289 78
      vertex 3.63183 5.84971 78
      vertex 4.68629 4.68629 78
    endloop
  endfacet
  facet normal 0 0 1
    outer loop
      vertex 82.7821 74.1229 78
      vertex 80.0104 72.9749 78
      vertex 80.1275 72.6478 78
    endloop
  endfacet
  facet normal 0 0 1
    outer loop
      vertex 81.3035 76.8891 78
      vertex 79.465 74.1282 78
      vertex 80.0104 72.9749 78
    endloop
  endfacet
  facet normal 0 0 1
    outer loop
      vertex 78.0491 76.2471 78
      vertex 80.3682 78.1503 78
      vertex 79.3137 79.3137 78
    endloop
  endfacet
  facet normal 0 0 1
    outer loop
      vertex 81.3035 76.8891 78
      vertex 78.8091 75.2224 78
      vertex 79.465 74.1282 78
    endloop
  endfacet
  facet normal 0 0 1
    outer loop
      vertex 77.1924 77.1924 78
      vertex 79.3137 79.3137 78
      vertex 78.1503 80.3682 78
    endloop
  endfacet
  facet normal 0 0 1
    outer loop
      vertex 80.3682 78.1503 78
      vertex 78.0491 76.2471 78
      vertex 78.8091 75.2224 78
    endloop
  endfacet
  facet normal 0 0 1
    outer loop
      vertex 79.3137 79.3137 78
      vertex 77.1924 77.1924 78
      vertex 78.0491 76.2471 78
    endloop
  endfacet
  facet normal 0 0 1
    outer loop
      vertex 76.2471 78.0491 78
      vertex 78.1503 80.3682 78
      vertex 76.8891 81.3035 78
    endloop
  endfacet
  facet normal 0 0 1
    outer loop
      vertex 78.1503 80.3682 78
      vertex 76.2471 78.0491 78
      vertex 77.1924 77.1924 78
    endloop
  endfacet
  facet normal 0 0 1
    outer loop
      vertex 75.2224 78.8091 78
      vertex 76.8891 81.3035 78
      vertex 75.5423 82.1107 78
    endloop
  endfacet
  facet normal 0 0 1
    outer loop
      vertex 76.8891 81.3035 78
      vertex 75.2224 78.8091 78
      vertex 76.2471 78.0491 78
    endloop
  endfacet
  facet normal 0 0 1
    outer loop
      vertex 75.5423 82.1107 78
      vertex 74.1282 79.465 78
      vertex 75.2224 78.8091 78
    endloop
  endfacet
  facet normal 0 0 1
    outer loop
      vertex 74.1229 82.7821 78
      vertex 74.1282 79.465 78
      vertex 75.5423 82.1107 78
    endloop
  endfacet
  facet normal 0 0 1
    outer loop
      vertex 74.1229 82.7821 78
      vertex 72.9749 80.0104 78
      vertex 74.1282 79.465 78
    endloop
  endfacet
  facet normal 0 0 1
    outer loop
      vertex 74.1229 82.7821 78
      vertex 72.6478 80.1275 78
      vertex 72.9749 80.0104 78
    endloop
  endfacet
  facet normal 0 -0 1
    outer loop
      vertex 72.6478 80.1275 78
      vertex 74.1229 82.7821 78
      vertex 72.6446 83.311 78
    endloop
  endfacet
  facet normal 0 0 1
    outer loop
      vertex 81 68 78
      vertex 84 68 78
      vertex 83.923 69.5683 78
    endloop
  endfacet
  facet normal 0 0 1
    outer loop
      vertex 84 68 78
      vertex 81 68 78
      vertex 84 16 78
    endloop
  endfacet
  facet normal 0 0 1
    outer loop
      vertex 80.9083 69.4706 78
      vertex 83.923 69.5683 78
      vertex 83.6926 71.1214 78
    endloop
  endfacet
  facet normal 0 0 1
    outer loop
      vertex 81 16 78
      vertex 84 16 78
      vertex 81 68 78
    endloop
  endfacet
  facet normal 0 0 1
    outer loop
      vertex 80.1275 72.6478 78
      vertex 83.6926 71.1214 78
      vertex 83.311 72.6446 78
    endloop
  endfacet
  facet normal 0 0 1
    outer loop
      vertex 84 16 78
      vertex 81 16 78
      vertex 83.923 14.4317 78
    endloop
  endfacet
  facet normal -0 0 1
    outer loop
      vertex 80.1275 72.6478 78
      vertex 83.311 72.6446 78
      vertex 82.7821 74.1229 78
    endloop
  endfacet
  facet normal -0 0 1
    outer loop
      vertex 80.9374 14.7258 78
      vertex 83.923 14.4317 78
      vertex 81 16 78
    endloop
  endfacet
  facet normal 0 0 1
    outer loop
      vertex 80.0104 72.9749 78
      vertex 82.7821 74.1229 78
      vertex 82.1107 75.5423 78
    endloop
  endfacet
  facet normal -0 0 1
    outer loop
      vertex 80.9083 14.5294 78
      vertex 83.923 14.4317 78
      vertex 80.9374 14.7258 78
    endloop
  endfacet
  facet normal 0 0 1
    outer loop
      vertex 80.0104 72.9749 78
      vertex 82.1107 75.5423 78
      vertex 81.3035 76.8891 78
    endloop
  endfacet
  facet normal 0 0 1
    outer loop
      vertex 83.923 14.4317 78
      vertex 80.9083 14.5294 78
      vertex 83.6926 12.8786 78
    endloop
  endfacet
  facet normal 0 0 1
    outer loop
      vertex 80.1275 11.3522 78
      vertex 83.6926 12.8786 78
      vertex 80.9083 14.5294 78
    endloop
  endfacet
  facet normal 0 0 1
    outer loop
      vertex 83.923 69.5683 78
      vertex 80.9374 69.2742 78
      vertex 81 68 78
    endloop
  endfacet
  facet normal 0 0 1
    outer loop
      vertex 83.923 69.5683 78
      vertex 80.9083 69.4706 78
      vertex 80.9374 69.2742 78
    endloop
  endfacet
  facet normal 0 0 1
    outer loop
      vertex 78.8091 75.2224 78
      vertex 81.3035 76.8891 78
      vertex 80.3682 78.1503 78
    endloop
  endfacet
  facet normal 0 0 1
    outer loop
      vertex 83.6926 71.1214 78
      vertex 80.1275 72.6478 78
      vertex 80.9083 69.4706 78
    endloop
  endfacet
  facet normal 0 0 1
    outer loop
      vertex 74.7654 68.5396 78
      vertex 80.1275 72.6478 78
      vertex 74.7654 73.4604 78
    endloop
  endfacet
  facet normal 0 0 1
    outer loop
      vertex 80.1275 72.6478 78
      vertex 74.7654 68.5396 78
      vertex 80.9083 69.4706 78
    endloop
  endfacet
  facet normal 0 0 1
    outer loop
      vertex 74.4785 73.8548 78
      vertex 74.7654 73.4604 78
      vertex 74.7416 73.5001 78
    endloop
  endfacet
  facet normal 0 0 1
    outer loop
      vertex 74.7654 73.4604 78
      vertex 74.4785 73.8548 78
      vertex 74.7654 68.5396 78
    endloop
  endfacet
  facet normal 0 0 1
    outer loop
      vertex 74.4785 68.1452 78
      vertex 74.7654 68.5396 78
      vertex 74.4785 73.8548 78
    endloop
  endfacet
  facet normal 0 0 1
    outer loop
      vertex 74.7654 68.5396 78
      vertex 74.4785 68.1452 78
      vertex 74.7416 68.4999 78
    endloop
  endfacet
  facet normal 0 0 1
    outer loop
      vertex 74.182 74.182 78
      vertex 74.4785 68.1452 78
      vertex 74.4785 73.8548 78
    endloop
  endfacet
  facet normal 0 0 1
    outer loop
      vertex 74.182 74.182 78
      vertex 74.182 67.818 78
      vertex 74.4785 68.1452 78
    endloop
  endfacet
  facet normal 0 0 1
    outer loop
      vertex 73.8548 74.4785 78
      vertex 74.182 67.818 78
      vertex 74.182 74.182 78
    endloop
  endfacet
  facet normal 0 0 1
    outer loop
      vertex 73.8548 74.4785 78
      vertex 73.8548 67.5215 78
      vertex 74.182 67.818 78
    endloop
  endfacet
  facet normal 0 0 1
    outer loop
      vertex 73.4604 74.7654 78
      vertex 73.8548 74.4785 78
      vertex 73.5001 74.7416 78
    endloop
  endfacet
  facet normal 0 0 1
    outer loop
      vertex 73.8548 74.4785 78
      vertex 73.4604 74.7654 78
      vertex 73.8548 67.5215 78
    endloop
  endfacet
  facet normal 0 0 1
    outer loop
      vertex 73.8548 67.5215 78
      vertex 73.4604 74.7654 78
      vertex 73.5001 67.2584 78
    endloop
  endfacet
  facet normal 0 0 1
    outer loop
      vertex 73.4604 74.7654 78
      vertex 73.1213 67.0314 78
      vertex 73.5001 67.2584 78
    endloop
  endfacet
  facet normal 0 0 1
    outer loop
      vertex 73.4604 74.7654 78
      vertex 72.7221 66.8425 78
      vertex 73.1213 67.0314 78
    endloop
  endfacet
  facet normal 0 0 1
    outer loop
      vertex 68.5396 74.7654 78
      vertex 73.4604 74.7654 78
      vertex 72.6478 80.1275 78
    endloop
  endfacet
  facet normal 0 0 1
    outer loop
      vertex 73.4604 74.7654 78
      vertex 68.5396 74.7654 78
      vertex 72.7221 66.8425 78
    endloop
  endfacet
  facet normal 0 0 1
    outer loop
      vertex 71.1214 83.6926 78
      vertex 72.6478 80.1275 78
      vertex 72.6446 83.311 78
    endloop
  endfacet
  facet normal 0 0 1
    outer loop
      vertex 72.7221 66.8425 78
      vertex 68.5396 74.7654 78
      vertex 72.3063 66.6938 78
    endloop
  endfacet
  facet normal 0 0 1
    outer loop
      vertex 72.3063 66.6938 78
      vertex 68.5396 74.7654 78
      vertex 71.8779 66.5865 78
    endloop
  endfacet
  facet normal 0 0 1
    outer loop
      vertex 72.6478 80.1275 78
      vertex 71.1214 83.6926 78
      vertex 69.4706 80.9083 78
    endloop
  endfacet
  facet normal 0 0 1
    outer loop
      vertex 71.8779 66.5865 78
      vertex 68.5396 74.7654 78
      vertex 71.4411 66.5217 78
    endloop
  endfacet
  facet normal 0 0 1
    outer loop
      vertex 71.4411 66.5217 78
      vertex 68.5396 74.7654 78
      vertex 71 66.5 78
    endloop
  endfacet
  facet normal 0 0 1
    outer loop
      vertex 71 66.5 78
      vertex 68.5396 74.7654 78
      vertex 70.5589 66.5217 78
    endloop
  endfacet
  facet normal 0 0 1
    outer loop
      vertex 70.5589 66.5217 78
      vertex 68.5396 74.7654 78
      vertex 70.1221 66.5865 78
    endloop
  endfacet
  facet normal 0 0 1
    outer loop
      vertex 69.4706 80.9083 78
      vertex 71.1214 83.6926 78
      vertex 69.5683 83.923 78
    endloop
  endfacet
  facet normal 0 0 1
    outer loop
      vertex 72.6478 80.1275 78
      vertex 69.4706 80.9083 78
      vertex 68.5396 74.7654 78
    endloop
  endfacet
  facet normal 0 0 1
    outer loop
      vertex 70.1221 66.5865 78
      vertex 68.5396 74.7654 78
      vertex 69.6937 66.6938 78
    endloop
  endfacet
  facet normal 0 0 1
    outer loop
      vertex 69.6937 66.6938 78
      vertex 68.5396 74.7654 78
      vertex 69.2779 66.8425 78
    endloop
  endfacet
  facet normal 0 0 1
    outer loop
      vertex 69.2779 66.8425 78
      vertex 68.5396 74.7654 78
      vertex 68.8787 67.0314 78
    endloop
  endfacet
  facet normal 0 0 1
    outer loop
      vertex 68.1452 74.4785 78
      vertex 68.5396 74.7654 78
      vertex 68.4999 74.7416 78
    endloop
  endfacet
  facet normal 0 0 1
    outer loop
      vertex 68.5396 74.7654 78
      vertex 68.4999 67.2584 78
      vertex 68.8787 67.0314 78
    endloop
  endfacet
  facet normal 0 0 1
    outer loop
      vertex 68.5396 74.7654 78
      vertex 68.1452 74.4785 78
      vertex 68.4999 67.2584 78
    endloop
  endfacet
  facet normal 0 0 1
    outer loop
      vertex 68.1452 74.4785 78
      vertex 68.1452 67.5215 78
      vertex 68.4999 67.2584 78
    endloop
  endfacet
  facet normal -0 0 1
    outer loop
      vertex 67.818 74.182 78
      vertex 68.1452 67.5215 78
      vertex 68.1452 74.4785 78
    endloop
  endfacet
  facet normal 0 0 1
    outer loop
      vertex 67.818 74.182 78
      vertex 67.818 67.818 78
      vertex 68.1452 67.5215 78
    endloop
  endfacet
  facet normal -0 0 1
    outer loop
      vertex 67.5215 73.8548 78
      vertex 67.818 67.818 78
      vertex 67.818 74.182 78
    endloop
  endfacet
  facet normal 0 0 1
    outer loop
      vertex 67.5215 73.8548 78
      vertex 67.5215 68.1452 78
      vertex 67.818 67.818 78
    endloop
  endfacet
  facet normal -0 0 1
    outer loop
      vertex 67.2584 73.5001 78
      vertex 67.5215 68.1452 78
      vertex 67.5215 73.8548 78
    endloop
  endfacet
  facet normal 0 0 1
    outer loop
      vertex 67.2584 73.5001 78
      vertex 67.2584 68.4999 78
      vertex 67.5215 68.1452 78
    endloop
  endfacet
  facet normal -0 0 1
    outer loop
      vertex 67.0314 73.1213 78
      vertex 67.2584 68.4999 78
      vertex 67.2584 73.5001 78
    endloop
  endfacet
  facet normal 0 0 1
    outer loop
      vertex 67.0314 73.1213 78
      vertex 67.0314 68.8787 78
      vertex 67.2584 68.4999 78
    endloop
  endfacet
  facet normal -0 0 1
    outer loop
      vertex 66.8425 72.7221 78
      vertex 67.0314 68.8787 78
      vertex 67.0314 73.1213 78
    endloop
  endfacet
  facet normal 0 0 1
    outer loop
      vertex 66.8425 72.7221 78
      vertex 66.8425 69.2779 78
      vertex 67.0314 68.8787 78
    endloop
  endfacet
  facet normal -0 0 1
    outer loop
      vertex 66.6938 72.3063 78
      vertex 66.8425 69.2779 78
      vertex 66.8425 72.7221 78
    endloop
  endfacet
  facet normal 0 0 1
    outer loop
      vertex 66.6938 72.3063 78
      vertex 66.6938 69.6937 78
      vertex 66.8425 69.2779 78
    endloop
  endfacet
  facet normal -0 0 1
    outer loop
      vertex 66.5865 71.8779 78
      vertex 66.6938 69.6937 78
      vertex 66.6938 72.3063 78
    endloop
  endfacet
  facet normal 0 0 1
    outer loop
      vertex 66.5865 71.8779 78
      vertex 66.5865 70.1221 78
      vertex 66.6938 69.6937 78
    endloop
  endfacet
  facet normal -0 0 1
    outer loop
      vertex 66.5217 71.4411 78
      vertex 66.5865 70.1221 78
      vertex 66.5865 71.8779 78
    endloop
  endfacet
  facet normal 0 0 1
    outer loop
      vertex 66.5217 71.4411 78
      vertex 66.5217 70.5589 78
      vertex 66.5865 70.1221 78
    endloop
  endfacet
  facet normal 0 -0 1
    outer loop
      vertex 66.5217 70.5589 78
      vertex 66.5217 71.4411 78
      vertex 66.5 71 78
    endloop
  endfacet
  facet normal 0 0 1
    outer loop
      vertex 83.6926 12.8786 78
      vertex 80.1275 11.3522 78
      vertex 83.311 11.3554 78
    endloop
  endfacet
  facet normal 0 0 1
    outer loop
      vertex 83.311 11.3554 78
      vertex 80.1275 11.3522 78
      vertex 82.7821 9.87706 78
    endloop
  endfacet
  facet normal -0 0 1
    outer loop
      vertex 80.0104 11.0251 78
      vertex 82.7821 9.87706 78
      vertex 80.1275 11.3522 78
    endloop
  endfacet
  facet normal 0 0 1
    outer loop
      vertex 82.7821 9.87706 78
      vertex 80.0104 11.0251 78
      vertex 82.1107 8.45765 78
    endloop
  endfacet
  facet normal -0 0 1
    outer loop
      vertex 79.465 9.87184 78
      vertex 82.1107 8.45765 78
      vertex 80.0104 11.0251 78
    endloop
  endfacet
  facet normal 0 0 1
    outer loop
      vertex 74.7654 15.4604 78
      vertex 80.1275 11.3522 78
      vertex 80.9083 14.5294 78
    endloop
  endfacet
  facet normal 0 0 1
    outer loop
      vertex 74.7654 15.4604 78
      vertex 74.7654 10.5396 78
      vertex 80.1275 11.3522 78
    endloop
  endfacet
  facet normal 0 0 1
    outer loop
      vertex 74.4785 15.8548 78
      vertex 74.7654 15.4604 78
      vertex 74.7416 15.5001 78
    endloop
  endfacet
  facet normal 0 0 1
    outer loop
      vertex 74.7654 15.4604 78
      vertex 74.4785 15.8548 78
      vertex 74.7654 10.5396 78
    endloop
  endfacet
  facet normal 0 0 1
    outer loop
      vertex 74.4785 10.1452 78
      vertex 74.7654 10.5396 78
      vertex 74.4785 15.8548 78
    endloop
  endfacet
  facet normal 0 0 1
    outer loop
      vertex 74.7654 10.5396 78
      vertex 74.4785 10.1452 78
      vertex 74.7416 10.4999 78
    endloop
  endfacet
  facet normal 0 0 1
    outer loop
      vertex 74.182 16.182 78
      vertex 74.4785 10.1452 78
      vertex 74.4785 15.8548 78
    endloop
  endfacet
  facet normal 0 0 1
    outer loop
      vertex 74.182 16.182 78
      vertex 74.182 9.81802 78
      vertex 74.4785 10.1452 78
    endloop
  endfacet
  facet normal 0 0 1
    outer loop
      vertex 73.8548 16.4785 78
      vertex 74.182 9.81802 78
      vertex 74.182 16.182 78
    endloop
  endfacet
  facet normal 0 0 1
    outer loop
      vertex 73.8548 16.4785 78
      vertex 73.8548 9.52145 78
      vertex 74.182 9.81802 78
    endloop
  endfacet
  facet normal 0 0 1
    outer loop
      vertex 73.5001 16.7416 78
      vertex 73.8548 9.52145 78
      vertex 73.8548 16.4785 78
    endloop
  endfacet
  facet normal 0 0 1
    outer loop
      vertex 73.4604 9.23461 78
      vertex 73.8548 9.52145 78
      vertex 73.5001 16.7416 78
    endloop
  endfacet
  facet normal 0 0 1
    outer loop
      vertex 73.8548 9.52145 78
      vertex 73.4604 9.23461 78
      vertex 73.5001 9.25839 78
    endloop
  endfacet
  facet normal 0 0 1
    outer loop
      vertex 73.1213 16.9686 78
      vertex 73.4604 9.23461 78
      vertex 73.5001 16.7416 78
    endloop
  endfacet
  facet normal 0 0 1
    outer loop
      vertex 72.7221 17.1575 78
      vertex 73.4604 9.23461 78
      vertex 73.1213 16.9686 78
    endloop
  endfacet
  facet normal 0 0 1
    outer loop
      vertex 68.5396 9.23461 78
      vertex 73.4604 9.23461 78
      vertex 72.7221 17.1575 78
    endloop
  endfacet
  facet normal 0 0 1
    outer loop
      vertex 68.5396 9.23461 78
      vertex 72.7221 17.1575 78
      vertex 72.3063 17.3062 78
    endloop
  endfacet
  facet normal 0 0 1
    outer loop
      vertex 73.4604 9.23461 78
      vertex 68.5396 9.23461 78
      vertex 72.6478 3.87252 78
    endloop
  endfacet
  facet normal 0 0 1
    outer loop
      vertex 68.5396 9.23461 78
      vertex 72.3063 17.3062 78
      vertex 71.8779 17.4135 78
    endloop
  endfacet
  facet normal 0 0 1
    outer loop
      vertex 68.5396 9.23461 78
      vertex 71.8779 17.4135 78
      vertex 71.4411 17.4783 78
    endloop
  endfacet
  facet normal 0 -0 1
    outer loop
      vertex 69.4706 3.09172 78
      vertex 72.6478 3.87252 78
      vertex 68.5396 9.23461 78
    endloop
  endfacet
  facet normal 0 0 1
    outer loop
      vertex 68.5396 9.23461 78
      vertex 71.4411 17.4783 78
      vertex 71 17.5 78
    endloop
  endfacet
  facet normal 0 0 1
    outer loop
      vertex 68.5396 9.23461 78
      vertex 71 17.5 78
      vertex 70.5589 17.4783 78
    endloop
  endfacet
  facet normal 0 0 1
    outer loop
      vertex 68.5396 9.23461 78
      vertex 70.5589 17.4783 78
      vertex 70.1221 17.4135 78
    endloop
  endfacet
  facet normal 0 0 1
    outer loop
      vertex 68.5396 9.23461 78
      vertex 70.1221 17.4135 78
      vertex 69.6937 17.3062 78
    endloop
  endfacet
  facet normal 0 -0 1
    outer loop
      vertex 71.1214 0.307435 78
      vertex 72.6478 3.87252 78
      vertex 69.4706 3.09172 78
    endloop
  endfacet
  facet normal 0 0 1
    outer loop
      vertex 71.1214 0.307435 78
      vertex 69.4706 3.09172 78
      vertex 69.5683 0.0770435 78
    endloop
  endfacet
  facet normal 0 0 1
    outer loop
      vertex 68.5396 9.23461 78
      vertex 69.6937 17.3062 78
      vertex 69.2779 17.1575 78
    endloop
  endfacet
  facet normal 0 0 1
    outer loop
      vertex 68.5396 9.23461 78
      vertex 69.2779 17.1575 78
      vertex 68.8787 16.9686 78
    endloop
  endfacet
  facet normal 0 0 1
    outer loop
      vertex 72.6478 3.87252 78
      vertex 71.1214 0.307435 78
      vertex 72.6446 0.688954 78
    endloop
  endfacet
  facet normal -0 0 1
    outer loop
      vertex 68.4999 16.7416 78
      vertex 68.5396 9.23461 78
      vertex 68.8787 16.9686 78
    endloop
  endfacet
  facet normal -0 0 1
    outer loop
      vertex 68.1452 16.4785 78
      vertex 68.5396 9.23461 78
      vertex 68.4999 16.7416 78
    endloop
  endfacet
  facet normal -0 0 1
    outer loop
      vertex 68.1452 9.52145 78
      vertex 68.5396 9.23461 78
      vertex 68.1452 16.4785 78
    endloop
  endfacet
  facet normal 0 0 1
    outer loop
      vertex 68.5396 9.23461 78
      vertex 68.1452 9.52145 78
      vertex 68.4999 9.25839 78
    endloop
  endfacet
  facet normal -0 0 1
    outer loop
      vertex 67.818 16.182 78
      vertex 68.1452 9.52145 78
      vertex 68.1452 16.4785 78
    endloop
  endfacet
  facet normal 0 0 1
    outer loop
      vertex 67.818 16.182 78
      vertex 67.818 9.81802 78
      vertex 68.1452 9.52145 78
    endloop
  endfacet
  facet normal -0 0 1
    outer loop
      vertex 67.5215 15.8548 78
      vertex 67.818 9.81802 78
      vertex 67.818 16.182 78
    endloop
  endfacet
  facet normal 0 0 1
    outer loop
      vertex 67.5215 15.8548 78
      vertex 67.5215 10.1452 78
      vertex 67.818 9.81802 78
    endloop
  endfacet
  facet normal -0 0 1
    outer loop
      vertex 67.2584 15.5001 78
      vertex 67.5215 10.1452 78
      vertex 67.5215 15.8548 78
    endloop
  endfacet
  facet normal 0 0 1
    outer loop
      vertex 67.2584 15.5001 78
      vertex 67.2584 10.4999 78
      vertex 67.5215 10.1452 78
    endloop
  endfacet
  facet normal -0 0 1
    outer loop
      vertex 67.0314 15.1213 78
      vertex 67.2584 10.4999 78
      vertex 67.2584 15.5001 78
    endloop
  endfacet
  facet normal 0 0 1
    outer loop
      vertex 67.0314 15.1213 78
      vertex 67.0314 10.8787 78
      vertex 67.2584 10.4999 78
    endloop
  endfacet
  facet normal -0 0 1
    outer loop
      vertex 66.8425 14.7221 78
      vertex 67.0314 10.8787 78
      vertex 67.0314 15.1213 78
    endloop
  endfacet
  facet normal 0 0 1
    outer loop
      vertex 66.8425 14.7221 78
      vertex 66.8425 11.2779 78
      vertex 67.0314 10.8787 78
    endloop
  endfacet
  facet normal -0 0 1
    outer loop
      vertex 66.6938 14.3063 78
      vertex 66.8425 11.2779 78
      vertex 66.8425 14.7221 78
    endloop
  endfacet
  facet normal 0 0 1
    outer loop
      vertex 66.6938 14.3063 78
      vertex 66.6938 11.6937 78
      vertex 66.8425 11.2779 78
    endloop
  endfacet
  facet normal -0 0 1
    outer loop
      vertex 66.5865 13.8779 78
      vertex 66.6938 11.6937 78
      vertex 66.6938 14.3063 78
    endloop
  endfacet
  facet normal 0 0 1
    outer loop
      vertex 66.5865 13.8779 78
      vertex 66.5865 12.1221 78
      vertex 66.6938 11.6937 78
    endloop
  endfacet
  facet normal -0 0 1
    outer loop
      vertex 66.5217 13.4411 78
      vertex 66.5865 12.1221 78
      vertex 66.5865 13.8779 78
    endloop
  endfacet
  facet normal 0 0 1
    outer loop
      vertex 66.5217 13.4411 78
      vertex 66.5217 12.5589 78
      vertex 66.5865 12.1221 78
    endloop
  endfacet
  facet normal 0 -0 1
    outer loop
      vertex 66.5217 12.5589 78
      vertex 66.5217 13.4411 78
      vertex 66.5 13 78
    endloop
  endfacet
  facet normal 0 0 1
    outer loop
      vertex 82.1107 8.45765 78
      vertex 79.465 9.87184 78
      vertex 81.3035 7.11088 78
    endloop
  endfacet
  facet normal -0 0 1
    outer loop
      vertex 78.8091 8.77759 78
      vertex 81.3035 7.11088 78
      vertex 79.465 9.87184 78
    endloop
  endfacet
  facet normal 0 0 1
    outer loop
      vertex 81.3035 7.11088 78
      vertex 78.8091 8.77759 78
      vertex 80.3682 5.84971 78
    endloop
  endfacet
  facet normal -0 0 1
    outer loop
      vertex 78.0491 7.75289 78
      vertex 80.3682 5.84971 78
      vertex 78.8091 8.77759 78
    endloop
  endfacet
  facet normal 0 0 1
    outer loop
      vertex 80.3682 5.84971 78
      vertex 78.0491 7.75289 78
      vertex 79.3137 4.68629 78
    endloop
  endfacet
  facet normal -0 0 1
    outer loop
      vertex 77.1924 6.80761 78
      vertex 79.3137 4.68629 78
      vertex 78.0491 7.75289 78
    endloop
  endfacet
  facet normal 0 0 1
    outer loop
      vertex 79.3137 4.68629 78
      vertex 77.1924 6.80761 78
      vertex 78.1503 3.63183 78
    endloop
  endfacet
  facet normal -0 0 1
    outer loop
      vertex 76.2471 5.95086 78
      vertex 78.1503 3.63183 78
      vertex 77.1924 6.80761 78
    endloop
  endfacet
  facet normal 0 0 1
    outer loop
      vertex 78.1503 3.63183 78
      vertex 76.2471 5.95086 78
      vertex 76.8891 2.69649 78
    endloop
  endfacet
  facet normal -0 0 1
    outer loop
      vertex 75.2224 5.19089 78
      vertex 76.8891 2.69649 78
      vertex 76.2471 5.95086 78
    endloop
  endfacet
  facet normal 0 0 1
    outer loop
      vertex 76.8891 2.69649 78
      vertex 75.2224 5.19089 78
      vertex 75.5423 1.88926 78
    endloop
  endfacet
  facet normal -0 0 1
    outer loop
      vertex 74.1282 4.53502 78
      vertex 75.5423 1.88926 78
      vertex 75.2224 5.19089 78
    endloop
  endfacet
  facet normal 0 0 1
    outer loop
      vertex 74.1282 4.53502 78
      vertex 74.1229 1.21793 78
      vertex 75.5423 1.88926 78
    endloop
  endfacet
  facet normal -0 0 1
    outer loop
      vertex 72.9749 3.98957 78
      vertex 74.1229 1.21793 78
      vertex 74.1282 4.53502 78
    endloop
  endfacet
  facet normal -0 0 1
    outer loop
      vertex 72.6478 3.87252 78
      vertex 74.1229 1.21793 78
      vertex 72.9749 3.98957 78
    endloop
  endfacet
  facet normal 0 0 1
    outer loop
      vertex 74.1229 1.21793 78
      vertex 72.6478 3.87252 78
      vertex 72.6446 0.688954 78
    endloop
  endfacet
  facet normal 0.427557 -0.903988 0
    outer loop
      vertex 74.1229 1.21793 0
      vertex 75.5423 1.88926 78
      vertex 74.1229 1.21793 78
    endloop
  endfacet
  facet normal 0.427557 -0.903988 0
    outer loop
      vertex 75.5423 1.88926 78
      vertex 74.1229 1.21793 0
      vertex 75.5423 1.88926 0
    endloop
  endfacet
  facet normal 0.336908 -0.941538 0
    outer loop
      vertex 72.6446 0.688954 0
      vertex 74.1229 1.21793 78
      vertex 72.6446 0.688954 78
    endloop
  endfacet
  facet normal 0.336908 -0.941538 0
    outer loop
      vertex 74.1229 1.21793 78
      vertex 72.6446 0.688954 0
      vertex 74.1229 1.21793 0
    endloop
  endfacet
  facet normal 0.514098 -0.857732 0
    outer loop
      vertex 75.5423 1.88926 0
      vertex 76.8891 2.69649 78
      vertex 75.5423 1.88926 78
    endloop
  endfacet
  facet normal 0.514098 -0.857732 0
    outer loop
      vertex 76.8891 2.69649 78
      vertex 75.5423 1.88926 0
      vertex 76.8891 2.69649 0
    endloop
  endfacet
  facet normal 0.857735 -0.514092 0
    outer loop
      vertex 81.3035 7.11088 78
      vertex 82.1107 8.45765 0
      vertex 82.1107 8.45765 78
    endloop
  endfacet
  facet normal 0.857735 -0.514092 0
    outer loop
      vertex 82.1107 8.45765 0
      vertex 81.3035 7.11088 78
      vertex 81.3035 7.11088 0
    endloop
  endfacet
  facet normal 0.671537 -0.740971 0
    outer loop
      vertex 6.80761 77.1924 0
      vertex 7.75289 78.0491 78
      vertex 6.80761 77.1924 78
    endloop
  endfacet
  facet normal 0.671537 -0.740971 0
    outer loop
      vertex 7.75289 78.0491 78
      vertex 6.80761 77.1924 0
      vertex 7.75289 78.0491 0
    endloop
  endfacet
  facet normal -0.0490697 0.998795 0
    outer loop
      vertex 69.2742 3.0626 0
      vertex 68 3 78
      vertex 69.2742 3.0626 78
    endloop
  endfacet
  facet normal -0.0490697 0.998795 0
    outer loop
      vertex 68 3 78
      vertex 69.2742 3.0626 0
      vertex 68 3 0
    endloop
  endfacet
  facet normal 0 1 -0
    outer loop
      vertex 68 3 0
      vertex 16 3 78
      vertex 68 3 78
    endloop
  endfacet
  facet normal 0 1 0
    outer loop
      vertex 16 3 78
      vertex 68 3 0
      vertex 16 3 0
    endloop
  endfacet
  facet normal 0.998795 -0.0490697 0
    outer loop
      vertex 3 68 78
      vertex 3.0626 69.2742 0
      vertex 3.0626 69.2742 78
    endloop
  endfacet
  facet normal 0.998795 -0.0490697 0
    outer loop
      vertex 3.0626 69.2742 0
      vertex 3 68 78
      vertex 3 68 0
    endloop
  endfacet
  facet normal 0.941533 -0.33692 0
    outer loop
      vertex 3.87252 72.6478 78
      vertex 3.98957 72.9749 0
      vertex 3.98957 72.9749 78
    endloop
  endfacet
  facet normal 0.941533 -0.33692 0
    outer loop
      vertex 3.98957 72.9749 0
      vertex 3.87252 72.6478 78
      vertex 3.87252 72.6478 0
    endloop
  endfacet
  facet normal -0.989201 0.146567 0
    outer loop
      vertex 80.9083 14.5294 0
      vertex 80.9374 14.7258 78
      vertex 80.9374 14.7258 0
    endloop
  endfacet
  facet normal -0.989201 0.146567 0
    outer loop
      vertex 80.9374 14.7258 78
      vertex 80.9083 14.5294 0
      vertex 80.9083 14.5294 78
    endloop
  endfacet
  facet normal 0.5957 0.803207 -0
    outer loop
      vertex 8.77759 5.19089 0
      vertex 7.75289 5.95086 78
      vertex 8.77759 5.19089 78
    endloop
  endfacet
  facet normal 0.5957 0.803207 0
    outer loop
      vertex 7.75289 5.95086 78
      vertex 8.77759 5.19089 0
      vertex 7.75289 5.95086 0
    endloop
  endfacet
  facet normal -0.5957 0.803207 0
    outer loop
      vertex 76.2471 5.95086 0
      vertex 75.2224 5.19089 78
      vertex 76.2471 5.95086 78
    endloop
  endfacet
  facet normal -0.5957 0.803207 0
    outer loop
      vertex 75.2224 5.19089 78
      vertex 76.2471 5.95086 0
      vertex 75.2224 5.19089 0
    endloop
  endfacet
  facet normal -0.337047 -0.941488 0
    outer loop
      vertex 72.6478 80.1275 0
      vertex 72.9749 80.0104 78
      vertex 72.6478 80.1275 78
    endloop
  endfacet
  facet normal -0.337047 -0.941488 -0
    outer loop
      vertex 72.9749 80.0104 78
      vertex 72.6478 80.1275 0
      vertex 72.9749 80.0104 0
    endloop
  endfacet
  facet normal 0 -1 0
    outer loop
      vertex 16 81 78
      vertex 17 81 16
      vertex 68 81 78
    endloop
  endfacet
  facet normal 0 -1 0
    outer loop
      vertex 16 81 0
      vertex 17 81 16
      vertex 16 81 78
    endloop
  endfacet
  facet normal 0 -1 -0
    outer loop
      vertex 17 81 4
      vertex 16 81 0
      vertex 67 81 4
    endloop
  endfacet
  facet normal 0 -1 -0
    outer loop
      vertex 17 81 16
      vertex 16 81 0
      vertex 17 81 4
    endloop
  endfacet
  facet normal 0 -1 0
    outer loop
      vertex 67 81 16
      vertex 68 81 78
      vertex 17 81 16
    endloop
  endfacet
  facet normal 0 -1 0
    outer loop
      vertex 68 81 0
      vertex 67 81 16
      vertex 67 81 4
    endloop
  endfacet
  facet normal 0 -1 0
    outer loop
      vertex 67 81 16
      vertex 68 81 0
      vertex 68 81 78
    endloop
  endfacet
  facet normal 0 -1 0
    outer loop
      vertex 68 81 0
      vertex 67 81 4
      vertex 16 81 0
    endloop
  endfacet
  facet normal 0.903995 -0.427542 0
    outer loop
      vertex 3.98957 72.9749 78
      vertex 4.53502 74.1282 0
      vertex 4.53502 74.1282 78
    endloop
  endfacet
  facet normal 0.903995 -0.427542 0
    outer loop
      vertex 4.53502 74.1282 0
      vertex 3.98957 72.9749 78
      vertex 3.98957 72.9749 0
    endloop
  endfacet
  facet normal -0.740971 0.671537 0
    outer loop
      vertex 77.1924 6.80761 0
      vertex 78.0491 7.75289 78
      vertex 78.0491 7.75289 0
    endloop
  endfacet
  facet normal -0.740971 0.671537 0
    outer loop
      vertex 78.0491 7.75289 78
      vertex 77.1924 6.80761 0
      vertex 77.1924 6.80761 78
    endloop
  endfacet
  facet normal 0.671558 0.740952 -0
    outer loop
      vertex 7.75289 5.95086 0
      vertex 6.80761 6.80761 78
      vertex 7.75289 5.95086 78
    endloop
  endfacet
  facet normal 0.671558 0.740952 0
    outer loop
      vertex 6.80761 6.80761 78
      vertex 7.75289 5.95086 0
      vertex 6.80761 6.80761 0
    endloop
  endfacet
  facet normal -0.941488 -0.337047 0
    outer loop
      vertex 80.1275 72.6478 0
      vertex 80.0104 72.9749 78
      vertex 80.0104 72.9749 0
    endloop
  endfacet
  facet normal -0.941488 -0.337047 0
    outer loop
      vertex 80.0104 72.9749 78
      vertex 80.1275 72.6478 0
      vertex 80.1275 72.6478 78
    endloop
  endfacet
  facet normal 0.0490697 -0.998795 0
    outer loop
      vertex 14.7258 80.9374 0
      vertex 16 81 78
      vertex 14.7258 80.9374 78
    endloop
  endfacet
  facet normal 0.0490697 -0.998795 0
    outer loop
      vertex 16 81 78
      vertex 14.7258 80.9374 0
      vertex 16 81 0
    endloop
  endfacet
  facet normal -0.998795 -0.0490697 0
    outer loop
      vertex 81 68 0
      vertex 80.9374 69.2742 78
      vertex 80.9374 69.2742 0
    endloop
  endfacet
  facet normal -0.998795 -0.0490697 0
    outer loop
      vertex 80.9374 69.2742 78
      vertex 81 68 0
      vertex 81 68 78
    endloop
  endfacet
  facet normal 0.514121 -0.857718 0
    outer loop
      vertex 8.77759 78.8091 0
      vertex 9.87184 79.465 78
      vertex 8.77759 78.8091 78
    endloop
  endfacet
  facet normal 0.514121 -0.857718 0
    outer loop
      vertex 9.87184 79.465 78
      vertex 8.77759 78.8091 0
      vertex 9.87184 79.465 0
    endloop
  endfacet
  facet normal 0.998795 0.0490697 0
    outer loop
      vertex 3.0626 14.7258 78
      vertex 3 16 0
      vertex 3 16 78
    endloop
  endfacet
  facet normal 0.998795 0.0490697 0
    outer loop
      vertex 3 16 0
      vertex 3.0626 14.7258 78
      vertex 3.0626 14.7258 0
    endloop
  endfacet
  facet normal -0.941488 0.337047 0
    outer loop
      vertex 80.0104 11.0251 0
      vertex 80.1275 11.3522 78
      vertex 80.1275 11.3522 0
    endloop
  endfacet
  facet normal -0.941488 0.337047 0
    outer loop
      vertex 80.1275 11.3522 78
      vertex 80.0104 11.0251 0
      vertex 80.0104 11.0251 78
    endloop
  endfacet
  facet normal -0.595715 -0.803196 0
    outer loop
      vertex 75.2224 78.8091 0
      vertex 76.2471 78.0491 78
      vertex 75.2224 78.8091 78
    endloop
  endfacet
  facet normal -0.595715 -0.803196 -0
    outer loop
      vertex 76.2471 78.0491 78
      vertex 75.2224 78.8091 0
      vertex 76.2471 78.0491 0
    endloop
  endfacet
  facet normal -0.857707 -0.514138 0
    outer loop
      vertex 79.465 74.1282 0
      vertex 78.8091 75.2224 78
      vertex 78.8091 75.2224 0
    endloop
  endfacet
  facet normal -0.857707 -0.514138 0
    outer loop
      vertex 78.8091 75.2224 78
      vertex 79.465 74.1282 0
      vertex 79.465 74.1282 78
    endloop
  endfacet
  facet normal -0.146567 -0.989201 0
    outer loop
      vertex 69.2742 80.9374 0
      vertex 69.4706 80.9083 78
      vertex 69.2742 80.9374 78
    endloop
  endfacet
  facet normal -0.146567 -0.989201 -0
    outer loop
      vertex 69.4706 80.9083 78
      vertex 69.2742 80.9374 0
      vertex 69.4706 80.9083 0
    endloop
  endfacet
  facet normal 0.989186 -0.146665 0
    outer loop
      vertex 3.0626 69.2742 78
      vertex 3.09172 69.4706 0
      vertex 3.09172 69.4706 78
    endloop
  endfacet
  facet normal 0.989186 -0.146665 0
    outer loop
      vertex 3.09172 69.4706 0
      vertex 3.0626 69.2742 78
      vertex 3.0626 69.2742 0
    endloop
  endfacet
  facet normal 0.803207 -0.5957 0
    outer loop
      vertex 5.19089 75.2224 78
      vertex 5.95086 76.2471 0
      vertex 5.95086 76.2471 78
    endloop
  endfacet
  facet normal 0.803207 -0.5957 0
    outer loop
      vertex 5.95086 76.2471 0
      vertex 5.19089 75.2224 78
      vertex 5.19089 75.2224 0
    endloop
  endfacet
  facet normal 1 -0 0
    outer loop
      vertex 3 16 78
      vertex 3 68 0
      vertex 3 68 78
    endloop
  endfacet
  facet normal 1 0 0
    outer loop
      vertex 3 68 0
      vertex 3 16 78
      vertex 3 16 0
    endloop
  endfacet
  facet normal -0.146665 0.989186 0
    outer loop
      vertex 69.4706 3.09172 0
      vertex 69.2742 3.0626 78
      vertex 69.4706 3.09172 78
    endloop
  endfacet
  facet normal -0.146665 0.989186 0
    outer loop
      vertex 69.2742 3.0626 78
      vertex 69.4706 3.09172 0
      vertex 69.2742 3.0626 0
    endloop
  endfacet
  facet normal 0.90399 0.427554 0
    outer loop
      vertex 4.53502 9.87184 78
      vertex 3.98957 11.0251 0
      vertex 3.98957 11.0251 78
    endloop
  endfacet
  facet normal 0.90399 0.427554 0
    outer loop
      vertex 3.98957 11.0251 0
      vertex 4.53502 9.87184 78
      vertex 4.53502 9.87184 0
    endloop
  endfacet
  facet normal -0.67155 0.740959 0
    outer loop
      vertex 77.1924 6.80761 0
      vertex 76.2471 5.95086 78
      vertex 77.1924 6.80761 78
    endloop
  endfacet
  facet normal -0.67155 0.740959 0
    outer loop
      vertex 76.2471 5.95086 78
      vertex 77.1924 6.80761 0
      vertex 76.2471 5.95086 0
    endloop
  endfacet
  facet normal 0.857718 -0.514121 0
    outer loop
      vertex 4.53502 74.1282 78
      vertex 5.19089 75.2224 0
      vertex 5.19089 75.2224 78
    endloop
  endfacet
  facet normal 0.857718 -0.514121 0
    outer loop
      vertex 5.19089 75.2224 0
      vertex 4.53502 74.1282 78
      vertex 4.53502 74.1282 0
    endloop
  endfacet
  facet normal -0.740978 -0.671529 0
    outer loop
      vertex 78.0491 76.2471 0
      vertex 77.1924 77.1924 78
      vertex 77.1924 77.1924 0
    endloop
  endfacet
  facet normal -0.740978 -0.671529 0
    outer loop
      vertex 77.1924 77.1924 78
      vertex 78.0491 76.2471 0
      vertex 78.0491 76.2471 78
    endloop
  endfacet
  facet normal -0.514138 -0.857707 0
    outer loop
      vertex 74.1282 79.465 0
      vertex 75.2224 78.8091 78
      vertex 74.1282 79.465 78
    endloop
  endfacet
  facet normal -0.514138 -0.857707 -0
    outer loop
      vertex 75.2224 78.8091 78
      vertex 74.1282 79.465 0
      vertex 75.2224 78.8091 0
    endloop
  endfacet
  facet normal -0.33692 0.941533 0
    outer loop
      vertex 72.9749 3.98957 0
      vertex 72.6478 3.87252 78
      vertex 72.9749 3.98957 78
    endloop
  endfacet
  facet normal -0.33692 0.941533 0
    outer loop
      vertex 72.6478 3.87252 78
      vertex 72.9749 3.98957 0
      vertex 72.6478 3.87252 0
    endloop
  endfacet
  facet normal -0.989201 -0.146567 0
    outer loop
      vertex 80.9374 69.2742 0
      vertex 80.9083 69.4706 78
      vertex 80.9083 69.4706 0
    endloop
  endfacet
  facet normal -0.989201 -0.146567 0
    outer loop
      vertex 80.9083 69.4706 78
      vertex 80.9374 69.2742 0
      vertex 80.9374 69.2742 78
    endloop
  endfacet
  facet normal -0.671529 -0.740978 0
    outer loop
      vertex 76.2471 78.0491 0
      vertex 77.1924 77.1924 78
      vertex 76.2471 78.0491 78
    endloop
  endfacet
  facet normal -0.671529 -0.740978 -0
    outer loop
      vertex 77.1924 77.1924 78
      vertex 76.2471 78.0491 0
      vertex 77.1924 77.1924 0
    endloop
  endfacet
  facet normal 0.740959 -0.67155 0
    outer loop
      vertex 5.95086 76.2471 78
      vertex 6.80761 77.1924 0
      vertex 6.80761 77.1924 78
    endloop
  endfacet
  facet normal 0.740959 -0.67155 0
    outer loop
      vertex 6.80761 77.1924 0
      vertex 5.95086 76.2471 78
      vertex 5.95086 76.2471 0
    endloop
  endfacet
  facet normal -0.514121 0.857718 0
    outer loop
      vertex 75.2224 5.19089 0
      vertex 74.1282 4.53502 78
      vertex 75.2224 5.19089 78
    endloop
  endfacet
  facet normal -0.514121 0.857718 0
    outer loop
      vertex 74.1282 4.53502 78
      vertex 75.2224 5.19089 0
      vertex 74.1282 4.53502 0
    endloop
  endfacet
  facet normal 0.740952 0.671558 0
    outer loop
      vertex 6.80761 6.80761 78
      vertex 5.95086 7.75289 0
      vertex 5.95086 7.75289 78
    endloop
  endfacet
  facet normal 0.740952 0.671558 0
    outer loop
      vertex 5.95086 7.75289 0
      vertex 6.80761 6.80761 78
      vertex 6.80761 6.80761 0
    endloop
  endfacet
  facet normal 0.595715 -0.803196 0
    outer loop
      vertex 7.75289 78.0491 0
      vertex 8.77759 78.8091 78
      vertex 7.75289 78.0491 78
    endloop
  endfacet
  facet normal 0.595715 -0.803196 0
    outer loop
      vertex 8.77759 78.8091 78
      vertex 7.75289 78.0491 0
      vertex 8.77759 78.8091 0
    endloop
  endfacet
  facet normal 0.0490697 0.998795 -0
    outer loop
      vertex 16 3 0
      vertex 14.7258 3.0626 78
      vertex 16 3 78
    endloop
  endfacet
  facet normal 0.0490697 0.998795 0
    outer loop
      vertex 14.7258 3.0626 78
      vertex 16 3 0
      vertex 14.7258 3.0626 0
    endloop
  endfacet
  facet normal -0.0490697 -0.998795 0
    outer loop
      vertex 68 81 0
      vertex 69.2742 80.9374 78
      vertex 68 81 78
    endloop
  endfacet
  facet normal -0.0490697 -0.998795 -0
    outer loop
      vertex 69.2742 80.9374 78
      vertex 68 81 0
      vertex 69.2742 80.9374 0
    endloop
  endfacet
  facet normal -0.803196 -0.595715 0
    outer loop
      vertex 78.8091 75.2224 0
      vertex 78.0491 76.2471 78
      vertex 78.0491 76.2471 0
    endloop
  endfacet
  facet normal -0.803196 -0.595715 0
    outer loop
      vertex 78.0491 76.2471 78
      vertex 78.8091 75.2224 0
      vertex 78.8091 75.2224 78
    endloop
  endfacet
  facet normal 0.33692 0.941533 -0
    outer loop
      vertex 11.3522 3.87252 0
      vertex 11.0251 3.98957 78
      vertex 11.3522 3.87252 78
    endloop
  endfacet
  facet normal 0.33692 0.941533 0
    outer loop
      vertex 11.0251 3.98957 78
      vertex 11.3522 3.87252 0
      vertex 11.0251 3.98957 0
    endloop
  endfacet
  facet normal 0.146567 -0.989201 0
    outer loop
      vertex 14.5294 80.9083 0
      vertex 14.7258 80.9374 78
      vertex 14.5294 80.9083 78
    endloop
  endfacet
  facet normal 0.146567 -0.989201 0
    outer loop
      vertex 14.7258 80.9374 78
      vertex 14.5294 80.9083 0
      vertex 14.7258 80.9374 0
    endloop
  endfacet
  facet normal 0.337047 -0.941488 0
    outer loop
      vertex 11.0251 80.0104 0
      vertex 11.3522 80.1275 78
      vertex 11.0251 80.0104 78
    endloop
  endfacet
  facet normal 0.337047 -0.941488 0
    outer loop
      vertex 11.3522 80.1275 78
      vertex 11.0251 80.0104 0
      vertex 11.3522 80.1275 0
    endloop
  endfacet
  facet normal -0.904005 0.427522 0
    outer loop
      vertex 79.465 9.87184 0
      vertex 80.0104 11.0251 78
      vertex 80.0104 11.0251 0
    endloop
  endfacet
  facet normal -0.904005 0.427522 0
    outer loop
      vertex 80.0104 11.0251 78
      vertex 79.465 9.87184 0
      vertex 79.465 9.87184 78
    endloop
  endfacet
  facet normal -0.857718 0.514121 0
    outer loop
      vertex 78.8091 8.77759 0
      vertex 79.465 9.87184 78
      vertex 79.465 9.87184 0
    endloop
  endfacet
  facet normal -0.857718 0.514121 0
    outer loop
      vertex 79.465 9.87184 78
      vertex 78.8091 8.77759 0
      vertex 78.8091 8.77759 78
    endloop
  endfacet
  facet normal -0.998795 0.0490697 0
    outer loop
      vertex 80.9374 14.7258 0
      vertex 81 16 78
      vertex 81 16 0
    endloop
  endfacet
  facet normal -0.998795 0.0490697 0
    outer loop
      vertex 81 16 78
      vertex 80.9374 14.7258 0
      vertex 80.9374 14.7258 78
    endloop
  endfacet
  facet normal -0.42751 -0.904011 0
    outer loop
      vertex 72.9749 80.0104 0
      vertex 74.1282 79.465 78
      vertex 72.9749 80.0104 78
    endloop
  endfacet
  facet normal -0.42751 -0.904011 -0
    outer loop
      vertex 74.1282 79.465 78
      vertex 72.9749 80.0104 0
      vertex 74.1282 79.465 0
    endloop
  endfacet
  facet normal 0.427554 0.90399 -0
    outer loop
      vertex 11.0251 3.98957 0
      vertex 9.87184 4.53502 78
      vertex 11.0251 3.98957 78
    endloop
  endfacet
  facet normal 0.427554 0.90399 0
    outer loop
      vertex 9.87184 4.53502 78
      vertex 11.0251 3.98957 0
      vertex 9.87184 4.53502 0
    endloop
  endfacet
  facet normal 0.803207 0.5957 0
    outer loop
      vertex 5.95086 7.75289 78
      vertex 5.19089 8.77759 0
      vertex 5.19089 8.77759 78
    endloop
  endfacet
  facet normal 0.803207 0.5957 0
    outer loop
      vertex 5.19089 8.77759 0
      vertex 5.95086 7.75289 78
      vertex 5.95086 7.75289 0
    endloop
  endfacet
  facet normal 0.857728 0.514104 0
    outer loop
      vertex 5.19089 8.77759 78
      vertex 4.53502 9.87184 0
      vertex 4.53502 9.87184 78
    endloop
  endfacet
  facet normal 0.857728 0.514104 0
    outer loop
      vertex 4.53502 9.87184 0
      vertex 5.19089 8.77759 78
      vertex 5.19089 8.77759 0
    endloop
  endfacet
  facet normal -0.427542 0.903995 0
    outer loop
      vertex 74.1282 4.53502 0
      vertex 72.9749 3.98957 78
      vertex 74.1282 4.53502 78
    endloop
  endfacet
  facet normal -0.427542 0.903995 0
    outer loop
      vertex 72.9749 3.98957 78
      vertex 74.1282 4.53502 0
      vertex 72.9749 3.98957 0
    endloop
  endfacet
  facet normal -0.904011 -0.42751 0
    outer loop
      vertex 80.0104 72.9749 0
      vertex 79.465 74.1282 78
      vertex 79.465 74.1282 0
    endloop
  endfacet
  facet normal -0.904011 -0.42751 0
    outer loop
      vertex 79.465 74.1282 78
      vertex 80.0104 72.9749 0
      vertex 80.0104 72.9749 78
    endloop
  endfacet
  facet normal 0.514104 0.857728 -0
    outer loop
      vertex 9.87184 4.53502 0
      vertex 8.77759 5.19089 78
      vertex 9.87184 4.53502 78
    endloop
  endfacet
  facet normal 0.514104 0.857728 0
    outer loop
      vertex 8.77759 5.19089 78
      vertex 9.87184 4.53502 0
      vertex 8.77759 5.19089 0
    endloop
  endfacet
  facet normal -1 0 0
    outer loop
      vertex 81 16 0
      vertex 81 68 78
      vertex 81 68 0
    endloop
  endfacet
  facet normal -1 -0 0
    outer loop
      vertex 81 68 78
      vertex 81 16 0
      vertex 81 16 78
    endloop
  endfacet
  facet normal 0.427522 -0.904005 0
    outer loop
      vertex 9.87184 79.465 0
      vertex 11.0251 80.0104 78
      vertex 9.87184 79.465 78
    endloop
  endfacet
  facet normal 0.427522 -0.904005 0
    outer loop
      vertex 11.0251 80.0104 78
      vertex 9.87184 79.465 0
      vertex 11.0251 80.0104 0
    endloop
  endfacet
  facet normal 0.989186 0.146665 0
    outer loop
      vertex 3.09172 14.5294 78
      vertex 3.0626 14.7258 0
      vertex 3.0626 14.7258 78
    endloop
  endfacet
  facet normal 0.989186 0.146665 0
    outer loop
      vertex 3.0626 14.7258 0
      vertex 3.09172 14.5294 78
      vertex 3.09172 14.5294 0
    endloop
  endfacet
  facet normal 0.146665 0.989186 -0
    outer loop
      vertex 14.7258 3.0626 0
      vertex 14.5294 3.09172 78
      vertex 14.7258 3.0626 78
    endloop
  endfacet
  facet normal 0.146665 0.989186 0
    outer loop
      vertex 14.5294 3.09172 78
      vertex 14.7258 3.0626 0
      vertex 14.5294 3.09172 0
    endloop
  endfacet
  facet normal 0.941533 0.33692 0
    outer loop
      vertex 3.98957 11.0251 78
      vertex 3.87252 11.3522 0
      vertex 3.87252 11.3522 78
    endloop
  endfacet
  facet normal 0.941533 0.33692 0
    outer loop
      vertex 3.87252 11.3522 0
      vertex 3.98957 11.0251 78
      vertex 3.98957 11.0251 0
    endloop
  endfacet
  facet normal -0.803196 0.595715 0
    outer loop
      vertex 78.0491 7.75289 0
      vertex 78.8091 8.77759 78
      vertex 78.8091 8.77759 0
    endloop
  endfacet
  facet normal -0.803196 0.595715 0
    outer loop
      vertex 78.8091 8.77759 78
      vertex 78.0491 7.75289 0
      vertex 78.0491 7.75289 78
    endloop
  endfacet
  facet normal 0.741015 0.671488 0
    outer loop
      vertex 16.4785 15.8548 78
      vertex 16.182 16.182 0
      vertex 16.182 16.182 78
    endloop
  endfacet
  facet normal 0.741015 0.671488 0
    outer loop
      vertex 16.182 16.182 0
      vertex 16.4785 15.8548 78
      vertex 16.4785 15.8548 0
    endloop
  endfacet
  facet normal 0.989174 0.146746 0
    outer loop
      vertex 17.4783 13.4411 78
      vertex 17.4135 13.8779 0
      vertex 17.4135 13.8779 78
    endloop
  endfacet
  facet normal 0.989174 0.146746 0
    outer loop
      vertex 17.4135 13.8779 0
      vertex 17.4783 13.4411 78
      vertex 17.4783 13.4411 0
    endloop
  endfacet
  facet normal 0.998792 0.0491358 0
    outer loop
      vertex 17.5 13 78
      vertex 17.4783 13.4411 0
      vertex 17.4783 13.4411 78
    endloop
  endfacet
  facet normal 0.998792 0.0491358 0
    outer loop
      vertex 17.4783 13.4411 0
      vertex 17.5 13 78
      vertex 17.5 13 0
    endloop
  endfacet
  facet normal 0.970036 0.242962 0
    outer loop
      vertex 17.4135 13.8779 78
      vertex 17.3062 14.3063 0
      vertex 17.3062 14.3063 78
    endloop
  endfacet
  facet normal 0.970036 0.242962 0
    outer loop
      vertex 17.3062 14.3063 0
      vertex 17.4135 13.8779 78
      vertex 17.4135 13.8779 0
    endloop
  endfacet
  facet normal 0.671488 0.741015 -0
    outer loop
      vertex 16.182 16.182 0
      vertex 15.8548 16.4785 78
      vertex 16.182 16.182 78
    endloop
  endfacet
  facet normal 0.671488 0.741015 0
    outer loop
      vertex 15.8548 16.4785 78
      vertex 16.182 16.182 0
      vertex 15.8548 16.4785 0
    endloop
  endfacet
  facet normal 0.941598 0.336738 0
    outer loop
      vertex 17.3062 14.3063 78
      vertex 17.1575 14.7221 0
      vertex 17.1575 14.7221 78
    endloop
  endfacet
  facet normal 0.941598 0.336738 0
    outer loop
      vertex 17.1575 14.7221 0
      vertex 17.3062 14.3063 78
      vertex 17.3062 14.3063 0
    endloop
  endfacet
  facet normal -0.595694 -0.803211 0
    outer loop
      vertex 10.1452 9.52145 0
      vertex 10.4999 9.25839 78
      vertex 10.1452 9.52145 78
    endloop
  endfacet
  facet normal -0.595694 -0.803211 -0
    outer loop
      vertex 10.4999 9.25839 78
      vertex 10.1452 9.52145 0
      vertex 10.4999 9.25839 0
    endloop
  endfacet
  facet normal 0.51386 -0.857874 0
    outer loop
      vertex 15.4604 9.23461 0
      vertex 15.5001 9.25839 78
      vertex 15.4604 9.23461 78
    endloop
  endfacet
  facet normal 0.51386 -0.857874 0
    outer loop
      vertex 15.5001 9.25839 78
      vertex 15.4604 9.23461 0
      vertex 15.5001 9.25839 0
    endloop
  endfacet
  facet normal 0.857773 0.514029 0
    outer loop
      vertex 16.9686 15.1213 78
      vertex 16.7416 15.5001 0
      vertex 16.7416 15.5001 78
    endloop
  endfacet
  facet normal 0.857773 0.514029 0
    outer loop
      vertex 16.7416 15.5001 0
      vertex 16.9686 15.1213 78
      vertex 16.9686 15.1213 0
    endloop
  endfacet
  facet normal 0.903908 0.427726 0
    outer loop
      vertex 17.1575 14.7221 78
      vertex 16.9686 15.1213 0
      vertex 16.9686 15.1213 78
    endloop
  endfacet
  facet normal 0.903908 0.427726 0
    outer loop
      vertex 16.9686 15.1213 0
      vertex 17.1575 14.7221 78
      vertex 17.1575 14.7221 0
    endloop
  endfacet
  facet normal 0.970036 -0.242962 0
    outer loop
      vertex 17.3062 11.6937 78
      vertex 17.4135 12.1221 0
      vertex 17.4135 12.1221 78
    endloop
  endfacet
  facet normal 0.970036 -0.242962 0
    outer loop
      vertex 17.4135 12.1221 0
      vertex 17.3062 11.6937 78
      vertex 17.3062 11.6937 0
    endloop
  endfacet
  facet normal -0.514029 0.857773 0
    outer loop
      vertex 10.8787 16.9686 0
      vertex 10.4999 16.7416 78
      vertex 10.8787 16.9686 78
    endloop
  endfacet
  facet normal -0.514029 0.857773 0
    outer loop
      vertex 10.4999 16.7416 78
      vertex 10.8787 16.9686 0
      vertex 10.4999 16.7416 0
    endloop
  endfacet
  facet normal 0.242962 0.970036 -0
    outer loop
      vertex 14.3063 17.3062 0
      vertex 13.8779 17.4135 78
      vertex 14.3063 17.3062 78
    endloop
  endfacet
  facet normal 0.242962 0.970036 0
    outer loop
      vertex 13.8779 17.4135 78
      vertex 14.3063 17.3062 0
      vertex 13.8779 17.4135 0
    endloop
  endfacet
  facet normal 0.941598 -0.336738 0
    outer loop
      vertex 17.1575 11.2779 78
      vertex 17.3062 11.6937 0
      vertex 17.3062 11.6937 78
    endloop
  endfacet
  facet normal 0.941598 -0.336738 0
    outer loop
      vertex 17.3062 11.6937 0
      vertex 17.1575 11.2779 78
      vertex 17.1575 11.2779 0
    endloop
  endfacet
  facet normal 0.989174 -0.146746 0
    outer loop
      vertex 17.4135 12.1221 78
      vertex 17.4783 12.5589 0
      vertex 17.4783 12.5589 78
    endloop
  endfacet
  facet normal 0.989174 -0.146746 0
    outer loop
      vertex 17.4783 12.5589 0
      vertex 17.4135 12.1221 78
      vertex 17.4135 12.1221 0
    endloop
  endfacet
  facet normal 0.146746 0.989174 -0
    outer loop
      vertex 13.8779 17.4135 0
      vertex 13.4411 17.4783 78
      vertex 13.8779 17.4135 78
    endloop
  endfacet
  facet normal 0.146746 0.989174 0
    outer loop
      vertex 13.4411 17.4783 78
      vertex 13.8779 17.4135 0
      vertex 13.4411 17.4783 0
    endloop
  endfacet
  facet normal -0.427726 0.903908 0
    outer loop
      vertex 11.2779 17.1575 0
      vertex 10.8787 16.9686 78
      vertex 11.2779 17.1575 78
    endloop
  endfacet
  facet normal -0.427726 0.903908 0
    outer loop
      vertex 10.8787 16.9686 78
      vertex 11.2779 17.1575 0
      vertex 10.8787 16.9686 0
    endloop
  endfacet
  facet normal -0.146746 0.989174 0
    outer loop
      vertex 12.5589 17.4783 0
      vertex 12.1221 17.4135 78
      vertex 12.5589 17.4783 78
    endloop
  endfacet
  facet normal -0.146746 0.989174 0
    outer loop
      vertex 12.1221 17.4135 78
      vertex 12.5589 17.4783 0
      vertex 12.1221 17.4135 0
    endloop
  endfacet
  facet normal -0.671511 0.740995 0
    outer loop
      vertex 10.1452 16.4785 0
      vertex 9.81802 16.182 78
      vertex 10.1452 16.4785 78
    endloop
  endfacet
  facet normal -0.671511 0.740995 0
    outer loop
      vertex 9.81802 16.182 78
      vertex 10.1452 16.4785 0
      vertex 9.81802 16.182 0
    endloop
  endfacet
  facet normal 0.857773 -0.514029 0
    outer loop
      vertex 16.7416 10.4999 78
      vertex 16.9686 10.8787 0
      vertex 16.9686 10.8787 78
    endloop
  endfacet
  facet normal 0.857773 -0.514029 0
    outer loop
      vertex 16.9686 10.8787 0
      vertex 16.7416 10.4999 78
      vertex 16.7416 10.4999 0
    endloop
  endfacet
  facet normal -0.595753 0.803168 0
    outer loop
      vertex 10.4999 16.7416 0
      vertex 10.1452 16.4785 78
      vertex 10.4999 16.7416 78
    endloop
  endfacet
  facet normal -0.595753 0.803168 0
    outer loop
      vertex 10.1452 16.4785 78
      vertex 10.4999 16.7416 0
      vertex 10.1452 16.4785 0
    endloop
  endfacet
  facet normal 0.903908 -0.427726 0
    outer loop
      vertex 16.9686 10.8787 78
      vertex 17.1575 11.2779 0
      vertex 17.1575 11.2779 78
    endloop
  endfacet
  facet normal 0.903908 -0.427726 0
    outer loop
      vertex 17.1575 11.2779 0
      vertex 16.9686 10.8787 78
      vertex 16.9686 10.8787 0
    endloop
  endfacet
  facet normal 0.998792 -0.0491358 0
    outer loop
      vertex 17.4783 12.5589 78
      vertex 17.5 13 0
      vertex 17.5 13 78
    endloop
  endfacet
  facet normal 0.998792 -0.0491358 0
    outer loop
      vertex 17.5 13 0
      vertex 17.4783 12.5589 78
      vertex 17.4783 12.5589 0
    endloop
  endfacet
  facet normal -0.740936 0.671575 0
    outer loop
      vertex 9.52145 15.8548 0
      vertex 9.81802 16.182 78
      vertex 9.81802 16.182 0
    endloop
  endfacet
  facet normal -0.740936 0.671575 0
    outer loop
      vertex 9.81802 16.182 78
      vertex 9.52145 15.8548 0
      vertex 9.52145 15.8548 78
    endloop
  endfacet
  facet normal 0.514029 0.857773 -0
    outer loop
      vertex 15.5001 16.7416 0
      vertex 15.1213 16.9686 78
      vertex 15.5001 16.7416 78
    endloop
  endfacet
  facet normal 0.514029 0.857773 0
    outer loop
      vertex 15.1213 16.9686 78
      vertex 15.5001 16.7416 0
      vertex 15.1213 16.9686 0
    endloop
  endfacet
  facet normal 0.595753 0.803168 -0
    outer loop
      vertex 15.8548 16.4785 0
      vertex 15.5001 16.7416 78
      vertex 15.8548 16.4785 78
    endloop
  endfacet
  facet normal 0.595753 0.803168 0
    outer loop
      vertex 15.5001 16.7416 78
      vertex 15.8548 16.4785 0
      vertex 15.5001 16.7416 0
    endloop
  endfacet
  facet normal 0.740995 -0.671511 0
    outer loop
      vertex 16.182 9.81802 78
      vertex 16.4785 10.1452 0
      vertex 16.4785 10.1452 78
    endloop
  endfacet
  facet normal 0.740995 -0.671511 0
    outer loop
      vertex 16.4785 10.1452 0
      vertex 16.182 9.81802 78
      vertex 16.182 9.81802 0
    endloop
  endfacet
  facet normal 0.803168 -0.595753 0
    outer loop
      vertex 16.4785 10.1452 78
      vertex 16.7416 10.4999 0
      vertex 16.7416 10.4999 78
    endloop
  endfacet
  facet normal 0.803168 -0.595753 0
    outer loop
      vertex 16.7416 10.4999 0
      vertex 16.4785 10.1452 78
      vertex 16.4785 10.1452 0
    endloop
  endfacet
  facet normal -0.242962 0.970036 0
    outer loop
      vertex 12.1221 17.4135 0
      vertex 11.6937 17.3062 78
      vertex 12.1221 17.4135 78
    endloop
  endfacet
  facet normal -0.242962 0.970036 0
    outer loop
      vertex 11.6937 17.3062 78
      vertex 12.1221 17.4135 0
      vertex 11.6937 17.3062 0
    endloop
  endfacet
  facet normal 0.803168 0.595753 0
    outer loop
      vertex 16.7416 15.5001 78
      vertex 16.4785 15.8548 0
      vertex 16.4785 15.8548 78
    endloop
  endfacet
  facet normal 0.803168 0.595753 0
    outer loop
      vertex 16.4785 15.8548 0
      vertex 16.7416 15.5001 78
      vertex 16.7416 15.5001 0
    endloop
  endfacet
  facet normal 0.0491358 0.998792 -0
    outer loop
      vertex 13.4411 17.4783 0
      vertex 13 17.5 78
      vertex 13.4411 17.4783 78
    endloop
  endfacet
  facet normal 0.0491358 0.998792 0
    outer loop
      vertex 13 17.5 78
      vertex 13.4411 17.4783 0
      vertex 13 17.5 0
    endloop
  endfacet
  facet normal -0.857874 0.51386 0
    outer loop
      vertex 9.23461 15.4604 0
      vertex 9.25839 15.5001 78
      vertex 9.25839 15.5001 0
    endloop
  endfacet
  facet normal -0.857874 0.51386 0
    outer loop
      vertex 9.25839 15.5001 78
      vertex 9.23461 15.4604 0
      vertex 9.23461 15.4604 78
    endloop
  endfacet
  facet normal 0.427726 0.903908 -0
    outer loop
      vertex 15.1213 16.9686 0
      vertex 14.7221 17.1575 78
      vertex 15.1213 16.9686 78
    endloop
  endfacet
  facet normal 0.427726 0.903908 0
    outer loop
      vertex 14.7221 17.1575 78
      vertex 15.1213 16.9686 0
      vertex 14.7221 17.1575 0
    endloop
  endfacet
  facet normal -0.857874 -0.51386 0
    outer loop
      vertex 9.25839 10.4999 0
      vertex 9.23461 10.5396 78
      vertex 9.23461 10.5396 0
    endloop
  endfacet
  facet normal -0.857874 -0.51386 0
    outer loop
      vertex 9.23461 10.5396 78
      vertex 9.25839 10.4999 0
      vertex 9.25839 10.4999 78
    endloop
  endfacet
  facet normal -0.740916 -0.671598 0
    outer loop
      vertex 9.81802 9.81802 0
      vertex 9.52145 10.1452 78
      vertex 9.52145 10.1452 0
    endloop
  endfacet
  facet normal -0.740916 -0.671598 0
    outer loop
      vertex 9.52145 10.1452 78
      vertex 9.81802 9.81802 0
      vertex 9.81802 9.81802 78
    endloop
  endfacet
  facet normal -0.336738 0.941598 0
    outer loop
      vertex 11.6937 17.3062 0
      vertex 11.2779 17.1575 78
      vertex 11.6937 17.3062 78
    endloop
  endfacet
  facet normal -0.336738 0.941598 0
    outer loop
      vertex 11.2779 17.1575 78
      vertex 11.6937 17.3062 0
      vertex 11.2779 17.1575 0
    endloop
  endfacet
  facet normal -0.51386 -0.857874 0
    outer loop
      vertex 10.4999 9.25839 0
      vertex 10.5396 9.23461 78
      vertex 10.4999 9.25839 78
    endloop
  endfacet
  facet normal -0.51386 -0.857874 -0
    outer loop
      vertex 10.5396 9.23461 78
      vertex 10.4999 9.25839 0
      vertex 10.5396 9.23461 0
    endloop
  endfacet
  facet normal 0.595694 -0.803211 0
    outer loop
      vertex 15.5001 9.25839 0
      vertex 15.8548 9.52145 78
      vertex 15.5001 9.25839 78
    endloop
  endfacet
  facet normal 0.595694 -0.803211 0
    outer loop
      vertex 15.8548 9.52145 78
      vertex 15.5001 9.25839 0
      vertex 15.8548 9.52145 0
    endloop
  endfacet
  facet normal -0.0491358 0.998792 0
    outer loop
      vertex 13 17.5 0
      vertex 12.5589 17.4783 78
      vertex 13 17.5 78
    endloop
  endfacet
  facet normal -0.0491358 0.998792 0
    outer loop
      vertex 12.5589 17.4783 78
      vertex 13 17.5 0
      vertex 12.5589 17.4783 0
    endloop
  endfacet
  facet normal 0.336738 0.941598 -0
    outer loop
      vertex 14.7221 17.1575 0
      vertex 14.3063 17.3062 78
      vertex 14.7221 17.1575 78
    endloop
  endfacet
  facet normal 0.336738 0.941598 0
    outer loop
      vertex 14.3063 17.3062 78
      vertex 14.7221 17.1575 0
      vertex 14.3063 17.3062 0
    endloop
  endfacet
  facet normal -0.803211 -0.595694 0
    outer loop
      vertex 9.52145 10.1452 0
      vertex 9.25839 10.4999 78
      vertex 9.25839 10.4999 0
    endloop
  endfacet
  facet normal -0.803211 -0.595694 0
    outer loop
      vertex 9.25839 10.4999 78
      vertex 9.52145 10.1452 0
      vertex 9.52145 10.1452 78
    endloop
  endfacet
  facet normal -0.671598 -0.740916 0
    outer loop
      vertex 9.81802 9.81802 0
      vertex 10.1452 9.52145 78
      vertex 9.81802 9.81802 78
    endloop
  endfacet
  facet normal -0.671598 -0.740916 -0
    outer loop
      vertex 10.1452 9.52145 78
      vertex 9.81802 9.81802 0
      vertex 10.1452 9.52145 0
    endloop
  endfacet
  facet normal -0.803211 0.595694 0
    outer loop
      vertex 9.25839 15.5001 0
      vertex 9.52145 15.8548 78
      vertex 9.52145 15.8548 0
    endloop
  endfacet
  facet normal -0.803211 0.595694 0
    outer loop
      vertex 9.52145 15.8548 78
      vertex 9.25839 15.5001 0
      vertex 9.25839 15.5001 78
    endloop
  endfacet
  facet normal 0.671575 -0.740936 0
    outer loop
      vertex 15.8548 9.52145 0
      vertex 16.182 9.81802 78
      vertex 15.8548 9.52145 78
    endloop
  endfacet
  facet normal 0.671575 -0.740936 0
    outer loop
      vertex 16.182 9.81802 78
      vertex 15.8548 9.52145 0
      vertex 16.182 9.81802 0
    endloop
  endfacet
  facet normal 0.741015 0.671488 0
    outer loop
      vertex 74.4785 15.8548 78
      vertex 74.182 16.182 0
      vertex 74.182 16.182 78
    endloop
  endfacet
  facet normal 0.741015 0.671488 0
    outer loop
      vertex 74.182 16.182 0
      vertex 74.4785 15.8548 78
      vertex 74.4785 15.8548 0
    endloop
  endfacet
  facet normal 0.671488 0.741015 -0
    outer loop
      vertex 74.182 16.182 0
      vertex 73.8548 16.4785 78
      vertex 74.182 16.182 78
    endloop
  endfacet
  facet normal 0.671488 0.741015 0
    outer loop
      vertex 73.8548 16.4785 78
      vertex 74.182 16.182 0
      vertex 73.8548 16.4785 0
    endloop
  endfacet
  facet normal -0.595694 -0.803211 0
    outer loop
      vertex 68.1452 9.52145 0
      vertex 68.4999 9.25839 78
      vertex 68.1452 9.52145 78
    endloop
  endfacet
  facet normal -0.595694 -0.803211 -0
    outer loop
      vertex 68.4999 9.25839 78
      vertex 68.1452 9.52145 0
      vertex 68.4999 9.25839 0
    endloop
  endfacet
  facet normal 0.51386 -0.857874 0
    outer loop
      vertex 73.4604 9.23461 0
      vertex 73.5001 9.25839 78
      vertex 73.4604 9.23461 78
    endloop
  endfacet
  facet normal 0.51386 -0.857874 0
    outer loop
      vertex 73.5001 9.25839 78
      vertex 73.4604 9.23461 0
      vertex 73.5001 9.25839 0
    endloop
  endfacet
  facet normal 0.857683 0.514178 0
    outer loop
      vertex 74.7654 15.4604 78
      vertex 74.7416 15.5001 0
      vertex 74.7416 15.5001 78
    endloop
  endfacet
  facet normal 0.857683 0.514178 0
    outer loop
      vertex 74.7416 15.5001 0
      vertex 74.7654 15.4604 78
      vertex 74.7654 15.4604 0
    endloop
  endfacet
  facet normal -0.998792 -0.0491358 0
    outer loop
      vertex 66.5217 12.5589 0
      vertex 66.5 13 78
      vertex 66.5 13 0
    endloop
  endfacet
  facet normal -0.998792 -0.0491358 0
    outer loop
      vertex 66.5 13 78
      vertex 66.5217 12.5589 0
      vertex 66.5217 12.5589 78
    endloop
  endfacet
  facet normal -0.903908 -0.427726 0
    outer loop
      vertex 67.0314 10.8787 0
      vertex 66.8425 11.2779 78
      vertex 66.8425 11.2779 0
    endloop
  endfacet
  facet normal -0.903908 -0.427726 0
    outer loop
      vertex 66.8425 11.2779 78
      vertex 67.0314 10.8787 0
      vertex 67.0314 10.8787 78
    endloop
  endfacet
  facet normal -0.514029 0.857773 0
    outer loop
      vertex 68.8787 16.9686 0
      vertex 68.4999 16.7416 78
      vertex 68.8787 16.9686 78
    endloop
  endfacet
  facet normal -0.514029 0.857773 0
    outer loop
      vertex 68.4999 16.7416 78
      vertex 68.8787 16.9686 0
      vertex 68.4999 16.7416 0
    endloop
  endfacet
  facet normal -0.970036 -0.242962 0
    outer loop
      vertex 66.6938 11.6937 0
      vertex 66.5865 12.1221 78
      vertex 66.5865 12.1221 0
    endloop
  endfacet
  facet normal -0.970036 -0.242962 0
    outer loop
      vertex 66.5865 12.1221 78
      vertex 66.6938 11.6937 0
      vertex 66.6938 11.6937 78
    endloop
  endfacet
  facet normal 0.242962 0.970036 -0
    outer loop
      vertex 72.3063 17.3062 0
      vertex 71.8779 17.4135 78
      vertex 72.3063 17.3062 78
    endloop
  endfacet
  facet normal 0.242962 0.970036 0
    outer loop
      vertex 71.8779 17.4135 78
      vertex 72.3063 17.3062 0
      vertex 71.8779 17.4135 0
    endloop
  endfacet
  facet normal 0.146746 0.989174 -0
    outer loop
      vertex 71.8779 17.4135 0
      vertex 71.4411 17.4783 78
      vertex 71.8779 17.4135 78
    endloop
  endfacet
  facet normal 0.146746 0.989174 0
    outer loop
      vertex 71.4411 17.4783 78
      vertex 71.8779 17.4135 0
      vertex 71.4411 17.4783 0
    endloop
  endfacet
  facet normal -0.427726 0.903908 0
    outer loop
      vertex 69.2779 17.1575 0
      vertex 68.8787 16.9686 78
      vertex 69.2779 17.1575 78
    endloop
  endfacet
  facet normal -0.427726 0.903908 0
    outer loop
      vertex 68.8787 16.9686 78
      vertex 69.2779 17.1575 0
      vertex 68.8787 16.9686 0
    endloop
  endfacet
  facet normal -0.146746 0.989174 0
    outer loop
      vertex 70.5589 17.4783 0
      vertex 70.1221 17.4135 78
      vertex 70.5589 17.4783 78
    endloop
  endfacet
  facet normal -0.146746 0.989174 0
    outer loop
      vertex 70.1221 17.4135 78
      vertex 70.5589 17.4783 0
      vertex 70.1221 17.4135 0
    endloop
  endfacet
  facet normal -0.671488 0.741015 0
    outer loop
      vertex 68.1452 16.4785 0
      vertex 67.818 16.182 78
      vertex 68.1452 16.4785 78
    endloop
  endfacet
  facet normal -0.671488 0.741015 0
    outer loop
      vertex 67.818 16.182 78
      vertex 68.1452 16.4785 0
      vertex 67.818 16.182 0
    endloop
  endfacet
  facet normal 0.857683 -0.514178 0
    outer loop
      vertex 74.7416 10.4999 78
      vertex 74.7654 10.5396 0
      vertex 74.7654 10.5396 78
    endloop
  endfacet
  facet normal 0.857683 -0.514178 0
    outer loop
      vertex 74.7654 10.5396 0
      vertex 74.7416 10.4999 78
      vertex 74.7416 10.4999 0
    endloop
  endfacet
  facet normal -0.595753 0.803168 0
    outer loop
      vertex 68.4999 16.7416 0
      vertex 68.1452 16.4785 78
      vertex 68.4999 16.7416 78
    endloop
  endfacet
  facet normal -0.595753 0.803168 0
    outer loop
      vertex 68.1452 16.4785 78
      vertex 68.4999 16.7416 0
      vertex 68.1452 16.4785 0
    endloop
  endfacet
  facet normal -0.741015 0.671488 0
    outer loop
      vertex 67.5215 15.8548 0
      vertex 67.818 16.182 78
      vertex 67.818 16.182 0
    endloop
  endfacet
  facet normal -0.741015 0.671488 0
    outer loop
      vertex 67.818 16.182 78
      vertex 67.5215 15.8548 0
      vertex 67.5215 15.8548 78
    endloop
  endfacet
  facet normal -0.941598 -0.336738 0
    outer loop
      vertex 66.8425 11.2779 0
      vertex 66.6938 11.6937 78
      vertex 66.6938 11.6937 0
    endloop
  endfacet
  facet normal -0.941598 -0.336738 0
    outer loop
      vertex 66.6938 11.6937 78
      vertex 66.8425 11.2779 0
      vertex 66.8425 11.2779 78
    endloop
  endfacet
  facet normal 0.514029 0.857773 -0
    outer loop
      vertex 73.5001 16.7416 0
      vertex 73.1213 16.9686 78
      vertex 73.5001 16.7416 78
    endloop
  endfacet
  facet normal 0.514029 0.857773 0
    outer loop
      vertex 73.1213 16.9686 78
      vertex 73.5001 16.7416 0
      vertex 73.1213 16.9686 0
    endloop
  endfacet
  facet normal 0.595753 0.803168 -0
    outer loop
      vertex 73.8548 16.4785 0
      vertex 73.5001 16.7416 78
      vertex 73.8548 16.4785 78
    endloop
  endfacet
  facet normal 0.595753 0.803168 0
    outer loop
      vertex 73.5001 16.7416 78
      vertex 73.8548 16.4785 0
      vertex 73.5001 16.7416 0
    endloop
  endfacet
  facet normal 0.740995 -0.671511 0
    outer loop
      vertex 74.182 9.81802 78
      vertex 74.4785 10.1452 0
      vertex 74.4785 10.1452 78
    endloop
  endfacet
  facet normal 0.740995 -0.671511 0
    outer loop
      vertex 74.4785 10.1452 0
      vertex 74.182 9.81802 78
      vertex 74.182 9.81802 0
    endloop
  endfacet
  facet normal 0.803168 -0.595753 0
    outer loop
      vertex 74.4785 10.1452 78
      vertex 74.7416 10.4999 0
      vertex 74.7416 10.4999 78
    endloop
  endfacet
  facet normal 0.803168 -0.595753 0
    outer loop
      vertex 74.7416 10.4999 0
      vertex 74.4785 10.1452 78
      vertex 74.4785 10.1452 0
    endloop
  endfacet
  facet normal -0.242962 0.970036 0
    outer loop
      vertex 70.1221 17.4135 0
      vertex 69.6937 17.3062 78
      vertex 70.1221 17.4135 78
    endloop
  endfacet
  facet normal -0.242962 0.970036 0
    outer loop
      vertex 69.6937 17.3062 78
      vertex 70.1221 17.4135 0
      vertex 69.6937 17.3062 0
    endloop
  endfacet
  facet normal 0.803168 0.595753 0
    outer loop
      vertex 74.7416 15.5001 78
      vertex 74.4785 15.8548 0
      vertex 74.4785 15.8548 78
    endloop
  endfacet
  facet normal 0.803168 0.595753 0
    outer loop
      vertex 74.4785 15.8548 0
      vertex 74.7416 15.5001 78
      vertex 74.7416 15.5001 0
    endloop
  endfacet
  facet normal 0.0491358 0.998792 -0
    outer loop
      vertex 71.4411 17.4783 0
      vertex 71 17.5 78
      vertex 71.4411 17.4783 78
    endloop
  endfacet
  facet normal 0.0491358 0.998792 0
    outer loop
      vertex 71 17.5 78
      vertex 71.4411 17.4783 0
      vertex 71 17.5 0
    endloop
  endfacet
  facet normal -0.857773 0.514029 0
    outer loop
      vertex 67.0314 15.1213 0
      vertex 67.2584 15.5001 78
      vertex 67.2584 15.5001 0
    endloop
  endfacet
  facet normal -0.857773 0.514029 0
    outer loop
      vertex 67.2584 15.5001 78
      vertex 67.0314 15.1213 0
      vertex 67.0314 15.1213 78
    endloop
  endfacet
  facet normal 0.427726 0.903908 -0
    outer loop
      vertex 73.1213 16.9686 0
      vertex 72.7221 17.1575 78
      vertex 73.1213 16.9686 78
    endloop
  endfacet
  facet normal 0.427726 0.903908 0
    outer loop
      vertex 72.7221 17.1575 78
      vertex 73.1213 16.9686 0
      vertex 72.7221 17.1575 0
    endloop
  endfacet
  facet normal -0.857773 -0.514029 0
    outer loop
      vertex 67.2584 10.4999 0
      vertex 67.0314 10.8787 78
      vertex 67.0314 10.8787 0
    endloop
  endfacet
  facet normal -0.857773 -0.514029 0
    outer loop
      vertex 67.0314 10.8787 78
      vertex 67.2584 10.4999 0
      vertex 67.2584 10.4999 78
    endloop
  endfacet
  facet normal -0.740995 -0.671511 0
    outer loop
      vertex 67.818 9.81802 0
      vertex 67.5215 10.1452 78
      vertex 67.5215 10.1452 0
    endloop
  endfacet
  facet normal -0.740995 -0.671511 0
    outer loop
      vertex 67.5215 10.1452 78
      vertex 67.818 9.81802 0
      vertex 67.818 9.81802 78
    endloop
  endfacet
  facet normal -0.336738 0.941598 0
    outer loop
      vertex 69.6937 17.3062 0
      vertex 69.2779 17.1575 78
      vertex 69.6937 17.3062 78
    endloop
  endfacet
  facet normal -0.336738 0.941598 0
    outer loop
      vertex 69.2779 17.1575 78
      vertex 69.6937 17.3062 0
      vertex 69.2779 17.1575 0
    endloop
  endfacet
  facet normal -0.51386 -0.857874 0
    outer loop
      vertex 68.4999 9.25839 0
      vertex 68.5396 9.23461 78
      vertex 68.4999 9.25839 78
    endloop
  endfacet
  facet normal -0.51386 -0.857874 -0
    outer loop
      vertex 68.5396 9.23461 78
      vertex 68.4999 9.25839 0
      vertex 68.5396 9.23461 0
    endloop
  endfacet
  facet normal 0.595694 -0.803211 0
    outer loop
      vertex 73.5001 9.25839 0
      vertex 73.8548 9.52145 78
      vertex 73.5001 9.25839 78
    endloop
  endfacet
  facet normal 0.595694 -0.803211 0
    outer loop
      vertex 73.8548 9.52145 78
      vertex 73.5001 9.25839 0
      vertex 73.8548 9.52145 0
    endloop
  endfacet
  facet normal -0.0491358 0.998792 0
    outer loop
      vertex 71 17.5 0
      vertex 70.5589 17.4783 78
      vertex 71 17.5 78
    endloop
  endfacet
  facet normal -0.0491358 0.998792 0
    outer loop
      vertex 70.5589 17.4783 78
      vertex 71 17.5 0
      vertex 70.5589 17.4783 0
    endloop
  endfacet
  facet normal -0.970036 0.242962 0
    outer loop
      vertex 66.5865 13.8779 0
      vertex 66.6938 14.3063 78
      vertex 66.6938 14.3063 0
    endloop
  endfacet
  facet normal -0.970036 0.242962 0
    outer loop
      vertex 66.6938 14.3063 78
      vertex 66.5865 13.8779 0
      vertex 66.5865 13.8779 78
    endloop
  endfacet
  facet normal -0.941598 0.336738 0
    outer loop
      vertex 66.6938 14.3063 0
      vertex 66.8425 14.7221 78
      vertex 66.8425 14.7221 0
    endloop
  endfacet
  facet normal -0.941598 0.336738 0
    outer loop
      vertex 66.8425 14.7221 78
      vertex 66.6938 14.3063 0
      vertex 66.6938 14.3063 78
    endloop
  endfacet
  facet normal 0.336738 0.941598 -0
    outer loop
      vertex 72.7221 17.1575 0
      vertex 72.3063 17.3062 78
      vertex 72.7221 17.1575 78
    endloop
  endfacet
  facet normal 0.336738 0.941598 0
    outer loop
      vertex 72.3063 17.3062 78
      vertex 72.7221 17.1575 0
      vertex 72.3063 17.3062 0
    endloop
  endfacet
  facet normal -0.803168 -0.595753 0
    outer loop
      vertex 67.5215 10.1452 0
      vertex 67.2584 10.4999 78
      vertex 67.2584 10.4999 0
    endloop
  endfacet
  facet normal -0.803168 -0.595753 0
    outer loop
      vertex 67.2584 10.4999 78
      vertex 67.5215 10.1452 0
      vertex 67.5215 10.1452 78
    endloop
  endfacet
  facet normal -0.989174 -0.146746 0
    outer loop
      vertex 66.5865 12.1221 0
      vertex 66.5217 12.5589 78
      vertex 66.5217 12.5589 0
    endloop
  endfacet
  facet normal -0.989174 -0.146746 0
    outer loop
      vertex 66.5217 12.5589 78
      vertex 66.5865 12.1221 0
      vertex 66.5865 12.1221 78
    endloop
  endfacet
  facet normal -0.903908 0.427726 0
    outer loop
      vertex 66.8425 14.7221 0
      vertex 67.0314 15.1213 78
      vertex 67.0314 15.1213 0
    endloop
  endfacet
  facet normal -0.903908 0.427726 0
    outer loop
      vertex 67.0314 15.1213 78
      vertex 66.8425 14.7221 0
      vertex 66.8425 14.7221 78
    endloop
  endfacet
  facet normal -0.671575 -0.740936 0
    outer loop
      vertex 67.818 9.81802 0
      vertex 68.1452 9.52145 78
      vertex 67.818 9.81802 78
    endloop
  endfacet
  facet normal -0.671575 -0.740936 -0
    outer loop
      vertex 68.1452 9.52145 78
      vertex 67.818 9.81802 0
      vertex 68.1452 9.52145 0
    endloop
  endfacet
  facet normal -0.803168 0.595753 0
    outer loop
      vertex 67.2584 15.5001 0
      vertex 67.5215 15.8548 78
      vertex 67.5215 15.8548 0
    endloop
  endfacet
  facet normal -0.803168 0.595753 0
    outer loop
      vertex 67.5215 15.8548 78
      vertex 67.2584 15.5001 0
      vertex 67.2584 15.5001 78
    endloop
  endfacet
  facet normal -0.989174 0.146746 0
    outer loop
      vertex 66.5217 13.4411 0
      vertex 66.5865 13.8779 78
      vertex 66.5865 13.8779 0
    endloop
  endfacet
  facet normal -0.989174 0.146746 0
    outer loop
      vertex 66.5865 13.8779 78
      vertex 66.5217 13.4411 0
      vertex 66.5217 13.4411 78
    endloop
  endfacet
  facet normal -0.998792 0.0491358 0
    outer loop
      vertex 66.5 13 0
      vertex 66.5217 13.4411 78
      vertex 66.5217 13.4411 0
    endloop
  endfacet
  facet normal -0.998792 0.0491358 0
    outer loop
      vertex 66.5217 13.4411 78
      vertex 66.5 13 0
      vertex 66.5 13 78
    endloop
  endfacet
  facet normal 0.671575 -0.740936 0
    outer loop
      vertex 73.8548 9.52145 0
      vertex 74.182 9.81802 78
      vertex 73.8548 9.52145 78
    endloop
  endfacet
  facet normal 0.671575 -0.740936 0
    outer loop
      vertex 74.182 9.81802 78
      vertex 73.8548 9.52145 0
      vertex 74.182 9.81802 0
    endloop
  endfacet
  facet normal 0.741015 0.671488 0
    outer loop
      vertex 16.4785 73.8548 78
      vertex 16.182 74.182 0
      vertex 16.182 74.182 78
    endloop
  endfacet
  facet normal 0.741015 0.671488 0
    outer loop
      vertex 16.182 74.182 0
      vertex 16.4785 73.8548 78
      vertex 16.4785 73.8548 0
    endloop
  endfacet
  facet normal 0.989174 0.146746 0
    outer loop
      vertex 17.4783 71.4411 78
      vertex 17.4135 71.8779 0
      vertex 17.4135 71.8779 78
    endloop
  endfacet
  facet normal 0.989174 0.146746 0
    outer loop
      vertex 17.4135 71.8779 0
      vertex 17.4783 71.4411 78
      vertex 17.4783 71.4411 0
    endloop
  endfacet
  facet normal 0.998792 0.0491358 0
    outer loop
      vertex 17.5 71 78
      vertex 17.4783 71.4411 0
      vertex 17.4783 71.4411 78
    endloop
  endfacet
  facet normal 0.998792 0.0491358 0
    outer loop
      vertex 17.4783 71.4411 0
      vertex 17.5 71 78
      vertex 17.5 71 0
    endloop
  endfacet
  facet normal 0.970036 0.242962 0
    outer loop
      vertex 17.4135 71.8779 78
      vertex 17.3062 72.3063 0
      vertex 17.3062 72.3063 78
    endloop
  endfacet
  facet normal 0.970036 0.242962 0
    outer loop
      vertex 17.3062 72.3063 0
      vertex 17.4135 71.8779 78
      vertex 17.4135 71.8779 0
    endloop
  endfacet
  facet normal 0.336738 -0.941598 0
    outer loop
      vertex 14.3063 66.6938 0
      vertex 14.7221 66.8425 78
      vertex 14.3063 66.6938 78
    endloop
  endfacet
  facet normal 0.336738 -0.941598 0
    outer loop
      vertex 14.7221 66.8425 78
      vertex 14.3063 66.6938 0
      vertex 14.7221 66.8425 0
    endloop
  endfacet
  facet normal 0.671488 0.741015 -0
    outer loop
      vertex 16.182 74.182 0
      vertex 15.8548 74.4785 78
      vertex 16.182 74.182 78
    endloop
  endfacet
  facet normal 0.671488 0.741015 0
    outer loop
      vertex 15.8548 74.4785 78
      vertex 16.182 74.182 0
      vertex 15.8548 74.4785 0
    endloop
  endfacet
  facet normal 0.941598 0.336738 0
    outer loop
      vertex 17.3062 72.3063 78
      vertex 17.1575 72.7221 0
      vertex 17.1575 72.7221 78
    endloop
  endfacet
  facet normal 0.941598 0.336738 0
    outer loop
      vertex 17.1575 72.7221 0
      vertex 17.3062 72.3063 78
      vertex 17.3062 72.3063 0
    endloop
  endfacet
  facet normal 0.0491358 -0.998792 0
    outer loop
      vertex 13 66.5 0
      vertex 13.4411 66.5217 78
      vertex 13 66.5 78
    endloop
  endfacet
  facet normal 0.0491358 -0.998792 0
    outer loop
      vertex 13.4411 66.5217 78
      vertex 13 66.5 0
      vertex 13.4411 66.5217 0
    endloop
  endfacet
  facet normal -0.595753 -0.803168 0
    outer loop
      vertex 10.1452 67.5215 0
      vertex 10.4999 67.2584 78
      vertex 10.1452 67.5215 78
    endloop
  endfacet
  facet normal -0.595753 -0.803168 -0
    outer loop
      vertex 10.4999 67.2584 78
      vertex 10.1452 67.5215 0
      vertex 10.4999 67.2584 0
    endloop
  endfacet
  facet normal 0.514029 -0.857773 0
    outer loop
      vertex 15.1213 67.0314 0
      vertex 15.5001 67.2584 78
      vertex 15.1213 67.0314 78
    endloop
  endfacet
  facet normal 0.514029 -0.857773 0
    outer loop
      vertex 15.5001 67.2584 78
      vertex 15.1213 67.0314 0
      vertex 15.5001 67.2584 0
    endloop
  endfacet
  facet normal -0.242962 -0.970036 0
    outer loop
      vertex 11.6937 66.6938 0
      vertex 12.1221 66.5865 78
      vertex 11.6937 66.6938 78
    endloop
  endfacet
  facet normal -0.242962 -0.970036 -0
    outer loop
      vertex 12.1221 66.5865 78
      vertex 11.6937 66.6938 0
      vertex 12.1221 66.5865 0
    endloop
  endfacet
  facet normal 0.857773 0.514029 0
    outer loop
      vertex 16.9686 73.1213 78
      vertex 16.7416 73.5001 0
      vertex 16.7416 73.5001 78
    endloop
  endfacet
  facet normal 0.857773 0.514029 0
    outer loop
      vertex 16.7416 73.5001 0
      vertex 16.9686 73.1213 78
      vertex 16.9686 73.1213 0
    endloop
  endfacet
  facet normal 0.903908 0.427726 0
    outer loop
      vertex 17.1575 72.7221 78
      vertex 16.9686 73.1213 0
      vertex 16.9686 73.1213 78
    endloop
  endfacet
  facet normal 0.903908 0.427726 0
    outer loop
      vertex 16.9686 73.1213 0
      vertex 17.1575 72.7221 78
      vertex 17.1575 72.7221 0
    endloop
  endfacet
  facet normal 0.970036 -0.242962 0
    outer loop
      vertex 17.3062 69.6937 78
      vertex 17.4135 70.1221 0
      vertex 17.4135 70.1221 78
    endloop
  endfacet
  facet normal 0.970036 -0.242962 0
    outer loop
      vertex 17.4135 70.1221 0
      vertex 17.3062 69.6937 78
      vertex 17.3062 69.6937 0
    endloop
  endfacet
  facet normal -0.514178 0.857683 0
    outer loop
      vertex 10.5396 74.7654 0
      vertex 10.4999 74.7416 78
      vertex 10.5396 74.7654 78
    endloop
  endfacet
  facet normal -0.514178 0.857683 0
    outer loop
      vertex 10.4999 74.7416 78
      vertex 10.5396 74.7654 0
      vertex 10.4999 74.7416 0
    endloop
  endfacet
  facet normal 0.941598 -0.336738 0
    outer loop
      vertex 17.1575 69.2779 78
      vertex 17.3062 69.6937 0
      vertex 17.3062 69.6937 78
    endloop
  endfacet
  facet normal 0.941598 -0.336738 0
    outer loop
      vertex 17.3062 69.6937 0
      vertex 17.1575 69.2779 78
      vertex 17.1575 69.2779 0
    endloop
  endfacet
  facet normal 0.989174 -0.146746 0
    outer loop
      vertex 17.4135 70.1221 78
      vertex 17.4783 70.5589 0
      vertex 17.4783 70.5589 78
    endloop
  endfacet
  facet normal 0.989174 -0.146746 0
    outer loop
      vertex 17.4783 70.5589 0
      vertex 17.4135 70.1221 78
      vertex 17.4135 70.1221 0
    endloop
  endfacet
  facet normal 0.427726 -0.903908 0
    outer loop
      vertex 14.7221 66.8425 0
      vertex 15.1213 67.0314 78
      vertex 14.7221 66.8425 78
    endloop
  endfacet
  facet normal 0.427726 -0.903908 0
    outer loop
      vertex 15.1213 67.0314 78
      vertex 14.7221 66.8425 0
      vertex 15.1213 67.0314 0
    endloop
  endfacet
  facet normal -0.671511 0.740995 0
    outer loop
      vertex 10.1452 74.4785 0
      vertex 9.81802 74.182 78
      vertex 10.1452 74.4785 78
    endloop
  endfacet
  facet normal -0.671511 0.740995 0
    outer loop
      vertex 9.81802 74.182 78
      vertex 10.1452 74.4785 0
      vertex 9.81802 74.182 0
    endloop
  endfacet
  facet normal 0.857773 -0.514029 0
    outer loop
      vertex 16.7416 68.4999 78
      vertex 16.9686 68.8787 0
      vertex 16.9686 68.8787 78
    endloop
  endfacet
  facet normal 0.857773 -0.514029 0
    outer loop
      vertex 16.9686 68.8787 0
      vertex 16.7416 68.4999 78
      vertex 16.7416 68.4999 0
    endloop
  endfacet
  facet normal -0.595753 0.803168 0
    outer loop
      vertex 10.4999 74.7416 0
      vertex 10.1452 74.4785 78
      vertex 10.4999 74.7416 78
    endloop
  endfacet
  facet normal -0.595753 0.803168 0
    outer loop
      vertex 10.1452 74.4785 78
      vertex 10.4999 74.7416 0
      vertex 10.1452 74.4785 0
    endloop
  endfacet
  facet normal 0.903908 -0.427726 0
    outer loop
      vertex 16.9686 68.8787 78
      vertex 17.1575 69.2779 0
      vertex 17.1575 69.2779 78
    endloop
  endfacet
  facet normal 0.903908 -0.427726 0
    outer loop
      vertex 17.1575 69.2779 0
      vertex 16.9686 68.8787 78
      vertex 16.9686 68.8787 0
    endloop
  endfacet
  facet normal 0.998792 -0.0491358 0
    outer loop
      vertex 17.4783 70.5589 78
      vertex 17.5 71 0
      vertex 17.5 71 78
    endloop
  endfacet
  facet normal 0.998792 -0.0491358 0
    outer loop
      vertex 17.5 71 0
      vertex 17.4783 70.5589 78
      vertex 17.4783 70.5589 0
    endloop
  endfacet
  facet normal -0.740936 0.671575 0
    outer loop
      vertex 9.52145 73.8548 0
      vertex 9.81802 74.182 78
      vertex 9.81802 74.182 0
    endloop
  endfacet
  facet normal -0.740936 0.671575 0
    outer loop
      vertex 9.81802 74.182 78
      vertex 9.52145 73.8548 0
      vertex 9.52145 73.8548 78
    endloop
  endfacet
  facet normal 0.514178 0.857683 -0
    outer loop
      vertex 15.5001 74.7416 0
      vertex 15.4604 74.7654 78
      vertex 15.5001 74.7416 78
    endloop
  endfacet
  facet normal 0.514178 0.857683 0
    outer loop
      vertex 15.4604 74.7654 78
      vertex 15.5001 74.7416 0
      vertex 15.4604 74.7654 0
    endloop
  endfacet
  facet normal 0.595753 0.803168 -0
    outer loop
      vertex 15.8548 74.4785 0
      vertex 15.5001 74.7416 78
      vertex 15.8548 74.4785 78
    endloop
  endfacet
  facet normal 0.595753 0.803168 0
    outer loop
      vertex 15.5001 74.7416 78
      vertex 15.8548 74.4785 0
      vertex 15.5001 74.7416 0
    endloop
  endfacet
  facet normal 0.146746 -0.989174 0
    outer loop
      vertex 13.4411 66.5217 0
      vertex 13.8779 66.5865 78
      vertex 13.4411 66.5217 78
    endloop
  endfacet
  facet normal 0.146746 -0.989174 0
    outer loop
      vertex 13.8779 66.5865 78
      vertex 13.4411 66.5217 0
      vertex 13.8779 66.5865 0
    endloop
  endfacet
  facet normal 0.741015 -0.671488 0
    outer loop
      vertex 16.182 67.818 78
      vertex 16.4785 68.1452 0
      vertex 16.4785 68.1452 78
    endloop
  endfacet
  facet normal 0.741015 -0.671488 0
    outer loop
      vertex 16.4785 68.1452 0
      vertex 16.182 67.818 78
      vertex 16.182 67.818 0
    endloop
  endfacet
  facet normal 0.803168 -0.595753 0
    outer loop
      vertex 16.4785 68.1452 78
      vertex 16.7416 68.4999 0
      vertex 16.7416 68.4999 78
    endloop
  endfacet
  facet normal 0.803168 -0.595753 0
    outer loop
      vertex 16.7416 68.4999 0
      vertex 16.4785 68.1452 78
      vertex 16.4785 68.1452 0
    endloop
  endfacet
  facet normal 0.242962 -0.970036 0
    outer loop
      vertex 13.8779 66.5865 0
      vertex 14.3063 66.6938 78
      vertex 13.8779 66.5865 78
    endloop
  endfacet
  facet normal 0.242962 -0.970036 0
    outer loop
      vertex 14.3063 66.6938 78
      vertex 13.8779 66.5865 0
      vertex 14.3063 66.6938 0
    endloop
  endfacet
  facet normal 0.803168 0.595753 0
    outer loop
      vertex 16.7416 73.5001 78
      vertex 16.4785 73.8548 0
      vertex 16.4785 73.8548 78
    endloop
  endfacet
  facet normal 0.803168 0.595753 0
    outer loop
      vertex 16.4785 73.8548 0
      vertex 16.7416 73.5001 78
      vertex 16.7416 73.5001 0
    endloop
  endfacet
  facet normal -0.857874 0.51386 0
    outer loop
      vertex 9.23461 73.4604 0
      vertex 9.25839 73.5001 78
      vertex 9.25839 73.5001 0
    endloop
  endfacet
  facet normal -0.857874 0.51386 0
    outer loop
      vertex 9.25839 73.5001 78
      vertex 9.23461 73.4604 0
      vertex 9.23461 73.4604 78
    endloop
  endfacet
  facet normal -0.857874 -0.51386 0
    outer loop
      vertex 9.25839 68.4999 0
      vertex 9.23461 68.5396 78
      vertex 9.23461 68.5396 0
    endloop
  endfacet
  facet normal -0.857874 -0.51386 0
    outer loop
      vertex 9.23461 68.5396 78
      vertex 9.25839 68.4999 0
      vertex 9.25839 68.4999 78
    endloop
  endfacet
  facet normal -0.427726 -0.903908 0
    outer loop
      vertex 10.8787 67.0314 0
      vertex 11.2779 66.8425 78
      vertex 10.8787 67.0314 78
    endloop
  endfacet
  facet normal -0.427726 -0.903908 -0
    outer loop
      vertex 11.2779 66.8425 78
      vertex 10.8787 67.0314 0
      vertex 11.2779 66.8425 0
    endloop
  endfacet
  facet normal -0.740936 -0.671575 0
    outer loop
      vertex 9.81802 67.818 0
      vertex 9.52145 68.1452 78
      vertex 9.52145 68.1452 0
    endloop
  endfacet
  facet normal -0.740936 -0.671575 0
    outer loop
      vertex 9.52145 68.1452 78
      vertex 9.81802 67.818 0
      vertex 9.81802 67.818 78
    endloop
  endfacet
  facet normal -0.514029 -0.857773 0
    outer loop
      vertex 10.4999 67.2584 0
      vertex 10.8787 67.0314 78
      vertex 10.4999 67.2584 78
    endloop
  endfacet
  facet normal -0.514029 -0.857773 -0
    outer loop
      vertex 10.8787 67.0314 78
      vertex 10.4999 67.2584 0
      vertex 10.8787 67.0314 0
    endloop
  endfacet
  facet normal 0.595753 -0.803168 0
    outer loop
      vertex 15.5001 67.2584 0
      vertex 15.8548 67.5215 78
      vertex 15.5001 67.2584 78
    endloop
  endfacet
  facet normal 0.595753 -0.803168 0
    outer loop
      vertex 15.8548 67.5215 78
      vertex 15.5001 67.2584 0
      vertex 15.8548 67.5215 0
    endloop
  endfacet
  facet normal -0.803211 -0.595694 0
    outer loop
      vertex 9.52145 68.1452 0
      vertex 9.25839 68.4999 78
      vertex 9.25839 68.4999 0
    endloop
  endfacet
  facet normal -0.803211 -0.595694 0
    outer loop
      vertex 9.25839 68.4999 78
      vertex 9.52145 68.1452 0
      vertex 9.52145 68.1452 78
    endloop
  endfacet
  facet normal -0.671511 -0.740995 0
    outer loop
      vertex 9.81802 67.818 0
      vertex 10.1452 67.5215 78
      vertex 9.81802 67.818 78
    endloop
  endfacet
  facet normal -0.671511 -0.740995 -0
    outer loop
      vertex 10.1452 67.5215 78
      vertex 9.81802 67.818 0
      vertex 10.1452 67.5215 0
    endloop
  endfacet
  facet normal -0.803211 0.595694 0
    outer loop
      vertex 9.25839 73.5001 0
      vertex 9.52145 73.8548 78
      vertex 9.52145 73.8548 0
    endloop
  endfacet
  facet normal -0.803211 0.595694 0
    outer loop
      vertex 9.52145 73.8548 78
      vertex 9.25839 73.5001 0
      vertex 9.25839 73.5001 78
    endloop
  endfacet
  facet normal -0.0491358 -0.998792 0
    outer loop
      vertex 12.5589 66.5217 0
      vertex 13 66.5 78
      vertex 12.5589 66.5217 78
    endloop
  endfacet
  facet normal -0.0491358 -0.998792 -0
    outer loop
      vertex 13 66.5 78
      vertex 12.5589 66.5217 0
      vertex 13 66.5 0
    endloop
  endfacet
  facet normal -0.146746 -0.989174 0
    outer loop
      vertex 12.1221 66.5865 0
      vertex 12.5589 66.5217 78
      vertex 12.1221 66.5865 78
    endloop
  endfacet
  facet normal -0.146746 -0.989174 -0
    outer loop
      vertex 12.5589 66.5217 78
      vertex 12.1221 66.5865 0
      vertex 12.5589 66.5217 0
    endloop
  endfacet
  facet normal -0.336738 -0.941598 0
    outer loop
      vertex 11.2779 66.8425 0
      vertex 11.6937 66.6938 78
      vertex 11.2779 66.8425 78
    endloop
  endfacet
  facet normal -0.336738 -0.941598 -0
    outer loop
      vertex 11.6937 66.6938 78
      vertex 11.2779 66.8425 0
      vertex 11.6937 66.6938 0
    endloop
  endfacet
  facet normal 0.671488 -0.741015 0
    outer loop
      vertex 15.8548 67.5215 0
      vertex 16.182 67.818 78
      vertex 15.8548 67.5215 78
    endloop
  endfacet
  facet normal 0.671488 -0.741015 0
    outer loop
      vertex 16.182 67.818 78
      vertex 15.8548 67.5215 0
      vertex 16.182 67.818 0
    endloop
  endfacet
  facet normal 0.741015 0.671488 0
    outer loop
      vertex 74.4785 73.8548 78
      vertex 74.182 74.182 0
      vertex 74.182 74.182 78
    endloop
  endfacet
  facet normal 0.741015 0.671488 0
    outer loop
      vertex 74.182 74.182 0
      vertex 74.4785 73.8548 78
      vertex 74.4785 73.8548 0
    endloop
  endfacet
  facet normal 0.336738 -0.941598 0
    outer loop
      vertex 72.3063 66.6938 0
      vertex 72.7221 66.8425 78
      vertex 72.3063 66.6938 78
    endloop
  endfacet
  facet normal 0.336738 -0.941598 0
    outer loop
      vertex 72.7221 66.8425 78
      vertex 72.3063 66.6938 0
      vertex 72.7221 66.8425 0
    endloop
  endfacet
  facet normal 0.671488 0.741015 -0
    outer loop
      vertex 74.182 74.182 0
      vertex 73.8548 74.4785 78
      vertex 74.182 74.182 78
    endloop
  endfacet
  facet normal 0.671488 0.741015 0
    outer loop
      vertex 73.8548 74.4785 78
      vertex 74.182 74.182 0
      vertex 73.8548 74.4785 0
    endloop
  endfacet
  facet normal 0.0491358 -0.998792 0
    outer loop
      vertex 71 66.5 0
      vertex 71.4411 66.5217 78
      vertex 71 66.5 78
    endloop
  endfacet
  facet normal 0.0491358 -0.998792 0
    outer loop
      vertex 71.4411 66.5217 78
      vertex 71 66.5 0
      vertex 71.4411 66.5217 0
    endloop
  endfacet
  facet normal -0.595753 -0.803168 0
    outer loop
      vertex 68.1452 67.5215 0
      vertex 68.4999 67.2584 78
      vertex 68.1452 67.5215 78
    endloop
  endfacet
  facet normal -0.595753 -0.803168 -0
    outer loop
      vertex 68.4999 67.2584 78
      vertex 68.1452 67.5215 0
      vertex 68.4999 67.2584 0
    endloop
  endfacet
  facet normal 0.514029 -0.857773 0
    outer loop
      vertex 73.1213 67.0314 0
      vertex 73.5001 67.2584 78
      vertex 73.1213 67.0314 78
    endloop
  endfacet
  facet normal 0.514029 -0.857773 0
    outer loop
      vertex 73.5001 67.2584 78
      vertex 73.1213 67.0314 0
      vertex 73.5001 67.2584 0
    endloop
  endfacet
  facet normal -0.242962 -0.970036 0
    outer loop
      vertex 69.6937 66.6938 0
      vertex 70.1221 66.5865 78
      vertex 69.6937 66.6938 78
    endloop
  endfacet
  facet normal -0.242962 -0.970036 -0
    outer loop
      vertex 70.1221 66.5865 78
      vertex 69.6937 66.6938 0
      vertex 70.1221 66.5865 0
    endloop
  endfacet
  facet normal 0.857683 0.514178 0
    outer loop
      vertex 74.7654 73.4604 78
      vertex 74.7416 73.5001 0
      vertex 74.7416 73.5001 78
    endloop
  endfacet
  facet normal 0.857683 0.514178 0
    outer loop
      vertex 74.7416 73.5001 0
      vertex 74.7654 73.4604 78
      vertex 74.7654 73.4604 0
    endloop
  endfacet
  facet normal -0.998792 -0.0491358 0
    outer loop
      vertex 66.5217 70.5589 0
      vertex 66.5 71 78
      vertex 66.5 71 0
    endloop
  endfacet
  facet normal -0.998792 -0.0491358 0
    outer loop
      vertex 66.5 71 78
      vertex 66.5217 70.5589 0
      vertex 66.5217 70.5589 78
    endloop
  endfacet
  facet normal -0.903908 -0.427726 0
    outer loop
      vertex 67.0314 68.8787 0
      vertex 66.8425 69.2779 78
      vertex 66.8425 69.2779 0
    endloop
  endfacet
  facet normal -0.903908 -0.427726 0
    outer loop
      vertex 66.8425 69.2779 78
      vertex 67.0314 68.8787 0
      vertex 67.0314 68.8787 78
    endloop
  endfacet
  facet normal -0.514178 0.857683 0
    outer loop
      vertex 68.5396 74.7654 0
      vertex 68.4999 74.7416 78
      vertex 68.5396 74.7654 78
    endloop
  endfacet
  facet normal -0.514178 0.857683 0
    outer loop
      vertex 68.4999 74.7416 78
      vertex 68.5396 74.7654 0
      vertex 68.4999 74.7416 0
    endloop
  endfacet
  facet normal -0.970036 -0.242962 0
    outer loop
      vertex 66.6938 69.6937 0
      vertex 66.5865 70.1221 78
      vertex 66.5865 70.1221 0
    endloop
  endfacet
  facet normal -0.970036 -0.242962 0
    outer loop
      vertex 66.5865 70.1221 78
      vertex 66.6938 69.6937 0
      vertex 66.6938 69.6937 78
    endloop
  endfacet
  facet normal 0.427726 -0.903908 0
    outer loop
      vertex 72.7221 66.8425 0
      vertex 73.1213 67.0314 78
      vertex 72.7221 66.8425 78
    endloop
  endfacet
  facet normal 0.427726 -0.903908 0
    outer loop
      vertex 73.1213 67.0314 78
      vertex 72.7221 66.8425 0
      vertex 73.1213 67.0314 0
    endloop
  endfacet
  facet normal -0.671488 0.741015 0
    outer loop
      vertex 68.1452 74.4785 0
      vertex 67.818 74.182 78
      vertex 68.1452 74.4785 78
    endloop
  endfacet
  facet normal -0.671488 0.741015 0
    outer loop
      vertex 67.818 74.182 78
      vertex 68.1452 74.4785 0
      vertex 67.818 74.182 0
    endloop
  endfacet
  facet normal 0.857683 -0.514178 0
    outer loop
      vertex 74.7416 68.4999 78
      vertex 74.7654 68.5396 0
      vertex 74.7654 68.5396 78
    endloop
  endfacet
  facet normal 0.857683 -0.514178 0
    outer loop
      vertex 74.7654 68.5396 0
      vertex 74.7416 68.4999 78
      vertex 74.7416 68.4999 0
    endloop
  endfacet
  facet normal -0.595753 0.803168 0
    outer loop
      vertex 68.4999 74.7416 0
      vertex 68.1452 74.4785 78
      vertex 68.4999 74.7416 78
    endloop
  endfacet
  facet normal -0.595753 0.803168 0
    outer loop
      vertex 68.1452 74.4785 78
      vertex 68.4999 74.7416 0
      vertex 68.1452 74.4785 0
    endloop
  endfacet
  facet normal -0.741015 0.671488 0
    outer loop
      vertex 67.5215 73.8548 0
      vertex 67.818 74.182 78
      vertex 67.818 74.182 0
    endloop
  endfacet
  facet normal -0.741015 0.671488 0
    outer loop
      vertex 67.818 74.182 78
      vertex 67.5215 73.8548 0
      vertex 67.5215 73.8548 78
    endloop
  endfacet
  facet normal -0.941598 -0.336738 0
    outer loop
      vertex 66.8425 69.2779 0
      vertex 66.6938 69.6937 78
      vertex 66.6938 69.6937 0
    endloop
  endfacet
  facet normal -0.941598 -0.336738 0
    outer loop
      vertex 66.6938 69.6937 78
      vertex 66.8425 69.2779 0
      vertex 66.8425 69.2779 78
    endloop
  endfacet
  facet normal 0.514178 0.857683 -0
    outer loop
      vertex 73.5001 74.7416 0
      vertex 73.4604 74.7654 78
      vertex 73.5001 74.7416 78
    endloop
  endfacet
  facet normal 0.514178 0.857683 0
    outer loop
      vertex 73.4604 74.7654 78
      vertex 73.5001 74.7416 0
      vertex 73.4604 74.7654 0
    endloop
  endfacet
  facet normal 0.595753 0.803168 -0
    outer loop
      vertex 73.8548 74.4785 0
      vertex 73.5001 74.7416 78
      vertex 73.8548 74.4785 78
    endloop
  endfacet
  facet normal 0.595753 0.803168 0
    outer loop
      vertex 73.5001 74.7416 78
      vertex 73.8548 74.4785 0
      vertex 73.5001 74.7416 0
    endloop
  endfacet
  facet normal 0.146746 -0.989174 0
    outer loop
      vertex 71.4411 66.5217 0
      vertex 71.8779 66.5865 78
      vertex 71.4411 66.5217 78
    endloop
  endfacet
  facet normal 0.146746 -0.989174 0
    outer loop
      vertex 71.8779 66.5865 78
      vertex 71.4411 66.5217 0
      vertex 71.8779 66.5865 0
    endloop
  endfacet
  facet normal 0.741015 -0.671488 0
    outer loop
      vertex 74.182 67.818 78
      vertex 74.4785 68.1452 0
      vertex 74.4785 68.1452 78
    endloop
  endfacet
  facet normal 0.741015 -0.671488 0
    outer loop
      vertex 74.4785 68.1452 0
      vertex 74.182 67.818 78
      vertex 74.182 67.818 0
    endloop
  endfacet
  facet normal 0.803168 -0.595753 0
    outer loop
      vertex 74.4785 68.1452 78
      vertex 74.7416 68.4999 0
      vertex 74.7416 68.4999 78
    endloop
  endfacet
  facet normal 0.803168 -0.595753 0
    outer loop
      vertex 74.7416 68.4999 0
      vertex 74.4785 68.1452 78
      vertex 74.4785 68.1452 0
    endloop
  endfacet
  facet normal 0.242962 -0.970036 0
    outer loop
      vertex 71.8779 66.5865 0
      vertex 72.3063 66.6938 78
      vertex 71.8779 66.5865 78
    endloop
  endfacet
  facet normal 0.242962 -0.970036 0
    outer loop
      vertex 72.3063 66.6938 78
      vertex 71.8779 66.5865 0
      vertex 72.3063 66.6938 0
    endloop
  endfacet
  facet normal 0.803168 0.595753 0
    outer loop
      vertex 74.7416 73.5001 78
      vertex 74.4785 73.8548 0
      vertex 74.4785 73.8548 78
    endloop
  endfacet
  facet normal 0.803168 0.595753 0
    outer loop
      vertex 74.4785 73.8548 0
      vertex 74.7416 73.5001 78
      vertex 74.7416 73.5001 0
    endloop
  endfacet
  facet normal -0.857773 0.514029 0
    outer loop
      vertex 67.0314 73.1213 0
      vertex 67.2584 73.5001 78
      vertex 67.2584 73.5001 0
    endloop
  endfacet
  facet normal -0.857773 0.514029 0
    outer loop
      vertex 67.2584 73.5001 78
      vertex 67.0314 73.1213 0
      vertex 67.0314 73.1213 78
    endloop
  endfacet
  facet normal -0.857773 -0.514029 0
    outer loop
      vertex 67.2584 68.4999 0
      vertex 67.0314 68.8787 78
      vertex 67.0314 68.8787 0
    endloop
  endfacet
  facet normal -0.857773 -0.514029 0
    outer loop
      vertex 67.0314 68.8787 78
      vertex 67.2584 68.4999 0
      vertex 67.2584 68.4999 78
    endloop
  endfacet
  facet normal -0.427726 -0.903908 0
    outer loop
      vertex 68.8787 67.0314 0
      vertex 69.2779 66.8425 78
      vertex 68.8787 67.0314 78
    endloop
  endfacet
  facet normal -0.427726 -0.903908 -0
    outer loop
      vertex 69.2779 66.8425 78
      vertex 68.8787 67.0314 0
      vertex 69.2779 66.8425 0
    endloop
  endfacet
  facet normal -0.741015 -0.671488 0
    outer loop
      vertex 67.818 67.818 0
      vertex 67.5215 68.1452 78
      vertex 67.5215 68.1452 0
    endloop
  endfacet
  facet normal -0.741015 -0.671488 0
    outer loop
      vertex 67.5215 68.1452 78
      vertex 67.818 67.818 0
      vertex 67.818 67.818 78
    endloop
  endfacet
  facet normal -0.514029 -0.857773 0
    outer loop
      vertex 68.4999 67.2584 0
      vertex 68.8787 67.0314 78
      vertex 68.4999 67.2584 78
    endloop
  endfacet
  facet normal -0.514029 -0.857773 -0
    outer loop
      vertex 68.8787 67.0314 78
      vertex 68.4999 67.2584 0
      vertex 68.8787 67.0314 0
    endloop
  endfacet
  facet normal 0.595753 -0.803168 0
    outer loop
      vertex 73.5001 67.2584 0
      vertex 73.8548 67.5215 78
      vertex 73.5001 67.2584 78
    endloop
  endfacet
  facet normal 0.595753 -0.803168 0
    outer loop
      vertex 73.8548 67.5215 78
      vertex 73.5001 67.2584 0
      vertex 73.8548 67.5215 0
    endloop
  endfacet
  facet normal -0.970036 0.242962 0
    outer loop
      vertex 66.5865 71.8779 0
      vertex 66.6938 72.3063 78
      vertex 66.6938 72.3063 0
    endloop
  endfacet
  facet normal -0.970036 0.242962 0
    outer loop
      vertex 66.6938 72.3063 78
      vertex 66.5865 71.8779 0
      vertex 66.5865 71.8779 78
    endloop
  endfacet
  facet normal -0.941598 0.336738 0
    outer loop
      vertex 66.6938 72.3063 0
      vertex 66.8425 72.7221 78
      vertex 66.8425 72.7221 0
    endloop
  endfacet
  facet normal -0.941598 0.336738 0
    outer loop
      vertex 66.8425 72.7221 78
      vertex 66.6938 72.3063 0
      vertex 66.6938 72.3063 78
    endloop
  endfacet
  facet normal -0.803168 -0.595753 0
    outer loop
      vertex 67.5215 68.1452 0
      vertex 67.2584 68.4999 78
      vertex 67.2584 68.4999 0
    endloop
  endfacet
  facet normal -0.803168 -0.595753 0
    outer loop
      vertex 67.2584 68.4999 78
      vertex 67.5215 68.1452 0
      vertex 67.5215 68.1452 78
    endloop
  endfacet
  facet normal -0.989174 -0.146746 0
    outer loop
      vertex 66.5865 70.1221 0
      vertex 66.5217 70.5589 78
      vertex 66.5217 70.5589 0
    endloop
  endfacet
  facet normal -0.989174 -0.146746 0
    outer loop
      vertex 66.5217 70.5589 78
      vertex 66.5865 70.1221 0
      vertex 66.5865 70.1221 78
    endloop
  endfacet
  facet normal -0.903908 0.427726 0
    outer loop
      vertex 66.8425 72.7221 0
      vertex 67.0314 73.1213 78
      vertex 67.0314 73.1213 0
    endloop
  endfacet
  facet normal -0.903908 0.427726 0
    outer loop
      vertex 67.0314 73.1213 78
      vertex 66.8425 72.7221 0
      vertex 66.8425 72.7221 78
    endloop
  endfacet
  facet normal -0.671488 -0.741015 0
    outer loop
      vertex 67.818 67.818 0
      vertex 68.1452 67.5215 78
      vertex 67.818 67.818 78
    endloop
  endfacet
  facet normal -0.671488 -0.741015 -0
    outer loop
      vertex 68.1452 67.5215 78
      vertex 67.818 67.818 0
      vertex 68.1452 67.5215 0
    endloop
  endfacet
  facet normal -0.803168 0.595753 0
    outer loop
      vertex 67.2584 73.5001 0
      vertex 67.5215 73.8548 78
      vertex 67.5215 73.8548 0
    endloop
  endfacet
  facet normal -0.803168 0.595753 0
    outer loop
      vertex 67.5215 73.8548 78
      vertex 67.2584 73.5001 0
      vertex 67.2584 73.5001 78
    endloop
  endfacet
  facet normal -0.0491358 -0.998792 0
    outer loop
      vertex 70.5589 66.5217 0
      vertex 71 66.5 78
      vertex 70.5589 66.5217 78
    endloop
  endfacet
  facet normal -0.0491358 -0.998792 -0
    outer loop
      vertex 71 66.5 78
      vertex 70.5589 66.5217 0
      vertex 71 66.5 0
    endloop
  endfacet
  facet normal -0.146746 -0.989174 0
    outer loop
      vertex 70.1221 66.5865 0
      vertex 70.5589 66.5217 78
      vertex 70.1221 66.5865 78
    endloop
  endfacet
  facet normal -0.146746 -0.989174 -0
    outer loop
      vertex 70.5589 66.5217 78
      vertex 70.1221 66.5865 0
      vertex 70.5589 66.5217 0
    endloop
  endfacet
  facet normal -0.989174 0.146746 0
    outer loop
      vertex 66.5217 71.4411 0
      vertex 66.5865 71.8779 78
      vertex 66.5865 71.8779 0
    endloop
  endfacet
  facet normal -0.989174 0.146746 0
    outer loop
      vertex 66.5865 71.8779 78
      vertex 66.5217 71.4411 0
      vertex 66.5217 71.4411 78
    endloop
  endfacet
  facet normal -0.998792 0.0491358 0
    outer loop
      vertex 66.5 71 0
      vertex 66.5217 71.4411 78
      vertex 66.5217 71.4411 0
    endloop
  endfacet
  facet normal -0.998792 0.0491358 0
    outer loop
      vertex 66.5217 71.4411 78
      vertex 66.5 71 0
      vertex 66.5 71 78
    endloop
  endfacet
  facet normal -0.336738 -0.941598 0
    outer loop
      vertex 69.2779 66.8425 0
      vertex 69.6937 66.6938 78
      vertex 69.2779 66.8425 78
    endloop
  endfacet
  facet normal -0.336738 -0.941598 -0
    outer loop
      vertex 69.6937 66.6938 78
      vertex 69.2779 66.8425 0
      vertex 69.6937 66.6938 0
    endloop
  endfacet
  facet normal 0.671488 -0.741015 0
    outer loop
      vertex 73.8548 67.5215 0
      vertex 74.182 67.818 78
      vertex 73.8548 67.5215 78
    endloop
  endfacet
  facet normal 0.671488 -0.741015 0
    outer loop
      vertex 74.182 67.818 78
      vertex 73.8548 67.5215 0
      vertex 74.182 67.818 0
    endloop
  endfacet
  facet normal -0.149846 0.988709 0
    outer loop
      vertex 9.23461 15.4604 0
      vertex 3.09172 14.5294 78
      vertex 9.23461 15.4604 78
    endloop
  endfacet
  facet normal -0.149846 0.988709 0
    outer loop
      vertex 3.09172 14.5294 78
      vertex 9.23461 15.4604 0
      vertex 3.09172 14.5294 0
    endloop
  endfacet
  facet normal -0.149835 -0.988711 0
    outer loop
      vertex 3.87252 11.3522 0
      vertex 9.23461 10.5396 78
      vertex 3.87252 11.3522 78
    endloop
  endfacet
  facet normal -0.149835 -0.988711 -0
    outer loop
      vertex 9.23461 10.5396 78
      vertex 3.87252 11.3522 0
      vertex 9.23461 10.5396 0
    endloop
  endfacet
  facet normal 0.988709 -0.149846 0
    outer loop
      vertex 14.5294 3.09172 78
      vertex 15.4604 9.23461 0
      vertex 15.4604 9.23461 78
    endloop
  endfacet
  facet normal 0.988709 -0.149846 0
    outer loop
      vertex 15.4604 9.23461 0
      vertex 14.5294 3.09172 78
      vertex 14.5294 3.09172 0
    endloop
  endfacet
  facet normal -0.988711 -0.149835 0
    outer loop
      vertex 11.3522 3.87252 0
      vertex 10.5396 9.23461 78
      vertex 10.5396 9.23461 0
    endloop
  endfacet
  facet normal -0.988711 -0.149835 0
    outer loop
      vertex 10.5396 9.23461 78
      vertex 11.3522 3.87252 0
      vertex 11.3522 3.87252 78
    endloop
  endfacet
  facet normal 0.149846 0.988709 -0
    outer loop
      vertex 80.9083 14.5294 0
      vertex 74.7654 15.4604 78
      vertex 80.9083 14.5294 78
    endloop
  endfacet
  facet normal 0.149846 0.988709 0
    outer loop
      vertex 74.7654 15.4604 78
      vertex 80.9083 14.5294 0
      vertex 74.7654 15.4604 0
    endloop
  endfacet
  facet normal 0.149834 -0.988711 0
    outer loop
      vertex 74.7654 10.5396 0
      vertex 80.1275 11.3522 78
      vertex 74.7654 10.5396 78
    endloop
  endfacet
  facet normal 0.149834 -0.988711 0
    outer loop
      vertex 80.1275 11.3522 78
      vertex 74.7654 10.5396 0
      vertex 80.1275 11.3522 0
    endloop
  endfacet
  facet normal -0.988709 -0.149846 0
    outer loop
      vertex 69.4706 3.09172 0
      vertex 68.5396 9.23461 78
      vertex 68.5396 9.23461 0
    endloop
  endfacet
  facet normal -0.988709 -0.149846 0
    outer loop
      vertex 68.5396 9.23461 78
      vertex 69.4706 3.09172 0
      vertex 69.4706 3.09172 78
    endloop
  endfacet
  facet normal 0.988711 -0.149835 0
    outer loop
      vertex 72.6478 3.87252 78
      vertex 73.4604 9.23461 0
      vertex 73.4604 9.23461 78
    endloop
  endfacet
  facet normal 0.988711 -0.149835 0
    outer loop
      vertex 73.4604 9.23461 0
      vertex 72.6478 3.87252 78
      vertex 72.6478 3.87252 0
    endloop
  endfacet
  facet normal -0.149846 -0.988709 0
    outer loop
      vertex 3.09172 69.4706 0
      vertex 9.23461 68.5396 78
      vertex 3.09172 69.4706 78
    endloop
  endfacet
  facet normal -0.149846 -0.988709 -0
    outer loop
      vertex 9.23461 68.5396 78
      vertex 3.09172 69.4706 0
      vertex 9.23461 68.5396 0
    endloop
  endfacet
  facet normal -0.149835 0.988711 0
    outer loop
      vertex 9.23461 73.4604 0
      vertex 3.87252 72.6478 78
      vertex 9.23461 73.4604 78
    endloop
  endfacet
  facet normal -0.149835 0.988711 0
    outer loop
      vertex 3.87252 72.6478 78
      vertex 9.23461 73.4604 0
      vertex 3.87252 72.6478 0
    endloop
  endfacet
  facet normal -0.988711 0.149834 0
    outer loop
      vertex 10.5396 74.7654 0
      vertex 11.3522 80.1275 78
      vertex 11.3522 80.1275 0
    endloop
  endfacet
  facet normal -0.988711 0.149834 0
    outer loop
      vertex 11.3522 80.1275 78
      vertex 10.5396 74.7654 0
      vertex 10.5396 74.7654 78
    endloop
  endfacet
  facet normal 0.988709 0.149846 0
    outer loop
      vertex 15.4604 74.7654 78
      vertex 14.5294 80.9083 0
      vertex 14.5294 80.9083 78
    endloop
  endfacet
  facet normal 0.988709 0.149846 0
    outer loop
      vertex 14.5294 80.9083 0
      vertex 15.4604 74.7654 78
      vertex 15.4604 74.7654 0
    endloop
  endfacet
  facet normal 0.149834 0.988711 -0
    outer loop
      vertex 80.1275 72.6478 0
      vertex 74.7654 73.4604 78
      vertex 80.1275 72.6478 78
    endloop
  endfacet
  facet normal 0.149834 0.988711 0
    outer loop
      vertex 74.7654 73.4604 78
      vertex 80.1275 72.6478 0
      vertex 74.7654 73.4604 0
    endloop
  endfacet
  facet normal 0.149846 -0.988709 0
    outer loop
      vertex 74.7654 68.5396 0
      vertex 80.9083 69.4706 78
      vertex 74.7654 68.5396 78
    endloop
  endfacet
  facet normal 0.149846 -0.988709 0
    outer loop
      vertex 80.9083 69.4706 78
      vertex 74.7654 68.5396 0
      vertex 80.9083 69.4706 0
    endloop
  endfacet
  facet normal 0.988711 0.149834 0
    outer loop
      vertex 73.4604 74.7654 78
      vertex 72.6478 80.1275 0
      vertex 72.6478 80.1275 78
    endloop
  endfacet
  facet normal 0.988711 0.149834 0
    outer loop
      vertex 72.6478 80.1275 0
      vertex 73.4604 74.7654 78
      vertex 73.4604 74.7654 0
    endloop
  endfacet
  facet normal -0.988709 0.149846 0
    outer loop
      vertex 68.5396 74.7654 0
      vertex 69.4706 80.9083 78
      vertex 69.4706 80.9083 0
    endloop
  endfacet
  facet normal -0.988709 0.149846 0
    outer loop
      vertex 69.4706 80.9083 78
      vertex 68.5396 74.7654 0
      vertex 68.5396 74.7654 78
    endloop
  endfacet
  facet normal -1 0 0
    outer loop
      vertex 67 81 4
      vertex 67 84 16
      vertex 67 84 4
    endloop
  endfacet
  facet normal -1 -0 0
    outer loop
      vertex 67 84 16
      vertex 67 81 4
      vertex 67 81 16
    endloop
  endfacet
  facet normal 0 0 -1
    outer loop
      vertex 17 81 16
      vertex 67 84 16
      vertex 67 81 16
    endloop
  endfacet
  facet normal -0 0 -1
    outer loop
      vertex 67 84 16
      vertex 17 81 16
      vertex 17 84 16
    endloop
  endfacet
  facet normal -0 0 1
    outer loop
      vertex 17 84 4
      vertex 67 81 4
      vertex 67 84 4
    endloop
  endfacet
  facet normal 0 0 1
    outer loop
      vertex 67 81 4
      vertex 17 84 4
      vertex 17 81 4
    endloop
  endfacet
  facet normal 1 -0 0
    outer loop
      vertex 17 81 16
      vertex 17 84 4
      vertex 17 84 16
    endloop
  endfacet
  facet normal 1 0 0
    outer loop
      vertex 17 84 4
      vertex 17 81 16
      vertex 17 81 4
    endloop
  endfacet
endsolid OpenSCAD_Model
