solid OpenSCAD_Model
  facet normal 0.989176 0.146736 0
    outer loop
      vertex 18.4109 1.81332 6
      vertex 18.1445 3.60917 0
      vertex 18.1445 3.60917 6
    endloop
  endfacet
  facet normal 0.989176 0.146736 0
    outer loop
      vertex 18.1445 3.60917 0
      vertex 18.4109 1.81332 6
      vertex 18.4109 1.81332 0
    endloop
  endfacet
  facet normal 0.998795 0.0490772 0
    outer loop
      vertex 18.5 0 6
      vertex 18.4109 1.81332 0
      vertex 18.4109 1.81332 6
    endloop
  endfacet
  facet normal 0.998795 0.0490772 0
    outer loop
      vertex 18.4109 1.81332 0
      vertex 18.5 0 6
      vertex 18.5 0 0
    endloop
  endfacet
  facet normal 0.970035 0.242963 0
    outer loop
      vertex 18.1445 3.60917 6
      vertex 17.7034 5.37027 0
      vertex 17.7034 5.37027 6
    endloop
  endfacet
  facet normal 0.970035 0.242963 0
    outer loop
      vertex 17.7034 5.37027 0
      vertex 18.1445 3.60917 6
      vertex 18.1445 3.60917 0
    endloop
  endfacet
  facet normal 0.427587 0.903974 -0
    outer loop
      vertex 8.72084 16.3155 0
      vertex 7.07964 17.0918 6
      vertex 8.72084 16.3155 6
    endloop
  endfacet
  facet normal 0.427587 0.903974 0
    outer loop
      vertex 7.07964 17.0918 6
      vertex 8.72084 16.3155 0
      vertex 7.07964 17.0918 0
    endloop
  endfacet
  facet normal -0.242963 -0.970035 0
    outer loop
      vertex -5.37027 -17.7034 0
      vertex -3.60917 -18.1445 6
      vertex -5.37027 -17.7034 6
    endloop
  endfacet
  facet normal -0.242963 -0.970035 -0
    outer loop
      vertex -3.60917 -18.1445 6
      vertex -5.37027 -17.7034 0
      vertex -3.60917 -18.1445 0
    endloop
  endfacet
  facet normal -0.857735 -0.514092 0
    outer loop
      vertex -15.3822 -10.278 0
      vertex -16.3155 -8.72084 6
      vertex -16.3155 -8.72084 0
    endloop
  endfacet
  facet normal -0.857735 -0.514092 0
    outer loop
      vertex -16.3155 -8.72084 6
      vertex -15.3822 -10.278 0
      vertex -15.3822 -10.278 6
    endloop
  endfacet
  facet normal 0.146736 -0.989176 0
    outer loop
      vertex 1.81332 -18.4109 0
      vertex 3.60917 -18.1445 6
      vertex 1.81332 -18.4109 6
    endloop
  endfacet
  facet normal 0.146736 -0.989176 0
    outer loop
      vertex 3.60917 -18.1445 6
      vertex 1.81332 -18.4109 0
      vertex 3.60917 -18.1445 0
    endloop
  endfacet
  facet normal 0.740956 0.671553 0
    outer loop
      vertex 14.3007 11.7363 6
      vertex 13.0815 13.0815 0
      vertex 13.0815 13.0815 6
    endloop
  endfacet
  facet normal 0.740956 0.671553 0
    outer loop
      vertex 13.0815 13.0815 0
      vertex 14.3007 11.7363 6
      vertex 14.3007 11.7363 0
    endloop
  endfacet
  facet normal -0.514092 0.857735 0
    outer loop
      vertex -8.72084 16.3155 0
      vertex -10.278 15.3822 6
      vertex -8.72084 16.3155 6
    endloop
  endfacet
  facet normal -0.514092 0.857735 0
    outer loop
      vertex -10.278 15.3822 6
      vertex -8.72084 16.3155 0
      vertex -10.278 15.3822 0
    endloop
  endfacet
  facet normal 0.740956 -0.671553 0
    outer loop
      vertex 13.0815 -13.0815 6
      vertex 14.3007 -11.7363 0
      vertex 14.3007 -11.7363 6
    endloop
  endfacet
  facet normal 0.740956 -0.671553 0
    outer loop
      vertex 14.3007 -11.7363 0
      vertex 13.0815 -13.0815 6
      vertex 13.0815 -13.0815 0
    endloop
  endfacet
  facet normal 0.514092 -0.857735 0
    outer loop
      vertex 8.72084 -16.3155 0
      vertex 10.278 -15.3822 6
      vertex 8.72084 -16.3155 6
    endloop
  endfacet
  facet normal 0.514092 -0.857735 0
    outer loop
      vertex 10.278 -15.3822 6
      vertex 8.72084 -16.3155 0
      vertex 10.278 -15.3822 0
    endloop
  endfacet
  facet normal 0.242963 0.970035 -0
    outer loop
      vertex 5.37027 17.7034 0
      vertex 3.60917 18.1445 6
      vertex 5.37027 17.7034 6
    endloop
  endfacet
  facet normal 0.242963 0.970035 0
    outer loop
      vertex 3.60917 18.1445 6
      vertex 5.37027 17.7034 0
      vertex 3.60917 18.1445 0
    endloop
  endfacet
  facet normal -0.989176 0.146736 0
    outer loop
      vertex -18.4109 1.81332 0
      vertex -18.1445 3.60917 6
      vertex -18.1445 3.60917 0
    endloop
  endfacet
  facet normal -0.989176 0.146736 0
    outer loop
      vertex -18.1445 3.60917 6
      vertex -18.4109 1.81332 0
      vertex -18.4109 1.81332 6
    endloop
  endfacet
  facet normal 0.857735 0.514092 0
    outer loop
      vertex 16.3155 8.72084 6
      vertex 15.3822 10.278 0
      vertex 15.3822 10.278 6
    endloop
  endfacet
  facet normal 0.857735 0.514092 0
    outer loop
      vertex 15.3822 10.278 0
      vertex 16.3155 8.72084 6
      vertex 16.3155 8.72084 0
    endloop
  endfacet
  facet normal 0.970035 -0.242963 0
    outer loop
      vertex 17.7034 -5.37027 6
      vertex 18.1445 -3.60917 0
      vertex 18.1445 -3.60917 6
    endloop
  endfacet
  facet normal 0.970035 -0.242963 0
    outer loop
      vertex 18.1445 -3.60917 0
      vertex 17.7034 -5.37027 6
      vertex 17.7034 -5.37027 0
    endloop
  endfacet
  facet normal -0.146736 -0.989176 0
    outer loop
      vertex -3.60917 -18.1445 0
      vertex -1.81332 -18.4109 6
      vertex -3.60917 -18.1445 6
    endloop
  endfacet
  facet normal -0.146736 -0.989176 -0
    outer loop
      vertex -1.81332 -18.4109 6
      vertex -3.60917 -18.1445 0
      vertex -1.81332 -18.4109 0
    endloop
  endfacet
  facet normal -0.998795 -0.0490772 0
    outer loop
      vertex -18.4109 -1.81332 0
      vertex -18.5 0 6
      vertex -18.5 0 0
    endloop
  endfacet
  facet normal -0.998795 -0.0490772 0
    outer loop
      vertex -18.5 0 6
      vertex -18.4109 -1.81332 0
      vertex -18.4109 -1.81332 6
    endloop
  endfacet
  facet normal 0.146736 0.989176 -0
    outer loop
      vertex 3.60917 18.1445 0
      vertex 1.81332 18.4109 6
      vertex 3.60917 18.1445 6
    endloop
  endfacet
  facet normal 0.146736 0.989176 0
    outer loop
      vertex 1.81332 18.4109 6
      vertex 3.60917 18.1445 0
      vertex 1.81332 18.4109 0
    endloop
  endfacet
  facet normal 0.941548 0.336879 0
    outer loop
      vertex 17.7034 5.37027 6
      vertex 17.0918 7.07964 0
      vertex 17.0918 7.07964 6
    endloop
  endfacet
  facet normal 0.941548 0.336879 0
    outer loop
      vertex 17.0918 7.07964 0
      vertex 17.7034 5.37027 6
      vertex 17.7034 5.37027 0
    endloop
  endfacet
  facet normal 0.671553 0.740956 -0
    outer loop
      vertex 13.0815 13.0815 0
      vertex 11.7363 14.3007 6
      vertex 13.0815 13.0815 6
    endloop
  endfacet
  facet normal 0.671553 0.740956 0
    outer loop
      vertex 11.7363 14.3007 6
      vertex 13.0815 13.0815 0
      vertex 11.7363 14.3007 0
    endloop
  endfacet
  facet normal -0.740956 0.671553 0
    outer loop
      vertex -14.3007 11.7363 0
      vertex -13.0815 13.0815 6
      vertex -13.0815 13.0815 0
    endloop
  endfacet
  facet normal -0.740956 0.671553 0
    outer loop
      vertex -13.0815 13.0815 6
      vertex -14.3007 11.7363 0
      vertex -14.3007 11.7363 6
    endloop
  endfacet
  facet normal -0.970035 -0.242963 0
    outer loop
      vertex -17.7034 -5.37027 0
      vertex -18.1445 -3.60917 6
      vertex -18.1445 -3.60917 0
    endloop
  endfacet
  facet normal -0.970035 -0.242963 0
    outer loop
      vertex -18.1445 -3.60917 6
      vertex -17.7034 -5.37027 0
      vertex -17.7034 -5.37027 6
    endloop
  endfacet
  facet normal -0.336879 0.941548 0
    outer loop
      vertex -5.37027 17.7034 0
      vertex -7.07964 17.0918 6
      vertex -5.37027 17.7034 6
    endloop
  endfacet
  facet normal -0.336879 0.941548 0
    outer loop
      vertex -7.07964 17.0918 6
      vertex -5.37027 17.7034 0
      vertex -7.07964 17.0918 0
    endloop
  endfacet
  facet normal -0.941548 -0.336879 0
    outer loop
      vertex -17.0918 -7.07964 0
      vertex -17.7034 -5.37027 6
      vertex -17.7034 -5.37027 0
    endloop
  endfacet
  facet normal -0.941548 -0.336879 0
    outer loop
      vertex -17.7034 -5.37027 6
      vertex -17.0918 -7.07964 0
      vertex -17.0918 -7.07964 6
    endloop
  endfacet
  facet normal 0.336879 0.941548 -0
    outer loop
      vertex 7.07964 17.0918 0
      vertex 5.37027 17.7034 6
      vertex 7.07964 17.0918 6
    endloop
  endfacet
  facet normal 0.336879 0.941548 0
    outer loop
      vertex 5.37027 17.7034 6
      vertex 7.07964 17.0918 0
      vertex 5.37027 17.7034 0
    endloop
  endfacet
  facet normal -0.80322 0.595682 0
    outer loop
      vertex -15.3822 10.278 0
      vertex -14.3007 11.7363 6
      vertex -14.3007 11.7363 0
    endloop
  endfacet
  facet normal -0.80322 0.595682 0
    outer loop
      vertex -14.3007 11.7363 6
      vertex -15.3822 10.278 0
      vertex -15.3822 10.278 6
    endloop
  endfacet
  facet normal 0 0 -1
    outer loop
      vertex 18.4109 -1.81332 0
      vertex 18.4109 1.81332 0
      vertex 18.5 0 0
    endloop
  endfacet
  facet normal 0 0 -1
    outer loop
      vertex 18.1445 -3.60917 0
      vertex 18.4109 1.81332 0
      vertex 18.4109 -1.81332 0
    endloop
  endfacet
  facet normal 0 0 -1
    outer loop
      vertex 18.1445 -3.60917 0
      vertex 18.1445 3.60917 0
      vertex 18.4109 1.81332 0
    endloop
  endfacet
  facet normal 0 0 -1
    outer loop
      vertex 17.7034 -5.37027 0
      vertex 18.1445 3.60917 0
      vertex 18.1445 -3.60917 0
    endloop
  endfacet
  facet normal 0 0 -1
    outer loop
      vertex 17.7034 -5.37027 0
      vertex 17.7034 5.37027 0
      vertex 18.1445 3.60917 0
    endloop
  endfacet
  facet normal 0 0 -1
    outer loop
      vertex 17.0918 -7.07964 0
      vertex 17.7034 5.37027 0
      vertex 17.7034 -5.37027 0
    endloop
  endfacet
  facet normal 0 0 -1
    outer loop
      vertex 17.0918 -7.07964 0
      vertex 17.0918 7.07964 0
      vertex 17.7034 5.37027 0
    endloop
  endfacet
  facet normal 0 0 -1
    outer loop
      vertex 16.3155 -8.72084 0
      vertex 17.0918 7.07964 0
      vertex 17.0918 -7.07964 0
    endloop
  endfacet
  facet normal 0 0 -1
    outer loop
      vertex 16.3155 -8.72084 0
      vertex 16.3155 8.72084 0
      vertex 17.0918 7.07964 0
    endloop
  endfacet
  facet normal 0 0 -1
    outer loop
      vertex 15.3822 -10.278 0
      vertex 16.3155 8.72084 0
      vertex 16.3155 -8.72084 0
    endloop
  endfacet
  facet normal 0 0 -1
    outer loop
      vertex 15.3822 -10.278 0
      vertex 15.3822 10.278 0
      vertex 16.3155 8.72084 0
    endloop
  endfacet
  facet normal 0 0 -1
    outer loop
      vertex 14.3007 -11.7363 0
      vertex 15.3822 10.278 0
      vertex 15.3822 -10.278 0
    endloop
  endfacet
  facet normal 0 0 -1
    outer loop
      vertex 14.3007 -11.7363 0
      vertex 14.3007 11.7363 0
      vertex 15.3822 10.278 0
    endloop
  endfacet
  facet normal 0 0 -1
    outer loop
      vertex 13.0815 -13.0815 0
      vertex 14.3007 11.7363 0
      vertex 14.3007 -11.7363 0
    endloop
  endfacet
  facet normal 0 0 -1
    outer loop
      vertex 13.0815 -13.0815 0
      vertex 13.0815 13.0815 0
      vertex 14.3007 11.7363 0
    endloop
  endfacet
  facet normal 0 0 -1
    outer loop
      vertex 11.7363 -14.3007 0
      vertex 13.0815 13.0815 0
      vertex 13.0815 -13.0815 0
    endloop
  endfacet
  facet normal 0 0 -1
    outer loop
      vertex 11.7363 -14.3007 0
      vertex 11.7363 14.3007 0
      vertex 13.0815 13.0815 0
    endloop
  endfacet
  facet normal 0 0 -1
    outer loop
      vertex 10.278 -15.3822 0
      vertex 11.7363 14.3007 0
      vertex 11.7363 -14.3007 0
    endloop
  endfacet
  facet normal 0 0 -1
    outer loop
      vertex 10.278 -15.3822 0
      vertex 10.278 15.3822 0
      vertex 11.7363 14.3007 0
    endloop
  endfacet
  facet normal 0 0 -1
    outer loop
      vertex 8.72084 -16.3155 0
      vertex 10.278 15.3822 0
      vertex 10.278 -15.3822 0
    endloop
  endfacet
  facet normal 0 0 -1
    outer loop
      vertex 8.72084 -16.3155 0
      vertex 8.72084 16.3155 0
      vertex 10.278 15.3822 0
    endloop
  endfacet
  facet normal 0 0 -1
    outer loop
      vertex 7.07964 -17.0918 0
      vertex 8.72084 16.3155 0
      vertex 8.72084 -16.3155 0
    endloop
  endfacet
  facet normal 0 0 -1
    outer loop
      vertex 7.07964 -17.0918 0
      vertex 7.07964 17.0918 0
      vertex 8.72084 16.3155 0
    endloop
  endfacet
  facet normal 0 0 -1
    outer loop
      vertex 5.37027 -17.7034 0
      vertex 7.07964 17.0918 0
      vertex 7.07964 -17.0918 0
    endloop
  endfacet
  facet normal 0 0 -1
    outer loop
      vertex 5.37027 -17.7034 0
      vertex 5.37027 17.7034 0
      vertex 7.07964 17.0918 0
    endloop
  endfacet
  facet normal 0 0 -1
    outer loop
      vertex 3.60917 -18.1445 0
      vertex 5.37027 17.7034 0
      vertex 5.37027 -17.7034 0
    endloop
  endfacet
  facet normal 0 0 -1
    outer loop
      vertex 3.60917 -18.1445 0
      vertex 3.60917 18.1445 0
      vertex 5.37027 17.7034 0
    endloop
  endfacet
  facet normal 0 0 -1
    outer loop
      vertex 1.81332 -18.4109 0
      vertex 3.60917 18.1445 0
      vertex 3.60917 -18.1445 0
    endloop
  endfacet
  facet normal 0 0 -1
    outer loop
      vertex 1.81332 -18.4109 0
      vertex 1.81332 18.4109 0
      vertex 3.60917 18.1445 0
    endloop
  endfacet
  facet normal 0 0 -1
    outer loop
      vertex 0 -18.5 0
      vertex 1.81332 18.4109 0
      vertex 1.81332 -18.4109 0
    endloop
  endfacet
  facet normal 0 0 -1
    outer loop
      vertex 0 -18.5 0
      vertex 0 18.5 0
      vertex 1.81332 18.4109 0
    endloop
  endfacet
  facet normal 0 0 -1
    outer loop
      vertex -1.81332 -18.4109 0
      vertex 0 18.5 0
      vertex 0 -18.5 0
    endloop
  endfacet
  facet normal 0 0 -1
    outer loop
      vertex -1.81332 -18.4109 0
      vertex -1.81332 18.4109 0
      vertex 0 18.5 0
    endloop
  endfacet
  facet normal 0 0 -1
    outer loop
      vertex -3.60917 -18.1445 0
      vertex -1.81332 18.4109 0
      vertex -1.81332 -18.4109 0
    endloop
  endfacet
  facet normal 0 0 -1
    outer loop
      vertex -3.60917 -18.1445 0
      vertex -3.60917 18.1445 0
      vertex -1.81332 18.4109 0
    endloop
  endfacet
  facet normal 0 0 -1
    outer loop
      vertex -5.37027 -17.7034 0
      vertex -3.60917 18.1445 0
      vertex -3.60917 -18.1445 0
    endloop
  endfacet
  facet normal 0 0 -1
    outer loop
      vertex -5.37027 -17.7034 0
      vertex -5.37027 17.7034 0
      vertex -3.60917 18.1445 0
    endloop
  endfacet
  facet normal 0 0 -1
    outer loop
      vertex -7.07964 -17.0918 0
      vertex -5.37027 17.7034 0
      vertex -5.37027 -17.7034 0
    endloop
  endfacet
  facet normal 0 0 -1
    outer loop
      vertex -7.07964 -17.0918 0
      vertex -7.07964 17.0918 0
      vertex -5.37027 17.7034 0
    endloop
  endfacet
  facet normal 0 0 -1
    outer loop
      vertex -8.72084 -16.3155 0
      vertex -7.07964 17.0918 0
      vertex -7.07964 -17.0918 0
    endloop
  endfacet
  facet normal 0 0 -1
    outer loop
      vertex -8.72084 -16.3155 0
      vertex -8.72084 16.3155 0
      vertex -7.07964 17.0918 0
    endloop
  endfacet
  facet normal 0 0 -1
    outer loop
      vertex -10.278 -15.3822 0
      vertex -8.72084 16.3155 0
      vertex -8.72084 -16.3155 0
    endloop
  endfacet
  facet normal 0 0 -1
    outer loop
      vertex -10.278 -15.3822 0
      vertex -10.278 15.3822 0
      vertex -8.72084 16.3155 0
    endloop
  endfacet
  facet normal 0 0 -1
    outer loop
      vertex -11.7363 -14.3007 0
      vertex -10.278 15.3822 0
      vertex -10.278 -15.3822 0
    endloop
  endfacet
  facet normal 0 0 -1
    outer loop
      vertex -11.7363 -14.3007 0
      vertex -11.7363 14.3007 0
      vertex -10.278 15.3822 0
    endloop
  endfacet
  facet normal 0 0 -1
    outer loop
      vertex -13.0815 -13.0815 0
      vertex -11.7363 14.3007 0
      vertex -11.7363 -14.3007 0
    endloop
  endfacet
  facet normal 0 0 -1
    outer loop
      vertex -13.0815 -13.0815 0
      vertex -13.0815 13.0815 0
      vertex -11.7363 14.3007 0
    endloop
  endfacet
  facet normal 0 0 -1
    outer loop
      vertex -14.3007 -11.7363 0
      vertex -13.0815 13.0815 0
      vertex -13.0815 -13.0815 0
    endloop
  endfacet
  facet normal 0 0 -1
    outer loop
      vertex -14.3007 -11.7363 0
      vertex -14.3007 11.7363 0
      vertex -13.0815 13.0815 0
    endloop
  endfacet
  facet normal 0 0 -1
    outer loop
      vertex -15.3822 -10.278 0
      vertex -14.3007 11.7363 0
      vertex -14.3007 -11.7363 0
    endloop
  endfacet
  facet normal 0 0 -1
    outer loop
      vertex -15.3822 -10.278 0
      vertex -15.3822 10.278 0
      vertex -14.3007 11.7363 0
    endloop
  endfacet
  facet normal 0 0 -1
    outer loop
      vertex -16.3155 -8.72084 0
      vertex -15.3822 10.278 0
      vertex -15.3822 -10.278 0
    endloop
  endfacet
  facet normal 0 0 -1
    outer loop
      vertex -16.3155 -8.72084 0
      vertex -16.3155 8.72084 0
      vertex -15.3822 10.278 0
    endloop
  endfacet
  facet normal 0 0 -1
    outer loop
      vertex -17.0918 -7.07964 0
      vertex -16.3155 8.72084 0
      vertex -16.3155 -8.72084 0
    endloop
  endfacet
  facet normal 0 0 -1
    outer loop
      vertex -17.0918 -7.07964 0
      vertex -17.0918 7.07964 0
      vertex -16.3155 8.72084 0
    endloop
  endfacet
  facet normal 0 0 -1
    outer loop
      vertex -17.7034 -5.37027 0
      vertex -17.0918 7.07964 0
      vertex -17.0918 -7.07964 0
    endloop
  endfacet
  facet normal 0 0 -1
    outer loop
      vertex -17.7034 -5.37027 0
      vertex -17.7034 5.37027 0
      vertex -17.0918 7.07964 0
    endloop
  endfacet
  facet normal 0 0 -1
    outer loop
      vertex -18.1445 -3.60917 0
      vertex -17.7034 5.37027 0
      vertex -17.7034 -5.37027 0
    endloop
  endfacet
  facet normal 0 0 -1
    outer loop
      vertex -18.1445 -3.60917 0
      vertex -18.1445 3.60917 0
      vertex -17.7034 5.37027 0
    endloop
  endfacet
  facet normal 0 0 -1
    outer loop
      vertex -18.4109 -1.81332 0
      vertex -18.1445 3.60917 0
      vertex -18.1445 -3.60917 0
    endloop
  endfacet
  facet normal 0 0 -1
    outer loop
      vertex -18.4109 -1.81332 0
      vertex -18.4109 1.81332 0
      vertex -18.1445 3.60917 0
    endloop
  endfacet
  facet normal 0 -0 -1
    outer loop
      vertex -18.4109 1.81332 0
      vertex -18.4109 -1.81332 0
      vertex -18.5 0 0
    endloop
  endfacet
  facet normal 0.80322 0.595682 0
    outer loop
      vertex 15.3822 10.278 6
      vertex 14.3007 11.7363 0
      vertex 14.3007 11.7363 6
    endloop
  endfacet
  facet normal 0.80322 0.595682 0
    outer loop
      vertex 14.3007 11.7363 0
      vertex 15.3822 10.278 6
      vertex 15.3822 10.278 0
    endloop
  endfacet
  facet normal -0.970035 0.242963 0
    outer loop
      vertex -18.1445 3.60917 0
      vertex -17.7034 5.37027 6
      vertex -17.7034 5.37027 0
    endloop
  endfacet
  facet normal -0.970035 0.242963 0
    outer loop
      vertex -17.7034 5.37027 6
      vertex -18.1445 3.60917 0
      vertex -18.1445 3.60917 6
    endloop
  endfacet
  facet normal -0.671553 0.740956 0
    outer loop
      vertex -11.7363 14.3007 0
      vertex -13.0815 13.0815 6
      vertex -11.7363 14.3007 6
    endloop
  endfacet
  facet normal -0.671553 0.740956 0
    outer loop
      vertex -13.0815 13.0815 6
      vertex -11.7363 14.3007 0
      vertex -13.0815 13.0815 0
    endloop
  endfacet
  facet normal 0.427587 -0.903974 0
    outer loop
      vertex 7.07964 -17.0918 0
      vertex 8.72084 -16.3155 6
      vertex 7.07964 -17.0918 6
    endloop
  endfacet
  facet normal 0.427587 -0.903974 0
    outer loop
      vertex 8.72084 -16.3155 6
      vertex 7.07964 -17.0918 0
      vertex 8.72084 -16.3155 0
    endloop
  endfacet
  facet normal -0.242963 0.970035 0
    outer loop
      vertex -3.60917 18.1445 0
      vertex -5.37027 17.7034 6
      vertex -3.60917 18.1445 6
    endloop
  endfacet
  facet normal -0.242963 0.970035 0
    outer loop
      vertex -5.37027 17.7034 6
      vertex -3.60917 18.1445 0
      vertex -5.37027 17.7034 0
    endloop
  endfacet
  facet normal -0.941548 0.336879 0
    outer loop
      vertex -17.7034 5.37027 0
      vertex -17.0918 7.07964 6
      vertex -17.0918 7.07964 0
    endloop
  endfacet
  facet normal -0.941548 0.336879 0
    outer loop
      vertex -17.0918 7.07964 6
      vertex -17.7034 5.37027 0
      vertex -17.7034 5.37027 6
    endloop
  endfacet
  facet normal 0.514092 0.857735 -0
    outer loop
      vertex 10.278 15.3822 0
      vertex 8.72084 16.3155 6
      vertex 10.278 15.3822 6
    endloop
  endfacet
  facet normal 0.514092 0.857735 0
    outer loop
      vertex 8.72084 16.3155 6
      vertex 10.278 15.3822 0
      vertex 8.72084 16.3155 0
    endloop
  endfacet
  facet normal -0.514092 -0.857735 0
    outer loop
      vertex -10.278 -15.3822 0
      vertex -8.72084 -16.3155 6
      vertex -10.278 -15.3822 6
    endloop
  endfacet
  facet normal -0.514092 -0.857735 -0
    outer loop
      vertex -8.72084 -16.3155 6
      vertex -10.278 -15.3822 0
      vertex -8.72084 -16.3155 0
    endloop
  endfacet
  facet normal -0.595682 0.80322 0
    outer loop
      vertex -10.278 15.3822 0
      vertex -11.7363 14.3007 6
      vertex -10.278 15.3822 6
    endloop
  endfacet
  facet normal -0.595682 0.80322 0
    outer loop
      vertex -11.7363 14.3007 6
      vertex -10.278 15.3822 0
      vertex -11.7363 14.3007 0
    endloop
  endfacet
  facet normal 0.0490772 -0.998795 0
    outer loop
      vertex 0 -18.5 0
      vertex 1.81332 -18.4109 6
      vertex 0 -18.5 6
    endloop
  endfacet
  facet normal 0.0490772 -0.998795 0
    outer loop
      vertex 1.81332 -18.4109 6
      vertex 0 -18.5 0
      vertex 1.81332 -18.4109 0
    endloop
  endfacet
  facet normal 0.941548 -0.336879 0
    outer loop
      vertex 17.0918 -7.07964 6
      vertex 17.7034 -5.37027 0
      vertex 17.7034 -5.37027 6
    endloop
  endfacet
  facet normal 0.941548 -0.336879 0
    outer loop
      vertex 17.7034 -5.37027 0
      vertex 17.0918 -7.07964 6
      vertex 17.0918 -7.07964 0
    endloop
  endfacet
  facet normal 0.80322 -0.595682 0
    outer loop
      vertex 14.3007 -11.7363 6
      vertex 15.3822 -10.278 0
      vertex 15.3822 -10.278 6
    endloop
  endfacet
  facet normal 0.80322 -0.595682 0
    outer loop
      vertex 15.3822 -10.278 0
      vertex 14.3007 -11.7363 6
      vertex 14.3007 -11.7363 0
    endloop
  endfacet
  facet normal 0.989176 -0.146736 0
    outer loop
      vertex 18.1445 -3.60917 6
      vertex 18.4109 -1.81332 0
      vertex 18.4109 -1.81332 6
    endloop
  endfacet
  facet normal 0.989176 -0.146736 0
    outer loop
      vertex 18.4109 -1.81332 0
      vertex 18.1445 -3.60917 6
      vertex 18.1445 -3.60917 0
    endloop
  endfacet
  facet normal -0.857735 0.514092 0
    outer loop
      vertex -16.3155 8.72084 0
      vertex -15.3822 10.278 6
      vertex -15.3822 10.278 0
    endloop
  endfacet
  facet normal -0.857735 0.514092 0
    outer loop
      vertex -15.3822 10.278 6
      vertex -16.3155 8.72084 0
      vertex -16.3155 8.72084 6
    endloop
  endfacet
  facet normal 0.903974 0.427587 0
    outer loop
      vertex 17.0918 7.07964 6
      vertex 16.3155 8.72084 0
      vertex 16.3155 8.72084 6
    endloop
  endfacet
  facet normal 0.903974 0.427587 0
    outer loop
      vertex 16.3155 8.72084 0
      vertex 17.0918 7.07964 6
      vertex 17.0918 7.07964 0
    endloop
  endfacet
  facet normal -0.427587 0.903974 0
    outer loop
      vertex -7.07964 17.0918 0
      vertex -8.72084 16.3155 6
      vertex -7.07964 17.0918 6
    endloop
  endfacet
  facet normal -0.427587 0.903974 0
    outer loop
      vertex -8.72084 16.3155 6
      vertex -7.07964 17.0918 0
      vertex -8.72084 16.3155 0
    endloop
  endfacet
  facet normal 0.595682 -0.80322 0
    outer loop
      vertex 10.278 -15.3822 0
      vertex 11.7363 -14.3007 6
      vertex 10.278 -15.3822 6
    endloop
  endfacet
  facet normal 0.595682 -0.80322 0
    outer loop
      vertex 11.7363 -14.3007 6
      vertex 10.278 -15.3822 0
      vertex 11.7363 -14.3007 0
    endloop
  endfacet
  facet normal 0.595682 0.80322 -0
    outer loop
      vertex 11.7363 14.3007 0
      vertex 10.278 15.3822 6
      vertex 11.7363 14.3007 6
    endloop
  endfacet
  facet normal 0.595682 0.80322 0
    outer loop
      vertex 10.278 15.3822 6
      vertex 11.7363 14.3007 0
      vertex 10.278 15.3822 0
    endloop
  endfacet
  facet normal -0.671553 -0.740956 0
    outer loop
      vertex -13.0815 -13.0815 0
      vertex -11.7363 -14.3007 6
      vertex -13.0815 -13.0815 6
    endloop
  endfacet
  facet normal -0.671553 -0.740956 -0
    outer loop
      vertex -11.7363 -14.3007 6
      vertex -13.0815 -13.0815 0
      vertex -11.7363 -14.3007 0
    endloop
  endfacet
  facet normal 0.998795 -0.0490772 0
    outer loop
      vertex 18.4109 -1.81332 6
      vertex 18.5 0 0
      vertex 18.5 0 6
    endloop
  endfacet
  facet normal 0.998795 -0.0490772 0
    outer loop
      vertex 18.5 0 0
      vertex 18.4109 -1.81332 6
      vertex 18.4109 -1.81332 0
    endloop
  endfacet
  facet normal -0.80322 -0.595682 0
    outer loop
      vertex -14.3007 -11.7363 0
      vertex -15.3822 -10.278 6
      vertex -15.3822 -10.278 0
    endloop
  endfacet
  facet normal -0.80322 -0.595682 0
    outer loop
      vertex -15.3822 -10.278 6
      vertex -14.3007 -11.7363 0
      vertex -14.3007 -11.7363 6
    endloop
  endfacet
  facet normal -0.903974 -0.427587 0
    outer loop
      vertex -16.3155 -8.72084 0
      vertex -17.0918 -7.07964 6
      vertex -17.0918 -7.07964 0
    endloop
  endfacet
  facet normal -0.903974 -0.427587 0
    outer loop
      vertex -17.0918 -7.07964 6
      vertex -16.3155 -8.72084 0
      vertex -16.3155 -8.72084 6
    endloop
  endfacet
  facet normal 0.0490772 0.998795 -0
    outer loop
      vertex 1.81332 18.4109 0
      vertex 0 18.5 6
      vertex 1.81332 18.4109 6
    endloop
  endfacet
  facet normal 0.0490772 0.998795 0
    outer loop
      vertex 0 18.5 6
      vertex 1.81332 18.4109 0
      vertex 0 18.5 0
    endloop
  endfacet
  facet normal -0.0490772 0.998795 0
    outer loop
      vertex 0 18.5 0
      vertex -1.81332 18.4109 6
      vertex 0 18.5 6
    endloop
  endfacet
  facet normal -0.0490772 0.998795 0
    outer loop
      vertex -1.81332 18.4109 6
      vertex 0 18.5 0
      vertex -1.81332 18.4109 0
    endloop
  endfacet
  facet normal -0.427587 -0.903974 0
    outer loop
      vertex -8.72084 -16.3155 0
      vertex -7.07964 -17.0918 6
      vertex -8.72084 -16.3155 6
    endloop
  endfacet
  facet normal -0.427587 -0.903974 -0
    outer loop
      vertex -7.07964 -17.0918 6
      vertex -8.72084 -16.3155 0
      vertex -7.07964 -17.0918 0
    endloop
  endfacet
  facet normal -0.146736 0.989176 0
    outer loop
      vertex -1.81332 18.4109 0
      vertex -3.60917 18.1445 6
      vertex -1.81332 18.4109 6
    endloop
  endfacet
  facet normal -0.146736 0.989176 0
    outer loop
      vertex -3.60917 18.1445 6
      vertex -1.81332 18.4109 0
      vertex -3.60917 18.1445 0
    endloop
  endfacet
  facet normal -0.989176 -0.146736 0
    outer loop
      vertex -18.1445 -3.60917 0
      vertex -18.4109 -1.81332 6
      vertex -18.4109 -1.81332 0
    endloop
  endfacet
  facet normal -0.989176 -0.146736 0
    outer loop
      vertex -18.4109 -1.81332 6
      vertex -18.1445 -3.60917 0
      vertex -18.1445 -3.60917 6
    endloop
  endfacet
  facet normal 0.336879 -0.941548 0
    outer loop
      vertex 5.37027 -17.7034 0
      vertex 7.07964 -17.0918 6
      vertex 5.37027 -17.7034 6
    endloop
  endfacet
  facet normal 0.336879 -0.941548 0
    outer loop
      vertex 7.07964 -17.0918 6
      vertex 5.37027 -17.7034 0
      vertex 7.07964 -17.0918 0
    endloop
  endfacet
  facet normal 0.242963 -0.970035 0
    outer loop
      vertex 3.60917 -18.1445 0
      vertex 5.37027 -17.7034 6
      vertex 3.60917 -18.1445 6
    endloop
  endfacet
  facet normal 0.242963 -0.970035 0
    outer loop
      vertex 5.37027 -17.7034 6
      vertex 3.60917 -18.1445 0
      vertex 5.37027 -17.7034 0
    endloop
  endfacet
  facet normal -0.903974 0.427587 0
    outer loop
      vertex -17.0918 7.07964 0
      vertex -16.3155 8.72084 6
      vertex -16.3155 8.72084 0
    endloop
  endfacet
  facet normal -0.903974 0.427587 0
    outer loop
      vertex -16.3155 8.72084 6
      vertex -17.0918 7.07964 0
      vertex -17.0918 7.07964 6
    endloop
  endfacet
  facet normal -0.740956 -0.671553 0
    outer loop
      vertex -13.0815 -13.0815 0
      vertex -14.3007 -11.7363 6
      vertex -14.3007 -11.7363 0
    endloop
  endfacet
  facet normal -0.740956 -0.671553 0
    outer loop
      vertex -14.3007 -11.7363 6
      vertex -13.0815 -13.0815 0
      vertex -13.0815 -13.0815 6
    endloop
  endfacet
  facet normal -0.595682 -0.80322 0
    outer loop
      vertex -11.7363 -14.3007 0
      vertex -10.278 -15.3822 6
      vertex -11.7363 -14.3007 6
    endloop
  endfacet
  facet normal -0.595682 -0.80322 -0
    outer loop
      vertex -10.278 -15.3822 6
      vertex -11.7363 -14.3007 0
      vertex -10.278 -15.3822 0
    endloop
  endfacet
  facet normal 0.903974 -0.427587 0
    outer loop
      vertex 16.3155 -8.72084 6
      vertex 17.0918 -7.07964 0
      vertex 17.0918 -7.07964 6
    endloop
  endfacet
  facet normal 0.903974 -0.427587 0
    outer loop
      vertex 17.0918 -7.07964 0
      vertex 16.3155 -8.72084 6
      vertex 16.3155 -8.72084 0
    endloop
  endfacet
  facet normal 0.857735 -0.514092 0
    outer loop
      vertex 15.3822 -10.278 6
      vertex 16.3155 -8.72084 0
      vertex 16.3155 -8.72084 6
    endloop
  endfacet
  facet normal 0.857735 -0.514092 0
    outer loop
      vertex 16.3155 -8.72084 0
      vertex 15.3822 -10.278 6
      vertex 15.3822 -10.278 0
    endloop
  endfacet
  facet normal -0.0490772 -0.998795 0
    outer loop
      vertex -1.81332 -18.4109 0
      vertex 0 -18.5 6
      vertex -1.81332 -18.4109 6
    endloop
  endfacet
  facet normal -0.0490772 -0.998795 -0
    outer loop
      vertex 0 -18.5 6
      vertex -1.81332 -18.4109 0
      vertex 0 -18.5 0
    endloop
  endfacet
  facet normal 0 0 1
    outer loop
      vertex 14.8 0 6
      vertex 18.5 0 6
      vertex 18.4109 1.81332 6
    endloop
  endfacet
  facet normal 0 0 1
    outer loop
      vertex 14.7287 1.45065 6
      vertex 18.4109 1.81332 6
      vertex 18.1445 3.60917 6
    endloop
  endfacet
  facet normal 0 0 1
    outer loop
      vertex 18.5 0 6
      vertex 14.8 0 6
      vertex 18.4109 -1.81332 6
    endloop
  endfacet
  facet normal 0 0 1
    outer loop
      vertex 14.5156 2.88734 6
      vertex 18.1445 3.60917 6
      vertex 17.7034 5.37027 6
    endloop
  endfacet
  facet normal -0 0 1
    outer loop
      vertex 14.7287 -1.45065 6
      vertex 18.4109 -1.81332 6
      vertex 14.8 0 6
    endloop
  endfacet
  facet normal 0 0 1
    outer loop
      vertex 14.1627 4.29621 6
      vertex 17.7034 5.37027 6
      vertex 17.0918 7.07964 6
    endloop
  endfacet
  facet normal 0 0 1
    outer loop
      vertex 18.4109 -1.81332 6
      vertex 14.7287 -1.45065 6
      vertex 18.1445 -3.60917 6
    endloop
  endfacet
  facet normal 0 0 1
    outer loop
      vertex 13.6734 5.66371 6
      vertex 17.0918 7.07964 6
      vertex 16.3155 8.72084 6
    endloop
  endfacet
  facet normal -0 0 1
    outer loop
      vertex 14.5156 -2.88734 6
      vertex 18.1445 -3.60917 6
      vertex 14.7287 -1.45065 6
    endloop
  endfacet
  facet normal 0 0 1
    outer loop
      vertex 13.0524 6.97667 6
      vertex 16.3155 8.72084 6
      vertex 15.3822 10.278 6
    endloop
  endfacet
  facet normal 0 0 1
    outer loop
      vertex 18.1445 -3.60917 6
      vertex 14.5156 -2.88734 6
      vertex 17.7034 -5.37027 6
    endloop
  endfacet
  facet normal -0 0 1
    outer loop
      vertex 14.1627 -4.29621 6
      vertex 17.7034 -5.37027 6
      vertex 14.5156 -2.88734 6
    endloop
  endfacet
  facet normal 0 0 1
    outer loop
      vertex 18.4109 1.81332 6
      vertex 14.7287 1.45065 6
      vertex 14.8 0 6
    endloop
  endfacet
  facet normal 0 0 1
    outer loop
      vertex 18.1445 3.60917 6
      vertex 14.5156 2.88734 6
      vertex 14.7287 1.45065 6
    endloop
  endfacet
  facet normal 0 0 1
    outer loop
      vertex 12.3057 8.22244 6
      vertex 15.3822 10.278 6
      vertex 14.3007 11.7363 6
    endloop
  endfacet
  facet normal 0 0 1
    outer loop
      vertex 17.7034 5.37027 6
      vertex 14.1627 4.29621 6
      vertex 14.5156 2.88734 6
    endloop
  endfacet
  facet normal 0 0 1
    outer loop
      vertex 17.0918 7.07964 6
      vertex 13.6734 5.66371 6
      vertex 14.1627 4.29621 6
    endloop
  endfacet
  facet normal 0 0 1
    outer loop
      vertex 11.4406 9.38902 6
      vertex 14.3007 11.7363 6
      vertex 13.0815 13.0815 6
    endloop
  endfacet
  facet normal 0 0 1
    outer loop
      vertex 16.3155 8.72084 6
      vertex 13.0524 6.97667 6
      vertex 13.6734 5.66371 6
    endloop
  endfacet
  facet normal 0 0 1
    outer loop
      vertex 15.3822 10.278 6
      vertex 12.3057 8.22244 6
      vertex 13.0524 6.97667 6
    endloop
  endfacet
  facet normal 0 0 1
    outer loop
      vertex 10.4652 10.4652 6
      vertex 13.0815 13.0815 6
      vertex 11.7363 14.3007 6
    endloop
  endfacet
  facet normal 0 0 1
    outer loop
      vertex 14.3007 11.7363 6
      vertex 11.4406 9.38902 6
      vertex 12.3057 8.22244 6
    endloop
  endfacet
  facet normal 0 0 1
    outer loop
      vertex 13.0815 13.0815 6
      vertex 10.4652 10.4652 6
      vertex 11.4406 9.38902 6
    endloop
  endfacet
  facet normal 0 0 1
    outer loop
      vertex 9.38902 11.4406 6
      vertex 11.7363 14.3007 6
      vertex 10.278 15.3822 6
    endloop
  endfacet
  facet normal 0 0 1
    outer loop
      vertex 11.7363 14.3007 6
      vertex 9.38902 11.4406 6
      vertex 10.4652 10.4652 6
    endloop
  endfacet
  facet normal 0 0 1
    outer loop
      vertex 8.22244 12.3057 6
      vertex 10.278 15.3822 6
      vertex 8.72084 16.3155 6
    endloop
  endfacet
  facet normal 0 0 1
    outer loop
      vertex 10.278 15.3822 6
      vertex 8.22244 12.3057 6
      vertex 9.38902 11.4406 6
    endloop
  endfacet
  facet normal 0 0 1
    outer loop
      vertex 6.97667 13.0524 6
      vertex 8.72084 16.3155 6
      vertex 7.07964 17.0918 6
    endloop
  endfacet
  facet normal 0 0 1
    outer loop
      vertex 8.72084 16.3155 6
      vertex 6.97667 13.0524 6
      vertex 8.22244 12.3057 6
    endloop
  endfacet
  facet normal 0 0 1
    outer loop
      vertex 7.07964 17.0918 6
      vertex 5.66371 13.6734 6
      vertex 6.97667 13.0524 6
    endloop
  endfacet
  facet normal 0 0 1
    outer loop
      vertex 5.37027 17.7034 6
      vertex 5.66371 13.6734 6
      vertex 7.07964 17.0918 6
    endloop
  endfacet
  facet normal 0 0 1
    outer loop
      vertex 5.37027 17.7034 6
      vertex 4.29621 14.1627 6
      vertex 5.66371 13.6734 6
    endloop
  endfacet
  facet normal 0 0 1
    outer loop
      vertex 3.60917 18.1445 6
      vertex 4.29621 14.1627 6
      vertex 5.37027 17.7034 6
    endloop
  endfacet
  facet normal 0 0 1
    outer loop
      vertex 3.60917 18.1445 6
      vertex 2.88734 14.5156 6
      vertex 4.29621 14.1627 6
    endloop
  endfacet
  facet normal 0 0 1
    outer loop
      vertex 1.81332 18.4109 6
      vertex 2.88734 14.5156 6
      vertex 3.60917 18.1445 6
    endloop
  endfacet
  facet normal 0 0 1
    outer loop
      vertex 1.81332 18.4109 6
      vertex 1.45065 14.7287 6
      vertex 2.88734 14.5156 6
    endloop
  endfacet
  facet normal 0 0 1
    outer loop
      vertex 0 18.5 6
      vertex 1.45065 14.7287 6
      vertex 1.81332 18.4109 6
    endloop
  endfacet
  facet normal 0 0 1
    outer loop
      vertex 0 18.5 6
      vertex 0 14.8 6
      vertex 1.45065 14.7287 6
    endloop
  endfacet
  facet normal 0 0 1
    outer loop
      vertex 0 18.5 6
      vertex -1.45065 14.7287 6
      vertex 0 14.8 6
    endloop
  endfacet
  facet normal -0 0 1
    outer loop
      vertex -1.81332 18.4109 6
      vertex -1.45065 14.7287 6
      vertex 0 18.5 6
    endloop
  endfacet
  facet normal 0 0 1
    outer loop
      vertex -1.81332 18.4109 6
      vertex -2.88734 14.5156 6
      vertex -1.45065 14.7287 6
    endloop
  endfacet
  facet normal -0 0 1
    outer loop
      vertex -3.60917 18.1445 6
      vertex -2.88734 14.5156 6
      vertex -1.81332 18.4109 6
    endloop
  endfacet
  facet normal 0 0 1
    outer loop
      vertex -3.60917 18.1445 6
      vertex -4.29621 14.1627 6
      vertex -2.88734 14.5156 6
    endloop
  endfacet
  facet normal -0 0 1
    outer loop
      vertex -5.37027 17.7034 6
      vertex -4.29621 14.1627 6
      vertex -3.60917 18.1445 6
    endloop
  endfacet
  facet normal 0 0 1
    outer loop
      vertex -5.37027 17.7034 6
      vertex -5.66371 13.6734 6
      vertex -4.29621 14.1627 6
    endloop
  endfacet
  facet normal -0 0 1
    outer loop
      vertex -7.07964 17.0918 6
      vertex -5.66371 13.6734 6
      vertex -5.37027 17.7034 6
    endloop
  endfacet
  facet normal 0 0 1
    outer loop
      vertex -5.66371 13.6734 6
      vertex -7.07964 17.0918 6
      vertex -6.97667 13.0524 6
    endloop
  endfacet
  facet normal -0 0 1
    outer loop
      vertex -8.72084 16.3155 6
      vertex -6.97667 13.0524 6
      vertex -7.07964 17.0918 6
    endloop
  endfacet
  facet normal 0 0 1
    outer loop
      vertex -6.97667 13.0524 6
      vertex -8.72084 16.3155 6
      vertex -8.22244 12.3057 6
    endloop
  endfacet
  facet normal -0 0 1
    outer loop
      vertex -10.278 15.3822 6
      vertex -8.22244 12.3057 6
      vertex -8.72084 16.3155 6
    endloop
  endfacet
  facet normal 0 0 1
    outer loop
      vertex -8.22244 12.3057 6
      vertex -10.278 15.3822 6
      vertex -9.38902 11.4406 6
    endloop
  endfacet
  facet normal -0 0 1
    outer loop
      vertex -11.7363 14.3007 6
      vertex -9.38902 11.4406 6
      vertex -10.278 15.3822 6
    endloop
  endfacet
  facet normal 0 0 1
    outer loop
      vertex -9.38902 11.4406 6
      vertex -11.7363 14.3007 6
      vertex -10.4652 10.4652 6
    endloop
  endfacet
  facet normal -0 0 1
    outer loop
      vertex -13.0815 13.0815 6
      vertex -10.4652 10.4652 6
      vertex -11.7363 14.3007 6
    endloop
  endfacet
  facet normal 0 0 1
    outer loop
      vertex -10.4652 10.4652 6
      vertex -13.0815 13.0815 6
      vertex -11.4406 9.38902 6
    endloop
  endfacet
  facet normal -0 0 1
    outer loop
      vertex -14.3007 11.7363 6
      vertex -11.4406 9.38902 6
      vertex -13.0815 13.0815 6
    endloop
  endfacet
  facet normal 0 0 1
    outer loop
      vertex -11.4406 9.38902 6
      vertex -14.3007 11.7363 6
      vertex -12.3057 8.22244 6
    endloop
  endfacet
  facet normal -0 0 1
    outer loop
      vertex -15.3822 10.278 6
      vertex -12.3057 8.22244 6
      vertex -14.3007 11.7363 6
    endloop
  endfacet
  facet normal 0 0 1
    outer loop
      vertex -12.3057 8.22244 6
      vertex -15.3822 10.278 6
      vertex -13.0524 6.97667 6
    endloop
  endfacet
  facet normal -0 0 1
    outer loop
      vertex -16.3155 8.72084 6
      vertex -13.0524 6.97667 6
      vertex -15.3822 10.278 6
    endloop
  endfacet
  facet normal 0 0 1
    outer loop
      vertex -13.0524 6.97667 6
      vertex -16.3155 8.72084 6
      vertex -13.6734 5.66371 6
    endloop
  endfacet
  facet normal -0 0 1
    outer loop
      vertex -17.0918 7.07964 6
      vertex -13.6734 5.66371 6
      vertex -16.3155 8.72084 6
    endloop
  endfacet
  facet normal 0 0 1
    outer loop
      vertex -13.6734 5.66371 6
      vertex -17.0918 7.07964 6
      vertex -14.1627 4.29621 6
    endloop
  endfacet
  facet normal -0 0 1
    outer loop
      vertex -17.7034 5.37027 6
      vertex -14.1627 4.29621 6
      vertex -17.0918 7.07964 6
    endloop
  endfacet
  facet normal 0 0 1
    outer loop
      vertex 17.7034 -5.37027 6
      vertex 14.1627 -4.29621 6
      vertex 17.0918 -7.07964 6
    endloop
  endfacet
  facet normal -0 0 1
    outer loop
      vertex 13.6734 -5.66371 6
      vertex 17.0918 -7.07964 6
      vertex 14.1627 -4.29621 6
    endloop
  endfacet
  facet normal 0 0 1
    outer loop
      vertex 17.0918 -7.07964 6
      vertex 13.6734 -5.66371 6
      vertex 16.3155 -8.72084 6
    endloop
  endfacet
  facet normal -0 0 1
    outer loop
      vertex 13.0524 -6.97667 6
      vertex 16.3155 -8.72084 6
      vertex 13.6734 -5.66371 6
    endloop
  endfacet
  facet normal 0 0 1
    outer loop
      vertex 16.3155 -8.72084 6
      vertex 13.0524 -6.97667 6
      vertex 15.3822 -10.278 6
    endloop
  endfacet
  facet normal -0 0 1
    outer loop
      vertex 12.3057 -8.22244 6
      vertex 15.3822 -10.278 6
      vertex 13.0524 -6.97667 6
    endloop
  endfacet
  facet normal 0 0 1
    outer loop
      vertex 15.3822 -10.278 6
      vertex 12.3057 -8.22244 6
      vertex 14.3007 -11.7363 6
    endloop
  endfacet
  facet normal -0 0 1
    outer loop
      vertex 11.4406 -9.38902 6
      vertex 14.3007 -11.7363 6
      vertex 12.3057 -8.22244 6
    endloop
  endfacet
  facet normal 0 0 1
    outer loop
      vertex 14.3007 -11.7363 6
      vertex 11.4406 -9.38902 6
      vertex 13.0815 -13.0815 6
    endloop
  endfacet
  facet normal -0 0 1
    outer loop
      vertex 10.4652 -10.4652 6
      vertex 13.0815 -13.0815 6
      vertex 11.4406 -9.38902 6
    endloop
  endfacet
  facet normal 0 0 1
    outer loop
      vertex 13.0815 -13.0815 6
      vertex 10.4652 -10.4652 6
      vertex 11.7363 -14.3007 6
    endloop
  endfacet
  facet normal -0 0 1
    outer loop
      vertex 9.38902 -11.4406 6
      vertex 11.7363 -14.3007 6
      vertex 10.4652 -10.4652 6
    endloop
  endfacet
  facet normal 0 0 1
    outer loop
      vertex 11.7363 -14.3007 6
      vertex 9.38902 -11.4406 6
      vertex 10.278 -15.3822 6
    endloop
  endfacet
  facet normal -0 0 1
    outer loop
      vertex 8.22244 -12.3057 6
      vertex 10.278 -15.3822 6
      vertex 9.38902 -11.4406 6
    endloop
  endfacet
  facet normal 0 0 1
    outer loop
      vertex 10.278 -15.3822 6
      vertex 8.22244 -12.3057 6
      vertex 8.72084 -16.3155 6
    endloop
  endfacet
  facet normal -0 0 1
    outer loop
      vertex 6.97667 -13.0524 6
      vertex 8.72084 -16.3155 6
      vertex 8.22244 -12.3057 6
    endloop
  endfacet
  facet normal 0 0 1
    outer loop
      vertex 8.72084 -16.3155 6
      vertex 6.97667 -13.0524 6
      vertex 7.07964 -17.0918 6
    endloop
  endfacet
  facet normal -0 0 1
    outer loop
      vertex 5.66371 -13.6734 6
      vertex 7.07964 -17.0918 6
      vertex 6.97667 -13.0524 6
    endloop
  endfacet
  facet normal 0 0 1
    outer loop
      vertex 5.66371 -13.6734 6
      vertex 5.37027 -17.7034 6
      vertex 7.07964 -17.0918 6
    endloop
  endfacet
  facet normal -0 0 1
    outer loop
      vertex 4.29621 -14.1627 6
      vertex 5.37027 -17.7034 6
      vertex 5.66371 -13.6734 6
    endloop
  endfacet
  facet normal 0 0 1
    outer loop
      vertex 4.29621 -14.1627 6
      vertex 3.60917 -18.1445 6
      vertex 5.37027 -17.7034 6
    endloop
  endfacet
  facet normal -0 0 1
    outer loop
      vertex 2.88734 -14.5156 6
      vertex 3.60917 -18.1445 6
      vertex 4.29621 -14.1627 6
    endloop
  endfacet
  facet normal 0 0 1
    outer loop
      vertex 2.88734 -14.5156 6
      vertex 1.81332 -18.4109 6
      vertex 3.60917 -18.1445 6
    endloop
  endfacet
  facet normal -0 0 1
    outer loop
      vertex 1.45065 -14.7287 6
      vertex 1.81332 -18.4109 6
      vertex 2.88734 -14.5156 6
    endloop
  endfacet
  facet normal -0 0 1
    outer loop
      vertex 0 -14.8 6
      vertex 1.81332 -18.4109 6
      vertex 1.45065 -14.7287 6
    endloop
  endfacet
  facet normal 0 0 1
    outer loop
      vertex 0 -14.8 6
      vertex 0 -18.5 6
      vertex 1.81332 -18.4109 6
    endloop
  endfacet
  facet normal 0 0 1
    outer loop
      vertex -1.45065 -14.7287 6
      vertex 0 -18.5 6
      vertex 0 -14.8 6
    endloop
  endfacet
  facet normal 0 0 1
    outer loop
      vertex -1.45065 -14.7287 6
      vertex -1.81332 -18.4109 6
      vertex 0 -18.5 6
    endloop
  endfacet
  facet normal 0 0 1
    outer loop
      vertex -2.88734 -14.5156 6
      vertex -1.81332 -18.4109 6
      vertex -1.45065 -14.7287 6
    endloop
  endfacet
  facet normal 0 0 1
    outer loop
      vertex -2.88734 -14.5156 6
      vertex -3.60917 -18.1445 6
      vertex -1.81332 -18.4109 6
    endloop
  endfacet
  facet normal 0 0 1
    outer loop
      vertex -4.29621 -14.1627 6
      vertex -3.60917 -18.1445 6
      vertex -2.88734 -14.5156 6
    endloop
  endfacet
  facet normal 0 0 1
    outer loop
      vertex -4.29621 -14.1627 6
      vertex -5.37027 -17.7034 6
      vertex -3.60917 -18.1445 6
    endloop
  endfacet
  facet normal 0 0 1
    outer loop
      vertex -5.66371 -13.6734 6
      vertex -5.37027 -17.7034 6
      vertex -4.29621 -14.1627 6
    endloop
  endfacet
  facet normal 0 0 1
    outer loop
      vertex -7.07964 -17.0918 6
      vertex -5.66371 -13.6734 6
      vertex -6.97667 -13.0524 6
    endloop
  endfacet
  facet normal 0 0 1
    outer loop
      vertex -5.66371 -13.6734 6
      vertex -7.07964 -17.0918 6
      vertex -5.37027 -17.7034 6
    endloop
  endfacet
  facet normal 0 0 1
    outer loop
      vertex -8.72084 -16.3155 6
      vertex -6.97667 -13.0524 6
      vertex -8.22244 -12.3057 6
    endloop
  endfacet
  facet normal 0 0 1
    outer loop
      vertex -6.97667 -13.0524 6
      vertex -8.72084 -16.3155 6
      vertex -7.07964 -17.0918 6
    endloop
  endfacet
  facet normal 0 0 1
    outer loop
      vertex -10.278 -15.3822 6
      vertex -8.22244 -12.3057 6
      vertex -9.38902 -11.4406 6
    endloop
  endfacet
  facet normal 0 0 1
    outer loop
      vertex -8.22244 -12.3057 6
      vertex -10.278 -15.3822 6
      vertex -8.72084 -16.3155 6
    endloop
  endfacet
  facet normal 0 0 1
    outer loop
      vertex -11.7363 -14.3007 6
      vertex -9.38902 -11.4406 6
      vertex -10.4652 -10.4652 6
    endloop
  endfacet
  facet normal 0 0 1
    outer loop
      vertex -13.0815 -13.0815 6
      vertex -10.4652 -10.4652 6
      vertex -11.4406 -9.38902 6
    endloop
  endfacet
  facet normal 0 0 1
    outer loop
      vertex -9.38902 -11.4406 6
      vertex -11.7363 -14.3007 6
      vertex -10.278 -15.3822 6
    endloop
  endfacet
  facet normal 0 0 1
    outer loop
      vertex -14.3007 -11.7363 6
      vertex -11.4406 -9.38902 6
      vertex -12.3057 -8.22244 6
    endloop
  endfacet
  facet normal 0 0 1
    outer loop
      vertex -15.3822 -10.278 6
      vertex -12.3057 -8.22244 6
      vertex -13.0524 -6.97667 6
    endloop
  endfacet
  facet normal 0 0 1
    outer loop
      vertex -10.4652 -10.4652 6
      vertex -13.0815 -13.0815 6
      vertex -11.7363 -14.3007 6
    endloop
  endfacet
  facet normal 0 0 1
    outer loop
      vertex -16.3155 -8.72084 6
      vertex -13.0524 -6.97667 6
      vertex -13.6734 -5.66371 6
    endloop
  endfacet
  facet normal 0 0 1
    outer loop
      vertex -17.0918 -7.07964 6
      vertex -13.6734 -5.66371 6
      vertex -14.1627 -4.29621 6
    endloop
  endfacet
  facet normal 0 0 1
    outer loop
      vertex -11.4406 -9.38902 6
      vertex -14.3007 -11.7363 6
      vertex -13.0815 -13.0815 6
    endloop
  endfacet
  facet normal 0 0 1
    outer loop
      vertex -17.7034 -5.37027 6
      vertex -14.1627 -4.29621 6
      vertex -14.5156 -2.88734 6
    endloop
  endfacet
  facet normal 0 0 1
    outer loop
      vertex -18.1445 -3.60917 6
      vertex -14.5156 -2.88734 6
      vertex -14.7287 -1.45065 6
    endloop
  endfacet
  facet normal 0 0 1
    outer loop
      vertex -18.4109 -1.81332 6
      vertex -14.7287 -1.45065 6
      vertex -14.8 0 6
    endloop
  endfacet
  facet normal 0 0 1
    outer loop
      vertex -14.1627 4.29621 6
      vertex -17.7034 5.37027 6
      vertex -14.5156 2.88734 6
    endloop
  endfacet
  facet normal 0 0 1
    outer loop
      vertex -12.3057 -8.22244 6
      vertex -15.3822 -10.278 6
      vertex -14.3007 -11.7363 6
    endloop
  endfacet
  facet normal -0 0 1
    outer loop
      vertex -18.1445 3.60917 6
      vertex -14.5156 2.88734 6
      vertex -17.7034 5.37027 6
    endloop
  endfacet
  facet normal 0 0 1
    outer loop
      vertex -13.0524 -6.97667 6
      vertex -16.3155 -8.72084 6
      vertex -15.3822 -10.278 6
    endloop
  endfacet
  facet normal 0 0 1
    outer loop
      vertex -14.5156 2.88734 6
      vertex -18.1445 3.60917 6
      vertex -14.7287 1.45065 6
    endloop
  endfacet
  facet normal 0 0 1
    outer loop
      vertex -13.6734 -5.66371 6
      vertex -17.0918 -7.07964 6
      vertex -16.3155 -8.72084 6
    endloop
  endfacet
  facet normal -0 0 1
    outer loop
      vertex -18.4109 1.81332 6
      vertex -14.7287 1.45065 6
      vertex -18.1445 3.60917 6
    endloop
  endfacet
  facet normal 0 0 1
    outer loop
      vertex -14.1627 -4.29621 6
      vertex -17.7034 -5.37027 6
      vertex -17.0918 -7.07964 6
    endloop
  endfacet
  facet normal 0 0 1
    outer loop
      vertex -14.7287 1.45065 6
      vertex -18.4109 1.81332 6
      vertex -14.8 0 6
    endloop
  endfacet
  facet normal 0 0 1
    outer loop
      vertex -14.5156 -2.88734 6
      vertex -18.1445 -3.60917 6
      vertex -17.7034 -5.37027 6
    endloop
  endfacet
  facet normal 0 0 1
    outer loop
      vertex -18.5 0 6
      vertex -14.8 0 6
      vertex -18.4109 1.81332 6
    endloop
  endfacet
  facet normal 0 0 1
    outer loop
      vertex -14.7287 -1.45065 6
      vertex -18.4109 -1.81332 6
      vertex -18.1445 -3.60917 6
    endloop
  endfacet
  facet normal 0 0 1
    outer loop
      vertex -14.8 0 6
      vertex -18.5 0 6
      vertex -18.4109 -1.81332 6
    endloop
  endfacet
  facet normal -0.998795 0.0490772 0
    outer loop
      vertex -18.5 0 0
      vertex -18.4109 1.81332 6
      vertex -18.4109 1.81332 0
    endloop
  endfacet
  facet normal -0.998795 0.0490772 0
    outer loop
      vertex -18.4109 1.81332 6
      vertex -18.5 0 0
      vertex -18.5 0 6
    endloop
  endfacet
  facet normal -0.336879 -0.941548 0
    outer loop
      vertex -7.07964 -17.0918 0
      vertex -5.37027 -17.7034 6
      vertex -7.07964 -17.0918 6
    endloop
  endfacet
  facet normal -0.336879 -0.941548 -0
    outer loop
      vertex -5.37027 -17.7034 6
      vertex -7.07964 -17.0918 0
      vertex -5.37027 -17.7034 0
    endloop
  endfacet
  facet normal 0.671553 -0.740956 0
    outer loop
      vertex 11.7363 -14.3007 0
      vertex 13.0815 -13.0815 6
      vertex 11.7363 -14.3007 6
    endloop
  endfacet
  facet normal 0.671553 -0.740956 0
    outer loop
      vertex 13.0815 -13.0815 6
      vertex 11.7363 -14.3007 0
      vertex 13.0815 -13.0815 0
    endloop
  endfacet
  facet normal 0.956766 0.0470468 0.287029
    outer loop
      vertex 14.8 0 6
      vertex 8.13615 0.213252 28.1779
      vertex 8.14534 0.0263597 28.1779
    endloop
  endfacet
  facet normal 0.956776 0.046823 0.287033
    outer loop
      vertex 14.8 0 6
      vertex 8.14534 0.0263597 28.1779
      vertex 8.14663 0 28.1779
    endloop
  endfacet
  facet normal 0.956767 0.0470254 0.28703
    outer loop
      vertex 8.13615 0.213252 28.1779
      vertex 14.8 0 6
      vertex 14.7287 1.45065 6
    endloop
  endfacet
  facet normal 0 0 1
    outer loop
      vertex -5.90392 -5.60234 28.1779
      vertex -5.76054 -5.76054 28.1779
      vertex -5.77826 -5.74098 28.1779
    endloop
  endfacet
  facet normal -0.709782 -0.64329 0.287032
    outer loop
      vertex -11.4406 -9.38902 6
      vertex -5.76054 -5.76054 28.1779
      vertex -5.90392 -5.60234 28.1779
    endloop
  endfacet
  facet normal -0.70977 -0.643303 0.287031
    outer loop
      vertex -5.76054 -5.76054 28.1779
      vertex -11.4406 -9.38902 6
      vertex -10.4652 -10.4652 6
    endloop
  endfacet
  facet normal 0.901925 -0.322715 0.28703
    outer loop
      vertex 7.5265 -3.11758 28.1779
      vertex 14.1627 -4.29621 6
      vertex 7.59843 -2.91655 28.1779
    endloop
  endfacet
  facet normal 0.901925 -0.322714 0.28703
    outer loop
      vertex 14.1627 -4.29621 6
      vertex 7.5265 -3.11758 28.1779
      vertex 13.6734 -5.66371 6
    endloop
  endfacet
  facet normal 0.821539 0.492633 0.287031
    outer loop
      vertex 6.78724 4.50339 28.1779
      vertex 12.3057 8.22244 6
      vertex 6.77367 4.52602 28.1779
    endloop
  endfacet
  facet normal 0.821635 0.492474 0.287029
    outer loop
      vertex 12.3057 8.22244 6
      vertex 6.78724 4.50339 28.1779
      vertex 7.07492 4.02343 28.1779
    endloop
  endfacet
  facet normal 0.322714 0.901925 0.28703
    outer loop
      vertex 4.29621 14.1627 6
      vertex 3.11758 7.5265 28.1779
      vertex 5.66371 13.6734 6
    endloop
  endfacet
  facet normal 0.322715 0.901925 0.28703
    outer loop
      vertex 3.11758 7.5265 28.1779
      vertex 4.29621 14.1627 6
      vertex 2.91655 7.59843 28.1779
    endloop
  endfacet
  facet normal 0.643302 -0.709772 0.287032
    outer loop
      vertex 5.60234 -5.90392 28.1779
      vertex 5.16817 -6.29743 28.1779
      vertex 9.38902 -11.4406 6
    endloop
  endfacet
  facet normal 0 0 1
    outer loop
      vertex -5.60234 5.90392 28.1779
      vertex -5.76054 5.76054 28.1779
      vertex -5.74098 5.77826 28.1779
    endloop
  endfacet
  facet normal -0.64329 0.709782 0.287032
    outer loop
      vertex -9.38902 11.4406 6
      vertex -5.76054 5.76054 28.1779
      vertex -5.60234 5.90392 28.1779
    endloop
  endfacet
  facet normal -0.643303 0.70977 0.287031
    outer loop
      vertex -5.76054 5.76054 28.1779
      vertex -9.38902 11.4406 6
      vertex -10.4652 10.4652 6
    endloop
  endfacet
  facet normal -0.956776 -0.046823 0.287033
    outer loop
      vertex -14.8 0 6
      vertex -8.14534 -0.0263597 28.1779
      vertex -8.14663 0 28.1779
    endloop
  endfacet
  facet normal -0.956766 -0.0470468 0.287029
    outer loop
      vertex -14.8 0 6
      vertex -8.13615 -0.213252 28.1779
      vertex -8.14534 -0.0263597 28.1779
    endloop
  endfacet
  facet normal -0.956767 -0.0470254 0.28703
    outer loop
      vertex -8.13615 -0.213252 28.1779
      vertex -14.8 0 6
      vertex -14.7287 -1.45065 6
    endloop
  endfacet
  facet normal 0 0 -1
    outer loop
      vertex -0.213252 -8.13615 28.1779
      vertex 0 -8.14663 28.1779
      vertex -0.0263597 -8.14534 28.1779
    endloop
  endfacet
  facet normal -0.0470254 -0.956767 0.28703
    outer loop
      vertex 0 -14.8 6
      vertex -0.213252 -8.13615 28.1779
      vertex -1.45065 -14.7287 6
    endloop
  endfacet
  facet normal -0.0470191 -0.956767 0.28703
    outer loop
      vertex -0.213252 -8.13615 28.1779
      vertex 0 -14.8 6
      vertex 0 -8.14663 28.1779
    endloop
  endfacet
  facet normal 0.047 0.956768 0.287029
    outer loop
      vertex 1.45065 14.7287 6
      vertex 0.213252 8.13615 28.1779
      vertex 0.798509 8.1074 28.1779
    endloop
  endfacet
  facet normal -0.901922 0.322724 0.287029
    outer loop
      vertex -14.1627 4.29621 6
      vertex -7.78695 2.38969 28.1779
      vertex -7.59843 2.91655 28.1779
    endloop
  endfacet
  facet normal -0.901942 0.322667 0.28703
    outer loop
      vertex -14.1627 4.29621 6
      vertex -7.79584 2.36484 28.1779
      vertex -7.78695 2.38969 28.1779
    endloop
  endfacet
  facet normal 0 0 -1
    outer loop
      vertex 0 -8.14663 28.1779
      vertex 0.213252 -8.13615 28.1779
      vertex 0.0263597 -8.14534 28.1779
    endloop
  endfacet
  facet normal 0.0470191 -0.956767 0.28703
    outer loop
      vertex 0 -14.8 6
      vertex 0.213252 -8.13615 28.1779
      vertex 0 -8.14663 28.1779
    endloop
  endfacet
  facet normal 0.0470254 -0.956767 0.28703
    outer loop
      vertex 0.213252 -8.13615 28.1779
      vertex 0 -14.8 6
      vertex 1.45065 -14.7287 6
    endloop
  endfacet
  facet normal 0.570563 -0.769462 0.28703
    outer loop
      vertex 8.22244 -12.3057 6
      vertex 4.54722 -6.75795 28.1779
      vertex 4.52602 -6.77367 28.1779
    endloop
  endfacet
  facet normal 0.57062 -0.76942 0.287029
    outer loop
      vertex 4.54722 -6.75795 28.1779
      vertex 8.22244 -12.3057 6
      vertex 4.99668 -6.42462 28.1779
    endloop
  endfacet
  facet normal 0.409565 0.865951 0.28703
    outer loop
      vertex 5.66371 13.6734 6
      vertex 3.11758 7.5265 28.1779
      vertex 3.64728 7.27597 28.1779
    endloop
  endfacet
  facet normal 0.492474 -0.821635 0.287029
    outer loop
      vertex 8.22244 -12.3057 6
      vertex 4.50339 -6.78724 28.1779
      vertex 4.02343 -7.07492 28.1779
    endloop
  endfacet
  facet normal 0.492633 -0.821539 0.287031
    outer loop
      vertex 4.50339 -6.78724 28.1779
      vertex 8.22244 -12.3057 6
      vertex 4.52602 -6.77367 28.1779
    endloop
  endfacet
  facet normal -0.76942 0.57062 0.287029
    outer loop
      vertex -12.3057 8.22244 6
      vertex -6.75795 4.54722 28.1779
      vertex -6.42462 4.99668 28.1779
    endloop
  endfacet
  facet normal -0.769462 0.570563 0.28703
    outer loop
      vertex -6.75795 4.54722 28.1779
      vertex -12.3057 8.22244 6
      vertex -6.77367 4.52602 28.1779
    endloop
  endfacet
  facet normal 0 0 -1
    outer loop
      vertex -3.64728 7.27597 28.1779
      vertex -3.84029 7.18469 28.1779
      vertex -3.81644 7.19597 28.1779
    endloop
  endfacet
  facet normal -0.409539 0.865963 0.287031
    outer loop
      vertex -5.66371 13.6734 6
      vertex -3.84029 7.18469 28.1779
      vertex -3.64728 7.27597 28.1779
    endloop
  endfacet
  facet normal -0.409573 0.865947 0.287029
    outer loop
      vertex -3.84029 7.18469 28.1779
      vertex -5.66371 13.6734 6
      vertex -6.97667 13.0524 6
    endloop
  endfacet
  facet normal -0.901922 -0.322724 0.287029
    outer loop
      vertex -7.78695 -2.38969 28.1779
      vertex -14.1627 -4.29621 6
      vertex -7.59843 -2.91655 28.1779
    endloop
  endfacet
  facet normal -0.901942 -0.322667 0.28703
    outer loop
      vertex -14.1627 -4.29621 6
      vertex -7.78695 -2.38969 28.1779
      vertex -7.79584 -2.36484 28.1779
    endloop
  endfacet
  facet normal -0.865951 -0.409565 0.28703
    outer loop
      vertex -7.5265 -3.11758 28.1779
      vertex -13.6734 -5.66371 6
      vertex -7.27597 -3.64728 28.1779
    endloop
  endfacet
  facet normal 0.929235 0.232672 0.287028
    outer loop
      vertex 7.80225 2.33924 28.1779
      vertex 14.1627 4.29621 6
      vertex 7.79584 2.36484 28.1779
    endloop
  endfacet
  facet normal 0.929212 0.232765 0.28703
    outer loop
      vertex 14.1627 4.29621 6
      vertex 7.80225 2.33924 28.1779
      vertex 7.93822 1.79644 28.1779
    endloop
  endfacet
  facet normal 0.709772 0.643302 0.287032
    outer loop
      vertex 11.4406 9.38902 6
      vertex 5.90392 5.60234 28.1779
      vertex 6.29743 5.16817 28.1779
    endloop
  endfacet
  facet normal -0.140558 0.947554 0.287029
    outer loop
      vertex -1.37813 8.02142 28.1779
      vertex -0.798509 8.1074 28.1779
      vertex -1.45065 14.7287 6
    endloop
  endfacet
  facet normal 0.821637 -0.492471 0.287029
    outer loop
      vertex 7.07492 -4.02343 28.1779
      vertex 13.0524 -6.97667 6
      vertex 7.18469 -3.84029 28.1779
    endloop
  endfacet
  facet normal 0.821633 -0.492477 0.287029
    outer loop
      vertex 13.0524 -6.97667 6
      vertex 7.07492 -4.02343 28.1779
      vertex 12.3057 -8.22244 6
    endloop
  endfacet
  facet normal -0.929235 0.232672 0.287028
    outer loop
      vertex -14.1627 4.29621 6
      vertex -7.80225 2.33924 28.1779
      vertex -7.79584 2.36484 28.1779
    endloop
  endfacet
  facet normal -0.929212 0.232765 0.28703
    outer loop
      vertex -7.80225 2.33924 28.1779
      vertex -14.1627 4.29621 6
      vertex -7.93822 1.79644 28.1779
    endloop
  endfacet
  facet normal -0.492633 -0.821539 0.287031
    outer loop
      vertex -8.22244 -12.3057 6
      vertex -4.50339 -6.78724 28.1779
      vertex -4.52602 -6.77367 28.1779
    endloop
  endfacet
  facet normal -0.492474 -0.821635 0.287029
    outer loop
      vertex -4.50339 -6.78724 28.1779
      vertex -8.22244 -12.3057 6
      vertex -4.02343 -7.07492 28.1779
    endloop
  endfacet
  facet normal 0 0 1
    outer loop
      vertex 5.60234 -5.90392 28.1779
      vertex 5.76054 -5.76054 28.1779
      vertex 5.74098 -5.77826 28.1779
    endloop
  endfacet
  facet normal 0.64329 -0.709782 0.287032
    outer loop
      vertex 9.38902 -11.4406 6
      vertex 5.76054 -5.76054 28.1779
      vertex 5.60234 -5.90392 28.1779
    endloop
  endfacet
  facet normal 0.643303 -0.70977 0.287031
    outer loop
      vertex 5.76054 -5.76054 28.1779
      vertex 9.38902 -11.4406 6
      vertex 10.4652 -10.4652 6
    endloop
  endfacet
  facet normal -0.232754 -0.929215 0.287029
    outer loop
      vertex -2.88734 -14.5156 6
      vertex -1.79644 -7.93822 28.1779
      vertex -4.29621 -14.1627 6
    endloop
  endfacet
  facet normal -0.232721 -0.929223 0.28703
    outer loop
      vertex -1.79644 -7.93822 28.1779
      vertex -2.88734 -14.5156 6
      vertex -1.58933 -7.99009 28.1779
    endloop
  endfacet
  facet normal -0.929215 0.232754 0.287029
    outer loop
      vertex -14.5156 2.88734 6
      vertex -7.93822 1.79644 28.1779
      vertex -14.1627 4.29621 6
    endloop
  endfacet
  facet normal -0.929223 0.232721 0.28703
    outer loop
      vertex -7.93822 1.79644 28.1779
      vertex -14.5156 2.88734 6
      vertex -7.99009 1.58933 28.1779
    endloop
  endfacet
  facet normal 0.570593 0.769439 0.287031
    outer loop
      vertex 8.22244 12.3057 6
      vertex 5.16817 6.29743 28.1779
      vertex 9.38902 11.4406 6
    endloop
  endfacet
  facet normal 0.570646 0.769401 0.287028
    outer loop
      vertex 5.16817 6.29743 28.1779
      vertex 8.22244 12.3057 6
      vertex 4.99668 6.42462 28.1779
    endloop
  endfacet
  facet normal 0.769439 0.570593 0.287031
    outer loop
      vertex 6.29743 5.16817 28.1779
      vertex 12.3057 8.22244 6
      vertex 11.4406 9.38902 6
    endloop
  endfacet
  facet normal 0.769401 0.570646 0.287028
    outer loop
      vertex 12.3057 8.22244 6
      vertex 6.29743 5.16817 28.1779
      vertex 6.42462 4.99668 28.1779
    endloop
  endfacet
  facet normal -0.409565 -0.865951 0.28703
    outer loop
      vertex -5.66371 -13.6734 6
      vertex -3.11758 -7.5265 28.1779
      vertex -3.64728 -7.27597 28.1779
    endloop
  endfacet
  facet normal 0.322667 -0.901942 0.28703
    outer loop
      vertex 2.38969 -7.78695 28.1779
      vertex 2.36484 -7.79584 28.1779
      vertex 4.29621 -14.1627 6
    endloop
  endfacet
  facet normal 0.322724 -0.901922 0.287029
    outer loop
      vertex 2.91655 -7.59843 28.1779
      vertex 2.38969 -7.78695 28.1779
      vertex 4.29621 -14.1627 6
    endloop
  endfacet
  facet normal 0.492633 0.821539 0.287031
    outer loop
      vertex 8.22244 12.3057 6
      vertex 4.50339 6.78724 28.1779
      vertex 4.52602 6.77367 28.1779
    endloop
  endfacet
  facet normal 0.492474 0.821635 0.287029
    outer loop
      vertex 4.50339 6.78724 28.1779
      vertex 8.22244 12.3057 6
      vertex 4.02343 7.07492 28.1779
    endloop
  endfacet
  facet normal 0.865951 -0.409565 0.28703
    outer loop
      vertex 13.6734 -5.66371 6
      vertex 7.5265 -3.11758 28.1779
      vertex 7.27597 -3.64728 28.1779
    endloop
  endfacet
  facet normal -0.929223 -0.232721 0.28703
    outer loop
      vertex -14.5156 -2.88734 6
      vertex -7.93822 -1.79644 28.1779
      vertex -7.99009 -1.58933 28.1779
    endloop
  endfacet
  facet normal -0.929215 -0.232754 0.287029
    outer loop
      vertex -7.93822 -1.79644 28.1779
      vertex -14.5156 -2.88734 6
      vertex -14.1627 -4.29621 6
    endloop
  endfacet
  facet normal -0.956767 0.0470254 0.28703
    outer loop
      vertex -14.8 0 6
      vertex -8.13615 0.213252 28.1779
      vertex -14.7287 1.45065 6
    endloop
  endfacet
  facet normal -0.956766 0.0470468 0.287029
    outer loop
      vertex -8.13615 0.213252 28.1779
      vertex -14.8 0 6
      vertex -8.14534 0.0263597 28.1779
    endloop
  endfacet
  facet normal -0.956776 0.046823 0.287033
    outer loop
      vertex -8.14534 0.0263597 28.1779
      vertex -14.8 0 6
      vertex -8.14663 0 28.1779
    endloop
  endfacet
  facet normal 0.865947 0.409573 0.287029
    outer loop
      vertex 7.18469 3.84029 28.1779
      vertex 13.6734 5.66371 6
      vertex 13.0524 6.97667 6
    endloop
  endfacet
  facet normal 0.865954 0.409558 0.28703
    outer loop
      vertex 7.19597 3.81644 28.1779
      vertex 13.6734 5.66371 6
      vertex 7.18469 3.84029 28.1779
    endloop
  endfacet
  facet normal 0.865964 0.409536 0.287031
    outer loop
      vertex 13.6734 5.66371 6
      vertex 7.19597 3.81644 28.1779
      vertex 7.27597 3.64728 28.1779
    endloop
  endfacet
  facet normal 0.947521 0.140804 0.287017
    outer loop
      vertex 14.7287 1.45065 6
      vertex 7.99009 1.58933 28.1779
      vertex 7.99397 1.56322 28.1779
    endloop
  endfacet
  facet normal 0.947555 0.140548 0.28703
    outer loop
      vertex 7.99009 1.58933 28.1779
      vertex 14.7287 1.45065 6
      vertex 14.5156 2.88734 6
    endloop
  endfacet
  facet normal 0.947558 0.140529 0.28703
    outer loop
      vertex 14.7287 1.45065 6
      vertex 7.99397 1.56322 28.1779
      vertex 8.02142 1.37813 28.1779
    endloop
  endfacet
  facet normal -0.643302 0.709772 0.287032
    outer loop
      vertex -5.16817 6.29743 28.1779
      vertex -9.38902 11.4406 6
      vertex -5.60234 5.90392 28.1779
    endloop
  endfacet
  facet normal -0.570646 0.769401 0.287028
    outer loop
      vertex -8.22244 12.3057 6
      vertex -5.16817 6.29743 28.1779
      vertex -4.99668 6.42462 28.1779
    endloop
  endfacet
  facet normal -0.570593 0.769439 0.287031
    outer loop
      vertex -5.16817 6.29743 28.1779
      vertex -8.22244 12.3057 6
      vertex -9.38902 11.4406 6
    endloop
  endfacet
  facet normal -0.70977 0.643303 0.287031
    outer loop
      vertex -11.4406 9.38902 6
      vertex -5.76054 5.76054 28.1779
      vertex -10.4652 10.4652 6
    endloop
  endfacet
  facet normal -0.709918 0.643136 0.287042
    outer loop
      vertex -11.4406 9.38902 6
      vertex -5.77826 5.74098 28.1779
      vertex -5.76054 5.76054 28.1779
    endloop
  endfacet
  facet normal -0.709763 0.643312 0.287031
    outer loop
      vertex -5.77826 5.74098 28.1779
      vertex -11.4406 9.38902 6
      vertex -5.90392 5.60234 28.1779
    endloop
  endfacet
  facet normal 0.956776 -0.046823 0.287033
    outer loop
      vertex 8.14534 -0.0263597 28.1779
      vertex 14.8 0 6
      vertex 8.14663 0 28.1779
    endloop
  endfacet
  facet normal 0.956766 -0.0470468 0.287029
    outer loop
      vertex 8.13615 -0.213252 28.1779
      vertex 14.8 0 6
      vertex 8.14534 -0.0263597 28.1779
    endloop
  endfacet
  facet normal 0.956767 -0.0470254 0.28703
    outer loop
      vertex 14.8 0 6
      vertex 8.13615 -0.213252 28.1779
      vertex 14.7287 -1.45065 6
    endloop
  endfacet
  facet normal 0 0 -1
    outer loop
      vertex 1.58933 7.99009 28.1779
      vertex 1.37813 8.02142 28.1779
      vertex 1.56322 7.99397 28.1779
    endloop
  endfacet
  facet normal 0.140548 0.947555 0.28703
    outer loop
      vertex 1.45065 14.7287 6
      vertex 1.58933 7.99009 28.1779
      vertex 2.88734 14.5156 6
    endloop
  endfacet
  facet normal 0.140563 0.947553 0.287029
    outer loop
      vertex 1.58933 7.99009 28.1779
      vertex 1.45065 14.7287 6
      vertex 1.37813 8.02142 28.1779
    endloop
  endfacet
  facet normal -0.047 -0.956768 0.287029
    outer loop
      vertex -0.798509 -8.1074 28.1779
      vertex -1.45065 -14.7287 6
      vertex -0.213252 -8.13615 28.1779
    endloop
  endfacet
  facet normal 0.76942 0.57062 0.287029
    outer loop
      vertex 6.75795 4.54722 28.1779
      vertex 12.3057 8.22244 6
      vertex 6.42462 4.99668 28.1779
    endloop
  endfacet
  facet normal 0.769462 0.570563 0.28703
    outer loop
      vertex 12.3057 8.22244 6
      vertex 6.75795 4.54722 28.1779
      vertex 6.77367 4.52602 28.1779
    endloop
  endfacet
  facet normal 0.929215 0.232754 0.287029
    outer loop
      vertex 7.93822 1.79644 28.1779
      vertex 14.5156 2.88734 6
      vertex 14.1627 4.29621 6
    endloop
  endfacet
  facet normal 0.929223 0.232721 0.28703
    outer loop
      vertex 14.5156 2.88734 6
      vertex 7.93822 1.79644 28.1779
      vertex 7.99009 1.58933 28.1779
    endloop
  endfacet
  facet normal 0.947558 -0.140529 0.28703
    outer loop
      vertex 7.99397 -1.56322 28.1779
      vertex 14.7287 -1.45065 6
      vertex 8.02142 -1.37813 28.1779
    endloop
  endfacet
  facet normal 0.947521 -0.140804 0.287017
    outer loop
      vertex 7.99009 -1.58933 28.1779
      vertex 14.7287 -1.45065 6
      vertex 7.99397 -1.56322 28.1779
    endloop
  endfacet
  facet normal 0.947555 -0.140548 0.28703
    outer loop
      vertex 14.7287 -1.45065 6
      vertex 7.99009 -1.58933 28.1779
      vertex 14.5156 -2.88734 6
    endloop
  endfacet
  facet normal 0.709772 -0.643302 0.287032
    outer loop
      vertex 6.29743 -5.16817 28.1779
      vertex 5.90392 -5.60234 28.1779
      vertex 11.4406 -9.38902 6
    endloop
  endfacet
  facet normal 0 0 -1
    outer loop
      vertex -1.58933 -7.99009 28.1779
      vertex -1.37813 -8.02142 28.1779
      vertex -1.56322 -7.99397 28.1779
    endloop
  endfacet
  facet normal -0.140548 -0.947555 0.28703
    outer loop
      vertex -1.45065 -14.7287 6
      vertex -1.58933 -7.99009 28.1779
      vertex -2.88734 -14.5156 6
    endloop
  endfacet
  facet normal -0.140563 -0.947553 0.287029
    outer loop
      vertex -1.58933 -7.99009 28.1779
      vertex -1.45065 -14.7287 6
      vertex -1.37813 -8.02142 28.1779
    endloop
  endfacet
  facet normal 0.570646 -0.769401 0.287028
    outer loop
      vertex 8.22244 -12.3057 6
      vertex 5.16817 -6.29743 28.1779
      vertex 4.99668 -6.42462 28.1779
    endloop
  endfacet
  facet normal 0.570593 -0.769439 0.287031
    outer loop
      vertex 5.16817 -6.29743 28.1779
      vertex 8.22244 -12.3057 6
      vertex 9.38902 -11.4406 6
    endloop
  endfacet
  facet normal -0.232721 0.929223 0.28703
    outer loop
      vertex -2.88734 14.5156 6
      vertex -1.79644 7.93822 28.1779
      vertex -1.58933 7.99009 28.1779
    endloop
  endfacet
  facet normal -0.232754 0.929215 0.287029
    outer loop
      vertex -1.79644 7.93822 28.1779
      vertex -2.88734 14.5156 6
      vertex -4.29621 14.1627 6
    endloop
  endfacet
  facet normal 0.232672 -0.929235 0.287028
    outer loop
      vertex 2.33924 -7.80225 28.1779
      vertex 4.29621 -14.1627 6
      vertex 2.36484 -7.79584 28.1779
    endloop
  endfacet
  facet normal 0.232765 -0.929212 0.28703
    outer loop
      vertex 4.29621 -14.1627 6
      vertex 2.33924 -7.80225 28.1779
      vertex 1.79644 -7.93822 28.1779
    endloop
  endfacet
  facet normal 0.76942 -0.57062 0.287029
    outer loop
      vertex 12.3057 -8.22244 6
      vertex 6.75795 -4.54722 28.1779
      vertex 6.42462 -4.99668 28.1779
    endloop
  endfacet
  facet normal 0.769462 -0.570563 0.28703
    outer loop
      vertex 6.75795 -4.54722 28.1779
      vertex 12.3057 -8.22244 6
      vertex 6.77367 -4.52602 28.1779
    endloop
  endfacet
  facet normal 0.232672 0.929235 0.287028
    outer loop
      vertex 2.36484 7.79584 28.1779
      vertex 4.29621 14.1627 6
      vertex 2.33924 7.80225 28.1779
    endloop
  endfacet
  facet normal 0.232765 0.929212 0.28703
    outer loop
      vertex 1.79644 7.93822 28.1779
      vertex 2.33924 7.80225 28.1779
      vertex 4.29621 14.1627 6
    endloop
  endfacet
  facet normal -0.570593 -0.769439 0.287031
    outer loop
      vertex -8.22244 -12.3057 6
      vertex -5.16817 -6.29743 28.1779
      vertex -9.38902 -11.4406 6
    endloop
  endfacet
  facet normal -0.570646 -0.769401 0.287028
    outer loop
      vertex -5.16817 -6.29743 28.1779
      vertex -8.22244 -12.3057 6
      vertex -4.99668 -6.42462 28.1779
    endloop
  endfacet
  facet normal 0 0 -1
    outer loop
      vertex 3.64728 -7.27597 28.1779
      vertex 3.84029 -7.18469 28.1779
      vertex 3.81644 -7.19597 28.1779
    endloop
  endfacet
  facet normal 0.409539 -0.865963 0.287031
    outer loop
      vertex 5.66371 -13.6734 6
      vertex 3.84029 -7.18469 28.1779
      vertex 3.64728 -7.27597 28.1779
    endloop
  endfacet
  facet normal 0.409573 -0.865947 0.287029
    outer loop
      vertex 3.84029 -7.18469 28.1779
      vertex 5.66371 -13.6734 6
      vertex 6.97667 -13.0524 6
    endloop
  endfacet
  facet normal 0.140558 0.947554 0.287029
    outer loop
      vertex 1.45065 14.7287 6
      vertex 0.798509 8.1074 28.1779
      vertex 1.37813 8.02142 28.1779
    endloop
  endfacet
  facet normal 0.901922 0.322724 0.287029
    outer loop
      vertex 7.78695 2.38969 28.1779
      vertex 14.1627 4.29621 6
      vertex 7.59843 2.91655 28.1779
    endloop
  endfacet
  facet normal 0.901942 0.322667 0.28703
    outer loop
      vertex 7.79584 2.36484 28.1779
      vertex 14.1627 4.29621 6
      vertex 7.78695 2.38969 28.1779
    endloop
  endfacet
  facet normal -0.901925 0.322714 0.28703
    outer loop
      vertex -14.1627 4.29621 6
      vertex -7.5265 3.11758 28.1779
      vertex -13.6734 5.66371 6
    endloop
  endfacet
  facet normal -0.901925 0.322715 0.28703
    outer loop
      vertex -7.5265 3.11758 28.1779
      vertex -14.1627 4.29621 6
      vertex -7.59843 2.91655 28.1779
    endloop
  endfacet
  facet normal -0.947554 -0.140558 0.287029
    outer loop
      vertex -8.1074 -0.798509 28.1779
      vertex -14.7287 -1.45065 6
      vertex -8.02142 -1.37813 28.1779
    endloop
  endfacet
  facet normal -0.769401 -0.570646 0.287028
    outer loop
      vertex -12.3057 -8.22244 6
      vertex -6.29743 -5.16817 28.1779
      vertex -6.42462 -4.99668 28.1779
    endloop
  endfacet
  facet normal -0.769439 -0.570593 0.287031
    outer loop
      vertex -6.29743 -5.16817 28.1779
      vertex -12.3057 -8.22244 6
      vertex -11.4406 -9.38902 6
    endloop
  endfacet
  facet normal -0.947555 0.140548 0.28703
    outer loop
      vertex -14.7287 1.45065 6
      vertex -7.99009 1.58933 28.1779
      vertex -14.5156 2.88734 6
    endloop
  endfacet
  facet normal -0.947521 0.140804 0.287017
    outer loop
      vertex -7.99009 1.58933 28.1779
      vertex -14.7287 1.45065 6
      vertex -7.99397 1.56322 28.1779
    endloop
  endfacet
  facet normal -0.947558 0.140529 0.28703
    outer loop
      vertex -7.99397 1.56322 28.1779
      vertex -14.7287 1.45065 6
      vertex -8.02142 1.37813 28.1779
    endloop
  endfacet
  facet normal 0.901925 0.322714 0.28703
    outer loop
      vertex 7.5265 3.11758 28.1779
      vertex 14.1627 4.29621 6
      vertex 13.6734 5.66371 6
    endloop
  endfacet
  facet normal 0.901925 0.322715 0.28703
    outer loop
      vertex 14.1627 4.29621 6
      vertex 7.5265 3.11758 28.1779
      vertex 7.59843 2.91655 28.1779
    endloop
  endfacet
  facet normal 0 0 -1
    outer loop
      vertex 7.18469 -3.84029 28.1779
      vertex 7.27597 -3.64728 28.1779
      vertex 7.19597 -3.81644 28.1779
    endloop
  endfacet
  facet normal 0.865963 -0.409539 0.287031
    outer loop
      vertex 7.18469 -3.84029 28.1779
      vertex 13.6734 -5.66371 6
      vertex 7.27597 -3.64728 28.1779
    endloop
  endfacet
  facet normal 0.865947 -0.409573 0.287029
    outer loop
      vertex 13.6734 -5.66371 6
      vertex 7.18469 -3.84029 28.1779
      vertex 13.0524 -6.97667 6
    endloop
  endfacet
  facet normal 0.821539 -0.492633 0.287031
    outer loop
      vertex 12.3057 -8.22244 6
      vertex 6.78724 -4.50339 28.1779
      vertex 6.77367 -4.52602 28.1779
    endloop
  endfacet
  facet normal 0.821635 -0.492474 0.287029
    outer loop
      vertex 6.78724 -4.50339 28.1779
      vertex 12.3057 -8.22244 6
      vertex 7.07492 -4.02343 28.1779
    endloop
  endfacet
  facet normal -0.322714 -0.901925 0.28703
    outer loop
      vertex -4.29621 -14.1627 6
      vertex -3.11758 -7.5265 28.1779
      vertex -5.66371 -13.6734 6
    endloop
  endfacet
  facet normal -0.322715 -0.901925 0.28703
    outer loop
      vertex -3.11758 -7.5265 28.1779
      vertex -4.29621 -14.1627 6
      vertex -2.91655 -7.59843 28.1779
    endloop
  endfacet
  facet normal 0 0 -1
    outer loop
      vertex -1.37813 8.02142 28.1779
      vertex -1.58933 7.99009 28.1779
      vertex -1.56322 7.99397 28.1779
    endloop
  endfacet
  facet normal -0.140563 0.947553 0.287029
    outer loop
      vertex -1.45065 14.7287 6
      vertex -1.58933 7.99009 28.1779
      vertex -1.37813 8.02142 28.1779
    endloop
  endfacet
  facet normal -0.140548 0.947555 0.28703
    outer loop
      vertex -1.58933 7.99009 28.1779
      vertex -1.45065 14.7287 6
      vertex -2.88734 14.5156 6
    endloop
  endfacet
  facet normal -0.929235 -0.232672 0.287028
    outer loop
      vertex -7.80225 -2.33924 28.1779
      vertex -14.1627 -4.29621 6
      vertex -7.79584 -2.36484 28.1779
    endloop
  endfacet
  facet normal -0.929212 -0.232765 0.28703
    outer loop
      vertex -14.1627 -4.29621 6
      vertex -7.80225 -2.33924 28.1779
      vertex -7.93822 -1.79644 28.1779
    endloop
  endfacet
  facet normal 0.492471 -0.821637 0.287029
    outer loop
      vertex 6.97667 -13.0524 6
      vertex 4.02343 -7.07492 28.1779
      vertex 3.84029 -7.18469 28.1779
    endloop
  endfacet
  facet normal 0.492477 -0.821633 0.287029
    outer loop
      vertex 4.02343 -7.07492 28.1779
      vertex 6.97667 -13.0524 6
      vertex 8.22244 -12.3057 6
    endloop
  endfacet
  facet normal 0 0 -1
    outer loop
      vertex 3.84029 7.18469 28.1779
      vertex 3.64728 7.27597 28.1779
      vertex 3.81644 7.19597 28.1779
    endloop
  endfacet
  facet normal 0.409573 0.865947 0.287029
    outer loop
      vertex 5.66371 13.6734 6
      vertex 3.84029 7.18469 28.1779
      vertex 6.97667 13.0524 6
    endloop
  endfacet
  facet normal 0.409539 0.865963 0.287031
    outer loop
      vertex 3.84029 7.18469 28.1779
      vertex 5.66371 13.6734 6
      vertex 3.64728 7.27597 28.1779
    endloop
  endfacet
  facet normal -0.901925 -0.322715 0.28703
    outer loop
      vertex -14.1627 -4.29621 6
      vertex -7.5265 -3.11758 28.1779
      vertex -7.59843 -2.91655 28.1779
    endloop
  endfacet
  facet normal -0.901925 -0.322714 0.28703
    outer loop
      vertex -7.5265 -3.11758 28.1779
      vertex -14.1627 -4.29621 6
      vertex -13.6734 -5.66371 6
    endloop
  endfacet
  facet normal -0.947558 -0.140529 0.28703
    outer loop
      vertex -14.7287 -1.45065 6
      vertex -7.99397 -1.56322 28.1779
      vertex -8.02142 -1.37813 28.1779
    endloop
  endfacet
  facet normal -0.947521 -0.140804 0.287017
    outer loop
      vertex -14.7287 -1.45065 6
      vertex -7.99009 -1.58933 28.1779
      vertex -7.99397 -1.56322 28.1779
    endloop
  endfacet
  facet normal -0.947555 -0.140548 0.28703
    outer loop
      vertex -7.99009 -1.58933 28.1779
      vertex -14.7287 -1.45065 6
      vertex -14.5156 -2.88734 6
    endloop
  endfacet
  facet normal 0.322715 -0.901925 0.28703
    outer loop
      vertex 4.29621 -14.1627 6
      vertex 3.11758 -7.5265 28.1779
      vertex 2.91655 -7.59843 28.1779
    endloop
  endfacet
  facet normal 0.322714 -0.901925 0.28703
    outer loop
      vertex 3.11758 -7.5265 28.1779
      vertex 4.29621 -14.1627 6
      vertex 5.66371 -13.6734 6
    endloop
  endfacet
  facet normal -0.492474 0.821635 0.287029
    outer loop
      vertex -8.22244 12.3057 6
      vertex -4.50339 6.78724 28.1779
      vertex -4.02343 7.07492 28.1779
    endloop
  endfacet
  facet normal -0.492633 0.821539 0.287031
    outer loop
      vertex -4.50339 6.78724 28.1779
      vertex -8.22244 12.3057 6
      vertex -4.52602 6.77367 28.1779
    endloop
  endfacet
  facet normal -0.492471 0.821637 0.287029
    outer loop
      vertex -6.97667 13.0524 6
      vertex -4.02343 7.07492 28.1779
      vertex -3.84029 7.18469 28.1779
    endloop
  endfacet
  facet normal -0.492477 0.821633 0.287029
    outer loop
      vertex -4.02343 7.07492 28.1779
      vertex -6.97667 13.0524 6
      vertex -8.22244 12.3057 6
    endloop
  endfacet
  facet normal -0.57062 -0.76942 0.287029
    outer loop
      vertex -8.22244 -12.3057 6
      vertex -4.54722 -6.75795 28.1779
      vertex -4.99668 -6.42462 28.1779
    endloop
  endfacet
  facet normal -0.570563 -0.769462 0.28703
    outer loop
      vertex -4.54722 -6.75795 28.1779
      vertex -8.22244 -12.3057 6
      vertex -4.52602 -6.77367 28.1779
    endloop
  endfacet
  facet normal -0.956768 -0.047 0.287029
    outer loop
      vertex -8.13615 -0.213252 28.1779
      vertex -14.7287 -1.45065 6
      vertex -8.1074 -0.798509 28.1779
    endloop
  endfacet
  facet normal 0 0 1
    outer loop
      vertex 5.76054 -5.76054 28.1779
      vertex 5.90392 -5.60234 28.1779
      vertex 5.77826 -5.74098 28.1779
    endloop
  endfacet
  facet normal 0.709782 -0.64329 0.287032
    outer loop
      vertex 5.76054 -5.76054 28.1779
      vertex 11.4406 -9.38902 6
      vertex 5.90392 -5.60234 28.1779
    endloop
  endfacet
  facet normal 0.70977 -0.643303 0.287031
    outer loop
      vertex 11.4406 -9.38902 6
      vertex 5.76054 -5.76054 28.1779
      vertex 10.4652 -10.4652 6
    endloop
  endfacet
  facet normal 0 0 -1
    outer loop
      vertex 1.37813 -8.02142 28.1779
      vertex 1.58933 -7.99009 28.1779
      vertex 1.56322 -7.99397 28.1779
    endloop
  endfacet
  facet normal 0.140563 -0.947553 0.287029
    outer loop
      vertex 1.45065 -14.7287 6
      vertex 1.58933 -7.99009 28.1779
      vertex 1.37813 -8.02142 28.1779
    endloop
  endfacet
  facet normal 0.140548 -0.947555 0.28703
    outer loop
      vertex 1.58933 -7.99009 28.1779
      vertex 1.45065 -14.7287 6
      vertex 2.88734 -14.5156 6
    endloop
  endfacet
  facet normal 0.947554 0.140558 0.287029
    outer loop
      vertex 8.1074 0.798509 28.1779
      vertex 14.7287 1.45065 6
      vertex 8.02142 1.37813 28.1779
    endloop
  endfacet
  facet normal 0.956768 -0.047 0.287029
    outer loop
      vertex 8.13615 -0.213252 28.1779
      vertex 8.1074 -0.798509 28.1779
      vertex 14.7287 -1.45065 6
    endloop
  endfacet
  facet normal 0.492477 0.821633 0.287029
    outer loop
      vertex 6.97667 13.0524 6
      vertex 4.02343 7.07492 28.1779
      vertex 8.22244 12.3057 6
    endloop
  endfacet
  facet normal 0.492471 0.821637 0.287029
    outer loop
      vertex 4.02343 7.07492 28.1779
      vertex 6.97667 13.0524 6
      vertex 3.84029 7.18469 28.1779
    endloop
  endfacet
  facet normal -0.322715 0.901925 0.28703
    outer loop
      vertex -4.29621 14.1627 6
      vertex -3.11758 7.5265 28.1779
      vertex -2.91655 7.59843 28.1779
    endloop
  endfacet
  facet normal -0.322714 0.901925 0.28703
    outer loop
      vertex -3.11758 7.5265 28.1779
      vertex -4.29621 14.1627 6
      vertex -5.66371 13.6734 6
    endloop
  endfacet
  facet normal 0.643302 0.709772 0.287032
    outer loop
      vertex 9.38902 11.4406 6
      vertex 5.16817 6.29743 28.1779
      vertex 5.60234 5.90392 28.1779
    endloop
  endfacet
  facet normal -0.821539 0.492633 0.287031
    outer loop
      vertex -12.3057 8.22244 6
      vertex -6.78724 4.50339 28.1779
      vertex -6.77367 4.52602 28.1779
    endloop
  endfacet
  facet normal -0.821635 0.492474 0.287029
    outer loop
      vertex -6.78724 4.50339 28.1779
      vertex -12.3057 8.22244 6
      vertex -7.07492 4.02343 28.1779
    endloop
  endfacet
  facet normal -0.865947 0.409573 0.287029
    outer loop
      vertex -13.6734 5.66371 6
      vertex -7.18469 3.84029 28.1779
      vertex -13.0524 6.97667 6
    endloop
  endfacet
  facet normal -0.865954 0.409558 0.28703
    outer loop
      vertex -13.6734 5.66371 6
      vertex -7.19597 3.81644 28.1779
      vertex -7.18469 3.84029 28.1779
    endloop
  endfacet
  facet normal -0.865964 0.409536 0.287031
    outer loop
      vertex -7.19597 3.81644 28.1779
      vertex -13.6734 5.66371 6
      vertex -7.27597 3.64728 28.1779
    endloop
  endfacet
  facet normal -0.409565 0.865951 0.28703
    outer loop
      vertex -3.11758 7.5265 28.1779
      vertex -5.66371 13.6734 6
      vertex -3.64728 7.27597 28.1779
    endloop
  endfacet
  facet normal 0.769401 -0.570646 0.287028
    outer loop
      vertex 6.29743 -5.16817 28.1779
      vertex 12.3057 -8.22244 6
      vertex 6.42462 -4.99668 28.1779
    endloop
  endfacet
  facet normal 0.769439 -0.570593 0.287031
    outer loop
      vertex 12.3057 -8.22244 6
      vertex 6.29743 -5.16817 28.1779
      vertex 11.4406 -9.38902 6
    endloop
  endfacet
  facet normal -0.821633 0.492477 0.287029
    outer loop
      vertex -13.0524 6.97667 6
      vertex -7.07492 4.02343 28.1779
      vertex -12.3057 8.22244 6
    endloop
  endfacet
  facet normal -0.821637 0.492471 0.287029
    outer loop
      vertex -7.07492 4.02343 28.1779
      vertex -13.0524 6.97667 6
      vertex -7.18469 3.84029 28.1779
    endloop
  endfacet
  facet normal -0.865951 0.409565 0.28703
    outer loop
      vertex -13.6734 5.66371 6
      vertex -7.5265 3.11758 28.1779
      vertex -7.27597 3.64728 28.1779
    endloop
  endfacet
  facet normal -0.769439 0.570593 0.287031
    outer loop
      vertex -12.3057 8.22244 6
      vertex -6.29743 5.16817 28.1779
      vertex -11.4406 9.38902 6
    endloop
  endfacet
  facet normal -0.769401 0.570646 0.287028
    outer loop
      vertex -6.29743 5.16817 28.1779
      vertex -12.3057 8.22244 6
      vertex -6.42462 4.99668 28.1779
    endloop
  endfacet
  facet normal -0.709772 0.643302 0.287032
    outer loop
      vertex -5.90392 5.60234 28.1779
      vertex -11.4406 9.38902 6
      vertex -6.29743 5.16817 28.1779
    endloop
  endfacet
  facet normal 0.70977 0.643303 0.287031
    outer loop
      vertex 5.76054 5.76054 28.1779
      vertex 11.4406 9.38902 6
      vertex 10.4652 10.4652 6
    endloop
  endfacet
  facet normal 0.709918 0.643136 0.287042
    outer loop
      vertex 5.77826 5.74098 28.1779
      vertex 11.4406 9.38902 6
      vertex 5.76054 5.76054 28.1779
    endloop
  endfacet
  facet normal 0.709763 0.643312 0.287031
    outer loop
      vertex 11.4406 9.38902 6
      vertex 5.77826 5.74098 28.1779
      vertex 5.90392 5.60234 28.1779
    endloop
  endfacet
  facet normal -0.769462 -0.570563 0.28703
    outer loop
      vertex -12.3057 -8.22244 6
      vertex -6.75795 -4.54722 28.1779
      vertex -6.77367 -4.52602 28.1779
    endloop
  endfacet
  facet normal -0.76942 -0.57062 0.287029
    outer loop
      vertex -6.75795 -4.54722 28.1779
      vertex -12.3057 -8.22244 6
      vertex -6.42462 -4.99668 28.1779
    endloop
  endfacet
  facet normal -0.947554 0.140558 0.287029
    outer loop
      vertex -14.7287 1.45065 6
      vertex -8.1074 0.798509 28.1779
      vertex -8.02142 1.37813 28.1779
    endloop
  endfacet
  facet normal -0.956768 0.047 0.287029
    outer loop
      vertex -8.1074 0.798509 28.1779
      vertex -14.7287 1.45065 6
      vertex -8.13615 0.213252 28.1779
    endloop
  endfacet
  facet normal 0.821633 0.492477 0.287029
    outer loop
      vertex 7.07492 4.02343 28.1779
      vertex 13.0524 6.97667 6
      vertex 12.3057 8.22244 6
    endloop
  endfacet
  facet normal 0.821637 0.492471 0.287029
    outer loop
      vertex 13.0524 6.97667 6
      vertex 7.07492 4.02343 28.1779
      vertex 7.18469 3.84029 28.1779
    endloop
  endfacet
  facet normal 0 0 -1
    outer loop
      vertex 0.213252 8.13615 28.1779
      vertex 0 8.14663 28.1779
      vertex 0.0263597 8.14534 28.1779
    endloop
  endfacet
  facet normal 0.0470254 0.956767 0.28703
    outer loop
      vertex 0 14.8 6
      vertex 0.213252 8.13615 28.1779
      vertex 1.45065 14.7287 6
    endloop
  endfacet
  facet normal 0.0470191 0.956767 0.28703
    outer loop
      vertex 0.213252 8.13615 28.1779
      vertex 0 14.8 6
      vertex 0 8.14663 28.1779
    endloop
  endfacet
  facet normal 0.232754 0.929215 0.287029
    outer loop
      vertex 2.88734 14.5156 6
      vertex 1.79644 7.93822 28.1779
      vertex 4.29621 14.1627 6
    endloop
  endfacet
  facet normal 0.232721 0.929223 0.28703
    outer loop
      vertex 1.79644 7.93822 28.1779
      vertex 2.88734 14.5156 6
      vertex 1.58933 7.99009 28.1779
    endloop
  endfacet
  facet normal -0.492477 -0.821633 0.287029
    outer loop
      vertex -6.97667 -13.0524 6
      vertex -4.02343 -7.07492 28.1779
      vertex -8.22244 -12.3057 6
    endloop
  endfacet
  facet normal -0.492471 -0.821637 0.287029
    outer loop
      vertex -4.02343 -7.07492 28.1779
      vertex -6.97667 -13.0524 6
      vertex -3.84029 -7.18469 28.1779
    endloop
  endfacet
  facet normal -0.322667 0.901942 0.28703
    outer loop
      vertex -2.38969 7.78695 28.1779
      vertex -2.36484 7.79584 28.1779
      vertex -4.29621 14.1627 6
    endloop
  endfacet
  facet normal -0.322724 0.901922 0.287029
    outer loop
      vertex -2.91655 7.59843 28.1779
      vertex -2.38969 7.78695 28.1779
      vertex -4.29621 14.1627 6
    endloop
  endfacet
  facet normal -0.570563 0.769462 0.28703
    outer loop
      vertex -8.22244 12.3057 6
      vertex -4.54722 6.75795 28.1779
      vertex -4.52602 6.77367 28.1779
    endloop
  endfacet
  facet normal -0.57062 0.76942 0.287029
    outer loop
      vertex -4.54722 6.75795 28.1779
      vertex -8.22244 12.3057 6
      vertex -4.99668 6.42462 28.1779
    endloop
  endfacet
  facet normal 0.865951 0.409565 0.28703
    outer loop
      vertex 7.5265 3.11758 28.1779
      vertex 13.6734 5.66371 6
      vertex 7.27597 3.64728 28.1779
    endloop
  endfacet
  facet normal 0 0 -1
    outer loop
      vertex 0 8.14663 28.1779
      vertex -0.213252 8.13615 28.1779
      vertex -0.0263597 8.14534 28.1779
    endloop
  endfacet
  facet normal -0.0470191 0.956767 0.28703
    outer loop
      vertex 0 14.8 6
      vertex -0.213252 8.13615 28.1779
      vertex 0 8.14663 28.1779
    endloop
  endfacet
  facet normal -0.0470254 0.956767 0.28703
    outer loop
      vertex -0.213252 8.13615 28.1779
      vertex 0 14.8 6
      vertex -1.45065 14.7287 6
    endloop
  endfacet
  facet normal 0 0 1
    outer loop
      vertex -5.76054 -5.76054 28.1779
      vertex -5.60234 -5.90392 28.1779
      vertex -5.74098 -5.77826 28.1779
    endloop
  endfacet
  facet normal -0.643303 -0.70977 0.287031
    outer loop
      vertex -9.38902 -11.4406 6
      vertex -5.76054 -5.76054 28.1779
      vertex -10.4652 -10.4652 6
    endloop
  endfacet
  facet normal -0.64329 -0.709782 0.287032
    outer loop
      vertex -5.76054 -5.76054 28.1779
      vertex -9.38902 -11.4406 6
      vertex -5.60234 -5.90392 28.1779
    endloop
  endfacet
  facet normal 0 0 1
    outer loop
      vertex 5.76054 5.76054 28.1779
      vertex 5.60234 5.90392 28.1779
      vertex 5.74098 5.77826 28.1779
    endloop
  endfacet
  facet normal 0.643303 0.70977 0.287031
    outer loop
      vertex 9.38902 11.4406 6
      vertex 5.76054 5.76054 28.1779
      vertex 10.4652 10.4652 6
    endloop
  endfacet
  facet normal 0.64329 0.709782 0.287032
    outer loop
      vertex 5.76054 5.76054 28.1779
      vertex 9.38902 11.4406 6
      vertex 5.60234 5.90392 28.1779
    endloop
  endfacet
  facet normal -0.140558 -0.947554 0.287029
    outer loop
      vertex -1.45065 -14.7287 6
      vertex -0.798509 -8.1074 28.1779
      vertex -1.37813 -8.02142 28.1779
    endloop
  endfacet
  facet normal 0.901942 -0.322667 0.28703
    outer loop
      vertex 7.78695 -2.38969 28.1779
      vertex 14.1627 -4.29621 6
      vertex 7.79584 -2.36484 28.1779
    endloop
  endfacet
  facet normal 0.901922 -0.322724 0.287029
    outer loop
      vertex 14.1627 -4.29621 6
      vertex 7.78695 -2.38969 28.1779
      vertex 7.59843 -2.91655 28.1779
    endloop
  endfacet
  facet normal 0.409565 -0.865951 0.28703
    outer loop
      vertex 3.11758 -7.5265 28.1779
      vertex 5.66371 -13.6734 6
      vertex 3.64728 -7.27597 28.1779
    endloop
  endfacet
  facet normal 0.929212 -0.232765 0.28703
    outer loop
      vertex 7.80225 -2.33924 28.1779
      vertex 14.1627 -4.29621 6
      vertex 7.93822 -1.79644 28.1779
    endloop
  endfacet
  facet normal 0.929235 -0.232672 0.287028
    outer loop
      vertex 14.1627 -4.29621 6
      vertex 7.80225 -2.33924 28.1779
      vertex 7.79584 -2.36484 28.1779
    endloop
  endfacet
  facet normal 0.929223 -0.232721 0.28703
    outer loop
      vertex 7.93822 -1.79644 28.1779
      vertex 14.5156 -2.88734 6
      vertex 7.99009 -1.58933 28.1779
    endloop
  endfacet
  facet normal 0.929215 -0.232754 0.287029
    outer loop
      vertex 14.5156 -2.88734 6
      vertex 7.93822 -1.79644 28.1779
      vertex 14.1627 -4.29621 6
    endloop
  endfacet
  facet normal 0.956768 0.047 0.287029
    outer loop
      vertex 14.7287 1.45065 6
      vertex 8.1074 0.798509 28.1779
      vertex 8.13615 0.213252 28.1779
    endloop
  endfacet
  facet normal 0.947554 -0.140558 0.287029
    outer loop
      vertex 14.7287 -1.45065 6
      vertex 8.1074 -0.798509 28.1779
      vertex 8.02142 -1.37813 28.1779
    endloop
  endfacet
  facet normal -0.709772 -0.643302 0.287032
    outer loop
      vertex -6.29743 -5.16817 28.1779
      vertex -11.4406 -9.38902 6
      vertex -5.90392 -5.60234 28.1779
    endloop
  endfacet
  facet normal 0 0 -1
    outer loop
      vertex -3.84029 -7.18469 28.1779
      vertex -3.64728 -7.27597 28.1779
      vertex -3.81644 -7.19597 28.1779
    endloop
  endfacet
  facet normal -0.409573 -0.865947 0.287029
    outer loop
      vertex -5.66371 -13.6734 6
      vertex -3.84029 -7.18469 28.1779
      vertex -6.97667 -13.0524 6
    endloop
  endfacet
  facet normal -0.409539 -0.865963 0.287031
    outer loop
      vertex -3.84029 -7.18469 28.1779
      vertex -5.66371 -13.6734 6
      vertex -3.64728 -7.27597 28.1779
    endloop
  endfacet
  facet normal 0 0 -1
    outer loop
      vertex -7.27597 -3.64728 28.1779
      vertex -7.18469 -3.84029 28.1779
      vertex -7.19597 -3.81644 28.1779
    endloop
  endfacet
  facet normal -0.865963 -0.409539 0.287031
    outer loop
      vertex -13.6734 -5.66371 6
      vertex -7.18469 -3.84029 28.1779
      vertex -7.27597 -3.64728 28.1779
    endloop
  endfacet
  facet normal -0.865947 -0.409573 0.287029
    outer loop
      vertex -7.18469 -3.84029 28.1779
      vertex -13.6734 -5.66371 6
      vertex -13.0524 -6.97667 6
    endloop
  endfacet
  facet normal 0.232721 -0.929223 0.28703
    outer loop
      vertex 2.88734 -14.5156 6
      vertex 1.79644 -7.93822 28.1779
      vertex 1.58933 -7.99009 28.1779
    endloop
  endfacet
  facet normal 0.232754 -0.929215 0.287029
    outer loop
      vertex 1.79644 -7.93822 28.1779
      vertex 2.88734 -14.5156 6
      vertex 4.29621 -14.1627 6
    endloop
  endfacet
  facet normal 0.047 -0.956768 0.287029
    outer loop
      vertex 0.798509 -8.1074 28.1779
      vertex 0.213252 -8.13615 28.1779
      vertex 1.45065 -14.7287 6
    endloop
  endfacet
  facet normal 0.140558 -0.947554 0.287029
    outer loop
      vertex 1.37813 -8.02142 28.1779
      vertex 0.798509 -8.1074 28.1779
      vertex 1.45065 -14.7287 6
    endloop
  endfacet
  facet normal -0.232672 0.929235 0.287028
    outer loop
      vertex -2.33924 7.80225 28.1779
      vertex -4.29621 14.1627 6
      vertex -2.36484 7.79584 28.1779
    endloop
  endfacet
  facet normal -0.232765 0.929212 0.28703
    outer loop
      vertex -4.29621 14.1627 6
      vertex -2.33924 7.80225 28.1779
      vertex -1.79644 7.93822 28.1779
    endloop
  endfacet
  facet normal -0.821637 -0.492471 0.287029
    outer loop
      vertex -13.0524 -6.97667 6
      vertex -7.07492 -4.02343 28.1779
      vertex -7.18469 -3.84029 28.1779
    endloop
  endfacet
  facet normal -0.821633 -0.492477 0.287029
    outer loop
      vertex -7.07492 -4.02343 28.1779
      vertex -13.0524 -6.97667 6
      vertex -12.3057 -8.22244 6
    endloop
  endfacet
  facet normal -0.821635 -0.492474 0.287029
    outer loop
      vertex -12.3057 -8.22244 6
      vertex -6.78724 -4.50339 28.1779
      vertex -7.07492 -4.02343 28.1779
    endloop
  endfacet
  facet normal -0.821539 -0.492633 0.287031
    outer loop
      vertex -6.78724 -4.50339 28.1779
      vertex -12.3057 -8.22244 6
      vertex -6.77367 -4.52602 28.1779
    endloop
  endfacet
  facet normal 0.322667 0.901942 0.28703
    outer loop
      vertex 2.38969 7.78695 28.1779
      vertex 4.29621 14.1627 6
      vertex 2.36484 7.79584 28.1779
    endloop
  endfacet
  facet normal 0.322724 0.901922 0.287029
    outer loop
      vertex 4.29621 14.1627 6
      vertex 2.38969 7.78695 28.1779
      vertex 2.91655 7.59843 28.1779
    endloop
  endfacet
  facet normal -0.322667 -0.901942 0.28703
    outer loop
      vertex -2.38969 -7.78695 28.1779
      vertex -4.29621 -14.1627 6
      vertex -2.36484 -7.79584 28.1779
    endloop
  endfacet
  facet normal -0.322724 -0.901922 0.287029
    outer loop
      vertex -4.29621 -14.1627 6
      vertex -2.38969 -7.78695 28.1779
      vertex -2.91655 -7.59843 28.1779
    endloop
  endfacet
  facet normal -0.643302 -0.709772 0.287032
    outer loop
      vertex -5.60234 -5.90392 28.1779
      vertex -9.38902 -11.4406 6
      vertex -5.16817 -6.29743 28.1779
    endloop
  endfacet
  facet normal -0.047 0.956768 0.287029
    outer loop
      vertex -0.213252 8.13615 28.1779
      vertex -1.45065 14.7287 6
      vertex -0.798509 8.1074 28.1779
    endloop
  endfacet
  facet normal -0.232672 -0.929235 0.287028
    outer loop
      vertex -2.36484 -7.79584 28.1779
      vertex -4.29621 -14.1627 6
      vertex -2.33924 -7.80225 28.1779
    endloop
  endfacet
  facet normal -0.232765 -0.929212 0.28703
    outer loop
      vertex -1.79644 -7.93822 28.1779
      vertex -2.33924 -7.80225 28.1779
      vertex -4.29621 -14.1627 6
    endloop
  endfacet
  facet normal 0.57062 0.76942 0.287029
    outer loop
      vertex 8.22244 12.3057 6
      vertex 4.54722 6.75795 28.1779
      vertex 4.99668 6.42462 28.1779
    endloop
  endfacet
  facet normal 0.570563 0.769462 0.28703
    outer loop
      vertex 4.54722 6.75795 28.1779
      vertex 8.22244 12.3057 6
      vertex 4.52602 6.77367 28.1779
    endloop
  endfacet
  facet normal 0.0979065 0.273633 0.956838
    outer loop
      vertex 0.880145 2.90145 40.4739
      vertex 0.83686 2.02036 40.7303
      vertex 1.1603 2.80121 40.4739
    endloop
  endfacet
  facet normal -0.425503 -0.899646 -0.0978985
    outer loop
      vertex -3.40687 -8.22492 30.6794
      vertex -4.23746 -7.92773 31.5584
      vertex -4.19665 -7.85138 30.6794
    endloop
  endfacet
  facet normal -0.224524 0.896352 0.382285
    outer loop
      vertex -1.65317 8.31107 35.032
      vertex -2.45984 8.10901 35.032
      vertex -2.36173 7.78557 35.848
    endloop
  endfacet
  facet normal 0.195175 0.215335 0.956837
    outer loop
      vertex 1.92349 2.34377 40.4739
      vertex 1.54632 1.54632 40.7303
      vertex 2.14395 2.14395 40.4739
    endloop
  endfacet
  facet normal 0.201714 -0.426504 0.881706
    outer loop
      vertex 1.81393 -3.39363 40.1359
      vertex 1.47256 -3.55508 40.1359
      vertex 2.18112 -4.08058 39.7196
    endloop
  endfacet
  facet normal -0.663339 -0.397595 0.633956
    outer loop
      vertex -5.88114 -3.14354 38.044
      vertex -6.37529 -3.40766 37.3613
      vertex -5.5447 -3.70485 38.044
    endloop
  endfacet
  facet normal 0.886658 0.41936 0.194871
    outer loop
      vertex 7.85138 4.19665 33.3206
      vertex 7.69942 4.11543 34.1868
      vertex 8.22492 3.40687 33.3206
    endloop
  endfacet
  facet normal 0.797462 -0.377158 0.470962
    outer loop
      vertex 7.51659 -3.11347 35.848
      vertex 7.13194 -2.95415 36.6269
      vertex 7.17523 -3.83524 35.848
    endloop
  endfacet
  facet normal 0.214346 0.855717 0.470962
    outer loop
      vertex 2.36173 7.78557 35.848
      vertex 1.58724 7.97957 35.848
      vertex 2.24087 7.38716 36.6269
    endloop
  endfacet
  facet normal -0.492023 -0.820876 -0.28996
    outer loop
      vertex -4.11543 -7.69942 29.8132
      vertex -4.85028 -7.25896 29.8132
      vertex -3.99457 -7.47331 28.968
    endloop
  endfacet
  facet normal -0.409186 0.865153 0.28996
    outer loop
      vertex -3.24282 7.82886 35.032
      vertex -4.11543 7.69942 34.1868
      vertex -3.99457 7.47331 35.032
    endloop
  endfacet
  facet normal -0.242553 -0.404672 0.881708
    outer loop
      vertex -2.13783 -3.19949 40.1359
      vertex -2.57058 -3.84715 39.7196
      vertex -1.81393 -3.39363 40.1359
    endloop
  endfacet
  facet normal 0.706722 0.034718 0.706639
    outer loop
      vertex 6.63645 0.653633 38.044
      vertex 6.01493 0.592418 38.6686
      vertex 6.66856 0 38.044
    endloop
  endfacet
  facet normal -0.965374 0.241806 0.097896
    outer loop
      vertex -8.60209 2.60942 32.4416
      vertex -8.81643 1.7537 32.4416
      vertex -8.51925 2.58428 33.3206
    endloop
  endfacet
  facet normal 0.993998 -0.0488374 -0.0978958
    outer loop
      vertex 8.94587 -0.881091 31.5584
      vertex 8.90259 0 30.6794
      vertex 8.98916 0 31.5584
    endloop
  endfacet
  facet normal 0.914044 0.135594 0.382279
    outer loop
      vertex 8.43309 0.830586 35.032
      vertex 7.97957 1.58724 35.848
      vertex 8.09673 0.797458 35.848
    endloop
  endfacet
  facet normal -0.597733 0.213873 0.772641
    outer loop
      vertex -4.95319 2.05168 39.2289
      vertex -5.58396 2.31295 38.6686
      vertex -5.13044 1.5563 39.2289
    endloop
  endfacet
  facet normal 0.835329 0.395074 -0.382286
    outer loop
      vertex 7.47331 3.99457 28.968
      vertex 7.19597 3.81644 28.1779
      vertex 7.18469 3.84029 28.1779
    endloop
  endfacet
  facet normal 0.835326 0.395078 -0.382287
    outer loop
      vertex 7.19597 3.81644 28.1779
      vertex 7.47331 3.99457 28.968
      vertex 7.82886 3.24282 28.968
    endloop
  endfacet
  facet normal -0.965373 0.241813 -0.0978889
    outer loop
      vertex -8.73153 1.73681 30.6794
      vertex -8.81643 1.7537 31.5584
      vertex -8.51925 2.58428 30.6794
    endloop
  endfacet
  facet normal 0.853608 -0.511634 0.0978985
    outer loop
      vertex 7.85138 -4.19665 33.3206
      vertex 7.40223 -4.94601 33.3206
      vertex 7.92773 -4.23746 32.4416
    endloop
  endfacet
  facet normal 0.100403 -0.167525 0.980742
    outer loop
      vertex 0.733671 -1.09802 40.9026
      vertex 0.622514 -1.16464 40.9026
      vertex 1.21493 -1.81828 40.7303
    endloop
  endfacet
  facet normal 0.57302 0.519368 0.63396
    outer loop
      vertex 5.11158 5.11158 37.3613
      vertex 4.71538 4.71538 38.044
      vertex 5.15487 4.23049 38.044
    endloop
  endfacet
  facet normal 0.634079 -0.0311464 0.772641
    outer loop
      vertex 6.04403 0 38.6686
      vertex 5.36129 0 39.2289
      vertex 6.01493 -0.592418 38.6686
    endloop
  endfacet
  facet normal -0.14471 -0.131163 0.980742
    outer loop
      vertex -1.02082 -0.837763 40.9026
      vertex -1.54632 -1.54632 40.7303
      vertex -0.933786 -0.933786 40.9026
    endloop
  endfacet
  facet normal -0.699916 0.103819 0.706639
    outer loop
      vertex -6.54043 1.30097 38.044
      vertex -6.63645 0.653633 38.044
      vertex -6.01493 0.592418 38.6686
    endloop
  endfacet
  facet normal -0.955887 0.0469665 0.289955
    outer loop
      vertex -8.43309 0.830586 35.032
      vertex -8.73028 0 34.1868
      vertex -8.4739 0 35.032
    endloop
  endfacet
  facet normal -0.951433 0.238321 0.194879
    outer loop
      vertex -8.51925 2.58428 33.3206
      vertex -8.73153 1.73681 33.3206
      vertex -8.56253 1.70319 34.1868
    endloop
  endfacet
  facet normal 0.686369 -0.171936 0.706637
    outer loop
      vertex 6.54043 -1.30097 38.044
      vertex 5.78378 -1.75449 38.6686
      vertex 6.38141 -1.93578 38.044
    endloop
  endfacet
  facet normal -0.238374 0.66621 0.706641
    outer loop
      vertex -1.75449 5.78378 38.6686
      vertex -2.55195 6.16095 38.044
      vertex -2.31295 5.58396 38.6686
    endloop
  endfacet
  facet normal -0.993998 -0.0488374 0.0978958
    outer loop
      vertex -8.90259 0 33.3206
      vertex -8.98916 0 32.4416
      vertex -8.94587 -0.881091 32.4416
    endloop
  endfacet
  facet normal 0.684673 0.620547 0.382289
    outer loop
      vertex 5.99195 5.99195 35.032
      vertex 5.75295 5.75295 35.848
      vertex 6.55041 5.37578 35.032
    endloop
  endfacet
  facet normal 0.914043 0.135587 0.382285
    outer loop
      vertex 8.31107 1.65317 35.032
      vertex 7.97957 1.58724 35.848
      vertex 8.43309 0.830586 35.032
    endloop
  endfacet
  facet normal 0.865153 -0.409186 0.28996
    outer loop
      vertex 7.82886 -3.24282 35.032
      vertex 7.47331 -3.99457 35.032
      vertex 7.69942 -4.11543 34.1868
    endloop
  endfacet
  facet normal 0.034718 -0.706722 0.706639
    outer loop
      vertex 0.592418 -6.01493 38.6686
      vertex 0 -6.66856 38.044
      vertex 0.653633 -6.63645 38.044
    endloop
  endfacet
  facet normal 0.371603 -0.0930876 0.923713
    outer loop
      vertex 3.77406 -0.750707 40.1359
      vertex 2.90145 -0.880145 40.4739
      vertex 3.6823 -1.11701 40.1359
    endloop
  endfacet
  facet normal -0.471234 0.0231503 0.881704
    outer loop
      vertex -4.60464 0.453518 39.7196
      vertex -4.62692 0 39.7196
      vertex -3.848 0 40.1359
    endloop
  endfacet
  facet normal 0.57011 0.768701 0.289955
    outer loop
      vertex 4.85028 7.25896 34.1868
      vertex 4.70784 7.04579 35.032
      vertex 5.37578 6.55041 35.032
    endloop
  endfacet
  facet normal -0.686369 -0.171936 0.706637
    outer loop
      vertex -5.78378 -1.75449 38.6686
      vertex -6.54043 -1.30097 38.044
      vertex -6.38141 -1.93578 38.044
    endloop
  endfacet
  facet normal 0.853608 0.511634 -0.0978985
    outer loop
      vertex 7.85138 4.19665 30.6794
      vertex 7.40223 4.94601 30.6794
      vertex 7.92773 4.23746 31.5584
    endloop
  endfacet
  facet normal 0.951433 0.238321 -0.194879
    outer loop
      vertex 8.56253 1.70319 29.8132
      vertex 8.51925 2.58428 30.6794
      vertex 8.73153 1.73681 30.6794
    endloop
  endfacet
  facet normal -0.699113 -0.330666 0.633957
    outer loop
      vertex -6.16095 -2.55195 38.044
      vertex -6.37529 -3.40766 37.3613
      vertex -5.88114 -3.14354 38.044
    endloop
  endfacet
  facet normal 0.171936 0.686369 0.706637
    outer loop
      vertex 1.93578 6.38141 38.044
      vertex 1.30097 6.54043 38.044
      vertex 1.75449 5.78378 38.6686
    endloop
  endfacet
  facet normal 0.0453472 0.922928 0.382291
    outer loop
      vertex 0 8.4739 35.032
      vertex 0 8.1359 35.848
      vertex 0.830586 8.43309 35.032
    endloop
  endfacet
  facet normal -0.803206 -0.595702 0
    outer loop
      vertex -6.94871 -5.70266 31.5584
      vertex -7.47421 -4.99411 32.4416
      vertex -7.47421 -4.99411 31.5584
    endloop
  endfacet
  facet normal -0.803206 -0.595702 0
    outer loop
      vertex -7.47421 -4.99411 32.4416
      vertex -6.94871 -5.70266 31.5584
      vertex -6.94871 -5.70266 32.4416
    endloop
  endfacet
  facet normal 0.0347146 0.70672 0.706641
    outer loop
      vertex 0 6.66856 38.044
      vertex 0 6.04403 38.6686
      vertex 0.592418 6.01493 38.6686
    endloop
  endfacet
  facet normal -0.307696 -0.228203 0.923713
    outer loop
      vertex -2.34377 -1.92349 40.4739
      vertex -3.19949 -2.13783 40.1359
      vertex -2.97454 -2.44114 40.1359
    endloop
  endfacet
  facet normal -0.835328 0.395079 0.382282
    outer loop
      vertex -7.47331 3.99457 35.032
      vertex -7.82886 3.24282 35.032
      vertex -7.17523 3.83524 35.848
    endloop
  endfacet
  facet normal -0.58428 0.787807 -0.194877
    outer loop
      vertex -4.85028 7.25896 29.8132
      vertex -5.64774 6.88179 30.6794
      vertex -4.94601 7.40223 30.6794
    endloop
  endfacet
  facet normal -0.787807 -0.58428 -0.194877
    outer loop
      vertex -6.88179 -5.64774 30.6794
      vertex -7.40223 -4.94601 30.6794
      vertex -7.25896 -4.85028 29.8132
    endloop
  endfacet
  facet normal -0.335274 -0.93702 0.0978971
    outer loop
      vertex -2.58428 -8.51925 33.3206
      vertex -3.40687 -8.22492 33.3206
      vertex -2.60942 -8.60209 32.4416
    endloop
  endfacet
  facet normal 0.726748 -0.658681 -0.194875
    outer loop
      vertex 6.29508 -6.29508 30.6794
      vertex 6.17324 -6.17324 29.8132
      vertex 6.88179 -5.64774 30.6794
    endloop
  endfacet
  facet normal -0.740949 -0.671562 0
    outer loop
      vertex -6.35629 -6.35629 31.5584
      vertex -6.94871 -5.70266 32.4416
      vertex -6.94871 -5.70266 31.5584
    endloop
  endfacet
  facet normal -0.740949 -0.671562 0
    outer loop
      vertex -6.94871 -5.70266 32.4416
      vertex -6.35629 -6.35629 31.5584
      vertex -6.35629 -6.35629 32.4416
    endloop
  endfacet
  facet normal -0.0469665 -0.955887 -0.289955
    outer loop
      vertex 0 -8.73028 29.8132
      vertex -0.830586 -8.43309 28.968
      vertex 0 -8.4739 28.968
    endloop
  endfacet
  facet normal 0.970212 0.143914 -0.194877
    outer loop
      vertex 8.85972 0.872605 30.6794
      vertex 8.68824 0.855717 29.8132
      vertex 8.73153 1.73681 30.6794
    endloop
  endfacet
  facet normal -0.853608 0.511634 -0.0978985
    outer loop
      vertex -7.85138 4.19665 30.6794
      vertex -7.92773 4.23746 31.5584
      vertex -7.40223 4.94601 30.6794
    endloop
  endfacet
  facet normal -0.476932 0.285858 0.831156
    outer loop
      vertex -3.84715 2.57058 39.7196
      vertex -4.72824 2.5273 39.2289
      vertex -4.08058 2.18112 39.7196
    endloop
  endfacet
  facet normal 0.0481288 0.979646 0.194877
    outer loop
      vertex 0.872605 8.85972 33.3206
      vertex 0 8.90259 33.3206
      vertex 0.855717 8.68824 34.1868
    endloop
  endfacet
  facet normal -0.39508 0.835324 -0.382291
    outer loop
      vertex -3.64728 7.27597 28.1779
      vertex -3.24282 7.82886 28.968
      vertex -3.11758 7.5265 28.1779
    endloop
  endfacet
  facet normal -0.395048 0.835329 -0.382311
    outer loop
      vertex -3.24282 7.82886 28.968
      vertex -3.64728 7.27597 28.1779
      vertex -3.81644 7.19597 28.1779
    endloop
  endfacet
  facet normal 0.363769 -0.606907 0.706637
    outer loop
      vertex 3.35788 -5.02543 38.6686
      vertex 2.84914 -5.33036 38.6686
      vertex 3.14354 -5.88114 38.044
    endloop
  endfacet
  facet normal 0.970211 0.143916 -0.194879
    outer loop
      vertex 8.68824 0.855717 29.8132
      vertex 8.56253 1.70319 29.8132
      vertex 8.73153 1.73681 30.6794
    endloop
  endfacet
  facet normal -0.0490731 -0.998795 0
    outer loop
      vertex -0.881091 -8.94587 31.5584
      vertex 0 -8.98916 32.4416
      vertex -0.881091 -8.94587 32.4416
    endloop
  endfacet
  facet normal -0.0490731 -0.998795 -0
    outer loop
      vertex 0 -8.98916 32.4416
      vertex -0.881091 -8.94587 31.5584
      vertex 0 -8.98916 31.5584
    endloop
  endfacet
  facet normal 0.378175 -0.50991 0.772642
    outer loop
      vertex 3.83429 -4.6721 38.6686
      vertex 2.97857 -4.45775 39.2289
      vertex 3.35788 -5.02543 38.6686
    endloop
  endfacet
  facet normal 0.822787 -0.122052 0.55509
    outer loop
      vertex 7.68239 -0.756648 36.6269
      vertex 7.08997 -1.41028 37.3613
      vertex 7.57123 -1.50601 36.6269
    endloop
  endfacet
  facet normal 0.550023 0.0815819 0.831155
    outer loop
      vertex 5.25828 1.04594 39.2289
      vertex 4.53802 0.902668 39.7196
      vertex 4.60464 0.453518 39.7196
    endloop
  endfacet
  facet normal 0.287475 -0.0426435 0.956838
    outer loop
      vertex 3.01741 -0.297189 40.4739
      vertex 2.17629 -0.214346 40.7303
      vertex 2.97375 -0.591516 40.4739
    endloop
  endfacet
  facet normal -0.621181 -0.460688 0.633956
    outer loop
      vertex -5.15487 -4.23049 38.044
      vertex -6.01058 -4.01614 37.3613
      vertex -5.58799 -4.58595 37.3613
    endloop
  endfacet
  facet normal 0.73739 0.668336 0.0978966
    outer loop
      vertex 6.94871 5.70266 32.4416
      vertex 6.35629 6.35629 32.4416
      vertex 6.88179 5.64774 33.3206
    endloop
  endfacet
  facet normal 0.787807 0.58428 -0.194877
    outer loop
      vertex 7.25896 4.85028 29.8132
      vertex 6.88179 5.64774 30.6794
      vertex 7.40223 4.94601 30.6794
    endloop
  endfacet
  facet normal 0.466693 0.0692221 0.881706
    outer loop
      vertex 4.53802 0.902668 39.7196
      vertex 3.77406 0.750707 40.1359
      vertex 4.60464 0.453518 39.7196
    endloop
  endfacet
  facet normal 0.706722 -0.034718 0.706639
    outer loop
      vertex 6.66856 0 38.044
      vertex 6.01493 -0.592418 38.6686
      vertex 6.63645 -0.653633 38.044
    endloop
  endfacet
  facet normal 0.984426 -0.146023 -0.0978924
    outer loop
      vertex 8.94587 -0.881091 31.5584
      vertex 8.73153 -1.73681 30.6794
      vertex 8.85972 -0.872605 30.6794
    endloop
  endfacet
  facet normal 0.653627 0.592418 0.47097
    outer loop
      vertex 6.28914 5.16136 35.848
      vertex 5.75295 5.75295 35.848
      vertex 5.9673 4.89723 36.6269
    endloop
  endfacet
  facet normal 0.709122 0.642706 0.289958
    outer loop
      vertex 6.17324 6.17324 34.1868
      vertex 5.99195 5.99195 35.032
      vertex 6.55041 5.37578 35.032
    endloop
  endfacet
  facet normal -0.0286495 0.193195 0.980742
    outer loop
      vertex -0.214346 2.17629 40.7303
      vertex -0.25763 1.2952 40.9026
      vertex -0.129438 1.31421 40.9026
    endloop
  endfacet
  facet normal -0.238317 -0.951435 0.194875
    outer loop
      vertex -2.53427 -8.35436 34.1868
      vertex -2.58428 -8.51925 33.3206
      vertex -1.70319 -8.56253 34.1868
    endloop
  endfacet
  facet normal -0.29027 -0.0142601 0.956838
    outer loop
      vertex -2.17629 -0.214346 40.7303
      vertex -3.03201 0 40.4739
      vertex -3.01741 -0.297189 40.4739
    endloop
  endfacet
  facet normal -0.951435 0.238317 0.194875
    outer loop
      vertex -8.51925 2.58428 33.3206
      vertex -8.56253 1.70319 34.1868
      vertex -8.35436 2.53427 34.1868
    endloop
  endfacet
  facet normal -0.103819 -0.699916 0.706639
    outer loop
      vertex -0.592418 -6.01493 38.6686
      vertex -1.30097 -6.54043 38.044
      vertex -0.653633 -6.63645 38.044
    endloop
  endfacet
  facet normal -0.149403 -0.249281 0.956837
    outer loop
      vertex -1.21493 -1.81828 40.7303
      vertex -1.68449 -2.52102 40.4739
      vertex -1.03086 -1.9286 40.7303
    endloop
  endfacet
  facet normal -0.830585 0.297191 0.470963
    outer loop
      vertex -7.51659 3.11347 35.848
      vertex -7.78557 2.36173 35.848
      vertex -7.13194 2.95415 36.6269
    endloop
  endfacet
  facet normal -0.951435 -0.238317 0.194875
    outer loop
      vertex -8.35436 -2.53427 34.1868
      vertex -8.56253 -1.70319 34.1868
      vertex -8.51925 -2.58428 33.3206
    endloop
  endfacet
  facet normal -0.88109 -0.0432832 0.470963
    outer loop
      vertex -7.71956 0 36.6269
      vertex -8.1359 0 35.848
      vertex -7.68239 -0.756648 36.6269
    endloop
  endfacet
  facet normal -0.82088 -0.492019 0.289955
    outer loop
      vertex -7.04579 -4.70784 35.032
      vertex -7.47331 -3.99457 35.032
      vertex -7.25896 -4.85028 34.1868
    endloop
  endfacet
  facet normal -0.820876 -0.492023 -0.28996
    outer loop
      vertex -7.25896 -4.85028 29.8132
      vertex -7.69942 -4.11543 29.8132
      vertex -7.47331 -3.99457 28.968
    endloop
  endfacet
  facet normal -0.742247 -0.550383 -0.382294
    outer loop
      vertex -6.75795 -4.54722 28.1779
      vertex -7.04579 -4.70784 28.968
      vertex -6.77367 -4.52602 28.1779
    endloop
  endfacet
  facet normal -0.742197 -0.550453 -0.38229
    outer loop
      vertex -7.04579 -4.70784 28.968
      vertex -6.75795 -4.54722 28.1779
      vertex -6.55041 -5.37578 28.968
    endloop
  endfacet
  facet normal -0.783161 -0.280224 0.555098
    outer loop
      vertex -6.91759 -2.09843 37.3613
      vertex -7.38716 -2.24087 36.6269
      vertex -7.13194 -2.95415 36.6269
    endloop
  endfacet
  facet normal -0.822787 -0.122052 0.55509
    outer loop
      vertex -7.08997 -1.41028 37.3613
      vertex -7.68239 -0.756648 36.6269
      vertex -7.57123 -1.50601 36.6269
    endloop
  endfacet
  facet normal -0.511634 -0.853608 -0.097898
    outer loop
      vertex -4.23746 -7.92773 31.5584
      vertex -4.99411 -7.47421 31.5584
      vertex -4.94601 -7.40223 30.6794
    endloop
  endfacet
  facet normal -0.322419 -0.901093 0.28996
    outer loop
      vertex -3.24282 -7.82886 35.032
      vertex -3.34093 -8.06573 34.1868
      vertex -2.53427 -8.35436 34.1868
    endloop
  endfacet
  facet normal -0.504247 -0.841284 -0.194877
    outer loop
      vertex -4.19665 -7.85138 30.6794
      vertex -4.94601 -7.40223 30.6794
      vertex -4.85028 -7.25896 29.8132
    endloop
  endfacet
  facet normal -0.146027 -0.984426 0.0978887
    outer loop
      vertex -1.73681 -8.73153 33.3206
      vertex -1.7537 -8.81643 32.4416
      vertex -0.881091 -8.94587 32.4416
    endloop
  endfacet
  facet normal 0.143914 -0.970212 -0.194877
    outer loop
      vertex 0.872605 -8.85972 30.6794
      vertex 0.855717 -8.68824 29.8132
      vertex 1.73681 -8.73153 30.6794
    endloop
  endfacet
  facet normal 0.281051 -0.378949 0.881708
    outer loop
      vertex 2.93529 -3.57666 39.7196
      vertex 2.13783 -3.19949 40.1359
      vertex 2.57058 -3.84715 39.7196
    endloop
  endfacet
  facet normal 0.606907 -0.363769 0.706637
    outer loop
      vertex 5.33036 -2.84914 38.6686
      vertex 5.02543 -3.35788 38.6686
      vertex 5.88114 -3.14354 38.044
    endloop
  endfacet
  facet normal -0.0842026 -0.0504654 0.99517
    outer loop
      vertex -0.389464 -0.208173 40.9892
      vertex -1.16464 -0.622514 40.9026
      vertex -1.09802 -0.733671 40.9026
    endloop
  endfacet
  facet normal -0.841281 -0.504254 0.19487
    outer loop
      vertex -7.69942 -4.11543 34.1868
      vertex -7.85138 -4.19665 33.3206
      vertex -7.25896 -4.85028 34.1868
    endloop
  endfacet
  facet normal -0.475057 -0.79258 0.38228
    outer loop
      vertex -4.52007 -6.76476 35.848
      vertex -4.70784 -7.04579 35.032
      vertex -3.99457 -7.47331 35.032
    endloop
  endfacet
  facet normal 0.57011 -0.768701 0.289955
    outer loop
      vertex 5.37578 -6.55041 35.032
      vertex 4.70784 -7.04579 35.032
      vertex 4.85028 -7.25896 34.1868
    endloop
  endfacet
  facet normal 0.322411 -0.901094 0.289967
    outer loop
      vertex 3.24282 -7.82886 35.032
      vertex 2.45984 -8.10901 35.032
      vertex 2.53427 -8.35436 34.1868
    endloop
  endfacet
  facet normal -0.726745 -0.658686 -0.19487
    outer loop
      vertex -6.17324 -6.17324 29.8132
      vertex -6.88179 -5.64774 30.6794
      vertex -6.7486 -5.53843 29.8132
    endloop
  endfacet
  facet normal -0.146023 0.984426 -0.0978924
    outer loop
      vertex -0.872605 8.85972 30.6794
      vertex -1.73681 8.73153 30.6794
      vertex -0.881091 8.94587 31.5584
    endloop
  endfacet
  facet normal -0.699914 0.103822 0.706641
    outer loop
      vertex -5.9279 1.17913 38.6686
      vertex -6.54043 1.30097 38.044
      vertex -6.01493 0.592418 38.6686
    endloop
  endfacet
  facet normal 0.550465 0.742191 -0.382283
    outer loop
      vertex 4.99668 6.42462 28.1779
      vertex 5.37578 6.55041 28.968
      vertex 5.16817 6.29743 28.1779
    endloop
  endfacet
  facet normal 0.550442 0.742212 -0.382275
    outer loop
      vertex 5.37578 6.55041 28.968
      vertex 4.99668 6.42462 28.1779
      vertex 4.54722 6.75795 28.1779
    endloop
  endfacet
  facet normal 0.232536 0.928358 -0.289963
    outer loop
      vertex 2.53427 8.35436 29.8132
      vertex 1.65317 8.31107 28.968
      vertex 1.70319 8.56253 29.8132
    endloop
  endfacet
  facet normal 0.0469611 0.955886 -0.28996
    outer loop
      vertex 0.830586 8.43309 28.968
      vertex 0 8.73028 29.8132
      vertex 0.855717 8.68824 29.8132
    endloop
  endfacet
  facet normal 0.0481284 0.979646 -0.194877
    outer loop
      vertex 0.855717 8.68824 29.8132
      vertex 0 8.73028 29.8132
      vertex 0 8.90259 30.6794
    endloop
  endfacet
  facet normal 0.0481288 0.979646 -0.194877
    outer loop
      vertex 0.855717 8.68824 29.8132
      vertex 0 8.90259 30.6794
      vertex 0.872605 8.85972 30.6794
    endloop
  endfacet
  facet normal 0.627973 0.0931507 0.77264
    outer loop
      vertex 6.01493 0.592418 38.6686
      vertex 5.25828 1.04594 39.2289
      vertex 5.33548 0.525498 39.2289
    endloop
  endfacet
  facet normal 0.951433 -0.238321 0.194879
    outer loop
      vertex 8.56253 -1.70319 34.1868
      vertex 8.51925 -2.58428 33.3206
      vertex 8.73153 -1.73681 33.3206
    endloop
  endfacet
  facet normal 0.411998 -0.373413 0.831156
    outer loop
      vertex 4.14434 -3.40117 39.2289
      vertex 3.57666 -2.93529 39.7196
      vertex 3.79101 -3.79101 39.2289
    endloop
  endfacet
  facet normal 0.539375 -0.135108 0.831156
    outer loop
      vertex 5.25828 -1.04594 39.2289
      vertex 4.42769 -1.34312 39.7196
      vertex 5.13044 -1.5563 39.2289
    endloop
  endfacet
  facet normal -0.616311 -0.5586 0.555091
    outer loop
      vertex -5.11158 -5.11158 37.3613
      vertex -5.58799 -4.58595 37.3613
      vertex -5.45855 -5.45855 36.6269
    endloop
  endfacet
  facet normal 0.355638 -0.751927 0.555093
    outer loop
      vertex 3.40766 -6.37529 37.3613
      vertex 2.76637 -6.6786 37.3613
      vertex 2.95415 -7.13194 36.6269
    endloop
  endfacet
  facet normal 0.787813 -0.584274 -0.194869
    outer loop
      vertex 6.88179 -5.64774 30.6794
      vertex 6.7486 -5.53843 29.8132
      vertex 7.25896 -4.85028 29.8132
    endloop
  endfacet
  facet normal 0.709122 -0.642706 -0.289958
    outer loop
      vertex 6.17324 -6.17324 29.8132
      vertex 5.99195 -5.99195 28.968
      vertex 6.55041 -5.37578 28.968
    endloop
  endfacet
  facet normal 0.830788 0.0408121 0.555091
    outer loop
      vertex 7.68239 0.756648 36.6269
      vertex 7.22887 0 37.3613
      vertex 7.71956 0 36.6269
    endloop
  endfacet
  facet normal 0.742196 -0.550458 0.382283
    outer loop
      vertex 6.76476 -4.52007 35.848
      vertex 6.28914 -5.16136 35.848
      vertex 6.55041 -5.37578 35.032
    endloop
  endfacet
  facet normal -0.0238533 -0.0952253 0.99517
    outer loop
      vertex -0.086153 -0.433124 40.9892
      vertex -0.383342 -1.26371 40.9026
      vertex -0.25763 -1.2952 40.9026
    endloop
  endfacet
  facet normal 0.371602 0.0930844 0.923714
    outer loop
      vertex 3.77406 0.750707 40.1359
      vertex 2.90145 0.880145 40.4739
      vertex 2.97375 0.591516 40.4739
    endloop
  endfacet
  facet normal -0.316843 0.349576 0.881707
    outer loop
      vertex -2.44114 2.97454 40.1359
      vertex -2.93529 3.57666 39.7196
      vertex -2.72094 2.72094 40.1359
    endloop
  endfacet
  facet normal -0.193195 -0.0286588 0.980742
    outer loop
      vertex -1.2952 -0.25763 40.9026
      vertex -2.17629 -0.214346 40.7303
      vertex -2.1448 -0.426627 40.7303
    endloop
  endfacet
  facet normal -0.806855 0.202115 0.555098
    outer loop
      vertex -6.91759 2.09843 37.3613
      vertex -7.38716 2.24087 36.6269
      vertex -7.08997 1.41028 37.3613
    endloop
  endfacet
  facet normal 0.00481591 -0.0980497 0.99517
    outer loop
      vertex 0.0432844 -0.439482 40.9892
      vertex 0 -0.441608 40.9892
      vertex 0.129438 -1.31421 40.9026
    endloop
  endfacet
  facet normal 0.23774 0.502654 0.831155
    outer loop
      vertex 2.05168 4.95319 39.2289
      vertex 1.77065 4.27472 39.7196
      vertex 2.18112 4.08058 39.7196
    endloop
  endfacet
  facet normal 0.158941 0.444217 0.881708
    outer loop
      vertex 1.77065 4.27472 39.7196
      vertex 1.34312 4.42769 39.7196
      vertex 1.47256 3.55508 40.1359
    endloop
  endfacet
  facet normal 0.360691 0.129059 0.923713
    outer loop
      vertex 3.55508 1.47256 40.1359
      vertex 2.90145 0.880145 40.4739
      vertex 3.6823 1.11701 40.1359
    endloop
  endfacet
  facet normal 0.620547 0.684673 0.382289
    outer loop
      vertex 5.99195 5.99195 35.032
      vertex 5.37578 6.55041 35.032
      vertex 5.75295 5.75295 35.848
    endloop
  endfacet
  facet normal 0.511634 0.853608 0.097898
    outer loop
      vertex 4.99411 7.47421 32.4416
      vertex 4.23746 7.92773 32.4416
      vertex 4.94601 7.40223 33.3206
    endloop
  endfacet
  facet normal 0.901094 -0.322411 -0.289967
    outer loop
      vertex 8.35436 -2.53427 29.8132
      vertex 7.82886 -3.24282 28.968
      vertex 8.10901 -2.45984 28.968
    endloop
  endfacet
  facet normal 0.886659 0.419357 0.194874
    outer loop
      vertex 8.22492 3.40687 33.3206
      vertex 7.69942 4.11543 34.1868
      vertex 8.06573 3.34093 34.1868
    endloop
  endfacet
  facet normal 0.93702 0.335274 0.0978971
    outer loop
      vertex 8.60209 2.60942 32.4416
      vertex 8.22492 3.40687 33.3206
      vertex 8.51925 2.58428 33.3206
    endloop
  endfacet
  facet normal 0.899647 0.425501 -0.0978961
    outer loop
      vertex 8.22492 3.40687 30.6794
      vertex 7.92773 4.23746 31.5584
      vertex 8.3049 3.44 31.5584
    endloop
  endfacet
  facet normal -0.0952253 0.0238533 0.99517
    outer loop
      vertex -1.26371 0.383342 40.9026
      vertex -1.2952 0.25763 40.9026
      vertex -0.433124 0.086153 40.9892
    endloop
  endfacet
  facet normal -0.287475 0.0426435 0.956838
    outer loop
      vertex -2.97375 0.591516 40.4739
      vertex -3.01741 0.297189 40.4739
      vertex -2.17629 0.214346 40.7303
    endloop
  endfacet
  facet normal -0.90399 0.427555 0
    outer loop
      vertex -8.3049 3.44 31.5584
      vertex -7.92773 4.23746 32.4416
      vertex -7.92773 4.23746 31.5584
    endloop
  endfacet
  facet normal -0.90399 0.427555 0
    outer loop
      vertex -7.92773 4.23746 32.4416
      vertex -8.3049 3.44 31.5584
      vertex -8.3049 3.44 32.4416
    endloop
  endfacet
  facet normal -0.914044 -0.135594 0.382279
    outer loop
      vertex -8.09673 -0.797458 35.848
      vertex -8.43309 -0.830586 35.032
      vertex -7.97957 -1.58724 35.848
    endloop
  endfacet
  facet normal -0.872602 0.129446 0.470967
    outer loop
      vertex -7.97957 1.58724 35.848
      vertex -8.09673 0.797458 35.848
      vertex -7.68239 0.756648 36.6269
    endloop
  endfacet
  facet normal -0.855716 0.214342 0.470964
    outer loop
      vertex -7.38716 2.24087 36.6269
      vertex -7.97957 1.58724 35.848
      vertex -7.57123 1.50601 36.6269
    endloop
  endfacet
  facet normal -0.914044 0.135594 0.382279
    outer loop
      vertex -7.97957 1.58724 35.848
      vertex -8.43309 0.830586 35.032
      vertex -8.09673 0.797458 35.848
    endloop
  endfacet
  facet normal -0.951433 0.238321 -0.194879
    outer loop
      vertex -8.56253 1.70319 29.8132
      vertex -8.73153 1.73681 30.6794
      vertex -8.51925 2.58428 30.6794
    endloop
  endfacet
  facet normal -0.409186 0.865153 -0.28996
    outer loop
      vertex -3.99457 7.47331 28.968
      vertex -4.11543 7.69942 29.8132
      vertex -3.24282 7.82886 28.968
    endloop
  endfacet
  facet normal -0.799348 0.592839 0.0978984
    outer loop
      vertex -6.88179 5.64774 33.3206
      vertex -7.47421 4.99411 32.4416
      vertex -7.40223 4.94601 33.3206
    endloop
  endfacet
  facet normal -0.899646 0.425503 0.0978985
    outer loop
      vertex -7.92773 4.23746 32.4416
      vertex -8.22492 3.40687 33.3206
      vertex -7.85138 4.19665 33.3206
    endloop
  endfacet
  facet normal -0.853608 -0.511634 0.0978985
    outer loop
      vertex -7.85138 -4.19665 33.3206
      vertex -7.92773 -4.23746 32.4416
      vertex -7.40223 -4.94601 33.3206
    endloop
  endfacet
  facet normal -0.764998 0.113475 0.633957
    outer loop
      vertex -7.08997 1.41028 37.3613
      vertex -7.19406 0.708552 37.3613
      vertex -6.63645 0.653633 38.044
    endloop
  endfacet
  facet normal -0.881088 -0.0432778 0.470967
    outer loop
      vertex -7.68239 -0.756648 36.6269
      vertex -8.1359 0 35.848
      vertex -8.09673 -0.797458 35.848
    endloop
  endfacet
  facet normal -0.93702 -0.335275 0.097896
    outer loop
      vertex -8.22492 -3.40687 33.3206
      vertex -8.60209 -2.60942 32.4416
      vertex -8.3049 -3.44 32.4416
    endloop
  endfacet
  facet normal -0.90399 -0.427555 0
    outer loop
      vertex -7.92773 -4.23746 31.5584
      vertex -8.3049 -3.44 32.4416
      vertex -8.3049 -3.44 31.5584
    endloop
  endfacet
  facet normal -0.90399 -0.427555 0
    outer loop
      vertex -8.3049 -3.44 32.4416
      vertex -7.92773 -4.23746 31.5584
      vertex -7.92773 -4.23746 32.4416
    endloop
  endfacet
  facet normal -0.799348 -0.592839 0.0978984
    outer loop
      vertex -7.40223 -4.94601 33.3206
      vertex -7.47421 -4.99411 32.4416
      vertex -6.88179 -5.64774 33.3206
    endloop
  endfacet
  facet normal -0.671562 -0.740949 0
    outer loop
      vertex -6.35629 -6.35629 31.5584
      vertex -5.70266 -6.94871 32.4416
      vertex -6.35629 -6.35629 32.4416
    endloop
  endfacet
  facet normal -0.671562 -0.740949 -0
    outer loop
      vertex -5.70266 -6.94871 32.4416
      vertex -6.35629 -6.35629 31.5584
      vertex -5.70266 -6.94871 31.5584
    endloop
  endfacet
  facet normal -0.993998 -0.0488374 -0.0978958
    outer loop
      vertex -8.94587 -0.881091 31.5584
      vertex -8.98916 0 31.5584
      vertex -8.90259 0 30.6794
    endloop
  endfacet
  facet normal -0.922937 0.045167 -0.382293
    outer loop
      vertex -8.4739 0 28.968
      vertex -8.14534 0.0263597 28.1779
      vertex -8.14663 0 28.1779
    endloop
  endfacet
  facet normal -0.922931 0.0453473 -0.382284
    outer loop
      vertex -8.14534 0.0263597 28.1779
      vertex -8.4739 0 28.968
      vertex -8.43309 0.830586 28.968
    endloop
  endfacet
  facet normal -0.550453 -0.742197 -0.38229
    outer loop
      vertex -4.54722 -6.75795 28.1779
      vertex -4.70784 -7.04579 28.968
      vertex -5.37578 -6.55041 28.968
    endloop
  endfacet
  facet normal -0.550383 -0.742247 -0.382294
    outer loop
      vertex -4.70784 -7.04579 28.968
      vertex -4.54722 -6.75795 28.1779
      vertex -4.52602 -6.77367 28.1779
    endloop
  endfacet
  facet normal 0.22449 -0.89636 -0.382287
    outer loop
      vertex 1.79644 -7.93822 28.1779
      vertex 1.65317 -8.31107 28.968
      vertex 1.58933 -7.99009 28.1779
    endloop
  endfacet
  facet normal 0.224534 -0.896353 -0.382276
    outer loop
      vertex 1.65317 -8.31107 28.968
      vertex 1.79644 -7.93822 28.1779
      vertex 2.33924 -7.80225 28.1779
    endloop
  endfacet
  facet normal -0.322419 -0.901093 -0.28996
    outer loop
      vertex -2.53427 -8.35436 29.8132
      vertex -3.34093 -8.06573 29.8132
      vertex -3.24282 -7.82886 28.968
    endloop
  endfacet
  facet normal 0.224524 -0.896352 -0.382284
    outer loop
      vertex 2.33924 -7.80225 28.1779
      vertex 2.45984 -8.10901 28.968
      vertex 1.65317 -8.31107 28.968
    endloop
  endfacet
  facet normal 0.224444 -0.896374 -0.38228
    outer loop
      vertex 2.36484 -7.79584 28.1779
      vertex 2.45984 -8.10901 28.968
      vertex 2.33924 -7.80225 28.1779
    endloop
  endfacet
  facet normal 0.346308 -0.163785 0.923713
    outer loop
      vertex 3.55508 -1.47256 40.1359
      vertex 2.80121 -1.1603 40.4739
      vertex 3.39363 -1.81393 40.1359
    endloop
  endfacet
  facet normal -0.550023 0.0815819 0.831155
    outer loop
      vertex -4.53802 0.902668 39.7196
      vertex -5.25828 1.04594 39.2289
      vertex -4.60464 0.453518 39.7196
    endloop
  endfacet
  facet normal 0.426337 -0.470391 0.772638
    outer loop
      vertex 3.79101 -3.79101 39.2289
      vertex 3.40117 -4.14434 39.2289
      vertex 3.83429 -4.6721 38.6686
    endloop
  endfacet
  facet normal 0.373412 -0.411999 0.831156
    outer loop
      vertex 3.27173 -3.27173 39.7196
      vertex 2.93529 -3.57666 39.7196
      vertex 3.79101 -3.79101 39.2289
    endloop
  endfacet
  facet normal 0.0286588 0.193195 0.980742
    outer loop
      vertex 0.426627 2.1448 40.7303
      vertex 0.214346 2.17629 40.7303
      vertex 0.25763 1.2952 40.9026
    endloop
  endfacet
  facet normal 0.0419728 -0.088742 0.99517
    outer loop
      vertex 0.622514 -1.16464 40.9026
      vertex 0.208173 -0.389464 40.9892
      vertex 0.505362 -1.22005 40.9026
    endloop
  endfacet
  facet normal -0.620547 -0.684673 0.382289
    outer loop
      vertex -5.75295 -5.75295 35.848
      vertex -5.99195 -5.99195 35.032
      vertex -5.37578 -6.55041 35.032
    endloop
  endfacet
  facet normal -0.872604 -0.129442 0.470964
    outer loop
      vertex -7.68239 -0.756648 36.6269
      vertex -7.97957 -1.58724 35.848
      vertex -7.57123 -1.50601 36.6269
    endloop
  endfacet
  facet normal -0.034718 -0.706722 0.706639
    outer loop
      vertex -0.592418 -6.01493 38.6686
      vertex -0.653633 -6.63645 38.044
      vertex 0 -6.66856 38.044
    endloop
  endfacet
  facet normal -0.0311464 -0.634079 0.772641
    outer loop
      vertex 0 -5.36129 39.2289
      vertex -0.592418 -6.01493 38.6686
      vertex 0 -6.04403 38.6686
    endloop
  endfacet
  facet normal -0.330434 -0.923492 0.194874
    outer loop
      vertex -2.53427 -8.35436 34.1868
      vertex -3.40687 -8.22492 33.3206
      vertex -2.58428 -8.51925 33.3206
    endloop
  endfacet
  facet normal -0.330434 -0.923492 -0.194874
    outer loop
      vertex -2.58428 -8.51925 30.6794
      vertex -3.40687 -8.22492 30.6794
      vertex -2.53427 -8.35436 29.8132
    endloop
  endfacet
  facet normal -0.742196 -0.550458 0.382283
    outer loop
      vertex -6.28914 -5.16136 35.848
      vertex -6.76476 -4.52007 35.848
      vertex -6.55041 -5.37578 35.032
    endloop
  endfacet
  facet normal -0.504247 -0.841284 0.194877
    outer loop
      vertex -4.85028 -7.25896 34.1868
      vertex -4.94601 -7.40223 33.3206
      vertex -4.19665 -7.85138 33.3206
    endloop
  endfacet
  facet normal -0.511634 -0.853608 -0.0978985
    outer loop
      vertex -4.23746 -7.92773 31.5584
      vertex -4.94601 -7.40223 30.6794
      vertex -4.19665 -7.85138 30.6794
    endloop
  endfacet
  facet normal -0.395048 -0.835329 -0.382311
    outer loop
      vertex -3.64728 -7.27597 28.1779
      vertex -3.24282 -7.82886 28.968
      vertex -3.81644 -7.19597 28.1779
    endloop
  endfacet
  facet normal -0.39508 -0.835324 -0.382291
    outer loop
      vertex -3.24282 -7.82886 28.968
      vertex -3.64728 -7.27597 28.1779
      vertex -3.11758 -7.5265 28.1779
    endloop
  endfacet
  facet normal 0.792581 -0.475053 0.382283
    outer loop
      vertex 7.17523 -3.83524 35.848
      vertex 6.76476 -4.52007 35.848
      vertex 7.47331 -3.99457 35.032
    endloop
  endfacet
  facet normal 0.737395 -0.668331 -0.0978891
    outer loop
      vertex 6.35629 -6.35629 31.5584
      vertex 6.29508 -6.29508 30.6794
      vertex 6.88179 -5.64774 30.6794
    endloop
  endfacet
  facet normal 0.923492 -0.330434 -0.194874
    outer loop
      vertex 8.51925 -2.58428 30.6794
      vertex 8.22492 -3.40687 30.6794
      vertex 8.35436 -2.53427 29.8132
    endloop
  endfacet
  facet normal -0.914039 0.135558 -0.382304
    outer loop
      vertex -8.02142 1.37813 28.1779
      vertex -8.43309 0.830586 28.968
      vertex -7.99397 1.56322 28.1779
    endloop
  endfacet
  facet normal -0.914043 0.135588 -0.382285
    outer loop
      vertex -8.43309 0.830586 28.968
      vertex -8.02142 1.37813 28.1779
      vertex -8.1074 0.798509 28.1779
    endloop
  endfacet
  facet normal -0.941543 -0.336894 0
    outer loop
      vertex -8.3049 -3.44 31.5584
      vertex -8.60209 -2.60942 32.4416
      vertex -8.60209 -2.60942 31.5584
    endloop
  endfacet
  facet normal -0.941543 -0.336894 0
    outer loop
      vertex -8.60209 -2.60942 32.4416
      vertex -8.3049 -3.44 31.5584
      vertex -8.3049 -3.44 32.4416
    endloop
  endfacet
  facet normal -0.984426 0.146027 -0.0978887
    outer loop
      vertex -8.73153 1.73681 30.6794
      vertex -8.94587 0.881091 31.5584
      vertex -8.81643 1.7537 31.5584
    endloop
  endfacet
  facet normal -0.89636 -0.22449 -0.382287
    outer loop
      vertex -7.93822 -1.79644 28.1779
      vertex -8.31107 -1.65317 28.968
      vertex -7.99009 -1.58933 28.1779
    endloop
  endfacet
  facet normal -0.896353 -0.224534 -0.382276
    outer loop
      vertex -8.31107 -1.65317 28.968
      vertex -7.93822 -1.79644 28.1779
      vertex -7.80225 -2.33924 28.1779
    endloop
  endfacet
  facet normal -0.853608 0.511634 -0.097898
    outer loop
      vertex -7.40223 4.94601 30.6794
      vertex -7.92773 4.23746 31.5584
      vertex -7.47421 4.99411 31.5584
    endloop
  endfacet
  facet normal -0.82088 -0.492019 -0.289955
    outer loop
      vertex -7.25896 -4.85028 29.8132
      vertex -7.47331 -3.99457 28.968
      vertex -7.04579 -4.70784 28.968
    endloop
  endfacet
  facet normal -0.322411 0.901094 0.289967
    outer loop
      vertex -2.53427 8.35436 34.1868
      vertex -3.24282 7.82886 35.032
      vertex -2.45984 8.10901 35.032
    endloop
  endfacet
  facet normal -0.41936 0.886658 0.194871
    outer loop
      vertex -3.40687 8.22492 33.3206
      vertex -4.19665 7.85138 33.3206
      vertex -4.11543 7.69942 34.1868
    endloop
  endfacet
  facet normal 0.792481 0.475209 -0.382296
    outer loop
      vertex 7.04579 4.70784 28.968
      vertex 6.78724 4.50339 28.1779
      vertex 6.77367 4.52602 28.1779
    endloop
  endfacet
  facet normal 0.792577 0.475055 -0.382288
    outer loop
      vertex 6.78724 4.50339 28.1779
      vertex 7.04579 4.70784 28.968
      vertex 7.47331 3.99457 28.968
    endloop
  endfacet
  facet normal 0.58428 0.787807 -0.194877
    outer loop
      vertex 5.64774 6.88179 30.6794
      vertex 4.85028 7.25896 29.8132
      vertex 4.94601 7.40223 30.6794
    endloop
  endfacet
  facet normal -0.232541 0.928356 -0.289967
    outer loop
      vertex -2.45984 8.10901 28.968
      vertex -2.53427 8.35436 29.8132
      vertex -1.65317 8.31107 28.968
    endloop
  endfacet
  facet normal 0.238317 0.951435 0.194875
    outer loop
      vertex 2.58428 8.51925 33.3206
      vertex 1.70319 8.56253 34.1868
      vertex 2.53427 8.35436 34.1868
    endloop
  endfacet
  facet normal -0.146027 0.984426 0.0978887
    outer loop
      vertex -0.881091 8.94587 32.4416
      vertex -1.7537 8.81643 32.4416
      vertex -1.73681 8.73153 33.3206
    endloop
  endfacet
  facet normal 0.232541 0.928356 -0.289967
    outer loop
      vertex 2.45984 8.10901 28.968
      vertex 1.65317 8.31107 28.968
      vertex 2.53427 8.35436 29.8132
    endloop
  endfacet
  facet normal -0.241806 0.965374 -0.097896
    outer loop
      vertex -2.58428 8.51925 30.6794
      vertex -2.60942 8.60209 31.5584
      vertex -1.7537 8.81643 31.5584
    endloop
  endfacet
  facet normal -0.224524 0.896352 -0.382284
    outer loop
      vertex -2.33924 7.80225 28.1779
      vertex -2.45984 8.10901 28.968
      vertex -1.65317 8.31107 28.968
    endloop
  endfacet
  facet normal -0.224444 0.896374 -0.38228
    outer loop
      vertex -2.36484 7.79584 28.1779
      vertex -2.45984 8.10901 28.968
      vertex -2.33924 7.80225 28.1779
    endloop
  endfacet
  facet normal 0.835329 0.395068 0.382292
    outer loop
      vertex 7.82886 3.24282 35.032
      vertex 7.17523 3.83524 35.848
      vertex 7.51659 3.11347 35.848
    endloop
  endfacet
  facet normal 0.979646 -0.0481284 0.194877
    outer loop
      vertex 8.73028 0 34.1868
      vertex 8.68824 -0.855717 34.1868
      vertex 8.90259 0 33.3206
    endloop
  endfacet
  facet normal 0.671562 -0.740949 0
    outer loop
      vertex 5.70266 -6.94871 31.5584
      vertex 6.35629 -6.35629 32.4416
      vertex 5.70266 -6.94871 32.4416
    endloop
  endfacet
  facet normal 0.671562 -0.740949 0
    outer loop
      vertex 6.35629 -6.35629 32.4416
      vertex 5.70266 -6.94871 31.5584
      vertex 6.35629 -6.35629 31.5584
    endloop
  endfacet
  facet normal 0.495499 -0.668092 0.555098
    outer loop
      vertex 4.89723 -5.9673 36.6269
      vertex 4.01614 -6.01058 37.3613
      vertex 4.28876 -6.41858 36.6269
    endloop
  endfacet
  facet normal 0.504247 -0.841284 -0.194877
    outer loop
      vertex 4.94601 -7.40223 30.6794
      vertex 4.19665 -7.85138 30.6794
      vertex 4.85028 -7.25896 29.8132
    endloop
  endfacet
  facet normal 0.335274 -0.93702 0.0978971
    outer loop
      vertex 3.40687 -8.22492 33.3206
      vertex 2.58428 -8.51925 33.3206
      vertex 2.60942 -8.60209 32.4416
    endloop
  endfacet
  facet normal 0.951435 -0.238317 0.194875
    outer loop
      vertex 8.56253 -1.70319 34.1868
      vertex 8.35436 -2.53427 34.1868
      vertex 8.51925 -2.58428 33.3206
    endloop
  endfacet
  facet normal 0.941543 -0.336894 0
    outer loop
      vertex 8.3049 -3.44 32.4416
      vertex 8.60209 -2.60942 31.5584
      vertex 8.60209 -2.60942 32.4416
    endloop
  endfacet
  facet normal 0.941543 -0.336894 0
    outer loop
      vertex 8.60209 -2.60942 31.5584
      vertex 8.3049 -3.44 32.4416
      vertex 8.3049 -3.44 31.5584
    endloop
  endfacet
  facet normal 0.550458 -0.742196 0.382283
    outer loop
      vertex 5.16136 -6.28914 35.848
      vertex 4.52007 -6.76476 35.848
      vertex 5.37578 -6.55041 35.032
    endloop
  endfacet
  facet normal 0.899647 -0.425501 -0.0978961
    outer loop
      vertex 8.3049 -3.44 31.5584
      vertex 7.92773 -4.23746 31.5584
      vertex 8.22492 -3.40687 30.6794
    endloop
  endfacet
  facet normal 0.492019 -0.82088 -0.289955
    outer loop
      vertex 4.85028 -7.25896 29.8132
      vertex 3.99457 -7.47331 28.968
      vertex 4.70784 -7.04579 28.968
    endloop
  endfacet
  facet normal 0.820876 -0.492023 -0.28996
    outer loop
      vertex 7.69942 -4.11543 29.8132
      vertex 7.25896 -4.85028 29.8132
      vertex 7.47331 -3.99457 28.968
    endloop
  endfacet
  facet normal 0.426504 -0.201714 0.881706
    outer loop
      vertex 3.55508 -1.47256 40.1359
      vertex 3.39363 -1.81393 40.1359
      vertex 4.08058 -2.18112 39.7196
    endloop
  endfacet
  facet normal 0.550019 0.0815874 0.831157
    outer loop
      vertex 5.25828 1.04594 39.2289
      vertex 4.60464 0.453518 39.7196
      vertex 5.33548 0.525498 39.2289
    endloop
  endfacet
  facet normal 0.382621 -0.018797 0.923714
    outer loop
      vertex 3.03201 0 40.4739
      vertex 3.01741 -0.297189 40.4739
      vertex 3.848 0 40.1359
    endloop
  endfacet
  facet normal 0.50991 -0.378175 0.772642
    outer loop
      vertex 5.02543 -3.35788 38.6686
      vertex 4.45775 -2.97857 39.2289
      vertex 4.6721 -3.83429 38.6686
    endloop
  endfacet
  facet normal 0.444217 0.158941 0.881708
    outer loop
      vertex 4.27472 1.77065 39.7196
      vertex 3.55508 1.47256 40.1359
      vertex 4.42769 1.34312 39.7196
    endloop
  endfacet
  facet normal -0.088742 0.0419728 0.99517
    outer loop
      vertex -1.16464 0.622514 40.9026
      vertex -1.22005 0.505362 40.9026
      vertex -0.389464 0.208173 40.9892
    endloop
  endfacet
  facet normal 0.404676 0.24255 0.881707
    outer loop
      vertex 3.84715 2.57058 39.7196
      vertex 3.39363 1.81393 40.1359
      vertex 4.08058 2.18112 39.7196
    endloop
  endfacet
  facet normal 0.0952253 0.0238533 0.99517
    outer loop
      vertex 1.26371 0.383342 40.9026
      vertex 0.433124 0.086153 40.9892
      vertex 1.2952 0.25763 40.9026
    endloop
  endfacet
  facet normal 0.71345 0.427615 0.555098
    outer loop
      vertex 6.41858 4.28876 36.6269
      vertex 6.01058 4.01614 37.3613
      vertex 6.80804 3.63897 36.6269
    endloop
  endfacet
  facet normal 0.616318 0.558597 0.555087
    outer loop
      vertex 5.9673 4.89723 36.6269
      vertex 5.45855 5.45855 36.6269
      vertex 5.58799 4.58595 37.3613
    endloop
  endfacet
  facet normal -0.349578 -0.316838 0.881708
    outer loop
      vertex -2.72094 -2.72094 40.1359
      vertex -3.57666 -2.93529 39.7196
      vertex -3.27173 -3.27173 39.7196
    endloop
  endfacet
  facet normal 0.242553 0.404672 0.881708
    outer loop
      vertex 2.57058 3.84715 39.7196
      vertex 1.81393 3.39363 40.1359
      vertex 2.13783 3.19949 40.1359
    endloop
  endfacet
  facet normal -0.29027 -0.0142599 0.956839
    outer loop
      vertex -2.18682 0 40.7303
      vertex -3.03201 0 40.4739
      vertex -2.17629 -0.214346 40.7303
    endloop
  endfacet
  facet normal 0.196945 0.328581 0.923714
    outer loop
      vertex 1.81393 3.39363 40.1359
      vertex 1.68449 2.52102 40.4739
      vertex 2.13783 3.19949 40.1359
    endloop
  endfacet
  facet normal -0.140426 0.94668 0.28996
    outer loop
      vertex -0.855717 8.68824 34.1868
      vertex -1.70319 8.56253 34.1868
      vertex -0.830586 8.43309 35.032
    endloop
  endfacet
  facet normal 0.397595 0.663339 0.633956
    outer loop
      vertex 3.40766 6.37529 37.3613
      vertex 3.14354 5.88114 38.044
      vertex 3.70485 5.5447 38.044
    endloop
  endfacet
  facet normal -0.0347146 0.70672 0.706641
    outer loop
      vertex 0 6.66856 38.044
      vertex -0.592418 6.01493 38.6686
      vertex 0 6.04403 38.6686
    endloop
  endfacet
  facet normal -0.257266 0.283845 0.923713
    outer loop
      vertex -2.44114 2.97454 40.1359
      vertex -2.72094 2.72094 40.1359
      vertex -1.92349 2.34377 40.4739
    endloop
  endfacet
  facet normal 0.495491 0.668107 0.555087
    outer loop
      vertex 4.89723 5.9673 36.6269
      vertex 4.01614 6.01058 37.3613
      vertex 4.58595 5.58799 37.3613
    endloop
  endfacet
  facet normal 0.326382 0.544517 0.772642
    outer loop
      vertex 3.35788 5.02543 38.6686
      vertex 2.5273 4.72824 39.2289
      vertex 2.97857 4.45775 39.2289
    endloop
  endfacet
  facet normal 0.751927 0.35564 0.555092
    outer loop
      vertex 6.80804 3.63897 36.6269
      vertex 6.37529 3.40766 37.3613
      vertex 7.13194 2.95415 36.6269
    endloop
  endfacet
  facet normal 0.872602 0.129446 0.470967
    outer loop
      vertex 7.97957 1.58724 35.848
      vertex 7.68239 0.756648 36.6269
      vertex 8.09673 0.797458 35.848
    endloop
  endfacet
  facet normal 0.822787 0.122052 0.55509
    outer loop
      vertex 7.57123 1.50601 36.6269
      vertex 7.08997 1.41028 37.3613
      vertex 7.68239 0.756648 36.6269
    endloop
  endfacet
  facet normal 0.573025 0.519366 0.633957
    outer loop
      vertex 5.58799 4.58595 37.3613
      vertex 5.11158 5.11158 37.3613
      vertex 5.15487 4.23049 38.044
    endloop
  endfacet
  facet normal 0.830585 0.297193 0.470962
    outer loop
      vertex 7.78557 2.36173 35.848
      vertex 7.13194 2.95415 36.6269
      vertex 7.38716 2.24087 36.6269
    endloop
  endfacet
  facet normal 0.620554 0.68467 0.382283
    outer loop
      vertex 5.37578 6.55041 35.032
      vertex 5.16136 6.28914 35.848
      vertex 5.75295 5.75295 35.848
    endloop
  endfacet
  facet normal 0.799348 0.59284 -0.0978966
    outer loop
      vertex 7.47421 4.99411 31.5584
      vertex 6.88179 5.64774 30.6794
      vertex 6.94871 5.70266 31.5584
    endloop
  endfacet
  facet normal 0.68467 0.620554 0.382283
    outer loop
      vertex 6.55041 5.37578 35.032
      vertex 5.75295 5.75295 35.848
      vertex 6.28914 5.16136 35.848
    endloop
  endfacet
  facet normal 0.970211 -0.143916 -0.194879
    outer loop
      vertex 8.73153 -1.73681 30.6794
      vertex 8.56253 -1.70319 29.8132
      vertex 8.68824 -0.855717 29.8132
    endloop
  endfacet
  facet normal 0.835326 -0.395078 -0.382287
    outer loop
      vertex 7.47331 -3.99457 28.968
      vertex 7.19597 -3.81644 28.1779
      vertex 7.82886 -3.24282 28.968
    endloop
  endfacet
  facet normal 0.835329 -0.395074 -0.382286
    outer loop
      vertex 7.19597 -3.81644 28.1779
      vertex 7.47331 -3.99457 28.968
      vertex 7.18469 -3.84029 28.1779
    endloop
  endfacet
  facet normal 0.870032 0.311297 -0.382281
    outer loop
      vertex 8.10901 2.45984 28.968
      vertex 7.78695 2.38969 28.1779
      vertex 7.82886 3.24282 28.968
    endloop
  endfacet
  facet normal 0.870046 0.311256 -0.382283
    outer loop
      vertex 7.78695 2.38969 28.1779
      vertex 8.10901 2.45984 28.968
      vertex 7.79584 2.36484 28.1779
    endloop
  endfacet
  facet normal 0.830585 0.297191 0.470963
    outer loop
      vertex 7.51659 3.11347 35.848
      vertex 7.13194 2.95415 36.6269
      vertex 7.78557 2.36173 35.848
    endloop
  endfacet
  facet normal 0.941543 0.336894 0
    outer loop
      vertex 8.60209 2.60942 32.4416
      vertex 8.3049 3.44 31.5584
      vertex 8.3049 3.44 32.4416
    endloop
  endfacet
  facet normal 0.941543 0.336894 0
    outer loop
      vertex 8.3049 3.44 31.5584
      vertex 8.60209 2.60942 32.4416
      vertex 8.60209 2.60942 31.5584
    endloop
  endfacet
  facet normal 0.984426 0.146027 -0.0978887
    outer loop
      vertex 8.94587 0.881091 31.5584
      vertex 8.73153 1.73681 30.6794
      vertex 8.81643 1.7537 31.5584
    endloop
  endfacet
  facet normal 0.865153 0.409186 -0.28996
    outer loop
      vertex 7.82886 3.24282 28.968
      vertex 7.47331 3.99457 28.968
      vertex 7.69942 4.11543 29.8132
    endloop
  endfacet
  facet normal 0.841284 0.504247 -0.194877
    outer loop
      vertex 7.85138 4.19665 30.6794
      vertex 7.25896 4.85028 29.8132
      vertex 7.40223 4.94601 30.6794
    endloop
  endfacet
  facet normal 0.899646 0.425503 -0.0978985
    outer loop
      vertex 8.22492 3.40687 30.6794
      vertex 7.85138 4.19665 30.6794
      vertex 7.92773 4.23746 31.5584
    endloop
  endfacet
  facet normal 0.993998 -0.0488339 -0.0978923
    outer loop
      vertex 8.94587 -0.881091 31.5584
      vertex 8.85972 -0.872605 30.6794
      vertex 8.90259 0 30.6794
    endloop
  endfacet
  facet normal 0.979646 0.0481284 -0.194877
    outer loop
      vertex 8.73028 0 29.8132
      vertex 8.68824 0.855717 29.8132
      vertex 8.90259 0 30.6794
    endloop
  endfacet
  facet normal -0.79258 0.475057 0.38228
    outer loop
      vertex -7.04579 4.70784 35.032
      vertex -7.47331 3.99457 35.032
      vertex -6.76476 4.52007 35.848
    endloop
  endfacet
  facet normal -0.896352 0.224525 0.382284
    outer loop
      vertex -7.78557 2.36173 35.848
      vertex -8.31107 1.65317 35.032
      vertex -7.97957 1.58724 35.848
    endloop
  endfacet
  facet normal -0.853608 0.511634 0.097898
    outer loop
      vertex -7.47421 4.99411 32.4416
      vertex -7.92773 4.23746 32.4416
      vertex -7.40223 4.94601 33.3206
    endloop
  endfacet
  facet normal -0.425501 0.899647 0.0978961
    outer loop
      vertex -3.44 8.3049 32.4416
      vertex -4.23746 7.92773 32.4416
      vertex -3.40687 8.22492 33.3206
    endloop
  endfacet
  facet normal -0.922934 0.0453332 0.382279
    outer loop
      vertex -8.09673 0.797458 35.848
      vertex -8.43309 0.830586 35.032
      vertex -8.1359 0 35.848
    endloop
  endfacet
  facet normal -0.764998 -0.113475 0.633957
    outer loop
      vertex -6.63645 -0.653633 38.044
      vertex -7.19406 -0.708552 37.3613
      vertex -7.08997 -1.41028 37.3613
    endloop
  endfacet
  facet normal -0.699916 -0.103819 0.706639
    outer loop
      vertex -6.01493 -0.592418 38.6686
      vertex -6.63645 -0.653633 38.044
      vertex -6.54043 -1.30097 38.044
    endloop
  endfacet
  facet normal -0.764999 -0.113473 0.633956
    outer loop
      vertex -6.63645 -0.653633 38.044
      vertex -7.08997 -1.41028 37.3613
      vertex -6.54043 -1.30097 38.044
    endloop
  endfacet
  facet normal -0.928358 0.232536 0.289963
    outer loop
      vertex -8.35436 2.53427 34.1868
      vertex -8.56253 1.70319 34.1868
      vertex -8.31107 1.65317 35.032
    endloop
  endfacet
  facet normal -0.955886 0.0469611 0.28996
    outer loop
      vertex -8.68824 0.855717 34.1868
      vertex -8.73028 0 34.1868
      vertex -8.43309 0.830586 35.032
    endloop
  endfacet
  facet normal -0.822785 0.122047 0.555094
    outer loop
      vertex -7.08997 1.41028 37.3613
      vertex -7.68239 0.756648 36.6269
      vertex -7.19406 0.708552 37.3613
    endloop
  endfacet
  facet normal -0.783167 0.280218 0.555093
    outer loop
      vertex -6.6786 2.76637 37.3613
      vertex -7.13194 2.95415 36.6269
      vertex -6.91759 2.09843 37.3613
    endloop
  endfacet
  facet normal -0.998795 0.0490731 0
    outer loop
      vertex -8.98916 0 31.5584
      vertex -8.94587 0.881091 32.4416
      vertex -8.94587 0.881091 31.5584
    endloop
  endfacet
  facet normal -0.998795 0.0490731 0
    outer loop
      vertex -8.94587 0.881091 32.4416
      vertex -8.98916 0 31.5584
      vertex -8.98916 0 32.4416
    endloop
  endfacet
  facet normal -0.94668 0.140426 0.28996
    outer loop
      vertex -8.56253 1.70319 34.1868
      vertex -8.68824 0.855717 34.1868
      vertex -8.43309 0.830586 35.032
    endloop
  endfacet
  facet normal -0.395078 0.835326 -0.382287
    outer loop
      vertex -3.81644 7.19597 28.1779
      vertex -3.99457 7.47331 28.968
      vertex -3.24282 7.82886 28.968
    endloop
  endfacet
  facet normal -0.395074 0.835329 -0.382286
    outer loop
      vertex -3.99457 7.47331 28.968
      vertex -3.81644 7.19597 28.1779
      vertex -3.84029 7.18469 28.1779
    endloop
  endfacet
  facet normal -0.511634 0.853608 -0.097898
    outer loop
      vertex -4.94601 7.40223 30.6794
      vertex -4.99411 7.47421 31.5584
      vertex -4.23746 7.92773 31.5584
    endloop
  endfacet
  facet normal -0.238317 0.951435 -0.194875
    outer loop
      vertex -2.53427 8.35436 29.8132
      vertex -2.58428 8.51925 30.6794
      vertex -1.70319 8.56253 29.8132
    endloop
  endfacet
  facet normal -0.841284 0.504247 0.194877
    outer loop
      vertex -7.40223 4.94601 33.3206
      vertex -7.85138 4.19665 33.3206
      vertex -7.25896 4.85028 34.1868
    endloop
  endfacet
  facet normal -0.941543 0.336894 0
    outer loop
      vertex -8.60209 2.60942 31.5584
      vertex -8.3049 3.44 32.4416
      vertex -8.3049 3.44 31.5584
    endloop
  endfacet
  facet normal -0.941543 0.336894 0
    outer loop
      vertex -8.3049 3.44 32.4416
      vertex -8.60209 2.60942 31.5584
      vertex -8.60209 2.60942 32.4416
    endloop
  endfacet
  facet normal -0.965373 0.241813 0.0978889
    outer loop
      vertex -8.51925 2.58428 33.3206
      vertex -8.81643 1.7537 32.4416
      vertex -8.73153 1.73681 33.3206
    endloop
  endfacet
  facet normal -0.970212 0.143914 0.194877
    outer loop
      vertex -8.73153 1.73681 33.3206
      vertex -8.85972 0.872605 33.3206
      vertex -8.68824 0.855717 34.1868
    endloop
  endfacet
  facet normal -0.914043 -0.135587 0.382285
    outer loop
      vertex -7.97957 -1.58724 35.848
      vertex -8.43309 -0.830586 35.032
      vertex -8.31107 -1.65317 35.032
    endloop
  endfacet
  facet normal -0.928358 -0.232536 0.289963
    outer loop
      vertex -8.31107 -1.65317 35.032
      vertex -8.56253 -1.70319 34.1868
      vertex -8.35436 -2.53427 34.1868
    endloop
  endfacet
  facet normal -0.93702 -0.335274 0.0978971
    outer loop
      vertex -8.51925 -2.58428 33.3206
      vertex -8.60209 -2.60942 32.4416
      vertex -8.22492 -3.40687 33.3206
    endloop
  endfacet
  facet normal -0.592416 -0.653631 0.470967
    outer loop
      vertex -5.45855 -5.45855 36.6269
      vertex -5.75295 -5.75295 35.848
      vertex -4.89723 -5.9673 36.6269
    endloop
  endfacet
  facet normal -0.923492 -0.330434 0.194874
    outer loop
      vertex -8.35436 -2.53427 34.1868
      vertex -8.51925 -2.58428 33.3206
      vertex -8.22492 -3.40687 33.3206
    endloop
  endfacet
  facet normal -0.642706 -0.709122 0.289958
    outer loop
      vertex -5.99195 -5.99195 35.032
      vertex -6.17324 -6.17324 34.1868
      vertex -5.37578 -6.55041 35.032
    endloop
  endfacet
  facet normal -0.668336 -0.73739 0.0978966
    outer loop
      vertex -5.64774 -6.88179 33.3206
      vertex -6.35629 -6.35629 32.4416
      vertex -5.70266 -6.94871 32.4416
    endloop
  endfacet
  facet normal -0.787807 -0.58428 0.194877
    outer loop
      vertex -7.25896 -4.85028 34.1868
      vertex -7.40223 -4.94601 33.3206
      vertex -6.88179 -5.64774 33.3206
    endloop
  endfacet
  facet normal -0.592839 -0.799348 0.0978984
    outer loop
      vertex -4.94601 -7.40223 33.3206
      vertex -5.64774 -6.88179 33.3206
      vertex -4.99411 -7.47421 32.4416
    endloop
  endfacet
  facet normal -0.658681 -0.726748 0.194875
    outer loop
      vertex -6.17324 -6.17324 34.1868
      vertex -6.29508 -6.29508 33.3206
      vertex -5.64774 -6.88179 33.3206
    endloop
  endfacet
  facet normal -0.0453378 -0.922931 -0.382286
    outer loop
      vertex -0.830586 -8.43309 28.968
      vertex -0.798509 -8.1074 28.1779
      vertex -0.213252 -8.13615 28.1779
    endloop
  endfacet
  facet normal -0.0453823 -0.922917 -0.382315
    outer loop
      vertex -0.830586 -8.43309 28.968
      vertex -0.213252 -8.13615 28.1779
      vertex -0.0263597 -8.14534 28.1779
    endloop
  endfacet
  facet normal -0.475057 -0.792577 -0.382286
    outer loop
      vertex -4.02343 -7.07492 28.1779
      vertex -3.99457 -7.47331 28.968
      vertex -4.50339 -6.78724 28.1779
    endloop
  endfacet
  facet normal -0.475054 -0.792578 -0.382287
    outer loop
      vertex -3.84029 -7.18469 28.1779
      vertex -3.99457 -7.47331 28.968
      vertex -4.02343 -7.07492 28.1779
    endloop
  endfacet
  facet normal -0.475209 -0.792481 -0.382296
    outer loop
      vertex -4.50339 -6.78724 28.1779
      vertex -4.70784 -7.04579 28.968
      vertex -4.52602 -6.77367 28.1779
    endloop
  endfacet
  facet normal -0.475055 -0.792577 -0.382288
    outer loop
      vertex -4.70784 -7.04579 28.968
      vertex -4.50339 -6.78724 28.1779
      vertex -3.99457 -7.47331 28.968
    endloop
  endfacet
  facet normal -0.419357 -0.886659 -0.194874
    outer loop
      vertex -3.40687 -8.22492 30.6794
      vertex -4.11543 -7.69942 29.8132
      vertex -3.34093 -8.06573 29.8132
    endloop
  endfacet
  facet normal -0.395074 -0.835329 -0.382286
    outer loop
      vertex -3.81644 -7.19597 28.1779
      vertex -3.99457 -7.47331 28.968
      vertex -3.84029 -7.18469 28.1779
    endloop
  endfacet
  facet normal -0.395078 -0.835326 -0.382287
    outer loop
      vertex -3.99457 -7.47331 28.968
      vertex -3.81644 -7.19597 28.1779
      vertex -3.24282 -7.82886 28.968
    endloop
  endfacet
  facet normal -0.311302 -0.870026 -0.382291
    outer loop
      vertex -2.91655 -7.59843 28.1779
      vertex -3.24282 -7.82886 28.968
      vertex -3.11758 -7.5265 28.1779
    endloop
  endfacet
  facet normal -0.31131 -0.870022 -0.382293
    outer loop
      vertex -3.24282 -7.82886 28.968
      vertex -2.91655 -7.59843 28.1779
      vertex -2.38969 -7.78695 28.1779
    endloop
  endfacet
  facet normal 0.684673 -0.620547 -0.382289
    outer loop
      vertex 5.99195 -5.99195 28.968
      vertex 5.77826 -5.74098 28.1779
      vertex 6.55041 -5.37578 28.968
    endloop
  endfacet
  facet normal 0.684816 -0.620395 -0.382279
    outer loop
      vertex 5.77826 -5.74098 28.1779
      vertex 5.99195 -5.99195 28.968
      vertex 5.76054 -5.76054 28.1779
    endloop
  endfacet
  facet normal 0.0481284 -0.979646 0.194877
    outer loop
      vertex 0 -8.73028 34.1868
      vertex 0 -8.90259 33.3206
      vertex 0.855717 -8.68824 34.1868
    endloop
  endfacet
  facet normal 0.0924288 -0.0330718 0.99517
    outer loop
      vertex 0.422593 -0.128192 40.9892
      vertex 0.407993 -0.168996 40.9892
      vertex 1.26371 -0.383342 40.9026
    endloop
  endfacet
  facet normal 0.273633 0.0979098 0.956838
    outer loop
      vertex 2.90145 0.880145 40.4739
      vertex 2.02036 0.83686 40.7303
      vertex 2.09266 0.6348 40.7303
    endloop
  endfacet
  facet normal -0.129059 -0.360691 0.923713
    outer loop
      vertex -0.880145 -2.90145 40.4739
      vertex -1.47256 -3.55508 40.1359
      vertex -1.11701 -3.6823 40.1359
    endloop
  endfacet
  facet normal -0.621181 -0.460686 0.633958
    outer loop
      vertex -5.5447 -3.70485 38.044
      vertex -6.01058 -4.01614 37.3613
      vertex -5.15487 -4.23049 38.044
    endloop
  endfacet
  facet normal 0.176555 -0.0835089 0.980742
    outer loop
      vertex 2.02036 -0.83686 40.7303
      vertex 1.16464 -0.622514 40.9026
      vertex 1.9286 -1.03086 40.7303
    endloop
  endfacet
  facet normal 0.373413 -0.411998 0.831156
    outer loop
      vertex 3.79101 -3.79101 39.2289
      vertex 2.93529 -3.57666 39.7196
      vertex 3.40117 -4.14434 39.2289
    endloop
  endfacet
  facet normal 0.446621 -0.331224 0.831156
    outer loop
      vertex 4.45775 -2.97857 39.2289
      vertex 3.57666 -2.93529 39.7196
      vertex 4.14434 -3.40117 39.2289
    endloop
  endfacet
  facet normal 0.524271 -0.475182 0.706642
    outer loop
      vertex 4.6721 -3.83429 38.6686
      vertex 4.27377 -4.27377 38.6686
      vertex 4.71538 -4.71538 38.044
    endloop
  endfacet
  facet normal 0.475053 -0.792581 0.382283
    outer loop
      vertex 4.52007 -6.76476 35.848
      vertex 3.83524 -7.17523 35.848
      vertex 3.99457 -7.47331 35.032
    endloop
  endfacet
  facet normal 0.103819 -0.699916 0.706639
    outer loop
      vertex 1.30097 -6.54043 38.044
      vertex 0.592418 -6.01493 38.6686
      vertex 0.653633 -6.63645 38.044
    endloop
  endfacet
  facet normal -0.35564 -0.751927 0.555092
    outer loop
      vertex -3.40766 -6.37529 37.3613
      vertex -3.63897 -6.80804 36.6269
      vertex -2.95415 -7.13194 36.6269
    endloop
  endfacet
  facet normal -0.797462 -0.377158 0.470962
    outer loop
      vertex -7.13194 -2.95415 36.6269
      vertex -7.51659 -3.11347 35.848
      vertex -7.17523 -3.83524 35.848
    endloop
  endfacet
  facet normal -0.737395 -0.668331 0.0978891
    outer loop
      vertex -6.29508 -6.29508 33.3206
      vertex -6.88179 -5.64774 33.3206
      vertex -6.35629 -6.35629 32.4416
    endloop
  endfacet
  facet normal -0.653627 -0.592418 0.47097
    outer loop
      vertex -5.9673 -4.89723 36.6269
      vertex -6.28914 -5.16136 35.848
      vertex -5.75295 -5.75295 35.848
    endloop
  endfacet
  facet normal 0.0347146 -0.70672 0.706641
    outer loop
      vertex 0 -6.04403 38.6686
      vertex 0 -6.66856 38.044
      vertex 0.592418 -6.01493 38.6686
    endloop
  endfacet
  facet normal -0.232536 -0.928358 0.289963
    outer loop
      vertex -1.65317 -8.31107 35.032
      vertex -2.53427 -8.35436 34.1868
      vertex -1.70319 -8.56253 34.1868
    endloop
  endfacet
  facet normal -0.550456 -0.7422 0.382279
    outer loop
      vertex -4.52007 -6.76476 35.848
      vertex -5.37578 -6.55041 35.032
      vertex -4.70784 -7.04579 35.032
    endloop
  endfacet
  facet normal -0.373413 -0.411998 0.831156
    outer loop
      vertex -2.93529 -3.57666 39.7196
      vertex -3.79101 -3.79101 39.2289
      vertex -3.40117 -4.14434 39.2289
    endloop
  endfacet
  facet normal -0.238321 -0.951433 0.194879
    outer loop
      vertex -1.70319 -8.56253 34.1868
      vertex -2.58428 -8.51925 33.3206
      vertex -1.73681 -8.73153 33.3206
    endloop
  endfacet
  facet normal 0.241813 -0.965373 0.0978889
    outer loop
      vertex 2.58428 -8.51925 33.3206
      vertex 1.73681 -8.73153 33.3206
      vertex 1.7537 -8.81643 32.4416
    endloop
  endfacet
  facet normal -0.146027 -0.984426 -0.0978887
    outer loop
      vertex -0.881091 -8.94587 31.5584
      vertex -1.7537 -8.81643 31.5584
      vertex -1.73681 -8.73153 30.6794
    endloop
  endfacet
  facet normal -0.241806 -0.965374 -0.097896
    outer loop
      vertex -1.7537 -8.81643 31.5584
      vertex -2.60942 -8.60209 31.5584
      vertex -2.58428 -8.51925 30.6794
    endloop
  endfacet
  facet normal 0.0490731 -0.998795 0
    outer loop
      vertex 0 -8.98916 31.5584
      vertex 0.881091 -8.94587 32.4416
      vertex 0 -8.98916 32.4416
    endloop
  endfacet
  facet normal 0.0490731 -0.998795 0
    outer loop
      vertex 0.881091 -8.94587 32.4416
      vertex 0 -8.98916 31.5584
      vertex 0.881091 -8.94587 31.5584
    endloop
  endfacet
  facet normal -0.0432832 -0.88109 0.470963
    outer loop
      vertex 0 -7.71956 36.6269
      vertex -0.756648 -7.68239 36.6269
      vertex 0 -8.1359 35.848
    endloop
  endfacet
  facet normal -0.595702 -0.803206 0
    outer loop
      vertex -5.70266 -6.94871 31.5584
      vertex -4.99411 -7.47421 32.4416
      vertex -5.70266 -6.94871 32.4416
    endloop
  endfacet
  facet normal -0.595702 -0.803206 -0
    outer loop
      vertex -4.99411 -7.47421 32.4416
      vertex -5.70266 -6.94871 31.5584
      vertex -4.99411 -7.47421 31.5584
    endloop
  endfacet
  facet normal 0.238317 -0.951435 -0.194875
    outer loop
      vertex 2.58428 -8.51925 30.6794
      vertex 1.70319 -8.56253 29.8132
      vertex 2.53427 -8.35436 29.8132
    endloop
  endfacet
  facet normal 0.642708 -0.709117 -0.289963
    outer loop
      vertex 5.53843 -6.7486 29.8132
      vertex 5.37578 -6.55041 28.968
      vertex 6.17324 -6.17324 29.8132
    endloop
  endfacet
  facet normal -0.0453473 -0.922931 -0.382284
    outer loop
      vertex -0.0263597 -8.14534 28.1779
      vertex 0 -8.4739 28.968
      vertex -0.830586 -8.43309 28.968
    endloop
  endfacet
  facet normal -0.045167 -0.922937 -0.382293
    outer loop
      vertex 0 -8.4739 28.968
      vertex -0.0263597 -8.14534 28.1779
      vertex 0 -8.14663 28.1779
    endloop
  endfacet
  facet normal 0.311256 -0.870046 -0.382283
    outer loop
      vertex 2.38969 -7.78695 28.1779
      vertex 2.45984 -8.10901 28.968
      vertex 2.36484 -7.79584 28.1779
    endloop
  endfacet
  facet normal 0.311297 -0.870032 -0.382281
    outer loop
      vertex 2.45984 -8.10901 28.968
      vertex 2.38969 -7.78695 28.1779
      vertex 3.24282 -7.82886 28.968
    endloop
  endfacet
  facet normal 0.31131 -0.870022 -0.382293
    outer loop
      vertex 3.24282 -7.82886 28.968
      vertex 2.38969 -7.78695 28.1779
      vertex 2.91655 -7.59843 28.1779
    endloop
  endfacet
  facet normal 0.311302 -0.870026 -0.382291
    outer loop
      vertex 3.11758 -7.5265 28.1779
      vertex 3.24282 -7.82886 28.968
      vertex 2.91655 -7.59843 28.1779
    endloop
  endfacet
  facet normal 0.129446 -0.872602 0.470967
    outer loop
      vertex 1.58724 -7.97957 35.848
      vertex 0.756648 -7.68239 36.6269
      vertex 0.797458 -8.09673 35.848
    endloop
  endfacet
  facet normal 0.232541 -0.928356 0.289967
    outer loop
      vertex 2.45984 -8.10901 35.032
      vertex 1.65317 -8.31107 35.032
      vertex 2.53427 -8.35436 34.1868
    endloop
  endfacet
  facet normal 0.592839 -0.799348 0.0978984
    outer loop
      vertex 5.64774 -6.88179 33.3206
      vertex 4.94601 -7.40223 33.3206
      vertex 4.99411 -7.47421 32.4416
    endloop
  endfacet
  facet normal 0.658681 -0.726748 0.194875
    outer loop
      vertex 6.17324 -6.17324 34.1868
      vertex 5.64774 -6.88179 33.3206
      vertex 6.29508 -6.29508 33.3206
    endloop
  endfacet
  facet normal 0.768704 -0.570102 -0.289963
    outer loop
      vertex 6.7486 -5.53843 29.8132
      vertex 6.55041 -5.37578 28.968
      vertex 7.25896 -4.85028 29.8132
    endloop
  endfacet
  facet normal 0.799348 -0.59284 -0.0978966
    outer loop
      vertex 6.94871 -5.70266 31.5584
      vertex 6.88179 -5.64774 30.6794
      vertex 7.47421 -4.99411 31.5584
    endloop
  endfacet
  facet normal -0.899647 0.425501 0.0978961
    outer loop
      vertex -7.92773 4.23746 32.4416
      vertex -8.3049 3.44 32.4416
      vertex -8.22492 3.40687 33.3206
    endloop
  endfacet
  facet normal -0.93702 -0.335274 -0.0978971
    outer loop
      vertex -8.22492 -3.40687 30.6794
      vertex -8.60209 -2.60942 31.5584
      vertex -8.51925 -2.58428 30.6794
    endloop
  endfacet
  facet normal -0.870022 -0.31131 -0.382293
    outer loop
      vertex -7.59843 -2.91655 28.1779
      vertex -7.82886 -3.24282 28.968
      vertex -7.78695 -2.38969 28.1779
    endloop
  endfacet
  facet normal -0.870026 -0.311302 -0.382291
    outer loop
      vertex -7.5265 -3.11758 28.1779
      vertex -7.82886 -3.24282 28.968
      vertex -7.59843 -2.91655 28.1779
    endloop
  endfacet
  facet normal -0.768701 0.57011 -0.289955
    outer loop
      vertex -7.04579 4.70784 28.968
      vertex -7.25896 4.85028 29.8132
      vertex -6.55041 5.37578 28.968
    endloop
  endfacet
  facet normal -0.989176 0.146731 0
    outer loop
      vertex -8.94587 0.881091 31.5584
      vertex -8.81643 1.7537 32.4416
      vertex -8.81643 1.7537 31.5584
    endloop
  endfacet
  facet normal -0.989176 0.146731 0
    outer loop
      vertex -8.81643 1.7537 32.4416
      vertex -8.94587 0.881091 31.5584
      vertex -8.94587 0.881091 32.4416
    endloop
  endfacet
  facet normal -0.914005 0.135823 -0.382291
    outer loop
      vertex -7.99397 1.56322 28.1779
      vertex -8.31107 1.65317 28.968
      vertex -7.99009 1.58933 28.1779
    endloop
  endfacet
  facet normal -0.914045 0.135587 -0.38228
    outer loop
      vertex -8.31107 1.65317 28.968
      vertex -7.99397 1.56322 28.1779
      vertex -8.43309 0.830586 28.968
    endloop
  endfacet
  facet normal -0.923492 0.330434 -0.194874
    outer loop
      vertex -8.35436 2.53427 29.8132
      vertex -8.51925 2.58428 30.6794
      vertex -8.22492 3.40687 30.6794
    endloop
  endfacet
  facet normal -0.94668 0.140426 -0.28996
    outer loop
      vertex -8.43309 0.830586 28.968
      vertex -8.68824 0.855717 29.8132
      vertex -8.56253 1.70319 29.8132
    endloop
  endfacet
  facet normal -0.993998 0.0488339 -0.0978923
    outer loop
      vertex -8.90259 0 30.6794
      vertex -8.94587 0.881091 31.5584
      vertex -8.85972 0.872605 30.6794
    endloop
  endfacet
  facet normal -0.202106 0.806863 0.55509
    outer loop
      vertex -1.50601 7.57123 36.6269
      vertex -2.24087 7.38716 36.6269
      vertex -1.41028 7.08997 37.3613
    endloop
  endfacet
  facet normal 0.202115 0.806855 0.555098
    outer loop
      vertex 2.24087 7.38716 36.6269
      vertex 1.41028 7.08997 37.3613
      vertex 2.09843 6.91759 37.3613
    endloop
  endfacet
  facet normal -0.322419 0.901093 0.28996
    outer loop
      vertex -2.53427 8.35436 34.1868
      vertex -3.34093 8.06573 34.1868
      vertex -3.24282 7.82886 35.032
    endloop
  endfacet
  facet normal -0.335274 0.93702 0.0978971
    outer loop
      vertex -2.60942 8.60209 32.4416
      vertex -3.40687 8.22492 33.3206
      vertex -2.58428 8.51925 33.3206
    endloop
  endfacet
  facet normal 0.492019 0.82088 -0.289955
    outer loop
      vertex 4.70784 7.04579 28.968
      vertex 3.99457 7.47331 28.968
      vertex 4.85028 7.25896 29.8132
    endloop
  endfacet
  facet normal 0.511634 0.853608 -0.0978985
    outer loop
      vertex 4.94601 7.40223 30.6794
      vertex 4.19665 7.85138 30.6794
      vertex 4.23746 7.92773 31.5584
    endloop
  endfacet
  facet normal 0.90399 0.427555 0
    outer loop
      vertex 8.3049 3.44 32.4416
      vertex 7.92773 4.23746 31.5584
      vertex 7.92773 4.23746 32.4416
    endloop
  endfacet
  facet normal 0.90399 0.427555 0
    outer loop
      vertex 7.92773 4.23746 31.5584
      vertex 8.3049 3.44 32.4416
      vertex 8.3049 3.44 31.5584
    endloop
  endfacet
  facet normal 0.737395 0.668331 0.0978891
    outer loop
      vertex 6.35629 6.35629 32.4416
      vertex 6.29508 6.29508 33.3206
      vertex 6.88179 5.64774 33.3206
    endloop
  endfacet
  facet normal 0.0469665 0.955887 -0.289955
    outer loop
      vertex 0.830586 8.43309 28.968
      vertex 0 8.4739 28.968
      vertex 0 8.73028 29.8132
    endloop
  endfacet
  facet normal 0.0490731 0.998795 -0
    outer loop
      vertex 0.881091 8.94587 31.5584
      vertex 0 8.98916 32.4416
      vertex 0.881091 8.94587 32.4416
    endloop
  endfacet
  facet normal 0.0490731 0.998795 0
    outer loop
      vertex 0 8.98916 32.4416
      vertex 0.881091 8.94587 31.5584
      vertex 0 8.98916 31.5584
    endloop
  endfacet
  facet normal 0.224534 0.896353 -0.382276
    outer loop
      vertex 1.65317 8.31107 28.968
      vertex 2.33924 7.80225 28.1779
      vertex 1.79644 7.93822 28.1779
    endloop
  endfacet
  facet normal 0.22449 0.89636 -0.382287
    outer loop
      vertex 1.58933 7.99009 28.1779
      vertex 1.65317 8.31107 28.968
      vertex 1.79644 7.93822 28.1779
    endloop
  endfacet
  facet normal 0.41936 0.886658 -0.194871
    outer loop
      vertex 4.11543 7.69942 29.8132
      vertex 3.40687 8.22492 30.6794
      vertex 4.19665 7.85138 30.6794
    endloop
  endfacet
  facet normal 0.135823 0.914005 -0.382291
    outer loop
      vertex 1.56322 7.99397 28.1779
      vertex 1.65317 8.31107 28.968
      vertex 1.58933 7.99009 28.1779
    endloop
  endfacet
  facet normal 0.135587 0.914045 -0.38228
    outer loop
      vertex 1.65317 8.31107 28.968
      vertex 1.56322 7.99397 28.1779
      vertex 0.830586 8.43309 28.968
    endloop
  endfacet
  facet normal -0.232536 0.928358 -0.289963
    outer loop
      vertex -1.65317 8.31107 28.968
      vertex -2.53427 8.35436 29.8132
      vertex -1.70319 8.56253 29.8132
    endloop
  endfacet
  facet normal -0.140426 0.94668 -0.28996
    outer loop
      vertex -0.830586 8.43309 28.968
      vertex -1.70319 8.56253 29.8132
      vertex -0.855717 8.68824 29.8132
    endloop
  endfacet
  facet normal 0.568326 -0.4215 0.706642
    outer loop
      vertex 5.02543 -3.35788 38.6686
      vertex 4.6721 -3.83429 38.6686
      vertex 5.15487 -4.23049 38.044
    endloop
  endfacet
  facet normal 0.955887 -0.0469665 0.289955
    outer loop
      vertex 8.4739 0 35.032
      vertex 8.43309 -0.830586 35.032
      vertex 8.73028 0 34.1868
    endloop
  endfacet
  facet normal 0.470389 -0.426345 0.772635
    outer loop
      vertex 4.6721 -3.83429 38.6686
      vertex 3.79101 -3.79101 39.2289
      vertex 4.27377 -4.27377 38.6686
    endloop
  endfacet
  facet normal 0.699113 -0.330666 0.633957
    outer loop
      vertex 6.16095 -2.55195 38.044
      vertex 5.88114 -3.14354 38.044
      vertex 6.37529 -3.40766 37.3613
    endloop
  endfacet
  facet normal 0.397595 -0.663339 0.633956
    outer loop
      vertex 3.70485 -5.5447 38.044
      vertex 3.14354 -5.88114 38.044
      vertex 3.40766 -6.37529 37.3613
    endloop
  endfacet
  facet normal 0.302534 -0.639634 0.706641
    outer loop
      vertex 3.14354 -5.88114 38.044
      vertex 2.31295 -5.58396 38.6686
      vertex 2.55195 -6.16095 38.044
    endloop
  endfacet
  facet normal 0.444217 -0.158941 0.881708
    outer loop
      vertex 4.42769 -1.34312 39.7196
      vertex 3.55508 -1.47256 40.1359
      vertex 4.27472 -1.77065 39.7196
    endloop
  endfacet
  facet normal 0.756643 -0.453513 0.470975
    outer loop
      vertex 6.80804 -3.63897 36.6269
      vertex 6.76476 -4.52007 35.848
      vertex 7.17523 -3.83524 35.848
    endloop
  endfacet
  facet normal 0.558597 -0.616318 0.555087
    outer loop
      vertex 5.45855 -5.45855 36.6269
      vertex 4.58595 -5.58799 37.3613
      vertex 4.89723 -5.9673 36.6269
    endloop
  endfacet
  facet normal 0.525501 -0.708545 0.47097
    outer loop
      vertex 4.89723 -5.9673 36.6269
      vertex 4.52007 -6.76476 35.848
      vertex 5.16136 -6.28914 35.848
    endloop
  endfacet
  facet normal 0.984426 -0.146027 -0.0978887
    outer loop
      vertex 8.81643 -1.7537 31.5584
      vertex 8.73153 -1.73681 30.6794
      vertex 8.94587 -0.881091 31.5584
    endloop
  endfacet
  facet normal 0.955886 0.0469611 0.28996
    outer loop
      vertex 8.68824 0.855717 34.1868
      vertex 8.43309 0.830586 35.032
      vertex 8.73028 0 34.1868
    endloop
  endfacet
  facet normal 0.896352 -0.224525 0.382284
    outer loop
      vertex 7.97957 -1.58724 35.848
      vertex 7.78557 -2.36173 35.848
      vertex 8.31107 -1.65317 35.032
    endloop
  endfacet
  facet normal 0.979646 -0.0481288 0.194877
    outer loop
      vertex 8.90259 0 33.3206
      vertex 8.68824 -0.855717 34.1868
      vertex 8.85972 -0.872605 33.3206
    endloop
  endfacet
  facet normal 0.653631 -0.592416 0.470967
    outer loop
      vertex 5.9673 -4.89723 36.6269
      vertex 5.45855 -5.45855 36.6269
      vertex 5.75295 -5.75295 35.848
    endloop
  endfacet
  facet normal 0.93702 -0.335274 0.0978971
    outer loop
      vertex 8.51925 -2.58428 33.3206
      vertex 8.22492 -3.40687 33.3206
      vertex 8.60209 -2.60942 32.4416
    endloop
  endfacet
  facet normal 0.79258 -0.475057 0.38228
    outer loop
      vertex 7.47331 -3.99457 35.032
      vertex 6.76476 -4.52007 35.848
      vertex 7.04579 -4.70784 35.032
    endloop
  endfacet
  facet normal 0.726745 -0.658686 0.19487
    outer loop
      vertex 6.7486 -5.53843 34.1868
      vertex 6.17324 -6.17324 34.1868
      vertex 6.88179 -5.64774 33.3206
    endloop
  endfacet
  facet normal 0.73739 -0.668336 0.0978966
    outer loop
      vertex 6.88179 -5.64774 33.3206
      vertex 6.35629 -6.35629 32.4416
      vertex 6.94871 -5.70266 32.4416
    endloop
  endfacet
  facet normal 0.668331 -0.737395 0.0978891
    outer loop
      vertex 6.29508 -6.29508 33.3206
      vertex 5.64774 -6.88179 33.3206
      vertex 6.35629 -6.35629 32.4416
    endloop
  endfacet
  facet normal 0.914043 -0.135588 -0.382285
    outer loop
      vertex 8.43309 -0.830586 28.968
      vertex 8.02142 -1.37813 28.1779
      vertex 8.1074 -0.798509 28.1779
    endloop
  endfacet
  facet normal 0.914039 -0.135558 -0.382304
    outer loop
      vertex 8.02142 -1.37813 28.1779
      vertex 8.43309 -0.830586 28.968
      vertex 7.99397 -1.56322 28.1779
    endloop
  endfacet
  facet normal 0.870026 -0.311302 -0.382291
    outer loop
      vertex 7.82886 -3.24282 28.968
      vertex 7.5265 -3.11758 28.1779
      vertex 7.59843 -2.91655 28.1779
    endloop
  endfacet
  facet normal 0.870022 -0.31131 -0.382293
    outer loop
      vertex 7.82886 -3.24282 28.968
      vertex 7.59843 -2.91655 28.1779
      vertex 7.78695 -2.38969 28.1779
    endloop
  endfacet
  facet normal 0.792578 -0.475054 -0.382287
    outer loop
      vertex 7.47331 -3.99457 28.968
      vertex 7.07492 -4.02343 28.1779
      vertex 7.18469 -3.84029 28.1779
    endloop
  endfacet
  facet normal 0.792577 -0.475057 -0.382286
    outer loop
      vertex 7.07492 -4.02343 28.1779
      vertex 7.47331 -3.99457 28.968
      vertex 6.78724 -4.50339 28.1779
    endloop
  endfacet
  facet normal 0.835324 -0.39508 -0.382291
    outer loop
      vertex 7.82886 -3.24282 28.968
      vertex 7.27597 -3.64728 28.1779
      vertex 7.5265 -3.11758 28.1779
    endloop
  endfacet
  facet normal 0.835329 -0.395048 -0.382311
    outer loop
      vertex 7.27597 -3.64728 28.1779
      vertex 7.82886 -3.24282 28.968
      vertex 7.19597 -3.81644 28.1779
    endloop
  endfacet
  facet normal 0.886659 -0.419357 0.194874
    outer loop
      vertex 8.06573 -3.34093 34.1868
      vertex 7.69942 -4.11543 34.1868
      vertex 8.22492 -3.40687 33.3206
    endloop
  endfacet
  facet normal 0.726745 -0.658686 -0.19487
    outer loop
      vertex 6.88179 -5.64774 30.6794
      vertex 6.17324 -6.17324 29.8132
      vertex 6.7486 -5.53843 29.8132
    endloop
  endfacet
  facet normal 0.257268 0.283842 0.923714
    outer loop
      vertex 2.72094 2.72094 40.1359
      vertex 1.92349 2.34377 40.4739
      vertex 2.14395 2.14395 40.4739
    endloop
  endfacet
  facet normal 0.550023 -0.0815819 0.831155
    outer loop
      vertex 4.60464 -0.453518 39.7196
      vertex 4.53802 -0.902668 39.7196
      vertex 5.25828 -1.04594 39.2289
    endloop
  endfacet
  facet normal 0.29027 -0.0142601 0.956838
    outer loop
      vertex 3.03201 0 40.4739
      vertex 2.17629 -0.214346 40.7303
      vertex 3.01741 -0.297189 40.4739
    endloop
  endfacet
  facet normal 0.426497 -0.20172 0.881708
    outer loop
      vertex 4.27472 -1.77065 39.7196
      vertex 3.55508 -1.47256 40.1359
      vertex 4.08058 -2.18112 39.7196
    endloop
  endfacet
  facet normal 0.466693 -0.0692221 0.881706
    outer loop
      vertex 4.60464 -0.453518 39.7196
      vertex 3.77406 -0.750707 40.1359
      vertex 4.53802 -0.902668 39.7196
    endloop
  endfacet
  facet normal 0.627973 -0.0931507 0.77264
    outer loop
      vertex 5.33548 -0.525498 39.2289
      vertex 5.25828 -1.04594 39.2289
      vertex 6.01493 -0.592418 38.6686
    endloop
  endfacet
  facet normal 0.0971056 0.0144001 0.99517
    outer loop
      vertex 1.2952 0.25763 40.9026
      vertex 0.433124 0.086153 40.9892
      vertex 1.31421 0.129438 40.9026
    endloop
  endfacet
  facet normal 0.0980494 0.00481771 0.99517
    outer loop
      vertex 1.31421 0.129438 40.9026
      vertex 0.441608 0 40.9892
      vertex 1.32057 0 40.9026
    endloop
  endfacet
  facet normal 0.100403 0.167525 0.980742
    outer loop
      vertex 1.21493 1.81828 40.7303
      vertex 0.622514 1.16464 40.9026
      vertex 0.733671 1.09802 40.9026
    endloop
  endfacet
  facet normal 0.28191 0.070617 0.956838
    outer loop
      vertex 2.90145 0.880145 40.4739
      vertex 2.1448 0.426627 40.7303
      vertex 2.97375 0.591516 40.4739
    endloop
  endfacet
  facet normal 0.116346 0.156873 0.980742
    outer loop
      vertex 1.21493 1.81828 40.7303
      vertex 0.733671 1.09802 40.9026
      vertex 1.3873 1.69044 40.7303
    endloop
  endfacet
  facet normal 0.070617 -0.28191 0.956838
    outer loop
      vertex 0.880145 -2.90145 40.4739
      vertex 0.426627 -2.1448 40.7303
      vertex 0.591516 -2.97375 40.4739
    endloop
  endfacet
  facet normal 0.0311431 0.63408 0.77264
    outer loop
      vertex 0.592418 6.01493 38.6686
      vertex 0 5.36129 39.2289
      vertex 0.525498 5.33548 39.2289
    endloop
  endfacet
  facet normal -0.213873 0.597733 0.772641
    outer loop
      vertex -1.5563 5.13044 39.2289
      vertex -2.31295 5.58396 38.6686
      vertex -2.05168 4.95319 39.2289
    endloop
  endfacet
  facet normal -0.195073 -0.00958318 0.980742
    outer loop
      vertex -1.32057 0 40.9026
      vertex -2.18682 0 40.7303
      vertex -2.17629 -0.214346 40.7303
    endloop
  endfacet
  facet normal -0.195072 -0.00958498 0.980742
    outer loop
      vertex -1.32057 0 40.9026
      vertex -2.17629 -0.214346 40.7303
      vertex -1.31421 -0.129438 40.9026
    endloop
  endfacet
  facet normal -0.544517 0.326382 0.772642
    outer loop
      vertex -4.45775 2.97857 39.2289
      vertex -5.02543 3.35788 38.6686
      vertex -4.72824 2.5273 39.2289
    endloop
  endfacet
  facet normal -0.806863 0.202106 0.55509
    outer loop
      vertex -7.38716 2.24087 36.6269
      vertex -7.57123 1.50601 36.6269
      vertex -7.08997 1.41028 37.3613
    endloop
  endfacet
  facet normal -0.195073 0.00958318 0.980742
    outer loop
      vertex -2.17629 0.214346 40.7303
      vertex -2.18682 0 40.7303
      vertex -1.32057 0 40.9026
    endloop
  endfacet
  facet normal -0.426345 0.470389 0.772635
    outer loop
      vertex -3.83429 4.6721 38.6686
      vertex -4.27377 4.27377 38.6686
      vertex -3.79101 3.79101 39.2289
    endloop
  endfacet
  facet normal -0.302534 0.639634 0.706641
    outer loop
      vertex -2.55195 6.16095 38.044
      vertex -3.14354 5.88114 38.044
      vertex -2.31295 5.58396 38.6686
    endloop
  endfacet
  facet normal -0.634079 0.0311464 0.772641
    outer loop
      vertex -6.01493 0.592418 38.6686
      vertex -6.04403 0 38.6686
      vertex -5.36129 0 39.2289
    endloop
  endfacet
  facet normal -0.751927 0.355638 0.555093
    outer loop
      vertex -6.37529 3.40766 37.3613
      vertex -7.13194 2.95415 36.6269
      vertex -6.6786 2.76637 37.3613
    endloop
  endfacet
  facet normal 0.140428 0.946679 0.289962
    outer loop
      vertex 1.70319 8.56253 34.1868
      vertex 0.830586 8.43309 35.032
      vertex 1.65317 8.31107 35.032
    endloop
  endfacet
  facet normal 0.642706 0.709122 0.289958
    outer loop
      vertex 6.17324 6.17324 34.1868
      vertex 5.37578 6.55041 35.032
      vertex 5.99195 5.99195 35.032
    endloop
  endfacet
  facet normal 0.570102 0.768704 0.289963
    outer loop
      vertex 5.53843 6.7486 34.1868
      vertex 4.85028 7.25896 34.1868
      vertex 5.37578 6.55041 35.032
    endloop
  endfacet
  facet normal 0.0488339 0.993998 0.0978923
    outer loop
      vertex 0.881091 8.94587 32.4416
      vertex 0 8.90259 33.3206
      vertex 0.872605 8.85972 33.3206
    endloop
  endfacet
  facet normal 0.0311464 0.634079 0.772641
    outer loop
      vertex 0 6.04403 38.6686
      vertex 0 5.36129 39.2289
      vertex 0.592418 6.01493 38.6686
    endloop
  endfacet
  facet normal 0.397591 0.663339 0.633957
    outer loop
      vertex 4.01614 6.01058 37.3613
      vertex 3.40766 6.37529 37.3613
      vertex 3.70485 5.5447 38.044
    endloop
  endfacet
  facet normal -0.627973 0.0931505 0.77264
    outer loop
      vertex -5.9279 1.17913 38.6686
      vertex -6.01493 0.592418 38.6686
      vertex -5.25828 1.04594 39.2289
    endloop
  endfacet
  facet normal -0.378175 0.50991 0.772642
    outer loop
      vertex -3.35788 5.02543 38.6686
      vertex -3.83429 4.6721 38.6686
      vertex -2.97857 4.45775 39.2289
    endloop
  endfacet
  facet normal 0.699113 0.330666 0.633957
    outer loop
      vertex 6.37529 3.40766 37.3613
      vertex 5.88114 3.14354 38.044
      vertex 6.16095 2.55195 38.044
    endloop
  endfacet
  facet normal 0.713449 0.427626 0.555092
    outer loop
      vertex 6.80804 3.63897 36.6269
      vertex 6.01058 4.01614 37.3613
      vertex 6.37529 3.40766 37.3613
    endloop
  endfacet
  facet normal 0.37717 0.797449 0.470975
    outer loop
      vertex 3.83524 7.17523 35.848
      vertex 2.95415 7.13194 36.6269
      vertex 3.63897 6.80804 36.6269
    endloop
  endfacet
  facet normal 0.378175 0.50991 0.772642
    outer loop
      vertex 3.35788 5.02543 38.6686
      vertex 2.97857 4.45775 39.2289
      vertex 3.83429 4.6721 38.6686
    endloop
  endfacet
  facet normal 0.666218 0.238367 0.706637
    outer loop
      vertex 6.16095 2.55195 38.044
      vertex 5.78378 1.75449 38.6686
      vertex 6.38141 1.93578 38.044
    endloop
  endfacet
  facet normal 0.806863 -0.202106 0.55509
    outer loop
      vertex 7.57123 -1.50601 36.6269
      vertex 7.08997 -1.41028 37.3613
      vertex 7.38716 -2.24087 36.6269
    endloop
  endfacet
  facet normal 0.922928 0.0453472 0.382291
    outer loop
      vertex 8.43309 0.830586 35.032
      vertex 8.1359 0 35.848
      vertex 8.4739 0 35.032
    endloop
  endfacet
  facet normal 0.841284 0.504247 0.194877
    outer loop
      vertex 7.40223 4.94601 33.3206
      vertex 7.25896 4.85028 34.1868
      vertex 7.85138 4.19665 33.3206
    endloop
  endfacet
  facet normal 0.525501 0.708545 0.47097
    outer loop
      vertex 5.16136 6.28914 35.848
      vertex 4.52007 6.76476 35.848
      vertex 4.89723 5.9673 36.6269
    endloop
  endfacet
  facet normal 0.653631 0.592416 0.470967
    outer loop
      vertex 5.75295 5.75295 35.848
      vertex 5.45855 5.45855 36.6269
      vertex 5.9673 4.89723 36.6269
    endloop
  endfacet
  facet normal 0.328581 0.196945 0.923714
    outer loop
      vertex 3.19949 2.13783 40.1359
      vertex 2.52102 1.68449 40.4739
      vertex 3.39363 1.81393 40.1359
    endloop
  endfacet
  facet normal 0.728164 0.26053 0.633957
    outer loop
      vertex 6.91759 2.09843 37.3613
      vertex 6.16095 2.55195 38.044
      vertex 6.38141 1.93578 38.044
    endloop
  endfacet
  facet normal 0.592418 0.653627 0.47097
    outer loop
      vertex 5.16136 6.28914 35.848
      vertex 4.89723 5.9673 36.6269
      vertex 5.75295 5.75295 35.848
    endloop
  endfacet
  facet normal 0.550458 0.742196 0.382283
    outer loop
      vertex 5.37578 6.55041 35.032
      vertex 4.52007 6.76476 35.848
      vertex 5.16136 6.28914 35.848
    endloop
  endfacet
  facet normal 0.519366 0.573025 0.633957
    outer loop
      vertex 4.58595 5.58799 37.3613
      vertex 4.23049 5.15487 38.044
      vertex 5.11158 5.11158 37.3613
    endloop
  endfacet
  facet normal 0.50991 0.378175 0.772642
    outer loop
      vertex 4.6721 3.83429 38.6686
      vertex 4.45775 2.97857 39.2289
      vertex 5.02543 3.35788 38.6686
    endloop
  endfacet
  facet normal 0.592839 0.799348 0.0978984
    outer loop
      vertex 4.99411 7.47421 32.4416
      vertex 4.94601 7.40223 33.3206
      vertex 5.64774 6.88179 33.3206
    endloop
  endfacet
  facet normal 0.504247 0.841284 -0.194877
    outer loop
      vertex 4.85028 7.25896 29.8132
      vertex 4.19665 7.85138 30.6794
      vertex 4.94601 7.40223 30.6794
    endloop
  endfacet
  facet normal 0.901093 0.322419 0.28996
    outer loop
      vertex 8.06573 3.34093 34.1868
      vertex 7.82886 3.24282 35.032
      vertex 8.35436 2.53427 34.1868
    endloop
  endfacet
  facet normal 0.946679 0.140428 0.289962
    outer loop
      vertex 8.56253 1.70319 34.1868
      vertex 8.31107 1.65317 35.032
      vertex 8.43309 0.830586 35.032
    endloop
  endfacet
  facet normal 0.787813 0.584274 0.194869
    outer loop
      vertex 6.88179 5.64774 33.3206
      vertex 6.7486 5.53843 34.1868
      vertex 7.25896 4.85028 34.1868
    endloop
  endfacet
  facet normal 0.787807 0.58428 0.194877
    outer loop
      vertex 7.40223 4.94601 33.3206
      vertex 6.88179 5.64774 33.3206
      vertex 7.25896 4.85028 34.1868
    endloop
  endfacet
  facet normal 0.928358 -0.232536 -0.289963
    outer loop
      vertex 8.35436 -2.53427 29.8132
      vertex 8.31107 -1.65317 28.968
      vertex 8.56253 -1.70319 29.8132
    endloop
  endfacet
  facet normal 0.979646 0.0481288 -0.194877
    outer loop
      vertex 8.90259 0 30.6794
      vertex 8.68824 0.855717 29.8132
      vertex 8.85972 0.872605 30.6794
    endloop
  endfacet
  facet normal 0.922931 0.0453378 -0.382286
    outer loop
      vertex 8.43309 0.830586 28.968
      vertex 8.13615 0.213252 28.1779
      vertex 8.1074 0.798509 28.1779
    endloop
  endfacet
  facet normal 0.922917 0.0453823 -0.382315
    outer loop
      vertex 8.13615 0.213252 28.1779
      vertex 8.43309 0.830586 28.968
      vertex 8.14534 0.0263597 28.1779
    endloop
  endfacet
  facet normal 0.922931 0.0453473 -0.382284
    outer loop
      vertex 8.4739 0 28.968
      vertex 8.14534 0.0263597 28.1779
      vertex 8.43309 0.830586 28.968
    endloop
  endfacet
  facet normal 0.922937 0.045167 -0.382293
    outer loop
      vertex 8.14534 0.0263597 28.1779
      vertex 8.4739 0 28.968
      vertex 8.14663 0 28.1779
    endloop
  endfacet
  facet normal 0.922937 -0.045167 -0.382293
    outer loop
      vertex 8.4739 0 28.968
      vertex 8.14534 -0.0263597 28.1779
      vertex 8.14663 0 28.1779
    endloop
  endfacet
  facet normal 0.922931 -0.0453473 -0.382284
    outer loop
      vertex 8.14534 -0.0263597 28.1779
      vertex 8.4739 0 28.968
      vertex 8.43309 -0.830586 28.968
    endloop
  endfacet
  facet normal 0.955886 -0.0469611 -0.28996
    outer loop
      vertex 8.68824 -0.855717 29.8132
      vertex 8.43309 -0.830586 28.968
      vertex 8.73028 0 29.8132
    endloop
  endfacet
  facet normal 0.979646 -0.0481288 -0.194877
    outer loop
      vertex 8.85972 -0.872605 30.6794
      vertex 8.68824 -0.855717 29.8132
      vertex 8.90259 0 30.6794
    endloop
  endfacet
  facet normal 0.870026 0.311302 -0.382291
    outer loop
      vertex 7.82886 3.24282 28.968
      vertex 7.59843 2.91655 28.1779
      vertex 7.5265 3.11758 28.1779
    endloop
  endfacet
  facet normal 0.870022 0.31131 -0.382293
    outer loop
      vertex 7.59843 2.91655 28.1779
      vertex 7.82886 3.24282 28.968
      vertex 7.78695 2.38969 28.1779
    endloop
  endfacet
  facet normal 0.989176 0.146731 0
    outer loop
      vertex 8.94587 0.881091 32.4416
      vertex 8.81643 1.7537 31.5584
      vertex 8.81643 1.7537 32.4416
    endloop
  endfacet
  facet normal 0.989176 0.146731 0
    outer loop
      vertex 8.81643 1.7537 31.5584
      vertex 8.94587 0.881091 32.4416
      vertex 8.94587 0.881091 31.5584
    endloop
  endfacet
  facet normal 0.742197 0.550453 -0.38229
    outer loop
      vertex 7.04579 4.70784 28.968
      vertex 6.75795 4.54722 28.1779
      vertex 6.55041 5.37578 28.968
    endloop
  endfacet
  facet normal 0.742247 0.550383 -0.382294
    outer loop
      vertex 6.75795 4.54722 28.1779
      vertex 7.04579 4.70784 28.968
      vertex 6.77367 4.52602 28.1779
    endloop
  endfacet
  facet normal 0.768704 0.570102 -0.289963
    outer loop
      vertex 7.25896 4.85028 29.8132
      vertex 6.55041 5.37578 28.968
      vertex 6.7486 5.53843 29.8132
    endloop
  endfacet
  facet normal 0.886658 0.41936 -0.194871
    outer loop
      vertex 8.22492 3.40687 30.6794
      vertex 7.69942 4.11543 29.8132
      vertex 7.85138 4.19665 30.6794
    endloop
  endfacet
  facet normal 0.886659 0.419357 -0.194874
    outer loop
      vertex 8.06573 3.34093 29.8132
      vertex 7.69942 4.11543 29.8132
      vertex 8.22492 3.40687 30.6794
    endloop
  endfacet
  facet normal 0.965373 0.241813 -0.0978889
    outer loop
      vertex 8.73153 1.73681 30.6794
      vertex 8.51925 2.58428 30.6794
      vertex 8.81643 1.7537 31.5584
    endloop
  endfacet
  facet normal 0.820876 0.492023 -0.28996
    outer loop
      vertex 7.47331 3.99457 28.968
      vertex 7.25896 4.85028 29.8132
      vertex 7.69942 4.11543 29.8132
    endloop
  endfacet
  facet normal 0.841281 0.504254 -0.19487
    outer loop
      vertex 7.69942 4.11543 29.8132
      vertex 7.25896 4.85028 29.8132
      vertex 7.85138 4.19665 30.6794
    endloop
  endfacet
  facet normal 0.946679 0.140428 -0.289962
    outer loop
      vertex 8.43309 0.830586 28.968
      vertex 8.31107 1.65317 28.968
      vertex 8.56253 1.70319 29.8132
    endloop
  endfacet
  facet normal -0.453508 0.75665 0.470969
    outer loop
      vertex -3.63897 6.80804 36.6269
      vertex -4.52007 6.76476 35.848
      vertex -4.28876 6.41858 36.6269
    endloop
  endfacet
  facet normal -0.642708 0.709117 0.289963
    outer loop
      vertex -5.53843 6.7486 34.1868
      vertex -6.17324 6.17324 34.1868
      vertex -5.37578 6.55041 35.032
    endloop
  endfacet
  facet normal -0.901093 0.322419 0.28996
    outer loop
      vertex -8.06573 3.34093 34.1868
      vertex -8.35436 2.53427 34.1868
      vertex -7.82886 3.24282 35.032
    endloop
  endfacet
  facet normal -0.865153 0.409186 0.28996
    outer loop
      vertex -7.69942 4.11543 34.1868
      vertex -7.82886 3.24282 35.032
      vertex -7.47331 3.99457 35.032
    endloop
  endfacet
  facet normal -0.792577 0.475057 -0.382286
    outer loop
      vertex -7.07492 4.02343 28.1779
      vertex -7.47331 3.99457 28.968
      vertex -6.78724 4.50339 28.1779
    endloop
  endfacet
  facet normal -0.792578 0.475054 -0.382287
    outer loop
      vertex -7.18469 3.84029 28.1779
      vertex -7.47331 3.99457 28.968
      vertex -7.07492 4.02343 28.1779
    endloop
  endfacet
  facet normal -0.709117 0.642708 0.289963
    outer loop
      vertex -6.17324 6.17324 34.1868
      vertex -6.7486 5.53843 34.1868
      vertex -6.55041 5.37578 35.032
    endloop
  endfacet
  facet normal -0.726745 0.658686 0.19487
    outer loop
      vertex -6.17324 6.17324 34.1868
      vertex -6.88179 5.64774 33.3206
      vertex -6.7486 5.53843 34.1868
    endloop
  endfacet
  facet normal -0.870031 -0.311297 0.382284
    outer loop
      vertex -7.78557 -2.36173 35.848
      vertex -8.10901 -2.45984 35.032
      vertex -7.82886 -3.24282 35.032
    endloop
  endfacet
  facet normal -0.872602 -0.129446 0.470967
    outer loop
      vertex -7.68239 -0.756648 36.6269
      vertex -8.09673 -0.797458 35.848
      vertex -7.97957 -1.58724 35.848
    endloop
  endfacet
  facet normal -0.822787 0.122052 0.55509
    outer loop
      vertex -7.57123 1.50601 36.6269
      vertex -7.68239 0.756648 36.6269
      vertex -7.08997 1.41028 37.3613
    endloop
  endfacet
  facet normal -0.881088 0.0432778 0.470967
    outer loop
      vertex -8.09673 0.797458 35.848
      vertex -8.1359 0 35.848
      vertex -7.68239 0.756648 36.6269
    endloop
  endfacet
  facet normal -0.728165 -0.260539 0.633952
    outer loop
      vertex -6.16095 -2.55195 38.044
      vertex -6.91759 -2.09843 37.3613
      vertex -6.6786 -2.76637 37.3613
    endloop
  endfacet
  facet normal -0.699914 -0.103822 0.706641
    outer loop
      vertex -6.01493 -0.592418 38.6686
      vertex -6.54043 -1.30097 38.044
      vertex -5.9279 -1.17913 38.6686
    endloop
  endfacet
  facet normal -0.946679 0.140428 0.289962
    outer loop
      vertex -8.31107 1.65317 35.032
      vertex -8.56253 1.70319 34.1868
      vertex -8.43309 0.830586 35.032
    endloop
  endfacet
  facet normal -0.922928 0.0453472 0.382291
    outer loop
      vertex -8.43309 0.830586 35.032
      vertex -8.4739 0 35.032
      vertex -8.1359 0 35.848
    endloop
  endfacet
  facet normal -0.855717 0.214346 0.470962
    outer loop
      vertex -7.78557 2.36173 35.848
      vertex -7.97957 1.58724 35.848
      vertex -7.38716 2.24087 36.6269
    endloop
  endfacet
  facet normal -0.914043 0.135587 0.382285
    outer loop
      vertex -8.31107 1.65317 35.032
      vertex -8.43309 0.830586 35.032
      vertex -7.97957 1.58724 35.848
    endloop
  endfacet
  facet normal -0.970211 0.143916 0.194879
    outer loop
      vertex -8.56253 1.70319 34.1868
      vertex -8.73153 1.73681 33.3206
      vertex -8.68824 0.855717 34.1868
    endloop
  endfacet
  facet normal -0.993998 0.0488374 0.0978958
    outer loop
      vertex -8.94587 0.881091 32.4416
      vertex -8.98916 0 32.4416
      vertex -8.90259 0 33.3206
    endloop
  endfacet
  facet normal -0.742197 0.550453 -0.38229
    outer loop
      vertex -6.75795 4.54722 28.1779
      vertex -7.04579 4.70784 28.968
      vertex -6.55041 5.37578 28.968
    endloop
  endfacet
  facet normal -0.742247 0.550383 -0.382294
    outer loop
      vertex -7.04579 4.70784 28.968
      vertex -6.75795 4.54722 28.1779
      vertex -6.77367 4.52602 28.1779
    endloop
  endfacet
  facet normal -0.93702 0.335274 -0.0978971
    outer loop
      vertex -8.51925 2.58428 30.6794
      vertex -8.60209 2.60942 31.5584
      vertex -8.22492 3.40687 30.6794
    endloop
  endfacet
  facet normal -0.928356 0.232541 -0.289967
    outer loop
      vertex -8.31107 1.65317 28.968
      vertex -8.35436 2.53427 29.8132
      vertex -8.10901 2.45984 28.968
    endloop
  endfacet
  facet normal -0.592839 0.799348 0.0978984
    outer loop
      vertex -4.99411 7.47421 32.4416
      vertex -5.64774 6.88179 33.3206
      vertex -4.94601 7.40223 33.3206
    endloop
  endfacet
  facet normal -0.311256 0.870046 -0.382283
    outer loop
      vertex -2.38969 7.78695 28.1779
      vertex -2.45984 8.10901 28.968
      vertex -2.36484 7.79584 28.1779
    endloop
  endfacet
  facet normal -0.311297 0.870032 -0.382281
    outer loop
      vertex -2.45984 8.10901 28.968
      vertex -2.38969 7.78695 28.1779
      vertex -3.24282 7.82886 28.968
    endloop
  endfacet
  facet normal -0.238321 0.951433 -0.194879
    outer loop
      vertex -1.70319 8.56253 29.8132
      vertex -2.58428 8.51925 30.6794
      vertex -1.73681 8.73153 30.6794
    endloop
  endfacet
  facet normal -0.830585 -0.297191 0.470963
    outer loop
      vertex -7.13194 -2.95415 36.6269
      vertex -7.78557 -2.36173 35.848
      vertex -7.51659 -3.11347 35.848
    endloop
  endfacet
  facet normal -0.984426 -0.146023 0.0978924
    outer loop
      vertex -8.85972 -0.872605 33.3206
      vertex -8.94587 -0.881091 32.4416
      vertex -8.73153 -1.73681 33.3206
    endloop
  endfacet
  facet normal -0.955887 -0.0469665 0.289955
    outer loop
      vertex -8.4739 0 35.032
      vertex -8.73028 0 34.1868
      vertex -8.43309 -0.830586 35.032
    endloop
  endfacet
  facet normal -0.88109 0.0432832 0.470963
    outer loop
      vertex -7.68239 0.756648 36.6269
      vertex -8.1359 0 35.848
      vertex -7.71956 0 36.6269
    endloop
  endfacet
  facet normal -0.853608 -0.511634 0.097898
    outer loop
      vertex -7.40223 -4.94601 33.3206
      vertex -7.92773 -4.23746 32.4416
      vertex -7.47421 -4.99411 32.4416
    endloop
  endfacet
  facet normal -0.899647 -0.425501 0.0978961
    outer loop
      vertex -8.22492 -3.40687 33.3206
      vertex -8.3049 -3.44 32.4416
      vertex -7.92773 -4.23746 32.4416
    endloop
  endfacet
  facet normal -0.899646 -0.425503 0.0978985
    outer loop
      vertex -7.85138 -4.19665 33.3206
      vertex -8.22492 -3.40687 33.3206
      vertex -7.92773 -4.23746 32.4416
    endloop
  endfacet
  facet normal -0.886658 -0.41936 0.194871
    outer loop
      vertex -7.69942 -4.11543 34.1868
      vertex -8.22492 -3.40687 33.3206
      vertex -7.85138 -4.19665 33.3206
    endloop
  endfacet
  facet normal -0.59284 -0.799348 -0.0978966
    outer loop
      vertex -4.99411 -7.47421 31.5584
      vertex -5.70266 -6.94871 31.5584
      vertex -5.64774 -6.88179 30.6794
    endloop
  endfacet
  facet normal -0.787813 -0.584274 -0.194869
    outer loop
      vertex -6.88179 -5.64774 30.6794
      vertex -7.25896 -4.85028 29.8132
      vertex -6.7486 -5.53843 29.8132
    endloop
  endfacet
  facet normal -0.726748 -0.658681 -0.194875
    outer loop
      vertex -6.29508 -6.29508 30.6794
      vertex -6.88179 -5.64774 30.6794
      vertex -6.17324 -6.17324 29.8132
    endloop
  endfacet
  facet normal -0.232536 -0.928358 -0.289963
    outer loop
      vertex -1.70319 -8.56253 29.8132
      vertex -2.53427 -8.35436 29.8132
      vertex -1.65317 -8.31107 28.968
    endloop
  endfacet
  facet normal -0.409186 -0.865153 0.28996
    outer loop
      vertex -3.99457 -7.47331 35.032
      vertex -4.11543 -7.69942 34.1868
      vertex -3.24282 -7.82886 35.032
    endloop
  endfacet
  facet normal -0.492019 -0.82088 0.289955
    outer loop
      vertex -4.70784 -7.04579 35.032
      vertex -4.85028 -7.25896 34.1868
      vertex -3.99457 -7.47331 35.032
    endloop
  endfacet
  facet normal -0.475182 -0.524271 0.706642
    outer loop
      vertex -4.27377 -4.27377 38.6686
      vertex -4.71538 -4.71538 38.044
      vertex -3.83429 -4.6721 38.6686
    endloop
  endfacet
  facet normal 0.135587 -0.914045 -0.38228
    outer loop
      vertex 1.56322 -7.99397 28.1779
      vertex 1.65317 -8.31107 28.968
      vertex 0.830586 -8.43309 28.968
    endloop
  endfacet
  facet normal 0.135823 -0.914005 -0.382291
    outer loop
      vertex 1.65317 -8.31107 28.968
      vertex 1.56322 -7.99397 28.1779
      vertex 1.58933 -7.99009 28.1779
    endloop
  endfacet
  facet normal -0.135823 -0.914005 -0.382291
    outer loop
      vertex -1.56322 -7.99397 28.1779
      vertex -1.65317 -8.31107 28.968
      vertex -1.58933 -7.99009 28.1779
    endloop
  endfacet
  facet normal -0.135587 -0.914045 -0.38228
    outer loop
      vertex -1.65317 -8.31107 28.968
      vertex -1.56322 -7.99397 28.1779
      vertex -0.830586 -8.43309 28.968
    endloop
  endfacet
  facet normal 0.0453823 -0.922917 -0.382315
    outer loop
      vertex 0.213252 -8.13615 28.1779
      vertex 0.830586 -8.43309 28.968
      vertex 0.0263597 -8.14534 28.1779
    endloop
  endfacet
  facet normal 0.0453378 -0.922931 -0.382286
    outer loop
      vertex 0.798509 -8.1074 28.1779
      vertex 0.830586 -8.43309 28.968
      vertex 0.213252 -8.13615 28.1779
    endloop
  endfacet
  facet normal -0.504254 -0.841281 -0.19487
    outer loop
      vertex -4.19665 -7.85138 30.6794
      vertex -4.85028 -7.25896 29.8132
      vertex -4.11543 -7.69942 29.8132
    endloop
  endfacet
  facet normal -0.41936 -0.886658 -0.194871
    outer loop
      vertex -3.40687 -8.22492 30.6794
      vertex -4.19665 -7.85138 30.6794
      vertex -4.11543 -7.69942 29.8132
    endloop
  endfacet
  facet normal -0.592839 -0.799348 -0.0978984
    outer loop
      vertex -4.99411 -7.47421 31.5584
      vertex -5.64774 -6.88179 30.6794
      vertex -4.94601 -7.40223 30.6794
    endloop
  endfacet
  facet normal -0.584274 -0.787813 -0.194869
    outer loop
      vertex -4.85028 -7.25896 29.8132
      vertex -5.64774 -6.88179 30.6794
      vertex -5.53843 -6.7486 29.8132
    endloop
  endfacet
  facet normal -0.511634 -0.853608 0.097898
    outer loop
      vertex -4.94601 -7.40223 33.3206
      vertex -4.99411 -7.47421 32.4416
      vertex -4.23746 -7.92773 32.4416
    endloop
  endfacet
  facet normal -0.238317 -0.951435 -0.194875
    outer loop
      vertex -1.70319 -8.56253 29.8132
      vertex -2.58428 -8.51925 30.6794
      vertex -2.53427 -8.35436 29.8132
    endloop
  endfacet
  facet normal -0.224534 -0.896353 -0.382276
    outer loop
      vertex -1.65317 -8.31107 28.968
      vertex -2.33924 -7.80225 28.1779
      vertex -1.79644 -7.93822 28.1779
    endloop
  endfacet
  facet normal -0.22449 -0.89636 -0.382287
    outer loop
      vertex -1.58933 -7.99009 28.1779
      vertex -1.65317 -8.31107 28.968
      vertex -1.79644 -7.93822 28.1779
    endloop
  endfacet
  facet normal 0.511634 -0.853608 -0.0978985
    outer loop
      vertex 4.23746 -7.92773 31.5584
      vertex 4.19665 -7.85138 30.6794
      vertex 4.94601 -7.40223 30.6794
    endloop
  endfacet
  facet normal 0.241813 -0.965373 -0.0978889
    outer loop
      vertex 1.7537 -8.81643 31.5584
      vertex 1.73681 -8.73153 30.6794
      vertex 2.58428 -8.51925 30.6794
    endloop
  endfacet
  facet normal 0.241806 -0.965374 -0.097896
    outer loop
      vertex 2.60942 -8.60209 31.5584
      vertex 1.7537 -8.81643 31.5584
      vertex 2.58428 -8.51925 30.6794
    endloop
  endfacet
  facet normal 0.0488374 -0.993998 -0.0978958
    outer loop
      vertex 0.881091 -8.94587 31.5584
      vertex 0 -8.98916 31.5584
      vertex 0 -8.90259 30.6794
    endloop
  endfacet
  facet normal -0.0706096 -0.281914 0.956838
    outer loop
      vertex -0.6348 -2.09266 40.7303
      vertex -0.880145 -2.90145 40.4739
      vertex -0.426627 -2.1448 40.7303
    endloop
  endfacet
  facet normal -0.302529 -0.639641 0.706637
    outer loop
      vertex -2.84914 -5.33036 38.6686
      vertex -3.14354 -5.88114 38.044
      vertex -2.31295 -5.58396 38.6686
    endloop
  endfacet
  facet normal -0.0504654 0.0842026 0.99517
    outer loop
      vertex -0.622514 1.16464 40.9026
      vertex -0.733671 1.09802 40.9026
      vertex -0.208173 0.389464 40.9892
    endloop
  endfacet
  facet normal -0.0504654 -0.0842026 0.99517
    outer loop
      vertex -0.208173 -0.389464 40.9892
      vertex -0.733671 -1.09802 40.9026
      vertex -0.622514 -1.16464 40.9026
    endloop
  endfacet
  facet normal 0.173121 -0.233433 0.956838
    outer loop
      vertex 1.92349 -2.34377 40.4739
      vertex 1.21493 -1.81828 40.7303
      vertex 1.68449 -2.52102 40.4739
    endloop
  endfacet
  facet normal -0.686367 -0.171926 0.706641
    outer loop
      vertex -5.9279 -1.17913 38.6686
      vertex -6.54043 -1.30097 38.044
      vertex -5.78378 -1.75449 38.6686
    endloop
  endfacet
  facet normal -0.444217 -0.158941 0.881708
    outer loop
      vertex -3.55508 -1.47256 40.1359
      vertex -4.42769 -1.34312 39.7196
      vertex -4.27472 -1.77065 39.7196
    endloop
  endfacet
  facet normal -0.502654 -0.23774 0.831155
    outer loop
      vertex -4.27472 -1.77065 39.7196
      vertex -4.95319 -2.05168 39.2289
      vertex -4.08058 -2.18112 39.7196
    endloop
  endfacet
  facet normal 0.103822 -0.699914 0.706641
    outer loop
      vertex 1.17913 -5.9279 38.6686
      vertex 0.592418 -6.01493 38.6686
      vertex 1.30097 -6.54043 38.044
    endloop
  endfacet
  facet normal -0.281051 -0.378949 0.881708
    outer loop
      vertex -2.13783 -3.19949 40.1359
      vertex -2.93529 -3.57666 39.7196
      vertex -2.57058 -3.84715 39.7196
    endloop
  endfacet
  facet normal -0.0426443 -0.287474 0.956839
    outer loop
      vertex -0.426627 -2.1448 40.7303
      vertex -0.591516 -2.97375 40.4739
      vertex -0.214346 -2.17629 40.7303
    endloop
  endfacet
  facet normal 0.158941 -0.444217 0.881708
    outer loop
      vertex 1.47256 -3.55508 40.1359
      vertex 1.34312 -4.42769 39.7196
      vertex 1.77065 -4.27472 39.7196
    endloop
  endfacet
  facet normal 0.281049 -0.378951 0.881707
    outer loop
      vertex 2.44114 -2.97454 40.1359
      vertex 2.13783 -3.19949 40.1359
      vertex 2.93529 -3.57666 39.7196
    endloop
  endfacet
  facet normal 0.411999 -0.373412 0.831156
    outer loop
      vertex 3.57666 -2.93529 39.7196
      vertex 3.27173 -3.27173 39.7196
      vertex 3.79101 -3.79101 39.2289
    endloop
  endfacet
  facet normal 0.249272 -0.149411 0.956838
    outer loop
      vertex 2.67399 -1.42928 40.4739
      vertex 1.9286 -1.03086 40.7303
      vertex 2.52102 -1.68449 40.4739
    endloop
  endfacet
  facet normal 0.426345 -0.470389 0.772635
    outer loop
      vertex 4.27377 -4.27377 38.6686
      vertex 3.79101 -3.79101 39.2289
      vertex 3.83429 -4.6721 38.6686
    endloop
  endfacet
  facet normal 0.519368 -0.57302 0.63396
    outer loop
      vertex 4.71538 -4.71538 38.044
      vertex 4.23049 -5.15487 38.044
      vertex 5.11158 -5.11158 37.3613
    endloop
  endfacet
  facet normal 0.302529 -0.639641 0.706637
    outer loop
      vertex 2.84914 -5.33036 38.6686
      vertex 2.31295 -5.58396 38.6686
      vertex 3.14354 -5.88114 38.044
    endloop
  endfacet
  facet normal 0.260539 -0.728165 0.633952
    outer loop
      vertex 2.55195 -6.16095 38.044
      vertex 2.09843 -6.91759 37.3613
      vertex 2.76637 -6.6786 37.3613
    endloop
  endfacet
  facet normal -0.820876 -0.492023 0.28996
    outer loop
      vertex -7.47331 -3.99457 35.032
      vertex -7.69942 -4.11543 34.1868
      vertex -7.25896 -4.85028 34.1868
    endloop
  endfacet
  facet normal -0.855717 -0.214346 0.470962
    outer loop
      vertex -7.38716 -2.24087 36.6269
      vertex -7.97957 -1.58724 35.848
      vertex -7.78557 -2.36173 35.848
    endloop
  endfacet
  facet normal -0.783167 -0.280218 0.555093
    outer loop
      vertex -6.91759 -2.09843 37.3613
      vertex -7.13194 -2.95415 36.6269
      vertex -6.6786 -2.76637 37.3613
    endloop
  endfacet
  facet normal -0.699119 -0.330661 0.633952
    outer loop
      vertex -6.16095 -2.55195 38.044
      vertex -6.6786 -2.76637 37.3613
      vertex -6.37529 -3.40766 37.3613
    endloop
  endfacet
  facet normal -0.668331 -0.737395 0.0978891
    outer loop
      vertex -6.29508 -6.29508 33.3206
      vertex -6.35629 -6.35629 32.4416
      vertex -5.64774 -6.88179 33.3206
    endloop
  endfacet
  facet normal -0.726745 -0.658686 0.19487
    outer loop
      vertex -6.7486 -5.53843 34.1868
      vertex -6.88179 -5.64774 33.3206
      vertex -6.17324 -6.17324 34.1868
    endloop
  endfacet
  facet normal -0.768704 -0.570102 0.289963
    outer loop
      vertex -6.55041 -5.37578 35.032
      vertex -7.25896 -4.85028 34.1868
      vertex -6.7486 -5.53843 34.1868
    endloop
  endfacet
  facet normal -0.726748 -0.658681 0.194875
    outer loop
      vertex -6.17324 -6.17324 34.1868
      vertex -6.88179 -5.64774 33.3206
      vertex -6.29508 -6.29508 33.3206
    endloop
  endfacet
  facet normal -0.0379485 -0.772436 0.633958
    outer loop
      vertex 0 -6.66856 38.044
      vertex -0.708552 -7.19406 37.3613
      vertex 0 -7.22887 37.3613
    endloop
  endfacet
  facet normal 0.0408121 -0.830788 0.555091
    outer loop
      vertex 0 -7.22887 37.3613
      vertex 0 -7.71956 36.6269
      vertex 0.756648 -7.68239 36.6269
    endloop
  endfacet
  facet normal -0.0347146 -0.70672 0.706641
    outer loop
      vertex 0 -6.04403 38.6686
      vertex -0.592418 -6.01493 38.6686
      vertex 0 -6.66856 38.044
    endloop
  endfacet
  facet normal 0.154256 -0.615818 0.772641
    outer loop
      vertex 1.5563 -5.13044 39.2289
      vertex 1.04594 -5.25828 39.2289
      vertex 1.75449 -5.78378 38.6686
    endloop
  endfacet
  facet normal 0.13511 -0.539375 0.831156
    outer loop
      vertex 1.34312 -4.42769 39.7196
      vertex 0.902668 -4.53802 39.7196
      vertex 1.04594 -5.25828 39.2289
    endloop
  endfacet
  facet normal 0.171936 -0.686369 0.706637
    outer loop
      vertex 1.75449 -5.78378 38.6686
      vertex 1.30097 -6.54043 38.044
      vertex 1.93578 -6.38141 38.044
    endloop
  endfacet
  facet normal -0.238374 -0.66621 0.706641
    outer loop
      vertex -2.31295 -5.58396 38.6686
      vertex -2.55195 -6.16095 38.044
      vertex -1.75449 -5.78378 38.6686
    endloop
  endfacet
  facet normal -0.285858 -0.476932 0.831156
    outer loop
      vertex -2.18112 -4.08058 39.7196
      vertex -2.57058 -3.84715 39.7196
      vertex -2.5273 -4.72824 39.2289
    endloop
  endfacet
  facet normal -0.524271 -0.475182 0.706642
    outer loop
      vertex -4.6721 -3.83429 38.6686
      vertex -4.71538 -4.71538 38.044
      vertex -4.27377 -4.27377 38.6686
    endloop
  endfacet
  facet normal -0.519368 -0.57302 0.63396
    outer loop
      vertex -4.71538 -4.71538 38.044
      vertex -5.11158 -5.11158 37.3613
      vertex -4.23049 -5.15487 38.044
    endloop
  endfacet
  facet normal 0.0379463 -0.772437 0.633957
    outer loop
      vertex 0.653633 -6.63645 38.044
      vertex 0 -6.66856 38.044
      vertex 0.708552 -7.19406 37.3613
    endloop
  endfacet
  facet normal 0.143916 -0.970211 0.194879
    outer loop
      vertex 1.70319 -8.56253 34.1868
      vertex 0.855717 -8.68824 34.1868
      vertex 1.73681 -8.73153 33.3206
    endloop
  endfacet
  facet normal 0.146027 -0.984426 0.0978887
    outer loop
      vertex 1.73681 -8.73153 33.3206
      vertex 0.881091 -8.94587 32.4416
      vertex 1.7537 -8.81643 32.4416
    endloop
  endfacet
  facet normal -0.143914 -0.970212 0.194877
    outer loop
      vertex -0.855717 -8.68824 34.1868
      vertex -1.73681 -8.73153 33.3206
      vertex -0.872605 -8.85972 33.3206
    endloop
  endfacet
  facet normal 0.238321 -0.951433 0.194879
    outer loop
      vertex 2.58428 -8.51925 33.3206
      vertex 1.70319 -8.56253 34.1868
      vertex 1.73681 -8.73153 33.3206
    endloop
  endfacet
  facet normal -0.143916 -0.970211 0.194879
    outer loop
      vertex -1.70319 -8.56253 34.1868
      vertex -1.73681 -8.73153 33.3206
      vertex -0.855717 -8.68824 34.1868
    endloop
  endfacet
  facet normal -0.335275 -0.93702 -0.097896
    outer loop
      vertex -2.60942 -8.60209 31.5584
      vertex -3.44 -8.3049 31.5584
      vertex -3.40687 -8.22492 30.6794
    endloop
  endfacet
  facet normal -0.241806 -0.965374 0.097896
    outer loop
      vertex -2.58428 -8.51925 33.3206
      vertex -2.60942 -8.60209 32.4416
      vertex -1.7537 -8.81643 32.4416
    endloop
  endfacet
  facet normal -0.224525 -0.896352 0.382284
    outer loop
      vertex -1.58724 -7.97957 35.848
      vertex -2.36173 -7.78557 35.848
      vertex -1.65317 -8.31107 35.032
    endloop
  endfacet
  facet normal -0.322411 -0.901094 0.289967
    outer loop
      vertex -2.45984 -8.10901 35.032
      vertex -3.24282 -7.82886 35.032
      vertex -2.53427 -8.35436 34.1868
    endloop
  endfacet
  facet normal 0.224525 -0.896352 0.382284
    outer loop
      vertex 2.36173 -7.78557 35.848
      vertex 1.58724 -7.97957 35.848
      vertex 1.65317 -8.31107 35.032
    endloop
  endfacet
  facet normal 0.214346 -0.855717 0.470962
    outer loop
      vertex 2.24087 -7.38716 36.6269
      vertex 1.58724 -7.97957 35.848
      vertex 2.36173 -7.78557 35.848
    endloop
  endfacet
  facet normal -0.668336 -0.73739 -0.0978966
    outer loop
      vertex -5.70266 -6.94871 31.5584
      vertex -6.35629 -6.35629 31.5584
      vertex -5.64774 -6.88179 30.6794
    endloop
  endfacet
  facet normal -0.335274 -0.93702 -0.0978971
    outer loop
      vertex -2.60942 -8.60209 31.5584
      vertex -3.40687 -8.22492 30.6794
      vertex -2.58428 -8.51925 30.6794
    endloop
  endfacet
  facet normal -0.495499 -0.668092 0.555098
    outer loop
      vertex -4.01614 -6.01058 37.3613
      vertex -4.89723 -5.9673 36.6269
      vertex -4.28876 -6.41858 36.6269
    endloop
  endfacet
  facet normal -0.59284 -0.799348 0.0978966
    outer loop
      vertex -5.64774 -6.88179 33.3206
      vertex -5.70266 -6.94871 32.4416
      vertex -4.99411 -7.47421 32.4416
    endloop
  endfacet
  facet normal -0.642706 -0.709122 -0.289958
    outer loop
      vertex -5.37578 -6.55041 28.968
      vertex -6.17324 -6.17324 29.8132
      vertex -5.99195 -5.99195 28.968
    endloop
  endfacet
  facet normal 0.57011 -0.768701 -0.289955
    outer loop
      vertex 4.85028 -7.25896 29.8132
      vertex 4.70784 -7.04579 28.968
      vertex 5.37578 -6.55041 28.968
    endloop
  endfacet
  facet normal 0.322419 -0.901093 -0.28996
    outer loop
      vertex 3.34093 -8.06573 29.8132
      vertex 2.53427 -8.35436 29.8132
      vertex 3.24282 -7.82886 28.968
    endloop
  endfacet
  facet normal 0.232536 -0.928358 -0.289963
    outer loop
      vertex 1.70319 -8.56253 29.8132
      vertex 1.65317 -8.31107 28.968
      vertex 2.53427 -8.35436 29.8132
    endloop
  endfacet
  facet normal 0.238321 -0.951433 -0.194879
    outer loop
      vertex 1.73681 -8.73153 30.6794
      vertex 1.70319 -8.56253 29.8132
      vertex 2.58428 -8.51925 30.6794
    endloop
  endfacet
  facet normal 0.0453472 -0.922928 0.382291
    outer loop
      vertex 0 -8.1359 35.848
      vertex 0 -8.4739 35.032
      vertex 0.830586 -8.43309 35.032
    endloop
  endfacet
  facet normal 0.409186 -0.865153 0.28996
    outer loop
      vertex 4.11543 -7.69942 34.1868
      vertex 3.24282 -7.82886 35.032
      vertex 3.34093 -8.06573 34.1868
    endloop
  endfacet
  facet normal 0.658686 -0.726745 0.19487
    outer loop
      vertex 6.17324 -6.17324 34.1868
      vertex 5.53843 -6.7486 34.1868
      vertex 5.64774 -6.88179 33.3206
    endloop
  endfacet
  facet normal 0.658686 -0.726745 -0.19487
    outer loop
      vertex 5.64774 -6.88179 30.6794
      vertex 5.53843 -6.7486 29.8132
      vertex 6.17324 -6.17324 29.8132
    endloop
  endfacet
  facet normal 0.58428 -0.787807 -0.194877
    outer loop
      vertex 4.94601 -7.40223 30.6794
      vertex 4.85028 -7.25896 29.8132
      vertex 5.64774 -6.88179 30.6794
    endloop
  endfacet
  facet normal 0.90399 -0.427555 0
    outer loop
      vertex 7.92773 -4.23746 32.4416
      vertex 8.3049 -3.44 31.5584
      vertex 8.3049 -3.44 32.4416
    endloop
  endfacet
  facet normal 0.90399 -0.427555 0
    outer loop
      vertex 8.3049 -3.44 31.5584
      vertex 7.92773 -4.23746 32.4416
      vertex 7.92773 -4.23746 31.5584
    endloop
  endfacet
  facet normal 0.841281 -0.504254 0.19487
    outer loop
      vertex 7.69942 -4.11543 34.1868
      vertex 7.25896 -4.85028 34.1868
      vertex 7.85138 -4.19665 33.3206
    endloop
  endfacet
  facet normal 0.853608 -0.511634 -0.0978985
    outer loop
      vertex 7.92773 -4.23746 31.5584
      vertex 7.40223 -4.94601 30.6794
      vertex 7.85138 -4.19665 30.6794
    endloop
  endfacet
  facet normal 0.923492 -0.330434 0.194874
    outer loop
      vertex 8.35436 -2.53427 34.1868
      vertex 8.06573 -3.34093 34.1868
      vertex 8.22492 -3.40687 33.3206
    endloop
  endfacet
  facet normal -0.965374 0.241806 -0.097896
    outer loop
      vertex -8.51925 2.58428 30.6794
      vertex -8.81643 1.7537 31.5584
      vertex -8.60209 2.60942 31.5584
    endloop
  endfacet
  facet normal -0.998795 -0.0490731 0
    outer loop
      vertex -8.94587 -0.881091 31.5584
      vertex -8.98916 0 32.4416
      vertex -8.98916 0 31.5584
    endloop
  endfacet
  facet normal -0.998795 -0.0490731 0
    outer loop
      vertex -8.98916 0 32.4416
      vertex -8.94587 -0.881091 31.5584
      vertex -8.94587 -0.881091 32.4416
    endloop
  endfacet
  facet normal -0.993998 0.0488339 0.0978923
    outer loop
      vertex -8.85972 0.872605 33.3206
      vertex -8.94587 0.881091 32.4416
      vertex -8.90259 0 33.3206
    endloop
  endfacet
  facet normal -0.993998 0.0488374 -0.0978958
    outer loop
      vertex -8.90259 0 30.6794
      vertex -8.98916 0 31.5584
      vertex -8.94587 0.881091 31.5584
    endloop
  endfacet
  facet normal -0.970033 -0.242973 0
    outer loop
      vertex -8.60209 -2.60942 31.5584
      vertex -8.81643 -1.7537 32.4416
      vertex -8.81643 -1.7537 31.5584
    endloop
  endfacet
  facet normal -0.970033 -0.242973 0
    outer loop
      vertex -8.81643 -1.7537 32.4416
      vertex -8.60209 -2.60942 31.5584
      vertex -8.60209 -2.60942 32.4416
    endloop
  endfacet
  facet normal -0.989176 -0.146731 0
    outer loop
      vertex -8.81643 -1.7537 31.5584
      vertex -8.94587 -0.881091 32.4416
      vertex -8.94587 -0.881091 31.5584
    endloop
  endfacet
  facet normal -0.989176 -0.146731 0
    outer loop
      vertex -8.94587 -0.881091 32.4416
      vertex -8.81643 -1.7537 31.5584
      vertex -8.81643 -1.7537 32.4416
    endloop
  endfacet
  facet normal -0.970033 0.242973 0
    outer loop
      vertex -8.81643 1.7537 31.5584
      vertex -8.60209 2.60942 32.4416
      vertex -8.60209 2.60942 31.5584
    endloop
  endfacet
  facet normal -0.970033 0.242973 0
    outer loop
      vertex -8.60209 2.60942 32.4416
      vertex -8.81643 1.7537 31.5584
      vertex -8.81643 1.7537 32.4416
    endloop
  endfacet
  facet normal -0.853608 0.511634 0.0978985
    outer loop
      vertex -7.40223 4.94601 33.3206
      vertex -7.92773 4.23746 32.4416
      vertex -7.85138 4.19665 33.3206
    endloop
  endfacet
  facet normal -0.870032 0.311297 -0.382281
    outer loop
      vertex -7.78695 2.38969 28.1779
      vertex -8.10901 2.45984 28.968
      vertex -7.82886 3.24282 28.968
    endloop
  endfacet
  facet normal -0.870046 0.311256 -0.382283
    outer loop
      vertex -8.10901 2.45984 28.968
      vertex -7.78695 2.38969 28.1779
      vertex -7.79584 2.36484 28.1779
    endloop
  endfacet
  facet normal -0.792481 0.475209 -0.382296
    outer loop
      vertex -6.78724 4.50339 28.1779
      vertex -7.04579 4.70784 28.968
      vertex -6.77367 4.52602 28.1779
    endloop
  endfacet
  facet normal -0.792577 0.475055 -0.382288
    outer loop
      vertex -7.04579 4.70784 28.968
      vertex -6.78724 4.50339 28.1779
      vertex -7.47331 3.99457 28.968
    endloop
  endfacet
  facet normal -0.901093 0.322419 -0.28996
    outer loop
      vertex -7.82886 3.24282 28.968
      vertex -8.35436 2.53427 29.8132
      vertex -8.06573 3.34093 29.8132
    endloop
  endfacet
  facet normal -0.946679 0.140428 -0.289962
    outer loop
      vertex -8.43309 0.830586 28.968
      vertex -8.56253 1.70319 29.8132
      vertex -8.31107 1.65317 28.968
    endloop
  endfacet
  facet normal -0.896353 0.224534 -0.382276
    outer loop
      vertex -7.93822 1.79644 28.1779
      vertex -8.31107 1.65317 28.968
      vertex -7.80225 2.33924 28.1779
    endloop
  endfacet
  facet normal -0.89636 0.22449 -0.382287
    outer loop
      vertex -7.99009 1.58933 28.1779
      vertex -8.31107 1.65317 28.968
      vertex -7.93822 1.79644 28.1779
    endloop
  endfacet
  facet normal -0.22449 0.89636 -0.382287
    outer loop
      vertex -1.79644 7.93822 28.1779
      vertex -1.65317 8.31107 28.968
      vertex -1.58933 7.99009 28.1779
    endloop
  endfacet
  facet normal -0.224534 0.896353 -0.382276
    outer loop
      vertex -1.65317 8.31107 28.968
      vertex -1.79644 7.93822 28.1779
      vertex -2.33924 7.80225 28.1779
    endloop
  endfacet
  facet normal 0.0453378 0.922931 -0.382286
    outer loop
      vertex 0.830586 8.43309 28.968
      vertex 0.798509 8.1074 28.1779
      vertex 0.213252 8.13615 28.1779
    endloop
  endfacet
  facet normal 0.0453823 0.922917 -0.382315
    outer loop
      vertex 0.830586 8.43309 28.968
      vertex 0.213252 8.13615 28.1779
      vertex 0.0263597 8.14534 28.1779
    endloop
  endfacet
  facet normal -0.335275 0.93702 -0.097896
    outer loop
      vertex -3.40687 8.22492 30.6794
      vertex -3.44 8.3049 31.5584
      vertex -2.60942 8.60209 31.5584
    endloop
  endfacet
  facet normal -0.146731 0.989176 0
    outer loop
      vertex -0.881091 8.94587 31.5584
      vertex -1.7537 8.81643 32.4416
      vertex -0.881091 8.94587 32.4416
    endloop
  endfacet
  facet normal -0.146731 0.989176 0
    outer loop
      vertex -1.7537 8.81643 32.4416
      vertex -0.881091 8.94587 31.5584
      vertex -1.7537 8.81643 31.5584
    endloop
  endfacet
  facet normal 0.0408121 0.830788 0.555091
    outer loop
      vertex 0 7.71956 36.6269
      vertex 0 7.22887 37.3613
      vertex 0.756648 7.68239 36.6269
    endloop
  endfacet
  facet normal -0.280224 0.783161 0.555098
    outer loop
      vertex -2.24087 7.38716 36.6269
      vertex -2.95415 7.13194 36.6269
      vertex -2.09843 6.91759 37.3613
    endloop
  endfacet
  facet normal 0.0469611 0.955886 0.28996
    outer loop
      vertex 0.855717 8.68824 34.1868
      vertex 0 8.73028 34.1868
      vertex 0.830586 8.43309 35.032
    endloop
  endfacet
  facet normal -0.514104 0.857728 0
    outer loop
      vertex -4.23746 7.92773 31.5584
      vertex -4.99411 7.47421 32.4416
      vertex -4.23746 7.92773 32.4416
    endloop
  endfacet
  facet normal -0.514104 0.857728 0
    outer loop
      vertex -4.99411 7.47421 32.4416
      vertex -4.23746 7.92773 31.5584
      vertex -4.99411 7.47421 31.5584
    endloop
  endfacet
  facet normal -0.841284 0.504247 -0.194877
    outer loop
      vertex -7.25896 4.85028 29.8132
      vertex -7.85138 4.19665 30.6794
      vertex -7.40223 4.94601 30.6794
    endloop
  endfacet
  facet normal 0.726745 0.658686 -0.19487
    outer loop
      vertex 6.7486 5.53843 29.8132
      vertex 6.17324 6.17324 29.8132
      vertex 6.88179 5.64774 30.6794
    endloop
  endfacet
  facet normal 0.504254 0.841281 -0.19487
    outer loop
      vertex 4.85028 7.25896 29.8132
      vertex 4.11543 7.69942 29.8132
      vertex 4.19665 7.85138 30.6794
    endloop
  endfacet
  facet normal 0.799348 0.592839 -0.0978984
    outer loop
      vertex 7.40223 4.94601 30.6794
      vertex 6.88179 5.64774 30.6794
      vertex 7.47421 4.99411 31.5584
    endloop
  endfacet
  facet normal 0.803206 0.595702 0
    outer loop
      vertex 7.47421 4.99411 32.4416
      vertex 6.94871 5.70266 31.5584
      vertex 6.94871 5.70266 32.4416
    endloop
  endfacet
  facet normal 0.803206 0.595702 0
    outer loop
      vertex 6.94871 5.70266 31.5584
      vertex 7.47421 4.99411 32.4416
      vertex 7.47421 4.99411 31.5584
    endloop
  endfacet
  facet normal 0.668331 0.737395 0.0978891
    outer loop
      vertex 6.35629 6.35629 32.4416
      vertex 5.64774 6.88179 33.3206
      vertex 6.29508 6.29508 33.3206
    endloop
  endfacet
  facet normal 0.799348 0.59284 0.0978966
    outer loop
      vertex 6.94871 5.70266 32.4416
      vertex 6.88179 5.64774 33.3206
      vertex 7.47421 4.99411 32.4416
    endloop
  endfacet
  facet normal 0.799348 0.592839 0.0978984
    outer loop
      vertex 7.47421 4.99411 32.4416
      vertex 6.88179 5.64774 33.3206
      vertex 7.40223 4.94601 33.3206
    endloop
  endfacet
  facet normal 0.419357 0.886659 -0.194874
    outer loop
      vertex 4.11543 7.69942 29.8132
      vertex 3.34093 8.06573 29.8132
      vertex 3.40687 8.22492 30.6794
    endloop
  endfacet
  facet normal 0.550453 0.742197 -0.38229
    outer loop
      vertex 4.54722 6.75795 28.1779
      vertex 4.70784 7.04579 28.968
      vertex 5.37578 6.55041 28.968
    endloop
  endfacet
  facet normal 0.550383 0.742247 -0.382294
    outer loop
      vertex 4.70784 7.04579 28.968
      vertex 4.54722 6.75795 28.1779
      vertex 4.52602 6.77367 28.1779
    endloop
  endfacet
  facet normal -0.0488339 0.993998 -0.0978923
    outer loop
      vertex -0.872605 8.85972 30.6794
      vertex -0.881091 8.94587 31.5584
      vertex 0 8.90259 30.6794
    endloop
  endfacet
  facet normal -0.0469611 0.955886 -0.28996
    outer loop
      vertex -0.830586 8.43309 28.968
      vertex -0.855717 8.68824 29.8132
      vertex 0 8.73028 29.8132
    endloop
  endfacet
  facet normal 0.146731 0.989176 -0
    outer loop
      vertex 1.7537 8.81643 31.5584
      vertex 0.881091 8.94587 32.4416
      vertex 1.7537 8.81643 32.4416
    endloop
  endfacet
  facet normal 0.146731 0.989176 0
    outer loop
      vertex 0.881091 8.94587 32.4416
      vertex 1.7537 8.81643 31.5584
      vertex 0.881091 8.94587 31.5584
    endloop
  endfacet
  facet normal 0.140426 0.94668 -0.28996
    outer loop
      vertex 1.70319 8.56253 29.8132
      vertex 0.830586 8.43309 28.968
      vertex 0.855717 8.68824 29.8132
    endloop
  endfacet
  facet normal 0.224444 0.896374 -0.38228
    outer loop
      vertex 2.33924 7.80225 28.1779
      vertex 2.45984 8.10901 28.968
      vertex 2.36484 7.79584 28.1779
    endloop
  endfacet
  facet normal 0.224524 0.896352 -0.382284
    outer loop
      vertex 2.45984 8.10901 28.968
      vertex 2.33924 7.80225 28.1779
      vertex 1.65317 8.31107 28.968
    endloop
  endfacet
  facet normal 0.135558 0.914039 -0.382304
    outer loop
      vertex 1.37813 8.02142 28.1779
      vertex 0.830586 8.43309 28.968
      vertex 1.56322 7.99397 28.1779
    endloop
  endfacet
  facet normal 0.135588 0.914043 -0.382285
    outer loop
      vertex 0.830586 8.43309 28.968
      vertex 1.37813 8.02142 28.1779
      vertex 0.798509 8.1074 28.1779
    endloop
  endfacet
  facet normal 0.409186 0.865153 -0.28996
    outer loop
      vertex 3.99457 7.47331 28.968
      vertex 3.24282 7.82886 28.968
      vertex 4.11543 7.69942 29.8132
    endloop
  endfacet
  facet normal 0.0453473 0.922931 -0.382284
    outer loop
      vertex 0.0263597 8.14534 28.1779
      vertex 0 8.4739 28.968
      vertex 0.830586 8.43309 28.968
    endloop
  endfacet
  facet normal 0.045167 0.922937 -0.382293
    outer loop
      vertex 0 8.4739 28.968
      vertex 0.0263597 8.14534 28.1779
      vertex 0 8.14663 28.1779
    endloop
  endfacet
  facet normal -0.0453823 0.922917 -0.382315
    outer loop
      vertex -0.213252 8.13615 28.1779
      vertex -0.830586 8.43309 28.968
      vertex -0.0263597 8.14534 28.1779
    endloop
  endfacet
  facet normal -0.0453378 0.922931 -0.382286
    outer loop
      vertex -0.798509 8.1074 28.1779
      vertex -0.830586 8.43309 28.968
      vertex -0.213252 8.13615 28.1779
    endloop
  endfacet
  facet normal -0.658681 0.726748 -0.194875
    outer loop
      vertex -6.17324 6.17324 29.8132
      vertex -6.29508 6.29508 30.6794
      vertex -5.64774 6.88179 30.6794
    endloop
  endfacet
  facet normal -0.330434 0.923492 -0.194874
    outer loop
      vertex -3.34093 8.06573 29.8132
      vertex -3.40687 8.22492 30.6794
      vertex -2.53427 8.35436 29.8132
    endloop
  endfacet
  facet normal -0.335275 0.93702 0.097896
    outer loop
      vertex -2.60942 8.60209 32.4416
      vertex -3.44 8.3049 32.4416
      vertex -3.40687 8.22492 33.3206
    endloop
  endfacet
  facet normal 0.63408 -0.0311431 0.77264
    outer loop
      vertex 5.36129 0 39.2289
      vertex 5.33548 -0.525498 39.2289
      vertex 6.01493 -0.592418 38.6686
    endloop
  endfacet
  facet normal 0.634079 0.0311464 0.772641
    outer loop
      vertex 6.01493 0.592418 38.6686
      vertex 5.36129 0 39.2289
      vertex 6.04403 0 38.6686
    endloop
  endfacet
  facet normal 0.88109 -0.0432832 0.470963
    outer loop
      vertex 7.71956 0 36.6269
      vertex 7.68239 -0.756648 36.6269
      vertex 8.1359 0 35.848
    endloop
  endfacet
  facet normal 0.66621 -0.238374 0.706641
    outer loop
      vertex 5.78378 -1.75449 38.6686
      vertex 5.58396 -2.31295 38.6686
      vertex 6.16095 -2.55195 38.044
    endloop
  endfacet
  facet normal 0.597733 -0.213872 0.772641
    outer loop
      vertex 5.78378 -1.75449 38.6686
      vertex 5.13044 -1.5563 39.2289
      vertex 5.58396 -2.31295 38.6686
    endloop
  endfacet
  facet normal 0.750191 -0.187921 0.633956
    outer loop
      vertex 7.08997 -1.41028 37.3613
      vertex 6.54043 -1.30097 38.044
      vertex 6.91759 -2.09843 37.3613
    endloop
  endfacet
  facet normal 0.35564 -0.751927 0.555092
    outer loop
      vertex 3.40766 -6.37529 37.3613
      vertex 2.95415 -7.13194 36.6269
      vertex 3.63897 -6.80804 36.6269
    endloop
  endfacet
  facet normal 0.285871 -0.476931 0.831153
    outer loop
      vertex 2.57058 -3.84715 39.7196
      vertex 2.5273 -4.72824 39.2289
      vertex 2.97857 -4.45775 39.2289
    endloop
  endfacet
  facet normal 0.525502 -0.708545 0.470969
    outer loop
      vertex 4.89723 -5.9673 36.6269
      vertex 4.28876 -6.41858 36.6269
      vertex 4.52007 -6.76476 35.848
    endloop
  endfacet
  facet normal 0.453508 -0.75665 0.470969
    outer loop
      vertex 4.28876 -6.41858 36.6269
      vertex 3.63897 -6.80804 36.6269
      vertex 4.52007 -6.76476 35.848
    endloop
  endfacet
  facet normal 0.653627 -0.592418 0.47097
    outer loop
      vertex 5.9673 -4.89723 36.6269
      vertex 5.75295 -5.75295 35.848
      vertex 6.28914 -5.16136 35.848
    endloop
  endfacet
  facet normal 0.642706 -0.709122 0.289958
    outer loop
      vertex 5.99195 -5.99195 35.032
      vertex 5.37578 -6.55041 35.032
      vertex 6.17324 -6.17324 34.1868
    endloop
  endfacet
  facet normal 0.922934 -0.0453332 0.382279
    outer loop
      vertex 8.1359 0 35.848
      vertex 8.09673 -0.797458 35.848
      vertex 8.43309 -0.830586 35.032
    endloop
  endfacet
  facet normal 0.666218 -0.238367 0.706637
    outer loop
      vertex 6.38141 -1.93578 38.044
      vertex 5.78378 -1.75449 38.6686
      vertex 6.16095 -2.55195 38.044
    endloop
  endfacet
  facet normal 0.993998 0.0488374 0.0978958
    outer loop
      vertex 8.94587 0.881091 32.4416
      vertex 8.90259 0 33.3206
      vertex 8.98916 0 32.4416
    endloop
  endfacet
  facet normal 0.993998 -0.0488339 0.0978923
    outer loop
      vertex 8.90259 0 33.3206
      vertex 8.85972 -0.872605 33.3206
      vertex 8.94587 -0.881091 32.4416
    endloop
  endfacet
  facet normal 0.870031 -0.311297 0.382284
    outer loop
      vertex 8.10901 -2.45984 35.032
      vertex 7.78557 -2.36173 35.848
      vertex 7.82886 -3.24282 35.032
    endloop
  endfacet
  facet normal 0.901094 -0.322411 0.289967
    outer loop
      vertex 8.10901 -2.45984 35.032
      vertex 7.82886 -3.24282 35.032
      vertex 8.35436 -2.53427 34.1868
    endloop
  endfacet
  facet normal 0.841284 -0.504247 0.194877
    outer loop
      vertex 7.85138 -4.19665 33.3206
      vertex 7.25896 -4.85028 34.1868
      vertex 7.40223 -4.94601 33.3206
    endloop
  endfacet
  facet normal 0.923492 -0.330434 0.194874
    outer loop
      vertex 8.35436 -2.53427 34.1868
      vertex 8.22492 -3.40687 33.3206
      vertex 8.51925 -2.58428 33.3206
    endloop
  endfacet
  facet normal 0.699119 -0.330661 0.633952
    outer loop
      vertex 6.6786 -2.76637 37.3613
      vertex 6.16095 -2.55195 38.044
      vertex 6.37529 -3.40766 37.3613
    endloop
  endfacet
  facet normal 0.830585 -0.297191 0.470963
    outer loop
      vertex 7.78557 -2.36173 35.848
      vertex 7.13194 -2.95415 36.6269
      vertex 7.51659 -3.11347 35.848
    endloop
  endfacet
  facet normal 0.709122 -0.642706 0.289958
    outer loop
      vertex 6.55041 -5.37578 35.032
      vertex 5.99195 -5.99195 35.032
      vertex 6.17324 -6.17324 34.1868
    endloop
  endfacet
  facet normal 0.620547 -0.684673 0.382289
    outer loop
      vertex 5.75295 -5.75295 35.848
      vertex 5.37578 -6.55041 35.032
      vertex 5.99195 -5.99195 35.032
    endloop
  endfacet
  facet normal 0.835328 -0.395079 0.382282
    outer loop
      vertex 7.82886 -3.24282 35.032
      vertex 7.17523 -3.83524 35.848
      vertex 7.47331 -3.99457 35.032
    endloop
  endfacet
  facet normal 0.7422 -0.550456 0.382279
    outer loop
      vertex 6.76476 -4.52007 35.848
      vertex 6.55041 -5.37578 35.032
      vertex 7.04579 -4.70784 35.032
    endloop
  endfacet
  facet normal 0.59284 -0.799348 -0.0978966
    outer loop
      vertex 5.70266 -6.94871 31.5584
      vertex 4.99411 -7.47421 31.5584
      vertex 5.64774 -6.88179 30.6794
    endloop
  endfacet
  facet normal 0.668336 -0.73739 -0.0978966
    outer loop
      vertex 5.70266 -6.94871 31.5584
      vertex 5.64774 -6.88179 30.6794
      vertex 6.35629 -6.35629 31.5584
    endloop
  endfacet
  facet normal 0.870046 -0.311256 -0.382283
    outer loop
      vertex 8.10901 -2.45984 28.968
      vertex 7.78695 -2.38969 28.1779
      vertex 7.79584 -2.36484 28.1779
    endloop
  endfacet
  facet normal 0.870032 -0.311297 -0.382281
    outer loop
      vertex 7.78695 -2.38969 28.1779
      vertex 8.10901 -2.45984 28.968
      vertex 7.82886 -3.24282 28.968
    endloop
  endfacet
  facet normal 0.768701 -0.57011 -0.289955
    outer loop
      vertex 7.25896 -4.85028 29.8132
      vertex 6.55041 -5.37578 28.968
      vertex 7.04579 -4.70784 28.968
    endloop
  endfacet
  facet normal 0.865153 -0.409186 -0.28996
    outer loop
      vertex 7.69942 -4.11543 29.8132
      vertex 7.47331 -3.99457 28.968
      vertex 7.82886 -3.24282 28.968
    endloop
  endfacet
  facet normal 0.886659 -0.419357 -0.194874
    outer loop
      vertex 8.22492 -3.40687 30.6794
      vertex 7.69942 -4.11543 29.8132
      vertex 8.06573 -3.34093 29.8132
    endloop
  endfacet
  facet normal 0.426504 0.201714 0.881706
    outer loop
      vertex 4.08058 2.18112 39.7196
      vertex 3.39363 1.81393 40.1359
      vertex 3.55508 1.47256 40.1359
    endloop
  endfacet
  facet normal 0.750191 0.187921 0.633956
    outer loop
      vertex 6.91759 2.09843 37.3613
      vertex 6.54043 1.30097 38.044
      vertex 7.08997 1.41028 37.3613
    endloop
  endfacet
  facet normal 0.378937 -0.0562109 0.923714
    outer loop
      vertex 3.82947 -0.377169 40.1359
      vertex 3.01741 -0.297189 40.4739
      vertex 3.77406 -0.750707 40.1359
    endloop
  endfacet
  facet normal 0.371602 -0.0930844 0.923714
    outer loop
      vertex 2.97375 -0.591516 40.4739
      vertex 2.90145 -0.880145 40.4739
      vertex 3.77406 -0.750707 40.1359
    endloop
  endfacet
  facet normal 0.502654 -0.23774 0.831155
    outer loop
      vertex 4.27472 -1.77065 39.7196
      vertex 4.08058 -2.18112 39.7196
      vertex 4.95319 -2.05168 39.2289
    endloop
  endfacet
  facet normal 0.573893 -0.271429 0.772641
    outer loop
      vertex 4.95319 -2.05168 39.2289
      vertex 4.72824 -2.5273 39.2289
      vertex 5.58396 -2.31295 38.6686
    endloop
  endfacet
  facet normal 0.471234 -0.0231503 0.881704
    outer loop
      vertex 4.62692 0 39.7196
      vertex 3.848 0 40.1359
      vertex 4.60464 -0.453518 39.7196
    endloop
  endfacet
  facet normal 0.189455 -0.0474571 0.980742
    outer loop
      vertex 1.2952 -0.25763 40.9026
      vertex 1.26371 -0.383342 40.9026
      vertex 2.09266 -0.6348 40.7303
    endloop
  endfacet
  facet normal 0.167525 0.100404 0.980742
    outer loop
      vertex 1.81828 1.21493 40.7303
      vertex 1.16464 0.622514 40.9026
      vertex 1.9286 1.03086 40.7303
    endloop
  endfacet
  facet normal 0.444217 -0.158946 0.881707
    outer loop
      vertex 3.6823 -1.11701 40.1359
      vertex 3.55508 -1.47256 40.1359
      vertex 4.42769 -1.34312 39.7196
    endloop
  endfacet
  facet normal 0.189457 0.0474523 0.980742
    outer loop
      vertex 2.09266 0.6348 40.7303
      vertex 1.2952 0.25763 40.9026
      vertex 2.1448 0.426627 40.7303
    endloop
  endfacet
  facet normal 0.287474 0.0426443 0.956839
    outer loop
      vertex 2.97375 0.591516 40.4739
      vertex 2.1448 0.426627 40.7303
      vertex 2.17629 0.214346 40.7303
    endloop
  endfacet
  facet normal 0.283845 0.257266 0.923713
    outer loop
      vertex 2.72094 2.72094 40.1359
      vertex 2.34377 1.92349 40.4739
      vertex 2.97454 2.44114 40.1359
    endloop
  endfacet
  facet normal 0.228199 0.307698 0.923714
    outer loop
      vertex 2.13783 3.19949 40.1359
      vertex 1.68449 2.52102 40.4739
      vertex 1.92349 2.34377 40.4739
    endloop
  endfacet
  facet normal 0.0979098 0.273633 0.956838
    outer loop
      vertex 0.880145 2.90145 40.4739
      vertex 0.6348 2.09266 40.7303
      vertex 0.83686 2.02036 40.7303
    endloop
  endfacet
  facet normal 0.0835089 -0.176555 0.980742
    outer loop
      vertex 1.03086 -1.9286 40.7303
      vertex 0.622514 -1.16464 40.9026
      vertex 0.83686 -2.02036 40.7303
    endloop
  endfacet
  facet normal -0.249281 -0.149403 0.956837
    outer loop
      vertex -1.9286 -1.03086 40.7303
      vertex -2.52102 -1.68449 40.4739
      vertex -1.81828 -1.21493 40.7303
    endloop
  endfacet
  facet normal 0.167525 0.100403 0.980742
    outer loop
      vertex 1.81828 1.21493 40.7303
      vertex 1.09802 0.733671 40.9026
      vertex 1.16464 0.622514 40.9026
    endloop
  endfacet
  facet normal -0.122052 0.822787 0.55509
    outer loop
      vertex -0.756648 7.68239 36.6269
      vertex -1.50601 7.57123 36.6269
      vertex -1.41028 7.08997 37.3613
    endloop
  endfacet
  facet normal -0.171926 0.686367 0.706641
    outer loop
      vertex -1.30097 6.54043 38.044
      vertex -1.75449 5.78378 38.6686
      vertex -1.17913 5.9279 38.6686
    endloop
  endfacet
  facet normal 0.213872 0.597733 0.772641
    outer loop
      vertex 1.75449 5.78378 38.6686
      vertex 1.5563 5.13044 39.2289
      vertex 2.31295 5.58396 38.6686
    endloop
  endfacet
  facet normal 0.228203 0.307696 0.923713
    outer loop
      vertex 2.13783 3.19949 40.1359
      vertex 1.92349 2.34377 40.4739
      vertex 2.44114 2.97454 40.1359
    endloop
  endfacet
  facet normal -0.193195 0.0286588 0.980742
    outer loop
      vertex -2.1448 0.426627 40.7303
      vertex -2.17629 0.214346 40.7303
      vertex -1.2952 0.25763 40.9026
    endloop
  endfacet
  facet normal -0.0835066 -0.176556 0.980742
    outer loop
      vertex -0.622514 -1.16464 40.9026
      vertex -0.83686 -2.02036 40.7303
      vertex -0.505362 -1.22005 40.9026
    endloop
  endfacet
  facet normal -0.371603 0.0930876 0.923713
    outer loop
      vertex -3.6823 1.11701 40.1359
      vertex -3.77406 0.750707 40.1359
      vertex -2.90145 0.880145 40.4739
    endloop
  endfacet
  facet normal -0.271429 0.573893 0.772641
    outer loop
      vertex -2.31295 5.58396 38.6686
      vertex -2.5273 4.72824 39.2289
      vertex -2.05168 4.95319 39.2289
    endloop
  endfacet
  facet normal 0.233428 0.173124 0.956838
    outer loop
      vertex 2.34377 1.92349 40.4739
      vertex 1.69044 1.3873 40.7303
      vertex 1.81828 1.21493 40.7303
    endloop
  endfacet
  facet normal -0.346308 0.163785 0.923713
    outer loop
      vertex -3.39363 1.81393 40.1359
      vertex -3.55508 1.47256 40.1359
      vertex -2.80121 1.1603 40.4739
    endloop
  endfacet
  facet normal -0.0562109 0.378937 0.923714
    outer loop
      vertex -0.377169 3.82947 40.1359
      vertex -0.750707 3.77406 40.1359
      vertex -0.297189 3.01741 40.4739
    endloop
  endfacet
  facet normal -0.584274 0.787813 0.194869
    outer loop
      vertex -4.85028 7.25896 34.1868
      vertex -5.64774 6.88179 33.3206
      vertex -5.53843 6.7486 34.1868
    endloop
  endfacet
  facet normal -0.241813 0.965373 0.0978889
    outer loop
      vertex -1.7537 8.81643 32.4416
      vertex -2.58428 8.51925 33.3206
      vertex -1.73681 8.73153 33.3206
    endloop
  endfacet
  facet normal -0.872604 0.129442 0.470964
    outer loop
      vertex -7.57123 1.50601 36.6269
      vertex -7.97957 1.58724 35.848
      vertex -7.68239 0.756648 36.6269
    endloop
  endfacet
  facet normal -0.772436 0.0379485 0.633958
    outer loop
      vertex -7.19406 0.708552 37.3613
      vertex -7.22887 0 37.3613
      vertex -6.66856 0 38.044
    endloop
  endfacet
  facet normal -0.5586 0.616311 0.555091
    outer loop
      vertex -4.58595 5.58799 37.3613
      vertex -5.45855 5.45855 36.6269
      vertex -5.11158 5.11158 37.3613
    endloop
  endfacet
  facet normal -0.750191 0.187921 0.633956
    outer loop
      vertex -6.91759 2.09843 37.3613
      vertex -7.08997 1.41028 37.3613
      vertex -6.54043 1.30097 38.044
    endloop
  endfacet
  facet normal -0.764999 0.113473 0.633956
    outer loop
      vertex -6.54043 1.30097 38.044
      vertex -7.08997 1.41028 37.3613
      vertex -6.63645 0.653633 38.044
    endloop
  endfacet
  facet normal -0.797449 0.37717 0.470975
    outer loop
      vertex -6.80804 3.63897 36.6269
      vertex -7.17523 3.83524 35.848
      vertex -7.13194 2.95415 36.6269
    endloop
  endfacet
  facet normal 0.232541 0.928356 0.289967
    outer loop
      vertex 2.53427 8.35436 34.1868
      vertex 1.65317 8.31107 35.032
      vertex 2.45984 8.10901 35.032
    endloop
  endfacet
  facet normal 0.58428 0.787807 0.194877
    outer loop
      vertex 4.94601 7.40223 33.3206
      vertex 4.85028 7.25896 34.1868
      vertex 5.64774 6.88179 33.3206
    endloop
  endfacet
  facet normal 0.453513 0.756643 0.470975
    outer loop
      vertex 3.83524 7.17523 35.848
      vertex 3.63897 6.80804 36.6269
      vertex 4.52007 6.76476 35.848
    endloop
  endfacet
  facet normal 0.658681 0.726748 0.194875
    outer loop
      vertex 6.29508 6.29508 33.3206
      vertex 5.64774 6.88179 33.3206
      vertex 6.17324 6.17324 34.1868
    endloop
  endfacet
  facet normal 0.584274 0.787813 0.194869
    outer loop
      vertex 5.64774 6.88179 33.3206
      vertex 4.85028 7.25896 34.1868
      vertex 5.53843 6.7486 34.1868
    endloop
  endfacet
  facet normal 0.427555 0.90399 -0
    outer loop
      vertex 4.23746 7.92773 31.5584
      vertex 3.44 8.3049 32.4416
      vertex 4.23746 7.92773 32.4416
    endloop
  endfacet
  facet normal 0.427555 0.90399 0
    outer loop
      vertex 3.44 8.3049 32.4416
      vertex 4.23746 7.92773 31.5584
      vertex 3.44 8.3049 31.5584
    endloop
  endfacet
  facet normal -0.0453472 0.922928 0.382291
    outer loop
      vertex 0 8.4739 35.032
      vertex -0.830586 8.43309 35.032
      vertex 0 8.1359 35.848
    endloop
  endfacet
  facet normal 0.238321 0.951433 -0.194879
    outer loop
      vertex 2.58428 8.51925 30.6794
      vertex 1.70319 8.56253 29.8132
      vertex 1.73681 8.73153 30.6794
    endloop
  endfacet
  facet normal 0.322411 0.901094 0.289967
    outer loop
      vertex 2.53427 8.35436 34.1868
      vertex 2.45984 8.10901 35.032
      vertex 3.24282 7.82886 35.032
    endloop
  endfacet
  facet normal 0.271432 0.573893 0.77264
    outer loop
      vertex 2.84914 5.33036 38.6686
      vertex 2.31295 5.58396 38.6686
      vertex 2.5273 4.72824 39.2289
    endloop
  endfacet
  facet normal -0.0931507 0.627973 0.77264
    outer loop
      vertex -0.592418 6.01493 38.6686
      vertex -1.04594 5.25828 39.2289
      vertex -0.525498 5.33548 39.2289
    endloop
  endfacet
  facet normal 0.113475 0.764998 0.633957
    outer loop
      vertex 0.708552 7.19406 37.3613
      vertex 0.653633 6.63645 38.044
      vertex 1.41028 7.08997 37.3613
    endloop
  endfacet
  facet normal -0.187921 0.750191 0.633956
    outer loop
      vertex -1.41028 7.08997 37.3613
      vertex -2.09843 6.91759 37.3613
      vertex -1.30097 6.54043 38.044
    endloop
  endfacet
  facet normal -0.395079 0.835328 0.382282
    outer loop
      vertex -3.24282 7.82886 35.032
      vertex -3.99457 7.47331 35.032
      vertex -3.83524 7.17523 35.848
    endloop
  endfacet
  facet normal 0.615818 0.154256 0.772641
    outer loop
      vertex 5.78378 1.75449 38.6686
      vertex 5.13044 1.5563 39.2289
      vertex 5.25828 1.04594 39.2289
    endloop
  endfacet
  facet normal 0.285871 0.476931 0.831153
    outer loop
      vertex 2.97857 4.45775 39.2289
      vertex 2.5273 4.72824 39.2289
      vertex 2.57058 3.84715 39.7196
    endloop
  endfacet
  facet normal 0.249281 0.149403 0.956837
    outer loop
      vertex 2.52102 1.68449 40.4739
      vertex 1.81828 1.21493 40.7303
      vertex 1.9286 1.03086 40.7303
    endloop
  endfacet
  facet normal 0.371603 0.0930876 0.923713
    outer loop
      vertex 3.6823 1.11701 40.1359
      vertex 2.90145 0.880145 40.4739
      vertex 3.77406 0.750707 40.1359
    endloop
  endfacet
  facet normal 0.519368 0.57302 0.63396
    outer loop
      vertex 5.11158 5.11158 37.3613
      vertex 4.23049 5.15487 38.044
      vertex 4.71538 4.71538 38.044
    endloop
  endfacet
  facet normal 0.460686 0.621181 0.633958
    outer loop
      vertex 4.01614 6.01058 37.3613
      vertex 3.70485 5.5447 38.044
      vertex 4.23049 5.15487 38.044
    endloop
  endfacet
  facet normal 0.187921 0.750191 0.633956
    outer loop
      vertex 1.41028 7.08997 37.3613
      vertex 1.30097 6.54043 38.044
      vertex 2.09843 6.91759 37.3613
    endloop
  endfacet
  facet normal 0.302534 0.639634 0.706641
    outer loop
      vertex 2.55195 6.16095 38.044
      vertex 2.31295 5.58396 38.6686
      vertex 3.14354 5.88114 38.044
    endloop
  endfacet
  facet normal 0.872604 0.129442 0.470964
    outer loop
      vertex 7.97957 1.58724 35.848
      vertex 7.57123 1.50601 36.6269
      vertex 7.68239 0.756648 36.6269
    endloop
  endfacet
  facet normal 0.764999 0.113473 0.633956
    outer loop
      vertex 7.08997 1.41028 37.3613
      vertex 6.54043 1.30097 38.044
      vertex 6.63645 0.653633 38.044
    endloop
  endfacet
  facet normal 0.855716 0.214342 0.470964
    outer loop
      vertex 7.97957 1.58724 35.848
      vertex 7.38716 2.24087 36.6269
      vertex 7.57123 1.50601 36.6269
    endloop
  endfacet
  facet normal 0.855717 0.214346 0.470962
    outer loop
      vertex 7.78557 2.36173 35.848
      vertex 7.38716 2.24087 36.6269
      vertex 7.97957 1.58724 35.848
    endloop
  endfacet
  facet normal 0.663339 0.397591 0.633957
    outer loop
      vertex 6.01058 4.01614 37.3613
      vertex 5.5447 3.70485 38.044
      vertex 6.37529 3.40766 37.3613
    endloop
  endfacet
  facet normal 0.742196 0.550458 0.382283
    outer loop
      vertex 6.55041 5.37578 35.032
      vertex 6.28914 5.16136 35.848
      vertex 6.76476 4.52007 35.848
    endloop
  endfacet
  facet normal 0.453508 0.75665 0.470969
    outer loop
      vertex 4.52007 6.76476 35.848
      vertex 3.63897 6.80804 36.6269
      vertex 4.28876 6.41858 36.6269
    endloop
  endfacet
  facet normal 0.311297 0.870031 0.382284
    outer loop
      vertex 2.45984 8.10901 35.032
      vertex 2.36173 7.78557 35.848
      vertex 3.24282 7.82886 35.032
    endloop
  endfacet
  facet normal 0.5586 0.616311 0.555091
    outer loop
      vertex 5.45855 5.45855 36.6269
      vertex 4.58595 5.58799 37.3613
      vertex 5.11158 5.11158 37.3613
    endloop
  endfacet
  facet normal 0.616311 0.5586 0.555091
    outer loop
      vertex 5.45855 5.45855 36.6269
      vertex 5.11158 5.11158 37.3613
      vertex 5.58799 4.58595 37.3613
    endloop
  endfacet
  facet normal 0.726745 0.658686 0.19487
    outer loop
      vertex 6.88179 5.64774 33.3206
      vertex 6.17324 6.17324 34.1868
      vertex 6.7486 5.53843 34.1868
    endloop
  endfacet
  facet normal 0.726748 0.658681 0.194875
    outer loop
      vertex 6.29508 6.29508 33.3206
      vertex 6.17324 6.17324 34.1868
      vertex 6.88179 5.64774 33.3206
    endloop
  endfacet
  facet normal 0.768701 0.57011 0.289955
    outer loop
      vertex 7.25896 4.85028 34.1868
      vertex 6.55041 5.37578 35.032
      vertex 7.04579 4.70784 35.032
    endloop
  endfacet
  facet normal 0.928356 0.232541 0.289967
    outer loop
      vertex 8.35436 2.53427 34.1868
      vertex 8.10901 2.45984 35.032
      vertex 8.31107 1.65317 35.032
    endloop
  endfacet
  facet normal 0.79258 0.475057 0.38228
    outer loop
      vertex 7.04579 4.70784 35.032
      vertex 6.76476 4.52007 35.848
      vertex 7.47331 3.99457 35.032
    endloop
  endfacet
  facet normal 0.820876 0.492023 0.28996
    outer loop
      vertex 7.69942 4.11543 34.1868
      vertex 7.25896 4.85028 34.1868
      vertex 7.47331 3.99457 35.032
    endloop
  endfacet
  facet normal 0.923492 0.330434 0.194874
    outer loop
      vertex 8.51925 2.58428 33.3206
      vertex 8.22492 3.40687 33.3206
      vertex 8.35436 2.53427 34.1868
    endloop
  endfacet
  facet normal 0.756643 0.453513 0.470975
    outer loop
      vertex 7.17523 3.83524 35.848
      vertex 6.76476 4.52007 35.848
      vertex 6.80804 3.63897 36.6269
    endloop
  endfacet
  facet normal 0.970212 -0.143914 0.194877
    outer loop
      vertex 8.85972 -0.872605 33.3206
      vertex 8.68824 -0.855717 34.1868
      vertex 8.73153 -1.73681 33.3206
    endloop
  endfacet
  facet normal 0.965374 -0.241806 0.097896
    outer loop
      vertex 8.81643 -1.7537 32.4416
      vertex 8.51925 -2.58428 33.3206
      vertex 8.60209 -2.60942 32.4416
    endloop
  endfacet
  facet normal 0.865153 0.409186 -0.28996
    outer loop
      vertex 7.82886 3.24282 28.968
      vertex 7.69942 4.11543 29.8132
      vertex 8.06573 3.34093 29.8132
    endloop
  endfacet
  facet normal 0.955886 0.0469611 -0.28996
    outer loop
      vertex 8.73028 0 29.8132
      vertex 8.43309 0.830586 28.968
      vertex 8.68824 0.855717 29.8132
    endloop
  endfacet
  facet normal 0.94668 0.140426 -0.28996
    outer loop
      vertex 8.68824 0.855717 29.8132
      vertex 8.43309 0.830586 28.968
      vertex 8.56253 1.70319 29.8132
    endloop
  endfacet
  facet normal 0.946679 -0.140428 -0.289962
    outer loop
      vertex 8.56253 -1.70319 29.8132
      vertex 8.31107 -1.65317 28.968
      vertex 8.43309 -0.830586 28.968
    endloop
  endfacet
  facet normal 0.979646 -0.0481284 -0.194877
    outer loop
      vertex 8.90259 0 30.6794
      vertex 8.68824 -0.855717 29.8132
      vertex 8.73028 0 29.8132
    endloop
  endfacet
  facet normal 0.928356 -0.232541 -0.289967
    outer loop
      vertex 8.35436 -2.53427 29.8132
      vertex 8.10901 -2.45984 28.968
      vertex 8.31107 -1.65317 28.968
    endloop
  endfacet
  facet normal 0.914045 -0.135587 -0.38228
    outer loop
      vertex 8.31107 -1.65317 28.968
      vertex 7.99397 -1.56322 28.1779
      vertex 8.43309 -0.830586 28.968
    endloop
  endfacet
  facet normal 0.914005 -0.135823 -0.382291
    outer loop
      vertex 7.99397 -1.56322 28.1779
      vertex 8.31107 -1.65317 28.968
      vertex 7.99009 -1.58933 28.1779
    endloop
  endfacet
  facet normal 0.984426 0.146023 -0.0978924
    outer loop
      vertex 8.85972 0.872605 30.6794
      vertex 8.73153 1.73681 30.6794
      vertex 8.94587 0.881091 31.5584
    endloop
  endfacet
  facet normal 0.993998 0.0488339 -0.0978923
    outer loop
      vertex 8.90259 0 30.6794
      vertex 8.85972 0.872605 30.6794
      vertex 8.94587 0.881091 31.5584
    endloop
  endfacet
  facet normal 0.965374 0.241806 -0.097896
    outer loop
      vertex 8.81643 1.7537 31.5584
      vertex 8.51925 2.58428 30.6794
      vertex 8.60209 2.60942 31.5584
    endloop
  endfacet
  facet normal 0.951433 0.238321 0.194879
    outer loop
      vertex 8.73153 1.73681 33.3206
      vertex 8.51925 2.58428 33.3206
      vertex 8.56253 1.70319 34.1868
    endloop
  endfacet
  facet normal 0.923492 0.330434 -0.194874
    outer loop
      vertex 8.35436 2.53427 29.8132
      vertex 8.22492 3.40687 30.6794
      vertex 8.51925 2.58428 30.6794
    endloop
  endfacet
  facet normal 0.951435 0.238317 -0.194875
    outer loop
      vertex 8.56253 1.70319 29.8132
      vertex 8.35436 2.53427 29.8132
      vertex 8.51925 2.58428 30.6794
    endloop
  endfacet
  facet normal 0.787813 0.584274 -0.194869
    outer loop
      vertex 7.25896 4.85028 29.8132
      vertex 6.7486 5.53843 29.8132
      vertex 6.88179 5.64774 30.6794
    endloop
  endfacet
  facet normal 0.668331 0.737395 -0.0978891
    outer loop
      vertex 6.29508 6.29508 30.6794
      vertex 5.64774 6.88179 30.6794
      vertex 6.35629 6.35629 31.5584
    endloop
  endfacet
  facet normal 0.792577 0.475057 -0.382286
    outer loop
      vertex 7.47331 3.99457 28.968
      vertex 7.07492 4.02343 28.1779
      vertex 6.78724 4.50339 28.1779
    endloop
  endfacet
  facet normal 0.792578 0.475054 -0.382287
    outer loop
      vertex 7.47331 3.99457 28.968
      vertex 7.18469 3.84029 28.1779
      vertex 7.07492 4.02343 28.1779
    endloop
  endfacet
  facet normal 0.835329 0.395048 -0.382311
    outer loop
      vertex 7.82886 3.24282 28.968
      vertex 7.27597 3.64728 28.1779
      vertex 7.19597 3.81644 28.1779
    endloop
  endfacet
  facet normal 0.835324 0.39508 -0.382291
    outer loop
      vertex 7.27597 3.64728 28.1779
      vertex 7.82886 3.24282 28.968
      vertex 7.5265 3.11758 28.1779
    endloop
  endfacet
  facet normal -0.797462 0.377158 0.470962
    outer loop
      vertex -7.17523 3.83524 35.848
      vertex -7.51659 3.11347 35.848
      vertex -7.13194 2.95415 36.6269
    endloop
  endfacet
  facet normal -0.830585 0.297193 0.470962
    outer loop
      vertex -7.13194 2.95415 36.6269
      vertex -7.78557 2.36173 35.848
      vertex -7.38716 2.24087 36.6269
    endloop
  endfacet
  facet normal -0.835329 0.395068 0.382292
    outer loop
      vertex -7.17523 3.83524 35.848
      vertex -7.82886 3.24282 35.032
      vertex -7.51659 3.11347 35.848
    endloop
  endfacet
  facet normal -0.870025 0.311304 0.382291
    outer loop
      vertex -7.51659 3.11347 35.848
      vertex -7.82886 3.24282 35.032
      vertex -7.78557 2.36173 35.848
    endloop
  endfacet
  facet normal -0.923492 0.330434 0.194874
    outer loop
      vertex -8.22492 3.40687 33.3206
      vertex -8.35436 2.53427 34.1868
      vertex -8.06573 3.34093 34.1868
    endloop
  endfacet
  facet normal -0.865153 0.409186 0.28996
    outer loop
      vertex -7.69942 4.11543 34.1868
      vertex -8.06573 3.34093 34.1868
      vertex -7.82886 3.24282 35.032
    endloop
  endfacet
  facet normal -0.93702 0.335275 0.097896
    outer loop
      vertex -8.3049 3.44 32.4416
      vertex -8.60209 2.60942 32.4416
      vertex -8.22492 3.40687 33.3206
    endloop
  endfacet
  facet normal -0.768704 0.570102 0.289963
    outer loop
      vertex -6.7486 5.53843 34.1868
      vertex -7.25896 4.85028 34.1868
      vertex -6.55041 5.37578 35.032
    endloop
  endfacet
  facet normal -0.792581 0.475053 0.382283
    outer loop
      vertex -6.76476 4.52007 35.848
      vertex -7.47331 3.99457 35.032
      vertex -7.17523 3.83524 35.848
    endloop
  endfacet
  facet normal -0.642706 0.709122 0.289958
    outer loop
      vertex -5.37578 6.55041 35.032
      vertex -6.17324 6.17324 34.1868
      vertex -5.99195 5.99195 35.032
    endloop
  endfacet
  facet normal -0.653631 0.592416 0.470967
    outer loop
      vertex -5.75295 5.75295 35.848
      vertex -5.9673 4.89723 36.6269
      vertex -5.45855 5.45855 36.6269
    endloop
  endfacet
  facet normal -0.666218 -0.238367 0.706637
    outer loop
      vertex -5.78378 -1.75449 38.6686
      vertex -6.38141 -1.93578 38.044
      vertex -6.16095 -2.55195 38.044
    endloop
  endfacet
  facet normal -0.750191 -0.187921 0.633956
    outer loop
      vertex -6.54043 -1.30097 38.044
      vertex -7.08997 -1.41028 37.3613
      vertex -6.91759 -2.09843 37.3613
    endloop
  endfacet
  facet normal -0.830788 -0.0408121 0.555091
    outer loop
      vertex -7.22887 0 37.3613
      vertex -7.71956 0 36.6269
      vertex -7.68239 -0.756648 36.6269
    endloop
  endfacet
  facet normal -0.772436 -0.0379485 0.633958
    outer loop
      vertex -6.66856 0 38.044
      vertex -7.22887 0 37.3613
      vertex -7.19406 -0.708552 37.3613
    endloop
  endfacet
  facet normal -0.830788 0.0408121 0.555091
    outer loop
      vertex -7.68239 0.756648 36.6269
      vertex -7.71956 0 36.6269
      vertex -7.22887 0 37.3613
    endloop
  endfacet
  facet normal -0.830786 0.0408152 0.555094
    outer loop
      vertex -7.19406 0.708552 37.3613
      vertex -7.68239 0.756648 36.6269
      vertex -7.22887 0 37.3613
    endloop
  endfacet
  facet normal -0.523537 -0.187325 0.831155
    outer loop
      vertex -4.27472 -1.77065 39.7196
      vertex -5.13044 -1.5563 39.2289
      vertex -4.95319 -2.05168 39.2289
    endloop
  endfacet
  facet normal -0.457659 -0.11464 0.881706
    outer loop
      vertex -3.77406 -0.750707 40.1359
      vertex -4.53802 -0.902668 39.7196
      vertex -4.42769 -1.34312 39.7196
    endloop
  endfacet
  facet normal -0.928356 0.232541 0.289967
    outer loop
      vertex -8.10901 2.45984 35.032
      vertex -8.35436 2.53427 34.1868
      vertex -8.31107 1.65317 35.032
    endloop
  endfacet
  facet normal -0.896352 0.224524 0.382285
    outer loop
      vertex -8.10901 2.45984 35.032
      vertex -8.31107 1.65317 35.032
      vertex -7.78557 2.36173 35.848
    endloop
  endfacet
  facet normal -0.979646 0.0481288 0.194877
    outer loop
      vertex -8.85972 0.872605 33.3206
      vertex -8.90259 0 33.3206
      vertex -8.68824 0.855717 34.1868
    endloop
  endfacet
  facet normal -0.979646 0.0481284 0.194877
    outer loop
      vertex -8.68824 0.855717 34.1868
      vertex -8.90259 0 33.3206
      vertex -8.73028 0 34.1868
    endloop
  endfacet
  facet normal -0.684665 0.620564 -0.382273
    outer loop
      vertex -5.90392 5.60234 28.1779
      vertex -6.55041 5.37578 28.968
      vertex -5.77826 5.74098 28.1779
    endloop
  endfacet
  facet normal -0.684672 0.620552 -0.382282
    outer loop
      vertex -6.29743 5.16817 28.1779
      vertex -6.55041 5.37578 28.968
      vertex -5.90392 5.60234 28.1779
    endloop
  endfacet
  facet normal -0.419357 0.886659 -0.194874
    outer loop
      vertex -3.34093 8.06573 29.8132
      vertex -4.11543 7.69942 29.8132
      vertex -3.40687 8.22492 30.6794
    endloop
  endfacet
  facet normal -0.322411 0.901094 -0.289967
    outer loop
      vertex -2.45984 8.10901 28.968
      vertex -3.24282 7.82886 28.968
      vertex -2.53427 8.35436 29.8132
    endloop
  endfacet
  facet normal -0.979646 -0.0481284 0.194877
    outer loop
      vertex -8.73028 0 34.1868
      vertex -8.90259 0 33.3206
      vertex -8.68824 -0.855717 34.1868
    endloop
  endfacet
  facet normal -0.979646 -0.0481288 0.194877
    outer loop
      vertex -8.68824 -0.855717 34.1868
      vertex -8.90259 0 33.3206
      vertex -8.85972 -0.872605 33.3206
    endloop
  endfacet
  facet normal -0.951433 -0.238321 0.194879
    outer loop
      vertex -8.56253 -1.70319 34.1868
      vertex -8.73153 -1.73681 33.3206
      vertex -8.51925 -2.58428 33.3206
    endloop
  endfacet
  facet normal -0.928356 -0.232541 0.289967
    outer loop
      vertex -8.31107 -1.65317 35.032
      vertex -8.35436 -2.53427 34.1868
      vertex -8.10901 -2.45984 35.032
    endloop
  endfacet
  facet normal -0.922928 -0.0453472 0.382291
    outer loop
      vertex -8.1359 0 35.848
      vertex -8.4739 0 35.032
      vertex -8.43309 -0.830586 35.032
    endloop
  endfacet
  facet normal -0.922934 -0.0453332 0.382279
    outer loop
      vertex -8.1359 0 35.848
      vertex -8.43309 -0.830586 35.032
      vertex -8.09673 -0.797458 35.848
    endloop
  endfacet
  facet normal -0.799348 -0.59284 0.0978966
    outer loop
      vertex -6.88179 -5.64774 33.3206
      vertex -7.47421 -4.99411 32.4416
      vertex -6.94871 -5.70266 32.4416
    endloop
  endfacet
  facet normal -0.799348 -0.592839 -0.0978984
    outer loop
      vertex -6.88179 -5.64774 30.6794
      vertex -7.47421 -4.99411 31.5584
      vertex -7.40223 -4.94601 30.6794
    endloop
  endfacet
  facet normal -0.787813 -0.584274 0.194869
    outer loop
      vertex -6.7486 -5.53843 34.1868
      vertex -7.25896 -4.85028 34.1868
      vertex -6.88179 -5.64774 33.3206
    endloop
  endfacet
  facet normal -0.841284 -0.504247 0.194877
    outer loop
      vertex -7.25896 -4.85028 34.1868
      vertex -7.85138 -4.19665 33.3206
      vertex -7.40223 -4.94601 33.3206
    endloop
  endfacet
  facet normal -0.857728 -0.514104 0
    outer loop
      vertex -7.47421 -4.99411 31.5584
      vertex -7.92773 -4.23746 32.4416
      vertex -7.92773 -4.23746 31.5584
    endloop
  endfacet
  facet normal -0.857728 -0.514104 0
    outer loop
      vertex -7.92773 -4.23746 32.4416
      vertex -7.47421 -4.99411 31.5584
      vertex -7.47421 -4.99411 32.4416
    endloop
  endfacet
  facet normal -0.923492 -0.330434 0.194874
    outer loop
      vertex -8.06573 -3.34093 34.1868
      vertex -8.35436 -2.53427 34.1868
      vertex -8.22492 -3.40687 33.3206
    endloop
  endfacet
  facet normal -0.886659 -0.419357 0.194874
    outer loop
      vertex -8.06573 -3.34093 34.1868
      vertex -8.22492 -3.40687 33.3206
      vertex -7.69942 -4.11543 34.1868
    endloop
  endfacet
  facet normal -0.901094 -0.322411 -0.289967
    outer loop
      vertex -7.82886 -3.24282 28.968
      vertex -8.35436 -2.53427 29.8132
      vertex -8.10901 -2.45984 28.968
    endloop
  endfacet
  facet normal -0.737395 -0.668331 -0.0978891
    outer loop
      vertex -6.35629 -6.35629 31.5584
      vertex -6.88179 -5.64774 30.6794
      vertex -6.29508 -6.29508 30.6794
    endloop
  endfacet
  facet normal -0.330434 -0.923492 0.194874
    outer loop
      vertex -3.34093 -8.06573 34.1868
      vertex -3.40687 -8.22492 33.3206
      vertex -2.53427 -8.35436 34.1868
    endloop
  endfacet
  facet normal -0.224524 -0.896352 0.382285
    outer loop
      vertex -2.36173 -7.78557 35.848
      vertex -2.45984 -8.10901 35.032
      vertex -1.65317 -8.31107 35.032
    endloop
  endfacet
  facet normal -0.57011 -0.768701 0.289955
    outer loop
      vertex -4.70784 -7.04579 35.032
      vertex -5.37578 -6.55041 35.032
      vertex -4.85028 -7.25896 34.1868
    endloop
  endfacet
  facet normal -0.550465 -0.742191 -0.382283
    outer loop
      vertex -4.99668 -6.42462 28.1779
      vertex -5.37578 -6.55041 28.968
      vertex -5.16817 -6.29743 28.1779
    endloop
  endfacet
  facet normal -0.550442 -0.742212 -0.382275
    outer loop
      vertex -5.37578 -6.55041 28.968
      vertex -4.99668 -6.42462 28.1779
      vertex -4.54722 -6.75795 28.1779
    endloop
  endfacet
  facet normal -0.620564 -0.684665 -0.382273
    outer loop
      vertex -5.60234 -5.90392 28.1779
      vertex -5.37578 -6.55041 28.968
      vertex -5.74098 -5.77826 28.1779
    endloop
  endfacet
  facet normal -0.620552 -0.684672 -0.382282
    outer loop
      vertex -5.37578 -6.55041 28.968
      vertex -5.60234 -5.90392 28.1779
      vertex -5.16817 -6.29743 28.1779
    endloop
  endfacet
  facet normal -0.492019 -0.82088 -0.289955
    outer loop
      vertex -3.99457 -7.47331 28.968
      vertex -4.85028 -7.25896 29.8132
      vertex -4.70784 -7.04579 28.968
    endloop
  endfacet
  facet normal -0.57011 -0.768701 -0.289955
    outer loop
      vertex -4.85028 -7.25896 29.8132
      vertex -5.37578 -6.55041 28.968
      vertex -4.70784 -7.04579 28.968
    endloop
  endfacet
  facet normal -0.570102 -0.768704 -0.289963
    outer loop
      vertex -4.85028 -7.25896 29.8132
      vertex -5.53843 -6.7486 29.8132
      vertex -5.37578 -6.55041 28.968
    endloop
  endfacet
  facet normal -0.58428 -0.787807 -0.194877
    outer loop
      vertex -4.94601 -7.40223 30.6794
      vertex -5.64774 -6.88179 30.6794
      vertex -4.85028 -7.25896 29.8132
    endloop
  endfacet
  facet normal -0.322411 -0.901094 -0.289967
    outer loop
      vertex -2.53427 -8.35436 29.8132
      vertex -3.24282 -7.82886 28.968
      vertex -2.45984 -8.10901 28.968
    endloop
  endfacet
  facet normal -0.330434 -0.923492 -0.194874
    outer loop
      vertex -2.53427 -8.35436 29.8132
      vertex -3.40687 -8.22492 30.6794
      vertex -3.34093 -8.06573 29.8132
    endloop
  endfacet
  facet normal -0.140428 -0.946679 -0.289962
    outer loop
      vertex -0.830586 -8.43309 28.968
      vertex -1.70319 -8.56253 29.8132
      vertex -1.65317 -8.31107 28.968
    endloop
  endfacet
  facet normal -0.241813 -0.965373 -0.0978889
    outer loop
      vertex -1.7537 -8.81643 31.5584
      vertex -2.58428 -8.51925 30.6794
      vertex -1.73681 -8.73153 30.6794
    endloop
  endfacet
  facet normal -0.135558 -0.914039 -0.382304
    outer loop
      vertex -1.37813 -8.02142 28.1779
      vertex -0.830586 -8.43309 28.968
      vertex -1.56322 -7.99397 28.1779
    endloop
  endfacet
  facet normal -0.135588 -0.914043 -0.382285
    outer loop
      vertex -0.830586 -8.43309 28.968
      vertex -1.37813 -8.02142 28.1779
      vertex -0.798509 -8.1074 28.1779
    endloop
  endfacet
  facet normal -0.232541 -0.928356 -0.289967
    outer loop
      vertex -1.65317 -8.31107 28.968
      vertex -2.53427 -8.35436 29.8132
      vertex -2.45984 -8.10901 28.968
    endloop
  endfacet
  facet normal 0.242973 -0.970033 0
    outer loop
      vertex 1.7537 -8.81643 31.5584
      vertex 2.60942 -8.60209 32.4416
      vertex 1.7537 -8.81643 32.4416
    endloop
  endfacet
  facet normal 0.242973 -0.970033 0
    outer loop
      vertex 2.60942 -8.60209 32.4416
      vertex 1.7537 -8.81643 31.5584
      vertex 2.60942 -8.60209 31.5584
    endloop
  endfacet
  facet normal 0.143916 -0.970211 -0.194879
    outer loop
      vertex 1.73681 -8.73153 30.6794
      vertex 0.855717 -8.68824 29.8132
      vertex 1.70319 -8.56253 29.8132
    endloop
  endfacet
  facet normal 0.0469611 -0.955886 -0.28996
    outer loop
      vertex 0.855717 -8.68824 29.8132
      vertex 0 -8.73028 29.8132
      vertex 0.830586 -8.43309 28.968
    endloop
  endfacet
  facet normal -0.0144021 -0.0971055 0.99517
    outer loop
      vertex -0.086153 -0.433124 40.9892
      vertex -0.129438 -1.31421 40.9026
      vertex -0.0432844 -0.439482 40.9892
    endloop
  endfacet
  facet normal 0.167525 -0.100403 0.980742
    outer loop
      vertex 1.16464 -0.622514 40.9026
      vertex 1.09802 -0.733671 40.9026
      vertex 1.81828 -1.21493 40.7303
    endloop
  endfacet
  facet normal 0.0659267 -0.0727357 0.99517
    outer loop
      vertex 0.933786 -0.933786 40.9026
      vertex 0.312264 -0.312264 40.9892
      vertex 0.837763 -1.02082 40.9026
    endloop
  endfacet
  facet normal 0.196947 -0.32858 0.923714
    outer loop
      vertex 1.68449 -2.52102 40.4739
      vertex 1.42928 -2.67399 40.4739
      vertex 1.81393 -3.39363 40.1359
    endloop
  endfacet
  facet normal -0.0142599 -0.29027 0.956839
    outer loop
      vertex 0 -2.18682 40.7303
      vertex -0.214346 -2.17629 40.7303
      vertex 0 -3.03201 40.4739
    endloop
  endfacet
  facet normal 0.28191 -0.070617 0.956838
    outer loop
      vertex 2.97375 -0.591516 40.4739
      vertex 2.1448 -0.426627 40.7303
      vertex 2.90145 -0.880145 40.4739
    endloop
  endfacet
  facet normal -0.0419713 0.0887425 0.99517
    outer loop
      vertex -0.168996 0.407993 40.9892
      vertex -0.505362 1.22005 40.9026
      vertex -0.208173 0.389464 40.9892
    endloop
  endfacet
  facet normal 0.0788485 -0.0584781 0.99517
    outer loop
      vertex 1.09802 -0.733671 40.9026
      vertex 0.341368 -0.280153 40.9892
      vertex 1.02082 -0.837763 40.9026
    endloop
  endfacet
  facet normal -0.606907 -0.363769 0.706637
    outer loop
      vertex -5.33036 -2.84914 38.6686
      vertex -5.88114 -3.14354 38.044
      vertex -5.02543 -3.35788 38.6686
    endloop
  endfacet
  facet normal -0.66621 -0.238374 0.706641
    outer loop
      vertex -5.78378 -1.75449 38.6686
      vertex -6.16095 -2.55195 38.044
      vertex -5.58396 -2.31295 38.6686
    endloop
  endfacet
  facet normal -0.0815874 -0.550019 0.831157
    outer loop
      vertex -0.453518 -4.60464 39.7196
      vertex -1.04594 -5.25828 39.2289
      vertex -0.525498 -5.33548 39.2289
    endloop
  endfacet
  facet normal -0.32858 -0.196947 0.923714
    outer loop
      vertex -2.67399 -1.42928 40.4739
      vertex -3.39363 -1.81393 40.1359
      vertex -2.52102 -1.68449 40.4739
    endloop
  endfacet
  facet normal -0.627973 -0.0931505 0.77264
    outer loop
      vertex -5.25828 -1.04594 39.2289
      vertex -6.01493 -0.592418 38.6686
      vertex -5.9279 -1.17913 38.6686
    endloop
  endfacet
  facet normal -0.550019 0.0815874 0.831157
    outer loop
      vertex -5.25828 1.04594 39.2289
      vertex -5.33548 0.525498 39.2289
      vertex -4.60464 0.453518 39.7196
    endloop
  endfacet
  facet normal 0.129059 -0.360691 0.923713
    outer loop
      vertex 1.47256 -3.55508 40.1359
      vertex 0.880145 -2.90145 40.4739
      vertex 1.11701 -3.6823 40.1359
    endloop
  endfacet
  facet normal 0.0930876 -0.371603 0.923713
    outer loop
      vertex 0.880145 -2.90145 40.4739
      vertex 0.750707 -3.77406 40.1359
      vertex 1.11701 -3.6823 40.1359
    endloop
  endfacet
  facet normal 0.187923 -0.750189 0.633957
    outer loop
      vertex 1.93578 -6.38141 38.044
      vertex 1.30097 -6.54043 38.044
      vertex 2.09843 -6.91759 37.3613
    endloop
  endfacet
  facet normal 0.0815819 -0.550023 0.831155
    outer loop
      vertex 0.902668 -4.53802 39.7196
      vertex 0.453518 -4.60464 39.7196
      vertex 1.04594 -5.25828 39.2289
    endloop
  endfacet
  facet normal 0.4215 -0.568326 0.706642
    outer loop
      vertex 3.83429 -4.6721 38.6686
      vertex 3.35788 -5.02543 38.6686
      vertex 4.23049 -5.15487 38.044
    endloop
  endfacet
  facet normal 0.378169 -0.509921 0.772637
    outer loop
      vertex 3.40117 -4.14434 39.2289
      vertex 2.97857 -4.45775 39.2289
      vertex 3.83429 -4.6721 38.6686
    endloop
  endfacet
  facet normal -0.228199 -0.307698 0.923714
    outer loop
      vertex -1.92349 -2.34377 40.4739
      vertex -2.13783 -3.19949 40.1359
      vertex -1.68449 -2.52102 40.4739
    endloop
  endfacet
  facet normal 0.187321 -0.523536 0.831156
    outer loop
      vertex 1.77065 -4.27472 39.7196
      vertex 1.34312 -4.42769 39.7196
      vertex 1.5563 -5.13044 39.2289
    endloop
  endfacet
  facet normal 0.283845 -0.257266 0.923713
    outer loop
      vertex 2.97454 -2.44114 40.1359
      vertex 2.34377 -1.92349 40.4739
      vertex 2.72094 -2.72094 40.1359
    endloop
  endfacet
  facet normal 0.446618 -0.331238 0.831152
    outer loop
      vertex 3.84715 -2.57058 39.7196
      vertex 3.57666 -2.93529 39.7196
      vertex 4.45775 -2.97857 39.2289
    endloop
  endfacet
  facet normal 0.285858 -0.476932 0.831156
    outer loop
      vertex 2.57058 -3.84715 39.7196
      vertex 2.18112 -4.08058 39.7196
      vertex 2.5273 -4.72824 39.2289
    endloop
  endfacet
  facet normal 0.257266 -0.283845 0.923713
    outer loop
      vertex 2.72094 -2.72094 40.1359
      vertex 1.92349 -2.34377 40.4739
      vertex 2.44114 -2.97454 40.1359
    endloop
  endfacet
  facet normal -0.668107 -0.495491 0.555087
    outer loop
      vertex -5.58799 -4.58595 37.3613
      vertex -6.01058 -4.01614 37.3613
      vertex -5.9673 -4.89723 36.6269
    endloop
  endfacet
  facet normal -0.901094 -0.322411 0.289967
    outer loop
      vertex -8.10901 -2.45984 35.032
      vertex -8.35436 -2.53427 34.1868
      vertex -7.82886 -3.24282 35.032
    endloop
  endfacet
  facet normal -0.901093 -0.322419 0.28996
    outer loop
      vertex -7.82886 -3.24282 35.032
      vertex -8.35436 -2.53427 34.1868
      vertex -8.06573 -3.34093 34.1868
    endloop
  endfacet
  facet normal -0.865153 -0.409186 0.28996
    outer loop
      vertex -7.82886 -3.24282 35.032
      vertex -8.06573 -3.34093 34.1868
      vertex -7.69942 -4.11543 34.1868
    endloop
  endfacet
  facet normal -0.642708 -0.709117 0.289963
    outer loop
      vertex -5.37578 -6.55041 35.032
      vertex -6.17324 -6.17324 34.1868
      vertex -5.53843 -6.7486 34.1868
    endloop
  endfacet
  facet normal -0.658686 -0.726745 0.19487
    outer loop
      vertex -5.53843 -6.7486 34.1868
      vertex -6.17324 -6.17324 34.1868
      vertex -5.64774 -6.88179 33.3206
    endloop
  endfacet
  facet normal -0.0408121 -0.830788 0.555091
    outer loop
      vertex 0 -7.22887 37.3613
      vertex -0.756648 -7.68239 36.6269
      vertex 0 -7.71956 36.6269
    endloop
  endfacet
  facet normal -0.0408152 -0.830786 0.555094
    outer loop
      vertex -0.708552 -7.19406 37.3613
      vertex -0.756648 -7.68239 36.6269
      vertex 0 -7.22887 37.3613
    endloop
  endfacet
  facet normal 0.213872 -0.597733 0.772641
    outer loop
      vertex 2.31295 -5.58396 38.6686
      vertex 1.5563 -5.13044 39.2289
      vertex 1.75449 -5.78378 38.6686
    endloop
  endfacet
  facet normal -0.0379463 -0.772437 0.633957
    outer loop
      vertex -0.653633 -6.63645 38.044
      vertex -0.708552 -7.19406 37.3613
      vertex 0 -6.66856 38.044
    endloop
  endfacet
  facet normal 0.330661 -0.699119 0.633952
    outer loop
      vertex 3.40766 -6.37529 37.3613
      vertex 2.55195 -6.16095 38.044
      vertex 2.76637 -6.6786 37.3613
    endloop
  endfacet
  facet normal 0.330666 -0.699113 0.633957
    outer loop
      vertex 3.14354 -5.88114 38.044
      vertex 2.55195 -6.16095 38.044
      vertex 3.40766 -6.37529 37.3613
    endloop
  endfacet
  facet normal -0.0930844 -0.371602 0.923714
    outer loop
      vertex -0.591516 -2.97375 40.4739
      vertex -0.880145 -2.90145 40.4739
      vertex -0.750707 -3.77406 40.1359
    endloop
  endfacet
  facet normal 0.0815874 -0.550019 0.831157
    outer loop
      vertex 1.04594 -5.25828 39.2289
      vertex 0.453518 -4.60464 39.7196
      vertex 0.525498 -5.33548 39.2289
    endloop
  endfacet
  facet normal 0.326382 -0.544517 0.772642
    outer loop
      vertex 2.97857 -4.45775 39.2289
      vertex 2.5273 -4.72824 39.2289
      vertex 3.35788 -5.02543 38.6686
    endloop
  endfacet
  facet normal 0.213873 -0.597733 0.772641
    outer loop
      vertex 2.05168 -4.95319 39.2289
      vertex 1.5563 -5.13044 39.2289
      vertex 2.31295 -5.58396 38.6686
    endloop
  endfacet
  facet normal -0.397591 -0.663339 0.633957
    outer loop
      vertex -3.70485 -5.5447 38.044
      vertex -4.01614 -6.01058 37.3613
      vertex -3.40766 -6.37529 37.3613
    endloop
  endfacet
  facet normal -0.202115 -0.806855 0.555098
    outer loop
      vertex -2.09843 -6.91759 37.3613
      vertex -2.24087 -7.38716 36.6269
      vertex -1.41028 -7.08997 37.3613
    endloop
  endfacet
  facet normal -0.070617 -0.28191 0.956838
    outer loop
      vertex -0.426627 -2.1448 40.7303
      vertex -0.880145 -2.90145 40.4739
      vertex -0.591516 -2.97375 40.4739
    endloop
  endfacet
  facet normal -0.360691 -0.129059 0.923713
    outer loop
      vertex -2.90145 -0.880145 40.4739
      vertex -3.6823 -1.11701 40.1359
      vertex -3.55508 -1.47256 40.1359
    endloop
  endfacet
  facet normal -0.792581 -0.475053 0.382283
    outer loop
      vertex -7.17523 -3.83524 35.848
      vertex -7.47331 -3.99457 35.032
      vertex -6.76476 -4.52007 35.848
    endloop
  endfacet
  facet normal -0.311297 -0.870031 0.382284
    outer loop
      vertex -2.36173 -7.78557 35.848
      vertex -3.24282 -7.82886 35.032
      vertex -2.45984 -8.10901 35.032
    endloop
  endfacet
  facet normal -0.129442 -0.872604 0.470964
    outer loop
      vertex -1.50601 -7.57123 36.6269
      vertex -1.58724 -7.97957 35.848
      vertex -0.756648 -7.68239 36.6269
    endloop
  endfacet
  facet normal -0.453508 -0.75665 0.470969
    outer loop
      vertex -4.28876 -6.41858 36.6269
      vertex -4.52007 -6.76476 35.848
      vertex -3.63897 -6.80804 36.6269
    endloop
  endfacet
  facet normal -0.7422 -0.550456 0.382279
    outer loop
      vertex -6.76476 -4.52007 35.848
      vertex -7.04579 -4.70784 35.032
      vertex -6.55041 -5.37578 35.032
    endloop
  endfacet
  facet normal -0.663339 -0.397591 0.633957
    outer loop
      vertex -5.5447 -3.70485 38.044
      vertex -6.37529 -3.40766 37.3613
      vertex -6.01058 -4.01614 37.3613
    endloop
  endfacet
  facet normal -0.668092 -0.495499 0.555098
    outer loop
      vertex -6.01058 -4.01614 37.3613
      vertex -6.41858 -4.28876 36.6269
      vertex -5.9673 -4.89723 36.6269
    endloop
  endfacet
  facet normal -0.709117 -0.642708 0.289963
    outer loop
      vertex -6.55041 -5.37578 35.032
      vertex -6.7486 -5.53843 34.1868
      vertex -6.17324 -6.17324 34.1868
    endloop
  endfacet
  facet normal 0.214342 -0.855716 0.470964
    outer loop
      vertex 2.24087 -7.38716 36.6269
      vertex 1.50601 -7.57123 36.6269
      vertex 1.58724 -7.97957 35.848
    endloop
  endfacet
  facet normal 0.453513 -0.756643 0.470975
    outer loop
      vertex 4.52007 -6.76476 35.848
      vertex 3.63897 -6.80804 36.6269
      vertex 3.83524 -7.17523 35.848
    endloop
  endfacet
  facet normal 0.140426 -0.94668 0.28996
    outer loop
      vertex 1.70319 -8.56253 34.1868
      vertex 0.830586 -8.43309 35.032
      vertex 0.855717 -8.68824 34.1868
    endloop
  endfacet
  facet normal 0.0481284 -0.979646 -0.194877
    outer loop
      vertex 0.855717 -8.68824 29.8132
      vertex 0 -8.90259 30.6794
      vertex 0 -8.73028 29.8132
    endloop
  endfacet
  facet normal 0.146023 -0.984426 -0.0978924
    outer loop
      vertex 0.881091 -8.94587 31.5584
      vertex 0.872605 -8.85972 30.6794
      vertex 1.73681 -8.73153 30.6794
    endloop
  endfacet
  facet normal 0.146023 -0.984426 0.0978924
    outer loop
      vertex 1.73681 -8.73153 33.3206
      vertex 0.872605 -8.85972 33.3206
      vertex 0.881091 -8.94587 32.4416
    endloop
  endfacet
  facet normal -0.241813 -0.965373 0.0978889
    outer loop
      vertex -1.73681 -8.73153 33.3206
      vertex -2.58428 -8.51925 33.3206
      vertex -1.7537 -8.81643 32.4416
    endloop
  endfacet
  facet normal -0.0469611 -0.955886 0.28996
    outer loop
      vertex -0.830586 -8.43309 35.032
      vertex -0.855717 -8.68824 34.1868
      vertex 0 -8.73028 34.1868
    endloop
  endfacet
  facet normal 0.0469665 -0.955887 0.289955
    outer loop
      vertex 0 -8.4739 35.032
      vertex 0 -8.73028 34.1868
      vertex 0.830586 -8.43309 35.032
    endloop
  endfacet
  facet normal -0.135587 -0.914043 0.382285
    outer loop
      vertex -1.58724 -7.97957 35.848
      vertex -1.65317 -8.31107 35.032
      vertex -0.830586 -8.43309 35.032
    endloop
  endfacet
  facet normal -0.514104 -0.857728 0
    outer loop
      vertex -4.99411 -7.47421 31.5584
      vertex -4.23746 -7.92773 32.4416
      vertex -4.99411 -7.47421 32.4416
    endloop
  endfacet
  facet normal -0.514104 -0.857728 -0
    outer loop
      vertex -4.23746 -7.92773 32.4416
      vertex -4.99411 -7.47421 31.5584
      vertex -4.23746 -7.92773 31.5584
    endloop
  endfacet
  facet normal -0.835324 -0.39508 -0.382291
    outer loop
      vertex -7.27597 -3.64728 28.1779
      vertex -7.82886 -3.24282 28.968
      vertex -7.5265 -3.11758 28.1779
    endloop
  endfacet
  facet normal -0.835329 -0.395048 -0.382311
    outer loop
      vertex -7.82886 -3.24282 28.968
      vertex -7.27597 -3.64728 28.1779
      vertex -7.19597 -3.81644 28.1779
    endloop
  endfacet
  facet normal -0.955886 -0.0469611 -0.28996
    outer loop
      vertex -8.68824 -0.855717 29.8132
      vertex -8.73028 0 29.8132
      vertex -8.43309 -0.830586 28.968
    endloop
  endfacet
  facet normal -0.841281 -0.504254 -0.19487
    outer loop
      vertex -7.25896 -4.85028 29.8132
      vertex -7.85138 -4.19665 30.6794
      vertex -7.69942 -4.11543 29.8132
    endloop
  endfacet
  facet normal 0.135588 -0.914043 -0.382285
    outer loop
      vertex 0.830586 -8.43309 28.968
      vertex 0.798509 -8.1074 28.1779
      vertex 1.37813 -8.02142 28.1779
    endloop
  endfacet
  facet normal 0.135558 -0.914039 -0.382304
    outer loop
      vertex 0.830586 -8.43309 28.968
      vertex 1.37813 -8.02142 28.1779
      vertex 1.56322 -7.99397 28.1779
    endloop
  endfacet
  facet normal 0.570102 -0.768704 -0.289963
    outer loop
      vertex 5.53843 -6.7486 29.8132
      vertex 4.85028 -7.25896 29.8132
      vertex 5.37578 -6.55041 28.968
    endloop
  endfacet
  facet normal 0.395078 -0.835326 -0.382287
    outer loop
      vertex 3.81644 -7.19597 28.1779
      vertex 3.99457 -7.47331 28.968
      vertex 3.24282 -7.82886 28.968
    endloop
  endfacet
  facet normal 0.395074 -0.835329 -0.382286
    outer loop
      vertex 3.99457 -7.47331 28.968
      vertex 3.81644 -7.19597 28.1779
      vertex 3.84029 -7.18469 28.1779
    endloop
  endfacet
  facet normal 0.39508 -0.835324 -0.382291
    outer loop
      vertex 3.64728 -7.27597 28.1779
      vertex 3.24282 -7.82886 28.968
      vertex 3.11758 -7.5265 28.1779
    endloop
  endfacet
  facet normal 0.395048 -0.835329 -0.382311
    outer loop
      vertex 3.24282 -7.82886 28.968
      vertex 3.64728 -7.27597 28.1779
      vertex 3.81644 -7.19597 28.1779
    endloop
  endfacet
  facet normal 0.322411 -0.901094 -0.289967
    outer loop
      vertex 2.53427 -8.35436 29.8132
      vertex 2.45984 -8.10901 28.968
      vertex 3.24282 -7.82886 28.968
    endloop
  endfacet
  facet normal 0.232541 -0.928356 -0.289967
    outer loop
      vertex 2.53427 -8.35436 29.8132
      vertex 1.65317 -8.31107 28.968
      vertex 2.45984 -8.10901 28.968
    endloop
  endfacet
  facet normal 0.475055 -0.792577 -0.382288
    outer loop
      vertex 4.50339 -6.78724 28.1779
      vertex 4.70784 -7.04579 28.968
      vertex 3.99457 -7.47331 28.968
    endloop
  endfacet
  facet normal 0.475209 -0.792481 -0.382296
    outer loop
      vertex 4.70784 -7.04579 28.968
      vertex 4.50339 -6.78724 28.1779
      vertex 4.52602 -6.77367 28.1779
    endloop
  endfacet
  facet normal 0.419357 -0.886659 -0.194874
    outer loop
      vertex 3.40687 -8.22492 30.6794
      vertex 3.34093 -8.06573 29.8132
      vertex 4.11543 -7.69942 29.8132
    endloop
  endfacet
  facet normal 0.140426 -0.94668 -0.28996
    outer loop
      vertex 0.855717 -8.68824 29.8132
      vertex 0.830586 -8.43309 28.968
      vertex 1.70319 -8.56253 29.8132
    endloop
  endfacet
  facet normal 0.140428 -0.946679 -0.289962
    outer loop
      vertex 1.70319 -8.56253 29.8132
      vertex 0.830586 -8.43309 28.968
      vertex 1.65317 -8.31107 28.968
    endloop
  endfacet
  facet normal 0.409186 -0.865153 0.28996
    outer loop
      vertex 3.99457 -7.47331 35.032
      vertex 3.24282 -7.82886 35.032
      vertex 4.11543 -7.69942 34.1868
    endloop
  endfacet
  facet normal 0.322419 -0.901093 0.28996
    outer loop
      vertex 3.24282 -7.82886 35.032
      vertex 2.53427 -8.35436 34.1868
      vertex 3.34093 -8.06573 34.1868
    endloop
  endfacet
  facet normal 0.419357 -0.886659 0.194874
    outer loop
      vertex 4.11543 -7.69942 34.1868
      vertex 3.34093 -8.06573 34.1868
      vertex 3.40687 -8.22492 33.3206
    endloop
  endfacet
  facet normal 0.511634 -0.853608 -0.097898
    outer loop
      vertex 4.99411 -7.47421 31.5584
      vertex 4.23746 -7.92773 31.5584
      vertex 4.94601 -7.40223 30.6794
    endloop
  endfacet
  facet normal 0.668331 -0.737395 -0.0978891
    outer loop
      vertex 6.35629 -6.35629 31.5584
      vertex 5.64774 -6.88179 30.6794
      vertex 6.29508 -6.29508 30.6794
    endloop
  endfacet
  facet normal 0.658681 -0.726748 -0.194875
    outer loop
      vertex 6.29508 -6.29508 30.6794
      vertex 5.64774 -6.88179 30.6794
      vertex 6.17324 -6.17324 29.8132
    endloop
  endfacet
  facet normal 0.620552 -0.684672 -0.382282
    outer loop
      vertex 5.60234 -5.90392 28.1779
      vertex 5.37578 -6.55041 28.968
      vertex 5.16817 -6.29743 28.1779
    endloop
  endfacet
  facet normal 0.620564 -0.684665 -0.382273
    outer loop
      vertex 5.37578 -6.55041 28.968
      vertex 5.60234 -5.90392 28.1779
      vertex 5.74098 -5.77826 28.1779
    endloop
  endfacet
  facet normal 0.584274 -0.787813 -0.194869
    outer loop
      vertex 5.64774 -6.88179 30.6794
      vertex 4.85028 -7.25896 29.8132
      vertex 5.53843 -6.7486 29.8132
    endloop
  endfacet
  facet normal 0.73739 -0.668336 -0.0978966
    outer loop
      vertex 6.94871 -5.70266 31.5584
      vertex 6.35629 -6.35629 31.5584
      vertex 6.88179 -5.64774 30.6794
    endloop
  endfacet
  facet normal 0.59284 -0.799348 0.0978966
    outer loop
      vertex 5.64774 -6.88179 33.3206
      vertex 4.99411 -7.47421 32.4416
      vertex 5.70266 -6.94871 32.4416
    endloop
  endfacet
  facet normal 0.857728 -0.514104 0
    outer loop
      vertex 7.47421 -4.99411 32.4416
      vertex 7.92773 -4.23746 31.5584
      vertex 7.92773 -4.23746 32.4416
    endloop
  endfacet
  facet normal 0.857728 -0.514104 0
    outer loop
      vertex 7.92773 -4.23746 31.5584
      vertex 7.47421 -4.99411 32.4416
      vertex 7.47421 -4.99411 31.5584
    endloop
  endfacet
  facet normal 0.803206 -0.595702 0
    outer loop
      vertex 6.94871 -5.70266 32.4416
      vertex 7.47421 -4.99411 31.5584
      vertex 7.47421 -4.99411 32.4416
    endloop
  endfacet
  facet normal 0.803206 -0.595702 0
    outer loop
      vertex 7.47421 -4.99411 31.5584
      vertex 6.94871 -5.70266 32.4416
      vertex 6.94871 -5.70266 31.5584
    endloop
  endfacet
  facet normal 0.965374 -0.241806 -0.097896
    outer loop
      vertex 8.60209 -2.60942 31.5584
      vertex 8.51925 -2.58428 30.6794
      vertex 8.81643 -1.7537 31.5584
    endloop
  endfacet
  facet normal 0.965373 -0.241813 -0.0978889
    outer loop
      vertex 8.81643 -1.7537 31.5584
      vertex 8.51925 -2.58428 30.6794
      vertex 8.73153 -1.73681 30.6794
    endloop
  endfacet
  facet normal 0.787807 -0.58428 0.194877
    outer loop
      vertex 7.25896 -4.85028 34.1868
      vertex 6.88179 -5.64774 33.3206
      vertex 7.40223 -4.94601 33.3206
    endloop
  endfacet
  facet normal 0.853608 -0.511634 0.097898
    outer loop
      vertex 7.92773 -4.23746 32.4416
      vertex 7.40223 -4.94601 33.3206
      vertex 7.47421 -4.99411 32.4416
    endloop
  endfacet
  facet normal -0.984426 0.146023 0.0978924
    outer loop
      vertex -8.73153 1.73681 33.3206
      vertex -8.94587 0.881091 32.4416
      vertex -8.85972 0.872605 33.3206
    endloop
  endfacet
  facet normal -0.984426 0.146027 0.0978887
    outer loop
      vertex -8.81643 1.7537 32.4416
      vertex -8.94587 0.881091 32.4416
      vertex -8.73153 1.73681 33.3206
    endloop
  endfacet
  facet normal -0.955887 0.0469665 -0.289955
    outer loop
      vertex -8.4739 0 28.968
      vertex -8.73028 0 29.8132
      vertex -8.43309 0.830586 28.968
    endloop
  endfacet
  facet normal -0.965374 -0.241806 0.097896
    outer loop
      vertex -8.51925 -2.58428 33.3206
      vertex -8.81643 -1.7537 32.4416
      vertex -8.60209 -2.60942 32.4416
    endloop
  endfacet
  facet normal -0.984426 -0.146027 -0.0978887
    outer loop
      vertex -8.81643 -1.7537 31.5584
      vertex -8.94587 -0.881091 31.5584
      vertex -8.73153 -1.73681 30.6794
    endloop
  endfacet
  facet normal -0.93702 0.335275 -0.097896
    outer loop
      vertex -8.22492 3.40687 30.6794
      vertex -8.60209 2.60942 31.5584
      vertex -8.3049 3.44 31.5584
    endloop
  endfacet
  facet normal -0.899647 0.425501 -0.0978961
    outer loop
      vertex -8.22492 3.40687 30.6794
      vertex -8.3049 3.44 31.5584
      vertex -7.92773 4.23746 31.5584
    endloop
  endfacet
  facet normal -0.841281 0.504254 -0.19487
    outer loop
      vertex -7.69942 4.11543 29.8132
      vertex -7.85138 4.19665 30.6794
      vertex -7.25896 4.85028 29.8132
    endloop
  endfacet
  facet normal -0.886659 0.419357 -0.194874
    outer loop
      vertex -8.06573 3.34093 29.8132
      vertex -8.22492 3.40687 30.6794
      vertex -7.69942 4.11543 29.8132
    endloop
  endfacet
  facet normal -0.970211 0.143916 -0.194879
    outer loop
      vertex -8.68824 0.855717 29.8132
      vertex -8.73153 1.73681 30.6794
      vertex -8.56253 1.70319 29.8132
    endloop
  endfacet
  facet normal -0.984426 0.146023 -0.0978924
    outer loop
      vertex -8.85972 0.872605 30.6794
      vertex -8.94587 0.881091 31.5584
      vertex -8.73153 1.73681 30.6794
    endloop
  endfacet
  facet normal -0.928358 0.232536 -0.289963
    outer loop
      vertex -8.31107 1.65317 28.968
      vertex -8.56253 1.70319 29.8132
      vertex -8.35436 2.53427 29.8132
    endloop
  endfacet
  facet normal -0.951435 0.238317 -0.194875
    outer loop
      vertex -8.35436 2.53427 29.8132
      vertex -8.56253 1.70319 29.8132
      vertex -8.51925 2.58428 30.6794
    endloop
  endfacet
  facet normal -0.914005 -0.135823 -0.382291
    outer loop
      vertex -8.31107 -1.65317 28.968
      vertex -7.99397 -1.56322 28.1779
      vertex -7.99009 -1.58933 28.1779
    endloop
  endfacet
  facet normal -0.914045 -0.135587 -0.38228
    outer loop
      vertex -7.99397 -1.56322 28.1779
      vertex -8.31107 -1.65317 28.968
      vertex -8.43309 -0.830586 28.968
    endloop
  endfacet
  facet normal -0.901094 0.322411 -0.289967
    outer loop
      vertex -8.10901 2.45984 28.968
      vertex -8.35436 2.53427 29.8132
      vertex -7.82886 3.24282 28.968
    endloop
  endfacet
  facet normal -0.31131 0.870022 -0.382293
    outer loop
      vertex -3.24282 7.82886 28.968
      vertex -2.38969 7.78695 28.1779
      vertex -2.91655 7.59843 28.1779
    endloop
  endfacet
  facet normal -0.311302 0.870026 -0.382291
    outer loop
      vertex -3.11758 7.5265 28.1779
      vertex -3.24282 7.82886 28.968
      vertex -2.91655 7.59843 28.1779
    endloop
  endfacet
  facet normal -0.242973 0.970033 0
    outer loop
      vertex -1.7537 8.81643 31.5584
      vertex -2.60942 8.60209 32.4416
      vertex -1.7537 8.81643 32.4416
    endloop
  endfacet
  facet normal -0.242973 0.970033 0
    outer loop
      vertex -2.60942 8.60209 32.4416
      vertex -1.7537 8.81643 31.5584
      vertex -2.60942 8.60209 31.5584
    endloop
  endfacet
  facet normal -0.143916 0.970211 0.194879
    outer loop
      vertex -0.855717 8.68824 34.1868
      vertex -1.73681 8.73153 33.3206
      vertex -1.70319 8.56253 34.1868
    endloop
  endfacet
  facet normal -0.0469611 0.955886 0.28996
    outer loop
      vertex 0 8.73028 34.1868
      vertex -0.855717 8.68824 34.1868
      vertex -0.830586 8.43309 35.032
    endloop
  endfacet
  facet normal 0.0469665 0.955887 0.289955
    outer loop
      vertex 0 8.73028 34.1868
      vertex 0 8.4739 35.032
      vertex 0.830586 8.43309 35.032
    endloop
  endfacet
  facet normal 0.0453332 0.922934 0.382279
    outer loop
      vertex 0.830586 8.43309 35.032
      vertex 0 8.1359 35.848
      vertex 0.797458 8.09673 35.848
    endloop
  endfacet
  facet normal -0.0408152 0.830786 0.555094
    outer loop
      vertex 0 7.22887 37.3613
      vertex -0.756648 7.68239 36.6269
      vertex -0.708552 7.19406 37.3613
    endloop
  endfacet
  facet normal -0.135587 0.914043 0.382285
    outer loop
      vertex -0.830586 8.43309 35.032
      vertex -1.65317 8.31107 35.032
      vertex -1.58724 7.97957 35.848
    endloop
  endfacet
  facet normal -0.330434 0.923492 0.194874
    outer loop
      vertex -2.58428 8.51925 33.3206
      vertex -3.40687 8.22492 33.3206
      vertex -2.53427 8.35436 34.1868
    endloop
  endfacet
  facet normal -0.214346 0.855717 0.470962
    outer loop
      vertex -1.58724 7.97957 35.848
      vertex -2.36173 7.78557 35.848
      vertex -2.24087 7.38716 36.6269
    endloop
  endfacet
  facet normal -0.658686 0.726745 -0.19487
    outer loop
      vertex -5.53843 6.7486 29.8132
      vertex -6.17324 6.17324 29.8132
      vertex -5.64774 6.88179 30.6794
    endloop
  endfacet
  facet normal -0.737395 0.668331 0.0978891
    outer loop
      vertex -6.35629 6.35629 32.4416
      vertex -6.88179 5.64774 33.3206
      vertex -6.29508 6.29508 33.3206
    endloop
  endfacet
  facet normal -0.726748 0.658681 0.194875
    outer loop
      vertex -6.29508 6.29508 33.3206
      vertex -6.88179 5.64774 33.3206
      vertex -6.17324 6.17324 34.1868
    endloop
  endfacet
  facet normal 0.620395 0.684816 -0.382279
    outer loop
      vertex 5.74098 5.77826 28.1779
      vertex 5.99195 5.99195 28.968
      vertex 5.76054 5.76054 28.1779
    endloop
  endfacet
  facet normal 0.620547 0.684673 -0.382289
    outer loop
      vertex 5.99195 5.99195 28.968
      vertex 5.74098 5.77826 28.1779
      vertex 5.37578 6.55041 28.968
    endloop
  endfacet
  facet normal 0.620564 0.684665 -0.382273
    outer loop
      vertex 5.60234 5.90392 28.1779
      vertex 5.37578 6.55041 28.968
      vertex 5.74098 5.77826 28.1779
    endloop
  endfacet
  facet normal 0.620552 0.684672 -0.382282
    outer loop
      vertex 5.37578 6.55041 28.968
      vertex 5.60234 5.90392 28.1779
      vertex 5.16817 6.29743 28.1779
    endloop
  endfacet
  facet normal 0.57011 0.768701 -0.289955
    outer loop
      vertex 5.37578 6.55041 28.968
      vertex 4.70784 7.04579 28.968
      vertex 4.85028 7.25896 29.8132
    endloop
  endfacet
  facet normal 0.642706 0.709122 -0.289958
    outer loop
      vertex 5.99195 5.99195 28.968
      vertex 5.37578 6.55041 28.968
      vertex 6.17324 6.17324 29.8132
    endloop
  endfacet
  facet normal 0.740949 0.671562 0
    outer loop
      vertex 6.94871 5.70266 32.4416
      vertex 6.35629 6.35629 31.5584
      vertex 6.35629 6.35629 32.4416
    endloop
  endfacet
  facet normal 0.740949 0.671562 0
    outer loop
      vertex 6.35629 6.35629 31.5584
      vertex 6.94871 5.70266 32.4416
      vertex 6.94871 5.70266 31.5584
    endloop
  endfacet
  facet normal 0.73739 0.668336 -0.0978966
    outer loop
      vertex 6.88179 5.64774 30.6794
      vertex 6.35629 6.35629 31.5584
      vertex 6.94871 5.70266 31.5584
    endloop
  endfacet
  facet normal 0.658681 0.726748 -0.194875
    outer loop
      vertex 6.17324 6.17324 29.8132
      vertex 5.64774 6.88179 30.6794
      vertex 6.29508 6.29508 30.6794
    endloop
  endfacet
  facet normal 0.853608 0.511634 -0.097898
    outer loop
      vertex 7.92773 4.23746 31.5584
      vertex 7.40223 4.94601 30.6794
      vertex 7.47421 4.99411 31.5584
    endloop
  endfacet
  facet normal -0.0488374 0.993998 0.0978958
    outer loop
      vertex 0 8.98916 32.4416
      vertex -0.881091 8.94587 32.4416
      vertex 0 8.90259 33.3206
    endloop
  endfacet
  facet normal -0.0490731 0.998795 0
    outer loop
      vertex 0 8.98916 31.5584
      vertex -0.881091 8.94587 32.4416
      vertex 0 8.98916 32.4416
    endloop
  endfacet
  facet normal -0.0490731 0.998795 0
    outer loop
      vertex -0.881091 8.94587 32.4416
      vertex 0 8.98916 31.5584
      vertex -0.881091 8.94587 31.5584
    endloop
  endfacet
  facet normal -0.143914 0.970212 -0.194877
    outer loop
      vertex -0.855717 8.68824 29.8132
      vertex -1.73681 8.73153 30.6794
      vertex -0.872605 8.85972 30.6794
    endloop
  endfacet
  facet normal -0.143916 0.970211 -0.194879
    outer loop
      vertex -1.70319 8.56253 29.8132
      vertex -1.73681 8.73153 30.6794
      vertex -0.855717 8.68824 29.8132
    endloop
  endfacet
  facet normal 0.241813 0.965373 -0.0978889
    outer loop
      vertex 2.58428 8.51925 30.6794
      vertex 1.73681 8.73153 30.6794
      vertex 1.7537 8.81643 31.5584
    endloop
  endfacet
  facet normal 0.330434 0.923492 -0.194874
    outer loop
      vertex 3.40687 8.22492 30.6794
      vertex 2.53427 8.35436 29.8132
      vertex 2.58428 8.51925 30.6794
    endloop
  endfacet
  facet normal 0.492023 0.820876 -0.28996
    outer loop
      vertex 4.85028 7.25896 29.8132
      vertex 3.99457 7.47331 28.968
      vertex 4.11543 7.69942 29.8132
    endloop
  endfacet
  facet normal 0.322411 0.901094 -0.289967
    outer loop
      vertex 3.24282 7.82886 28.968
      vertex 2.45984 8.10901 28.968
      vertex 2.53427 8.35436 29.8132
    endloop
  endfacet
  facet normal 0.395074 0.835329 -0.382286
    outer loop
      vertex 3.81644 7.19597 28.1779
      vertex 3.99457 7.47331 28.968
      vertex 3.84029 7.18469 28.1779
    endloop
  endfacet
  facet normal 0.395078 0.835326 -0.382287
    outer loop
      vertex 3.99457 7.47331 28.968
      vertex 3.81644 7.19597 28.1779
      vertex 3.24282 7.82886 28.968
    endloop
  endfacet
  facet normal 0.475209 0.792481 -0.382296
    outer loop
      vertex 4.50339 6.78724 28.1779
      vertex 4.70784 7.04579 28.968
      vertex 4.52602 6.77367 28.1779
    endloop
  endfacet
  facet normal 0.475055 0.792577 -0.382288
    outer loop
      vertex 4.70784 7.04579 28.968
      vertex 4.50339 6.78724 28.1779
      vertex 3.99457 7.47331 28.968
    endloop
  endfacet
  facet normal 0.140428 0.946679 -0.289962
    outer loop
      vertex 1.65317 8.31107 28.968
      vertex 0.830586 8.43309 28.968
      vertex 1.70319 8.56253 29.8132
    endloop
  endfacet
  facet normal 0.238317 0.951435 -0.194875
    outer loop
      vertex 2.53427 8.35436 29.8132
      vertex 1.70319 8.56253 29.8132
      vertex 2.58428 8.51925 30.6794
    endloop
  endfacet
  facet normal -0.140428 0.946679 -0.289962
    outer loop
      vertex -1.65317 8.31107 28.968
      vertex -1.70319 8.56253 29.8132
      vertex -0.830586 8.43309 28.968
    endloop
  endfacet
  facet normal -0.045167 0.922937 -0.382293
    outer loop
      vertex -0.0263597 8.14534 28.1779
      vertex 0 8.4739 28.968
      vertex 0 8.14663 28.1779
    endloop
  endfacet
  facet normal -0.0453473 0.922931 -0.382284
    outer loop
      vertex 0 8.4739 28.968
      vertex -0.0263597 8.14534 28.1779
      vertex -0.830586 8.43309 28.968
    endloop
  endfacet
  facet normal -0.0469665 0.955887 -0.289955
    outer loop
      vertex 0 8.4739 28.968
      vertex -0.830586 8.43309 28.968
      vertex 0 8.73028 29.8132
    endloop
  endfacet
  facet normal -0.330434 0.923492 -0.194874
    outer loop
      vertex -2.53427 8.35436 29.8132
      vertex -3.40687 8.22492 30.6794
      vertex -2.58428 8.51925 30.6794
    endloop
  endfacet
  facet normal -0.335274 0.93702 -0.0978971
    outer loop
      vertex -2.58428 8.51925 30.6794
      vertex -3.40687 8.22492 30.6794
      vertex -2.60942 8.60209 31.5584
    endloop
  endfacet
  facet normal 0.555368 0.0272771 0.831157
    outer loop
      vertex 5.33548 0.525498 39.2289
      vertex 4.60464 0.453518 39.7196
      vertex 5.36129 0 39.2289
    endloop
  endfacet
  facet normal 0.63408 0.0311431 0.77264
    outer loop
      vertex 6.01493 0.592418 38.6686
      vertex 5.33548 0.525498 39.2289
      vertex 5.36129 0 39.2289
    endloop
  endfacet
  facet normal 0.70672 -0.0347146 0.706641
    outer loop
      vertex 6.04403 0 38.6686
      vertex 6.01493 -0.592418 38.6686
      vertex 6.66856 0 38.044
    endloop
  endfacet
  facet normal 0.70672 0.0347146 0.706641
    outer loop
      vertex 6.66856 0 38.044
      vertex 6.01493 0.592418 38.6686
      vertex 6.04403 0 38.6686
    endloop
  endfacet
  facet normal 0.615819 -0.154255 0.77264
    outer loop
      vertex 5.9279 -1.17913 38.6686
      vertex 5.25828 -1.04594 39.2289
      vertex 5.78378 -1.75449 38.6686
    endloop
  endfacet
  facet normal 0.686367 -0.171926 0.706641
    outer loop
      vertex 5.9279 -1.17913 38.6686
      vertex 5.78378 -1.75449 38.6686
      vertex 6.54043 -1.30097 38.044
    endloop
  endfacet
  facet normal 0.524269 -0.475182 0.706642
    outer loop
      vertex 5.15487 -4.23049 38.044
      vertex 4.6721 -3.83429 38.6686
      vertex 4.71538 -4.71538 38.044
    endloop
  endfacet
  facet normal 0.616318 -0.558597 0.555087
    outer loop
      vertex 5.58799 -4.58595 37.3613
      vertex 5.45855 -5.45855 36.6269
      vertex 5.9673 -4.89723 36.6269
    endloop
  endfacet
  facet normal 0.460686 -0.621181 0.633958
    outer loop
      vertex 4.23049 -5.15487 38.044
      vertex 3.70485 -5.5447 38.044
      vertex 4.01614 -6.01058 37.3613
    endloop
  endfacet
  facet normal 0.397591 -0.663339 0.633957
    outer loop
      vertex 3.70485 -5.5447 38.044
      vertex 3.40766 -6.37529 37.3613
      vertex 4.01614 -6.01058 37.3613
    endloop
  endfacet
  facet normal 0.0931505 -0.627973 0.77264
    outer loop
      vertex 1.04594 -5.25828 39.2289
      vertex 0.592418 -6.01493 38.6686
      vertex 1.17913 -5.9279 38.6686
    endloop
  endfacet
  facet normal 0.26053 -0.728164 0.633957
    outer loop
      vertex 2.55195 -6.16095 38.044
      vertex 1.93578 -6.38141 38.044
      vertex 2.09843 -6.91759 37.3613
    endloop
  endfacet
  facet normal 0.280218 -0.783167 0.555093
    outer loop
      vertex 2.76637 -6.6786 37.3613
      vertex 2.09843 -6.91759 37.3613
      vertex 2.95415 -7.13194 36.6269
    endloop
  endfacet
  facet normal 0.0379485 -0.772436 0.633958
    outer loop
      vertex 0 -6.66856 38.044
      vertex 0 -7.22887 37.3613
      vertex 0.708552 -7.19406 37.3613
    endloop
  endfacet
  facet normal 0.616311 -0.5586 0.555091
    outer loop
      vertex 5.58799 -4.58595 37.3613
      vertex 5.11158 -5.11158 37.3613
      vertex 5.45855 -5.45855 36.6269
    endloop
  endfacet
  facet normal 0.592418 -0.653627 0.47097
    outer loop
      vertex 5.75295 -5.75295 35.848
      vertex 4.89723 -5.9673 36.6269
      vertex 5.16136 -6.28914 35.848
    endloop
  endfacet
  facet normal 0.620554 -0.68467 0.382283
    outer loop
      vertex 5.75295 -5.75295 35.848
      vertex 5.16136 -6.28914 35.848
      vertex 5.37578 -6.55041 35.032
    endloop
  endfacet
  facet normal 0.592416 -0.653631 0.470967
    outer loop
      vertex 5.45855 -5.45855 36.6269
      vertex 4.89723 -5.9673 36.6269
      vertex 5.75295 -5.75295 35.848
    endloop
  endfacet
  facet normal 0.965373 -0.241813 0.0978889
    outer loop
      vertex 8.73153 -1.73681 33.3206
      vertex 8.51925 -2.58428 33.3206
      vertex 8.81643 -1.7537 32.4416
    endloop
  endfacet
  facet normal 0.970211 -0.143916 0.194879
    outer loop
      vertex 8.68824 -0.855717 34.1868
      vertex 8.56253 -1.70319 34.1868
      vertex 8.73153 -1.73681 33.3206
    endloop
  endfacet
  facet normal 0.914043 -0.135587 0.382285
    outer loop
      vertex 8.43309 -0.830586 35.032
      vertex 7.97957 -1.58724 35.848
      vertex 8.31107 -1.65317 35.032
    endloop
  endfacet
  facet normal 0.955887 0.0469665 0.289955
    outer loop
      vertex 8.73028 0 34.1868
      vertex 8.43309 0.830586 35.032
      vertex 8.4739 0 35.032
    endloop
  endfacet
  facet normal 0.998795 -0.0490731 0
    outer loop
      vertex 8.94587 -0.881091 32.4416
      vertex 8.98916 0 31.5584
      vertex 8.98916 0 32.4416
    endloop
  endfacet
  facet normal 0.998795 -0.0490731 0
    outer loop
      vertex 8.98916 0 31.5584
      vertex 8.94587 -0.881091 32.4416
      vertex 8.94587 -0.881091 31.5584
    endloop
  endfacet
  facet normal 0.993998 -0.0488374 0.0978958
    outer loop
      vertex 8.98916 0 32.4416
      vertex 8.90259 0 33.3206
      vertex 8.94587 -0.881091 32.4416
    endloop
  endfacet
  facet normal 0.901093 -0.322419 0.28996
    outer loop
      vertex 8.35436 -2.53427 34.1868
      vertex 7.82886 -3.24282 35.032
      vertex 8.06573 -3.34093 34.1868
    endloop
  endfacet
  facet normal 0.865153 -0.409186 0.28996
    outer loop
      vertex 7.82886 -3.24282 35.032
      vertex 7.69942 -4.11543 34.1868
      vertex 8.06573 -3.34093 34.1868
    endloop
  endfacet
  facet normal 0.928356 -0.232541 0.289967
    outer loop
      vertex 8.31107 -1.65317 35.032
      vertex 8.10901 -2.45984 35.032
      vertex 8.35436 -2.53427 34.1868
    endloop
  endfacet
  facet normal 0.896352 -0.224524 0.382285
    outer loop
      vertex 8.31107 -1.65317 35.032
      vertex 7.78557 -2.36173 35.848
      vertex 8.10901 -2.45984 35.032
    endloop
  endfacet
  facet normal 0.568336 -0.421495 0.706638
    outer loop
      vertex 5.5447 -3.70485 38.044
      vertex 5.02543 -3.35788 38.6686
      vertex 5.15487 -4.23049 38.044
    endloop
  endfacet
  facet normal 0.830585 -0.297193 0.470962
    outer loop
      vertex 7.38716 -2.24087 36.6269
      vertex 7.13194 -2.95415 36.6269
      vertex 7.78557 -2.36173 35.848
    endloop
  endfacet
  facet normal 0.835329 -0.395068 0.382292
    outer loop
      vertex 7.51659 -3.11347 35.848
      vertex 7.17523 -3.83524 35.848
      vertex 7.82886 -3.24282 35.032
    endloop
  endfacet
  facet normal 0.870025 -0.311304 0.382291
    outer loop
      vertex 7.78557 -2.36173 35.848
      vertex 7.51659 -3.11347 35.848
      vertex 7.82886 -3.24282 35.032
    endloop
  endfacet
  facet normal 0.768701 -0.57011 0.289955
    outer loop
      vertex 7.04579 -4.70784 35.032
      vertex 6.55041 -5.37578 35.032
      vertex 7.25896 -4.85028 34.1868
    endloop
  endfacet
  facet normal 0.787813 -0.584274 0.194869
    outer loop
      vertex 7.25896 -4.85028 34.1868
      vertex 6.7486 -5.53843 34.1868
      vertex 6.88179 -5.64774 33.3206
    endloop
  endfacet
  facet normal 0.82088 -0.492019 0.289955
    outer loop
      vertex 7.47331 -3.99457 35.032
      vertex 7.04579 -4.70784 35.032
      vertex 7.25896 -4.85028 34.1868
    endloop
  endfacet
  facet normal 0.820876 -0.492023 0.28996
    outer loop
      vertex 7.47331 -3.99457 35.032
      vertex 7.25896 -4.85028 34.1868
      vertex 7.69942 -4.11543 34.1868
    endloop
  endfacet
  facet normal 0.740949 -0.671562 0
    outer loop
      vertex 6.35629 -6.35629 32.4416
      vertex 6.94871 -5.70266 31.5584
      vertex 6.94871 -5.70266 32.4416
    endloop
  endfacet
  facet normal 0.740949 -0.671562 0
    outer loop
      vertex 6.94871 -5.70266 31.5584
      vertex 6.35629 -6.35629 32.4416
      vertex 6.35629 -6.35629 31.5584
    endloop
  endfacet
  facet normal 0.642708 -0.709117 0.289963
    outer loop
      vertex 6.17324 -6.17324 34.1868
      vertex 5.37578 -6.55041 35.032
      vertex 5.53843 -6.7486 34.1868
    endloop
  endfacet
  facet normal 0.511634 -0.853608 0.0978985
    outer loop
      vertex 4.94601 -7.40223 33.3206
      vertex 4.19665 -7.85138 33.3206
      vertex 4.23746 -7.92773 32.4416
    endloop
  endfacet
  facet normal 0.742247 -0.550383 -0.382294
    outer loop
      vertex 7.04579 -4.70784 28.968
      vertex 6.75795 -4.54722 28.1779
      vertex 6.77367 -4.52602 28.1779
    endloop
  endfacet
  facet normal 0.742197 -0.550453 -0.38229
    outer loop
      vertex 6.75795 -4.54722 28.1779
      vertex 7.04579 -4.70784 28.968
      vertex 6.55041 -5.37578 28.968
    endloop
  endfacet
  facet normal 0.792577 -0.475055 -0.382288
    outer loop
      vertex 7.04579 -4.70784 28.968
      vertex 6.78724 -4.50339 28.1779
      vertex 7.47331 -3.99457 28.968
    endloop
  endfacet
  facet normal 0.792481 -0.475209 -0.382296
    outer loop
      vertex 6.78724 -4.50339 28.1779
      vertex 7.04579 -4.70784 28.968
      vertex 6.77367 -4.52602 28.1779
    endloop
  endfacet
  facet normal 0.841284 -0.504247 -0.194877
    outer loop
      vertex 7.40223 -4.94601 30.6794
      vertex 7.25896 -4.85028 29.8132
      vertex 7.85138 -4.19665 30.6794
    endloop
  endfacet
  facet normal 0.923492 -0.330434 -0.194874
    outer loop
      vertex 8.22492 -3.40687 30.6794
      vertex 8.06573 -3.34093 29.8132
      vertex 8.35436 -2.53427 29.8132
    endloop
  endfacet
  facet normal 0.615819 0.154255 0.77264
    outer loop
      vertex 5.78378 1.75449 38.6686
      vertex 5.25828 1.04594 39.2289
      vertex 5.9279 1.17913 38.6686
    endloop
  endfacet
  facet normal 0.627973 0.0931505 0.77264
    outer loop
      vertex 5.9279 1.17913 38.6686
      vertex 5.25828 1.04594 39.2289
      vertex 6.01493 0.592418 38.6686
    endloop
  endfacet
  facet normal 0.502654 -0.237736 0.831156
    outer loop
      vertex 4.95319 -2.05168 39.2289
      vertex 4.08058 -2.18112 39.7196
      vertex 4.72824 -2.5273 39.2289
    endloop
  endfacet
  facet normal 0.476931 -0.285871 0.831153
    outer loop
      vertex 4.72824 -2.5273 39.2289
      vertex 3.84715 -2.57058 39.7196
      vertex 4.45775 -2.97857 39.2289
    endloop
  endfacet
  facet normal 0.471234 0.0231503 0.881704
    outer loop
      vertex 4.60464 0.453518 39.7196
      vertex 3.848 0 40.1359
      vertex 4.62692 0 39.7196
    endloop
  endfacet
  facet normal 0.382622 0.0187979 0.923714
    outer loop
      vertex 3.82947 0.377169 40.1359
      vertex 3.01741 0.297189 40.4739
      vertex 3.848 0 40.1359
    endloop
  endfacet
  facet normal 0.523537 -0.187325 0.831155
    outer loop
      vertex 5.13044 -1.5563 39.2289
      vertex 4.27472 -1.77065 39.7196
      vertex 4.95319 -2.05168 39.2289
    endloop
  endfacet
  facet normal 0.523536 -0.187321 0.831156
    outer loop
      vertex 4.42769 -1.34312 39.7196
      vertex 4.27472 -1.77065 39.7196
      vertex 5.13044 -1.5563 39.2289
    endloop
  endfacet
  facet normal 0.555368 -0.0272771 0.831157
    outer loop
      vertex 5.36129 0 39.2289
      vertex 4.60464 -0.453518 39.7196
      vertex 5.33548 -0.525498 39.2289
    endloop
  endfacet
  facet normal 0.550019 -0.0815874 0.831157
    outer loop
      vertex 5.33548 -0.525498 39.2289
      vertex 4.60464 -0.453518 39.7196
      vertex 5.25828 -1.04594 39.2289
    endloop
  endfacet
  facet normal 0.382621 0.018797 0.923714
    outer loop
      vertex 3.848 0 40.1359
      vertex 3.01741 0.297189 40.4739
      vertex 3.03201 0 40.4739
    endloop
  endfacet
  facet normal 0.378937 0.0562109 0.923714
    outer loop
      vertex 3.77406 0.750707 40.1359
      vertex 3.01741 0.297189 40.4739
      vertex 3.82947 0.377169 40.1359
    endloop
  endfacet
  facet normal 0.281914 0.0706096 0.956838
    outer loop
      vertex 2.90145 0.880145 40.4739
      vertex 2.09266 0.6348 40.7303
      vertex 2.1448 0.426627 40.7303
    endloop
  endfacet
  facet normal 0.176555 0.0835089 0.980742
    outer loop
      vertex 1.9286 1.03086 40.7303
      vertex 1.16464 0.622514 40.9026
      vertex 2.02036 0.83686 40.7303
    endloop
  endfacet
  facet normal 0.411998 0.373413 0.831156
    outer loop
      vertex 3.79101 3.79101 39.2289
      vertex 3.57666 2.93529 39.7196
      vertex 4.14434 3.40117 39.2289
    endloop
  endfacet
  facet normal 0.215335 0.195175 0.956837
    outer loop
      vertex 2.14395 2.14395 40.4739
      vertex 1.54632 1.54632 40.7303
      vertex 2.34377 1.92349 40.4739
    endloop
  endfacet
  facet normal 0.0727357 -0.0659267 0.99517
    outer loop
      vertex 1.02082 -0.837763 40.9026
      vertex 0.312264 -0.312264 40.9892
      vertex 0.933786 -0.933786 40.9026
    endloop
  endfacet
  facet normal 0.173124 0.233428 0.956838
    outer loop
      vertex 1.92349 2.34377 40.4739
      vertex 1.21493 1.81828 40.7303
      vertex 1.3873 1.69044 40.7303
    endloop
  endfacet
  facet normal 0.173121 0.233433 0.956838
    outer loop
      vertex 1.68449 2.52102 40.4739
      vertex 1.21493 1.81828 40.7303
      vertex 1.92349 2.34377 40.4739
    endloop
  endfacet
  facet normal -0.00481771 -0.0980494 0.99517
    outer loop
      vertex 0 -0.441608 40.9892
      vertex -0.129438 -1.31421 40.9026
      vertex 0 -1.32057 40.9026
    endloop
  endfacet
  facet normal -0.0419713 -0.0887425 0.99517
    outer loop
      vertex -0.208173 -0.389464 40.9892
      vertex -0.505362 -1.22005 40.9026
      vertex -0.168996 -0.407993 40.9892
    endloop
  endfacet
  facet normal -0.0842026 0.0504654 0.99517
    outer loop
      vertex -1.09802 0.733671 40.9026
      vertex -1.16464 0.622514 40.9026
      vertex -0.389464 0.208173 40.9892
    endloop
  endfacet
  facet normal 0.0142601 0.29027 0.956838
    outer loop
      vertex 0.297189 3.01741 40.4739
      vertex 0 3.03201 40.4739
      vertex 0.214346 2.17629 40.7303
    endloop
  endfacet
  facet normal -0.0311464 0.634079 0.772641
    outer loop
      vertex 0 6.04403 38.6686
      vertex -0.592418 6.01493 38.6686
      vertex 0 5.36129 39.2289
    endloop
  endfacet
  facet normal -0.187321 0.523536 0.831156
    outer loop
      vertex -1.5563 5.13044 39.2289
      vertex -1.77065 4.27472 39.7196
      vertex -1.34312 4.42769 39.7196
    endloop
  endfacet
  facet normal 0.20172 0.426497 0.881708
    outer loop
      vertex 1.77065 4.27472 39.7196
      vertex 1.47256 3.55508 40.1359
      vertex 2.18112 4.08058 39.7196
    endloop
  endfacet
  facet normal 0.114644 0.457656 0.881707
    outer loop
      vertex 1.34312 4.42769 39.7196
      vertex 0.750707 3.77406 40.1359
      vertex 1.11701 3.6823 40.1359
    endloop
  endfacet
  facet normal -0.466695 0.0692288 0.881705
    outer loop
      vertex -3.77406 0.750707 40.1359
      vertex -4.60464 0.453518 39.7196
      vertex -3.82947 0.377169 40.1359
    endloop
  endfacet
  facet normal -0.360693 0.129057 0.923713
    outer loop
      vertex -2.80121 1.1603 40.4739
      vertex -3.55508 1.47256 40.1359
      vertex -2.90145 0.880145 40.4739
    endloop
  endfacet
  facet normal -0.466693 0.0692221 0.881706
    outer loop
      vertex -4.53802 0.902668 39.7196
      vertex -4.60464 0.453518 39.7196
      vertex -3.77406 0.750707 40.1359
    endloop
  endfacet
  facet normal -0.195072 0.00958498 0.980742
    outer loop
      vertex -1.31421 0.129438 40.9026
      vertex -2.17629 0.214346 40.7303
      vertex -1.32057 0 40.9026
    endloop
  endfacet
  facet normal -0.373413 0.411998 0.831156
    outer loop
      vertex -3.40117 4.14434 39.2289
      vertex -3.79101 3.79101 39.2289
      vertex -2.93529 3.57666 39.7196
    endloop
  endfacet
  facet normal -0.373412 0.411999 0.831156
    outer loop
      vertex -2.93529 3.57666 39.7196
      vertex -3.79101 3.79101 39.2289
      vertex -3.27173 3.27173 39.7196
    endloop
  endfacet
  facet normal -0.129057 0.360693 0.923713
    outer loop
      vertex -0.880145 2.90145 40.4739
      vertex -1.47256 3.55508 40.1359
      vertex -1.1603 2.80121 40.4739
    endloop
  endfacet
  facet normal 0.0835066 0.176556 0.980742
    outer loop
      vertex 0.83686 2.02036 40.7303
      vertex 0.505362 1.22005 40.9026
      vertex 0.622514 1.16464 40.9026
    endloop
  endfacet
  facet normal -0.621181 0.460688 0.633956
    outer loop
      vertex -5.58799 4.58595 37.3613
      vertex -6.01058 4.01614 37.3613
      vertex -5.15487 4.23049 38.044
    endloop
  endfacet
  facet normal -0.397595 0.663339 0.633956
    outer loop
      vertex -3.40766 6.37529 37.3613
      vertex -3.70485 5.5447 38.044
      vertex -3.14354 5.88114 38.044
    endloop
  endfacet
  facet normal -0.803206 0.595702 0
    outer loop
      vertex -7.47421 4.99411 31.5584
      vertex -6.94871 5.70266 32.4416
      vertex -6.94871 5.70266 31.5584
    endloop
  endfacet
  facet normal -0.803206 0.595702 0
    outer loop
      vertex -6.94871 5.70266 32.4416
      vertex -7.47421 4.99411 31.5584
      vertex -7.47421 4.99411 32.4416
    endloop
  endfacet
  facet normal -0.58428 0.787807 0.194877
    outer loop
      vertex -4.94601 7.40223 33.3206
      vertex -5.64774 6.88179 33.3206
      vertex -4.85028 7.25896 34.1868
    endloop
  endfacet
  facet normal -0.378937 0.0562109 0.923714
    outer loop
      vertex -3.77406 0.750707 40.1359
      vertex -3.82947 0.377169 40.1359
      vertex -3.01741 0.297189 40.4739
    endloop
  endfacet
  facet normal -0.281914 0.0706096 0.956838
    outer loop
      vertex -2.09266 0.6348 40.7303
      vertex -2.90145 0.880145 40.4739
      vertex -2.1448 0.426627 40.7303
    endloop
  endfacet
  facet normal -0.772437 0.0379463 0.633957
    outer loop
      vertex -6.63645 0.653633 38.044
      vertex -7.19406 0.708552 37.3613
      vertex -6.66856 0 38.044
    endloop
  endfacet
  facet normal -0.706722 0.034718 0.706639
    outer loop
      vertex -6.63645 0.653633 38.044
      vertex -6.66856 0 38.044
      vertex -6.01493 0.592418 38.6686
    endloop
  endfacet
  facet normal -0.71345 0.427615 0.555098
    outer loop
      vertex -6.41858 4.28876 36.6269
      vertex -6.80804 3.63897 36.6269
      vertex -6.01058 4.01614 37.3613
    endloop
  endfacet
  facet normal -0.50991 0.378175 0.772642
    outer loop
      vertex -4.6721 3.83429 38.6686
      vertex -5.02543 3.35788 38.6686
      vertex -4.45775 2.97857 39.2289
    endloop
  endfacet
  facet normal 0.59284 0.799348 -0.0978966
    outer loop
      vertex 5.64774 6.88179 30.6794
      vertex 4.99411 7.47421 31.5584
      vertex 5.70266 6.94871 31.5584
    endloop
  endfacet
  facet normal 0.595702 0.803206 -0
    outer loop
      vertex 5.70266 6.94871 31.5584
      vertex 4.99411 7.47421 32.4416
      vertex 5.70266 6.94871 32.4416
    endloop
  endfacet
  facet normal 0.595702 0.803206 0
    outer loop
      vertex 4.99411 7.47421 32.4416
      vertex 5.70266 6.94871 31.5584
      vertex 4.99411 7.47421 31.5584
    endloop
  endfacet
  facet normal 0.671562 0.740949 -0
    outer loop
      vertex 6.35629 6.35629 31.5584
      vertex 5.70266 6.94871 32.4416
      vertex 6.35629 6.35629 32.4416
    endloop
  endfacet
  facet normal 0.671562 0.740949 0
    outer loop
      vertex 5.70266 6.94871 32.4416
      vertex 6.35629 6.35629 31.5584
      vertex 5.70266 6.94871 31.5584
    endloop
  endfacet
  facet normal 0.330434 0.923492 -0.194874
    outer loop
      vertex 3.34093 8.06573 29.8132
      vertex 2.53427 8.35436 29.8132
      vertex 3.40687 8.22492 30.6794
    endloop
  endfacet
  facet normal 0.514104 0.857728 -0
    outer loop
      vertex 4.99411 7.47421 31.5584
      vertex 4.23746 7.92773 32.4416
      vertex 4.99411 7.47421 32.4416
    endloop
  endfacet
  facet normal 0.514104 0.857728 0
    outer loop
      vertex 4.23746 7.92773 32.4416
      vertex 4.99411 7.47421 31.5584
      vertex 4.23746 7.92773 31.5584
    endloop
  endfacet
  facet normal 0.419357 0.886659 0.194874
    outer loop
      vertex 3.40687 8.22492 33.3206
      vertex 3.34093 8.06573 34.1868
      vertex 4.11543 7.69942 34.1868
    endloop
  endfacet
  facet normal 0.409186 0.865153 0.28996
    outer loop
      vertex 4.11543 7.69942 34.1868
      vertex 3.24282 7.82886 35.032
      vertex 3.99457 7.47331 35.032
    endloop
  endfacet
  facet normal 0.322419 0.901093 0.28996
    outer loop
      vertex 3.34093 8.06573 34.1868
      vertex 2.53427 8.35436 34.1868
      vertex 3.24282 7.82886 35.032
    endloop
  endfacet
  facet normal 0.330434 0.923492 0.194874
    outer loop
      vertex 3.40687 8.22492 33.3206
      vertex 2.53427 8.35436 34.1868
      vertex 3.34093 8.06573 34.1868
    endloop
  endfacet
  facet normal 0.122047 0.822785 0.555094
    outer loop
      vertex 0.756648 7.68239 36.6269
      vertex 0.708552 7.19406 37.3613
      vertex 1.41028 7.08997 37.3613
    endloop
  endfacet
  facet normal 0.214342 0.855716 0.470964
    outer loop
      vertex 1.58724 7.97957 35.848
      vertex 1.50601 7.57123 36.6269
      vertex 2.24087 7.38716 36.6269
    endloop
  endfacet
  facet normal 0.224524 0.896352 0.382285
    outer loop
      vertex 2.45984 8.10901 35.032
      vertex 1.65317 8.31107 35.032
      vertex 2.36173 7.78557 35.848
    endloop
  endfacet
  facet normal 0.355638 0.751927 0.555093
    outer loop
      vertex 2.95415 7.13194 36.6269
      vertex 2.76637 6.6786 37.3613
      vertex 3.40766 6.37529 37.3613
    endloop
  endfacet
  facet normal 0.297193 0.830585 0.470962
    outer loop
      vertex 2.36173 7.78557 35.848
      vertex 2.24087 7.38716 36.6269
      vertex 2.95415 7.13194 36.6269
    endloop
  endfacet
  facet normal 0.224525 0.896352 0.382284
    outer loop
      vertex 1.65317 8.31107 35.032
      vertex 1.58724 7.97957 35.848
      vertex 2.36173 7.78557 35.848
    endloop
  endfacet
  facet normal -0.492023 0.820876 0.28996
    outer loop
      vertex -4.11543 7.69942 34.1868
      vertex -4.85028 7.25896 34.1868
      vertex -3.99457 7.47331 35.032
    endloop
  endfacet
  facet normal -0.35564 0.751927 0.555092
    outer loop
      vertex -2.95415 7.13194 36.6269
      vertex -3.63897 6.80804 36.6269
      vertex -3.40766 6.37529 37.3613
    endloop
  endfacet
  facet normal 0.281051 0.378949 0.881708
    outer loop
      vertex 2.57058 3.84715 39.7196
      vertex 2.13783 3.19949 40.1359
      vertex 2.93529 3.57666 39.7196
    endloop
  endfacet
  facet normal 0.331238 0.446618 0.831152
    outer loop
      vertex 2.97857 4.45775 39.2289
      vertex 2.57058 3.84715 39.7196
      vertex 2.93529 3.57666 39.7196
    endloop
  endfacet
  facet normal 0.470391 0.426337 0.772638
    outer loop
      vertex 4.6721 3.83429 38.6686
      vertex 3.79101 3.79101 39.2289
      vertex 4.14434 3.40117 39.2289
    endloop
  endfacet
  facet normal 0.283842 0.257268 0.923714
    outer loop
      vertex 2.72094 2.72094 40.1359
      vertex 2.14395 2.14395 40.4739
      vertex 2.34377 1.92349 40.4739
    endloop
  endfacet
  facet normal 0.426337 0.470391 0.772638
    outer loop
      vertex 3.83429 4.6721 38.6686
      vertex 3.40117 4.14434 39.2289
      vertex 3.79101 3.79101 39.2289
    endloop
  endfacet
  facet normal 0.331224 0.446621 0.831156
    outer loop
      vertex 2.97857 4.45775 39.2289
      vertex 2.93529 3.57666 39.7196
      vertex 3.40117 4.14434 39.2289
    endloop
  endfacet
  facet normal 0.444217 0.158946 0.881707
    outer loop
      vertex 4.42769 1.34312 39.7196
      vertex 3.55508 1.47256 40.1359
      vertex 3.6823 1.11701 40.1359
    endloop
  endfacet
  facet normal 0.457656 0.114644 0.881707
    outer loop
      vertex 4.42769 1.34312 39.7196
      vertex 3.6823 1.11701 40.1359
      vertex 3.77406 0.750707 40.1359
    endloop
  endfacet
  facet normal 0.639634 0.302534 0.706641
    outer loop
      vertex 5.88114 3.14354 38.044
      vertex 5.58396 2.31295 38.6686
      vertex 6.16095 2.55195 38.044
    endloop
  endfacet
  facet normal 0.573893 0.271429 0.772641
    outer loop
      vertex 5.58396 2.31295 38.6686
      vertex 4.72824 2.5273 39.2289
      vertex 4.95319 2.05168 39.2289
    endloop
  endfacet
  facet normal 0.373413 0.411998 0.831156
    outer loop
      vertex 3.40117 4.14434 39.2289
      vertex 2.93529 3.57666 39.7196
      vertex 3.79101 3.79101 39.2289
    endloop
  endfacet
  facet normal 0.524269 0.475182 0.706642
    outer loop
      vertex 4.71538 4.71538 38.044
      vertex 4.6721 3.83429 38.6686
      vertex 5.15487 4.23049 38.044
    endloop
  endfacet
  facet normal 0.421495 0.568336 0.706638
    outer loop
      vertex 3.70485 5.5447 38.044
      vertex 3.35788 5.02543 38.6686
      vertex 4.23049 5.15487 38.044
    endloop
  endfacet
  facet normal 0.378169 0.509921 0.772637
    outer loop
      vertex 3.83429 4.6721 38.6686
      vertex 2.97857 4.45775 39.2289
      vertex 3.40117 4.14434 39.2289
    endloop
  endfacet
  facet normal 0.260539 0.728165 0.633952
    outer loop
      vertex 2.76637 6.6786 37.3613
      vertex 2.09843 6.91759 37.3613
      vertex 2.55195 6.16095 38.044
    endloop
  endfacet
  facet normal 0.26053 0.728164 0.633957
    outer loop
      vertex 2.09843 6.91759 37.3613
      vertex 1.93578 6.38141 38.044
      vertex 2.55195 6.16095 38.044
    endloop
  endfacet
  facet normal 0.699916 -0.103819 0.706639
    outer loop
      vertex 6.63645 -0.653633 38.044
      vertex 6.01493 -0.592418 38.6686
      vertex 6.54043 -1.30097 38.044
    endloop
  endfacet
  facet normal 0.764999 -0.113473 0.633956
    outer loop
      vertex 6.63645 -0.653633 38.044
      vertex 6.54043 -1.30097 38.044
      vertex 7.08997 -1.41028 37.3613
    endloop
  endfacet
  facet normal 0.830786 0.0408152 0.555094
    outer loop
      vertex 7.68239 0.756648 36.6269
      vertex 7.19406 0.708552 37.3613
      vertex 7.22887 0 37.3613
    endloop
  endfacet
  facet normal 0.896352 0.224525 0.382284
    outer loop
      vertex 8.31107 1.65317 35.032
      vertex 7.78557 2.36173 35.848
      vertex 7.97957 1.58724 35.848
    endloop
  endfacet
  facet normal 0.668092 0.495499 0.555098
    outer loop
      vertex 6.41858 4.28876 36.6269
      vertex 5.9673 4.89723 36.6269
      vertex 6.01058 4.01614 37.3613
    endloop
  endfacet
  facet normal 0.668107 0.495491 0.555087
    outer loop
      vertex 5.9673 4.89723 36.6269
      vertex 5.58799 4.58595 37.3613
      vertex 6.01058 4.01614 37.3613
    endloop
  endfacet
  facet normal 0.427626 0.713449 0.555092
    outer loop
      vertex 3.63897 6.80804 36.6269
      vertex 3.40766 6.37529 37.3613
      vertex 4.01614 6.01058 37.3613
    endloop
  endfacet
  facet normal 0.35564 0.751927 0.555092
    outer loop
      vertex 3.63897 6.80804 36.6269
      vertex 2.95415 7.13194 36.6269
      vertex 3.40766 6.37529 37.3613
    endloop
  endfacet
  facet normal 0.427615 0.71345 0.555098
    outer loop
      vertex 4.28876 6.41858 36.6269
      vertex 3.63897 6.80804 36.6269
      vertex 4.01614 6.01058 37.3613
    endloop
  endfacet
  facet normal 0.460688 0.621181 0.633956
    outer loop
      vertex 4.58595 5.58799 37.3613
      vertex 4.01614 6.01058 37.3613
      vertex 4.23049 5.15487 38.044
    endloop
  endfacet
  facet normal 0.558597 0.616318 0.555087
    outer loop
      vertex 4.89723 5.9673 36.6269
      vertex 4.58595 5.58799 37.3613
      vertex 5.45855 5.45855 36.6269
    endloop
  endfacet
  facet normal 0.592416 0.653631 0.470967
    outer loop
      vertex 5.75295 5.75295 35.848
      vertex 4.89723 5.9673 36.6269
      vertex 5.45855 5.45855 36.6269
    endloop
  endfacet
  facet normal 0.658686 0.726745 0.19487
    outer loop
      vertex 5.64774 6.88179 33.3206
      vertex 5.53843 6.7486 34.1868
      vertex 6.17324 6.17324 34.1868
    endloop
  endfacet
  facet normal 0.642708 0.709117 0.289963
    outer loop
      vertex 5.53843 6.7486 34.1868
      vertex 5.37578 6.55041 35.032
      vertex 6.17324 6.17324 34.1868
    endloop
  endfacet
  facet normal 0.708545 0.525501 0.47097
    outer loop
      vertex 6.28914 5.16136 35.848
      vertex 5.9673 4.89723 36.6269
      vertex 6.76476 4.52007 35.848
    endloop
  endfacet
  facet normal 0.708545 0.525502 0.470969
    outer loop
      vertex 6.76476 4.52007 35.848
      vertex 5.9673 4.89723 36.6269
      vertex 6.41858 4.28876 36.6269
    endloop
  endfacet
  facet normal 0.853608 0.511634 0.0978985
    outer loop
      vertex 7.92773 4.23746 32.4416
      vertex 7.40223 4.94601 33.3206
      vertex 7.85138 4.19665 33.3206
    endloop
  endfacet
  facet normal 0.841281 0.504254 0.19487
    outer loop
      vertex 7.85138 4.19665 33.3206
      vertex 7.25896 4.85028 34.1868
      vertex 7.69942 4.11543 34.1868
    endloop
  endfacet
  facet normal 0.865153 0.409186 0.28996
    outer loop
      vertex 8.06573 3.34093 34.1868
      vertex 7.69942 4.11543 34.1868
      vertex 7.82886 3.24282 35.032
    endloop
  endfacet
  facet normal 0.797462 0.377158 0.470962
    outer loop
      vertex 7.17523 3.83524 35.848
      vertex 7.13194 2.95415 36.6269
      vertex 7.51659 3.11347 35.848
    endloop
  endfacet
  facet normal 0.979646 0.0481284 0.194877
    outer loop
      vertex 8.90259 0 33.3206
      vertex 8.68824 0.855717 34.1868
      vertex 8.73028 0 34.1868
    endloop
  endfacet
  facet normal 0.93702 0.335275 0.097896
    outer loop
      vertex 8.3049 3.44 32.4416
      vertex 8.22492 3.40687 33.3206
      vertex 8.60209 2.60942 32.4416
    endloop
  endfacet
  facet normal 0.989176 -0.146731 0
    outer loop
      vertex 8.81643 -1.7537 32.4416
      vertex 8.94587 -0.881091 31.5584
      vertex 8.94587 -0.881091 32.4416
    endloop
  endfacet
  facet normal 0.989176 -0.146731 0
    outer loop
      vertex 8.94587 -0.881091 31.5584
      vertex 8.81643 -1.7537 32.4416
      vertex 8.81643 -1.7537 31.5584
    endloop
  endfacet
  facet normal 0.93702 -0.335275 -0.097896
    outer loop
      vertex 8.3049 -3.44 31.5584
      vertex 8.22492 -3.40687 30.6794
      vertex 8.60209 -2.60942 31.5584
    endloop
  endfacet
  facet normal 0.984426 -0.146027 0.0978887
    outer loop
      vertex 8.94587 -0.881091 32.4416
      vertex 8.73153 -1.73681 33.3206
      vertex 8.81643 -1.7537 32.4416
    endloop
  endfacet
  facet normal 0.984426 -0.146023 0.0978924
    outer loop
      vertex 8.85972 -0.872605 33.3206
      vertex 8.73153 -1.73681 33.3206
      vertex 8.94587 -0.881091 32.4416
    endloop
  endfacet
  facet normal 0.955887 0.0469665 -0.289955
    outer loop
      vertex 8.4739 0 28.968
      vertex 8.43309 0.830586 28.968
      vertex 8.73028 0 29.8132
    endloop
  endfacet
  facet normal 0.955887 -0.0469665 -0.289955
    outer loop
      vertex 8.73028 0 29.8132
      vertex 8.43309 -0.830586 28.968
      vertex 8.4739 0 28.968
    endloop
  endfacet
  facet normal 0.922931 -0.0453378 -0.382286
    outer loop
      vertex 8.43309 -0.830586 28.968
      vertex 8.1074 -0.798509 28.1779
      vertex 8.13615 -0.213252 28.1779
    endloop
  endfacet
  facet normal 0.922917 -0.0453823 -0.382315
    outer loop
      vertex 8.43309 -0.830586 28.968
      vertex 8.13615 -0.213252 28.1779
      vertex 8.14534 -0.0263597 28.1779
    endloop
  endfacet
  facet normal 0.970212 -0.143914 -0.194877
    outer loop
      vertex 8.73153 -1.73681 30.6794
      vertex 8.68824 -0.855717 29.8132
      vertex 8.85972 -0.872605 30.6794
    endloop
  endfacet
  facet normal 0.94668 -0.140426 -0.28996
    outer loop
      vertex 8.56253 -1.70319 29.8132
      vertex 8.43309 -0.830586 28.968
      vertex 8.68824 -0.855717 29.8132
    endloop
  endfacet
  facet normal 0.89636 -0.22449 -0.382287
    outer loop
      vertex 8.31107 -1.65317 28.968
      vertex 7.93822 -1.79644 28.1779
      vertex 7.99009 -1.58933 28.1779
    endloop
  endfacet
  facet normal 0.896353 -0.224534 -0.382276
    outer loop
      vertex 7.93822 -1.79644 28.1779
      vertex 8.31107 -1.65317 28.968
      vertex 7.80225 -2.33924 28.1779
    endloop
  endfacet
  facet normal 0.896352 -0.224524 -0.382284
    outer loop
      vertex 8.10901 -2.45984 28.968
      vertex 7.80225 -2.33924 28.1779
      vertex 8.31107 -1.65317 28.968
    endloop
  endfacet
  facet normal 0.896374 -0.224444 -0.38228
    outer loop
      vertex 7.80225 -2.33924 28.1779
      vertex 8.10901 -2.45984 28.968
      vertex 7.79584 -2.36484 28.1779
    endloop
  endfacet
  facet normal 0.93702 0.335274 -0.0978971
    outer loop
      vertex 8.51925 2.58428 30.6794
      vertex 8.22492 3.40687 30.6794
      vertex 8.60209 2.60942 31.5584
    endloop
  endfacet
  facet normal 0.93702 0.335275 -0.097896
    outer loop
      vertex 8.60209 2.60942 31.5584
      vertex 8.22492 3.40687 30.6794
      vertex 8.3049 3.44 31.5584
    endloop
  endfacet
  facet normal 0.923492 0.330434 -0.194874
    outer loop
      vertex 8.35436 2.53427 29.8132
      vertex 8.06573 3.34093 29.8132
      vertex 8.22492 3.40687 30.6794
    endloop
  endfacet
  facet normal 0.901093 0.322419 -0.28996
    outer loop
      vertex 8.35436 2.53427 29.8132
      vertex 7.82886 3.24282 28.968
      vertex 8.06573 3.34093 29.8132
    endloop
  endfacet
  facet normal 0.768701 0.57011 -0.289955
    outer loop
      vertex 7.04579 4.70784 28.968
      vertex 6.55041 5.37578 28.968
      vertex 7.25896 4.85028 29.8132
    endloop
  endfacet
  facet normal 0.82088 0.492019 -0.289955
    outer loop
      vertex 7.47331 3.99457 28.968
      vertex 7.04579 4.70784 28.968
      vertex 7.25896 4.85028 29.8132
    endloop
  endfacet
  facet normal 0.901094 0.322411 -0.289967
    outer loop
      vertex 8.10901 2.45984 28.968
      vertex 7.82886 3.24282 28.968
      vertex 8.35436 2.53427 29.8132
    endloop
  endfacet
  facet normal -0.57302 0.519368 0.63396
    outer loop
      vertex -5.11158 5.11158 37.3613
      vertex -5.15487 4.23049 38.044
      vertex -4.71538 4.71538 38.044
    endloop
  endfacet
  facet normal -0.783161 0.280224 0.555098
    outer loop
      vertex -7.13194 2.95415 36.6269
      vertex -7.38716 2.24087 36.6269
      vertex -6.91759 2.09843 37.3613
    endloop
  endfacet
  facet normal -0.524269 0.475182 0.706642
    outer loop
      vertex -4.71538 4.71538 38.044
      vertex -5.15487 4.23049 38.044
      vertex -4.6721 3.83429 38.6686
    endloop
  endfacet
  facet normal -0.470389 0.426345 0.772635
    outer loop
      vertex -4.27377 4.27377 38.6686
      vertex -4.6721 3.83429 38.6686
      vertex -3.79101 3.79101 39.2289
    endloop
  endfacet
  facet normal -0.886659 0.419357 0.194874
    outer loop
      vertex -7.69942 4.11543 34.1868
      vertex -8.22492 3.40687 33.3206
      vertex -8.06573 3.34093 34.1868
    endloop
  endfacet
  facet normal -0.886658 0.41936 0.194871
    outer loop
      vertex -7.85138 4.19665 33.3206
      vertex -8.22492 3.40687 33.3206
      vertex -7.69942 4.11543 34.1868
    endloop
  endfacet
  facet normal -0.787813 0.584274 0.194869
    outer loop
      vertex -6.88179 5.64774 33.3206
      vertex -7.25896 4.85028 34.1868
      vertex -6.7486 5.53843 34.1868
    endloop
  endfacet
  facet normal -0.787807 0.58428 0.194877
    outer loop
      vertex -6.88179 5.64774 33.3206
      vertex -7.40223 4.94601 33.3206
      vertex -7.25896 4.85028 34.1868
    endloop
  endfacet
  facet normal -0.857728 0.514104 0
    outer loop
      vertex -7.92773 4.23746 31.5584
      vertex -7.47421 4.99411 32.4416
      vertex -7.47421 4.99411 31.5584
    endloop
  endfacet
  facet normal -0.857728 0.514104 0
    outer loop
      vertex -7.47421 4.99411 32.4416
      vertex -7.92773 4.23746 31.5584
      vertex -7.92773 4.23746 32.4416
    endloop
  endfacet
  facet normal -0.668331 0.737395 -0.0978891
    outer loop
      vertex -6.29508 6.29508 30.6794
      vertex -6.35629 6.35629 31.5584
      vertex -5.64774 6.88179 30.6794
    endloop
  endfacet
  facet normal -0.799348 0.59284 0.0978966
    outer loop
      vertex -6.94871 5.70266 32.4416
      vertex -7.47421 4.99411 32.4416
      vertex -6.88179 5.64774 33.3206
    endloop
  endfacet
  facet normal -0.453513 0.756643 0.470975
    outer loop
      vertex -3.83524 7.17523 35.848
      vertex -4.52007 6.76476 35.848
      vertex -3.63897 6.80804 36.6269
    endloop
  endfacet
  facet normal -0.570102 0.768704 0.289963
    outer loop
      vertex -4.85028 7.25896 34.1868
      vertex -5.53843 6.7486 34.1868
      vertex -5.37578 6.55041 35.032
    endloop
  endfacet
  facet normal -0.841281 0.504254 0.19487
    outer loop
      vertex -7.25896 4.85028 34.1868
      vertex -7.85138 4.19665 33.3206
      vertex -7.69942 4.11543 34.1868
    endloop
  endfacet
  facet normal -0.820876 0.492023 0.28996
    outer loop
      vertex -7.25896 4.85028 34.1868
      vertex -7.69942 4.11543 34.1868
      vertex -7.47331 3.99457 35.032
    endloop
  endfacet
  facet normal -0.709122 0.642706 0.289958
    outer loop
      vertex -6.17324 6.17324 34.1868
      vertex -6.55041 5.37578 35.032
      vertex -5.99195 5.99195 35.032
    endloop
  endfacet
  facet normal -0.7422 0.550456 0.382279
    outer loop
      vertex -6.55041 5.37578 35.032
      vertex -7.04579 4.70784 35.032
      vertex -6.76476 4.52007 35.848
    endloop
  endfacet
  facet normal -0.830585 -0.297193 0.470962
    outer loop
      vertex -7.38716 -2.24087 36.6269
      vertex -7.78557 -2.36173 35.848
      vertex -7.13194 -2.95415 36.6269
    endloop
  endfacet
  facet normal -0.806855 -0.202115 0.555098
    outer loop
      vertex -7.08997 -1.41028 37.3613
      vertex -7.38716 -2.24087 36.6269
      vertex -6.91759 -2.09843 37.3613
    endloop
  endfacet
  facet normal -0.750189 -0.187923 0.633957
    outer loop
      vertex -6.54043 -1.30097 38.044
      vertex -6.91759 -2.09843 37.3613
      vertex -6.38141 -1.93578 38.044
    endloop
  endfacet
  facet normal -0.728164 -0.26053 0.633957
    outer loop
      vertex -6.38141 -1.93578 38.044
      vertex -6.91759 -2.09843 37.3613
      vertex -6.16095 -2.55195 38.044
    endloop
  endfacet
  facet normal -0.830786 -0.0408152 0.555094
    outer loop
      vertex -7.22887 0 37.3613
      vertex -7.68239 -0.756648 36.6269
      vertex -7.19406 -0.708552 37.3613
    endloop
  endfacet
  facet normal -0.822785 -0.122047 0.555094
    outer loop
      vertex -7.19406 -0.708552 37.3613
      vertex -7.68239 -0.756648 36.6269
      vertex -7.08997 -1.41028 37.3613
    endloop
  endfacet
  facet normal -0.597733 -0.213872 0.772641
    outer loop
      vertex -5.13044 -1.5563 39.2289
      vertex -5.78378 -1.75449 38.6686
      vertex -5.58396 -2.31295 38.6686
    endloop
  endfacet
  facet normal -0.615818 -0.154256 0.772641
    outer loop
      vertex -5.25828 -1.04594 39.2289
      vertex -5.78378 -1.75449 38.6686
      vertex -5.13044 -1.5563 39.2289
    endloop
  endfacet
  facet normal -0.639634 -0.302534 0.706641
    outer loop
      vertex -5.58396 -2.31295 38.6686
      vertex -6.16095 -2.55195 38.044
      vertex -5.88114 -3.14354 38.044
    endloop
  endfacet
  facet normal -0.411998 -0.373413 0.831156
    outer loop
      vertex -3.57666 -2.93529 39.7196
      vertex -4.14434 -3.40117 39.2289
      vertex -3.79101 -3.79101 39.2289
    endloop
  endfacet
  facet normal -0.870031 0.311297 0.382284
    outer loop
      vertex -7.82886 3.24282 35.032
      vertex -8.10901 2.45984 35.032
      vertex -7.78557 2.36173 35.848
    endloop
  endfacet
  facet normal -0.901094 0.322411 0.289967
    outer loop
      vertex -7.82886 3.24282 35.032
      vertex -8.35436 2.53427 34.1868
      vertex -8.10901 2.45984 35.032
    endloop
  endfacet
  facet normal -0.742191 0.550465 -0.382283
    outer loop
      vertex -6.42462 4.99668 28.1779
      vertex -6.55041 5.37578 28.968
      vertex -6.29743 5.16817 28.1779
    endloop
  endfacet
  facet normal -0.742212 0.550442 -0.382275
    outer loop
      vertex -6.55041 5.37578 28.968
      vertex -6.42462 4.99668 28.1779
      vertex -6.75795 4.54722 28.1779
    endloop
  endfacet
  facet normal -0.726748 0.658681 -0.194875
    outer loop
      vertex -6.17324 6.17324 29.8132
      vertex -6.88179 5.64774 30.6794
      vertex -6.29508 6.29508 30.6794
    endloop
  endfacet
  facet normal -0.504254 0.841281 -0.19487
    outer loop
      vertex -4.11543 7.69942 29.8132
      vertex -4.85028 7.25896 29.8132
      vertex -4.19665 7.85138 30.6794
    endloop
  endfacet
  facet normal -0.322419 0.901093 -0.28996
    outer loop
      vertex -3.24282 7.82886 28.968
      vertex -3.34093 8.06573 29.8132
      vertex -2.53427 8.35436 29.8132
    endloop
  endfacet
  facet normal -0.409186 0.865153 -0.28996
    outer loop
      vertex -3.24282 7.82886 28.968
      vertex -4.11543 7.69942 29.8132
      vertex -3.34093 8.06573 29.8132
    endloop
  endfacet
  facet normal -0.946679 -0.140428 0.289962
    outer loop
      vertex -8.43309 -0.830586 35.032
      vertex -8.56253 -1.70319 34.1868
      vertex -8.31107 -1.65317 35.032
    endloop
  endfacet
  facet normal -0.970211 -0.143916 0.194879
    outer loop
      vertex -8.68824 -0.855717 34.1868
      vertex -8.73153 -1.73681 33.3206
      vertex -8.56253 -1.70319 34.1868
    endloop
  endfacet
  facet normal -0.73739 -0.668336 -0.0978966
    outer loop
      vertex -6.35629 -6.35629 31.5584
      vertex -6.94871 -5.70266 31.5584
      vertex -6.88179 -5.64774 30.6794
    endloop
  endfacet
  facet normal -0.799348 -0.59284 -0.0978966
    outer loop
      vertex -6.94871 -5.70266 31.5584
      vertex -7.47421 -4.99411 31.5584
      vertex -6.88179 -5.64774 30.6794
    endloop
  endfacet
  facet normal -0.73739 -0.668336 0.0978966
    outer loop
      vertex -6.88179 -5.64774 33.3206
      vertex -6.94871 -5.70266 32.4416
      vertex -6.35629 -6.35629 32.4416
    endloop
  endfacet
  facet normal -0.853608 -0.511634 -0.097898
    outer loop
      vertex -7.47421 -4.99411 31.5584
      vertex -7.92773 -4.23746 31.5584
      vertex -7.40223 -4.94601 30.6794
    endloop
  endfacet
  facet normal -0.928358 -0.232536 -0.289963
    outer loop
      vertex -8.35436 -2.53427 29.8132
      vertex -8.56253 -1.70319 29.8132
      vertex -8.31107 -1.65317 28.968
    endloop
  endfacet
  facet normal -0.768701 -0.57011 -0.289955
    outer loop
      vertex -6.55041 -5.37578 28.968
      vertex -7.25896 -4.85028 29.8132
      vertex -7.04579 -4.70784 28.968
    endloop
  endfacet
  facet normal -0.841284 -0.504247 -0.194877
    outer loop
      vertex -7.40223 -4.94601 30.6794
      vertex -7.85138 -4.19665 30.6794
      vertex -7.25896 -4.85028 29.8132
    endloop
  endfacet
  facet normal -0.792481 -0.475209 -0.382296
    outer loop
      vertex -7.04579 -4.70784 28.968
      vertex -6.78724 -4.50339 28.1779
      vertex -6.77367 -4.52602 28.1779
    endloop
  endfacet
  facet normal -0.792577 -0.475055 -0.382288
    outer loop
      vertex -6.78724 -4.50339 28.1779
      vertex -7.04579 -4.70784 28.968
      vertex -7.47331 -3.99457 28.968
    endloop
  endfacet
  facet normal -0.492023 -0.820876 0.28996
    outer loop
      vertex -3.99457 -7.47331 35.032
      vertex -4.85028 -7.25896 34.1868
      vertex -4.11543 -7.69942 34.1868
    endloop
  endfacet
  facet normal -0.58428 -0.787807 0.194877
    outer loop
      vertex -4.85028 -7.25896 34.1868
      vertex -5.64774 -6.88179 33.3206
      vertex -4.94601 -7.40223 33.3206
    endloop
  endfacet
  facet normal -0.504254 -0.841281 0.19487
    outer loop
      vertex -4.11543 -7.69942 34.1868
      vertex -4.85028 -7.25896 34.1868
      vertex -4.19665 -7.85138 33.3206
    endloop
  endfacet
  facet normal -0.41936 -0.886658 0.194871
    outer loop
      vertex -4.11543 -7.69942 34.1868
      vertex -4.19665 -7.85138 33.3206
      vertex -3.40687 -8.22492 33.3206
    endloop
  endfacet
  facet normal -0.658686 -0.726745 -0.19487
    outer loop
      vertex -5.64774 -6.88179 30.6794
      vertex -6.17324 -6.17324 29.8132
      vertex -5.53843 -6.7486 29.8132
    endloop
  endfacet
  facet normal -0.642708 -0.709117 -0.289963
    outer loop
      vertex -5.53843 -6.7486 29.8132
      vertex -6.17324 -6.17324 29.8132
      vertex -5.37578 -6.55041 28.968
    endloop
  endfacet
  facet normal -0.409186 -0.865153 -0.28996
    outer loop
      vertex -3.34093 -8.06573 29.8132
      vertex -4.11543 -7.69942 29.8132
      vertex -3.24282 -7.82886 28.968
    endloop
  endfacet
  facet normal -0.409186 -0.865153 -0.28996
    outer loop
      vertex -3.24282 -7.82886 28.968
      vertex -4.11543 -7.69942 29.8132
      vertex -3.99457 -7.47331 28.968
    endloop
  endfacet
  facet normal 0.330434 -0.923492 -0.194874
    outer loop
      vertex 3.40687 -8.22492 30.6794
      vertex 2.53427 -8.35436 29.8132
      vertex 3.34093 -8.06573 29.8132
    endloop
  endfacet
  facet normal 0.330434 -0.923492 -0.194874
    outer loop
      vertex 2.58428 -8.51925 30.6794
      vertex 2.53427 -8.35436 29.8132
      vertex 3.40687 -8.22492 30.6794
    endloop
  endfacet
  facet normal 0.41936 -0.886658 0.194871
    outer loop
      vertex 4.11543 -7.69942 34.1868
      vertex 3.40687 -8.22492 33.3206
      vertex 4.19665 -7.85138 33.3206
    endloop
  endfacet
  facet normal 0.241806 -0.965374 0.097896
    outer loop
      vertex 2.58428 -8.51925 33.3206
      vertex 1.7537 -8.81643 32.4416
      vertex 2.60942 -8.60209 32.4416
    endloop
  endfacet
  facet normal 0.045167 -0.922937 -0.382293
    outer loop
      vertex 0.0263597 -8.14534 28.1779
      vertex 0 -8.4739 28.968
      vertex 0 -8.14663 28.1779
    endloop
  endfacet
  facet normal 0.0453473 -0.922931 -0.382284
    outer loop
      vertex 0 -8.4739 28.968
      vertex 0.0263597 -8.14534 28.1779
      vertex 0.830586 -8.43309 28.968
    endloop
  endfacet
  facet normal 0.0469665 -0.955887 -0.289955
    outer loop
      vertex 0.830586 -8.43309 28.968
      vertex 0 -8.73028 29.8132
      vertex 0 -8.4739 28.968
    endloop
  endfacet
  facet normal -0.273633 -0.0979098 0.956838
    outer loop
      vertex -2.09266 -0.6348 40.7303
      vertex -2.90145 -0.880145 40.4739
      vertex -2.02036 -0.83686 40.7303
    endloop
  endfacet
  facet normal -0.183891 -0.0657981 0.980742
    outer loop
      vertex -1.26371 -0.383342 40.9026
      vertex -2.09266 -0.6348 40.7303
      vertex -1.22005 -0.505362 40.9026
    endloop
  endfacet
  facet normal -0.195175 -0.215335 0.956837
    outer loop
      vertex -1.54632 -1.54632 40.7303
      vertex -2.14395 -2.14395 40.4739
      vertex -1.92349 -2.34377 40.4739
    endloop
  endfacet
  facet normal -0.00958498 -0.195072 0.980742
    outer loop
      vertex -0.129438 -1.31421 40.9026
      vertex -0.214346 -2.17629 40.7303
      vertex 0 -1.32057 40.9026
    endloop
  endfacet
  facet normal -0.0952253 -0.0238533 0.99517
    outer loop
      vertex -0.433124 -0.086153 40.9892
      vertex -1.2952 -0.25763 40.9026
      vertex -1.26371 -0.383342 40.9026
    endloop
  endfacet
  facet normal -0.0887425 -0.0419713 0.99517
    outer loop
      vertex -0.407993 -0.168996 40.9892
      vertex -1.22005 -0.505362 40.9026
      vertex -0.389464 -0.208173 40.9892
    endloop
  endfacet
  facet normal 0.0657988 -0.183891 0.980742
    outer loop
      vertex 0.83686 -2.02036 40.7303
      vertex 0.505362 -1.22005 40.9026
      vertex 0.6348 -2.09266 40.7303
    endloop
  endfacet
  facet normal 0.0979065 -0.273633 0.956838
    outer loop
      vertex 1.1603 -2.80121 40.4739
      vertex 0.83686 -2.02036 40.7303
      vertex 0.880145 -2.90145 40.4739
    endloop
  endfacet
  facet normal 0.316838 -0.349578 0.881708
    outer loop
      vertex 3.27173 -3.27173 39.7196
      vertex 2.72094 -2.72094 40.1359
      vertex 2.93529 -3.57666 39.7196
    endloop
  endfacet
  facet normal 0.183891 -0.0657988 0.980742
    outer loop
      vertex 2.09266 -0.6348 40.7303
      vertex 1.22005 -0.505362 40.9026
      vertex 2.02036 -0.83686 40.7303
    endloop
  endfacet
  facet normal -0.0584779 0.0788486 0.99517
    outer loop
      vertex -0.245344 0.367184 40.9892
      vertex -0.733671 1.09802 40.9026
      vertex -0.280153 0.341368 40.9892
    endloop
  endfacet
  facet normal 0.0842026 0.0504654 0.99517
    outer loop
      vertex 1.09802 0.733671 40.9026
      vertex 0.389464 0.208173 40.9892
      vertex 1.16464 0.622514 40.9026
    endloop
  endfacet
  facet normal -0.0584781 -0.0788485 0.99517
    outer loop
      vertex -0.280153 -0.341368 40.9892
      vertex -0.837763 -1.02082 40.9026
      vertex -0.733671 -1.09802 40.9026
    endloop
  endfacet
  facet normal 0.193195 0.0286588 0.980742
    outer loop
      vertex 2.1448 0.426627 40.7303
      vertex 1.2952 0.25763 40.9026
      vertex 2.17629 0.214346 40.7303
    endloop
  endfacet
  facet normal 0.193195 -0.0286495 0.980742
    outer loop
      vertex 1.31421 -0.129438 40.9026
      vertex 1.2952 -0.25763 40.9026
      vertex 2.17629 -0.214346 40.7303
    endloop
  endfacet
  facet normal -0.171926 -0.686367 0.706641
    outer loop
      vertex -1.17913 -5.9279 38.6686
      vertex -1.75449 -5.78378 38.6686
      vertex -1.30097 -6.54043 38.044
    endloop
  endfacet
  facet normal -0.539375 -0.13511 0.831156
    outer loop
      vertex -4.53802 -0.902668 39.7196
      vertex -5.25828 -1.04594 39.2289
      vertex -4.42769 -1.34312 39.7196
    endloop
  endfacet
  facet normal -0.444217 -0.158946 0.881707
    outer loop
      vertex -3.6823 -1.11701 40.1359
      vertex -4.42769 -1.34312 39.7196
      vertex -3.55508 -1.47256 40.1359
    endloop
  endfacet
  facet normal -0.502654 -0.237736 0.831156
    outer loop
      vertex -4.08058 -2.18112 39.7196
      vertex -4.95319 -2.05168 39.2289
      vertex -4.72824 -2.5273 39.2289
    endloop
  endfacet
  facet normal -0.568326 -0.4215 0.706642
    outer loop
      vertex -5.02543 -3.35788 38.6686
      vertex -5.15487 -4.23049 38.044
      vertex -4.6721 -3.83429 38.6686
    endloop
  endfacet
  facet normal -0.378949 -0.281051 0.881708
    outer loop
      vertex -3.19949 -2.13783 40.1359
      vertex -3.84715 -2.57058 39.7196
      vertex -3.57666 -2.93529 39.7196
    endloop
  endfacet
  facet normal -0.597733 -0.213873 0.772641
    outer loop
      vertex -5.13044 -1.5563 39.2289
      vertex -5.58396 -2.31295 38.6686
      vertex -4.95319 -2.05168 39.2289
    endloop
  endfacet
  facet normal -0.550023 -0.0815819 0.831155
    outer loop
      vertex -4.60464 -0.453518 39.7196
      vertex -5.25828 -1.04594 39.2289
      vertex -4.53802 -0.902668 39.7196
    endloop
  endfacet
  facet normal -0.597733 0.213872 0.772641
    outer loop
      vertex -5.58396 2.31295 38.6686
      vertex -5.78378 1.75449 38.6686
      vertex -5.13044 1.5563 39.2289
    endloop
  endfacet
  facet normal -0.615819 -0.154255 0.77264
    outer loop
      vertex -5.25828 -1.04594 39.2289
      vertex -5.9279 -1.17913 38.6686
      vertex -5.78378 -1.75449 38.6686
    endloop
  endfacet
  facet normal -0.307698 -0.228199 0.923714
    outer loop
      vertex -2.52102 -1.68449 40.4739
      vertex -3.19949 -2.13783 40.1359
      vertex -2.34377 -1.92349 40.4739
    endloop
  endfacet
  facet normal -0.24255 -0.404676 0.881707
    outer loop
      vertex -1.81393 -3.39363 40.1359
      vertex -2.57058 -3.84715 39.7196
      vertex -2.18112 -4.08058 39.7196
    endloop
  endfacet
  facet normal -0.195164 -0.215341 0.956838
    outer loop
      vertex -1.54632 -1.54632 40.7303
      vertex -1.92349 -2.34377 40.4739
      vertex -1.3873 -1.69044 40.7303
    endloop
  endfacet
  facet normal -0.363769 -0.606907 0.706637
    outer loop
      vertex -2.84914 -5.33036 38.6686
      vertex -3.35788 -5.02543 38.6686
      vertex -3.14354 -5.88114 38.044
    endloop
  endfacet
  facet normal 0.36377 -0.606907 0.706637
    outer loop
      vertex 3.35788 -5.02543 38.6686
      vertex 3.14354 -5.88114 38.044
      vertex 3.70485 -5.5447 38.044
    endloop
  endfacet
  facet normal 0.421495 -0.568336 0.706638
    outer loop
      vertex 4.23049 -5.15487 38.044
      vertex 3.35788 -5.02543 38.6686
      vertex 3.70485 -5.5447 38.044
    endloop
  endfacet
  facet normal 0.24255 -0.404676 0.881707
    outer loop
      vertex 2.57058 -3.84715 39.7196
      vertex 1.81393 -3.39363 40.1359
      vertex 2.18112 -4.08058 39.7196
    endloop
  endfacet
  facet normal 0.242553 -0.404672 0.881708
    outer loop
      vertex 2.13783 -3.19949 40.1359
      vertex 1.81393 -3.39363 40.1359
      vertex 2.57058 -3.84715 39.7196
    endloop
  endfacet
  facet normal 0.470391 -0.426337 0.772638
    outer loop
      vertex 4.14434 -3.40117 39.2289
      vertex 3.79101 -3.79101 39.2289
      vertex 4.6721 -3.83429 38.6686
    endloop
  endfacet
  facet normal 0.509921 -0.378169 0.772637
    outer loop
      vertex 4.45775 -2.97857 39.2289
      vertex 4.14434 -3.40117 39.2289
      vertex 4.6721 -3.83429 38.6686
    endloop
  endfacet
  facet normal 0.476932 -0.285858 0.831156
    outer loop
      vertex 4.08058 -2.18112 39.7196
      vertex 3.84715 -2.57058 39.7196
      vertex 4.72824 -2.5273 39.2289
    endloop
  endfacet
  facet normal 0.404676 -0.24255 0.881707
    outer loop
      vertex 4.08058 -2.18112 39.7196
      vertex 3.39363 -1.81393 40.1359
      vertex 3.84715 -2.57058 39.7196
    endloop
  endfacet
  facet normal 0.331238 -0.446618 0.831152
    outer loop
      vertex 2.93529 -3.57666 39.7196
      vertex 2.57058 -3.84715 39.7196
      vertex 2.97857 -4.45775 39.2289
    endloop
  endfacet
  facet normal 0.331224 -0.446621 0.831156
    outer loop
      vertex 3.40117 -4.14434 39.2289
      vertex 2.93529 -3.57666 39.7196
      vertex 2.97857 -4.45775 39.2289
    endloop
  endfacet
  facet normal -0.768701 -0.57011 0.289955
    outer loop
      vertex -7.04579 -4.70784 35.032
      vertex -7.25896 -4.85028 34.1868
      vertex -6.55041 -5.37578 35.032
    endloop
  endfacet
  facet normal -0.708545 -0.525502 0.470969
    outer loop
      vertex -6.41858 -4.28876 36.6269
      vertex -6.76476 -4.52007 35.848
      vertex -5.9673 -4.89723 36.6269
    endloop
  endfacet
  facet normal -0.709122 -0.642706 0.289958
    outer loop
      vertex -5.99195 -5.99195 35.032
      vertex -6.55041 -5.37578 35.032
      vertex -6.17324 -6.17324 34.1868
    endloop
  endfacet
  facet normal -0.684673 -0.620547 0.382289
    outer loop
      vertex -5.75295 -5.75295 35.848
      vertex -6.55041 -5.37578 35.032
      vertex -5.99195 -5.99195 35.032
    endloop
  endfacet
  facet normal -0.835328 -0.395079 0.382282
    outer loop
      vertex -7.17523 -3.83524 35.848
      vertex -7.82886 -3.24282 35.032
      vertex -7.47331 -3.99457 35.032
    endloop
  endfacet
  facet normal -0.865153 -0.409186 0.28996
    outer loop
      vertex -7.47331 -3.99457 35.032
      vertex -7.82886 -3.24282 35.032
      vertex -7.69942 -4.11543 34.1868
    endloop
  endfacet
  facet normal -0.584274 -0.787813 0.194869
    outer loop
      vertex -5.53843 -6.7486 34.1868
      vertex -5.64774 -6.88179 33.3206
      vertex -4.85028 -7.25896 34.1868
    endloop
  endfacet
  facet normal -0.570102 -0.768704 0.289963
    outer loop
      vertex -5.37578 -6.55041 35.032
      vertex -5.53843 -6.7486 34.1868
      vertex -4.85028 -7.25896 34.1868
    endloop
  endfacet
  facet normal -0.135594 -0.914044 0.382279
    outer loop
      vertex -0.797458 -8.09673 35.848
      vertex -1.58724 -7.97957 35.848
      vertex -0.830586 -8.43309 35.032
    endloop
  endfacet
  facet normal -0.0453332 -0.922934 0.382279
    outer loop
      vertex -0.797458 -8.09673 35.848
      vertex -0.830586 -8.43309 35.032
      vertex 0 -8.1359 35.848
    endloop
  endfacet
  facet normal -0.113475 -0.764998 0.633957
    outer loop
      vertex -0.653633 -6.63645 38.044
      vertex -1.41028 -7.08997 37.3613
      vertex -0.708552 -7.19406 37.3613
    endloop
  endfacet
  facet normal -0.558597 -0.616318 0.555087
    outer loop
      vertex -4.58595 -5.58799 37.3613
      vertex -5.45855 -5.45855 36.6269
      vertex -4.89723 -5.9673 36.6269
    endloop
  endfacet
  facet normal 0.311304 -0.870025 0.382291
    outer loop
      vertex 3.11347 -7.51659 35.848
      vertex 2.36173 -7.78557 35.848
      vertex 3.24282 -7.82886 35.032
    endloop
  endfacet
  facet normal 0.37717 -0.797449 0.470975
    outer loop
      vertex 3.63897 -6.80804 36.6269
      vertex 2.95415 -7.13194 36.6269
      vertex 3.83524 -7.17523 35.848
    endloop
  endfacet
  facet normal 0.0311464 -0.634079 0.772641
    outer loop
      vertex 0 -5.36129 39.2289
      vertex 0 -6.04403 38.6686
      vertex 0.592418 -6.01493 38.6686
    endloop
  endfacet
  facet normal 0.0272771 -0.555368 0.831157
    outer loop
      vertex 0.453518 -4.60464 39.7196
      vertex 0 -5.36129 39.2289
      vertex 0.525498 -5.33548 39.2289
    endloop
  endfacet
  facet normal 0.187921 -0.750191 0.633956
    outer loop
      vertex 2.09843 -6.91759 37.3613
      vertex 1.30097 -6.54043 38.044
      vertex 1.41028 -7.08997 37.3613
    endloop
  endfacet
  facet normal 0.113473 -0.764999 0.633956
    outer loop
      vertex 1.30097 -6.54043 38.044
      vertex 0.653633 -6.63645 38.044
      vertex 1.41028 -7.08997 37.3613
    endloop
  endfacet
  facet normal 0.20172 -0.426497 0.881708
    outer loop
      vertex 2.18112 -4.08058 39.7196
      vertex 1.47256 -3.55508 40.1359
      vertex 1.77065 -4.27472 39.7196
    endloop
  endfacet
  facet normal 0.135108 -0.539375 0.831156
    outer loop
      vertex 1.34312 -4.42769 39.7196
      vertex 1.04594 -5.25828 39.2289
      vertex 1.5563 -5.13044 39.2289
    endloop
  endfacet
  facet normal 0.237736 -0.502654 0.831156
    outer loop
      vertex 2.18112 -4.08058 39.7196
      vertex 2.05168 -4.95319 39.2289
      vertex 2.5273 -4.72824 39.2289
    endloop
  endfacet
  facet normal 0.271429 -0.573893 0.772641
    outer loop
      vertex 2.5273 -4.72824 39.2289
      vertex 2.05168 -4.95319 39.2289
      vertex 2.31295 -5.58396 38.6686
    endloop
  endfacet
  facet normal -0.0815819 -0.550023 0.831155
    outer loop
      vertex -0.902668 -4.53802 39.7196
      vertex -1.04594 -5.25828 39.2289
      vertex -0.453518 -4.60464 39.7196
    endloop
  endfacet
  facet normal -0.331238 -0.446618 0.831152
    outer loop
      vertex -2.93529 -3.57666 39.7196
      vertex -2.97857 -4.45775 39.2289
      vertex -2.57058 -3.84715 39.7196
    endloop
  endfacet
  facet normal 0.11464 -0.457659 0.881706
    outer loop
      vertex 1.34312 -4.42769 39.7196
      vertex 0.750707 -3.77406 40.1359
      vertex 0.902668 -4.53802 39.7196
    endloop
  endfacet
  facet normal -0.0657981 -0.183891 0.980742
    outer loop
      vertex -0.505362 -1.22005 40.9026
      vertex -0.6348 -2.09266 40.7303
      vertex -0.383342 -1.26371 40.9026
    endloop
  endfacet
  facet normal -0.550458 -0.742196 0.382283
    outer loop
      vertex -5.16136 -6.28914 35.848
      vertex -5.37578 -6.55041 35.032
      vertex -4.52007 -6.76476 35.848
    endloop
  endfacet
  facet normal -0.525501 -0.708545 0.47097
    outer loop
      vertex -4.89723 -5.9673 36.6269
      vertex -5.16136 -6.28914 35.848
      vertex -4.52007 -6.76476 35.848
    endloop
  endfacet
  facet normal -0.280218 -0.783167 0.555093
    outer loop
      vertex -2.76637 -6.6786 37.3613
      vertex -2.95415 -7.13194 36.6269
      vertex -2.09843 -6.91759 37.3613
    endloop
  endfacet
  facet normal -0.187921 -0.750191 0.633956
    outer loop
      vertex -1.30097 -6.54043 38.044
      vertex -2.09843 -6.91759 37.3613
      vertex -1.41028 -7.08997 37.3613
    endloop
  endfacet
  facet normal -0.79258 -0.475057 0.38228
    outer loop
      vertex -6.76476 -4.52007 35.848
      vertex -7.47331 -3.99457 35.032
      vertex -7.04579 -4.70784 35.032
    endloop
  endfacet
  facet normal -0.751927 -0.355638 0.555093
    outer loop
      vertex -6.6786 -2.76637 37.3613
      vertex -7.13194 -2.95415 36.6269
      vertex -6.37529 -3.40766 37.3613
    endloop
  endfacet
  facet normal -0.71345 -0.427615 0.555098
    outer loop
      vertex -6.01058 -4.01614 37.3613
      vertex -6.80804 -3.63897 36.6269
      vertex -6.41858 -4.28876 36.6269
    endloop
  endfacet
  facet normal -0.713449 -0.427626 0.555092
    outer loop
      vertex -6.37529 -3.40766 37.3613
      vertex -6.80804 -3.63897 36.6269
      vertex -6.01058 -4.01614 37.3613
    endloop
  endfacet
  facet normal -0.616318 -0.558597 0.555087
    outer loop
      vertex -5.58799 -4.58595 37.3613
      vertex -5.9673 -4.89723 36.6269
      vertex -5.45855 -5.45855 36.6269
    endloop
  endfacet
  facet normal -0.653631 -0.592416 0.470967
    outer loop
      vertex -5.45855 -5.45855 36.6269
      vertex -5.9673 -4.89723 36.6269
      vertex -5.75295 -5.75295 35.848
    endloop
  endfacet
  facet normal 0.238317 -0.951435 0.194875
    outer loop
      vertex 2.53427 -8.35436 34.1868
      vertex 1.70319 -8.56253 34.1868
      vertex 2.58428 -8.51925 33.3206
    endloop
  endfacet
  facet normal 0.232536 -0.928358 0.289963
    outer loop
      vertex 2.53427 -8.35436 34.1868
      vertex 1.65317 -8.31107 35.032
      vertex 1.70319 -8.56253 34.1868
    endloop
  endfacet
  facet normal 0.146731 -0.989176 0
    outer loop
      vertex 0.881091 -8.94587 31.5584
      vertex 1.7537 -8.81643 32.4416
      vertex 0.881091 -8.94587 32.4416
    endloop
  endfacet
  facet normal 0.146731 -0.989176 0
    outer loop
      vertex 1.7537 -8.81643 32.4416
      vertex 0.881091 -8.94587 31.5584
      vertex 1.7537 -8.81643 31.5584
    endloop
  endfacet
  facet normal -0.0481284 -0.979646 0.194877
    outer loop
      vertex 0 -8.73028 34.1868
      vertex -0.855717 -8.68824 34.1868
      vertex 0 -8.90259 33.3206
    endloop
  endfacet
  facet normal -0.146023 -0.984426 0.0978924
    outer loop
      vertex -0.872605 -8.85972 33.3206
      vertex -1.73681 -8.73153 33.3206
      vertex -0.881091 -8.94587 32.4416
    endloop
  endfacet
  facet normal -0.140426 -0.94668 -0.28996
    outer loop
      vertex -0.855717 -8.68824 29.8132
      vertex -1.70319 -8.56253 29.8132
      vertex -0.830586 -8.43309 28.968
    endloop
  endfacet
  facet normal -0.0469611 -0.955886 -0.28996
    outer loop
      vertex 0 -8.73028 29.8132
      vertex -0.855717 -8.68824 29.8132
      vertex -0.830586 -8.43309 28.968
    endloop
  endfacet
  facet normal -0.0488374 -0.993998 -0.0978958
    outer loop
      vertex 0 -8.98916 31.5584
      vertex -0.881091 -8.94587 31.5584
      vertex 0 -8.90259 30.6794
    endloop
  endfacet
  facet normal 0.0488339 -0.993998 -0.0978923
    outer loop
      vertex 0.881091 -8.94587 31.5584
      vertex 0 -8.90259 30.6794
      vertex 0.872605 -8.85972 30.6794
    endloop
  endfacet
  facet normal -0.140428 -0.946679 0.289962
    outer loop
      vertex -1.65317 -8.31107 35.032
      vertex -1.70319 -8.56253 34.1868
      vertex -0.830586 -8.43309 35.032
    endloop
  endfacet
  facet normal -0.140426 -0.94668 0.28996
    outer loop
      vertex -0.830586 -8.43309 35.032
      vertex -1.70319 -8.56253 34.1868
      vertex -0.855717 -8.68824 34.1868
    endloop
  endfacet
  facet normal -0.242973 -0.970033 0
    outer loop
      vertex -2.60942 -8.60209 31.5584
      vertex -1.7537 -8.81643 32.4416
      vertex -2.60942 -8.60209 32.4416
    endloop
  endfacet
  facet normal -0.242973 -0.970033 -0
    outer loop
      vertex -1.7537 -8.81643 32.4416
      vertex -2.60942 -8.60209 31.5584
      vertex -1.7537 -8.81643 31.5584
    endloop
  endfacet
  facet normal 0.475054 -0.792578 -0.382287
    outer loop
      vertex 4.02343 -7.07492 28.1779
      vertex 3.99457 -7.47331 28.968
      vertex 3.84029 -7.18469 28.1779
    endloop
  endfacet
  facet normal 0.475057 -0.792577 -0.382286
    outer loop
      vertex 3.99457 -7.47331 28.968
      vertex 4.02343 -7.07492 28.1779
      vertex 4.50339 -6.78724 28.1779
    endloop
  endfacet
  facet normal 0.409186 -0.865153 -0.28996
    outer loop
      vertex 3.34093 -8.06573 29.8132
      vertex 3.24282 -7.82886 28.968
      vertex 4.11543 -7.69942 29.8132
    endloop
  endfacet
  facet normal 0.409186 -0.865153 -0.28996
    outer loop
      vertex 4.11543 -7.69942 29.8132
      vertex 3.24282 -7.82886 28.968
      vertex 3.99457 -7.47331 28.968
    endloop
  endfacet
  facet normal 0.311297 -0.870031 0.382284
    outer loop
      vertex 3.24282 -7.82886 35.032
      vertex 2.36173 -7.78557 35.848
      vertex 2.45984 -8.10901 35.032
    endloop
  endfacet
  facet normal 0.224524 -0.896352 0.382285
    outer loop
      vertex 2.36173 -7.78557 35.848
      vertex 1.65317 -8.31107 35.032
      vertex 2.45984 -8.10901 35.032
    endloop
  endfacet
  facet normal 0.425501 -0.899647 0.0978961
    outer loop
      vertex 4.23746 -7.92773 32.4416
      vertex 3.40687 -8.22492 33.3206
      vertex 3.44 -8.3049 32.4416
    endloop
  endfacet
  facet normal 0.584274 -0.787813 0.194869
    outer loop
      vertex 5.53843 -6.7486 34.1868
      vertex 4.85028 -7.25896 34.1868
      vertex 5.64774 -6.88179 33.3206
    endloop
  endfacet
  facet normal 0.592839 -0.799348 -0.0978984
    outer loop
      vertex 4.99411 -7.47421 31.5584
      vertex 4.94601 -7.40223 30.6794
      vertex 5.64774 -6.88179 30.6794
    endloop
  endfacet
  facet normal 0.511634 -0.853608 0.097898
    outer loop
      vertex 4.94601 -7.40223 33.3206
      vertex 4.23746 -7.92773 32.4416
      vertex 4.99411 -7.47421 32.4416
    endloop
  endfacet
  facet normal 0.514104 -0.857728 0
    outer loop
      vertex 4.23746 -7.92773 31.5584
      vertex 4.99411 -7.47421 32.4416
      vertex 4.23746 -7.92773 32.4416
    endloop
  endfacet
  facet normal 0.514104 -0.857728 0
    outer loop
      vertex 4.99411 -7.47421 32.4416
      vertex 4.23746 -7.92773 31.5584
      vertex 4.99411 -7.47421 31.5584
    endloop
  endfacet
  facet normal 0.668336 -0.73739 0.0978966
    outer loop
      vertex 6.35629 -6.35629 32.4416
      vertex 5.64774 -6.88179 33.3206
      vertex 5.70266 -6.94871 32.4416
    endloop
  endfacet
  facet normal 0.550383 -0.742247 -0.382294
    outer loop
      vertex 4.54722 -6.75795 28.1779
      vertex 4.70784 -7.04579 28.968
      vertex 4.52602 -6.77367 28.1779
    endloop
  endfacet
  facet normal 0.550453 -0.742197 -0.38229
    outer loop
      vertex 4.70784 -7.04579 28.968
      vertex 4.54722 -6.75795 28.1779
      vertex 5.37578 -6.55041 28.968
    endloop
  endfacet
  facet normal 0.550442 -0.742212 -0.382275
    outer loop
      vertex 4.99668 -6.42462 28.1779
      vertex 5.37578 -6.55041 28.968
      vertex 4.54722 -6.75795 28.1779
    endloop
  endfacet
  facet normal 0.550465 -0.742191 -0.382283
    outer loop
      vertex 5.37578 -6.55041 28.968
      vertex 4.99668 -6.42462 28.1779
      vertex 5.16817 -6.29743 28.1779
    endloop
  endfacet
  facet normal 0.492023 -0.820876 -0.28996
    outer loop
      vertex 4.11543 -7.69942 29.8132
      vertex 3.99457 -7.47331 28.968
      vertex 4.85028 -7.25896 29.8132
    endloop
  endfacet
  facet normal 0.504254 -0.841281 -0.19487
    outer loop
      vertex 4.19665 -7.85138 30.6794
      vertex 4.11543 -7.69942 29.8132
      vertex 4.85028 -7.25896 29.8132
    endloop
  endfacet
  facet normal 0.853608 -0.511634 -0.097898
    outer loop
      vertex 7.47421 -4.99411 31.5584
      vertex 7.40223 -4.94601 30.6794
      vertex 7.92773 -4.23746 31.5584
    endloop
  endfacet
  facet normal 0.799348 -0.592839 -0.0978984
    outer loop
      vertex 7.47421 -4.99411 31.5584
      vertex 6.88179 -5.64774 30.6794
      vertex 7.40223 -4.94601 30.6794
    endloop
  endfacet
  facet normal 0.799348 -0.592839 0.0978984
    outer loop
      vertex 7.40223 -4.94601 33.3206
      vertex 6.88179 -5.64774 33.3206
      vertex 7.47421 -4.99411 32.4416
    endloop
  endfacet
  facet normal 0.799348 -0.59284 0.0978966
    outer loop
      vertex 7.47421 -4.99411 32.4416
      vertex 6.88179 -5.64774 33.3206
      vertex 6.94871 -5.70266 32.4416
    endloop
  endfacet
  facet normal 0.93702 -0.335274 -0.0978971
    outer loop
      vertex 8.60209 -2.60942 31.5584
      vertex 8.22492 -3.40687 30.6794
      vertex 8.51925 -2.58428 30.6794
    endloop
  endfacet
  facet normal -0.955887 -0.0469665 -0.289955
    outer loop
      vertex -8.43309 -0.830586 28.968
      vertex -8.73028 0 29.8132
      vertex -8.4739 0 28.968
    endloop
  endfacet
  facet normal -0.922937 -0.045167 -0.382293
    outer loop
      vertex -8.14534 -0.0263597 28.1779
      vertex -8.4739 0 28.968
      vertex -8.14663 0 28.1779
    endloop
  endfacet
  facet normal -0.922931 -0.0453473 -0.382284
    outer loop
      vertex -8.4739 0 28.968
      vertex -8.14534 -0.0263597 28.1779
      vertex -8.43309 -0.830586 28.968
    endloop
  endfacet
  facet normal -0.970212 -0.143914 -0.194877
    outer loop
      vertex -8.73153 -1.73681 30.6794
      vertex -8.85972 -0.872605 30.6794
      vertex -8.68824 -0.855717 29.8132
    endloop
  endfacet
  facet normal -0.965373 -0.241813 0.0978889
    outer loop
      vertex -8.73153 -1.73681 33.3206
      vertex -8.81643 -1.7537 32.4416
      vertex -8.51925 -2.58428 33.3206
    endloop
  endfacet
  facet normal -0.984426 -0.146027 0.0978887
    outer loop
      vertex -8.73153 -1.73681 33.3206
      vertex -8.94587 -0.881091 32.4416
      vertex -8.81643 -1.7537 32.4416
    endloop
  endfacet
  facet normal -0.923492 0.330434 -0.194874
    outer loop
      vertex -8.06573 3.34093 29.8132
      vertex -8.35436 2.53427 29.8132
      vertex -8.22492 3.40687 30.6794
    endloop
  endfacet
  facet normal -0.899646 0.425503 -0.0978985
    outer loop
      vertex -7.85138 4.19665 30.6794
      vertex -8.22492 3.40687 30.6794
      vertex -7.92773 4.23746 31.5584
    endloop
  endfacet
  facet normal -0.970212 0.143914 -0.194877
    outer loop
      vertex -8.68824 0.855717 29.8132
      vertex -8.85972 0.872605 30.6794
      vertex -8.73153 1.73681 30.6794
    endloop
  endfacet
  facet normal -0.979646 0.0481288 -0.194877
    outer loop
      vertex -8.68824 0.855717 29.8132
      vertex -8.90259 0 30.6794
      vertex -8.85972 0.872605 30.6794
    endloop
  endfacet
  facet normal -0.865153 0.409186 -0.28996
    outer loop
      vertex -7.82886 3.24282 28.968
      vertex -8.06573 3.34093 29.8132
      vertex -7.69942 4.11543 29.8132
    endloop
  endfacet
  facet normal -0.886658 0.41936 -0.194871
    outer loop
      vertex -7.69942 4.11543 29.8132
      vertex -8.22492 3.40687 30.6794
      vertex -7.85138 4.19665 30.6794
    endloop
  endfacet
  facet normal -0.896374 0.224444 -0.38228
    outer loop
      vertex -7.80225 2.33924 28.1779
      vertex -8.10901 2.45984 28.968
      vertex -7.79584 2.36484 28.1779
    endloop
  endfacet
  facet normal -0.896352 0.224524 -0.382284
    outer loop
      vertex -8.10901 2.45984 28.968
      vertex -7.80225 2.33924 28.1779
      vertex -8.31107 1.65317 28.968
    endloop
  endfacet
  facet normal -0.922931 0.0453378 -0.382286
    outer loop
      vertex -8.13615 0.213252 28.1779
      vertex -8.43309 0.830586 28.968
      vertex -8.1074 0.798509 28.1779
    endloop
  endfacet
  facet normal -0.922917 0.0453823 -0.382315
    outer loop
      vertex -8.43309 0.830586 28.968
      vertex -8.13615 0.213252 28.1779
      vertex -8.14534 0.0263597 28.1779
    endloop
  endfacet
  facet normal -0.425503 0.899646 0.0978985
    outer loop
      vertex -3.40687 8.22492 33.3206
      vertex -4.23746 7.92773 32.4416
      vertex -4.19665 7.85138 33.3206
    endloop
  endfacet
  facet normal -0.425501 0.899647 -0.0978961
    outer loop
      vertex -3.40687 8.22492 30.6794
      vertex -4.23746 7.92773 31.5584
      vertex -3.44 8.3049 31.5584
    endloop
  endfacet
  facet normal 0.242973 0.970033 -0
    outer loop
      vertex 2.60942 8.60209 31.5584
      vertex 1.7537 8.81643 32.4416
      vertex 2.60942 8.60209 32.4416
    endloop
  endfacet
  facet normal 0.242973 0.970033 0
    outer loop
      vertex 1.7537 8.81643 32.4416
      vertex 2.60942 8.60209 31.5584
      vertex 1.7537 8.81643 31.5584
    endloop
  endfacet
  facet normal 0.241806 0.965374 -0.097896
    outer loop
      vertex 2.58428 8.51925 30.6794
      vertex 1.7537 8.81643 31.5584
      vertex 2.60942 8.60209 31.5584
    endloop
  endfacet
  facet normal 0.232536 0.928358 0.289963
    outer loop
      vertex 1.70319 8.56253 34.1868
      vertex 1.65317 8.31107 35.032
      vertex 2.53427 8.35436 34.1868
    endloop
  endfacet
  facet normal 0.146027 0.984426 -0.0978887
    outer loop
      vertex 1.73681 8.73153 30.6794
      vertex 0.881091 8.94587 31.5584
      vertex 1.7537 8.81643 31.5584
    endloop
  endfacet
  facet normal 0.0432778 0.881088 0.470967
    outer loop
      vertex 0.797458 8.09673 35.848
      vertex 0 8.1359 35.848
      vertex 0.756648 7.68239 36.6269
    endloop
  endfacet
  facet normal -0.129442 0.872604 0.470964
    outer loop
      vertex -0.756648 7.68239 36.6269
      vertex -1.58724 7.97957 35.848
      vertex -1.50601 7.57123 36.6269
    endloop
  endfacet
  facet normal -0.140428 0.946679 0.289962
    outer loop
      vertex -0.830586 8.43309 35.032
      vertex -1.70319 8.56253 34.1868
      vertex -1.65317 8.31107 35.032
    endloop
  endfacet
  facet normal -0.224525 0.896352 0.382284
    outer loop
      vertex -1.65317 8.31107 35.032
      vertex -2.36173 7.78557 35.848
      vertex -1.58724 7.97957 35.848
    endloop
  endfacet
  facet normal -0.238367 0.666218 0.706637
    outer loop
      vertex -1.93578 6.38141 38.044
      vertex -2.55195 6.16095 38.044
      vertex -1.75449 5.78378 38.6686
    endloop
  endfacet
  facet normal -0.0408121 0.830788 0.555091
    outer loop
      vertex 0 7.71956 36.6269
      vertex -0.756648 7.68239 36.6269
      vertex 0 7.22887 37.3613
    endloop
  endfacet
  facet normal -0.232536 0.928358 0.289963
    outer loop
      vertex -1.70319 8.56253 34.1868
      vertex -2.53427 8.35436 34.1868
      vertex -1.65317 8.31107 35.032
    endloop
  endfacet
  facet normal -0.232541 0.928356 0.289967
    outer loop
      vertex -1.65317 8.31107 35.032
      vertex -2.53427 8.35436 34.1868
      vertex -2.45984 8.10901 35.032
    endloop
  endfacet
  facet normal -0.425503 0.899646 -0.0978985
    outer loop
      vertex -4.19665 7.85138 30.6794
      vertex -4.23746 7.92773 31.5584
      vertex -3.40687 8.22492 30.6794
    endloop
  endfacet
  facet normal -0.41936 0.886658 -0.194871
    outer loop
      vertex -4.11543 7.69942 29.8132
      vertex -4.19665 7.85138 30.6794
      vertex -3.40687 8.22492 30.6794
    endloop
  endfacet
  facet normal -0.668331 0.737395 0.0978891
    outer loop
      vertex -5.64774 6.88179 33.3206
      vertex -6.35629 6.35629 32.4416
      vertex -6.29508 6.29508 33.3206
    endloop
  endfacet
  facet normal 0.395048 0.835329 -0.382311
    outer loop
      vertex 3.64728 7.27597 28.1779
      vertex 3.24282 7.82886 28.968
      vertex 3.81644 7.19597 28.1779
    endloop
  endfacet
  facet normal 0.39508 0.835324 -0.382291
    outer loop
      vertex 3.24282 7.82886 28.968
      vertex 3.64728 7.27597 28.1779
      vertex 3.11758 7.5265 28.1779
    endloop
  endfacet
  facet normal 0.742191 0.550465 -0.382283
    outer loop
      vertex 6.55041 5.37578 28.968
      vertex 6.42462 4.99668 28.1779
      vertex 6.29743 5.16817 28.1779
    endloop
  endfacet
  facet normal 0.742212 0.550442 -0.382275
    outer loop
      vertex 6.42462 4.99668 28.1779
      vertex 6.55041 5.37578 28.968
      vertex 6.75795 4.54722 28.1779
    endloop
  endfacet
  facet normal 0.709117 0.642708 -0.289963
    outer loop
      vertex 6.55041 5.37578 28.968
      vertex 6.17324 6.17324 29.8132
      vertex 6.7486 5.53843 29.8132
    endloop
  endfacet
  facet normal 0.737395 0.668331 -0.0978891
    outer loop
      vertex 6.88179 5.64774 30.6794
      vertex 6.29508 6.29508 30.6794
      vertex 6.35629 6.35629 31.5584
    endloop
  endfacet
  facet normal 0.241806 0.965374 0.097896
    outer loop
      vertex 2.60942 8.60209 32.4416
      vertex 1.7537 8.81643 32.4416
      vertex 2.58428 8.51925 33.3206
    endloop
  endfacet
  facet normal -0.0481288 0.979646 -0.194877
    outer loop
      vertex -0.855717 8.68824 29.8132
      vertex -0.872605 8.85972 30.6794
      vertex 0 8.90259 30.6794
    endloop
  endfacet
  facet normal -0.0481284 0.979646 -0.194877
    outer loop
      vertex 0 8.73028 29.8132
      vertex -0.855717 8.68824 29.8132
      vertex 0 8.90259 30.6794
    endloop
  endfacet
  facet normal 0.143916 0.970211 -0.194879
    outer loop
      vertex 1.70319 8.56253 29.8132
      vertex 0.855717 8.68824 29.8132
      vertex 1.73681 8.73153 30.6794
    endloop
  endfacet
  facet normal 0.143914 0.970212 -0.194877
    outer loop
      vertex 1.73681 8.73153 30.6794
      vertex 0.855717 8.68824 29.8132
      vertex 0.872605 8.85972 30.6794
    endloop
  endfacet
  facet normal 0.335275 0.93702 -0.097896
    outer loop
      vertex 3.40687 8.22492 30.6794
      vertex 2.60942 8.60209 31.5584
      vertex 3.44 8.3049 31.5584
    endloop
  endfacet
  facet normal 0.322419 0.901093 -0.28996
    outer loop
      vertex 3.24282 7.82886 28.968
      vertex 2.53427 8.35436 29.8132
      vertex 3.34093 8.06573 29.8132
    endloop
  endfacet
  facet normal 0.409186 0.865153 -0.28996
    outer loop
      vertex 4.11543 7.69942 29.8132
      vertex 3.24282 7.82886 28.968
      vertex 3.34093 8.06573 29.8132
    endloop
  endfacet
  facet normal 0.335274 0.93702 -0.0978971
    outer loop
      vertex 3.40687 8.22492 30.6794
      vertex 2.58428 8.51925 30.6794
      vertex 2.60942 8.60209 31.5584
    endloop
  endfacet
  facet normal 0.311302 0.870026 -0.382291
    outer loop
      vertex 2.91655 7.59843 28.1779
      vertex 3.24282 7.82886 28.968
      vertex 3.11758 7.5265 28.1779
    endloop
  endfacet
  facet normal 0.31131 0.870022 -0.382293
    outer loop
      vertex 3.24282 7.82886 28.968
      vertex 2.91655 7.59843 28.1779
      vertex 2.38969 7.78695 28.1779
    endloop
  endfacet
  facet normal 0.311297 0.870032 -0.382281
    outer loop
      vertex 2.38969 7.78695 28.1779
      vertex 2.45984 8.10901 28.968
      vertex 3.24282 7.82886 28.968
    endloop
  endfacet
  facet normal 0.311256 0.870046 -0.382283
    outer loop
      vertex 2.45984 8.10901 28.968
      vertex 2.38969 7.78695 28.1779
      vertex 2.36484 7.79584 28.1779
    endloop
  endfacet
  facet normal -0.135587 0.914045 -0.38228
    outer loop
      vertex -1.56322 7.99397 28.1779
      vertex -1.65317 8.31107 28.968
      vertex -0.830586 8.43309 28.968
    endloop
  endfacet
  facet normal -0.135823 0.914005 -0.382291
    outer loop
      vertex -1.65317 8.31107 28.968
      vertex -1.56322 7.99397 28.1779
      vertex -1.58933 7.99009 28.1779
    endloop
  endfacet
  facet normal -0.135588 0.914043 -0.382285
    outer loop
      vertex -0.830586 8.43309 28.968
      vertex -0.798509 8.1074 28.1779
      vertex -1.37813 8.02142 28.1779
    endloop
  endfacet
  facet normal -0.135558 0.914039 -0.382304
    outer loop
      vertex -0.830586 8.43309 28.968
      vertex -1.37813 8.02142 28.1779
      vertex -1.56322 7.99397 28.1779
    endloop
  endfacet
  facet normal -0.241813 0.965373 -0.0978889
    outer loop
      vertex -1.73681 8.73153 30.6794
      vertex -2.58428 8.51925 30.6794
      vertex -1.7537 8.81643 31.5584
    endloop
  endfacet
  facet normal -0.146027 0.984426 -0.0978887
    outer loop
      vertex -1.73681 8.73153 30.6794
      vertex -1.7537 8.81643 31.5584
      vertex -0.881091 8.94587 31.5584
    endloop
  endfacet
  facet normal 0.597733 -0.213873 0.772641
    outer loop
      vertex 5.13044 -1.5563 39.2289
      vertex 4.95319 -2.05168 39.2289
      vertex 5.58396 -2.31295 38.6686
    endloop
  endfacet
  facet normal 0.615818 -0.154256 0.772641
    outer loop
      vertex 5.25828 -1.04594 39.2289
      vertex 5.13044 -1.5563 39.2289
      vertex 5.78378 -1.75449 38.6686
    endloop
  endfacet
  facet normal 0.573893 -0.271432 0.77264
    outer loop
      vertex 5.58396 -2.31295 38.6686
      vertex 4.72824 -2.5273 39.2289
      vertex 5.33036 -2.84914 38.6686
    endloop
  endfacet
  facet normal 0.639641 -0.302529 0.706637
    outer loop
      vertex 5.58396 -2.31295 38.6686
      vertex 5.33036 -2.84914 38.6686
      vertex 5.88114 -3.14354 38.044
    endloop
  endfacet
  facet normal 0.728164 -0.26053 0.633957
    outer loop
      vertex 6.38141 -1.93578 38.044
      vertex 6.16095 -2.55195 38.044
      vertex 6.91759 -2.09843 37.3613
    endloop
  endfacet
  facet normal 0.750189 -0.187923 0.633957
    outer loop
      vertex 6.54043 -1.30097 38.044
      vertex 6.38141 -1.93578 38.044
      vertex 6.91759 -2.09843 37.3613
    endloop
  endfacet
  facet normal 0.699914 -0.103822 0.706641
    outer loop
      vertex 6.01493 -0.592418 38.6686
      vertex 5.9279 -1.17913 38.6686
      vertex 6.54043 -1.30097 38.044
    endloop
  endfacet
  facet normal 0.627973 -0.0931505 0.77264
    outer loop
      vertex 6.01493 -0.592418 38.6686
      vertex 5.25828 -1.04594 39.2289
      vertex 5.9279 -1.17913 38.6686
    endloop
  endfacet
  facet normal 0.475182 -0.524271 0.706642
    outer loop
      vertex 4.27377 -4.27377 38.6686
      vertex 3.83429 -4.6721 38.6686
      vertex 4.71538 -4.71538 38.044
    endloop
  endfacet
  facet normal 0.475182 -0.524269 0.706642
    outer loop
      vertex 4.71538 -4.71538 38.044
      vertex 3.83429 -4.6721 38.6686
      vertex 4.23049 -5.15487 38.044
    endloop
  endfacet
  facet normal 0.460688 -0.621181 0.633956
    outer loop
      vertex 4.23049 -5.15487 38.044
      vertex 4.01614 -6.01058 37.3613
      vertex 4.58595 -5.58799 37.3613
    endloop
  endfacet
  facet normal 0.495491 -0.668107 0.555087
    outer loop
      vertex 4.58595 -5.58799 37.3613
      vertex 4.01614 -6.01058 37.3613
      vertex 4.89723 -5.9673 36.6269
    endloop
  endfacet
  facet normal 0.708545 -0.525502 0.470969
    outer loop
      vertex 6.41858 -4.28876 36.6269
      vertex 5.9673 -4.89723 36.6269
      vertex 6.76476 -4.52007 35.848
    endloop
  endfacet
  facet normal 0.708545 -0.525501 0.47097
    outer loop
      vertex 6.76476 -4.52007 35.848
      vertex 5.9673 -4.89723 36.6269
      vertex 6.28914 -5.16136 35.848
    endloop
  endfacet
  facet normal 0.797449 -0.37717 0.470975
    outer loop
      vertex 7.13194 -2.95415 36.6269
      vertex 6.80804 -3.63897 36.6269
      vertex 7.17523 -3.83524 35.848
    endloop
  endfacet
  facet normal 0.57302 -0.519368 0.63396
    outer loop
      vertex 5.15487 -4.23049 38.044
      vertex 4.71538 -4.71538 38.044
      vertex 5.11158 -5.11158 37.3613
    endloop
  endfacet
  facet normal 0.684673 -0.620547 0.382289
    outer loop
      vertex 6.55041 -5.37578 35.032
      vertex 5.75295 -5.75295 35.848
      vertex 5.99195 -5.99195 35.032
    endloop
  endfacet
  facet normal 0.68467 -0.620554 0.382283
    outer loop
      vertex 6.28914 -5.16136 35.848
      vertex 5.75295 -5.75295 35.848
      vertex 6.55041 -5.37578 35.032
    endloop
  endfacet
  facet normal 0.946679 -0.140428 0.289962
    outer loop
      vertex 8.43309 -0.830586 35.032
      vertex 8.31107 -1.65317 35.032
      vertex 8.56253 -1.70319 34.1868
    endloop
  endfacet
  facet normal 0.928358 -0.232536 0.289963
    outer loop
      vertex 8.56253 -1.70319 34.1868
      vertex 8.31107 -1.65317 35.032
      vertex 8.35436 -2.53427 34.1868
    endloop
  endfacet
  facet normal 0.772436 -0.0379485 0.633958
    outer loop
      vertex 7.22887 0 37.3613
      vertex 6.66856 0 38.044
      vertex 7.19406 -0.708552 37.3613
    endloop
  endfacet
  facet normal 0.922928 -0.0453472 0.382291
    outer loop
      vertex 8.4739 0 35.032
      vertex 8.1359 0 35.848
      vertex 8.43309 -0.830586 35.032
    endloop
  endfacet
  facet normal 0.899647 -0.425501 0.0978961
    outer loop
      vertex 8.22492 -3.40687 33.3206
      vertex 7.92773 -4.23746 32.4416
      vertex 8.3049 -3.44 32.4416
    endloop
  endfacet
  facet normal 0.93702 -0.335275 0.097896
    outer loop
      vertex 8.60209 -2.60942 32.4416
      vertex 8.22492 -3.40687 33.3206
      vertex 8.3049 -3.44 32.4416
    endloop
  endfacet
  facet normal 0.768704 -0.570102 0.289963
    outer loop
      vertex 7.25896 -4.85028 34.1868
      vertex 6.55041 -5.37578 35.032
      vertex 6.7486 -5.53843 34.1868
    endloop
  endfacet
  facet normal 0.709117 -0.642708 0.289963
    outer loop
      vertex 6.55041 -5.37578 35.032
      vertex 6.17324 -6.17324 34.1868
      vertex 6.7486 -5.53843 34.1868
    endloop
  endfacet
  facet normal 0.737395 -0.668331 0.0978891
    outer loop
      vertex 6.88179 -5.64774 33.3206
      vertex 6.29508 -6.29508 33.3206
      vertex 6.35629 -6.35629 32.4416
    endloop
  endfacet
  facet normal 0.726748 -0.658681 0.194875
    outer loop
      vertex 6.88179 -5.64774 33.3206
      vertex 6.17324 -6.17324 34.1868
      vertex 6.29508 -6.29508 33.3206
    endloop
  endfacet
  facet normal 0.570102 -0.768704 0.289963
    outer loop
      vertex 5.37578 -6.55041 35.032
      vertex 4.85028 -7.25896 34.1868
      vertex 5.53843 -6.7486 34.1868
    endloop
  endfacet
  facet normal 0.492019 -0.82088 0.289955
    outer loop
      vertex 4.70784 -7.04579 35.032
      vertex 3.99457 -7.47331 35.032
      vertex 4.85028 -7.25896 34.1868
    endloop
  endfacet
  facet normal 0.82088 -0.492019 -0.289955
    outer loop
      vertex 7.25896 -4.85028 29.8132
      vertex 7.04579 -4.70784 28.968
      vertex 7.47331 -3.99457 28.968
    endloop
  endfacet
  facet normal 0.709117 -0.642708 -0.289963
    outer loop
      vertex 6.7486 -5.53843 29.8132
      vertex 6.17324 -6.17324 29.8132
      vertex 6.55041 -5.37578 28.968
    endloop
  endfacet
  facet normal 0.865153 -0.409186 -0.28996
    outer loop
      vertex 8.06573 -3.34093 29.8132
      vertex 7.69942 -4.11543 29.8132
      vertex 7.82886 -3.24282 28.968
    endloop
  endfacet
  facet normal 0.901093 -0.322419 -0.28996
    outer loop
      vertex 8.06573 -3.34093 29.8132
      vertex 7.82886 -3.24282 28.968
      vertex 8.35436 -2.53427 29.8132
    endloop
  endfacet
  facet normal 0.686367 0.171926 0.706641
    outer loop
      vertex 6.54043 1.30097 38.044
      vertex 5.78378 1.75449 38.6686
      vertex 5.9279 1.17913 38.6686
    endloop
  endfacet
  facet normal 0.699914 0.103822 0.706641
    outer loop
      vertex 6.54043 1.30097 38.044
      vertex 5.9279 1.17913 38.6686
      vertex 6.01493 0.592418 38.6686
    endloop
  endfacet
  facet normal 0.466695 -0.0692288 0.881705
    outer loop
      vertex 3.82947 -0.377169 40.1359
      vertex 3.77406 -0.750707 40.1359
      vertex 4.60464 -0.453518 39.7196
    endloop
  endfacet
  facet normal 0.378937 -0.0562109 0.923714
    outer loop
      vertex 3.01741 -0.297189 40.4739
      vertex 2.97375 -0.591516 40.4739
      vertex 3.77406 -0.750707 40.1359
    endloop
  endfacet
  facet normal 0.555371 -0.0272837 0.831155
    outer loop
      vertex 4.62692 0 39.7196
      vertex 4.60464 -0.453518 39.7196
      vertex 5.36129 0 39.2289
    endloop
  endfacet
  facet normal 0.555371 0.0272837 0.831155
    outer loop
      vertex 5.36129 0 39.2289
      vertex 4.60464 0.453518 39.7196
      vertex 4.62692 0 39.7196
    endloop
  endfacet
  facet normal 0.287475 0.0426435 0.956838
    outer loop
      vertex 2.97375 0.591516 40.4739
      vertex 2.17629 0.214346 40.7303
      vertex 3.01741 0.297189 40.4739
    endloop
  endfacet
  facet normal 0.378937 0.0562109 0.923714
    outer loop
      vertex 3.77406 0.750707 40.1359
      vertex 2.97375 0.591516 40.4739
      vertex 3.01741 0.297189 40.4739
    endloop
  endfacet
  facet normal 0.0971056 -0.0144001 0.99517
    outer loop
      vertex 1.31421 -0.129438 40.9026
      vertex 0.433124 -0.086153 40.9892
      vertex 1.2952 -0.25763 40.9026
    endloop
  endfacet
  facet normal 0.471233 0.0231513 0.881705
    outer loop
      vertex 4.60464 0.453518 39.7196
      vertex 3.82947 0.377169 40.1359
      vertex 3.848 0 40.1359
    endloop
  endfacet
  facet normal 0.466695 0.0692288 0.881705
    outer loop
      vertex 4.60464 0.453518 39.7196
      vertex 3.77406 0.750707 40.1359
      vertex 3.82947 0.377169 40.1359
    endloop
  endfacet
  facet normal 0.183891 0.0657988 0.980742
    outer loop
      vertex 2.02036 0.83686 40.7303
      vertex 1.22005 0.505362 40.9026
      vertex 2.09266 0.6348 40.7303
    endloop
  endfacet
  facet normal 0.189455 0.0474571 0.980742
    outer loop
      vertex 2.09266 0.6348 40.7303
      vertex 1.26371 0.383342 40.9026
      vertex 1.2952 0.25763 40.9026
    endloop
  endfacet
  facet normal 0.176556 0.0835066 0.980742
    outer loop
      vertex 2.02036 0.83686 40.7303
      vertex 1.16464 0.622514 40.9026
      vertex 1.22005 0.505362 40.9026
    endloop
  endfacet
  facet normal -0.0980497 -0.00481591 0.99517
    outer loop
      vertex -0.441608 0 40.9892
      vertex -1.31421 -0.129438 40.9026
      vertex -0.439482 -0.0432844 40.9892
    endloop
  endfacet
  facet normal 0.360693 0.129057 0.923713
    outer loop
      vertex 3.55508 1.47256 40.1359
      vertex 2.80121 1.1603 40.4739
      vertex 2.90145 0.880145 40.4739
    endloop
  endfacet
  facet normal 0.346308 0.163785 0.923713
    outer loop
      vertex 3.39363 1.81393 40.1359
      vertex 2.80121 1.1603 40.4739
      vertex 3.55508 1.47256 40.1359
    endloop
  endfacet
  facet normal 0.088742 0.0419728 0.99517
    outer loop
      vertex 1.16464 0.622514 40.9026
      vertex 0.389464 0.208173 40.9892
      vertex 1.22005 0.505362 40.9026
    endloop
  endfacet
  facet normal 0.0659253 0.0727367 0.99517
    outer loop
      vertex 0.837763 1.02082 40.9026
      vertex 0.280153 0.341368 40.9892
      vertex 0.312264 0.312264 40.9892
    endloop
  endfacet
  facet normal 0.0286495 0.193195 0.980742
    outer loop
      vertex 0.214346 2.17629 40.7303
      vertex 0.129438 1.31421 40.9026
      vertex 0.25763 1.2952 40.9026
    endloop
  endfacet
  facet normal 0.129059 0.360691 0.923713
    outer loop
      vertex 1.11701 3.6823 40.1359
      vertex 0.880145 2.90145 40.4739
      vertex 1.47256 3.55508 40.1359
    endloop
  endfacet
  facet normal 0.0419728 0.088742 0.99517
    outer loop
      vertex 0.505362 1.22005 40.9026
      vertex 0.208173 0.389464 40.9892
      vertex 0.622514 1.16464 40.9026
    endloop
  endfacet
  facet normal 0.0788485 0.0584781 0.99517
    outer loop
      vertex 1.02082 0.837763 40.9026
      vertex 0.341368 0.280153 40.9892
      vertex 1.09802 0.733671 40.9026
    endloop
  endfacet
  facet normal 0.215341 0.195164 0.956838
    outer loop
      vertex 2.34377 1.92349 40.4739
      vertex 1.54632 1.54632 40.7303
      vertex 1.69044 1.3873 40.7303
    endloop
  endfacet
  facet normal 0.00958498 0.195072 0.980742
    outer loop
      vertex 0.214346 2.17629 40.7303
      vertex 0 1.32057 40.9026
      vertex 0.129438 1.31421 40.9026
    endloop
  endfacet
  facet normal 0.0330718 0.0924288 0.99517
    outer loop
      vertex 0.383342 1.26371 40.9026
      vertex 0.128192 0.422593 40.9892
      vertex 0.168996 0.407993 40.9892
    endloop
  endfacet
  facet normal -0.0980494 0.00481771 0.99517
    outer loop
      vertex -1.31421 0.129438 40.9026
      vertex -1.32057 0 40.9026
      vertex -0.441608 0 40.9892
    endloop
  endfacet
  facet normal -0.0971056 0.0144001 0.99517
    outer loop
      vertex -1.2952 0.25763 40.9026
      vertex -1.31421 0.129438 40.9026
      vertex -0.433124 0.086153 40.9892
    endloop
  endfacet
  facet normal 0.0286495 -0.193195 0.980742
    outer loop
      vertex 0.25763 -1.2952 40.9026
      vertex 0.129438 -1.31421 40.9026
      vertex 0.214346 -2.17629 40.7303
    endloop
  endfacet
  facet normal -0.129059 0.360691 0.923713
    outer loop
      vertex -1.11701 3.6823 40.1359
      vertex -1.47256 3.55508 40.1359
      vertex -0.880145 2.90145 40.4739
    endloop
  endfacet
  facet normal -0.285858 0.476932 0.831156
    outer loop
      vertex -2.5273 4.72824 39.2289
      vertex -2.57058 3.84715 39.7196
      vertex -2.18112 4.08058 39.7196
    endloop
  endfacet
  facet normal 0.0562109 0.378937 0.923714
    outer loop
      vertex 0.377169 3.82947 40.1359
      vertex 0.297189 3.01741 40.4739
      vertex 0.750707 3.77406 40.1359
    endloop
  endfacet
  facet normal -0.135108 0.539375 0.831156
    outer loop
      vertex -1.04594 5.25828 39.2289
      vertex -1.5563 5.13044 39.2289
      vertex -1.34312 4.42769 39.7196
    endloop
  endfacet
  facet normal -0.154255 0.615819 0.77264
    outer loop
      vertex -1.17913 5.9279 38.6686
      vertex -1.75449 5.78378 38.6686
      vertex -1.04594 5.25828 39.2289
    endloop
  endfacet
  facet normal -0.26053 0.728164 0.633957
    outer loop
      vertex -2.09843 6.91759 37.3613
      vertex -2.55195 6.16095 38.044
      vertex -1.93578 6.38141 38.044
    endloop
  endfacet
  facet normal -0.28191 0.070617 0.956838
    outer loop
      vertex -2.90145 0.880145 40.4739
      vertex -2.97375 0.591516 40.4739
      vertex -2.1448 0.426627 40.7303
    endloop
  endfacet
  facet normal -0.523537 0.187325 0.831155
    outer loop
      vertex -4.95319 2.05168 39.2289
      vertex -5.13044 1.5563 39.2289
      vertex -4.27472 1.77065 39.7196
    endloop
  endfacet
  facet normal -0.471233 0.0231513 0.881705
    outer loop
      vertex -3.82947 0.377169 40.1359
      vertex -4.60464 0.453518 39.7196
      vertex -3.848 0 40.1359
    endloop
  endfacet
  facet normal -0.382621 0.018797 0.923714
    outer loop
      vertex -3.01741 0.297189 40.4739
      vertex -3.848 0 40.1359
      vertex -3.03201 0 40.4739
    endloop
  endfacet
  facet normal -0.287474 0.0426443 0.956839
    outer loop
      vertex -2.1448 0.426627 40.7303
      vertex -2.97375 0.591516 40.4739
      vertex -2.17629 0.214346 40.7303
    endloop
  endfacet
  facet normal -0.193195 0.0286495 0.980742
    outer loop
      vertex -1.2952 0.25763 40.9026
      vertex -2.17629 0.214346 40.7303
      vertex -1.31421 0.129438 40.9026
    endloop
  endfacet
  facet normal -0.0727367 0.0659253 0.99517
    outer loop
      vertex -0.312264 0.312264 40.9892
      vertex -1.02082 0.837763 40.9026
      vertex -0.341368 0.280153 40.9892
    endloop
  endfacet
  facet normal -0.262717 0.124258 0.956838
    outer loop
      vertex -2.67399 1.42928 40.4739
      vertex -2.80121 1.1603 40.4739
      vertex -1.9286 1.03086 40.7303
    endloop
  endfacet
  facet normal -0.426504 0.201714 0.881706
    outer loop
      vertex -3.39363 1.81393 40.1359
      vertex -4.08058 2.18112 39.7196
      vertex -3.55508 1.47256 40.1359
    endloop
  endfacet
  facet normal -0.201714 0.426504 0.881706
    outer loop
      vertex -1.47256 3.55508 40.1359
      vertex -2.18112 4.08058 39.7196
      vertex -1.81393 3.39363 40.1359
    endloop
  endfacet
  facet normal -0.283845 0.257266 0.923713
    outer loop
      vertex -2.72094 2.72094 40.1359
      vertex -2.97454 2.44114 40.1359
      vertex -2.34377 1.92349 40.4739
    endloop
  endfacet
  facet normal -0.346302 0.163791 0.923714
    outer loop
      vertex -2.67399 1.42928 40.4739
      vertex -3.39363 1.81393 40.1359
      vertex -2.80121 1.1603 40.4739
    endloop
  endfacet
  facet normal -0.158946 0.444217 0.881707
    outer loop
      vertex -1.34312 4.42769 39.7196
      vertex -1.47256 3.55508 40.1359
      vertex -1.11701 3.6823 40.1359
    endloop
  endfacet
  facet normal -0.32858 0.196947 0.923714
    outer loop
      vertex -2.52102 1.68449 40.4739
      vertex -3.39363 1.81393 40.1359
      vertex -2.67399 1.42928 40.4739
    endloop
  endfacet
  facet normal 0.158946 0.444217 0.881707
    outer loop
      vertex 1.34312 4.42769 39.7196
      vertex 1.11701 3.6823 40.1359
      vertex 1.47256 3.55508 40.1359
    endloop
  endfacet
  facet normal -0.0815874 0.550019 0.831157
    outer loop
      vertex -0.525498 5.33548 39.2289
      vertex -1.04594 5.25828 39.2289
      vertex -0.453518 4.60464 39.7196
    endloop
  endfacet
  facet normal 0.13511 0.539375 0.831156
    outer loop
      vertex 1.04594 5.25828 39.2289
      vertex 0.902668 4.53802 39.7196
      vertex 1.34312 4.42769 39.7196
    endloop
  endfacet
  facet normal 0.0692288 0.466695 0.881705
    outer loop
      vertex 0.453518 4.60464 39.7196
      vertex 0.377169 3.82947 40.1359
      vertex 0.750707 3.77406 40.1359
    endloop
  endfacet
  facet normal -0.460686 0.621181 0.633958
    outer loop
      vertex -4.01614 6.01058 37.3613
      vertex -4.23049 5.15487 38.044
      vertex -3.70485 5.5447 38.044
    endloop
  endfacet
  facet normal -0.330666 0.699113 0.633957
    outer loop
      vertex -2.55195 6.16095 38.044
      vertex -3.40766 6.37529 37.3613
      vertex -3.14354 5.88114 38.044
    endloop
  endfacet
  facet normal -0.616318 0.558597 0.555087
    outer loop
      vertex -5.45855 5.45855 36.6269
      vertex -5.9673 4.89723 36.6269
      vertex -5.58799 4.58595 37.3613
    endloop
  endfacet
  facet normal -0.592416 0.653631 0.470967
    outer loop
      vertex -4.89723 5.9673 36.6269
      vertex -5.75295 5.75295 35.848
      vertex -5.45855 5.45855 36.6269
    endloop
  endfacet
  facet normal -0.331224 0.446621 0.831156
    outer loop
      vertex -2.97857 4.45775 39.2289
      vertex -3.40117 4.14434 39.2289
      vertex -2.93529 3.57666 39.7196
    endloop
  endfacet
  facet normal -0.271432 0.573893 0.77264
    outer loop
      vertex -2.31295 5.58396 38.6686
      vertex -2.84914 5.33036 38.6686
      vertex -2.5273 4.72824 39.2289
    endloop
  endfacet
  facet normal -0.658681 0.726748 0.194875
    outer loop
      vertex -5.64774 6.88179 33.3206
      vertex -6.29508 6.29508 33.3206
      vertex -6.17324 6.17324 34.1868
    endloop
  endfacet
  facet normal -0.658686 0.726745 0.19487
    outer loop
      vertex -5.64774 6.88179 33.3206
      vertex -6.17324 6.17324 34.1868
      vertex -5.53843 6.7486 34.1868
    endloop
  endfacet
  facet normal -0.504247 0.841284 0.194877
    outer loop
      vertex -4.19665 7.85138 33.3206
      vertex -4.94601 7.40223 33.3206
      vertex -4.85028 7.25896 34.1868
    endloop
  endfacet
  facet normal -0.504254 0.841281 0.19487
    outer loop
      vertex -4.19665 7.85138 33.3206
      vertex -4.85028 7.25896 34.1868
      vertex -4.11543 7.69942 34.1868
    endloop
  endfacet
  facet normal -0.615818 0.154256 0.772641
    outer loop
      vertex -5.13044 1.5563 39.2289
      vertex -5.78378 1.75449 38.6686
      vertex -5.25828 1.04594 39.2289
    endloop
  endfacet
  facet normal -0.544523 0.326378 0.772639
    outer loop
      vertex -5.02543 3.35788 38.6686
      vertex -5.33036 2.84914 38.6686
      vertex -4.72824 2.5273 39.2289
    endloop
  endfacet
  facet normal -0.772437 -0.0379463 0.633957
    outer loop
      vertex -6.66856 0 38.044
      vertex -7.19406 -0.708552 37.3613
      vertex -6.63645 -0.653633 38.044
    endloop
  endfacet
  facet normal -0.706722 -0.034718 0.706639
    outer loop
      vertex -6.01493 -0.592418 38.6686
      vertex -6.66856 0 38.044
      vertex -6.63645 -0.653633 38.044
    endloop
  endfacet
  facet normal -0.426337 0.470391 0.772638
    outer loop
      vertex -3.40117 4.14434 39.2289
      vertex -3.83429 4.6721 38.6686
      vertex -3.79101 3.79101 39.2289
    endloop
  endfacet
  facet normal -0.411998 0.373413 0.831156
    outer loop
      vertex -3.79101 3.79101 39.2289
      vertex -4.14434 3.40117 39.2289
      vertex -3.57666 2.93529 39.7196
    endloop
  endfacet
  facet normal -0.421495 0.568336 0.706638
    outer loop
      vertex -3.70485 5.5447 38.044
      vertex -4.23049 5.15487 38.044
      vertex -3.35788 5.02543 38.6686
    endloop
  endfacet
  facet normal -0.568326 0.4215 0.706642
    outer loop
      vertex -4.6721 3.83429 38.6686
      vertex -5.15487 4.23049 38.044
      vertex -5.02543 3.35788 38.6686
    endloop
  endfacet
  facet normal 0.511634 0.853608 -0.097898
    outer loop
      vertex 4.94601 7.40223 30.6794
      vertex 4.23746 7.92773 31.5584
      vertex 4.99411 7.47421 31.5584
    endloop
  endfacet
  facet normal 0.592839 0.799348 -0.0978984
    outer loop
      vertex 5.64774 6.88179 30.6794
      vertex 4.94601 7.40223 30.6794
      vertex 4.99411 7.47421 31.5584
    endloop
  endfacet
  facet normal 0.425501 0.899647 0.0978961
    outer loop
      vertex 3.44 8.3049 32.4416
      vertex 3.40687 8.22492 33.3206
      vertex 4.23746 7.92773 32.4416
    endloop
  endfacet
  facet normal 0.336894 0.941543 -0
    outer loop
      vertex 3.44 8.3049 31.5584
      vertex 2.60942 8.60209 32.4416
      vertex 3.44 8.3049 32.4416
    endloop
  endfacet
  facet normal 0.336894 0.941543 0
    outer loop
      vertex 2.60942 8.60209 32.4416
      vertex 3.44 8.3049 31.5584
      vertex 2.60942 8.60209 31.5584
    endloop
  endfacet
  facet normal 0.425501 0.899647 -0.0978961
    outer loop
      vertex 4.23746 7.92773 31.5584
      vertex 3.40687 8.22492 30.6794
      vertex 3.44 8.3049 31.5584
    endloop
  endfacet
  facet normal 0.425503 0.899646 -0.0978985
    outer loop
      vertex 4.19665 7.85138 30.6794
      vertex 3.40687 8.22492 30.6794
      vertex 4.23746 7.92773 31.5584
    endloop
  endfacet
  facet normal 0.238321 0.951433 0.194879
    outer loop
      vertex 1.73681 8.73153 33.3206
      vertex 1.70319 8.56253 34.1868
      vertex 2.58428 8.51925 33.3206
    endloop
  endfacet
  facet normal 0.409186 0.865153 0.28996
    outer loop
      vertex 3.34093 8.06573 34.1868
      vertex 3.24282 7.82886 35.032
      vertex 4.11543 7.69942 34.1868
    endloop
  endfacet
  facet normal 0.135587 0.914043 0.382285
    outer loop
      vertex 1.65317 8.31107 35.032
      vertex 0.830586 8.43309 35.032
      vertex 1.58724 7.97957 35.848
    endloop
  endfacet
  facet normal 0.135594 0.914044 0.382279
    outer loop
      vertex 0.830586 8.43309 35.032
      vertex 0.797458 8.09673 35.848
      vertex 1.58724 7.97957 35.848
    endloop
  endfacet
  facet normal 0.492023 0.820876 0.28996
    outer loop
      vertex 4.11543 7.69942 34.1868
      vertex 3.99457 7.47331 35.032
      vertex 4.85028 7.25896 34.1868
    endloop
  endfacet
  facet normal 0.395079 0.835328 0.382282
    outer loop
      vertex 3.99457 7.47331 35.032
      vertex 3.24282 7.82886 35.032
      vertex 3.83524 7.17523 35.848
    endloop
  endfacet
  facet normal 0.24255 0.404676 0.881707
    outer loop
      vertex 2.18112 4.08058 39.7196
      vertex 1.81393 3.39363 40.1359
      vertex 2.57058 3.84715 39.7196
    endloop
  endfacet
  facet normal 0.285858 0.476932 0.831156
    outer loop
      vertex 2.5273 4.72824 39.2289
      vertex 2.18112 4.08058 39.7196
      vertex 2.57058 3.84715 39.7196
    endloop
  endfacet
  facet normal 0.470389 0.426345 0.772635
    outer loop
      vertex 4.27377 4.27377 38.6686
      vertex 3.79101 3.79101 39.2289
      vertex 4.6721 3.83429 38.6686
    endloop
  endfacet
  facet normal 0.257266 0.283845 0.923713
    outer loop
      vertex 2.44114 2.97454 40.1359
      vertex 1.92349 2.34377 40.4739
      vertex 2.72094 2.72094 40.1359
    endloop
  endfacet
  facet normal 0.316838 0.349578 0.881708
    outer loop
      vertex 2.93529 3.57666 39.7196
      vertex 2.72094 2.72094 40.1359
      vertex 3.27173 3.27173 39.7196
    endloop
  endfacet
  facet normal 0.378951 0.281049 0.881707
    outer loop
      vertex 3.57666 2.93529 39.7196
      vertex 2.97454 2.44114 40.1359
      vertex 3.19949 2.13783 40.1359
    endloop
  endfacet
  facet normal 0.32858 0.196947 0.923714
    outer loop
      vertex 3.39363 1.81393 40.1359
      vertex 2.52102 1.68449 40.4739
      vertex 2.67399 1.42928 40.4739
    endloop
  endfacet
  facet normal 0.476932 0.285858 0.831156
    outer loop
      vertex 4.72824 2.5273 39.2289
      vertex 3.84715 2.57058 39.7196
      vertex 4.08058 2.18112 39.7196
    endloop
  endfacet
  facet normal 0.426345 0.470389 0.772635
    outer loop
      vertex 3.83429 4.6721 38.6686
      vertex 3.79101 3.79101 39.2289
      vertex 4.27377 4.27377 38.6686
    endloop
  endfacet
  facet normal 0.36377 0.606907 0.706637
    outer loop
      vertex 3.70485 5.5447 38.044
      vertex 3.14354 5.88114 38.044
      vertex 3.35788 5.02543 38.6686
    endloop
  endfacet
  facet normal 0.524271 0.475182 0.706642
    outer loop
      vertex 4.71538 4.71538 38.044
      vertex 4.27377 4.27377 38.6686
      vertex 4.6721 3.83429 38.6686
    endloop
  endfacet
  facet normal 0.4215 0.568326 0.706642
    outer loop
      vertex 4.23049 5.15487 38.044
      vertex 3.35788 5.02543 38.6686
      vertex 3.83429 4.6721 38.6686
    endloop
  endfacet
  facet normal 0.539375 0.13511 0.831156
    outer loop
      vertex 5.25828 1.04594 39.2289
      vertex 4.42769 1.34312 39.7196
      vertex 4.53802 0.902668 39.7196
    endloop
  endfacet
  facet normal 0.457659 0.11464 0.881706
    outer loop
      vertex 4.42769 1.34312 39.7196
      vertex 3.77406 0.750707 40.1359
      vertex 4.53802 0.902668 39.7196
    endloop
  endfacet
  facet normal 0.446618 0.331238 0.831152
    outer loop
      vertex 4.45775 2.97857 39.2289
      vertex 3.57666 2.93529 39.7196
      vertex 3.84715 2.57058 39.7196
    endloop
  endfacet
  facet normal 0.639641 0.302529 0.706637
    outer loop
      vertex 5.88114 3.14354 38.044
      vertex 5.33036 2.84914 38.6686
      vertex 5.58396 2.31295 38.6686
    endloop
  endfacet
  facet normal 0.502654 0.237736 0.831156
    outer loop
      vertex 4.72824 2.5273 39.2289
      vertex 4.08058 2.18112 39.7196
      vertex 4.95319 2.05168 39.2289
    endloop
  endfacet
  facet normal 0.597733 0.213873 0.772641
    outer loop
      vertex 5.58396 2.31295 38.6686
      vertex 4.95319 2.05168 39.2289
      vertex 5.13044 1.5563 39.2289
    endloop
  endfacet
  facet normal 0.606907 0.36377 0.706637
    outer loop
      vertex 5.5447 3.70485 38.044
      vertex 5.02543 3.35788 38.6686
      vertex 5.88114 3.14354 38.044
    endloop
  endfacet
  facet normal 0.509921 0.378169 0.772637
    outer loop
      vertex 4.6721 3.83429 38.6686
      vertex 4.14434 3.40117 39.2289
      vertex 4.45775 2.97857 39.2289
    endloop
  endfacet
  facet normal 0.302529 0.639641 0.706637
    outer loop
      vertex 3.14354 5.88114 38.044
      vertex 2.31295 5.58396 38.6686
      vertex 2.84914 5.33036 38.6686
    endloop
  endfacet
  facet normal 0.0815874 0.550019 0.831157
    outer loop
      vertex 0.525498 5.33548 39.2289
      vertex 0.453518 4.60464 39.7196
      vertex 1.04594 5.25828 39.2289
    endloop
  endfacet
  facet normal 0.113473 0.764999 0.633956
    outer loop
      vertex 1.41028 7.08997 37.3613
      vertex 0.653633 6.63645 38.044
      vertex 1.30097 6.54043 38.044
    endloop
  endfacet
  facet normal 0.0379463 0.772437 0.633957
    outer loop
      vertex 0.708552 7.19406 37.3613
      vertex 0 6.66856 38.044
      vertex 0.653633 6.63645 38.044
    endloop
  endfacet
  facet normal 0.187321 0.523536 0.831156
    outer loop
      vertex 1.5563 5.13044 39.2289
      vertex 1.34312 4.42769 39.7196
      vertex 1.77065 4.27472 39.7196
    endloop
  endfacet
  facet normal 0.187325 0.523537 0.831155
    outer loop
      vertex 2.05168 4.95319 39.2289
      vertex 1.5563 5.13044 39.2289
      vertex 1.77065 4.27472 39.7196
    endloop
  endfacet
  facet normal 0.330666 0.699113 0.633957
    outer loop
      vertex 3.40766 6.37529 37.3613
      vertex 2.55195 6.16095 38.044
      vertex 3.14354 5.88114 38.044
    endloop
  endfacet
  facet normal 0.330661 0.699119 0.633952
    outer loop
      vertex 2.76637 6.6786 37.3613
      vertex 2.55195 6.16095 38.044
      vertex 3.40766 6.37529 37.3613
    endloop
  endfacet
  facet normal 0.772437 -0.0379463 0.633957
    outer loop
      vertex 6.66856 0 38.044
      vertex 6.63645 -0.653633 38.044
      vertex 7.19406 -0.708552 37.3613
    endloop
  endfacet
  facet normal 0.764998 -0.113475 0.633957
    outer loop
      vertex 7.19406 -0.708552 37.3613
      vertex 6.63645 -0.653633 38.044
      vertex 7.08997 -1.41028 37.3613
    endloop
  endfacet
  facet normal 0.751927 0.355638 0.555093
    outer loop
      vertex 7.13194 2.95415 36.6269
      vertex 6.37529 3.40766 37.3613
      vertex 6.6786 2.76637 37.3613
    endloop
  endfacet
  facet normal 0.699119 0.330661 0.633952
    outer loop
      vertex 6.37529 3.40766 37.3613
      vertex 6.16095 2.55195 38.044
      vertex 6.6786 2.76637 37.3613
    endloop
  endfacet
  facet normal 0.621181 0.460686 0.633958
    outer loop
      vertex 6.01058 4.01614 37.3613
      vertex 5.15487 4.23049 38.044
      vertex 5.5447 3.70485 38.044
    endloop
  endfacet
  facet normal 0.621181 0.460688 0.633956
    outer loop
      vertex 5.58799 4.58595 37.3613
      vertex 5.15487 4.23049 38.044
      vertex 6.01058 4.01614 37.3613
    endloop
  endfacet
  facet normal 0.495499 0.668092 0.555098
    outer loop
      vertex 4.28876 6.41858 36.6269
      vertex 4.01614 6.01058 37.3613
      vertex 4.89723 5.9673 36.6269
    endloop
  endfacet
  facet normal 0.525502 0.708545 0.470969
    outer loop
      vertex 4.52007 6.76476 35.848
      vertex 4.28876 6.41858 36.6269
      vertex 4.89723 5.9673 36.6269
    endloop
  endfacet
  facet normal 0.709117 0.642708 0.289963
    outer loop
      vertex 6.7486 5.53843 34.1868
      vertex 6.17324 6.17324 34.1868
      vertex 6.55041 5.37578 35.032
    endloop
  endfacet
  facet normal 0.768704 0.570102 0.289963
    outer loop
      vertex 6.7486 5.53843 34.1868
      vertex 6.55041 5.37578 35.032
      vertex 7.25896 4.85028 34.1868
    endloop
  endfacet
  facet normal 0.7422 0.550456 0.382279
    outer loop
      vertex 7.04579 4.70784 35.032
      vertex 6.55041 5.37578 35.032
      vertex 6.76476 4.52007 35.848
    endloop
  endfacet
  facet normal 0.82088 0.492019 0.289955
    outer loop
      vertex 7.25896 4.85028 34.1868
      vertex 7.04579 4.70784 35.032
      vertex 7.47331 3.99457 35.032
    endloop
  endfacet
  facet normal 0.899646 0.425503 0.0978985
    outer loop
      vertex 7.92773 4.23746 32.4416
      vertex 7.85138 4.19665 33.3206
      vertex 8.22492 3.40687 33.3206
    endloop
  endfacet
  facet normal 0.899647 0.425501 0.0978961
    outer loop
      vertex 8.3049 3.44 32.4416
      vertex 7.92773 4.23746 32.4416
      vertex 8.22492 3.40687 33.3206
    endloop
  endfacet
  facet normal 0.896352 0.224524 0.382285
    outer loop
      vertex 8.10901 2.45984 35.032
      vertex 7.78557 2.36173 35.848
      vertex 8.31107 1.65317 35.032
    endloop
  endfacet
  facet normal 0.870025 0.311304 0.382291
    outer loop
      vertex 7.82886 3.24282 35.032
      vertex 7.51659 3.11347 35.848
      vertex 7.78557 2.36173 35.848
    endloop
  endfacet
  facet normal 0.865153 0.409186 0.28996
    outer loop
      vertex 7.69942 4.11543 34.1868
      vertex 7.47331 3.99457 35.032
      vertex 7.82886 3.24282 35.032
    endloop
  endfacet
  facet normal 0.923492 0.330434 0.194874
    outer loop
      vertex 8.22492 3.40687 33.3206
      vertex 8.06573 3.34093 34.1868
      vertex 8.35436 2.53427 34.1868
    endloop
  endfacet
  facet normal 0.984426 0.146023 0.0978924
    outer loop
      vertex 8.94587 0.881091 32.4416
      vertex 8.73153 1.73681 33.3206
      vertex 8.85972 0.872605 33.3206
    endloop
  endfacet
  facet normal 0.970212 0.143914 0.194877
    outer loop
      vertex 8.73153 1.73681 33.3206
      vertex 8.68824 0.855717 34.1868
      vertex 8.85972 0.872605 33.3206
    endloop
  endfacet
  facet normal 0.970211 0.143916 0.194879
    outer loop
      vertex 8.73153 1.73681 33.3206
      vertex 8.56253 1.70319 34.1868
      vertex 8.68824 0.855717 34.1868
    endloop
  endfacet
  facet normal 0.94668 0.140426 0.28996
    outer loop
      vertex 8.56253 1.70319 34.1868
      vertex 8.43309 0.830586 35.032
      vertex 8.68824 0.855717 34.1868
    endloop
  endfacet
  facet normal 0.970033 -0.242973 0
    outer loop
      vertex 8.60209 -2.60942 32.4416
      vertex 8.81643 -1.7537 31.5584
      vertex 8.81643 -1.7537 32.4416
    endloop
  endfacet
  facet normal 0.970033 -0.242973 0
    outer loop
      vertex 8.81643 -1.7537 31.5584
      vertex 8.60209 -2.60942 32.4416
      vertex 8.60209 -2.60942 31.5584
    endloop
  endfacet
  facet normal 0.951433 -0.238321 -0.194879
    outer loop
      vertex 8.73153 -1.73681 30.6794
      vertex 8.51925 -2.58428 30.6794
      vertex 8.56253 -1.70319 29.8132
    endloop
  endfacet
  facet normal 0.951435 -0.238317 -0.194875
    outer loop
      vertex 8.51925 -2.58428 30.6794
      vertex 8.35436 -2.53427 29.8132
      vertex 8.56253 -1.70319 29.8132
    endloop
  endfacet
  facet normal 0.965374 0.241806 0.097896
    outer loop
      vertex 8.60209 2.60942 32.4416
      vertex 8.51925 2.58428 33.3206
      vertex 8.81643 1.7537 32.4416
    endloop
  endfacet
  facet normal 0.970033 0.242973 0
    outer loop
      vertex 8.81643 1.7537 32.4416
      vertex 8.60209 2.60942 31.5584
      vertex 8.60209 2.60942 32.4416
    endloop
  endfacet
  facet normal 0.970033 0.242973 0
    outer loop
      vertex 8.60209 2.60942 31.5584
      vertex 8.81643 1.7537 32.4416
      vertex 8.81643 1.7537 31.5584
    endloop
  endfacet
  facet normal 0.928356 0.232541 -0.289967
    outer loop
      vertex 8.31107 1.65317 28.968
      vertex 8.10901 2.45984 28.968
      vertex 8.35436 2.53427 29.8132
    endloop
  endfacet
  facet normal 0.928358 0.232536 -0.289963
    outer loop
      vertex 8.56253 1.70319 29.8132
      vertex 8.31107 1.65317 28.968
      vertex 8.35436 2.53427 29.8132
    endloop
  endfacet
  facet normal -0.93702 0.335274 0.0978971
    outer loop
      vertex -8.22492 3.40687 33.3206
      vertex -8.60209 2.60942 32.4416
      vertex -8.51925 2.58428 33.3206
    endloop
  endfacet
  facet normal -0.923492 0.330434 0.194874
    outer loop
      vertex -8.22492 3.40687 33.3206
      vertex -8.51925 2.58428 33.3206
      vertex -8.35436 2.53427 34.1868
    endloop
  endfacet
  facet normal -0.642706 0.709122 -0.289958
    outer loop
      vertex -5.99195 5.99195 28.968
      vertex -6.17324 6.17324 29.8132
      vertex -5.37578 6.55041 28.968
    endloop
  endfacet
  facet normal -0.799348 0.592839 -0.0978984
    outer loop
      vertex -7.40223 4.94601 30.6794
      vertex -7.47421 4.99411 31.5584
      vertex -6.88179 5.64774 30.6794
    endloop
  endfacet
  facet normal -0.558597 0.616318 0.555087
    outer loop
      vertex -4.89723 5.9673 36.6269
      vertex -5.45855 5.45855 36.6269
      vertex -4.58595 5.58799 37.3613
    endloop
  endfacet
  facet normal -0.460688 0.621181 0.633956
    outer loop
      vertex -4.01614 6.01058 37.3613
      vertex -4.58595 5.58799 37.3613
      vertex -4.23049 5.15487 38.044
    endloop
  endfacet
  facet normal -0.57011 0.768701 0.289955
    outer loop
      vertex -4.85028 7.25896 34.1868
      vertex -5.37578 6.55041 35.032
      vertex -4.70784 7.04579 35.032
    endloop
  endfacet
  facet normal -0.475057 0.79258 0.38228
    outer loop
      vertex -3.99457 7.47331 35.032
      vertex -4.70784 7.04579 35.032
      vertex -4.52007 6.76476 35.848
    endloop
  endfacet
  facet normal -0.768701 0.57011 0.289955
    outer loop
      vertex -6.55041 5.37578 35.032
      vertex -7.25896 4.85028 34.1868
      vertex -7.04579 4.70784 35.032
    endloop
  endfacet
  facet normal -0.82088 0.492019 0.289955
    outer loop
      vertex -7.25896 4.85028 34.1868
      vertex -7.47331 3.99457 35.032
      vertex -7.04579 4.70784 35.032
    endloop
  endfacet
  facet normal -0.668092 0.495499 0.555098
    outer loop
      vertex -5.9673 4.89723 36.6269
      vertex -6.41858 4.28876 36.6269
      vertex -6.01058 4.01614 37.3613
    endloop
  endfacet
  facet normal -0.756643 0.453513 0.470975
    outer loop
      vertex -6.76476 4.52007 35.848
      vertex -7.17523 3.83524 35.848
      vertex -6.80804 3.63897 36.6269
    endloop
  endfacet
  facet normal -0.620547 0.684673 0.382289
    outer loop
      vertex -5.37578 6.55041 35.032
      vertex -5.99195 5.99195 35.032
      vertex -5.75295 5.75295 35.848
    endloop
  endfacet
  facet normal -0.616311 0.5586 0.555091
    outer loop
      vertex -5.45855 5.45855 36.6269
      vertex -5.58799 4.58595 37.3613
      vertex -5.11158 5.11158 37.3613
    endloop
  endfacet
  facet normal -0.855716 -0.214342 0.470964
    outer loop
      vertex -7.57123 -1.50601 36.6269
      vertex -7.97957 -1.58724 35.848
      vertex -7.38716 -2.24087 36.6269
    endloop
  endfacet
  facet normal -0.806863 -0.202106 0.55509
    outer loop
      vertex -7.08997 -1.41028 37.3613
      vertex -7.57123 -1.50601 36.6269
      vertex -7.38716 -2.24087 36.6269
    endloop
  endfacet
  facet normal -0.896352 -0.224525 0.382284
    outer loop
      vertex -7.97957 -1.58724 35.848
      vertex -8.31107 -1.65317 35.032
      vertex -7.78557 -2.36173 35.848
    endloop
  endfacet
  facet normal -0.896352 -0.224524 0.382285
    outer loop
      vertex -7.78557 -2.36173 35.848
      vertex -8.31107 -1.65317 35.032
      vertex -8.10901 -2.45984 35.032
    endloop
  endfacet
  facet normal -0.573893 -0.271429 0.772641
    outer loop
      vertex -4.95319 -2.05168 39.2289
      vertex -5.58396 -2.31295 38.6686
      vertex -4.72824 -2.5273 39.2289
    endloop
  endfacet
  facet normal -0.606907 -0.36377 0.706637
    outer loop
      vertex -5.02543 -3.35788 38.6686
      vertex -5.88114 -3.14354 38.044
      vertex -5.5447 -3.70485 38.044
    endloop
  endfacet
  facet normal -0.550442 0.742212 -0.382275
    outer loop
      vertex -4.99668 6.42462 28.1779
      vertex -5.37578 6.55041 28.968
      vertex -4.54722 6.75795 28.1779
    endloop
  endfacet
  facet normal -0.550465 0.742191 -0.382283
    outer loop
      vertex -5.37578 6.55041 28.968
      vertex -4.99668 6.42462 28.1779
      vertex -5.16817 6.29743 28.1779
    endloop
  endfacet
  facet normal -0.620547 0.684673 -0.382289
    outer loop
      vertex -5.74098 5.77826 28.1779
      vertex -5.99195 5.99195 28.968
      vertex -5.37578 6.55041 28.968
    endloop
  endfacet
  facet normal -0.620395 0.684816 -0.382279
    outer loop
      vertex -5.99195 5.99195 28.968
      vertex -5.74098 5.77826 28.1779
      vertex -5.76054 5.76054 28.1779
    endloop
  endfacet
  facet normal -0.57011 0.768701 -0.289955
    outer loop
      vertex -4.70784 7.04579 28.968
      vertex -5.37578 6.55041 28.968
      vertex -4.85028 7.25896 29.8132
    endloop
  endfacet
  facet normal -0.970212 -0.143914 0.194877
    outer loop
      vertex -8.68824 -0.855717 34.1868
      vertex -8.85972 -0.872605 33.3206
      vertex -8.73153 -1.73681 33.3206
    endloop
  endfacet
  facet normal -0.993998 -0.0488339 0.0978923
    outer loop
      vertex -8.90259 0 33.3206
      vertex -8.94587 -0.881091 32.4416
      vertex -8.85972 -0.872605 33.3206
    endloop
  endfacet
  facet normal -0.658681 -0.726748 -0.194875
    outer loop
      vertex -5.64774 -6.88179 30.6794
      vertex -6.29508 -6.29508 30.6794
      vertex -6.17324 -6.17324 29.8132
    endloop
  endfacet
  facet normal -0.668331 -0.737395 -0.0978891
    outer loop
      vertex -5.64774 -6.88179 30.6794
      vertex -6.35629 -6.35629 31.5584
      vertex -6.29508 -6.29508 30.6794
    endloop
  endfacet
  facet normal -0.886658 -0.41936 -0.194871
    outer loop
      vertex -7.85138 -4.19665 30.6794
      vertex -8.22492 -3.40687 30.6794
      vertex -7.69942 -4.11543 29.8132
    endloop
  endfacet
  facet normal -0.853608 -0.511634 -0.0978985
    outer loop
      vertex -7.40223 -4.94601 30.6794
      vertex -7.92773 -4.23746 31.5584
      vertex -7.85138 -4.19665 30.6794
    endloop
  endfacet
  facet normal -0.922917 -0.0453823 -0.382315
    outer loop
      vertex -8.13615 -0.213252 28.1779
      vertex -8.43309 -0.830586 28.968
      vertex -8.14534 -0.0263597 28.1779
    endloop
  endfacet
  facet normal -0.922931 -0.0453378 -0.382286
    outer loop
      vertex -8.1074 -0.798509 28.1779
      vertex -8.43309 -0.830586 28.968
      vertex -8.13615 -0.213252 28.1779
    endloop
  endfacet
  facet normal -0.886659 -0.419357 -0.194874
    outer loop
      vertex -7.69942 -4.11543 29.8132
      vertex -8.22492 -3.40687 30.6794
      vertex -8.06573 -3.34093 29.8132
    endloop
  endfacet
  facet normal -0.709122 -0.642706 -0.289958
    outer loop
      vertex -6.17324 -6.17324 29.8132
      vertex -6.55041 -5.37578 28.968
      vertex -5.99195 -5.99195 28.968
    endloop
  endfacet
  facet normal -0.511634 -0.853608 0.0978985
    outer loop
      vertex -4.19665 -7.85138 33.3206
      vertex -4.94601 -7.40223 33.3206
      vertex -4.23746 -7.92773 32.4416
    endloop
  endfacet
  facet normal -0.425503 -0.899646 0.0978985
    outer loop
      vertex -4.19665 -7.85138 33.3206
      vertex -4.23746 -7.92773 32.4416
      vertex -3.40687 -8.22492 33.3206
    endloop
  endfacet
  facet normal -0.311297 -0.870032 -0.382281
    outer loop
      vertex -2.38969 -7.78695 28.1779
      vertex -2.45984 -8.10901 28.968
      vertex -3.24282 -7.82886 28.968
    endloop
  endfacet
  facet normal -0.311256 -0.870046 -0.382283
    outer loop
      vertex -2.45984 -8.10901 28.968
      vertex -2.38969 -7.78695 28.1779
      vertex -2.36484 -7.79584 28.1779
    endloop
  endfacet
  facet normal -0.224444 -0.896374 -0.38228
    outer loop
      vertex -2.33924 -7.80225 28.1779
      vertex -2.45984 -8.10901 28.968
      vertex -2.36484 -7.79584 28.1779
    endloop
  endfacet
  facet normal -0.224524 -0.896352 -0.382284
    outer loop
      vertex -2.45984 -8.10901 28.968
      vertex -2.33924 -7.80225 28.1779
      vertex -1.65317 -8.31107 28.968
    endloop
  endfacet
  facet normal 0.425501 -0.899647 -0.0978961
    outer loop
      vertex 3.44 -8.3049 31.5584
      vertex 3.40687 -8.22492 30.6794
      vertex 4.23746 -7.92773 31.5584
    endloop
  endfacet
  facet normal 0.335275 -0.93702 -0.097896
    outer loop
      vertex 3.44 -8.3049 31.5584
      vertex 2.60942 -8.60209 31.5584
      vertex 3.40687 -8.22492 30.6794
    endloop
  endfacet
  facet normal 0.088742 -0.0419728 0.99517
    outer loop
      vertex 1.22005 -0.505362 40.9026
      vertex 0.389464 -0.208173 40.9892
      vertex 1.16464 -0.622514 40.9026
    endloop
  endfacet
  facet normal -0.193195 -0.0286495 0.980742
    outer loop
      vertex -1.31421 -0.129438 40.9026
      vertex -2.17629 -0.214346 40.7303
      vertex -1.2952 -0.25763 40.9026
    endloop
  endfacet
  facet normal -0.287475 -0.0426435 0.956838
    outer loop
      vertex -2.17629 -0.214346 40.7303
      vertex -3.01741 -0.297189 40.4739
      vertex -2.97375 -0.591516 40.4739
    endloop
  endfacet
  facet normal 0.114644 -0.457656 0.881707
    outer loop
      vertex 1.11701 -3.6823 40.1359
      vertex 0.750707 -3.77406 40.1359
      vertex 1.34312 -4.42769 39.7196
    endloop
  endfacet
  facet normal 0.0842 0.0504688 0.99517
    outer loop
      vertex 1.09802 0.733671 40.9026
      vertex 0.367184 0.245344 40.9892
      vertex 0.389464 0.208173 40.9892
    endloop
  endfacet
  facet normal -0.0659253 0.0727367 0.99517
    outer loop
      vertex -0.280153 0.341368 40.9892
      vertex -0.837763 1.02082 40.9026
      vertex -0.312264 0.312264 40.9892
    endloop
  endfacet
  facet normal 0.0330718 -0.0924288 0.99517
    outer loop
      vertex 0.168996 -0.407993 40.9892
      vertex 0.128192 -0.422593 40.9892
      vertex 0.383342 -1.26371 40.9026
    endloop
  endfacet
  facet normal 0.0659253 -0.0727367 0.99517
    outer loop
      vertex 0.312264 -0.312264 40.9892
      vertex 0.280153 -0.341368 40.9892
      vertex 0.837763 -1.02082 40.9026
    endloop
  endfacet
  facet normal 0.0788486 0.0584779 0.99517
    outer loop
      vertex 1.09802 0.733671 40.9026
      vertex 0.341368 0.280153 40.9892
      vertex 0.367184 0.245344 40.9892
    endloop
  endfacet
  facet normal 0.0238533 -0.0952253 0.99517
    outer loop
      vertex 0.383342 -1.26371 40.9026
      vertex 0.086153 -0.433124 40.9892
      vertex 0.25763 -1.2952 40.9026
    endloop
  endfacet
  facet normal -0.116346 -0.156873 0.980742
    outer loop
      vertex -0.733671 -1.09802 40.9026
      vertex -1.3873 -1.69044 40.7303
      vertex -1.21493 -1.81828 40.7303
    endloop
  endfacet
  facet normal 0.0657981 -0.183891 0.980742
    outer loop
      vertex 0.505362 -1.22005 40.9026
      vertex 0.383342 -1.26371 40.9026
      vertex 0.6348 -2.09266 40.7303
    endloop
  endfacet
  facet normal 0.033072 -0.0924288 0.99517
    outer loop
      vertex 0.505362 -1.22005 40.9026
      vertex 0.168996 -0.407993 40.9892
      vertex 0.383342 -1.26371 40.9026
    endloop
  endfacet
  facet normal -0.0788486 -0.0584779 0.99517
    outer loop
      vertex -0.367184 -0.245344 40.9892
      vertex -1.09802 -0.733671 40.9026
      vertex -0.341368 -0.280153 40.9892
    endloop
  endfacet
  facet normal -0.088742 -0.0419728 0.99517
    outer loop
      vertex -0.389464 -0.208173 40.9892
      vertex -1.22005 -0.505362 40.9026
      vertex -1.16464 -0.622514 40.9026
    endloop
  endfacet
  facet normal 0.0657988 0.183891 0.980742
    outer loop
      vertex 0.6348 2.09266 40.7303
      vertex 0.505362 1.22005 40.9026
      vertex 0.83686 2.02036 40.7303
    endloop
  endfacet
  facet normal 0.273633 -0.0979098 0.956838
    outer loop
      vertex 2.09266 -0.6348 40.7303
      vertex 2.02036 -0.83686 40.7303
      vertex 2.90145 -0.880145 40.4739
    endloop
  endfacet
  facet normal 0.307696 -0.228203 0.923713
    outer loop
      vertex 3.19949 -2.13783 40.1359
      vertex 2.34377 -1.92349 40.4739
      vertex 2.97454 -2.44114 40.1359
    endloop
  endfacet
  facet normal 0.124262 -0.262716 0.956838
    outer loop
      vertex 1.03086 -1.9286 40.7303
      vertex 0.83686 -2.02036 40.7303
      vertex 1.1603 -2.80121 40.4739
    endloop
  endfacet
  facet normal 0.316843 -0.349576 0.881707
    outer loop
      vertex 2.72094 -2.72094 40.1359
      vertex 2.44114 -2.97454 40.1359
      vertex 2.93529 -3.57666 39.7196
    endloop
  endfacet
  facet normal 0.349578 -0.316838 0.881708
    outer loop
      vertex 3.57666 -2.93529 39.7196
      vertex 2.72094 -2.72094 40.1359
      vertex 3.27173 -3.27173 39.7196
    endloop
  endfacet
  facet normal 0.328581 -0.196945 0.923714
    outer loop
      vertex 3.39363 -1.81393 40.1359
      vertex 2.52102 -1.68449 40.4739
      vertex 3.19949 -2.13783 40.1359
    endloop
  endfacet
  facet normal 0.0727367 0.0659253 0.99517
    outer loop
      vertex 1.02082 0.837763 40.9026
      vertex 0.312264 0.312264 40.9892
      vertex 0.341368 0.280153 40.9892
    endloop
  endfacet
  facet normal -0.0727357 -0.0659267 0.99517
    outer loop
      vertex -0.312264 -0.312264 40.9892
      vertex -1.02082 -0.837763 40.9026
      vertex -0.933786 -0.933786 40.9026
    endloop
  endfacet
  facet normal 0.0887425 0.0419713 0.99517
    outer loop
      vertex 1.22005 0.505362 40.9026
      vertex 0.389464 0.208173 40.9892
      vertex 0.407993 0.168996 40.9892
    endloop
  endfacet
  facet normal 0.29027 0.0142599 0.956839
    outer loop
      vertex 3.03201 0 40.4739
      vertex 2.17629 0.214346 40.7303
      vertex 2.18682 0 40.7303
    endloop
  endfacet
  facet normal 0.116346 0.156874 0.980742
    outer loop
      vertex 1.3873 1.69044 40.7303
      vertex 0.733671 1.09802 40.9026
      vertex 0.837763 1.02082 40.9026
    endloop
  endfacet
  facet normal 0.144718 -0.131158 0.980742
    outer loop
      vertex 1.69044 -1.3873 40.7303
      vertex 1.02082 -0.837763 40.9026
      vertex 1.54632 -1.54632 40.7303
    endloop
  endfacet
  facet normal -0.446621 -0.331224 0.831156
    outer loop
      vertex -3.57666 -2.93529 39.7196
      vertex -4.45775 -2.97857 39.2289
      vertex -4.14434 -3.40117 39.2289
    endloop
  endfacet
  facet normal -0.568336 -0.421495 0.706638
    outer loop
      vertex -5.02543 -3.35788 38.6686
      vertex -5.5447 -3.70485 38.044
      vertex -5.15487 -4.23049 38.044
    endloop
  endfacet
  facet normal -0.5586 -0.616311 0.555091
    outer loop
      vertex -5.11158 -5.11158 37.3613
      vertex -5.45855 -5.45855 36.6269
      vertex -4.58595 -5.58799 37.3613
    endloop
  endfacet
  facet normal -0.525502 -0.708545 0.470969
    outer loop
      vertex -4.28876 -6.41858 36.6269
      vertex -4.89723 -5.9673 36.6269
      vertex -4.52007 -6.76476 35.848
    endloop
  endfacet
  facet normal -0.404672 -0.242553 0.881708
    outer loop
      vertex -3.39363 -1.81393 40.1359
      vertex -3.84715 -2.57058 39.7196
      vertex -3.19949 -2.13783 40.1359
    endloop
  endfacet
  facet normal -0.156874 -0.116346 0.980742
    outer loop
      vertex -1.09802 -0.733671 40.9026
      vertex -1.69044 -1.3873 40.7303
      vertex -1.02082 -0.837763 40.9026
    endloop
  endfacet
  facet normal -0.544517 -0.326382 0.772642
    outer loop
      vertex -4.72824 -2.5273 39.2289
      vertex -5.02543 -3.35788 38.6686
      vertex -4.45775 -2.97857 39.2289
    endloop
  endfacet
  facet normal -0.411999 -0.373412 0.831156
    outer loop
      vertex -3.57666 -2.93529 39.7196
      vertex -3.79101 -3.79101 39.2289
      vertex -3.27173 -3.27173 39.7196
    endloop
  endfacet
  facet normal -0.509921 -0.378169 0.772637
    outer loop
      vertex -4.45775 -2.97857 39.2289
      vertex -4.6721 -3.83429 38.6686
      vertex -4.14434 -3.40117 39.2289
    endloop
  endfacet
  facet normal -0.346308 -0.163785 0.923713
    outer loop
      vertex -2.80121 -1.1603 40.4739
      vertex -3.55508 -1.47256 40.1359
      vertex -3.39363 -1.81393 40.1359
    endloop
  endfacet
  facet normal -0.466693 -0.0692221 0.881706
    outer loop
      vertex -3.77406 -0.750707 40.1359
      vertex -4.60464 -0.453518 39.7196
      vertex -4.53802 -0.902668 39.7196
    endloop
  endfacet
  facet normal -0.555371 0.0272837 0.831155
    outer loop
      vertex -4.60464 0.453518 39.7196
      vertex -5.36129 0 39.2289
      vertex -4.62692 0 39.7196
    endloop
  endfacet
  facet normal -0.63408 0.0311431 0.77264
    outer loop
      vertex -5.33548 0.525498 39.2289
      vertex -6.01493 0.592418 38.6686
      vertex -5.36129 0 39.2289
    endloop
  endfacet
  facet normal -0.634079 -0.0311464 0.772641
    outer loop
      vertex -5.36129 0 39.2289
      vertex -6.04403 0 38.6686
      vertex -6.01493 -0.592418 38.6686
    endloop
  endfacet
  facet normal -0.627973 0.0931507 0.77264
    outer loop
      vertex -5.25828 1.04594 39.2289
      vertex -6.01493 0.592418 38.6686
      vertex -5.33548 0.525498 39.2289
    endloop
  endfacet
  facet normal -0.555368 0.0272771 0.831157
    outer loop
      vertex -5.33548 0.525498 39.2289
      vertex -5.36129 0 39.2289
      vertex -4.60464 0.453518 39.7196
    endloop
  endfacet
  facet normal -0.156873 -0.116346 0.980742
    outer loop
      vertex -1.09802 -0.733671 40.9026
      vertex -1.81828 -1.21493 40.7303
      vertex -1.69044 -1.3873 40.7303
    endloop
  endfacet
  facet normal -0.360693 -0.129057 0.923713
    outer loop
      vertex -2.90145 -0.880145 40.4739
      vertex -3.55508 -1.47256 40.1359
      vertex -2.80121 -1.1603 40.4739
    endloop
  endfacet
  facet normal 0.0311431 -0.63408 0.77264
    outer loop
      vertex 0.525498 -5.33548 39.2289
      vertex 0 -5.36129 39.2289
      vertex 0.592418 -6.01493 38.6686
    endloop
  endfacet
  facet normal 0.0931507 -0.627973 0.77264
    outer loop
      vertex 1.04594 -5.25828 39.2289
      vertex 0.525498 -5.33548 39.2289
      vertex 0.592418 -6.01493 38.6686
    endloop
  endfacet
  facet normal 0.163785 -0.346308 0.923713
    outer loop
      vertex 1.81393 -3.39363 40.1359
      vertex 1.1603 -2.80121 40.4739
      vertex 1.47256 -3.55508 40.1359
    endloop
  endfacet
  facet normal 0.196945 -0.328581 0.923714
    outer loop
      vertex 2.13783 -3.19949 40.1359
      vertex 1.68449 -2.52102 40.4739
      vertex 1.81393 -3.39363 40.1359
    endloop
  endfacet
  facet normal -0.708545 -0.525501 0.47097
    outer loop
      vertex -5.9673 -4.89723 36.6269
      vertex -6.76476 -4.52007 35.848
      vertex -6.28914 -5.16136 35.848
    endloop
  endfacet
  facet normal -0.68467 -0.620554 0.382283
    outer loop
      vertex -6.28914 -5.16136 35.848
      vertex -6.55041 -5.37578 35.032
      vertex -5.75295 -5.75295 35.848
    endloop
  endfacet
  facet normal 0.143914 -0.970212 0.194877
    outer loop
      vertex 1.73681 -8.73153 33.3206
      vertex 0.855717 -8.68824 34.1868
      vertex 0.872605 -8.85972 33.3206
    endloop
  endfacet
  facet normal 0.140428 -0.946679 0.289962
    outer loop
      vertex 1.65317 -8.31107 35.032
      vertex 0.830586 -8.43309 35.032
      vertex 1.70319 -8.56253 34.1868
    endloop
  endfacet
  facet normal 0.122052 -0.822787 0.55509
    outer loop
      vertex 1.41028 -7.08997 37.3613
      vertex 0.756648 -7.68239 36.6269
      vertex 1.50601 -7.57123 36.6269
    endloop
  endfacet
  facet normal 0.122047 -0.822785 0.555094
    outer loop
      vertex 1.41028 -7.08997 37.3613
      vertex 0.708552 -7.19406 37.3613
      vertex 0.756648 -7.68239 36.6269
    endloop
  endfacet
  facet normal -0.0432778 -0.881088 0.470967
    outer loop
      vertex -0.756648 -7.68239 36.6269
      vertex -0.797458 -8.09673 35.848
      vertex 0 -8.1359 35.848
    endloop
  endfacet
  facet normal -0.129446 -0.872602 0.470967
    outer loop
      vertex -0.756648 -7.68239 36.6269
      vertex -1.58724 -7.97957 35.848
      vertex -0.797458 -8.09673 35.848
    endloop
  endfacet
  facet normal -0.187923 -0.750189 0.633957
    outer loop
      vertex -1.93578 -6.38141 38.044
      vertex -2.09843 -6.91759 37.3613
      vertex -1.30097 -6.54043 38.044
    endloop
  endfacet
  facet normal -0.113473 -0.764999 0.633956
    outer loop
      vertex -1.30097 -6.54043 38.044
      vertex -1.41028 -7.08997 37.3613
      vertex -0.653633 -6.63645 38.044
    endloop
  endfacet
  facet normal 0.395068 -0.835329 0.382292
    outer loop
      vertex 3.83524 -7.17523 35.848
      vertex 3.11347 -7.51659 35.848
      vertex 3.24282 -7.82886 35.032
    endloop
  endfacet
  facet normal 0.395079 -0.835328 0.382282
    outer loop
      vertex 3.83524 -7.17523 35.848
      vertex 3.24282 -7.82886 35.032
      vertex 3.99457 -7.47331 35.032
    endloop
  endfacet
  facet normal 0.297193 -0.830585 0.470962
    outer loop
      vertex 2.95415 -7.13194 36.6269
      vertex 2.24087 -7.38716 36.6269
      vertex 2.36173 -7.78557 35.848
    endloop
  endfacet
  facet normal 0.280224 -0.783161 0.555098
    outer loop
      vertex 2.95415 -7.13194 36.6269
      vertex 2.09843 -6.91759 37.3613
      vertex 2.24087 -7.38716 36.6269
    endloop
  endfacet
  facet normal 0.238367 -0.666218 0.706637
    outer loop
      vertex 2.55195 -6.16095 38.044
      vertex 1.75449 -5.78378 38.6686
      vertex 1.93578 -6.38141 38.044
    endloop
  endfacet
  facet normal 0.238374 -0.66621 0.706641
    outer loop
      vertex 2.31295 -5.58396 38.6686
      vertex 1.75449 -5.78378 38.6686
      vertex 2.55195 -6.16095 38.044
    endloop
  endfacet
  facet normal 0.202106 -0.806863 0.55509
    outer loop
      vertex 2.24087 -7.38716 36.6269
      vertex 1.41028 -7.08997 37.3613
      vertex 1.50601 -7.57123 36.6269
    endloop
  endfacet
  facet normal 0.202115 -0.806855 0.555098
    outer loop
      vertex 2.09843 -6.91759 37.3613
      vertex 1.41028 -7.08997 37.3613
      vertex 2.24087 -7.38716 36.6269
    endloop
  endfacet
  facet normal 0.158946 -0.444217 0.881707
    outer loop
      vertex 1.47256 -3.55508 40.1359
      vertex 1.11701 -3.6823 40.1359
      vertex 1.34312 -4.42769 39.7196
    endloop
  endfacet
  facet normal 0.0272837 -0.555371 0.831155
    outer loop
      vertex 0 -4.62692 39.7196
      vertex 0 -5.36129 39.2289
      vertex 0.453518 -4.60464 39.7196
    endloop
  endfacet
  facet normal 0.326378 -0.544523 0.772639
    outer loop
      vertex 3.35788 -5.02543 38.6686
      vertex 2.5273 -4.72824 39.2289
      vertex 2.84914 -5.33036 38.6686
    endloop
  endfacet
  facet normal 0.271432 -0.573893 0.77264
    outer loop
      vertex 2.5273 -4.72824 39.2289
      vertex 2.31295 -5.58396 38.6686
      vertex 2.84914 -5.33036 38.6686
    endloop
  endfacet
  facet normal -0.421495 -0.568336 0.706638
    outer loop
      vertex -3.35788 -5.02543 38.6686
      vertex -4.23049 -5.15487 38.044
      vertex -3.70485 -5.5447 38.044
    endloop
  endfacet
  facet normal -0.331224 -0.446621 0.831156
    outer loop
      vertex -2.93529 -3.57666 39.7196
      vertex -3.40117 -4.14434 39.2289
      vertex -2.97857 -4.45775 39.2289
    endloop
  endfacet
  facet normal -0.302534 -0.639634 0.706641
    outer loop
      vertex -2.31295 -5.58396 38.6686
      vertex -3.14354 -5.88114 38.044
      vertex -2.55195 -6.16095 38.044
    endloop
  endfacet
  facet normal -0.237736 -0.502654 0.831156
    outer loop
      vertex -2.18112 -4.08058 39.7196
      vertex -2.5273 -4.72824 39.2289
      vertex -2.05168 -4.95319 39.2289
    endloop
  endfacet
  facet normal -0.20172 -0.426497 0.881708
    outer loop
      vertex -1.47256 -3.55508 40.1359
      vertex -2.18112 -4.08058 39.7196
      vertex -1.77065 -4.27472 39.7196
    endloop
  endfacet
  facet normal -0.11464 -0.457659 0.881706
    outer loop
      vertex -0.750707 -3.77406 40.1359
      vertex -1.34312 -4.42769 39.7196
      vertex -0.902668 -4.53802 39.7196
    endloop
  endfacet
  facet normal -0.378951 -0.281049 0.881707
    outer loop
      vertex -3.19949 -2.13783 40.1359
      vertex -3.57666 -2.93529 39.7196
      vertex -2.97454 -2.44114 40.1359
    endloop
  endfacet
  facet normal -0.316843 -0.349576 0.881707
    outer loop
      vertex -2.72094 -2.72094 40.1359
      vertex -2.93529 -3.57666 39.7196
      vertex -2.44114 -2.97454 40.1359
    endloop
  endfacet
  facet normal 0.0692288 -0.466695 0.881705
    outer loop
      vertex 0.750707 -3.77406 40.1359
      vertex 0.377169 -3.82947 40.1359
      vertex 0.453518 -4.60464 39.7196
    endloop
  endfacet
  facet normal 0.0692221 -0.466693 0.881706
    outer loop
      vertex 0.750707 -3.77406 40.1359
      vertex 0.453518 -4.60464 39.7196
      vertex 0.902668 -4.53802 39.7196
    endloop
  endfacet
  facet normal -0.475053 -0.792581 0.382283
    outer loop
      vertex -3.83524 -7.17523 35.848
      vertex -4.52007 -6.76476 35.848
      vertex -3.99457 -7.47331 35.032
    endloop
  endfacet
  facet normal -0.395079 -0.835328 0.382282
    outer loop
      vertex -3.83524 -7.17523 35.848
      vertex -3.99457 -7.47331 35.032
      vertex -3.24282 -7.82886 35.032
    endloop
  endfacet
  facet normal -0.592418 -0.653627 0.47097
    outer loop
      vertex -4.89723 -5.9673 36.6269
      vertex -5.75295 -5.75295 35.848
      vertex -5.16136 -6.28914 35.848
    endloop
  endfacet
  facet normal -0.620554 -0.68467 0.382283
    outer loop
      vertex -5.16136 -6.28914 35.848
      vertex -5.75295 -5.75295 35.848
      vertex -5.37578 -6.55041 35.032
    endloop
  endfacet
  facet normal -0.260539 -0.728165 0.633952
    outer loop
      vertex -2.55195 -6.16095 38.044
      vertex -2.76637 -6.6786 37.3613
      vertex -2.09843 -6.91759 37.3613
    endloop
  endfacet
  facet normal -0.330661 -0.699119 0.633952
    outer loop
      vertex -2.55195 -6.16095 38.044
      vertex -3.40766 -6.37529 37.3613
      vertex -2.76637 -6.6786 37.3613
    endloop
  endfacet
  facet normal -0.751927 -0.35564 0.555092
    outer loop
      vertex -6.37529 -3.40766 37.3613
      vertex -7.13194 -2.95415 36.6269
      vertex -6.80804 -3.63897 36.6269
    endloop
  endfacet
  facet normal -0.797449 -0.37717 0.470975
    outer loop
      vertex -7.13194 -2.95415 36.6269
      vertex -7.17523 -3.83524 35.848
      vertex -6.80804 -3.63897 36.6269
    endloop
  endfacet
  facet normal 0.146027 -0.984426 -0.0978887
    outer loop
      vertex 1.7537 -8.81643 31.5584
      vertex 0.881091 -8.94587 31.5584
      vertex 1.73681 -8.73153 30.6794
    endloop
  endfacet
  facet normal -0.0488339 -0.993998 0.0978923
    outer loop
      vertex -0.872605 -8.85972 33.3206
      vertex -0.881091 -8.94587 32.4416
      vertex 0 -8.90259 33.3206
    endloop
  endfacet
  facet normal -0.0488374 -0.993998 0.0978958
    outer loop
      vertex 0 -8.90259 33.3206
      vertex -0.881091 -8.94587 32.4416
      vertex 0 -8.98916 32.4416
    endloop
  endfacet
  facet normal -0.146023 -0.984426 -0.0978924
    outer loop
      vertex -0.881091 -8.94587 31.5584
      vertex -1.73681 -8.73153 30.6794
      vertex -0.872605 -8.85972 30.6794
    endloop
  endfacet
  facet normal 0.0481288 -0.979646 -0.194877
    outer loop
      vertex 0.872605 -8.85972 30.6794
      vertex 0 -8.90259 30.6794
      vertex 0.855717 -8.68824 29.8132
    endloop
  endfacet
  facet normal -0.0481288 -0.979646 0.194877
    outer loop
      vertex -0.855717 -8.68824 34.1868
      vertex -0.872605 -8.85972 33.3206
      vertex 0 -8.90259 33.3206
    endloop
  endfacet
  facet normal -0.280224 -0.783161 0.555098
    outer loop
      vertex -2.09843 -6.91759 37.3613
      vertex -2.95415 -7.13194 36.6269
      vertex -2.24087 -7.38716 36.6269
    endloop
  endfacet
  facet normal -0.232541 -0.928356 0.289967
    outer loop
      vertex -2.45984 -8.10901 35.032
      vertex -2.53427 -8.35436 34.1868
      vertex -1.65317 -8.31107 35.032
    endloop
  endfacet
  facet normal -0.335275 -0.93702 0.097896
    outer loop
      vertex -3.40687 -8.22492 33.3206
      vertex -3.44 -8.3049 32.4416
      vertex -2.60942 -8.60209 32.4416
    endloop
  endfacet
  facet normal -0.425501 -0.899647 0.0978961
    outer loop
      vertex -3.40687 -8.22492 33.3206
      vertex -4.23746 -7.92773 32.4416
      vertex -3.44 -8.3049 32.4416
    endloop
  endfacet
  facet normal -0.336894 -0.941543 0
    outer loop
      vertex -3.44 -8.3049 31.5584
      vertex -2.60942 -8.60209 32.4416
      vertex -3.44 -8.3049 32.4416
    endloop
  endfacet
  facet normal -0.336894 -0.941543 -0
    outer loop
      vertex -2.60942 -8.60209 32.4416
      vertex -3.44 -8.3049 31.5584
      vertex -2.60942 -8.60209 31.5584
    endloop
  endfacet
  facet normal -0.946679 -0.140428 -0.289962
    outer loop
      vertex -8.31107 -1.65317 28.968
      vertex -8.56253 -1.70319 29.8132
      vertex -8.43309 -0.830586 28.968
    endloop
  endfacet
  facet normal 0.620547 -0.684673 -0.382289
    outer loop
      vertex 5.74098 -5.77826 28.1779
      vertex 5.99195 -5.99195 28.968
      vertex 5.37578 -6.55041 28.968
    endloop
  endfacet
  facet normal 0.620395 -0.684816 -0.382279
    outer loop
      vertex 5.99195 -5.99195 28.968
      vertex 5.74098 -5.77826 28.1779
      vertex 5.76054 -5.76054 28.1779
    endloop
  endfacet
  facet normal 0.642706 -0.709122 -0.289958
    outer loop
      vertex 6.17324 -6.17324 29.8132
      vertex 5.37578 -6.55041 28.968
      vertex 5.99195 -5.99195 28.968
    endloop
  endfacet
  facet normal 0.504254 -0.841281 0.19487
    outer loop
      vertex 4.85028 -7.25896 34.1868
      vertex 4.11543 -7.69942 34.1868
      vertex 4.19665 -7.85138 33.3206
    endloop
  endfacet
  facet normal 0.492023 -0.820876 0.28996
    outer loop
      vertex 4.85028 -7.25896 34.1868
      vertex 3.99457 -7.47331 35.032
      vertex 4.11543 -7.69942 34.1868
    endloop
  endfacet
  facet normal 0.330434 -0.923492 0.194874
    outer loop
      vertex 3.34093 -8.06573 34.1868
      vertex 2.53427 -8.35436 34.1868
      vertex 3.40687 -8.22492 33.3206
    endloop
  endfacet
  facet normal 0.330434 -0.923492 0.194874
    outer loop
      vertex 3.40687 -8.22492 33.3206
      vertex 2.53427 -8.35436 34.1868
      vertex 2.58428 -8.51925 33.3206
    endloop
  endfacet
  facet normal 0.595702 -0.803206 0
    outer loop
      vertex 4.99411 -7.47421 31.5584
      vertex 5.70266 -6.94871 32.4416
      vertex 4.99411 -7.47421 32.4416
    endloop
  endfacet
  facet normal 0.595702 -0.803206 0
    outer loop
      vertex 5.70266 -6.94871 32.4416
      vertex 4.99411 -7.47421 31.5584
      vertex 5.70266 -6.94871 31.5584
    endloop
  endfacet
  facet normal 0.841281 -0.504254 -0.19487
    outer loop
      vertex 7.85138 -4.19665 30.6794
      vertex 7.25896 -4.85028 29.8132
      vertex 7.69942 -4.11543 29.8132
    endloop
  endfacet
  facet normal 0.787807 -0.58428 -0.194877
    outer loop
      vertex 7.40223 -4.94601 30.6794
      vertex 6.88179 -5.64774 30.6794
      vertex 7.25896 -4.85028 29.8132
    endloop
  endfacet
  facet normal 0.886658 -0.41936 -0.194871
    outer loop
      vertex 7.85138 -4.19665 30.6794
      vertex 7.69942 -4.11543 29.8132
      vertex 8.22492 -3.40687 30.6794
    endloop
  endfacet
  facet normal 0.899646 -0.425503 -0.0978985
    outer loop
      vertex 7.92773 -4.23746 31.5584
      vertex 7.85138 -4.19665 30.6794
      vertex 8.22492 -3.40687 30.6794
    endloop
  endfacet
  facet normal -0.94668 -0.140426 -0.28996
    outer loop
      vertex -8.56253 -1.70319 29.8132
      vertex -8.68824 -0.855717 29.8132
      vertex -8.43309 -0.830586 28.968
    endloop
  endfacet
  facet normal -0.979646 -0.0481284 -0.194877
    outer loop
      vertex -8.68824 -0.855717 29.8132
      vertex -8.90259 0 30.6794
      vertex -8.73028 0 29.8132
    endloop
  endfacet
  facet normal -0.870046 -0.311256 -0.382283
    outer loop
      vertex -7.78695 -2.38969 28.1779
      vertex -8.10901 -2.45984 28.968
      vertex -7.79584 -2.36484 28.1779
    endloop
  endfacet
  facet normal -0.870032 -0.311297 -0.382281
    outer loop
      vertex -8.10901 -2.45984 28.968
      vertex -7.78695 -2.38969 28.1779
      vertex -7.82886 -3.24282 28.968
    endloop
  endfacet
  facet normal -0.970211 -0.143916 -0.194879
    outer loop
      vertex -8.56253 -1.70319 29.8132
      vertex -8.73153 -1.73681 30.6794
      vertex -8.68824 -0.855717 29.8132
    endloop
  endfacet
  facet normal -0.979646 -0.0481288 -0.194877
    outer loop
      vertex -8.85972 -0.872605 30.6794
      vertex -8.90259 0 30.6794
      vertex -8.68824 -0.855717 29.8132
    endloop
  endfacet
  facet normal -0.899646 -0.425503 -0.0978985
    outer loop
      vertex -7.92773 -4.23746 31.5584
      vertex -8.22492 -3.40687 30.6794
      vertex -7.85138 -4.19665 30.6794
    endloop
  endfacet
  facet normal -0.899647 -0.425501 -0.0978961
    outer loop
      vertex -7.92773 -4.23746 31.5584
      vertex -8.3049 -3.44 31.5584
      vertex -8.22492 -3.40687 30.6794
    endloop
  endfacet
  facet normal -0.923492 -0.330434 -0.194874
    outer loop
      vertex -8.22492 -3.40687 30.6794
      vertex -8.51925 -2.58428 30.6794
      vertex -8.35436 -2.53427 29.8132
    endloop
  endfacet
  facet normal -0.787807 0.58428 -0.194877
    outer loop
      vertex -7.25896 4.85028 29.8132
      vertex -7.40223 4.94601 30.6794
      vertex -6.88179 5.64774 30.6794
    endloop
  endfacet
  facet normal -0.768704 0.570102 -0.289963
    outer loop
      vertex -6.55041 5.37578 28.968
      vertex -7.25896 4.85028 29.8132
      vertex -6.7486 5.53843 29.8132
    endloop
  endfacet
  facet normal -0.870026 0.311302 -0.382291
    outer loop
      vertex -7.59843 2.91655 28.1779
      vertex -7.82886 3.24282 28.968
      vertex -7.5265 3.11758 28.1779
    endloop
  endfacet
  facet normal -0.870022 0.31131 -0.382293
    outer loop
      vertex -7.82886 3.24282 28.968
      vertex -7.59843 2.91655 28.1779
      vertex -7.78695 2.38969 28.1779
    endloop
  endfacet
  facet normal -0.336894 0.941543 0
    outer loop
      vertex -2.60942 8.60209 31.5584
      vertex -3.44 8.3049 32.4416
      vertex -2.60942 8.60209 32.4416
    endloop
  endfacet
  facet normal -0.336894 0.941543 0
    outer loop
      vertex -3.44 8.3049 32.4416
      vertex -2.60942 8.60209 31.5584
      vertex -3.44 8.3049 31.5584
    endloop
  endfacet
  facet normal -0.0488339 0.993998 0.0978923
    outer loop
      vertex 0 8.90259 33.3206
      vertex -0.881091 8.94587 32.4416
      vertex -0.872605 8.85972 33.3206
    endloop
  endfacet
  facet normal -0.146023 0.984426 0.0978924
    outer loop
      vertex -0.881091 8.94587 32.4416
      vertex -1.73681 8.73153 33.3206
      vertex -0.872605 8.85972 33.3206
    endloop
  endfacet
  facet normal 0.140426 0.94668 0.28996
    outer loop
      vertex 0.855717 8.68824 34.1868
      vertex 0.830586 8.43309 35.032
      vertex 1.70319 8.56253 34.1868
    endloop
  endfacet
  facet normal -0.0469665 0.955887 0.289955
    outer loop
      vertex 0 8.73028 34.1868
      vertex -0.830586 8.43309 35.032
      vertex 0 8.4739 35.032
    endloop
  endfacet
  facet normal 0.143916 0.970211 0.194879
    outer loop
      vertex 1.73681 8.73153 33.3206
      vertex 0.855717 8.68824 34.1868
      vertex 1.70319 8.56253 34.1868
    endloop
  endfacet
  facet normal 0.143914 0.970212 0.194877
    outer loop
      vertex 0.872605 8.85972 33.3206
      vertex 0.855717 8.68824 34.1868
      vertex 1.73681 8.73153 33.3206
    endloop
  endfacet
  facet normal -0.202115 0.806855 0.555098
    outer loop
      vertex -1.41028 7.08997 37.3613
      vertex -2.24087 7.38716 36.6269
      vertex -2.09843 6.91759 37.3613
    endloop
  endfacet
  facet normal -0.0453332 0.922934 0.382279
    outer loop
      vertex 0 8.1359 35.848
      vertex -0.830586 8.43309 35.032
      vertex -0.797458 8.09673 35.848
    endloop
  endfacet
  facet normal -0.0379485 0.772436 0.633958
    outer loop
      vertex 0 7.22887 37.3613
      vertex -0.708552 7.19406 37.3613
      vertex 0 6.66856 38.044
    endloop
  endfacet
  facet normal 0.0432832 0.88109 0.470963
    outer loop
      vertex 0 8.1359 35.848
      vertex 0 7.71956 36.6269
      vertex 0.756648 7.68239 36.6269
    endloop
  endfacet
  facet normal -0.297191 0.830585 0.470963
    outer loop
      vertex -2.36173 7.78557 35.848
      vertex -3.11347 7.51659 35.848
      vertex -2.95415 7.13194 36.6269
    endloop
  endfacet
  facet normal -0.311297 0.870031 0.382284
    outer loop
      vertex -2.45984 8.10901 35.032
      vertex -3.24282 7.82886 35.032
      vertex -2.36173 7.78557 35.848
    endloop
  endfacet
  facet normal -0.0931505 0.627973 0.77264
    outer loop
      vertex -0.592418 6.01493 38.6686
      vertex -1.17913 5.9279 38.6686
      vertex -1.04594 5.25828 39.2289
    endloop
  endfacet
  facet normal -0.103819 0.699916 0.706639
    outer loop
      vertex -0.653633 6.63645 38.044
      vertex -1.30097 6.54043 38.044
      vertex -0.592418 6.01493 38.6686
    endloop
  endfacet
  facet normal -0.214342 0.855716 0.470964
    outer loop
      vertex -1.58724 7.97957 35.848
      vertex -2.24087 7.38716 36.6269
      vertex -1.50601 7.57123 36.6269
    endloop
  endfacet
  facet normal -0.355638 0.751927 0.555093
    outer loop
      vertex -2.95415 7.13194 36.6269
      vertex -3.40766 6.37529 37.3613
      vertex -2.76637 6.6786 37.3613
    endloop
  endfacet
  facet normal -0.511634 0.853608 -0.0978985
    outer loop
      vertex -4.19665 7.85138 30.6794
      vertex -4.94601 7.40223 30.6794
      vertex -4.23746 7.92773 31.5584
    endloop
  endfacet
  facet normal -0.504247 0.841284 -0.194877
    outer loop
      vertex -4.85028 7.25896 29.8132
      vertex -4.94601 7.40223 30.6794
      vertex -4.19665 7.85138 30.6794
    endloop
  endfacet
  facet normal 0.475057 0.792577 -0.382286
    outer loop
      vertex 4.02343 7.07492 28.1779
      vertex 3.99457 7.47331 28.968
      vertex 4.50339 6.78724 28.1779
    endloop
  endfacet
  facet normal 0.475054 0.792578 -0.382287
    outer loop
      vertex 3.84029 7.18469 28.1779
      vertex 3.99457 7.47331 28.968
      vertex 4.02343 7.07492 28.1779
    endloop
  endfacet
  facet normal 0.726748 0.658681 -0.194875
    outer loop
      vertex 6.88179 5.64774 30.6794
      vertex 6.17324 6.17324 29.8132
      vertex 6.29508 6.29508 30.6794
    endloop
  endfacet
  facet normal 0.684665 0.620564 -0.382273
    outer loop
      vertex 6.55041 5.37578 28.968
      vertex 5.90392 5.60234 28.1779
      vertex 5.77826 5.74098 28.1779
    endloop
  endfacet
  facet normal 0.684672 0.620552 -0.382282
    outer loop
      vertex 6.55041 5.37578 28.968
      vertex 6.29743 5.16817 28.1779
      vertex 5.90392 5.60234 28.1779
    endloop
  endfacet
  facet normal 0.684816 0.620395 -0.382279
    outer loop
      vertex 5.99195 5.99195 28.968
      vertex 5.77826 5.74098 28.1779
      vertex 5.76054 5.76054 28.1779
    endloop
  endfacet
  facet normal 0.684673 0.620547 -0.382289
    outer loop
      vertex 5.77826 5.74098 28.1779
      vertex 5.99195 5.99195 28.968
      vertex 6.55041 5.37578 28.968
    endloop
  endfacet
  facet normal 0.709122 0.642706 -0.289958
    outer loop
      vertex 6.55041 5.37578 28.968
      vertex 5.99195 5.99195 28.968
      vertex 6.17324 6.17324 29.8132
    endloop
  endfacet
  facet normal 0.0488374 0.993998 0.0978958
    outer loop
      vertex 0 8.98916 32.4416
      vertex 0 8.90259 33.3206
      vertex 0.881091 8.94587 32.4416
    endloop
  endfacet
  facet normal 0.146023 0.984426 -0.0978924
    outer loop
      vertex 1.73681 8.73153 30.6794
      vertex 0.872605 8.85972 30.6794
      vertex 0.881091 8.94587 31.5584
    endloop
  endfacet
  facet normal 0.783161 -0.280224 0.555098
    outer loop
      vertex 7.38716 -2.24087 36.6269
      vertex 6.91759 -2.09843 37.3613
      vertex 7.13194 -2.95415 36.6269
    endloop
  endfacet
  facet normal 0.806855 -0.202115 0.555098
    outer loop
      vertex 7.08997 -1.41028 37.3613
      vertex 6.91759 -2.09843 37.3613
      vertex 7.38716 -2.24087 36.6269
    endloop
  endfacet
  facet normal 0.544523 -0.326378 0.772639
    outer loop
      vertex 5.33036 -2.84914 38.6686
      vertex 4.72824 -2.5273 39.2289
      vertex 5.02543 -3.35788 38.6686
    endloop
  endfacet
  facet normal 0.544517 -0.326382 0.772642
    outer loop
      vertex 4.72824 -2.5273 39.2289
      vertex 4.45775 -2.97857 39.2289
      vertex 5.02543 -3.35788 38.6686
    endloop
  endfacet
  facet normal 0.5586 -0.616311 0.555091
    outer loop
      vertex 5.11158 -5.11158 37.3613
      vertex 4.58595 -5.58799 37.3613
      vertex 5.45855 -5.45855 36.6269
    endloop
  endfacet
  facet normal 0.519366 -0.573025 0.633957
    outer loop
      vertex 5.11158 -5.11158 37.3613
      vertex 4.23049 -5.15487 38.044
      vertex 4.58595 -5.58799 37.3613
    endloop
  endfacet
  facet normal 0.830788 -0.0408121 0.555091
    outer loop
      vertex 7.71956 0 36.6269
      vertex 7.22887 0 37.3613
      vertex 7.68239 -0.756648 36.6269
    endloop
  endfacet
  facet normal 0.855717 -0.214346 0.470962
    outer loop
      vertex 7.97957 -1.58724 35.848
      vertex 7.38716 -2.24087 36.6269
      vertex 7.78557 -2.36173 35.848
    endloop
  endfacet
  facet normal 0.881088 0.0432778 0.470967
    outer loop
      vertex 8.09673 0.797458 35.848
      vertex 7.68239 0.756648 36.6269
      vertex 8.1359 0 35.848
    endloop
  endfacet
  facet normal 0.922934 0.0453332 0.382279
    outer loop
      vertex 8.43309 0.830586 35.032
      vertex 8.09673 0.797458 35.848
      vertex 8.1359 0 35.848
    endloop
  endfacet
  facet normal 0.881088 -0.0432778 0.470967
    outer loop
      vertex 8.1359 0 35.848
      vertex 7.68239 -0.756648 36.6269
      vertex 8.09673 -0.797458 35.848
    endloop
  endfacet
  facet normal 0.88109 0.0432832 0.470963
    outer loop
      vertex 8.1359 0 35.848
      vertex 7.68239 0.756648 36.6269
      vertex 7.71956 0 36.6269
    endloop
  endfacet
  facet normal 0.993998 0.0488374 -0.0978958
    outer loop
      vertex 8.98916 0 31.5584
      vertex 8.90259 0 30.6794
      vertex 8.94587 0.881091 31.5584
    endloop
  endfacet
  facet normal 0.998795 0.0490731 0
    outer loop
      vertex 8.98916 0 32.4416
      vertex 8.94587 0.881091 31.5584
      vertex 8.94587 0.881091 32.4416
    endloop
  endfacet
  facet normal 0.998795 0.0490731 0
    outer loop
      vertex 8.94587 0.881091 31.5584
      vertex 8.98916 0 32.4416
      vertex 8.98916 0 31.5584
    endloop
  endfacet
  facet normal 0.899646 -0.425503 0.0978985
    outer loop
      vertex 8.22492 -3.40687 33.3206
      vertex 7.85138 -4.19665 33.3206
      vertex 7.92773 -4.23746 32.4416
    endloop
  endfacet
  facet normal 0.886658 -0.41936 0.194871
    outer loop
      vertex 8.22492 -3.40687 33.3206
      vertex 7.69942 -4.11543 34.1868
      vertex 7.85138 -4.19665 33.3206
    endloop
  endfacet
  facet normal 0.58428 -0.787807 0.194877
    outer loop
      vertex 5.64774 -6.88179 33.3206
      vertex 4.85028 -7.25896 34.1868
      vertex 4.94601 -7.40223 33.3206
    endloop
  endfacet
  facet normal 0.504247 -0.841284 0.194877
    outer loop
      vertex 4.85028 -7.25896 34.1868
      vertex 4.19665 -7.85138 33.3206
      vertex 4.94601 -7.40223 33.3206
    endloop
  endfacet
  facet normal 0.550456 -0.7422 0.382279
    outer loop
      vertex 5.37578 -6.55041 35.032
      vertex 4.52007 -6.76476 35.848
      vertex 4.70784 -7.04579 35.032
    endloop
  endfacet
  facet normal 0.475057 -0.79258 0.38228
    outer loop
      vertex 4.52007 -6.76476 35.848
      vertex 3.99457 -7.47331 35.032
      vertex 4.70784 -7.04579 35.032
    endloop
  endfacet
  facet normal 0.742212 -0.550442 -0.382275
    outer loop
      vertex 6.55041 -5.37578 28.968
      vertex 6.42462 -4.99668 28.1779
      vertex 6.75795 -4.54722 28.1779
    endloop
  endfacet
  facet normal 0.742191 -0.550465 -0.382283
    outer loop
      vertex 6.42462 -4.99668 28.1779
      vertex 6.55041 -5.37578 28.968
      vertex 6.29743 -5.16817 28.1779
    endloop
  endfacet
  facet normal 0.684672 -0.620552 -0.382282
    outer loop
      vertex 6.55041 -5.37578 28.968
      vertex 5.90392 -5.60234 28.1779
      vertex 6.29743 -5.16817 28.1779
    endloop
  endfacet
  facet normal 0.684665 -0.620564 -0.382273
    outer loop
      vertex 5.90392 -5.60234 28.1779
      vertex 6.55041 -5.37578 28.968
      vertex 5.77826 -5.74098 28.1779
    endloop
  endfacet
  facet normal 0.772437 0.0379463 0.633957
    outer loop
      vertex 7.19406 0.708552 37.3613
      vertex 6.63645 0.653633 38.044
      vertex 6.66856 0 38.044
    endloop
  endfacet
  facet normal 0.699916 0.103819 0.706639
    outer loop
      vertex 6.54043 1.30097 38.044
      vertex 6.01493 0.592418 38.6686
      vertex 6.63645 0.653633 38.044
    endloop
  endfacet
  facet normal 0.783161 0.280224 0.555098
    outer loop
      vertex 7.13194 2.95415 36.6269
      vertex 6.91759 2.09843 37.3613
      vertex 7.38716 2.24087 36.6269
    endloop
  endfacet
  facet normal 0.772436 0.0379485 0.633958
    outer loop
      vertex 7.19406 0.708552 37.3613
      vertex 6.66856 0 38.044
      vertex 7.22887 0 37.3613
    endloop
  endfacet
  facet normal 0.457659 -0.11464 0.881706
    outer loop
      vertex 4.53802 -0.902668 39.7196
      vertex 3.77406 -0.750707 40.1359
      vertex 4.42769 -1.34312 39.7196
    endloop
  endfacet
  facet normal 0.539375 -0.13511 0.831156
    outer loop
      vertex 4.53802 -0.902668 39.7196
      vertex 4.42769 -1.34312 39.7196
      vertex 5.25828 -1.04594 39.2289
    endloop
  endfacet
  facet normal 0.471233 -0.0231513 0.881705
    outer loop
      vertex 3.848 0 40.1359
      vertex 3.82947 -0.377169 40.1359
      vertex 4.60464 -0.453518 39.7196
    endloop
  endfacet
  facet normal 0.382622 -0.0187979 0.923714
    outer loop
      vertex 3.848 0 40.1359
      vertex 3.01741 -0.297189 40.4739
      vertex 3.82947 -0.377169 40.1359
    endloop
  endfacet
  facet normal 0.29027 0.0142601 0.956838
    outer loop
      vertex 3.01741 0.297189 40.4739
      vertex 2.17629 0.214346 40.7303
      vertex 3.03201 0 40.4739
    endloop
  endfacet
  facet normal 0.29027 -0.0142599 0.956839
    outer loop
      vertex 2.18682 0 40.7303
      vertex 2.17629 -0.214346 40.7303
      vertex 3.03201 0 40.4739
    endloop
  endfacet
  facet normal 0.195072 0.00958498 0.980742
    outer loop
      vertex 2.17629 0.214346 40.7303
      vertex 1.31421 0.129438 40.9026
      vertex 1.32057 0 40.9026
    endloop
  endfacet
  facet normal 0.193195 0.0286495 0.980742
    outer loop
      vertex 2.17629 0.214346 40.7303
      vertex 1.2952 0.25763 40.9026
      vertex 1.31421 0.129438 40.9026
    endloop
  endfacet
  facet normal 0.183891 0.0657981 0.980742
    outer loop
      vertex 2.09266 0.6348 40.7303
      vertex 1.22005 0.505362 40.9026
      vertex 1.26371 0.383342 40.9026
    endloop
  endfacet
  facet normal -0.0144001 0.0971056 0.99517
    outer loop
      vertex -0.129438 1.31421 40.9026
      vertex -0.25763 1.2952 40.9026
      vertex -0.086153 0.433124 40.9892
    endloop
  endfacet
  facet normal -0.0788485 0.0584781 0.99517
    outer loop
      vertex -1.02082 0.837763 40.9026
      vertex -1.09802 0.733671 40.9026
      vertex -0.341368 0.280153 40.9892
    endloop
  endfacet
  facet normal -0.0980494 -0.00481771 0.99517
    outer loop
      vertex -0.441608 0 40.9892
      vertex -1.32057 0 40.9026
      vertex -1.31421 -0.129438 40.9026
    endloop
  endfacet
  facet normal 0.0238533 0.0952253 0.99517
    outer loop
      vertex 0.25763 1.2952 40.9026
      vertex 0.086153 0.433124 40.9892
      vertex 0.383342 1.26371 40.9026
    endloop
  endfacet
  facet normal 0.0657981 0.183891 0.980742
    outer loop
      vertex 0.6348 2.09266 40.7303
      vertex 0.383342 1.26371 40.9026
      vertex 0.505362 1.22005 40.9026
    endloop
  endfacet
  facet normal -0.018797 0.382621 0.923714
    outer loop
      vertex 0 3.848 40.1359
      vertex -0.297189 3.01741 40.4739
      vertex 0 3.03201 40.4739
    endloop
  endfacet
  facet normal -0.0142601 0.29027 0.956838
    outer loop
      vertex 0 3.03201 40.4739
      vertex -0.297189 3.01741 40.4739
      vertex -0.214346 2.17629 40.7303
    endloop
  endfacet
  facet normal 0.070617 0.28191 0.956838
    outer loop
      vertex 0.591516 2.97375 40.4739
      vertex 0.426627 2.1448 40.7303
      vertex 0.880145 2.90145 40.4739
    endloop
  endfacet
  facet normal 0.0426443 0.287474 0.956839
    outer loop
      vertex 0.591516 2.97375 40.4739
      vertex 0.214346 2.17629 40.7303
      vertex 0.426627 2.1448 40.7303
    endloop
  endfacet
  facet normal 0.0504654 0.0842026 0.99517
    outer loop
      vertex 0.622514 1.16464 40.9026
      vertex 0.208173 0.389464 40.9892
      vertex 0.733671 1.09802 40.9026
    endloop
  endfacet
  facet normal 0.131158 0.144718 0.980742
    outer loop
      vertex 1.3873 1.69044 40.7303
      vertex 0.837763 1.02082 40.9026
      vertex 1.54632 1.54632 40.7303
    endloop
  endfacet
  facet normal 0.100404 0.167525 0.980742
    outer loop
      vertex 1.03086 1.9286 40.7303
      vertex 0.622514 1.16464 40.9026
      vertex 1.21493 1.81828 40.7303
    endloop
  endfacet
  facet normal 0.149403 0.249281 0.956837
    outer loop
      vertex 1.68449 2.52102 40.4739
      vertex 1.03086 1.9286 40.7303
      vertex 1.21493 1.81828 40.7303
    endloop
  endfacet
  facet normal 0.156874 0.116346 0.980742
    outer loop
      vertex 1.69044 1.3873 40.7303
      vertex 1.02082 0.837763 40.9026
      vertex 1.09802 0.733671 40.9026
    endloop
  endfacet
  facet normal 0.156873 0.116346 0.980742
    outer loop
      vertex 1.69044 1.3873 40.7303
      vertex 1.09802 0.733671 40.9026
      vertex 1.81828 1.21493 40.7303
    endloop
  endfacet
  facet normal 0.131163 0.14471 0.980742
    outer loop
      vertex 1.54632 1.54632 40.7303
      vertex 0.837763 1.02082 40.9026
      vertex 0.933786 0.933786 40.9026
    endloop
  endfacet
  facet normal 0.195164 0.215341 0.956838
    outer loop
      vertex 1.92349 2.34377 40.4739
      vertex 1.3873 1.69044 40.7303
      vertex 1.54632 1.54632 40.7303
    endloop
  endfacet
  facet normal -0.00481591 -0.0980497 0.99517
    outer loop
      vertex -0.0432844 -0.439482 40.9892
      vertex -0.129438 -1.31421 40.9026
      vertex 0 -0.441608 40.9892
    endloop
  endfacet
  facet normal -0.183891 0.0657981 0.980742
    outer loop
      vertex -1.22005 0.505362 40.9026
      vertex -2.09266 0.6348 40.7303
      vertex -1.26371 0.383342 40.9026
    endloop
  endfacet
  facet normal -0.0952249 0.0238544 0.99517
    outer loop
      vertex -0.422593 0.128192 40.9892
      vertex -1.26371 0.383342 40.9026
      vertex -0.433124 0.086153 40.9892
    endloop
  endfacet
  facet normal -0.0659267 -0.0727357 0.99517
    outer loop
      vertex -0.312264 -0.312264 40.9892
      vertex -0.933786 -0.933786 40.9026
      vertex -0.837763 -1.02082 40.9026
    endloop
  endfacet
  facet normal -0.0842 -0.0504688 0.99517
    outer loop
      vertex -0.389464 -0.208173 40.9892
      vertex -1.09802 -0.733671 40.9026
      vertex -0.367184 -0.245344 40.9892
    endloop
  endfacet
  facet normal -0.154256 0.615818 0.772641
    outer loop
      vertex -1.04594 5.25828 39.2289
      vertex -1.75449 5.78378 38.6686
      vertex -1.5563 5.13044 39.2289
    endloop
  endfacet
  facet normal -0.213872 0.597733 0.772641
    outer loop
      vertex -1.75449 5.78378 38.6686
      vertex -2.31295 5.58396 38.6686
      vertex -1.5563 5.13044 39.2289
    endloop
  endfacet
  facet normal -0.23774 0.502654 0.831155
    outer loop
      vertex -2.05168 4.95319 39.2289
      vertex -2.18112 4.08058 39.7196
      vertex -1.77065 4.27472 39.7196
    endloop
  endfacet
  facet normal -0.187325 0.523537 0.831155
    outer loop
      vertex -1.5563 5.13044 39.2289
      vertex -2.05168 4.95319 39.2289
      vertex -1.77065 4.27472 39.7196
    endloop
  endfacet
  facet normal -0.171936 0.686369 0.706637
    outer loop
      vertex -1.30097 6.54043 38.044
      vertex -1.93578 6.38141 38.044
      vertex -1.75449 5.78378 38.6686
    endloop
  endfacet
  facet normal -0.187923 0.750189 0.633957
    outer loop
      vertex -1.30097 6.54043 38.044
      vertex -2.09843 6.91759 37.3613
      vertex -1.93578 6.38141 38.044
    endloop
  endfacet
  facet normal -0.382621 -0.018797 0.923714
    outer loop
      vertex -3.03201 0 40.4739
      vertex -3.848 0 40.1359
      vertex -3.01741 -0.297189 40.4739
    endloop
  endfacet
  facet normal -0.28191 -0.070617 0.956838
    outer loop
      vertex -2.1448 -0.426627 40.7303
      vertex -2.97375 -0.591516 40.4739
      vertex -2.90145 -0.880145 40.4739
    endloop
  endfacet
  facet normal -0.382622 0.0187979 0.923714
    outer loop
      vertex -3.82947 0.377169 40.1359
      vertex -3.848 0 40.1359
      vertex -3.01741 0.297189 40.4739
    endloop
  endfacet
  facet normal -0.404676 0.24255 0.881707
    outer loop
      vertex -3.84715 2.57058 39.7196
      vertex -4.08058 2.18112 39.7196
      vertex -3.39363 1.81393 40.1359
    endloop
  endfacet
  facet normal -0.378937 -0.0562109 0.923714
    outer loop
      vertex -3.01741 -0.297189 40.4739
      vertex -3.82947 -0.377169 40.1359
      vertex -3.77406 -0.750707 40.1359
    endloop
  endfacet
  facet normal -0.466695 -0.0692288 0.881705
    outer loop
      vertex -3.82947 -0.377169 40.1359
      vertex -4.60464 -0.453518 39.7196
      vertex -3.77406 -0.750707 40.1359
    endloop
  endfacet
  facet normal -0.29027 0.0142601 0.956838
    outer loop
      vertex -3.01741 0.297189 40.4739
      vertex -3.03201 0 40.4739
      vertex -2.17629 0.214346 40.7303
    endloop
  endfacet
  facet normal -0.29027 0.0142599 0.956839
    outer loop
      vertex -2.17629 0.214346 40.7303
      vertex -3.03201 0 40.4739
      vertex -2.18682 0 40.7303
    endloop
  endfacet
  facet normal -0.457659 0.11464 0.881706
    outer loop
      vertex -4.42769 1.34312 39.7196
      vertex -4.53802 0.902668 39.7196
      vertex -3.77406 0.750707 40.1359
    endloop
  endfacet
  facet normal -0.189457 0.0474523 0.980742
    outer loop
      vertex -2.09266 0.6348 40.7303
      vertex -2.1448 0.426627 40.7303
      vertex -1.2952 0.25763 40.9026
    endloop
  endfacet
  facet normal -0.183891 -0.0657988 0.980742
    outer loop
      vertex -1.22005 -0.505362 40.9026
      vertex -2.09266 -0.6348 40.7303
      vertex -2.02036 -0.83686 40.7303
    endloop
  endfacet
  facet normal 0.0584781 0.0788485 0.99517
    outer loop
      vertex 0.733671 1.09802 40.9026
      vertex 0.280153 0.341368 40.9892
      vertex 0.837763 1.02082 40.9026
    endloop
  endfacet
  facet normal 0.0504654 -0.0842026 0.99517
    outer loop
      vertex 0.733671 -1.09802 40.9026
      vertex 0.208173 -0.389464 40.9892
      vertex 0.622514 -1.16464 40.9026
    endloop
  endfacet
  facet normal -0.0238533 0.0952253 0.99517
    outer loop
      vertex -0.25763 1.2952 40.9026
      vertex -0.383342 1.26371 40.9026
      vertex -0.086153 0.433124 40.9892
    endloop
  endfacet
  facet normal -0.539375 0.135108 0.831156
    outer loop
      vertex -5.13044 1.5563 39.2289
      vertex -5.25828 1.04594 39.2289
      vertex -4.42769 1.34312 39.7196
    endloop
  endfacet
  facet normal -0.539375 0.13511 0.831156
    outer loop
      vertex -4.42769 1.34312 39.7196
      vertex -5.25828 1.04594 39.2289
      vertex -4.53802 0.902668 39.7196
    endloop
  endfacet
  facet normal -0.249272 0.149411 0.956838
    outer loop
      vertex -2.52102 1.68449 40.4739
      vertex -2.67399 1.42928 40.4739
      vertex -1.9286 1.03086 40.7303
    endloop
  endfacet
  facet normal -0.0426443 0.287474 0.956839
    outer loop
      vertex -0.214346 2.17629 40.7303
      vertex -0.591516 2.97375 40.4739
      vertex -0.426627 2.1448 40.7303
    endloop
  endfacet
  facet normal -0.262716 0.124262 0.956838
    outer loop
      vertex -1.9286 1.03086 40.7303
      vertex -2.80121 1.1603 40.4739
      vertex -2.02036 0.83686 40.7303
    endloop
  endfacet
  facet normal -0.0727357 0.0659267 0.99517
    outer loop
      vertex -0.933786 0.933786 40.9026
      vertex -1.02082 0.837763 40.9026
      vertex -0.312264 0.312264 40.9892
    endloop
  endfacet
  facet normal -0.237736 0.502654 0.831156
    outer loop
      vertex -2.05168 4.95319 39.2289
      vertex -2.5273 4.72824 39.2289
      vertex -2.18112 4.08058 39.7196
    endloop
  endfacet
  facet normal -0.24255 0.404676 0.881707
    outer loop
      vertex -2.18112 4.08058 39.7196
      vertex -2.57058 3.84715 39.7196
      vertex -1.81393 3.39363 40.1359
    endloop
  endfacet
  facet normal 0.201714 0.426504 0.881706
    outer loop
      vertex 2.18112 4.08058 39.7196
      vertex 1.47256 3.55508 40.1359
      vertex 1.81393 3.39363 40.1359
    endloop
  endfacet
  facet normal 0.0930876 0.371603 0.923713
    outer loop
      vertex 1.11701 3.6823 40.1359
      vertex 0.750707 3.77406 40.1359
      vertex 0.880145 2.90145 40.4739
    endloop
  endfacet
  facet normal -0.0231513 0.471233 0.881705
    outer loop
      vertex 0 3.848 40.1359
      vertex -0.453518 4.60464 39.7196
      vertex -0.377169 3.82947 40.1359
    endloop
  endfacet
  facet normal 0.0272771 0.555368 0.831157
    outer loop
      vertex 0.525498 5.33548 39.2289
      vertex 0 5.36129 39.2289
      vertex 0.453518 4.60464 39.7196
    endloop
  endfacet
  facet normal 0.0562109 0.378937 0.923714
    outer loop
      vertex 0.750707 3.77406 40.1359
      vertex 0.297189 3.01741 40.4739
      vertex 0.591516 2.97375 40.4739
    endloop
  endfacet
  facet normal -0.0815819 0.550023 0.831155
    outer loop
      vertex -0.453518 4.60464 39.7196
      vertex -1.04594 5.25828 39.2289
      vertex -0.902668 4.53802 39.7196
    endloop
  endfacet
  facet normal -0.114644 0.457656 0.881707
    outer loop
      vertex -0.750707 3.77406 40.1359
      vertex -1.34312 4.42769 39.7196
      vertex -1.11701 3.6823 40.1359
    endloop
  endfacet
  facet normal -0.0930876 0.371603 0.923713
    outer loop
      vertex -0.750707 3.77406 40.1359
      vertex -1.11701 3.6823 40.1359
      vertex -0.880145 2.90145 40.4739
    endloop
  endfacet
  facet normal 0.135108 0.539375 0.831156
    outer loop
      vertex 1.5563 5.13044 39.2289
      vertex 1.04594 5.25828 39.2289
      vertex 1.34312 4.42769 39.7196
    endloop
  endfacet
  facet normal 0.0815819 0.550023 0.831155
    outer loop
      vertex 1.04594 5.25828 39.2289
      vertex 0.453518 4.60464 39.7196
      vertex 0.902668 4.53802 39.7196
    endloop
  endfacet
  facet normal -0.330661 0.699119 0.633952
    outer loop
      vertex -2.76637 6.6786 37.3613
      vertex -3.40766 6.37529 37.3613
      vertex -2.55195 6.16095 38.044
    endloop
  endfacet
  facet normal -0.297193 0.830585 0.470962
    outer loop
      vertex -2.36173 7.78557 35.848
      vertex -2.95415 7.13194 36.6269
      vertex -2.24087 7.38716 36.6269
    endloop
  endfacet
  facet normal -0.36377 0.606907 0.706637
    outer loop
      vertex -3.14354 5.88114 38.044
      vertex -3.70485 5.5447 38.044
      vertex -3.35788 5.02543 38.6686
    endloop
  endfacet
  facet normal -0.378169 0.509921 0.772637
    outer loop
      vertex -2.97857 4.45775 39.2289
      vertex -3.83429 4.6721 38.6686
      vertex -3.40117 4.14434 39.2289
    endloop
  endfacet
  facet normal -0.511634 0.853608 0.097898
    outer loop
      vertex -4.23746 7.92773 32.4416
      vertex -4.99411 7.47421 32.4416
      vertex -4.94601 7.40223 33.3206
    endloop
  endfacet
  facet normal -0.511634 0.853608 0.0978985
    outer loop
      vertex -4.23746 7.92773 32.4416
      vertex -4.94601 7.40223 33.3206
      vertex -4.19665 7.85138 33.3206
    endloop
  endfacet
  facet normal -0.59284 0.799348 -0.0978966
    outer loop
      vertex -5.64774 6.88179 30.6794
      vertex -5.70266 6.94871 31.5584
      vertex -4.99411 7.47421 31.5584
    endloop
  endfacet
  facet normal -0.492023 0.820876 -0.28996
    outer loop
      vertex -3.99457 7.47331 28.968
      vertex -4.85028 7.25896 29.8132
      vertex -4.11543 7.69942 29.8132
    endloop
  endfacet
  facet normal -0.409186 0.865153 0.28996
    outer loop
      vertex -3.34093 8.06573 34.1868
      vertex -4.11543 7.69942 34.1868
      vertex -3.24282 7.82886 35.032
    endloop
  endfacet
  facet normal -0.241806 0.965374 0.097896
    outer loop
      vertex -1.7537 8.81643 32.4416
      vertex -2.60942 8.60209 32.4416
      vertex -2.58428 8.51925 33.3206
    endloop
  endfacet
  facet normal -0.751927 0.35564 0.555092
    outer loop
      vertex -6.80804 3.63897 36.6269
      vertex -7.13194 2.95415 36.6269
      vertex -6.37529 3.40766 37.3613
    endloop
  endfacet
  facet normal -0.573893 0.271432 0.77264
    outer loop
      vertex -5.33036 2.84914 38.6686
      vertex -5.58396 2.31295 38.6686
      vertex -4.72824 2.5273 39.2289
    endloop
  endfacet
  facet normal -0.750189 0.187923 0.633957
    outer loop
      vertex -6.38141 1.93578 38.044
      vertex -6.91759 2.09843 37.3613
      vertex -6.54043 1.30097 38.044
    endloop
  endfacet
  facet normal -0.663339 0.397595 0.633956
    outer loop
      vertex -5.5447 3.70485 38.044
      vertex -6.37529 3.40766 37.3613
      vertex -5.88114 3.14354 38.044
    endloop
  endfacet
  facet normal -0.502654 0.23774 0.831155
    outer loop
      vertex -4.08058 2.18112 39.7196
      vertex -4.95319 2.05168 39.2289
      vertex -4.27472 1.77065 39.7196
    endloop
  endfacet
  facet normal -0.573893 0.271429 0.772641
    outer loop
      vertex -4.72824 2.5273 39.2289
      vertex -5.58396 2.31295 38.6686
      vertex -4.95319 2.05168 39.2289
    endloop
  endfacet
  facet normal -0.411999 0.373412 0.831156
    outer loop
      vertex -3.27173 3.27173 39.7196
      vertex -3.79101 3.79101 39.2289
      vertex -3.57666 2.93529 39.7196
    endloop
  endfacet
  facet normal -0.446621 0.331224 0.831156
    outer loop
      vertex -4.14434 3.40117 39.2289
      vertex -4.45775 2.97857 39.2289
      vertex -3.57666 2.93529 39.7196
    endloop
  endfacet
  facet normal -0.397591 0.663339 0.633957
    outer loop
      vertex -3.40766 6.37529 37.3613
      vertex -4.01614 6.01058 37.3613
      vertex -3.70485 5.5447 38.044
    endloop
  endfacet
  facet normal -0.519368 0.57302 0.63396
    outer loop
      vertex -4.23049 5.15487 38.044
      vertex -5.11158 5.11158 37.3613
      vertex -4.71538 4.71538 38.044
    endloop
  endfacet
  facet normal 0.59284 0.799348 0.0978966
    outer loop
      vertex 5.70266 6.94871 32.4416
      vertex 4.99411 7.47421 32.4416
      vertex 5.64774 6.88179 33.3206
    endloop
  endfacet
  facet normal 0.668336 0.73739 0.0978966
    outer loop
      vertex 5.70266 6.94871 32.4416
      vertex 5.64774 6.88179 33.3206
      vertex 6.35629 6.35629 32.4416
    endloop
  endfacet
  facet normal 0.41936 0.886658 0.194871
    outer loop
      vertex 4.19665 7.85138 33.3206
      vertex 3.40687 8.22492 33.3206
      vertex 4.11543 7.69942 34.1868
    endloop
  endfacet
  facet normal 0.335275 0.93702 0.097896
    outer loop
      vertex 3.44 8.3049 32.4416
      vertex 2.60942 8.60209 32.4416
      vertex 3.40687 8.22492 33.3206
    endloop
  endfacet
  facet normal 0.504254 0.841281 0.19487
    outer loop
      vertex 4.19665 7.85138 33.3206
      vertex 4.11543 7.69942 34.1868
      vertex 4.85028 7.25896 34.1868
    endloop
  endfacet
  facet normal 0.504247 0.841284 0.194877
    outer loop
      vertex 4.94601 7.40223 33.3206
      vertex 4.19665 7.85138 33.3206
      vertex 4.85028 7.25896 34.1868
    endloop
  endfacet
  facet normal 0.280224 0.783161 0.555098
    outer loop
      vertex 2.24087 7.38716 36.6269
      vertex 2.09843 6.91759 37.3613
      vertex 2.95415 7.13194 36.6269
    endloop
  endfacet
  facet normal 0.395068 0.835329 0.382292
    outer loop
      vertex 3.24282 7.82886 35.032
      vertex 3.11347 7.51659 35.848
      vertex 3.83524 7.17523 35.848
    endloop
  endfacet
  facet normal 0.475053 0.792581 0.382283
    outer loop
      vertex 3.99457 7.47331 35.032
      vertex 3.83524 7.17523 35.848
      vertex 4.52007 6.76476 35.848
    endloop
  endfacet
  facet normal 0.492019 0.82088 0.289955
    outer loop
      vertex 4.85028 7.25896 34.1868
      vertex 3.99457 7.47331 35.032
      vertex 4.70784 7.04579 35.032
    endloop
  endfacet
  facet normal 0.316843 0.349576 0.881707
    outer loop
      vertex 2.93529 3.57666 39.7196
      vertex 2.44114 2.97454 40.1359
      vertex 2.72094 2.72094 40.1359
    endloop
  endfacet
  facet normal 0.281049 0.378951 0.881707
    outer loop
      vertex 2.93529 3.57666 39.7196
      vertex 2.13783 3.19949 40.1359
      vertex 2.44114 2.97454 40.1359
    endloop
  endfacet
  facet normal 0.411999 0.373412 0.831156
    outer loop
      vertex 3.79101 3.79101 39.2289
      vertex 3.27173 3.27173 39.7196
      vertex 3.57666 2.93529 39.7196
    endloop
  endfacet
  facet normal 0.249272 0.149411 0.956838
    outer loop
      vertex 2.52102 1.68449 40.4739
      vertex 1.9286 1.03086 40.7303
      vertex 2.67399 1.42928 40.4739
    endloop
  endfacet
  facet normal 0.262717 0.124258 0.956838
    outer loop
      vertex 2.67399 1.42928 40.4739
      vertex 1.9286 1.03086 40.7303
      vertex 2.80121 1.1603 40.4739
    endloop
  endfacet
  facet normal 0.346302 0.163791 0.923714
    outer loop
      vertex 3.39363 1.81393 40.1359
      vertex 2.67399 1.42928 40.4739
      vertex 2.80121 1.1603 40.4739
    endloop
  endfacet
  facet normal 0.373412 0.411999 0.831156
    outer loop
      vertex 3.79101 3.79101 39.2289
      vertex 2.93529 3.57666 39.7196
      vertex 3.27173 3.27173 39.7196
    endloop
  endfacet
  facet normal 0.349578 0.316838 0.881708
    outer loop
      vertex 3.27173 3.27173 39.7196
      vertex 2.72094 2.72094 40.1359
      vertex 3.57666 2.93529 39.7196
    endloop
  endfacet
  facet normal 0.349576 0.316843 0.881707
    outer loop
      vertex 3.57666 2.93529 39.7196
      vertex 2.72094 2.72094 40.1359
      vertex 2.97454 2.44114 40.1359
    endloop
  endfacet
  facet normal 0.307696 0.228203 0.923713
    outer loop
      vertex 2.97454 2.44114 40.1359
      vertex 2.34377 1.92349 40.4739
      vertex 3.19949 2.13783 40.1359
    endloop
  endfacet
  facet normal 0.475182 0.524271 0.706642
    outer loop
      vertex 4.71538 4.71538 38.044
      vertex 3.83429 4.6721 38.6686
      vertex 4.27377 4.27377 38.6686
    endloop
  endfacet
  facet normal 0.475182 0.524269 0.706642
    outer loop
      vertex 4.23049 5.15487 38.044
      vertex 3.83429 4.6721 38.6686
      vertex 4.71538 4.71538 38.044
    endloop
  endfacet
  facet normal 0.523536 0.187321 0.831156
    outer loop
      vertex 5.13044 1.5563 39.2289
      vertex 4.27472 1.77065 39.7196
      vertex 4.42769 1.34312 39.7196
    endloop
  endfacet
  facet normal 0.539375 0.135108 0.831156
    outer loop
      vertex 5.13044 1.5563 39.2289
      vertex 4.42769 1.34312 39.7196
      vertex 5.25828 1.04594 39.2289
    endloop
  endfacet
  facet normal 0.597733 0.213872 0.772641
    outer loop
      vertex 5.58396 2.31295 38.6686
      vertex 5.13044 1.5563 39.2289
      vertex 5.78378 1.75449 38.6686
    endloop
  endfacet
  facet normal 0.66621 0.238374 0.706641
    outer loop
      vertex 6.16095 2.55195 38.044
      vertex 5.58396 2.31295 38.6686
      vertex 5.78378 1.75449 38.6686
    endloop
  endfacet
  facet normal 0.606907 0.363769 0.706637
    outer loop
      vertex 5.88114 3.14354 38.044
      vertex 5.02543 3.35788 38.6686
      vertex 5.33036 2.84914 38.6686
    endloop
  endfacet
  facet normal 0.663339 0.397595 0.633956
    outer loop
      vertex 6.37529 3.40766 37.3613
      vertex 5.5447 3.70485 38.044
      vertex 5.88114 3.14354 38.044
    endloop
  endfacet
  facet normal 0.378949 0.281051 0.881708
    outer loop
      vertex 3.57666 2.93529 39.7196
      vertex 3.19949 2.13783 40.1359
      vertex 3.84715 2.57058 39.7196
    endloop
  endfacet
  facet normal 0.446621 0.331224 0.831156
    outer loop
      vertex 4.14434 3.40117 39.2289
      vertex 3.57666 2.93529 39.7196
      vertex 4.45775 2.97857 39.2289
    endloop
  endfacet
  facet normal 0.202106 0.806863 0.55509
    outer loop
      vertex 1.50601 7.57123 36.6269
      vertex 1.41028 7.08997 37.3613
      vertex 2.24087 7.38716 36.6269
    endloop
  endfacet
  facet normal 0.122052 0.822787 0.55509
    outer loop
      vertex 1.50601 7.57123 36.6269
      vertex 0.756648 7.68239 36.6269
      vertex 1.41028 7.08997 37.3613
    endloop
  endfacet
  facet normal 0.0931505 0.627973 0.77264
    outer loop
      vertex 1.17913 5.9279 38.6686
      vertex 0.592418 6.01493 38.6686
      vertex 1.04594 5.25828 39.2289
    endloop
  endfacet
  facet normal 0.034718 0.706722 0.706639
    outer loop
      vertex 0.653633 6.63645 38.044
      vertex 0 6.66856 38.044
      vertex 0.592418 6.01493 38.6686
    endloop
  endfacet
  facet normal 0.171926 0.686367 0.706641
    outer loop
      vertex 1.30097 6.54043 38.044
      vertex 1.17913 5.9279 38.6686
      vertex 1.75449 5.78378 38.6686
    endloop
  endfacet
  facet normal 0.213873 0.597733 0.772641
    outer loop
      vertex 2.31295 5.58396 38.6686
      vertex 1.5563 5.13044 39.2289
      vertex 2.05168 4.95319 39.2289
    endloop
  endfacet
  facet normal 0.783167 0.280218 0.555093
    outer loop
      vertex 7.13194 2.95415 36.6269
      vertex 6.6786 2.76637 37.3613
      vertex 6.91759 2.09843 37.3613
    endloop
  endfacet
  facet normal 0.728165 0.260539 0.633952
    outer loop
      vertex 6.6786 2.76637 37.3613
      vertex 6.16095 2.55195 38.044
      vertex 6.91759 2.09843 37.3613
    endloop
  endfacet
  facet normal 0.75665 0.453508 0.470969
    outer loop
      vertex 6.76476 4.52007 35.848
      vertex 6.41858 4.28876 36.6269
      vertex 6.80804 3.63897 36.6269
    endloop
  endfacet
  facet normal 0.797449 0.37717 0.470975
    outer loop
      vertex 7.17523 3.83524 35.848
      vertex 6.80804 3.63897 36.6269
      vertex 7.13194 2.95415 36.6269
    endloop
  endfacet
  facet normal 0.857728 0.514104 0
    outer loop
      vertex 7.92773 4.23746 32.4416
      vertex 7.47421 4.99411 31.5584
      vertex 7.47421 4.99411 32.4416
    endloop
  endfacet
  facet normal 0.857728 0.514104 0
    outer loop
      vertex 7.47421 4.99411 31.5584
      vertex 7.92773 4.23746 32.4416
      vertex 7.92773 4.23746 31.5584
    endloop
  endfacet
  facet normal 0.853608 0.511634 0.097898
    outer loop
      vertex 7.47421 4.99411 32.4416
      vertex 7.40223 4.94601 33.3206
      vertex 7.92773 4.23746 32.4416
    endloop
  endfacet
  facet normal 0.928358 0.232536 0.289963
    outer loop
      vertex 8.35436 2.53427 34.1868
      vertex 8.31107 1.65317 35.032
      vertex 8.56253 1.70319 34.1868
    endloop
  endfacet
  facet normal 0.951435 0.238317 0.194875
    outer loop
      vertex 8.51925 2.58428 33.3206
      vertex 8.35436 2.53427 34.1868
      vertex 8.56253 1.70319 34.1868
    endloop
  endfacet
  facet normal 0.870031 0.311297 0.382284
    outer loop
      vertex 7.82886 3.24282 35.032
      vertex 7.78557 2.36173 35.848
      vertex 8.10901 2.45984 35.032
    endloop
  endfacet
  facet normal 0.901094 0.322411 0.289967
    outer loop
      vertex 8.35436 2.53427 34.1868
      vertex 7.82886 3.24282 35.032
      vertex 8.10901 2.45984 35.032
    endloop
  endfacet
  facet normal 0.979646 0.0481288 0.194877
    outer loop
      vertex 8.85972 0.872605 33.3206
      vertex 8.68824 0.855717 34.1868
      vertex 8.90259 0 33.3206
    endloop
  endfacet
  facet normal 0.993998 0.0488339 0.0978923
    outer loop
      vertex 8.94587 0.881091 32.4416
      vertex 8.85972 0.872605 33.3206
      vertex 8.90259 0 33.3206
    endloop
  endfacet
  facet normal 0.965373 0.241813 0.0978889
    outer loop
      vertex 8.81643 1.7537 32.4416
      vertex 8.51925 2.58428 33.3206
      vertex 8.73153 1.73681 33.3206
    endloop
  endfacet
  facet normal 0.984426 0.146027 0.0978887
    outer loop
      vertex 8.81643 1.7537 32.4416
      vertex 8.73153 1.73681 33.3206
      vertex 8.94587 0.881091 32.4416
    endloop
  endfacet
  facet normal 0.914005 0.135823 -0.382291
    outer loop
      vertex 8.31107 1.65317 28.968
      vertex 7.99397 1.56322 28.1779
      vertex 7.99009 1.58933 28.1779
    endloop
  endfacet
  facet normal 0.914045 0.135587 -0.38228
    outer loop
      vertex 7.99397 1.56322 28.1779
      vertex 8.31107 1.65317 28.968
      vertex 8.43309 0.830586 28.968
    endloop
  endfacet
  facet normal 0.914039 0.135558 -0.382304
    outer loop
      vertex 8.43309 0.830586 28.968
      vertex 8.02142 1.37813 28.1779
      vertex 7.99397 1.56322 28.1779
    endloop
  endfacet
  facet normal 0.914043 0.135588 -0.382285
    outer loop
      vertex 8.02142 1.37813 28.1779
      vertex 8.43309 0.830586 28.968
      vertex 8.1074 0.798509 28.1779
    endloop
  endfacet
  facet normal -0.740949 0.671562 0
    outer loop
      vertex -6.94871 5.70266 31.5584
      vertex -6.35629 6.35629 32.4416
      vertex -6.35629 6.35629 31.5584
    endloop
  endfacet
  facet normal -0.740949 0.671562 0
    outer loop
      vertex -6.35629 6.35629 32.4416
      vertex -6.94871 5.70266 31.5584
      vertex -6.94871 5.70266 32.4416
    endloop
  endfacet
  facet normal -0.73739 0.668336 0.0978966
    outer loop
      vertex -6.35629 6.35629 32.4416
      vertex -6.94871 5.70266 32.4416
      vertex -6.88179 5.64774 33.3206
    endloop
  endfacet
  facet normal -0.726745 0.658686 -0.19487
    outer loop
      vertex -6.7486 5.53843 29.8132
      vertex -6.88179 5.64774 30.6794
      vertex -6.17324 6.17324 29.8132
    endloop
  endfacet
  facet normal -0.73739 0.668336 -0.0978966
    outer loop
      vertex -6.88179 5.64774 30.6794
      vertex -6.94871 5.70266 31.5584
      vertex -6.35629 6.35629 31.5584
    endloop
  endfacet
  facet normal -0.311304 0.870025 0.382291
    outer loop
      vertex -2.36173 7.78557 35.848
      vertex -3.24282 7.82886 35.032
      vertex -3.11347 7.51659 35.848
    endloop
  endfacet
  facet normal -0.37717 0.797449 0.470975
    outer loop
      vertex -2.95415 7.13194 36.6269
      vertex -3.83524 7.17523 35.848
      vertex -3.63897 6.80804 36.6269
    endloop
  endfacet
  facet normal -0.592418 0.653627 0.47097
    outer loop
      vertex -5.16136 6.28914 35.848
      vertex -5.75295 5.75295 35.848
      vertex -4.89723 5.9673 36.6269
    endloop
  endfacet
  facet normal -0.492019 0.82088 0.289955
    outer loop
      vertex -3.99457 7.47331 35.032
      vertex -4.85028 7.25896 34.1868
      vertex -4.70784 7.04579 35.032
    endloop
  endfacet
  facet normal -0.66621 0.238374 0.706641
    outer loop
      vertex -5.58396 2.31295 38.6686
      vertex -6.16095 2.55195 38.044
      vertex -5.78378 1.75449 38.6686
    endloop
  endfacet
  facet normal -0.699113 0.330666 0.633957
    outer loop
      vertex -5.88114 3.14354 38.044
      vertex -6.37529 3.40766 37.3613
      vertex -6.16095 2.55195 38.044
    endloop
  endfacet
  facet normal -0.75665 0.453508 0.470969
    outer loop
      vertex -6.76476 4.52007 35.848
      vertex -6.80804 3.63897 36.6269
      vertex -6.41858 4.28876 36.6269
    endloop
  endfacet
  facet normal -0.713449 0.427626 0.555092
    outer loop
      vertex -6.01058 4.01614 37.3613
      vertex -6.80804 3.63897 36.6269
      vertex -6.37529 3.40766 37.3613
    endloop
  endfacet
  facet normal -0.495499 0.668092 0.555098
    outer loop
      vertex -4.28876 6.41858 36.6269
      vertex -4.89723 5.9673 36.6269
      vertex -4.01614 6.01058 37.3613
    endloop
  endfacet
  facet normal -0.495491 0.668107 0.555087
    outer loop
      vertex -4.01614 6.01058 37.3613
      vertex -4.89723 5.9673 36.6269
      vertex -4.58595 5.58799 37.3613
    endloop
  endfacet
  facet normal -0.742196 0.550458 0.382283
    outer loop
      vertex -6.55041 5.37578 35.032
      vertex -6.76476 4.52007 35.848
      vertex -6.28914 5.16136 35.848
    endloop
  endfacet
  facet normal -0.684673 0.620547 0.382289
    outer loop
      vertex -5.99195 5.99195 35.032
      vertex -6.55041 5.37578 35.032
      vertex -5.75295 5.75295 35.848
    endloop
  endfacet
  facet normal -0.870025 -0.311304 0.382291
    outer loop
      vertex -7.78557 -2.36173 35.848
      vertex -7.82886 -3.24282 35.032
      vertex -7.51659 -3.11347 35.848
    endloop
  endfacet
  facet normal -0.835329 -0.395068 0.382292
    outer loop
      vertex -7.51659 -3.11347 35.848
      vertex -7.82886 -3.24282 35.032
      vertex -7.17523 -3.83524 35.848
    endloop
  endfacet
  facet normal -0.476932 -0.285858 0.831156
    outer loop
      vertex -4.08058 -2.18112 39.7196
      vertex -4.72824 -2.5273 39.2289
      vertex -3.84715 -2.57058 39.7196
    endloop
  endfacet
  facet normal -0.524269 -0.475182 0.706642
    outer loop
      vertex -4.6721 -3.83429 38.6686
      vertex -5.15487 -4.23049 38.044
      vertex -4.71538 -4.71538 38.044
    endloop
  endfacet
  facet normal -0.709117 0.642708 -0.289963
    outer loop
      vertex -6.55041 5.37578 28.968
      vertex -6.7486 5.53843 29.8132
      vertex -6.17324 6.17324 29.8132
    endloop
  endfacet
  facet normal -0.787813 0.584274 -0.194869
    outer loop
      vertex -6.7486 5.53843 29.8132
      vertex -7.25896 4.85028 29.8132
      vertex -6.88179 5.64774 30.6794
    endloop
  endfacet
  facet normal -0.620552 0.684672 -0.382282
    outer loop
      vertex -5.60234 5.90392 28.1779
      vertex -5.37578 6.55041 28.968
      vertex -5.16817 6.29743 28.1779
    endloop
  endfacet
  facet normal -0.620564 0.684665 -0.382273
    outer loop
      vertex -5.37578 6.55041 28.968
      vertex -5.60234 5.90392 28.1779
      vertex -5.74098 5.77826 28.1779
    endloop
  endfacet
  facet normal -0.475054 0.792578 -0.382287
    outer loop
      vertex -4.02343 7.07492 28.1779
      vertex -3.99457 7.47331 28.968
      vertex -3.84029 7.18469 28.1779
    endloop
  endfacet
  facet normal -0.475057 0.792577 -0.382286
    outer loop
      vertex -3.99457 7.47331 28.968
      vertex -4.02343 7.07492 28.1779
      vertex -4.50339 6.78724 28.1779
    endloop
  endfacet
  facet normal -0.94668 -0.140426 0.28996
    outer loop
      vertex -8.43309 -0.830586 35.032
      vertex -8.68824 -0.855717 34.1868
      vertex -8.56253 -1.70319 34.1868
    endloop
  endfacet
  facet normal -0.955886 -0.0469611 0.28996
    outer loop
      vertex -8.43309 -0.830586 35.032
      vertex -8.73028 0 34.1868
      vertex -8.68824 -0.855717 34.1868
    endloop
  endfacet
  facet normal -0.835329 -0.395074 -0.382286
    outer loop
      vertex -7.47331 -3.99457 28.968
      vertex -7.19597 -3.81644 28.1779
      vertex -7.18469 -3.84029 28.1779
    endloop
  endfacet
  facet normal -0.835326 -0.395078 -0.382287
    outer loop
      vertex -7.19597 -3.81644 28.1779
      vertex -7.47331 -3.99457 28.968
      vertex -7.82886 -3.24282 28.968
    endloop
  endfacet
  facet normal -0.792578 -0.475054 -0.382287
    outer loop
      vertex -7.07492 -4.02343 28.1779
      vertex -7.47331 -3.99457 28.968
      vertex -7.18469 -3.84029 28.1779
    endloop
  endfacet
  facet normal -0.792577 -0.475057 -0.382286
    outer loop
      vertex -7.47331 -3.99457 28.968
      vertex -7.07492 -4.02343 28.1779
      vertex -6.78724 -4.50339 28.1779
    endloop
  endfacet
  facet normal -0.684816 -0.620395 -0.382279
    outer loop
      vertex -5.99195 -5.99195 28.968
      vertex -5.77826 -5.74098 28.1779
      vertex -5.76054 -5.76054 28.1779
    endloop
  endfacet
  facet normal -0.684673 -0.620547 -0.382289
    outer loop
      vertex -5.77826 -5.74098 28.1779
      vertex -5.99195 -5.99195 28.968
      vertex -6.55041 -5.37578 28.968
    endloop
  endfacet
  facet normal -0.620395 -0.684816 -0.382279
    outer loop
      vertex -5.74098 -5.77826 28.1779
      vertex -5.99195 -5.99195 28.968
      vertex -5.76054 -5.76054 28.1779
    endloop
  endfacet
  facet normal -0.620547 -0.684673 -0.382289
    outer loop
      vertex -5.99195 -5.99195 28.968
      vertex -5.74098 -5.77826 28.1779
      vertex -5.37578 -6.55041 28.968
    endloop
  endfacet
  facet normal -0.768704 -0.570102 -0.289963
    outer loop
      vertex -6.7486 -5.53843 29.8132
      vertex -7.25896 -4.85028 29.8132
      vertex -6.55041 -5.37578 28.968
    endloop
  endfacet
  facet normal -0.709117 -0.642708 -0.289963
    outer loop
      vertex -6.17324 -6.17324 29.8132
      vertex -6.7486 -5.53843 29.8132
      vertex -6.55041 -5.37578 28.968
    endloop
  endfacet
  facet normal -0.684672 -0.620552 -0.382282
    outer loop
      vertex -5.90392 -5.60234 28.1779
      vertex -6.55041 -5.37578 28.968
      vertex -6.29743 -5.16817 28.1779
    endloop
  endfacet
  facet normal -0.684665 -0.620564 -0.382273
    outer loop
      vertex -6.55041 -5.37578 28.968
      vertex -5.90392 -5.60234 28.1779
      vertex -5.77826 -5.74098 28.1779
    endloop
  endfacet
  facet normal -0.742191 -0.550465 -0.382283
    outer loop
      vertex -6.55041 -5.37578 28.968
      vertex -6.42462 -4.99668 28.1779
      vertex -6.29743 -5.16817 28.1779
    endloop
  endfacet
  facet normal -0.742212 -0.550442 -0.382275
    outer loop
      vertex -6.42462 -4.99668 28.1779
      vertex -6.55041 -5.37578 28.968
      vertex -6.75795 -4.54722 28.1779
    endloop
  endfacet
  facet normal -0.419357 -0.886659 0.194874
    outer loop
      vertex -3.34093 -8.06573 34.1868
      vertex -4.11543 -7.69942 34.1868
      vertex -3.40687 -8.22492 33.3206
    endloop
  endfacet
  facet normal -0.409186 -0.865153 0.28996
    outer loop
      vertex -3.24282 -7.82886 35.032
      vertex -4.11543 -7.69942 34.1868
      vertex -3.34093 -8.06573 34.1868
    endloop
  endfacet
  facet normal 0.425503 -0.899646 0.0978985
    outer loop
      vertex 4.19665 -7.85138 33.3206
      vertex 3.40687 -8.22492 33.3206
      vertex 4.23746 -7.92773 32.4416
    endloop
  endfacet
  facet normal 0.335274 -0.93702 -0.0978971
    outer loop
      vertex 2.60942 -8.60209 31.5584
      vertex 2.58428 -8.51925 30.6794
      vertex 3.40687 -8.22492 30.6794
    endloop
  endfacet
  facet normal 0.41936 -0.886658 -0.194871
    outer loop
      vertex 4.19665 -7.85138 30.6794
      vertex 3.40687 -8.22492 30.6794
      vertex 4.11543 -7.69942 29.8132
    endloop
  endfacet
  facet normal 0.425503 -0.899646 -0.0978985
    outer loop
      vertex 4.23746 -7.92773 31.5584
      vertex 3.40687 -8.22492 30.6794
      vertex 4.19665 -7.85138 30.6794
    endloop
  endfacet
  facet normal 0.0887425 -0.0419713 0.99517
    outer loop
      vertex 0.407993 -0.168996 40.9892
      vertex 0.389464 -0.208173 40.9892
      vertex 1.22005 -0.505362 40.9026
    endloop
  endfacet
  facet normal -0.0788486 0.0584779 0.99517
    outer loop
      vertex -0.341368 0.280153 40.9892
      vertex -1.09802 0.733671 40.9026
      vertex -0.367184 0.245344 40.9892
    endloop
  endfacet
  facet normal -0.404676 -0.24255 0.881707
    outer loop
      vertex -3.39363 -1.81393 40.1359
      vertex -4.08058 -2.18112 39.7196
      vertex -3.84715 -2.57058 39.7196
    endloop
  endfacet
  facet normal 0.0952253 -0.0238533 0.99517
    outer loop
      vertex 1.2952 -0.25763 40.9026
      vertex 0.433124 -0.086153 40.9892
      vertex 1.26371 -0.383342 40.9026
    endloop
  endfacet
  facet normal 0.0842026 -0.0504654 0.99517
    outer loop
      vertex 1.16464 -0.622514 40.9026
      vertex 0.389464 -0.208173 40.9892
      vertex 1.09802 -0.733671 40.9026
    endloop
  endfacet
  facet normal -0.124258 -0.262717 0.956838
    outer loop
      vertex -1.03086 -1.9286 40.7303
      vertex -1.42928 -2.67399 40.4739
      vertex -1.1603 -2.80121 40.4739
    endloop
  endfacet
  facet normal 0.0231503 -0.471234 0.881704
    outer loop
      vertex 0 -3.848 40.1359
      vertex 0 -4.62692 39.7196
      vertex 0.453518 -4.60464 39.7196
    endloop
  endfacet
  facet normal -0.0286588 -0.193195 0.980742
    outer loop
      vertex -0.25763 -1.2952 40.9026
      vertex -0.426627 -2.1448 40.7303
      vertex -0.214346 -2.17629 40.7303
    endloop
  endfacet
  facet normal 0.0504688 -0.0842 0.99517
    outer loop
      vertex 0.245344 -0.367184 40.9892
      vertex 0.208173 -0.389464 40.9892
      vertex 0.733671 -1.09802 40.9026
    endloop
  endfacet
  facet normal -0.116346 -0.156874 0.980742
    outer loop
      vertex -0.837763 -1.02082 40.9026
      vertex -1.3873 -1.69044 40.7303
      vertex -0.733671 -1.09802 40.9026
    endloop
  endfacet
  facet normal 0.0419713 -0.0887425 0.99517
    outer loop
      vertex 0.208173 -0.389464 40.9892
      vertex 0.168996 -0.407993 40.9892
      vertex 0.505362 -1.22005 40.9026
    endloop
  endfacet
  facet normal -0.100404 -0.167525 0.980742
    outer loop
      vertex -0.622514 -1.16464 40.9026
      vertex -1.21493 -1.81828 40.7303
      vertex -1.03086 -1.9286 40.7303
    endloop
  endfacet
  facet normal -0.100403 -0.167525 0.980742
    outer loop
      vertex -0.733671 -1.09802 40.9026
      vertex -1.21493 -1.81828 40.7303
      vertex -0.622514 -1.16464 40.9026
    endloop
  endfacet
  facet normal -0.0835089 -0.176555 0.980742
    outer loop
      vertex -0.622514 -1.16464 40.9026
      vertex -1.03086 -1.9286 40.7303
      vertex -0.83686 -2.02036 40.7303
    endloop
  endfacet
  facet normal 0.0706096 -0.281914 0.956838
    outer loop
      vertex 0.6348 -2.09266 40.7303
      vertex 0.426627 -2.1448 40.7303
      vertex 0.880145 -2.90145 40.4739
    endloop
  endfacet
  facet normal 0.0979098 -0.273633 0.956838
    outer loop
      vertex 0.83686 -2.02036 40.7303
      vertex 0.6348 -2.09266 40.7303
      vertex 0.880145 -2.90145 40.4739
    endloop
  endfacet
  facet normal 0.0286588 -0.193195 0.980742
    outer loop
      vertex 0.25763 -1.2952 40.9026
      vertex 0.214346 -2.17629 40.7303
      vertex 0.426627 -2.1448 40.7303
    endloop
  endfacet
  facet normal 0.0474523 -0.189457 0.980742
    outer loop
      vertex 0.6348 -2.09266 40.7303
      vertex 0.25763 -1.2952 40.9026
      vertex 0.426627 -2.1448 40.7303
    endloop
  endfacet
  facet normal 0.116346 -0.156874 0.980742
    outer loop
      vertex 0.837763 -1.02082 40.9026
      vertex 0.733671 -1.09802 40.9026
      vertex 1.3873 -1.69044 40.7303
    endloop
  endfacet
  facet normal 0.156874 -0.116346 0.980742
    outer loop
      vertex 1.09802 -0.733671 40.9026
      vertex 1.02082 -0.837763 40.9026
      vertex 1.69044 -1.3873 40.7303
    endloop
  endfacet
  facet normal 0.0835066 -0.176556 0.980742
    outer loop
      vertex 0.622514 -1.16464 40.9026
      vertex 0.505362 -1.22005 40.9026
      vertex 0.83686 -2.02036 40.7303
    endloop
  endfacet
  facet normal 0.457656 -0.114644 0.881707
    outer loop
      vertex 3.77406 -0.750707 40.1359
      vertex 3.6823 -1.11701 40.1359
      vertex 4.42769 -1.34312 39.7196
    endloop
  endfacet
  facet normal 0.193195 -0.0286588 0.980742
    outer loop
      vertex 2.17629 -0.214346 40.7303
      vertex 1.2952 -0.25763 40.9026
      vertex 2.1448 -0.426627 40.7303
    endloop
  endfacet
  facet normal 0.195175 -0.215335 0.956837
    outer loop
      vertex 2.14395 -2.14395 40.4739
      vertex 1.54632 -1.54632 40.7303
      vertex 1.92349 -2.34377 40.4739
    endloop
  endfacet
  facet normal 0.287474 -0.0426443 0.956839
    outer loop
      vertex 2.17629 -0.214346 40.7303
      vertex 2.1448 -0.426627 40.7303
      vertex 2.97375 -0.591516 40.4739
    endloop
  endfacet
  facet normal 0.215335 -0.195175 0.956837
    outer loop
      vertex 2.34377 -1.92349 40.4739
      vertex 1.54632 -1.54632 40.7303
      vertex 2.14395 -2.14395 40.4739
    endloop
  endfacet
  facet normal 0.176556 -0.0835066 0.980742
    outer loop
      vertex 1.22005 -0.505362 40.9026
      vertex 1.16464 -0.622514 40.9026
      vertex 2.02036 -0.83686 40.7303
    endloop
  endfacet
  facet normal 0.378949 -0.281051 0.881708
    outer loop
      vertex 3.84715 -2.57058 39.7196
      vertex 3.19949 -2.13783 40.1359
      vertex 3.57666 -2.93529 39.7196
    endloop
  endfacet
  facet normal 0.404672 -0.242553 0.881708
    outer loop
      vertex 3.39363 -1.81393 40.1359
      vertex 3.19949 -2.13783 40.1359
      vertex 3.84715 -2.57058 39.7196
    endloop
  endfacet
  facet normal 0.0144021 0.0971055 0.99517
    outer loop
      vertex 0.129438 1.31421 40.9026
      vertex 0.0432844 0.439482 40.9892
      vertex 0.086153 0.433124 40.9892
    endloop
  endfacet
  facet normal 0.0924288 0.033072 0.99517
    outer loop
      vertex 1.22005 0.505362 40.9026
      vertex 0.407993 0.168996 40.9892
      vertex 1.26371 0.383342 40.9026
    endloop
  endfacet
  facet normal 0.0952249 -0.0238544 0.99517
    outer loop
      vertex 0.433124 -0.086153 40.9892
      vertex 0.422593 -0.128192 40.9892
      vertex 1.26371 -0.383342 40.9026
    endloop
  endfacet
  facet normal 0.144718 0.131158 0.980742
    outer loop
      vertex 1.54632 1.54632 40.7303
      vertex 1.02082 0.837763 40.9026
      vertex 1.69044 1.3873 40.7303
    endloop
  endfacet
  facet normal -0.378169 -0.509921 0.772637
    outer loop
      vertex -3.40117 -4.14434 39.2289
      vertex -3.83429 -4.6721 38.6686
      vertex -2.97857 -4.45775 39.2289
    endloop
  endfacet
  facet normal -0.470391 -0.426337 0.772638
    outer loop
      vertex -4.14434 -3.40117 39.2289
      vertex -4.6721 -3.83429 38.6686
      vertex -3.79101 -3.79101 39.2289
    endloop
  endfacet
  facet normal -0.4215 -0.568326 0.706642
    outer loop
      vertex -3.83429 -4.6721 38.6686
      vertex -4.23049 -5.15487 38.044
      vertex -3.35788 -5.02543 38.6686
    endloop
  endfacet
  facet normal -0.475182 -0.524269 0.706642
    outer loop
      vertex -3.83429 -4.6721 38.6686
      vertex -4.71538 -4.71538 38.044
      vertex -4.23049 -5.15487 38.044
    endloop
  endfacet
  facet normal -0.57302 -0.519368 0.63396
    outer loop
      vertex -4.71538 -4.71538 38.044
      vertex -5.15487 -4.23049 38.044
      vertex -5.11158 -5.11158 37.3613
    endloop
  endfacet
  facet normal -0.573025 -0.519366 0.633957
    outer loop
      vertex -5.15487 -4.23049 38.044
      vertex -5.58799 -4.58595 37.3613
      vertex -5.11158 -5.11158 37.3613
    endloop
  endfacet
  facet normal -0.281914 -0.0706096 0.956838
    outer loop
      vertex -2.1448 -0.426627 40.7303
      vertex -2.90145 -0.880145 40.4739
      vertex -2.09266 -0.6348 40.7303
    endloop
  endfacet
  facet normal -0.287474 -0.0426443 0.956839
    outer loop
      vertex -2.17629 -0.214346 40.7303
      vertex -2.97375 -0.591516 40.4739
      vertex -2.1448 -0.426627 40.7303
    endloop
  endfacet
  facet normal -0.426504 -0.201714 0.881706
    outer loop
      vertex -3.55508 -1.47256 40.1359
      vertex -4.08058 -2.18112 39.7196
      vertex -3.39363 -1.81393 40.1359
    endloop
  endfacet
  facet normal -0.426497 -0.20172 0.881708
    outer loop
      vertex -3.55508 -1.47256 40.1359
      vertex -4.27472 -1.77065 39.7196
      vertex -4.08058 -2.18112 39.7196
    endloop
  endfacet
  facet normal -0.573893 -0.271432 0.77264
    outer loop
      vertex -4.72824 -2.5273 39.2289
      vertex -5.58396 -2.31295 38.6686
      vertex -5.33036 -2.84914 38.6686
    endloop
  endfacet
  facet normal -0.639641 -0.302529 0.706637
    outer loop
      vertex -5.58396 -2.31295 38.6686
      vertex -5.88114 -3.14354 38.044
      vertex -5.33036 -2.84914 38.6686
    endloop
  endfacet
  facet normal -0.627973 -0.0931507 0.77264
    outer loop
      vertex -5.33548 -0.525498 39.2289
      vertex -6.01493 -0.592418 38.6686
      vertex -5.25828 -1.04594 39.2289
    endloop
  endfacet
  facet normal -0.550019 -0.0815874 0.831157
    outer loop
      vertex -4.60464 -0.453518 39.7196
      vertex -5.33548 -0.525498 39.2289
      vertex -5.25828 -1.04594 39.2289
    endloop
  endfacet
  facet normal -0.70672 0.0347146 0.706641
    outer loop
      vertex -6.01493 0.592418 38.6686
      vertex -6.66856 0 38.044
      vertex -6.04403 0 38.6686
    endloop
  endfacet
  facet normal -0.70672 -0.0347146 0.706641
    outer loop
      vertex -6.04403 0 38.6686
      vertex -6.66856 0 38.044
      vertex -6.01493 -0.592418 38.6686
    endloop
  endfacet
  facet normal -0.257266 -0.283845 0.923713
    outer loop
      vertex -1.92349 -2.34377 40.4739
      vertex -2.72094 -2.72094 40.1359
      vertex -2.44114 -2.97454 40.1359
    endloop
  endfacet
  facet normal -0.215335 -0.195175 0.956837
    outer loop
      vertex -1.54632 -1.54632 40.7303
      vertex -2.34377 -1.92349 40.4739
      vertex -2.14395 -2.14395 40.4739
    endloop
  endfacet
  facet normal -0.167525 -0.100403 0.980742
    outer loop
      vertex -1.16464 -0.622514 40.9026
      vertex -1.81828 -1.21493 40.7303
      vertex -1.09802 -0.733671 40.9026
    endloop
  endfacet
  facet normal -0.167525 -0.100404 0.980742
    outer loop
      vertex -1.16464 -0.622514 40.9026
      vertex -1.9286 -1.03086 40.7303
      vertex -1.81828 -1.21493 40.7303
    endloop
  endfacet
  facet normal 0.018797 -0.382621 0.923714
    outer loop
      vertex 0 -3.03201 40.4739
      vertex 0 -3.848 40.1359
      vertex 0.297189 -3.01741 40.4739
    endloop
  endfacet
  facet normal -0.0311431 -0.63408 0.77264
    outer loop
      vertex -0.525498 -5.33548 39.2289
      vertex -0.592418 -6.01493 38.6686
      vertex 0 -5.36129 39.2289
    endloop
  endfacet
  facet normal 0.257268 -0.283842 0.923714
    outer loop
      vertex 2.14395 -2.14395 40.4739
      vertex 1.92349 -2.34377 40.4739
      vertex 2.72094 -2.72094 40.1359
    endloop
  endfacet
  facet normal 0.283842 -0.257268 0.923714
    outer loop
      vertex 2.34377 -1.92349 40.4739
      vertex 2.14395 -2.14395 40.4739
      vertex 2.72094 -2.72094 40.1359
    endloop
  endfacet
  facet normal 0.149411 -0.249272 0.956838
    outer loop
      vertex 1.68449 -2.52102 40.4739
      vertex 1.03086 -1.9286 40.7303
      vertex 1.42928 -2.67399 40.4739
    endloop
  endfacet
  facet normal 0.129057 -0.360693 0.923713
    outer loop
      vertex 1.1603 -2.80121 40.4739
      vertex 0.880145 -2.90145 40.4739
      vertex 1.47256 -3.55508 40.1359
    endloop
  endfacet
  facet normal -0.75665 -0.453508 0.470969
    outer loop
      vertex -6.41858 -4.28876 36.6269
      vertex -6.80804 -3.63897 36.6269
      vertex -6.76476 -4.52007 35.848
    endloop
  endfacet
  facet normal -0.756643 -0.453513 0.470975
    outer loop
      vertex -6.80804 -3.63897 36.6269
      vertex -7.17523 -3.83524 35.848
      vertex -6.76476 -4.52007 35.848
    endloop
  endfacet
  facet normal 0.129442 -0.872604 0.470964
    outer loop
      vertex 1.50601 -7.57123 36.6269
      vertex 0.756648 -7.68239 36.6269
      vertex 1.58724 -7.97957 35.848
    endloop
  endfacet
  facet normal 0.135587 -0.914043 0.382285
    outer loop
      vertex 1.58724 -7.97957 35.848
      vertex 0.830586 -8.43309 35.032
      vertex 1.65317 -8.31107 35.032
    endloop
  endfacet
  facet normal -0.0453472 -0.922928 0.382291
    outer loop
      vertex 0 -8.1359 35.848
      vertex -0.830586 -8.43309 35.032
      vertex 0 -8.4739 35.032
    endloop
  endfacet
  facet normal -0.0469665 -0.955887 0.289955
    outer loop
      vertex 0 -8.4739 35.032
      vertex -0.830586 -8.43309 35.032
      vertex 0 -8.73028 34.1868
    endloop
  endfacet
  facet normal 0.0469611 -0.955886 0.28996
    outer loop
      vertex 0.830586 -8.43309 35.032
      vertex 0 -8.73028 34.1868
      vertex 0.855717 -8.68824 34.1868
    endloop
  endfacet
  facet normal 0.0488374 -0.993998 0.0978958
    outer loop
      vertex 0 -8.90259 33.3206
      vertex 0 -8.98916 32.4416
      vertex 0.881091 -8.94587 32.4416
    endloop
  endfacet
  facet normal -0.122052 -0.822787 0.55509
    outer loop
      vertex -1.41028 -7.08997 37.3613
      vertex -1.50601 -7.57123 36.6269
      vertex -0.756648 -7.68239 36.6269
    endloop
  endfacet
  facet normal -0.122047 -0.822785 0.555094
    outer loop
      vertex -0.708552 -7.19406 37.3613
      vertex -1.41028 -7.08997 37.3613
      vertex -0.756648 -7.68239 36.6269
    endloop
  endfacet
  facet normal 0.427615 -0.71345 0.555098
    outer loop
      vertex 4.01614 -6.01058 37.3613
      vertex 3.63897 -6.80804 36.6269
      vertex 4.28876 -6.41858 36.6269
    endloop
  endfacet
  facet normal 0.427626 -0.713449 0.555092
    outer loop
      vertex 4.01614 -6.01058 37.3613
      vertex 3.40766 -6.37529 37.3613
      vertex 3.63897 -6.80804 36.6269
    endloop
  endfacet
  facet normal 0.377158 -0.797462 0.470962
    outer loop
      vertex 3.83524 -7.17523 35.848
      vertex 2.95415 -7.13194 36.6269
      vertex 3.11347 -7.51659 35.848
    endloop
  endfacet
  facet normal 0.297191 -0.830585 0.470963
    outer loop
      vertex 2.95415 -7.13194 36.6269
      vertex 2.36173 -7.78557 35.848
      vertex 3.11347 -7.51659 35.848
    endloop
  endfacet
  facet normal 0.171926 -0.686367 0.706641
    outer loop
      vertex 1.75449 -5.78378 38.6686
      vertex 1.17913 -5.9279 38.6686
      vertex 1.30097 -6.54043 38.044
    endloop
  endfacet
  facet normal 0.154255 -0.615819 0.77264
    outer loop
      vertex 1.75449 -5.78378 38.6686
      vertex 1.04594 -5.25828 39.2289
      vertex 1.17913 -5.9279 38.6686
    endloop
  endfacet
  facet normal 0.0408152 -0.830786 0.555094
    outer loop
      vertex 0.708552 -7.19406 37.3613
      vertex 0 -7.22887 37.3613
      vertex 0.756648 -7.68239 36.6269
    endloop
  endfacet
  facet normal 0.113475 -0.764998 0.633957
    outer loop
      vertex 1.41028 -7.08997 37.3613
      vertex 0.653633 -6.63645 38.044
      vertex 0.708552 -7.19406 37.3613
    endloop
  endfacet
  facet normal 0.187325 -0.523537 0.831155
    outer loop
      vertex 1.77065 -4.27472 39.7196
      vertex 1.5563 -5.13044 39.2289
      vertex 2.05168 -4.95319 39.2289
    endloop
  endfacet
  facet normal 0.23774 -0.502654 0.831155
    outer loop
      vertex 2.18112 -4.08058 39.7196
      vertex 1.77065 -4.27472 39.7196
      vertex 2.05168 -4.95319 39.2289
    endloop
  endfacet
  facet normal -0.171936 -0.686369 0.706637
    outer loop
      vertex -1.75449 -5.78378 38.6686
      vertex -1.93578 -6.38141 38.044
      vertex -1.30097 -6.54043 38.044
    endloop
  endfacet
  facet normal -0.103822 -0.699914 0.706641
    outer loop
      vertex -1.17913 -5.9279 38.6686
      vertex -1.30097 -6.54043 38.044
      vertex -0.592418 -6.01493 38.6686
    endloop
  endfacet
  facet normal -0.26053 -0.728164 0.633957
    outer loop
      vertex -1.93578 -6.38141 38.044
      vertex -2.55195 -6.16095 38.044
      vertex -2.09843 -6.91759 37.3613
    endloop
  endfacet
  facet normal -0.238367 -0.666218 0.706637
    outer loop
      vertex -1.75449 -5.78378 38.6686
      vertex -2.55195 -6.16095 38.044
      vertex -1.93578 -6.38141 38.044
    endloop
  endfacet
  facet normal -0.213873 -0.597733 0.772641
    outer loop
      vertex -2.05168 -4.95319 39.2289
      vertex -2.31295 -5.58396 38.6686
      vertex -1.5563 -5.13044 39.2289
    endloop
  endfacet
  facet normal -0.23774 -0.502654 0.831155
    outer loop
      vertex -1.77065 -4.27472 39.7196
      vertex -2.18112 -4.08058 39.7196
      vertex -2.05168 -4.95319 39.2289
    endloop
  endfacet
  facet normal -0.285871 -0.476931 0.831153
    outer loop
      vertex -2.57058 -3.84715 39.7196
      vertex -2.97857 -4.45775 39.2289
      vertex -2.5273 -4.72824 39.2289
    endloop
  endfacet
  facet normal -0.326382 -0.544517 0.772642
    outer loop
      vertex -2.97857 -4.45775 39.2289
      vertex -3.35788 -5.02543 38.6686
      vertex -2.5273 -4.72824 39.2289
    endloop
  endfacet
  facet normal -0.201714 -0.426504 0.881706
    outer loop
      vertex -1.81393 -3.39363 40.1359
      vertex -2.18112 -4.08058 39.7196
      vertex -1.47256 -3.55508 40.1359
    endloop
  endfacet
  facet normal -0.129057 -0.360693 0.923713
    outer loop
      vertex -1.1603 -2.80121 40.4739
      vertex -1.47256 -3.55508 40.1359
      vertex -0.880145 -2.90145 40.4739
    endloop
  endfacet
  facet normal -0.173121 -0.233433 0.956838
    outer loop
      vertex -1.21493 -1.81828 40.7303
      vertex -1.92349 -2.34377 40.4739
      vertex -1.68449 -2.52102 40.4739
    endloop
  endfacet
  facet normal -0.173124 -0.233428 0.956838
    outer loop
      vertex -1.3873 -1.69044 40.7303
      vertex -1.92349 -2.34377 40.4739
      vertex -1.21493 -1.81828 40.7303
    endloop
  endfacet
  facet normal -0.257268 -0.283842 0.923714
    outer loop
      vertex -2.14395 -2.14395 40.4739
      vertex -2.72094 -2.72094 40.1359
      vertex -1.92349 -2.34377 40.4739
    endloop
  endfacet
  facet normal -0.283842 -0.257268 0.923714
    outer loop
      vertex -2.34377 -1.92349 40.4739
      vertex -2.72094 -2.72094 40.1359
      vertex -2.14395 -2.14395 40.4739
    endloop
  endfacet
  facet normal -0.13511 -0.539375 0.831156
    outer loop
      vertex -0.902668 -4.53802 39.7196
      vertex -1.34312 -4.42769 39.7196
      vertex -1.04594 -5.25828 39.2289
    endloop
  endfacet
  facet normal -0.0272771 -0.555368 0.831157
    outer loop
      vertex -0.453518 -4.60464 39.7196
      vertex -0.525498 -5.33548 39.2289
      vertex 0 -5.36129 39.2289
    endloop
  endfacet
  facet normal -0.214346 -0.855717 0.470962
    outer loop
      vertex -2.24087 -7.38716 36.6269
      vertex -2.36173 -7.78557 35.848
      vertex -1.58724 -7.97957 35.848
    endloop
  endfacet
  facet normal -0.395068 -0.835329 0.382292
    outer loop
      vertex -3.11347 -7.51659 35.848
      vertex -3.83524 -7.17523 35.848
      vertex -3.24282 -7.82886 35.032
    endloop
  endfacet
  facet normal -0.460686 -0.621181 0.633958
    outer loop
      vertex -3.70485 -5.5447 38.044
      vertex -4.23049 -5.15487 38.044
      vertex -4.01614 -6.01058 37.3613
    endloop
  endfacet
  facet normal -0.495491 -0.668107 0.555087
    outer loop
      vertex -4.58595 -5.58799 37.3613
      vertex -4.89723 -5.9673 36.6269
      vertex -4.01614 -6.01058 37.3613
    endloop
  endfacet
  facet normal -0.0488339 -0.993998 -0.0978923
    outer loop
      vertex 0 -8.90259 30.6794
      vertex -0.881091 -8.94587 31.5584
      vertex -0.872605 -8.85972 30.6794
    endloop
  endfacet
  facet normal -0.0481284 -0.979646 -0.194877
    outer loop
      vertex 0 -8.90259 30.6794
      vertex -0.855717 -8.68824 29.8132
      vertex 0 -8.73028 29.8132
    endloop
  endfacet
  facet normal 0.0488339 -0.993998 0.0978923
    outer loop
      vertex 0.872605 -8.85972 33.3206
      vertex 0 -8.90259 33.3206
      vertex 0.881091 -8.94587 32.4416
    endloop
  endfacet
  facet normal 0.0481288 -0.979646 0.194877
    outer loop
      vertex 0.855717 -8.68824 34.1868
      vertex 0 -8.90259 33.3206
      vertex 0.872605 -8.85972 33.3206
    endloop
  endfacet
  facet normal -0.146731 -0.989176 0
    outer loop
      vertex -1.7537 -8.81643 31.5584
      vertex -0.881091 -8.94587 32.4416
      vertex -1.7537 -8.81643 32.4416
    endloop
  endfacet
  facet normal -0.146731 -0.989176 -0
    outer loop
      vertex -0.881091 -8.94587 32.4416
      vertex -1.7537 -8.81643 31.5584
      vertex -0.881091 -8.94587 31.5584
    endloop
  endfacet
  facet normal -0.427555 -0.90399 0
    outer loop
      vertex -4.23746 -7.92773 31.5584
      vertex -3.44 -8.3049 32.4416
      vertex -4.23746 -7.92773 32.4416
    endloop
  endfacet
  facet normal -0.427555 -0.90399 -0
    outer loop
      vertex -3.44 -8.3049 32.4416
      vertex -4.23746 -7.92773 31.5584
      vertex -3.44 -8.3049 31.5584
    endloop
  endfacet
  facet normal -0.425501 -0.899647 -0.0978961
    outer loop
      vertex -3.44 -8.3049 31.5584
      vertex -4.23746 -7.92773 31.5584
      vertex -3.40687 -8.22492 30.6794
    endloop
  endfacet
  facet normal -0.914043 -0.135588 -0.382285
    outer loop
      vertex -8.02142 -1.37813 28.1779
      vertex -8.43309 -0.830586 28.968
      vertex -8.1074 -0.798509 28.1779
    endloop
  endfacet
  facet normal -0.914039 -0.135558 -0.382304
    outer loop
      vertex -8.43309 -0.830586 28.968
      vertex -8.02142 -1.37813 28.1779
      vertex -7.99397 -1.56322 28.1779
    endloop
  endfacet
  facet normal -0.979646 0.0481284 -0.194877
    outer loop
      vertex -8.73028 0 29.8132
      vertex -8.90259 0 30.6794
      vertex -8.68824 0.855717 29.8132
    endloop
  endfacet
  facet normal -0.955886 0.0469611 -0.28996
    outer loop
      vertex -8.43309 0.830586 28.968
      vertex -8.73028 0 29.8132
      vertex -8.68824 0.855717 29.8132
    endloop
  endfacet
  facet normal -0.984426 -0.146023 -0.0978924
    outer loop
      vertex -8.73153 -1.73681 30.6794
      vertex -8.94587 -0.881091 31.5584
      vertex -8.85972 -0.872605 30.6794
    endloop
  endfacet
  facet normal -0.993998 -0.0488339 -0.0978923
    outer loop
      vertex -8.85972 -0.872605 30.6794
      vertex -8.94587 -0.881091 31.5584
      vertex -8.90259 0 30.6794
    endloop
  endfacet
  facet normal -0.965374 -0.241806 -0.097896
    outer loop
      vertex -8.60209 -2.60942 31.5584
      vertex -8.81643 -1.7537 31.5584
      vertex -8.51925 -2.58428 30.6794
    endloop
  endfacet
  facet normal -0.965373 -0.241813 -0.0978889
    outer loop
      vertex -8.51925 -2.58428 30.6794
      vertex -8.81643 -1.7537 31.5584
      vertex -8.73153 -1.73681 30.6794
    endloop
  endfacet
  facet normal -0.93702 -0.335275 -0.097896
    outer loop
      vertex -8.3049 -3.44 31.5584
      vertex -8.60209 -2.60942 31.5584
      vertex -8.22492 -3.40687 30.6794
    endloop
  endfacet
  facet normal -0.820876 0.492023 -0.28996
    outer loop
      vertex -7.47331 3.99457 28.968
      vertex -7.69942 4.11543 29.8132
      vertex -7.25896 4.85028 29.8132
    endloop
  endfacet
  facet normal -0.82088 0.492019 -0.289955
    outer loop
      vertex -7.04579 4.70784 28.968
      vertex -7.47331 3.99457 28.968
      vertex -7.25896 4.85028 29.8132
    endloop
  endfacet
  facet normal -0.835329 0.395048 -0.382311
    outer loop
      vertex -7.27597 3.64728 28.1779
      vertex -7.82886 3.24282 28.968
      vertex -7.19597 3.81644 28.1779
    endloop
  endfacet
  facet normal -0.835324 0.39508 -0.382291
    outer loop
      vertex -7.82886 3.24282 28.968
      vertex -7.27597 3.64728 28.1779
      vertex -7.5265 3.11758 28.1779
    endloop
  endfacet
  facet normal -0.0481288 0.979646 0.194877
    outer loop
      vertex 0 8.90259 33.3206
      vertex -0.872605 8.85972 33.3206
      vertex -0.855717 8.68824 34.1868
    endloop
  endfacet
  facet normal -0.143914 0.970212 0.194877
    outer loop
      vertex -0.872605 8.85972 33.3206
      vertex -1.73681 8.73153 33.3206
      vertex -0.855717 8.68824 34.1868
    endloop
  endfacet
  facet normal 0.330434 0.923492 0.194874
    outer loop
      vertex 2.58428 8.51925 33.3206
      vertex 2.53427 8.35436 34.1868
      vertex 3.40687 8.22492 33.3206
    endloop
  endfacet
  facet normal 0.335274 0.93702 0.0978971
    outer loop
      vertex 2.60942 8.60209 32.4416
      vertex 2.58428 8.51925 33.3206
      vertex 3.40687 8.22492 33.3206
    endloop
  endfacet
  facet normal -0.0432832 0.88109 0.470963
    outer loop
      vertex 0 8.1359 35.848
      vertex -0.756648 7.68239 36.6269
      vertex 0 7.71956 36.6269
    endloop
  endfacet
  facet normal -0.135594 0.914044 0.382279
    outer loop
      vertex -0.830586 8.43309 35.032
      vertex -1.58724 7.97957 35.848
      vertex -0.797458 8.09673 35.848
    endloop
  endfacet
  facet normal 0.129442 0.872604 0.470964
    outer loop
      vertex 1.58724 7.97957 35.848
      vertex 0.756648 7.68239 36.6269
      vertex 1.50601 7.57123 36.6269
    endloop
  endfacet
  facet normal 0.129446 0.872602 0.470967
    outer loop
      vertex 0.797458 8.09673 35.848
      vertex 0.756648 7.68239 36.6269
      vertex 1.58724 7.97957 35.848
    endloop
  endfacet
  facet normal -0.0432778 0.881088 0.470967
    outer loop
      vertex 0 8.1359 35.848
      vertex -0.797458 8.09673 35.848
      vertex -0.756648 7.68239 36.6269
    endloop
  endfacet
  facet normal -0.129446 0.872602 0.470967
    outer loop
      vertex -0.797458 8.09673 35.848
      vertex -1.58724 7.97957 35.848
      vertex -0.756648 7.68239 36.6269
    endloop
  endfacet
  facet normal -0.395068 0.835329 0.382292
    outer loop
      vertex -3.24282 7.82886 35.032
      vertex -3.83524 7.17523 35.848
      vertex -3.11347 7.51659 35.848
    endloop
  endfacet
  facet normal -0.377158 0.797462 0.470962
    outer loop
      vertex -3.11347 7.51659 35.848
      vertex -3.83524 7.17523 35.848
      vertex -2.95415 7.13194 36.6269
    endloop
  endfacet
  facet normal 0.0379485 0.772436 0.633958
    outer loop
      vertex 0 7.22887 37.3613
      vertex 0 6.66856 38.044
      vertex 0.708552 7.19406 37.3613
    endloop
  endfacet
  facet normal 0.0408152 0.830786 0.555094
    outer loop
      vertex 0.756648 7.68239 36.6269
      vertex 0 7.22887 37.3613
      vertex 0.708552 7.19406 37.3613
    endloop
  endfacet
  facet normal -0.103822 0.699914 0.706641
    outer loop
      vertex -0.592418 6.01493 38.6686
      vertex -1.30097 6.54043 38.044
      vertex -1.17913 5.9279 38.6686
    endloop
  endfacet
  facet normal -0.122047 0.822785 0.555094
    outer loop
      vertex -0.756648 7.68239 36.6269
      vertex -1.41028 7.08997 37.3613
      vertex -0.708552 7.19406 37.3613
    endloop
  endfacet
  facet normal -0.550383 0.742247 -0.382294
    outer loop
      vertex -4.54722 6.75795 28.1779
      vertex -4.70784 7.04579 28.968
      vertex -4.52602 6.77367 28.1779
    endloop
  endfacet
  facet normal -0.550453 0.742197 -0.38229
    outer loop
      vertex -4.70784 7.04579 28.968
      vertex -4.54722 6.75795 28.1779
      vertex -5.37578 6.55041 28.968
    endloop
  endfacet
  facet normal -0.584274 0.787813 -0.194869
    outer loop
      vertex -5.53843 6.7486 29.8132
      vertex -5.64774 6.88179 30.6794
      vertex -4.85028 7.25896 29.8132
    endloop
  endfacet
  facet normal 0.642708 0.709117 -0.289963
    outer loop
      vertex 6.17324 6.17324 29.8132
      vertex 5.37578 6.55041 28.968
      vertex 5.53843 6.7486 29.8132
    endloop
  endfacet
  facet normal 0.570102 0.768704 -0.289963
    outer loop
      vertex 5.37578 6.55041 28.968
      vertex 4.85028 7.25896 29.8132
      vertex 5.53843 6.7486 29.8132
    endloop
  endfacet
  facet normal 0.146023 0.984426 0.0978924
    outer loop
      vertex 0.881091 8.94587 32.4416
      vertex 0.872605 8.85972 33.3206
      vertex 1.73681 8.73153 33.3206
    endloop
  endfacet
  facet normal 0.783167 -0.280218 0.555093
    outer loop
      vertex 6.91759 -2.09843 37.3613
      vertex 6.6786 -2.76637 37.3613
      vertex 7.13194 -2.95415 36.6269
    endloop
  endfacet
  facet normal 0.728165 -0.260539 0.633952
    outer loop
      vertex 6.91759 -2.09843 37.3613
      vertex 6.16095 -2.55195 38.044
      vertex 6.6786 -2.76637 37.3613
    endloop
  endfacet
  facet normal 0.573025 -0.519366 0.633957
    outer loop
      vertex 5.15487 -4.23049 38.044
      vertex 5.11158 -5.11158 37.3613
      vertex 5.58799 -4.58595 37.3613
    endloop
  endfacet
  facet normal 0.639634 -0.302534 0.706641
    outer loop
      vertex 6.16095 -2.55195 38.044
      vertex 5.58396 -2.31295 38.6686
      vertex 5.88114 -3.14354 38.044
    endloop
  endfacet
  facet normal 0.94668 -0.140426 0.28996
    outer loop
      vertex 8.68824 -0.855717 34.1868
      vertex 8.43309 -0.830586 35.032
      vertex 8.56253 -1.70319 34.1868
    endloop
  endfacet
  facet normal 0.955886 -0.0469611 0.28996
    outer loop
      vertex 8.73028 0 34.1868
      vertex 8.43309 -0.830586 35.032
      vertex 8.68824 -0.855717 34.1868
    endloop
  endfacet
  facet normal 0.830786 -0.0408152 0.555094
    outer loop
      vertex 7.22887 0 37.3613
      vertex 7.19406 -0.708552 37.3613
      vertex 7.68239 -0.756648 36.6269
    endloop
  endfacet
  facet normal 0.822785 -0.122047 0.555094
    outer loop
      vertex 7.19406 -0.708552 37.3613
      vertex 7.08997 -1.41028 37.3613
      vertex 7.68239 -0.756648 36.6269
    endloop
  endfacet
  facet normal 0.822785 0.122047 0.555094
    outer loop
      vertex 7.68239 0.756648 36.6269
      vertex 7.08997 1.41028 37.3613
      vertex 7.19406 0.708552 37.3613
    endloop
  endfacet
  facet normal 0.764998 0.113475 0.633957
    outer loop
      vertex 7.08997 1.41028 37.3613
      vertex 6.63645 0.653633 38.044
      vertex 7.19406 0.708552 37.3613
    endloop
  endfacet
  facet normal 0.195073 0.00958318 0.980742
    outer loop
      vertex 2.17629 0.214346 40.7303
      vertex 1.32057 0 40.9026
      vertex 2.18682 0 40.7303
    endloop
  endfacet
  facet normal 0.195073 -0.00958318 0.980742
    outer loop
      vertex 2.18682 0 40.7303
      vertex 1.32057 0 40.9026
      vertex 2.17629 -0.214346 40.7303
    endloop
  endfacet
  facet normal 0.195072 -0.00958498 0.980742
    outer loop
      vertex 1.32057 0 40.9026
      vertex 1.31421 -0.129438 40.9026
      vertex 2.17629 -0.214346 40.7303
    endloop
  endfacet
  facet normal 0.0980494 -0.00481771 0.99517
    outer loop
      vertex 1.32057 0 40.9026
      vertex 0.441608 0 40.9892
      vertex 1.31421 -0.129438 40.9026
    endloop
  endfacet
  facet normal 0.0971055 0.0144021 0.99517
    outer loop
      vertex 1.31421 0.129438 40.9026
      vertex 0.433124 0.086153 40.9892
      vertex 0.439482 0.0432844 40.9892
    endloop
  endfacet
  facet normal 0.0980497 0.00481591 0.99517
    outer loop
      vertex 1.31421 0.129438 40.9026
      vertex 0.439482 0.0432844 40.9892
      vertex 0.441608 0 40.9892
    endloop
  endfacet
  facet normal 0.033072 0.0924288 0.99517
    outer loop
      vertex 0.383342 1.26371 40.9026
      vertex 0.168996 0.407993 40.9892
      vertex 0.505362 1.22005 40.9026
    endloop
  endfacet
  facet normal 0.0419713 0.0887425 0.99517
    outer loop
      vertex 0.505362 1.22005 40.9026
      vertex 0.168996 0.407993 40.9892
      vertex 0.208173 0.389464 40.9892
    endloop
  endfacet
  facet normal -0.0971055 0.0144021 0.99517
    outer loop
      vertex -0.433124 0.086153 40.9892
      vertex -1.31421 0.129438 40.9026
      vertex -0.439482 0.0432844 40.9892
    endloop
  endfacet
  facet normal -0.0980497 0.00481591 0.99517
    outer loop
      vertex -0.439482 0.0432844 40.9892
      vertex -1.31421 0.129438 40.9026
      vertex -0.441608 0 40.9892
    endloop
  endfacet
  facet normal 0.149411 0.249272 0.956838
    outer loop
      vertex 1.42928 2.67399 40.4739
      vertex 1.03086 1.9286 40.7303
      vertex 1.68449 2.52102 40.4739
    endloop
  endfacet
  facet normal 0.124258 0.262717 0.956838
    outer loop
      vertex 1.1603 2.80121 40.4739
      vertex 1.03086 1.9286 40.7303
      vertex 1.42928 2.67399 40.4739
    endloop
  endfacet
  facet normal -0.0504688 -0.0842 0.99517
    outer loop
      vertex -0.245344 -0.367184 40.9892
      vertex -0.733671 -1.09802 40.9026
      vertex -0.208173 -0.389464 40.9892
    endloop
  endfacet
  facet normal 0.0144001 0.0971056 0.99517
    outer loop
      vertex 0.129438 1.31421 40.9026
      vertex 0.086153 0.433124 40.9892
      vertex 0.25763 1.2952 40.9026
    endloop
  endfacet
  facet normal 0.0706096 0.281914 0.956838
    outer loop
      vertex 0.880145 2.90145 40.4739
      vertex 0.426627 2.1448 40.7303
      vertex 0.6348 2.09266 40.7303
    endloop
  endfacet
  facet normal 0.14471 0.131163 0.980742
    outer loop
      vertex 1.54632 1.54632 40.7303
      vertex 0.933786 0.933786 40.9026
      vertex 1.02082 0.837763 40.9026
    endloop
  endfacet
  facet normal -0.033072 -0.0924288 0.99517
    outer loop
      vertex -0.168996 -0.407993 40.9892
      vertex -0.505362 -1.22005 40.9026
      vertex -0.383342 -1.26371 40.9026
    endloop
  endfacet
  facet normal 0.0474571 0.189455 0.980742
    outer loop
      vertex 0.6348 2.09266 40.7303
      vertex 0.25763 1.2952 40.9026
      vertex 0.383342 1.26371 40.9026
    endloop
  endfacet
  facet normal 0.0474523 0.189457 0.980742
    outer loop
      vertex 0.426627 2.1448 40.7303
      vertex 0.25763 1.2952 40.9026
      vertex 0.6348 2.09266 40.7303
    endloop
  endfacet
  facet normal -0.0504688 0.0842 0.99517
    outer loop
      vertex -0.208173 0.389464 40.9892
      vertex -0.733671 1.09802 40.9026
      vertex -0.245344 0.367184 40.9892
    endloop
  endfacet
  facet normal 0.0727367 -0.0659253 0.99517
    outer loop
      vertex 0.341368 -0.280153 40.9892
      vertex 0.312264 -0.312264 40.9892
      vertex 1.02082 -0.837763 40.9026
    endloop
  endfacet
  facet normal -0.189455 0.0474571 0.980742
    outer loop
      vertex -1.26371 0.383342 40.9026
      vertex -2.09266 0.6348 40.7303
      vertex -1.2952 0.25763 40.9026
    endloop
  endfacet
  facet normal -0.183891 0.0657988 0.980742
    outer loop
      vertex -2.02036 0.83686 40.7303
      vertex -2.09266 0.6348 40.7303
      vertex -1.22005 0.505362 40.9026
    endloop
  endfacet
  facet normal -0.0419728 -0.088742 0.99517
    outer loop
      vertex -0.208173 -0.389464 40.9892
      vertex -0.622514 -1.16464 40.9026
      vertex -0.505362 -1.22005 40.9026
    endloop
  endfacet
  facet normal -0.471233 -0.0231513 0.881705
    outer loop
      vertex -3.848 0 40.1359
      vertex -4.60464 -0.453518 39.7196
      vertex -3.82947 -0.377169 40.1359
    endloop
  endfacet
  facet normal -0.382622 -0.0187979 0.923714
    outer loop
      vertex -3.01741 -0.297189 40.4739
      vertex -3.848 0 40.1359
      vertex -3.82947 -0.377169 40.1359
    endloop
  endfacet
  facet normal -0.555371 -0.0272837 0.831155
    outer loop
      vertex -4.62692 0 39.7196
      vertex -5.36129 0 39.2289
      vertex -4.60464 -0.453518 39.7196
    endloop
  endfacet
  facet normal -0.471234 -0.0231503 0.881704
    outer loop
      vertex -3.848 0 40.1359
      vertex -4.62692 0 39.7196
      vertex -4.60464 -0.453518 39.7196
    endloop
  endfacet
  facet normal -0.457656 -0.114644 0.881707
    outer loop
      vertex -3.77406 -0.750707 40.1359
      vertex -4.42769 -1.34312 39.7196
      vertex -3.6823 -1.11701 40.1359
    endloop
  endfacet
  facet normal -0.371603 -0.0930876 0.923713
    outer loop
      vertex -2.90145 -0.880145 40.4739
      vertex -3.77406 -0.750707 40.1359
      vertex -3.6823 -1.11701 40.1359
    endloop
  endfacet
  facet normal -0.273633 0.0979098 0.956838
    outer loop
      vertex -2.02036 0.83686 40.7303
      vertex -2.90145 0.880145 40.4739
      vertex -2.09266 0.6348 40.7303
    endloop
  endfacet
  facet normal -0.273633 0.0979065 0.956838
    outer loop
      vertex -2.80121 1.1603 40.4739
      vertex -2.90145 0.880145 40.4739
      vertex -2.02036 0.83686 40.7303
    endloop
  endfacet
  facet normal -0.173121 0.233433 0.956838
    outer loop
      vertex -1.68449 2.52102 40.4739
      vertex -1.92349 2.34377 40.4739
      vertex -1.21493 1.81828 40.7303
    endloop
  endfacet
  facet normal -0.131163 0.14471 0.980742
    outer loop
      vertex -0.837763 1.02082 40.9026
      vertex -1.54632 1.54632 40.7303
      vertex -0.933786 0.933786 40.9026
    endloop
  endfacet
  facet normal 0.0659267 0.0727357 0.99517
    outer loop
      vertex 0.837763 1.02082 40.9026
      vertex 0.312264 0.312264 40.9892
      vertex 0.933786 0.933786 40.9026
    endloop
  endfacet
  facet normal -0.378937 0.0562109 0.923714
    outer loop
      vertex -2.97375 0.591516 40.4739
      vertex -3.77406 0.750707 40.1359
      vertex -3.01741 0.297189 40.4739
    endloop
  endfacet
  facet normal -0.371602 0.0930844 0.923714
    outer loop
      vertex -2.90145 0.880145 40.4739
      vertex -3.77406 0.750707 40.1359
      vertex -2.97375 0.591516 40.4739
    endloop
  endfacet
  facet normal -0.349576 0.316843 0.881707
    outer loop
      vertex -2.72094 2.72094 40.1359
      vertex -3.57666 2.93529 39.7196
      vertex -2.97454 2.44114 40.1359
    endloop
  endfacet
  facet normal -0.242553 0.404672 0.881708
    outer loop
      vertex -1.81393 3.39363 40.1359
      vertex -2.57058 3.84715 39.7196
      vertex -2.13783 3.19949 40.1359
    endloop
  endfacet
  facet normal -0.0187979 0.382622 0.923714
    outer loop
      vertex 0 3.848 40.1359
      vertex -0.377169 3.82947 40.1359
      vertex -0.297189 3.01741 40.4739
    endloop
  endfacet
  facet normal -0.0311431 0.63408 0.77264
    outer loop
      vertex 0 5.36129 39.2289
      vertex -0.592418 6.01493 38.6686
      vertex -0.525498 5.33548 39.2289
    endloop
  endfacet
  facet normal -0.0692288 0.466695 0.881705
    outer loop
      vertex -0.453518 4.60464 39.7196
      vertex -0.750707 3.77406 40.1359
      vertex -0.377169 3.82947 40.1359
    endloop
  endfacet
  facet normal -0.13511 0.539375 0.831156
    outer loop
      vertex -1.04594 5.25828 39.2289
      vertex -1.34312 4.42769 39.7196
      vertex -0.902668 4.53802 39.7196
    endloop
  endfacet
  facet normal 0.0231513 0.471233 0.881705
    outer loop
      vertex 0.453518 4.60464 39.7196
      vertex 0 3.848 40.1359
      vertex 0.377169 3.82947 40.1359
    endloop
  endfacet
  facet normal 0.0231503 0.471234 0.881704
    outer loop
      vertex 0 4.62692 39.7196
      vertex 0 3.848 40.1359
      vertex 0.453518 4.60464 39.7196
    endloop
  endfacet
  facet normal -0.0272837 0.555371 0.831155
    outer loop
      vertex 0 5.36129 39.2289
      vertex -0.453518 4.60464 39.7196
      vertex 0 4.62692 39.7196
    endloop
  endfacet
  facet normal -0.0272771 0.555368 0.831157
    outer loop
      vertex 0 5.36129 39.2289
      vertex -0.525498 5.33548 39.2289
      vertex -0.453518 4.60464 39.7196
    endloop
  endfacet
  facet normal -0.0692221 0.466693 0.881706
    outer loop
      vertex -0.453518 4.60464 39.7196
      vertex -0.902668 4.53802 39.7196
      vertex -0.750707 3.77406 40.1359
    endloop
  endfacet
  facet normal -0.11464 0.457659 0.881706
    outer loop
      vertex -0.902668 4.53802 39.7196
      vertex -1.34312 4.42769 39.7196
      vertex -0.750707 3.77406 40.1359
    endloop
  endfacet
  facet normal -0.550456 0.7422 0.382279
    outer loop
      vertex -4.70784 7.04579 35.032
      vertex -5.37578 6.55041 35.032
      vertex -4.52007 6.76476 35.848
    endloop
  endfacet
  facet normal -0.475053 0.792581 0.382283
    outer loop
      vertex -3.99457 7.47331 35.032
      vertex -4.52007 6.76476 35.848
      vertex -3.83524 7.17523 35.848
    endloop
  endfacet
  facet normal -0.326382 0.544517 0.772642
    outer loop
      vertex -2.5273 4.72824 39.2289
      vertex -3.35788 5.02543 38.6686
      vertex -2.97857 4.45775 39.2289
    endloop
  endfacet
  facet normal -0.302529 0.639641 0.706637
    outer loop
      vertex -2.31295 5.58396 38.6686
      vertex -3.14354 5.88114 38.044
      vertex -2.84914 5.33036 38.6686
    endloop
  endfacet
  facet normal -0.331238 0.446618 0.831152
    outer loop
      vertex -2.57058 3.84715 39.7196
      vertex -2.97857 4.45775 39.2289
      vertex -2.93529 3.57666 39.7196
    endloop
  endfacet
  facet normal -0.163785 0.346308 0.923713
    outer loop
      vertex -1.47256 3.55508 40.1359
      vertex -1.81393 3.39363 40.1359
      vertex -1.1603 2.80121 40.4739
    endloop
  endfacet
  facet normal -0.519366 0.573025 0.633957
    outer loop
      vertex -4.58595 5.58799 37.3613
      vertex -5.11158 5.11158 37.3613
      vertex -4.23049 5.15487 38.044
    endloop
  endfacet
  facet normal -0.285871 0.476931 0.831153
    outer loop
      vertex -2.5273 4.72824 39.2289
      vertex -2.97857 4.45775 39.2289
      vertex -2.57058 3.84715 39.7196
    endloop
  endfacet
  facet normal -0.326378 0.544523 0.772639
    outer loop
      vertex -2.84914 5.33036 38.6686
      vertex -3.35788 5.02543 38.6686
      vertex -2.5273 4.72824 39.2289
    endloop
  endfacet
  facet normal -0.363769 0.606907 0.706637
    outer loop
      vertex -3.14354 5.88114 38.044
      vertex -3.35788 5.02543 38.6686
      vertex -2.84914 5.33036 38.6686
    endloop
  endfacet
  facet normal -0.592839 0.799348 -0.0978984
    outer loop
      vertex -4.94601 7.40223 30.6794
      vertex -5.64774 6.88179 30.6794
      vertex -4.99411 7.47421 31.5584
    endloop
  endfacet
  facet normal -0.668336 0.73739 0.0978966
    outer loop
      vertex -5.70266 6.94871 32.4416
      vertex -6.35629 6.35629 32.4416
      vertex -5.64774 6.88179 33.3206
    endloop
  endfacet
  facet normal -0.427555 0.90399 0
    outer loop
      vertex -3.44 8.3049 31.5584
      vertex -4.23746 7.92773 32.4416
      vertex -3.44 8.3049 32.4416
    endloop
  endfacet
  facet normal -0.427555 0.90399 0
    outer loop
      vertex -4.23746 7.92773 32.4416
      vertex -3.44 8.3049 31.5584
      vertex -4.23746 7.92773 31.5584
    endloop
  endfacet
  facet normal -0.238317 0.951435 0.194875
    outer loop
      vertex -1.70319 8.56253 34.1868
      vertex -2.58428 8.51925 33.3206
      vertex -2.53427 8.35436 34.1868
    endloop
  endfacet
  facet normal -0.238321 0.951433 0.194879
    outer loop
      vertex -1.73681 8.73153 33.3206
      vertex -2.58428 8.51925 33.3206
      vertex -1.70319 8.56253 34.1868
    endloop
  endfacet
  facet normal -0.330434 0.923492 0.194874
    outer loop
      vertex -2.53427 8.35436 34.1868
      vertex -3.40687 8.22492 33.3206
      vertex -3.34093 8.06573 34.1868
    endloop
  endfacet
  facet normal -0.419357 0.886659 0.194874
    outer loop
      vertex -3.40687 8.22492 33.3206
      vertex -4.11543 7.69942 34.1868
      vertex -3.34093 8.06573 34.1868
    endloop
  endfacet
  facet normal -0.502654 0.237736 0.831156
    outer loop
      vertex -4.72824 2.5273 39.2289
      vertex -4.95319 2.05168 39.2289
      vertex -4.08058 2.18112 39.7196
    endloop
  endfacet
  facet normal -0.14471 0.131163 0.980742
    outer loop
      vertex -0.933786 0.933786 40.9026
      vertex -1.54632 1.54632 40.7303
      vertex -1.02082 0.837763 40.9026
    endloop
  endfacet
  facet normal -0.615819 0.154255 0.77264
    outer loop
      vertex -5.78378 1.75449 38.6686
      vertex -5.9279 1.17913 38.6686
      vertex -5.25828 1.04594 39.2289
    endloop
  endfacet
  facet normal -0.686367 0.171926 0.706641
    outer loop
      vertex -5.78378 1.75449 38.6686
      vertex -6.54043 1.30097 38.044
      vertex -5.9279 1.17913 38.6686
    endloop
  endfacet
  facet normal -0.446618 0.331238 0.831152
    outer loop
      vertex -3.57666 2.93529 39.7196
      vertex -4.45775 2.97857 39.2289
      vertex -3.84715 2.57058 39.7196
    endloop
  endfacet
  facet normal -0.476931 0.285871 0.831153
    outer loop
      vertex -4.45775 2.97857 39.2289
      vertex -4.72824 2.5273 39.2289
      vertex -3.84715 2.57058 39.7196
    endloop
  endfacet
  facet normal -0.470391 0.426337 0.772638
    outer loop
      vertex -3.79101 3.79101 39.2289
      vertex -4.6721 3.83429 38.6686
      vertex -4.14434 3.40117 39.2289
    endloop
  endfacet
  facet normal -0.509921 0.378169 0.772637
    outer loop
      vertex -4.14434 3.40117 39.2289
      vertex -4.6721 3.83429 38.6686
      vertex -4.45775 2.97857 39.2289
    endloop
  endfacet
  facet normal -0.573025 0.519366 0.633957
    outer loop
      vertex -5.11158 5.11158 37.3613
      vertex -5.58799 4.58595 37.3613
      vertex -5.15487 4.23049 38.044
    endloop
  endfacet
  facet normal -0.668107 0.495491 0.555087
    outer loop
      vertex -5.9673 4.89723 36.6269
      vertex -6.01058 4.01614 37.3613
      vertex -5.58799 4.58595 37.3613
    endloop
  endfacet
  facet normal -0.475182 0.524271 0.706642
    outer loop
      vertex -3.83429 4.6721 38.6686
      vertex -4.71538 4.71538 38.044
      vertex -4.27377 4.27377 38.6686
    endloop
  endfacet
  facet normal -0.524271 0.475182 0.706642
    outer loop
      vertex -4.27377 4.27377 38.6686
      vertex -4.71538 4.71538 38.044
      vertex -4.6721 3.83429 38.6686
    endloop
  endfacet
  facet normal -0.475182 0.524269 0.706642
    outer loop
      vertex -4.23049 5.15487 38.044
      vertex -4.71538 4.71538 38.044
      vertex -3.83429 4.6721 38.6686
    endloop
  endfacet
  facet normal -0.4215 0.568326 0.706642
    outer loop
      vertex -3.35788 5.02543 38.6686
      vertex -4.23049 5.15487 38.044
      vertex -3.83429 4.6721 38.6686
    endloop
  endfacet
  facet normal 0.668336 0.73739 -0.0978966
    outer loop
      vertex 6.35629 6.35629 31.5584
      vertex 5.64774 6.88179 30.6794
      vertex 5.70266 6.94871 31.5584
    endloop
  endfacet
  facet normal 0.425503 0.899646 0.0978985
    outer loop
      vertex 4.23746 7.92773 32.4416
      vertex 3.40687 8.22492 33.3206
      vertex 4.19665 7.85138 33.3206
    endloop
  endfacet
  facet normal 0.511634 0.853608 0.0978985
    outer loop
      vertex 4.23746 7.92773 32.4416
      vertex 4.19665 7.85138 33.3206
      vertex 4.94601 7.40223 33.3206
    endloop
  endfacet
  facet normal 0.280218 0.783167 0.555093
    outer loop
      vertex 2.95415 7.13194 36.6269
      vertex 2.09843 6.91759 37.3613
      vertex 2.76637 6.6786 37.3613
    endloop
  endfacet
  facet normal 0.311304 0.870025 0.382291
    outer loop
      vertex 3.24282 7.82886 35.032
      vertex 2.36173 7.78557 35.848
      vertex 3.11347 7.51659 35.848
    endloop
  endfacet
  facet normal 0.377158 0.797462 0.470962
    outer loop
      vertex 3.11347 7.51659 35.848
      vertex 2.95415 7.13194 36.6269
      vertex 3.83524 7.17523 35.848
    endloop
  endfacet
  facet normal 0.297191 0.830585 0.470963
    outer loop
      vertex 3.11347 7.51659 35.848
      vertex 2.36173 7.78557 35.848
      vertex 2.95415 7.13194 36.6269
    endloop
  endfacet
  facet normal 0.475057 0.79258 0.38228
    outer loop
      vertex 4.70784 7.04579 35.032
      vertex 3.99457 7.47331 35.032
      vertex 4.52007 6.76476 35.848
    endloop
  endfacet
  facet normal 0.550456 0.7422 0.382279
    outer loop
      vertex 4.70784 7.04579 35.032
      vertex 4.52007 6.76476 35.848
      vertex 5.37578 6.55041 35.032
    endloop
  endfacet
  facet normal 0.307698 0.228199 0.923714
    outer loop
      vertex 3.19949 2.13783 40.1359
      vertex 2.34377 1.92349 40.4739
      vertex 2.52102 1.68449 40.4739
    endloop
  endfacet
  facet normal 0.233433 0.173121 0.956838
    outer loop
      vertex 2.34377 1.92349 40.4739
      vertex 1.81828 1.21493 40.7303
      vertex 2.52102 1.68449 40.4739
    endloop
  endfacet
  facet normal 0.262716 0.124262 0.956838
    outer loop
      vertex 2.80121 1.1603 40.4739
      vertex 1.9286 1.03086 40.7303
      vertex 2.02036 0.83686 40.7303
    endloop
  endfacet
  facet normal 0.273633 0.0979065 0.956838
    outer loop
      vertex 2.80121 1.1603 40.4739
      vertex 2.02036 0.83686 40.7303
      vertex 2.90145 0.880145 40.4739
    endloop
  endfacet
  facet normal 0.363769 0.606907 0.706637
    outer loop
      vertex 3.14354 5.88114 38.044
      vertex 2.84914 5.33036 38.6686
      vertex 3.35788 5.02543 38.6686
    endloop
  endfacet
  facet normal 0.326378 0.544523 0.772639
    outer loop
      vertex 2.84914 5.33036 38.6686
      vertex 2.5273 4.72824 39.2289
      vertex 3.35788 5.02543 38.6686
    endloop
  endfacet
  facet normal 0.568336 0.421495 0.706638
    outer loop
      vertex 5.15487 4.23049 38.044
      vertex 5.02543 3.35788 38.6686
      vertex 5.5447 3.70485 38.044
    endloop
  endfacet
  facet normal 0.568326 0.4215 0.706642
    outer loop
      vertex 5.15487 4.23049 38.044
      vertex 4.6721 3.83429 38.6686
      vertex 5.02543 3.35788 38.6686
    endloop
  endfacet
  facet normal 0.404672 0.242553 0.881708
    outer loop
      vertex 3.84715 2.57058 39.7196
      vertex 3.19949 2.13783 40.1359
      vertex 3.39363 1.81393 40.1359
    endloop
  endfacet
  facet normal 0.426497 0.20172 0.881708
    outer loop
      vertex 4.08058 2.18112 39.7196
      vertex 3.55508 1.47256 40.1359
      vertex 4.27472 1.77065 39.7196
    endloop
  endfacet
  facet normal 0.0931507 0.627973 0.77264
    outer loop
      vertex 0.592418 6.01493 38.6686
      vertex 0.525498 5.33548 39.2289
      vertex 1.04594 5.25828 39.2289
    endloop
  endfacet
  facet normal 0.238374 0.66621 0.706641
    outer loop
      vertex 2.55195 6.16095 38.044
      vertex 1.75449 5.78378 38.6686
      vertex 2.31295 5.58396 38.6686
    endloop
  endfacet
  facet normal 0.238367 0.666218 0.706637
    outer loop
      vertex 1.93578 6.38141 38.044
      vertex 1.75449 5.78378 38.6686
      vertex 2.55195 6.16095 38.044
    endloop
  endfacet
  facet normal 0.187923 0.750189 0.633957
    outer loop
      vertex 2.09843 6.91759 37.3613
      vertex 1.30097 6.54043 38.044
      vertex 1.93578 6.38141 38.044
    endloop
  endfacet
  facet normal 0.237736 0.502654 0.831156
    outer loop
      vertex 2.5273 4.72824 39.2289
      vertex 2.05168 4.95319 39.2289
      vertex 2.18112 4.08058 39.7196
    endloop
  endfacet
  facet normal 0.271429 0.573893 0.772641
    outer loop
      vertex 2.31295 5.58396 38.6686
      vertex 2.05168 4.95319 39.2289
      vertex 2.5273 4.72824 39.2289
    endloop
  endfacet
  facet normal 0.686369 0.171936 0.706637
    outer loop
      vertex 6.38141 1.93578 38.044
      vertex 5.78378 1.75449 38.6686
      vertex 6.54043 1.30097 38.044
    endloop
  endfacet
  facet normal 0.750189 0.187923 0.633957
    outer loop
      vertex 6.91759 2.09843 37.3613
      vertex 6.38141 1.93578 38.044
      vertex 6.54043 1.30097 38.044
    endloop
  endfacet
  facet normal 0.835328 0.395079 0.382282
    outer loop
      vertex 7.47331 3.99457 35.032
      vertex 7.17523 3.83524 35.848
      vertex 7.82886 3.24282 35.032
    endloop
  endfacet
  facet normal 0.792581 0.475053 0.382283
    outer loop
      vertex 7.47331 3.99457 35.032
      vertex 6.76476 4.52007 35.848
      vertex 7.17523 3.83524 35.848
    endloop
  endfacet
  facet normal 0.896374 0.224444 -0.38228
    outer loop
      vertex 8.10901 2.45984 28.968
      vertex 7.80225 2.33924 28.1779
      vertex 7.79584 2.36484 28.1779
    endloop
  endfacet
  facet normal 0.896352 0.224524 -0.382284
    outer loop
      vertex 7.80225 2.33924 28.1779
      vertex 8.10901 2.45984 28.968
      vertex 8.31107 1.65317 28.968
    endloop
  endfacet
  facet normal 0.896353 0.224534 -0.382276
    outer loop
      vertex 8.31107 1.65317 28.968
      vertex 7.93822 1.79644 28.1779
      vertex 7.80225 2.33924 28.1779
    endloop
  endfacet
  facet normal 0.89636 0.22449 -0.382287
    outer loop
      vertex 8.31107 1.65317 28.968
      vertex 7.99009 1.58933 28.1779
      vertex 7.93822 1.79644 28.1779
    endloop
  endfacet
  facet normal -0.59284 0.799348 0.0978966
    outer loop
      vertex -4.99411 7.47421 32.4416
      vertex -5.70266 6.94871 32.4416
      vertex -5.64774 6.88179 33.3206
    endloop
  endfacet
  facet normal -0.668336 0.73739 -0.0978966
    outer loop
      vertex -5.64774 6.88179 30.6794
      vertex -6.35629 6.35629 31.5584
      vertex -5.70266 6.94871 31.5584
    endloop
  endfacet
  facet normal -0.799348 0.59284 -0.0978966
    outer loop
      vertex -6.88179 5.64774 30.6794
      vertex -7.47421 4.99411 31.5584
      vertex -6.94871 5.70266 31.5584
    endloop
  endfacet
  facet normal -0.737395 0.668331 -0.0978891
    outer loop
      vertex -6.29508 6.29508 30.6794
      vertex -6.88179 5.64774 30.6794
      vertex -6.35629 6.35629 31.5584
    endloop
  endfacet
  facet normal -0.260539 0.728165 0.633952
    outer loop
      vertex -2.09843 6.91759 37.3613
      vertex -2.76637 6.6786 37.3613
      vertex -2.55195 6.16095 38.044
    endloop
  endfacet
  facet normal -0.280218 0.783167 0.555093
    outer loop
      vertex -2.09843 6.91759 37.3613
      vertex -2.95415 7.13194 36.6269
      vertex -2.76637 6.6786 37.3613
    endloop
  endfacet
  facet normal -0.728165 0.260539 0.633952
    outer loop
      vertex -6.6786 2.76637 37.3613
      vertex -6.91759 2.09843 37.3613
      vertex -6.16095 2.55195 38.044
    endloop
  endfacet
  facet normal -0.728164 0.26053 0.633957
    outer loop
      vertex -6.16095 2.55195 38.044
      vertex -6.91759 2.09843 37.3613
      vertex -6.38141 1.93578 38.044
    endloop
  endfacet
  facet normal -0.708545 0.525501 0.47097
    outer loop
      vertex -6.28914 5.16136 35.848
      vertex -6.76476 4.52007 35.848
      vertex -5.9673 4.89723 36.6269
    endloop
  endfacet
  facet normal -0.708545 0.525502 0.470969
    outer loop
      vertex -5.9673 4.89723 36.6269
      vertex -6.76476 4.52007 35.848
      vertex -6.41858 4.28876 36.6269
    endloop
  endfacet
  facet normal -0.68467 0.620554 0.382283
    outer loop
      vertex -5.75295 5.75295 35.848
      vertex -6.55041 5.37578 35.032
      vertex -6.28914 5.16136 35.848
    endloop
  endfacet
  facet normal -0.653627 0.592418 0.47097
    outer loop
      vertex -5.75295 5.75295 35.848
      vertex -6.28914 5.16136 35.848
      vertex -5.9673 4.89723 36.6269
    endloop
  endfacet
  facet normal -0.544523 -0.326378 0.772639
    outer loop
      vertex -4.72824 -2.5273 39.2289
      vertex -5.33036 -2.84914 38.6686
      vertex -5.02543 -3.35788 38.6686
    endloop
  endfacet
  facet normal -0.50991 -0.378175 0.772642
    outer loop
      vertex -4.45775 -2.97857 39.2289
      vertex -5.02543 -3.35788 38.6686
      vertex -4.6721 -3.83429 38.6686
    endloop
  endfacet
  facet normal -0.684816 0.620395 -0.382279
    outer loop
      vertex -5.77826 5.74098 28.1779
      vertex -5.99195 5.99195 28.968
      vertex -5.76054 5.76054 28.1779
    endloop
  endfacet
  facet normal -0.684673 0.620547 -0.382289
    outer loop
      vertex -5.99195 5.99195 28.968
      vertex -5.77826 5.74098 28.1779
      vertex -6.55041 5.37578 28.968
    endloop
  endfacet
  facet normal -0.709122 0.642706 -0.289958
    outer loop
      vertex -5.99195 5.99195 28.968
      vertex -6.55041 5.37578 28.968
      vertex -6.17324 6.17324 29.8132
    endloop
  endfacet
  facet normal -0.923492 -0.330434 -0.194874
    outer loop
      vertex -8.22492 -3.40687 30.6794
      vertex -8.35436 -2.53427 29.8132
      vertex -8.06573 -3.34093 29.8132
    endloop
  endfacet
  facet normal -0.865153 -0.409186 -0.28996
    outer loop
      vertex -7.69942 -4.11543 29.8132
      vertex -7.82886 -3.24282 28.968
      vertex -7.47331 -3.99457 28.968
    endloop
  endfacet
  facet normal 0.335275 -0.93702 0.097896
    outer loop
      vertex 3.40687 -8.22492 33.3206
      vertex 2.60942 -8.60209 32.4416
      vertex 3.44 -8.3049 32.4416
    endloop
  endfacet
  facet normal 0.336894 -0.941543 0
    outer loop
      vertex 2.60942 -8.60209 31.5584
      vertex 3.44 -8.3049 32.4416
      vertex 2.60942 -8.60209 32.4416
    endloop
  endfacet
  facet normal 0.336894 -0.941543 0
    outer loop
      vertex 3.44 -8.3049 32.4416
      vertex 2.60942 -8.60209 31.5584
      vertex 3.44 -8.3049 31.5584
    endloop
  endfacet
  facet normal -0.189457 -0.0474523 0.980742
    outer loop
      vertex -1.2952 -0.25763 40.9026
      vertex -2.1448 -0.426627 40.7303
      vertex -2.09266 -0.6348 40.7303
    endloop
  endfacet
  facet normal -0.189455 -0.0474571 0.980742
    outer loop
      vertex -1.2952 -0.25763 40.9026
      vertex -2.09266 -0.6348 40.7303
      vertex -1.26371 -0.383342 40.9026
    endloop
  endfacet
  facet normal -0.0924288 -0.033072 0.99517
    outer loop
      vertex -0.407993 -0.168996 40.9892
      vertex -1.26371 -0.383342 40.9026
      vertex -1.22005 -0.505362 40.9026
    endloop
  endfacet
  facet normal 0.0584779 0.0788486 0.99517
    outer loop
      vertex 0.733671 1.09802 40.9026
      vertex 0.245344 0.367184 40.9892
      vertex 0.280153 0.341368 40.9892
    endloop
  endfacet
  facet normal -0.0788485 -0.0584781 0.99517
    outer loop
      vertex -0.341368 -0.280153 40.9892
      vertex -1.09802 -0.733671 40.9026
      vertex -1.02082 -0.837763 40.9026
    endloop
  endfacet
  facet normal 0.00481771 -0.0980494 0.99517
    outer loop
      vertex 0 -0.441608 40.9892
      vertex 0 -1.32057 40.9026
      vertex 0.129438 -1.31421 40.9026
    endloop
  endfacet
  facet normal -0.0952249 -0.0238544 0.99517
    outer loop
      vertex -0.433124 -0.086153 40.9892
      vertex -1.26371 -0.383342 40.9026
      vertex -0.422593 -0.128192 40.9892
    endloop
  endfacet
  facet normal 0.00958318 -0.195073 0.980742
    outer loop
      vertex 0 -1.32057 40.9026
      vertex 0 -2.18682 40.7303
      vertex 0.214346 -2.17629 40.7303
    endloop
  endfacet
  facet normal -0.00958318 -0.195073 0.980742
    outer loop
      vertex 0 -1.32057 40.9026
      vertex -0.214346 -2.17629 40.7303
      vertex 0 -2.18682 40.7303
    endloop
  endfacet
  facet normal -0.0692221 -0.466693 0.881706
    outer loop
      vertex -0.750707 -3.77406 40.1359
      vertex -0.902668 -4.53802 39.7196
      vertex -0.453518 -4.60464 39.7196
    endloop
  endfacet
  facet normal -0.0562109 -0.378937 0.923714
    outer loop
      vertex -0.591516 -2.97375 40.4739
      vertex -0.750707 -3.77406 40.1359
      vertex -0.297189 -3.01741 40.4739
    endloop
  endfacet
  facet normal -0.0144001 -0.0971056 0.99517
    outer loop
      vertex -0.086153 -0.433124 40.9892
      vertex -0.25763 -1.2952 40.9026
      vertex -0.129438 -1.31421 40.9026
    endloop
  endfacet
  facet normal -0.0286495 -0.193195 0.980742
    outer loop
      vertex -0.129438 -1.31421 40.9026
      vertex -0.25763 -1.2952 40.9026
      vertex -0.214346 -2.17629 40.7303
    endloop
  endfacet
  facet normal -0.0657988 -0.183891 0.980742
    outer loop
      vertex -0.505362 -1.22005 40.9026
      vertex -0.83686 -2.02036 40.7303
      vertex -0.6348 -2.09266 40.7303
    endloop
  endfacet
  facet normal -0.0979098 -0.273633 0.956838
    outer loop
      vertex -0.83686 -2.02036 40.7303
      vertex -0.880145 -2.90145 40.4739
      vertex -0.6348 -2.09266 40.7303
    endloop
  endfacet
  facet normal -0.131163 -0.14471 0.980742
    outer loop
      vertex -0.933786 -0.933786 40.9026
      vertex -1.54632 -1.54632 40.7303
      vertex -0.837763 -1.02082 40.9026
    endloop
  endfacet
  facet normal -0.131158 -0.144718 0.980742
    outer loop
      vertex -0.837763 -1.02082 40.9026
      vertex -1.54632 -1.54632 40.7303
      vertex -1.3873 -1.69044 40.7303
    endloop
  endfacet
  facet normal 0.0584779 -0.0788486 0.99517
    outer loop
      vertex 0.280153 -0.341368 40.9892
      vertex 0.245344 -0.367184 40.9892
      vertex 0.733671 -1.09802 40.9026
    endloop
  endfacet
  facet normal 0.0584781 -0.0788485 0.99517
    outer loop
      vertex 0.837763 -1.02082 40.9026
      vertex 0.280153 -0.341368 40.9892
      vertex 0.733671 -1.09802 40.9026
    endloop
  endfacet
  facet normal -0.196945 -0.328581 0.923714
    outer loop
      vertex -1.68449 -2.52102 40.4739
      vertex -2.13783 -3.19949 40.1359
      vertex -1.81393 -3.39363 40.1359
    endloop
  endfacet
  facet normal -0.163785 -0.346308 0.923713
    outer loop
      vertex -1.1603 -2.80121 40.4739
      vertex -1.81393 -3.39363 40.1359
      vertex -1.47256 -3.55508 40.1359
    endloop
  endfacet
  facet normal 0.0474571 -0.189455 0.980742
    outer loop
      vertex 0.383342 -1.26371 40.9026
      vertex 0.25763 -1.2952 40.9026
      vertex 0.6348 -2.09266 40.7303
    endloop
  endfacet
  facet normal 0.149403 -0.249281 0.956837
    outer loop
      vertex 1.21493 -1.81828 40.7303
      vertex 1.03086 -1.9286 40.7303
      vertex 1.68449 -2.52102 40.4739
    endloop
  endfacet
  facet normal 0.100404 -0.167525 0.980742
    outer loop
      vertex 1.21493 -1.81828 40.7303
      vertex 0.622514 -1.16464 40.9026
      vertex 1.03086 -1.9286 40.7303
    endloop
  endfacet
  facet normal -0.0842 0.0504688 0.99517
    outer loop
      vertex -0.367184 0.245344 40.9892
      vertex -1.09802 0.733671 40.9026
      vertex -0.389464 0.208173 40.9892
    endloop
  endfacet
  facet normal 0.0727357 0.0659267 0.99517
    outer loop
      vertex 0.933786 0.933786 40.9026
      vertex 0.312264 0.312264 40.9892
      vertex 1.02082 0.837763 40.9026
    endloop
  endfacet
  facet normal -0.0659253 -0.0727367 0.99517
    outer loop
      vertex -0.312264 -0.312264 40.9892
      vertex -0.837763 -1.02082 40.9026
      vertex -0.280153 -0.341368 40.9892
    endloop
  endfacet
  facet normal 0.360693 -0.129057 0.923713
    outer loop
      vertex 2.90145 -0.880145 40.4739
      vertex 2.80121 -1.1603 40.4739
      vertex 3.55508 -1.47256 40.1359
    endloop
  endfacet
  facet normal 0.360691 -0.129059 0.923713
    outer loop
      vertex 3.6823 -1.11701 40.1359
      vertex 2.90145 -0.880145 40.4739
      vertex 3.55508 -1.47256 40.1359
    endloop
  endfacet
  facet normal 0.189457 -0.0474523 0.980742
    outer loop
      vertex 2.1448 -0.426627 40.7303
      vertex 1.2952 -0.25763 40.9026
      vertex 2.09266 -0.6348 40.7303
    endloop
  endfacet
  facet normal 0.281914 -0.0706096 0.956838
    outer loop
      vertex 2.1448 -0.426627 40.7303
      vertex 2.09266 -0.6348 40.7303
      vertex 2.90145 -0.880145 40.4739
    endloop
  endfacet
  facet normal 0.0924288 -0.033072 0.99517
    outer loop
      vertex 1.26371 -0.383342 40.9026
      vertex 0.407993 -0.168996 40.9892
      vertex 1.22005 -0.505362 40.9026
    endloop
  endfacet
  facet normal 0.183891 -0.0657981 0.980742
    outer loop
      vertex 1.26371 -0.383342 40.9026
      vertex 1.22005 -0.505362 40.9026
      vertex 2.09266 -0.6348 40.7303
    endloop
  endfacet
  facet normal 0.131163 -0.14471 0.980742
    outer loop
      vertex 0.933786 -0.933786 40.9026
      vertex 0.837763 -1.02082 40.9026
      vertex 1.54632 -1.54632 40.7303
    endloop
  endfacet
  facet normal 0.273633 -0.0979065 0.956838
    outer loop
      vertex 2.90145 -0.880145 40.4739
      vertex 2.02036 -0.83686 40.7303
      vertex 2.80121 -1.1603 40.4739
    endloop
  endfacet
  facet normal 0.0952249 0.0238544 0.99517
    outer loop
      vertex 1.26371 0.383342 40.9026
      vertex 0.422593 0.128192 40.9892
      vertex 0.433124 0.086153 40.9892
    endloop
  endfacet
  facet normal 0.0924288 0.0330718 0.99517
    outer loop
      vertex 1.26371 0.383342 40.9026
      vertex 0.407993 0.168996 40.9892
      vertex 0.422593 0.128192 40.9892
    endloop
  endfacet
  facet normal 0.349576 -0.316843 0.881707
    outer loop
      vertex 2.97454 -2.44114 40.1359
      vertex 2.72094 -2.72094 40.1359
      vertex 3.57666 -2.93529 39.7196
    endloop
  endfacet
  facet normal 0.378951 -0.281049 0.881707
    outer loop
      vertex 3.19949 -2.13783 40.1359
      vertex 2.97454 -2.44114 40.1359
      vertex 3.57666 -2.93529 39.7196
    endloop
  endfacet
  facet normal -0.378175 -0.50991 0.772642
    outer loop
      vertex -2.97857 -4.45775 39.2289
      vertex -3.83429 -4.6721 38.6686
      vertex -3.35788 -5.02543 38.6686
    endloop
  endfacet
  facet normal -0.470389 -0.426345 0.772635
    outer loop
      vertex -3.79101 -3.79101 39.2289
      vertex -4.6721 -3.83429 38.6686
      vertex -4.27377 -4.27377 38.6686
    endloop
  endfacet
  facet normal -0.355638 -0.751927 0.555093
    outer loop
      vertex -2.76637 -6.6786 37.3613
      vertex -3.40766 -6.37529 37.3613
      vertex -2.95415 -7.13194 36.6269
    endloop
  endfacet
  facet normal -0.36377 -0.606907 0.706637
    outer loop
      vertex -3.35788 -5.02543 38.6686
      vertex -3.70485 -5.5447 38.044
      vertex -3.14354 -5.88114 38.044
    endloop
  endfacet
  facet normal -0.271432 -0.573893 0.77264
    outer loop
      vertex -2.5273 -4.72824 39.2289
      vertex -2.84914 -5.33036 38.6686
      vertex -2.31295 -5.58396 38.6686
    endloop
  endfacet
  facet normal -0.326378 -0.544523 0.772639
    outer loop
      vertex -2.5273 -4.72824 39.2289
      vertex -3.35788 -5.02543 38.6686
      vertex -2.84914 -5.33036 38.6686
    endloop
  endfacet
  facet normal -0.460688 -0.621181 0.633956
    outer loop
      vertex -4.23049 -5.15487 38.044
      vertex -4.58595 -5.58799 37.3613
      vertex -4.01614 -6.01058 37.3613
    endloop
  endfacet
  facet normal -0.519366 -0.573025 0.633957
    outer loop
      vertex -4.23049 -5.15487 38.044
      vertex -5.11158 -5.11158 37.3613
      vertex -4.58595 -5.58799 37.3613
    endloop
  endfacet
  facet normal -0.273633 -0.0979065 0.956838
    outer loop
      vertex -2.02036 -0.83686 40.7303
      vertex -2.90145 -0.880145 40.4739
      vertex -2.80121 -1.1603 40.4739
    endloop
  endfacet
  facet normal -0.262716 -0.124262 0.956838
    outer loop
      vertex -2.02036 -0.83686 40.7303
      vertex -2.80121 -1.1603 40.4739
      vertex -1.9286 -1.03086 40.7303
    endloop
  endfacet
  facet normal -0.328581 -0.196945 0.923714
    outer loop
      vertex -2.52102 -1.68449 40.4739
      vertex -3.39363 -1.81393 40.1359
      vertex -3.19949 -2.13783 40.1359
    endloop
  endfacet
  facet normal -0.346302 -0.163791 0.923714
    outer loop
      vertex -2.80121 -1.1603 40.4739
      vertex -3.39363 -1.81393 40.1359
      vertex -2.67399 -1.42928 40.4739
    endloop
  endfacet
  facet normal -0.523536 -0.187321 0.831156
    outer loop
      vertex -4.42769 -1.34312 39.7196
      vertex -5.13044 -1.5563 39.2289
      vertex -4.27472 -1.77065 39.7196
    endloop
  endfacet
  facet normal -0.539375 -0.135108 0.831156
    outer loop
      vertex -4.42769 -1.34312 39.7196
      vertex -5.25828 -1.04594 39.2289
      vertex -5.13044 -1.5563 39.2289
    endloop
  endfacet
  facet normal -0.555368 -0.0272771 0.831157
    outer loop
      vertex -4.60464 -0.453518 39.7196
      vertex -5.36129 0 39.2289
      vertex -5.33548 -0.525498 39.2289
    endloop
  endfacet
  facet normal -0.63408 -0.0311431 0.77264
    outer loop
      vertex -5.36129 0 39.2289
      vertex -6.01493 -0.592418 38.6686
      vertex -5.33548 -0.525498 39.2289
    endloop
  endfacet
  facet normal -0.215341 -0.195164 0.956838
    outer loop
      vertex -1.69044 -1.3873 40.7303
      vertex -2.34377 -1.92349 40.4739
      vertex -1.54632 -1.54632 40.7303
    endloop
  endfacet
  facet normal -0.144718 -0.131158 0.980742
    outer loop
      vertex -1.02082 -0.837763 40.9026
      vertex -1.69044 -1.3873 40.7303
      vertex -1.54632 -1.54632 40.7303
    endloop
  endfacet
  facet normal -0.233433 -0.173121 0.956838
    outer loop
      vertex -1.81828 -1.21493 40.7303
      vertex -2.52102 -1.68449 40.4739
      vertex -2.34377 -1.92349 40.4739
    endloop
  endfacet
  facet normal -0.233428 -0.173124 0.956838
    outer loop
      vertex -1.81828 -1.21493 40.7303
      vertex -2.34377 -1.92349 40.4739
      vertex -1.69044 -1.3873 40.7303
    endloop
  endfacet
  facet normal 0.228199 -0.307698 0.923714
    outer loop
      vertex 1.92349 -2.34377 40.4739
      vertex 1.68449 -2.52102 40.4739
      vertex 2.13783 -3.19949 40.1359
    endloop
  endfacet
  facet normal 0.228203 -0.307696 0.923713
    outer loop
      vertex 2.44114 -2.97454 40.1359
      vertex 1.92349 -2.34377 40.4739
      vertex 2.13783 -3.19949 40.1359
    endloop
  endfacet
  facet normal 0.163791 -0.346302 0.923714
    outer loop
      vertex 1.42928 -2.67399 40.4739
      vertex 1.1603 -2.80121 40.4739
      vertex 1.81393 -3.39363 40.1359
    endloop
  endfacet
  facet normal 0.124258 -0.262717 0.956838
    outer loop
      vertex 1.42928 -2.67399 40.4739
      vertex 1.03086 -1.9286 40.7303
      vertex 1.1603 -2.80121 40.4739
    endloop
  endfacet
  facet normal 0.0453332 -0.922934 0.382279
    outer loop
      vertex 0.797458 -8.09673 35.848
      vertex 0 -8.1359 35.848
      vertex 0.830586 -8.43309 35.032
    endloop
  endfacet
  facet normal 0.135594 -0.914044 0.382279
    outer loop
      vertex 1.58724 -7.97957 35.848
      vertex 0.797458 -8.09673 35.848
      vertex 0.830586 -8.43309 35.032
    endloop
  endfacet
  facet normal -0.0931505 -0.627973 0.77264
    outer loop
      vertex -1.04594 -5.25828 39.2289
      vertex -1.17913 -5.9279 38.6686
      vertex -0.592418 -6.01493 38.6686
    endloop
  endfacet
  facet normal -0.0931507 -0.627973 0.77264
    outer loop
      vertex -0.525498 -5.33548 39.2289
      vertex -1.04594 -5.25828 39.2289
      vertex -0.592418 -6.01493 38.6686
    endloop
  endfacet
  facet normal -0.271429 -0.573893 0.772641
    outer loop
      vertex -2.05168 -4.95319 39.2289
      vertex -2.5273 -4.72824 39.2289
      vertex -2.31295 -5.58396 38.6686
    endloop
  endfacet
  facet normal -0.135108 -0.539375 0.831156
    outer loop
      vertex -1.34312 -4.42769 39.7196
      vertex -1.5563 -5.13044 39.2289
      vertex -1.04594 -5.25828 39.2289
    endloop
  endfacet
  facet normal -0.196947 -0.32858 0.923714
    outer loop
      vertex -1.68449 -2.52102 40.4739
      vertex -1.81393 -3.39363 40.1359
      vertex -1.42928 -2.67399 40.4739
    endloop
  endfacet
  facet normal -0.149411 -0.249272 0.956838
    outer loop
      vertex -1.03086 -1.9286 40.7303
      vertex -1.68449 -2.52102 40.4739
      vertex -1.42928 -2.67399 40.4739
    endloop
  endfacet
  facet normal -0.349576 -0.316843 0.881707
    outer loop
      vertex -2.97454 -2.44114 40.1359
      vertex -3.57666 -2.93529 39.7196
      vertex -2.72094 -2.72094 40.1359
    endloop
  endfacet
  facet normal -0.283845 -0.257266 0.923713
    outer loop
      vertex -2.34377 -1.92349 40.4739
      vertex -2.97454 -2.44114 40.1359
      vertex -2.72094 -2.72094 40.1359
    endloop
  endfacet
  facet normal -0.373412 -0.411999 0.831156
    outer loop
      vertex -3.27173 -3.27173 39.7196
      vertex -3.79101 -3.79101 39.2289
      vertex -2.93529 -3.57666 39.7196
    endloop
  endfacet
  facet normal -0.316838 -0.349578 0.881708
    outer loop
      vertex -2.72094 -2.72094 40.1359
      vertex -3.27173 -3.27173 39.7196
      vertex -2.93529 -3.57666 39.7196
    endloop
  endfacet
  facet normal -0.281049 -0.378951 0.881707
    outer loop
      vertex -2.44114 -2.97454 40.1359
      vertex -2.93529 -3.57666 39.7196
      vertex -2.13783 -3.19949 40.1359
    endloop
  endfacet
  facet normal -0.228203 -0.307696 0.923713
    outer loop
      vertex -1.92349 -2.34377 40.4739
      vertex -2.44114 -2.97454 40.1359
      vertex -2.13783 -3.19949 40.1359
    endloop
  endfacet
  facet normal -0.0692288 -0.466695 0.881705
    outer loop
      vertex -0.377169 -3.82947 40.1359
      vertex -0.750707 -3.77406 40.1359
      vertex -0.453518 -4.60464 39.7196
    endloop
  endfacet
  facet normal -0.0272837 -0.555371 0.831155
    outer loop
      vertex 0 -4.62692 39.7196
      vertex -0.453518 -4.60464 39.7196
      vertex 0 -5.36129 39.2289
    endloop
  endfacet
  facet normal -0.214342 -0.855716 0.470964
    outer loop
      vertex -1.50601 -7.57123 36.6269
      vertex -2.24087 -7.38716 36.6269
      vertex -1.58724 -7.97957 35.848
    endloop
  endfacet
  facet normal -0.202106 -0.806863 0.55509
    outer loop
      vertex -1.41028 -7.08997 37.3613
      vertex -2.24087 -7.38716 36.6269
      vertex -1.50601 -7.57123 36.6269
    endloop
  endfacet
  facet normal -0.453513 -0.756643 0.470975
    outer loop
      vertex -3.63897 -6.80804 36.6269
      vertex -4.52007 -6.76476 35.848
      vertex -3.83524 -7.17523 35.848
    endloop
  endfacet
  facet normal -0.37717 -0.797449 0.470975
    outer loop
      vertex -3.63897 -6.80804 36.6269
      vertex -3.83524 -7.17523 35.848
      vertex -2.95415 -7.13194 36.6269
    endloop
  endfacet
  facet normal -0.238321 -0.951433 -0.194879
    outer loop
      vertex -1.73681 -8.73153 30.6794
      vertex -2.58428 -8.51925 30.6794
      vertex -1.70319 -8.56253 29.8132
    endloop
  endfacet
  facet normal -0.0481288 -0.979646 -0.194877
    outer loop
      vertex 0 -8.90259 30.6794
      vertex -0.872605 -8.85972 30.6794
      vertex -0.855717 -8.68824 29.8132
    endloop
  endfacet
  facet normal -0.928356 -0.232541 -0.289967
    outer loop
      vertex -8.10901 -2.45984 28.968
      vertex -8.35436 -2.53427 29.8132
      vertex -8.31107 -1.65317 28.968
    endloop
  endfacet
  facet normal -0.896374 -0.224444 -0.38228
    outer loop
      vertex -8.10901 -2.45984 28.968
      vertex -7.80225 -2.33924 28.1779
      vertex -7.79584 -2.36484 28.1779
    endloop
  endfacet
  facet normal -0.896352 -0.224524 -0.382284
    outer loop
      vertex -7.80225 -2.33924 28.1779
      vertex -8.10901 -2.45984 28.968
      vertex -8.31107 -1.65317 28.968
    endloop
  endfacet
  facet normal -0.951433 -0.238321 -0.194879
    outer loop
      vertex -8.51925 -2.58428 30.6794
      vertex -8.73153 -1.73681 30.6794
      vertex -8.56253 -1.70319 29.8132
    endloop
  endfacet
  facet normal -0.951435 -0.238317 -0.194875
    outer loop
      vertex -8.51925 -2.58428 30.6794
      vertex -8.56253 -1.70319 29.8132
      vertex -8.35436 -2.53427 29.8132
    endloop
  endfacet
  facet normal -0.835329 0.395074 -0.382286
    outer loop
      vertex -7.19597 3.81644 28.1779
      vertex -7.47331 3.99457 28.968
      vertex -7.18469 3.84029 28.1779
    endloop
  endfacet
  facet normal -0.835326 0.395078 -0.382287
    outer loop
      vertex -7.47331 3.99457 28.968
      vertex -7.19597 3.81644 28.1779
      vertex -7.82886 3.24282 28.968
    endloop
  endfacet
  facet normal -0.865153 0.409186 -0.28996
    outer loop
      vertex -7.47331 3.99457 28.968
      vertex -7.82886 3.24282 28.968
      vertex -7.69942 4.11543 29.8132
    endloop
  endfacet
  facet normal 0.0481284 0.979646 0.194877
    outer loop
      vertex 0 8.90259 33.3206
      vertex 0 8.73028 34.1868
      vertex 0.855717 8.68824 34.1868
    endloop
  endfacet
  facet normal -0.0481284 0.979646 0.194877
    outer loop
      vertex 0 8.90259 33.3206
      vertex -0.855717 8.68824 34.1868
      vertex 0 8.73028 34.1868
    endloop
  endfacet
  facet normal -0.034718 0.706722 0.706639
    outer loop
      vertex 0 6.66856 38.044
      vertex -0.653633 6.63645 38.044
      vertex -0.592418 6.01493 38.6686
    endloop
  endfacet
  facet normal -0.0379463 0.772437 0.633957
    outer loop
      vertex 0 6.66856 38.044
      vertex -0.708552 7.19406 37.3613
      vertex -0.653633 6.63645 38.044
    endloop
  endfacet
  facet normal -0.570102 0.768704 -0.289963
    outer loop
      vertex -5.37578 6.55041 28.968
      vertex -5.53843 6.7486 29.8132
      vertex -4.85028 7.25896 29.8132
    endloop
  endfacet
  facet normal -0.642708 0.709117 -0.289963
    outer loop
      vertex -5.37578 6.55041 28.968
      vertex -6.17324 6.17324 29.8132
      vertex -5.53843 6.7486 29.8132
    endloop
  endfacet
  facet normal -0.492019 0.82088 -0.289955
    outer loop
      vertex -4.70784 7.04579 28.968
      vertex -4.85028 7.25896 29.8132
      vertex -3.99457 7.47331 28.968
    endloop
  endfacet
  facet normal -0.475055 0.792577 -0.382288
    outer loop
      vertex -4.50339 6.78724 28.1779
      vertex -4.70784 7.04579 28.968
      vertex -3.99457 7.47331 28.968
    endloop
  endfacet
  facet normal -0.475209 0.792481 -0.382296
    outer loop
      vertex -4.70784 7.04579 28.968
      vertex -4.50339 6.78724 28.1779
      vertex -4.52602 6.77367 28.1779
    endloop
  endfacet
  facet normal 0.584274 0.787813 -0.194869
    outer loop
      vertex 5.53843 6.7486 29.8132
      vertex 4.85028 7.25896 29.8132
      vertex 5.64774 6.88179 30.6794
    endloop
  endfacet
  facet normal 0.658686 0.726745 -0.19487
    outer loop
      vertex 6.17324 6.17324 29.8132
      vertex 5.53843 6.7486 29.8132
      vertex 5.64774 6.88179 30.6794
    endloop
  endfacet
  facet normal 0.146027 0.984426 0.0978887
    outer loop
      vertex 1.7537 8.81643 32.4416
      vertex 0.881091 8.94587 32.4416
      vertex 1.73681 8.73153 33.3206
    endloop
  endfacet
  facet normal 0.241813 0.965373 0.0978889
    outer loop
      vertex 1.7537 8.81643 32.4416
      vertex 1.73681 8.73153 33.3206
      vertex 2.58428 8.51925 33.3206
    endloop
  endfacet
  facet normal 0.0488339 0.993998 -0.0978923
    outer loop
      vertex 0.872605 8.85972 30.6794
      vertex 0 8.90259 30.6794
      vertex 0.881091 8.94587 31.5584
    endloop
  endfacet
  facet normal 0.751927 -0.35564 0.555092
    outer loop
      vertex 7.13194 -2.95415 36.6269
      vertex 6.37529 -3.40766 37.3613
      vertex 6.80804 -3.63897 36.6269
    endloop
  endfacet
  facet normal 0.751927 -0.355638 0.555093
    outer loop
      vertex 6.6786 -2.76637 37.3613
      vertex 6.37529 -3.40766 37.3613
      vertex 7.13194 -2.95415 36.6269
    endloop
  endfacet
  facet normal 0.621181 -0.460688 0.633956
    outer loop
      vertex 6.01058 -4.01614 37.3613
      vertex 5.15487 -4.23049 38.044
      vertex 5.58799 -4.58595 37.3613
    endloop
  endfacet
  facet normal 0.668107 -0.495491 0.555087
    outer loop
      vertex 6.01058 -4.01614 37.3613
      vertex 5.58799 -4.58595 37.3613
      vertex 5.9673 -4.89723 36.6269
    endloop
  endfacet
  facet normal 0.872602 -0.129446 0.470967
    outer loop
      vertex 8.09673 -0.797458 35.848
      vertex 7.68239 -0.756648 36.6269
      vertex 7.97957 -1.58724 35.848
    endloop
  endfacet
  facet normal 0.914044 -0.135594 0.382279
    outer loop
      vertex 8.09673 -0.797458 35.848
      vertex 7.97957 -1.58724 35.848
      vertex 8.43309 -0.830586 35.032
    endloop
  endfacet
  facet normal 0.855716 -0.214342 0.470964
    outer loop
      vertex 7.57123 -1.50601 36.6269
      vertex 7.38716 -2.24087 36.6269
      vertex 7.97957 -1.58724 35.848
    endloop
  endfacet
  facet normal 0.872604 -0.129442 0.470964
    outer loop
      vertex 7.68239 -0.756648 36.6269
      vertex 7.57123 -1.50601 36.6269
      vertex 7.97957 -1.58724 35.848
    endloop
  endfacet
  facet normal 0.806863 0.202106 0.55509
    outer loop
      vertex 7.38716 2.24087 36.6269
      vertex 7.08997 1.41028 37.3613
      vertex 7.57123 1.50601 36.6269
    endloop
  endfacet
  facet normal 0.806855 0.202115 0.555098
    outer loop
      vertex 7.38716 2.24087 36.6269
      vertex 6.91759 2.09843 37.3613
      vertex 7.08997 1.41028 37.3613
    endloop
  endfacet
  facet normal 0.0971055 -0.0144021 0.99517
    outer loop
      vertex 0.439482 -0.0432844 40.9892
      vertex 0.433124 -0.086153 40.9892
      vertex 1.31421 -0.129438 40.9026
    endloop
  endfacet
  facet normal 0.0980497 -0.00481591 0.99517
    outer loop
      vertex 0.441608 0 40.9892
      vertex 0.439482 -0.0432844 40.9892
      vertex 1.31421 -0.129438 40.9026
    endloop
  endfacet
  facet normal -0.0238544 -0.0952249 0.99517
    outer loop
      vertex -0.128192 -0.422593 40.9892
      vertex -0.383342 -1.26371 40.9026
      vertex -0.086153 -0.433124 40.9892
    endloop
  endfacet
  facet normal 0.00481591 0.0980497 0.99517
    outer loop
      vertex 0.129438 1.31421 40.9026
      vertex 0 0.441608 40.9892
      vertex 0.0432844 0.439482 40.9892
    endloop
  endfacet
  facet normal 0 0 1
    outer loop
      vertex 0.439482 0.0432844 40.9892
      vertex 0.439482 -0.0432844 40.9892
      vertex 0.441608 0 40.9892
    endloop
  endfacet
  facet normal 0 0 1
    outer loop
      vertex 0.433124 0.086153 40.9892
      vertex 0.439482 -0.0432844 40.9892
      vertex 0.439482 0.0432844 40.9892
    endloop
  endfacet
  facet normal 0 0 1
    outer loop
      vertex 0.433124 0.086153 40.9892
      vertex 0.433124 -0.086153 40.9892
      vertex 0.439482 -0.0432844 40.9892
    endloop
  endfacet
  facet normal 0 0 1
    outer loop
      vertex 0.422593 0.128192 40.9892
      vertex 0.433124 -0.086153 40.9892
      vertex 0.433124 0.086153 40.9892
    endloop
  endfacet
  facet normal 0 0 1
    outer loop
      vertex 0.422593 0.128192 40.9892
      vertex 0.422593 -0.128192 40.9892
      vertex 0.433124 -0.086153 40.9892
    endloop
  endfacet
  facet normal 0 0 1
    outer loop
      vertex 0.407993 0.168996 40.9892
      vertex 0.422593 -0.128192 40.9892
      vertex 0.422593 0.128192 40.9892
    endloop
  endfacet
  facet normal 0 0 1
    outer loop
      vertex 0.407993 0.168996 40.9892
      vertex 0.407993 -0.168996 40.9892
      vertex 0.422593 -0.128192 40.9892
    endloop
  endfacet
  facet normal 0 0 1
    outer loop
      vertex 0.389464 0.208173 40.9892
      vertex 0.407993 -0.168996 40.9892
      vertex 0.407993 0.168996 40.9892
    endloop
  endfacet
  facet normal 0 0 1
    outer loop
      vertex 0.389464 0.208173 40.9892
      vertex 0.389464 -0.208173 40.9892
      vertex 0.407993 -0.168996 40.9892
    endloop
  endfacet
  facet normal 0 0 1
    outer loop
      vertex 0.367184 0.245344 40.9892
      vertex 0.389464 -0.208173 40.9892
      vertex 0.389464 0.208173 40.9892
    endloop
  endfacet
  facet normal 0 0 1
    outer loop
      vertex 0.367184 0.245344 40.9892
      vertex 0.367184 -0.245344 40.9892
      vertex 0.389464 -0.208173 40.9892
    endloop
  endfacet
  facet normal 0 0 1
    outer loop
      vertex 0.341368 0.280153 40.9892
      vertex 0.367184 -0.245344 40.9892
      vertex 0.367184 0.245344 40.9892
    endloop
  endfacet
  facet normal 0 0 1
    outer loop
      vertex 0.341368 0.280153 40.9892
      vertex 0.341368 -0.280153 40.9892
      vertex 0.367184 -0.245344 40.9892
    endloop
  endfacet
  facet normal 0 0 1
    outer loop
      vertex 0.312264 0.312264 40.9892
      vertex 0.341368 -0.280153 40.9892
      vertex 0.341368 0.280153 40.9892
    endloop
  endfacet
  facet normal 0 0 1
    outer loop
      vertex 0.312264 0.312264 40.9892
      vertex 0.312264 -0.312264 40.9892
      vertex 0.341368 -0.280153 40.9892
    endloop
  endfacet
  facet normal 0 0 1
    outer loop
      vertex 0.280153 0.341368 40.9892
      vertex 0.312264 -0.312264 40.9892
      vertex 0.312264 0.312264 40.9892
    endloop
  endfacet
  facet normal 0 0 1
    outer loop
      vertex 0.280153 0.341368 40.9892
      vertex 0.280153 -0.341368 40.9892
      vertex 0.312264 -0.312264 40.9892
    endloop
  endfacet
  facet normal 0 0 1
    outer loop
      vertex 0.245344 0.367184 40.9892
      vertex 0.280153 -0.341368 40.9892
      vertex 0.280153 0.341368 40.9892
    endloop
  endfacet
  facet normal 0 0 1
    outer loop
      vertex 0.245344 0.367184 40.9892
      vertex 0.245344 -0.367184 40.9892
      vertex 0.280153 -0.341368 40.9892
    endloop
  endfacet
  facet normal 0 0 1
    outer loop
      vertex 0.208173 0.389464 40.9892
      vertex 0.245344 -0.367184 40.9892
      vertex 0.245344 0.367184 40.9892
    endloop
  endfacet
  facet normal 0 0 1
    outer loop
      vertex 0.208173 0.389464 40.9892
      vertex 0.208173 -0.389464 40.9892
      vertex 0.245344 -0.367184 40.9892
    endloop
  endfacet
  facet normal 0 0 1
    outer loop
      vertex 0.168996 0.407993 40.9892
      vertex 0.208173 -0.389464 40.9892
      vertex 0.208173 0.389464 40.9892
    endloop
  endfacet
  facet normal 0 0 1
    outer loop
      vertex 0.168996 0.407993 40.9892
      vertex 0.168996 -0.407993 40.9892
      vertex 0.208173 -0.389464 40.9892
    endloop
  endfacet
  facet normal 0 0 1
    outer loop
      vertex 0.128192 0.422593 40.9892
      vertex 0.168996 -0.407993 40.9892
      vertex 0.168996 0.407993 40.9892
    endloop
  endfacet
  facet normal 0 0 1
    outer loop
      vertex 0.128192 0.422593 40.9892
      vertex 0.128192 -0.422593 40.9892
      vertex 0.168996 -0.407993 40.9892
    endloop
  endfacet
  facet normal 0 0 1
    outer loop
      vertex 0.086153 0.433124 40.9892
      vertex 0.128192 -0.422593 40.9892
      vertex 0.128192 0.422593 40.9892
    endloop
  endfacet
  facet normal 0 0 1
    outer loop
      vertex 0.086153 0.433124 40.9892
      vertex 0.086153 -0.433124 40.9892
      vertex 0.128192 -0.422593 40.9892
    endloop
  endfacet
  facet normal 0 0 1
    outer loop
      vertex 0.0432844 0.439482 40.9892
      vertex 0.086153 -0.433124 40.9892
      vertex 0.086153 0.433124 40.9892
    endloop
  endfacet
  facet normal 0 0 1
    outer loop
      vertex 0.0432844 0.439482 40.9892
      vertex 0.0432844 -0.439482 40.9892
      vertex 0.086153 -0.433124 40.9892
    endloop
  endfacet
  facet normal 0 0 1
    outer loop
      vertex 0 0.441608 40.9892
      vertex 0.0432844 -0.439482 40.9892
      vertex 0.0432844 0.439482 40.9892
    endloop
  endfacet
  facet normal 0 0 1
    outer loop
      vertex 0 0.441608 40.9892
      vertex 0 -0.441608 40.9892
      vertex 0.0432844 -0.439482 40.9892
    endloop
  endfacet
  facet normal -0 0 1
    outer loop
      vertex -0.0432844 0.439482 40.9892
      vertex 0 -0.441608 40.9892
      vertex 0 0.441608 40.9892
    endloop
  endfacet
  facet normal 0 0 1
    outer loop
      vertex -0.0432844 0.439482 40.9892
      vertex -0.0432844 -0.439482 40.9892
      vertex 0 -0.441608 40.9892
    endloop
  endfacet
  facet normal -0 0 1
    outer loop
      vertex -0.086153 0.433124 40.9892
      vertex -0.0432844 -0.439482 40.9892
      vertex -0.0432844 0.439482 40.9892
    endloop
  endfacet
  facet normal 0 0 1
    outer loop
      vertex -0.086153 0.433124 40.9892
      vertex -0.086153 -0.433124 40.9892
      vertex -0.0432844 -0.439482 40.9892
    endloop
  endfacet
  facet normal -0 0 1
    outer loop
      vertex -0.128192 0.422593 40.9892
      vertex -0.086153 -0.433124 40.9892
      vertex -0.086153 0.433124 40.9892
    endloop
  endfacet
  facet normal 0 0 1
    outer loop
      vertex -0.128192 0.422593 40.9892
      vertex -0.128192 -0.422593 40.9892
      vertex -0.086153 -0.433124 40.9892
    endloop
  endfacet
  facet normal -0 0 1
    outer loop
      vertex -0.168996 0.407993 40.9892
      vertex -0.128192 -0.422593 40.9892
      vertex -0.128192 0.422593 40.9892
    endloop
  endfacet
  facet normal 0 0 1
    outer loop
      vertex -0.168996 0.407993 40.9892
      vertex -0.168996 -0.407993 40.9892
      vertex -0.128192 -0.422593 40.9892
    endloop
  endfacet
  facet normal -0 0 1
    outer loop
      vertex -0.208173 0.389464 40.9892
      vertex -0.168996 -0.407993 40.9892
      vertex -0.168996 0.407993 40.9892
    endloop
  endfacet
  facet normal 0 0 1
    outer loop
      vertex -0.208173 0.389464 40.9892
      vertex -0.208173 -0.389464 40.9892
      vertex -0.168996 -0.407993 40.9892
    endloop
  endfacet
  facet normal -0 0 1
    outer loop
      vertex -0.245344 0.367184 40.9892
      vertex -0.208173 -0.389464 40.9892
      vertex -0.208173 0.389464 40.9892
    endloop
  endfacet
  facet normal 0 0 1
    outer loop
      vertex -0.245344 0.367184 40.9892
      vertex -0.245344 -0.367184 40.9892
      vertex -0.208173 -0.389464 40.9892
    endloop
  endfacet
  facet normal -0 0 1
    outer loop
      vertex -0.280153 0.341368 40.9892
      vertex -0.245344 -0.367184 40.9892
      vertex -0.245344 0.367184 40.9892
    endloop
  endfacet
  facet normal 0 0 1
    outer loop
      vertex -0.280153 0.341368 40.9892
      vertex -0.280153 -0.341368 40.9892
      vertex -0.245344 -0.367184 40.9892
    endloop
  endfacet
  facet normal -0 0 1
    outer loop
      vertex -0.312264 0.312264 40.9892
      vertex -0.280153 -0.341368 40.9892
      vertex -0.280153 0.341368 40.9892
    endloop
  endfacet
  facet normal 0 0 1
    outer loop
      vertex -0.312264 0.312264 40.9892
      vertex -0.312264 -0.312264 40.9892
      vertex -0.280153 -0.341368 40.9892
    endloop
  endfacet
  facet normal -0 0 1
    outer loop
      vertex -0.341368 0.280153 40.9892
      vertex -0.312264 -0.312264 40.9892
      vertex -0.312264 0.312264 40.9892
    endloop
  endfacet
  facet normal 0 0 1
    outer loop
      vertex -0.341368 0.280153 40.9892
      vertex -0.341368 -0.280153 40.9892
      vertex -0.312264 -0.312264 40.9892
    endloop
  endfacet
  facet normal -0 0 1
    outer loop
      vertex -0.367184 0.245344 40.9892
      vertex -0.341368 -0.280153 40.9892
      vertex -0.341368 0.280153 40.9892
    endloop
  endfacet
  facet normal 0 0 1
    outer loop
      vertex -0.367184 0.245344 40.9892
      vertex -0.367184 -0.245344 40.9892
      vertex -0.341368 -0.280153 40.9892
    endloop
  endfacet
  facet normal -0 0 1
    outer loop
      vertex -0.389464 0.208173 40.9892
      vertex -0.367184 -0.245344 40.9892
      vertex -0.367184 0.245344 40.9892
    endloop
  endfacet
  facet normal 0 0 1
    outer loop
      vertex -0.389464 0.208173 40.9892
      vertex -0.389464 -0.208173 40.9892
      vertex -0.367184 -0.245344 40.9892
    endloop
  endfacet
  facet normal -0 0 1
    outer loop
      vertex -0.407993 0.168996 40.9892
      vertex -0.389464 -0.208173 40.9892
      vertex -0.389464 0.208173 40.9892
    endloop
  endfacet
  facet normal 0 0 1
    outer loop
      vertex -0.407993 0.168996 40.9892
      vertex -0.407993 -0.168996 40.9892
      vertex -0.389464 -0.208173 40.9892
    endloop
  endfacet
  facet normal -0 0 1
    outer loop
      vertex -0.422593 0.128192 40.9892
      vertex -0.407993 -0.168996 40.9892
      vertex -0.407993 0.168996 40.9892
    endloop
  endfacet
  facet normal 0 0 1
    outer loop
      vertex -0.422593 0.128192 40.9892
      vertex -0.422593 -0.128192 40.9892
      vertex -0.407993 -0.168996 40.9892
    endloop
  endfacet
  facet normal -0 0 1
    outer loop
      vertex -0.433124 0.086153 40.9892
      vertex -0.422593 -0.128192 40.9892
      vertex -0.422593 0.128192 40.9892
    endloop
  endfacet
  facet normal 0 0 1
    outer loop
      vertex -0.433124 0.086153 40.9892
      vertex -0.433124 -0.086153 40.9892
      vertex -0.422593 -0.128192 40.9892
    endloop
  endfacet
  facet normal -0 0 1
    outer loop
      vertex -0.439482 0.0432844 40.9892
      vertex -0.433124 -0.086153 40.9892
      vertex -0.433124 0.086153 40.9892
    endloop
  endfacet
  facet normal 0 0 1
    outer loop
      vertex -0.439482 0.0432844 40.9892
      vertex -0.439482 -0.0432844 40.9892
      vertex -0.433124 -0.086153 40.9892
    endloop
  endfacet
  facet normal 0 -0 1
    outer loop
      vertex -0.439482 -0.0432844 40.9892
      vertex -0.439482 0.0432844 40.9892
      vertex -0.441608 0 40.9892
    endloop
  endfacet
  facet normal 0.00958498 -0.195072 0.980742
    outer loop
      vertex 0.129438 -1.31421 40.9026
      vertex 0 -1.32057 40.9026
      vertex 0.214346 -2.17629 40.7303
    endloop
  endfacet
  facet normal 0.163785 0.346308 0.923713
    outer loop
      vertex 1.47256 3.55508 40.1359
      vertex 1.1603 2.80121 40.4739
      vertex 1.81393 3.39363 40.1359
    endloop
  endfacet
  facet normal 0.129057 0.360693 0.923713
    outer loop
      vertex 1.47256 3.55508 40.1359
      vertex 0.880145 2.90145 40.4739
      vertex 1.1603 2.80121 40.4739
    endloop
  endfacet
  facet normal -0.0238544 0.0952249 0.99517
    outer loop
      vertex -0.086153 0.433124 40.9892
      vertex -0.383342 1.26371 40.9026
      vertex -0.128192 0.422593 40.9892
    endloop
  endfacet
  facet normal -0.0971056 -0.0144001 0.99517
    outer loop
      vertex -0.433124 -0.086153 40.9892
      vertex -1.31421 -0.129438 40.9026
      vertex -1.2952 -0.25763 40.9026
    endloop
  endfacet
  facet normal -0.0971055 -0.0144021 0.99517
    outer loop
      vertex -0.439482 -0.0432844 40.9892
      vertex -1.31421 -0.129438 40.9026
      vertex -0.433124 -0.086153 40.9892
    endloop
  endfacet
  facet normal 0.0238544 -0.0952249 0.99517
    outer loop
      vertex 0.128192 -0.422593 40.9892
      vertex 0.086153 -0.433124 40.9892
      vertex 0.383342 -1.26371 40.9026
    endloop
  endfacet
  facet normal -0.0887425 0.0419713 0.99517
    outer loop
      vertex -0.389464 0.208173 40.9892
      vertex -1.22005 0.505362 40.9026
      vertex -0.407993 0.168996 40.9892
    endloop
  endfacet
  facet normal -0.167525 0.100404 0.980742
    outer loop
      vertex -1.81828 1.21493 40.7303
      vertex -1.9286 1.03086 40.7303
      vertex -1.16464 0.622514 40.9026
    endloop
  endfacet
  facet normal -0.0659267 0.0727357 0.99517
    outer loop
      vertex -0.837763 1.02082 40.9026
      vertex -0.933786 0.933786 40.9026
      vertex -0.312264 0.312264 40.9892
    endloop
  endfacet
  facet normal -0.249281 0.149403 0.956837
    outer loop
      vertex -1.81828 1.21493 40.7303
      vertex -2.52102 1.68449 40.4739
      vertex -1.9286 1.03086 40.7303
    endloop
  endfacet
  facet normal -0.378937 -0.0562109 0.923714
    outer loop
      vertex -3.01741 -0.297189 40.4739
      vertex -3.77406 -0.750707 40.1359
      vertex -2.97375 -0.591516 40.4739
    endloop
  endfacet
  facet normal -0.371602 -0.0930844 0.923714
    outer loop
      vertex -2.97375 -0.591516 40.4739
      vertex -3.77406 -0.750707 40.1359
      vertex -2.90145 -0.880145 40.4739
    endloop
  endfacet
  facet normal 0.0142599 0.29027 0.956839
    outer loop
      vertex 0 3.03201 40.4739
      vertex 0 2.18682 40.7303
      vertex 0.214346 2.17629 40.7303
    endloop
  endfacet
  facet normal -0.0142599 0.29027 0.956839
    outer loop
      vertex 0 3.03201 40.4739
      vertex -0.214346 2.17629 40.7303
      vertex 0 2.18682 40.7303
    endloop
  endfacet
  facet normal -0.307698 0.228199 0.923714
    outer loop
      vertex -2.34377 1.92349 40.4739
      vertex -3.19949 2.13783 40.1359
      vertex -2.52102 1.68449 40.4739
    endloop
  endfacet
  facet normal -0.116346 0.156874 0.980742
    outer loop
      vertex -0.733671 1.09802 40.9026
      vertex -1.3873 1.69044 40.7303
      vertex -0.837763 1.02082 40.9026
    endloop
  endfacet
  facet normal -0.0419728 0.088742 0.99517
    outer loop
      vertex -0.505362 1.22005 40.9026
      vertex -0.622514 1.16464 40.9026
      vertex -0.208173 0.389464 40.9892
    endloop
  endfacet
  facet normal -0.196947 0.32858 0.923714
    outer loop
      vertex -1.42928 2.67399 40.4739
      vertex -1.81393 3.39363 40.1359
      vertex -1.68449 2.52102 40.4739
    endloop
  endfacet
  facet normal 0.00481771 0.0980494 0.99517
    outer loop
      vertex 0 1.32057 40.9026
      vertex 0 0.441608 40.9892
      vertex 0.129438 1.31421 40.9026
    endloop
  endfacet
  facet normal -0.00481591 0.0980497 0.99517
    outer loop
      vertex 0 0.441608 40.9892
      vertex -0.129438 1.31421 40.9026
      vertex -0.0432844 0.439482 40.9892
    endloop
  endfacet
  facet normal 0.0238544 0.0952249 0.99517
    outer loop
      vertex 0.383342 1.26371 40.9026
      vertex 0.086153 0.433124 40.9892
      vertex 0.128192 0.422593 40.9892
    endloop
  endfacet
  facet normal -0.426497 0.20172 0.881708
    outer loop
      vertex -4.08058 2.18112 39.7196
      vertex -4.27472 1.77065 39.7196
      vertex -3.55508 1.47256 40.1359
    endloop
  endfacet
  facet normal -0.360691 0.129059 0.923713
    outer loop
      vertex -3.55508 1.47256 40.1359
      vertex -3.6823 1.11701 40.1359
      vertex -2.90145 0.880145 40.4739
    endloop
  endfacet
  facet normal -0.349578 0.316838 0.881708
    outer loop
      vertex -3.27173 3.27173 39.7196
      vertex -3.57666 2.93529 39.7196
      vertex -2.72094 2.72094 40.1359
    endloop
  endfacet
  facet normal -0.316838 0.349578 0.881708
    outer loop
      vertex -2.93529 3.57666 39.7196
      vertex -3.27173 3.27173 39.7196
      vertex -2.72094 2.72094 40.1359
    endloop
  endfacet
  facet normal -0.20172 0.426497 0.881708
    outer loop
      vertex -1.77065 4.27472 39.7196
      vertex -2.18112 4.08058 39.7196
      vertex -1.47256 3.55508 40.1359
    endloop
  endfacet
  facet normal -0.158941 0.444217 0.881708
    outer loop
      vertex -1.34312 4.42769 39.7196
      vertex -1.77065 4.27472 39.7196
      vertex -1.47256 3.55508 40.1359
    endloop
  endfacet
  facet normal 0.0426435 0.287475 0.956838
    outer loop
      vertex 0.297189 3.01741 40.4739
      vertex 0.214346 2.17629 40.7303
      vertex 0.591516 2.97375 40.4739
    endloop
  endfacet
  facet normal 0.0930844 0.371602 0.923714
    outer loop
      vertex 0.750707 3.77406 40.1359
      vertex 0.591516 2.97375 40.4739
      vertex 0.880145 2.90145 40.4739
    endloop
  endfacet
  facet normal 0.11464 0.457659 0.881706
    outer loop
      vertex 0.902668 4.53802 39.7196
      vertex 0.750707 3.77406 40.1359
      vertex 1.34312 4.42769 39.7196
    endloop
  endfacet
  facet normal 0.0692221 0.466693 0.881706
    outer loop
      vertex 0.902668 4.53802 39.7196
      vertex 0.453518 4.60464 39.7196
      vertex 0.750707 3.77406 40.1359
    endloop
  endfacet
  facet normal 0.0272837 0.555371 0.831155
    outer loop
      vertex 0 5.36129 39.2289
      vertex 0 4.62692 39.7196
      vertex 0.453518 4.60464 39.7196
    endloop
  endfacet
  facet normal -0.0231503 0.471234 0.881704
    outer loop
      vertex 0 4.62692 39.7196
      vertex -0.453518 4.60464 39.7196
      vertex 0 3.848 40.1359
    endloop
  endfacet
  facet normal 0.018797 0.382621 0.923714
    outer loop
      vertex 0 3.848 40.1359
      vertex 0 3.03201 40.4739
      vertex 0.297189 3.01741 40.4739
    endloop
  endfacet
  facet normal 0.0187979 0.382622 0.923714
    outer loop
      vertex 0.377169 3.82947 40.1359
      vertex 0 3.848 40.1359
      vertex 0.297189 3.01741 40.4739
    endloop
  endfacet
  facet normal -0.525501 0.708545 0.47097
    outer loop
      vertex -4.52007 6.76476 35.848
      vertex -5.16136 6.28914 35.848
      vertex -4.89723 5.9673 36.6269
    endloop
  endfacet
  facet normal -0.525502 0.708545 0.470969
    outer loop
      vertex -4.52007 6.76476 35.848
      vertex -4.89723 5.9673 36.6269
      vertex -4.28876 6.41858 36.6269
    endloop
  endfacet
  facet normal -0.427626 0.713449 0.555092
    outer loop
      vertex -3.63897 6.80804 36.6269
      vertex -4.01614 6.01058 37.3613
      vertex -3.40766 6.37529 37.3613
    endloop
  endfacet
  facet normal -0.427615 0.71345 0.555098
    outer loop
      vertex -3.63897 6.80804 36.6269
      vertex -4.28876 6.41858 36.6269
      vertex -4.01614 6.01058 37.3613
    endloop
  endfacet
  facet normal -0.281051 0.378949 0.881708
    outer loop
      vertex -2.57058 3.84715 39.7196
      vertex -2.93529 3.57666 39.7196
      vertex -2.13783 3.19949 40.1359
    endloop
  endfacet
  facet normal -0.281049 0.378951 0.881707
    outer loop
      vertex -2.13783 3.19949 40.1359
      vertex -2.93529 3.57666 39.7196
      vertex -2.44114 2.97454 40.1359
    endloop
  endfacet
  facet normal -0.639641 0.302529 0.706637
    outer loop
      vertex -5.33036 2.84914 38.6686
      vertex -5.88114 3.14354 38.044
      vertex -5.58396 2.31295 38.6686
    endloop
  endfacet
  facet normal -0.568336 0.421495 0.706638
    outer loop
      vertex -5.15487 4.23049 38.044
      vertex -5.5447 3.70485 38.044
      vertex -5.02543 3.35788 38.6686
    endloop
  endfacet
  facet normal 0.544517 0.326382 0.772642
    outer loop
      vertex 5.02543 3.35788 38.6686
      vertex 4.45775 2.97857 39.2289
      vertex 4.72824 2.5273 39.2289
    endloop
  endfacet
  facet normal 0.476931 0.285871 0.831153
    outer loop
      vertex 4.45775 2.97857 39.2289
      vertex 3.84715 2.57058 39.7196
      vertex 4.72824 2.5273 39.2289
    endloop
  endfacet
  facet normal 0.103819 0.699916 0.706639
    outer loop
      vertex 0.653633 6.63645 38.044
      vertex 0.592418 6.01493 38.6686
      vertex 1.30097 6.54043 38.044
    endloop
  endfacet
  facet normal 0.103822 0.699914 0.706641
    outer loop
      vertex 1.30097 6.54043 38.044
      vertex 0.592418 6.01493 38.6686
      vertex 1.17913 5.9279 38.6686
    endloop
  endfacet
  facet normal 0.154256 0.615818 0.772641
    outer loop
      vertex 1.75449 5.78378 38.6686
      vertex 1.04594 5.25828 39.2289
      vertex 1.5563 5.13044 39.2289
    endloop
  endfacet
  facet normal 0.154255 0.615819 0.77264
    outer loop
      vertex 1.17913 5.9279 38.6686
      vertex 1.04594 5.25828 39.2289
      vertex 1.75449 5.78378 38.6686
    endloop
  endfacet
  facet normal -0.595702 0.803206 0
    outer loop
      vertex -4.99411 7.47421 31.5584
      vertex -5.70266 6.94871 32.4416
      vertex -4.99411 7.47421 32.4416
    endloop
  endfacet
  facet normal -0.595702 0.803206 0
    outer loop
      vertex -5.70266 6.94871 32.4416
      vertex -4.99411 7.47421 31.5584
      vertex -5.70266 6.94871 31.5584
    endloop
  endfacet
  facet normal -0.639634 0.302534 0.706641
    outer loop
      vertex -5.88114 3.14354 38.044
      vertex -6.16095 2.55195 38.044
      vertex -5.58396 2.31295 38.6686
    endloop
  endfacet
  facet normal -0.699119 0.330661 0.633952
    outer loop
      vertex -6.37529 3.40766 37.3613
      vertex -6.6786 2.76637 37.3613
      vertex -6.16095 2.55195 38.044
    endloop
  endfacet
  facet normal -0.446618 -0.331238 0.831152
    outer loop
      vertex -3.84715 -2.57058 39.7196
      vertex -4.45775 -2.97857 39.2289
      vertex -3.57666 -2.93529 39.7196
    endloop
  endfacet
  facet normal -0.476931 -0.285871 0.831153
    outer loop
      vertex -3.84715 -2.57058 39.7196
      vertex -4.72824 -2.5273 39.2289
      vertex -4.45775 -2.97857 39.2289
    endloop
  endfacet
  facet normal -0.901093 -0.322419 -0.28996
    outer loop
      vertex -8.06573 -3.34093 29.8132
      vertex -8.35436 -2.53427 29.8132
      vertex -7.82886 -3.24282 28.968
    endloop
  endfacet
  facet normal -0.865153 -0.409186 -0.28996
    outer loop
      vertex -7.69942 -4.11543 29.8132
      vertex -8.06573 -3.34093 29.8132
      vertex -7.82886 -3.24282 28.968
    endloop
  endfacet
  facet normal 0.427555 -0.90399 0
    outer loop
      vertex 3.44 -8.3049 31.5584
      vertex 4.23746 -7.92773 32.4416
      vertex 3.44 -8.3049 32.4416
    endloop
  endfacet
  facet normal 0.427555 -0.90399 0
    outer loop
      vertex 4.23746 -7.92773 32.4416
      vertex 3.44 -8.3049 31.5584
      vertex 4.23746 -7.92773 31.5584
    endloop
  endfacet
  facet normal -0.0330718 0.0924288 0.99517
    outer loop
      vertex -0.128192 0.422593 40.9892
      vertex -0.383342 1.26371 40.9026
      vertex -0.168996 0.407993 40.9892
    endloop
  endfacet
  facet normal -0.0727367 -0.0659253 0.99517
    outer loop
      vertex -0.341368 -0.280153 40.9892
      vertex -1.02082 -0.837763 40.9026
      vertex -0.312264 -0.312264 40.9892
    endloop
  endfacet
  facet normal -0.176555 -0.0835089 0.980742
    outer loop
      vertex -1.16464 -0.622514 40.9026
      vertex -2.02036 -0.83686 40.7303
      vertex -1.9286 -1.03086 40.7303
    endloop
  endfacet
  facet normal -0.176556 -0.0835066 0.980742
    outer loop
      vertex -1.22005 -0.505362 40.9026
      vertex -2.02036 -0.83686 40.7303
      vertex -1.16464 -0.622514 40.9026
    endloop
  endfacet
  facet normal 0.0930844 -0.371602 0.923714
    outer loop
      vertex 0.880145 -2.90145 40.4739
      vertex 0.591516 -2.97375 40.4739
      vertex 0.750707 -3.77406 40.1359
    endloop
  endfacet
  facet normal 0.0142599 -0.29027 0.956839
    outer loop
      vertex 0 -2.18682 40.7303
      vertex 0 -3.03201 40.4739
      vertex 0.214346 -2.17629 40.7303
    endloop
  endfacet
  facet normal -0.163791 -0.346302 0.923714
    outer loop
      vertex -1.42928 -2.67399 40.4739
      vertex -1.81393 -3.39363 40.1359
      vertex -1.1603 -2.80121 40.4739
    endloop
  endfacet
  facet normal -0.158946 -0.444217 0.881707
    outer loop
      vertex -1.11701 -3.6823 40.1359
      vertex -1.47256 -3.55508 40.1359
      vertex -1.34312 -4.42769 39.7196
    endloop
  endfacet
  facet normal 0.0231513 -0.471233 0.881705
    outer loop
      vertex 0.377169 -3.82947 40.1359
      vertex 0 -3.848 40.1359
      vertex 0.453518 -4.60464 39.7196
    endloop
  endfacet
  facet normal -0.018797 -0.382621 0.923714
    outer loop
      vertex 0 -3.03201 40.4739
      vertex -0.297189 -3.01741 40.4739
      vertex 0 -3.848 40.1359
    endloop
  endfacet
  facet normal -0.033072 0.0924288 0.99517
    outer loop
      vertex -0.383342 1.26371 40.9026
      vertex -0.505362 1.22005 40.9026
      vertex -0.168996 0.407993 40.9892
    endloop
  endfacet
  facet normal -0.0924288 -0.0330718 0.99517
    outer loop
      vertex -0.422593 -0.128192 40.9892
      vertex -1.26371 -0.383342 40.9026
      vertex -0.407993 -0.168996 40.9892
    endloop
  endfacet
  facet normal 0.0504688 0.0842 0.99517
    outer loop
      vertex 0.733671 1.09802 40.9026
      vertex 0.208173 0.389464 40.9892
      vertex 0.245344 0.367184 40.9892
    endloop
  endfacet
  facet normal 0.0144001 -0.0971056 0.99517
    outer loop
      vertex 0.25763 -1.2952 40.9026
      vertex 0.086153 -0.433124 40.9892
      vertex 0.129438 -1.31421 40.9026
    endloop
  endfacet
  facet normal 0.0144021 -0.0971055 0.99517
    outer loop
      vertex 0.086153 -0.433124 40.9892
      vertex 0.0432844 -0.439482 40.9892
      vertex 0.129438 -1.31421 40.9026
    endloop
  endfacet
  facet normal 0.233433 -0.173121 0.956838
    outer loop
      vertex 2.52102 -1.68449 40.4739
      vertex 1.81828 -1.21493 40.7303
      vertex 2.34377 -1.92349 40.4739
    endloop
  endfacet
  facet normal 0.167525 -0.100404 0.980742
    outer loop
      vertex 1.9286 -1.03086 40.7303
      vertex 1.16464 -0.622514 40.9026
      vertex 1.81828 -1.21493 40.7303
    endloop
  endfacet
  facet normal -0.426337 -0.470391 0.772638
    outer loop
      vertex -3.79101 -3.79101 39.2289
      vertex -3.83429 -4.6721 38.6686
      vertex -3.40117 -4.14434 39.2289
    endloop
  endfacet
  facet normal -0.426345 -0.470389 0.772635
    outer loop
      vertex -3.79101 -3.79101 39.2289
      vertex -4.27377 -4.27377 38.6686
      vertex -3.83429 -4.6721 38.6686
    endloop
  endfacet
  facet normal -0.249272 -0.149411 0.956838
    outer loop
      vertex -1.9286 -1.03086 40.7303
      vertex -2.67399 -1.42928 40.4739
      vertex -2.52102 -1.68449 40.4739
    endloop
  endfacet
  facet normal -0.262717 -0.124258 0.956838
    outer loop
      vertex -1.9286 -1.03086 40.7303
      vertex -2.80121 -1.1603 40.4739
      vertex -2.67399 -1.42928 40.4739
    endloop
  endfacet
  facet normal 0.156873 -0.116346 0.980742
    outer loop
      vertex 1.81828 -1.21493 40.7303
      vertex 1.09802 -0.733671 40.9026
      vertex 1.69044 -1.3873 40.7303
    endloop
  endfacet
  facet normal 0.14471 -0.131163 0.980742
    outer loop
      vertex 1.02082 -0.837763 40.9026
      vertex 0.933786 -0.933786 40.9026
      vertex 1.54632 -1.54632 40.7303
    endloop
  endfacet
  facet normal 0.0432832 -0.88109 0.470963
    outer loop
      vertex 0 -7.71956 36.6269
      vertex 0 -8.1359 35.848
      vertex 0.756648 -7.68239 36.6269
    endloop
  endfacet
  facet normal 0.0432778 -0.881088 0.470967
    outer loop
      vertex 0.756648 -7.68239 36.6269
      vertex 0 -8.1359 35.848
      vertex 0.797458 -8.09673 35.848
    endloop
  endfacet
  facet normal -0.154256 -0.615818 0.772641
    outer loop
      vertex -1.5563 -5.13044 39.2289
      vertex -1.75449 -5.78378 38.6686
      vertex -1.04594 -5.25828 39.2289
    endloop
  endfacet
  facet normal -0.154255 -0.615819 0.77264
    outer loop
      vertex -1.04594 -5.25828 39.2289
      vertex -1.75449 -5.78378 38.6686
      vertex -1.17913 -5.9279 38.6686
    endloop
  endfacet
  facet normal -0.158941 -0.444217 0.881708
    outer loop
      vertex -1.47256 -3.55508 40.1359
      vertex -1.77065 -4.27472 39.7196
      vertex -1.34312 -4.42769 39.7196
    endloop
  endfacet
  facet normal -0.213872 -0.597733 0.772641
    outer loop
      vertex -1.5563 -5.13044 39.2289
      vertex -2.31295 -5.58396 38.6686
      vertex -1.75449 -5.78378 38.6686
    endloop
  endfacet
  facet normal -0.377158 -0.797462 0.470962
    outer loop
      vertex -2.95415 -7.13194 36.6269
      vertex -3.83524 -7.17523 35.848
      vertex -3.11347 -7.51659 35.848
    endloop
  endfacet
  facet normal -0.297193 -0.830585 0.470962
    outer loop
      vertex -2.24087 -7.38716 36.6269
      vertex -2.95415 -7.13194 36.6269
      vertex -2.36173 -7.78557 35.848
    endloop
  endfacet
  facet normal -0.143916 -0.970211 -0.194879
    outer loop
      vertex -0.855717 -8.68824 29.8132
      vertex -1.73681 -8.73153 30.6794
      vertex -1.70319 -8.56253 29.8132
    endloop
  endfacet
  facet normal -0.143914 -0.970212 -0.194877
    outer loop
      vertex -0.872605 -8.85972 30.6794
      vertex -1.73681 -8.73153 30.6794
      vertex -0.855717 -8.68824 29.8132
    endloop
  endfacet
  facet normal -0.113475 0.764998 0.633957
    outer loop
      vertex -0.708552 7.19406 37.3613
      vertex -1.41028 7.08997 37.3613
      vertex -0.653633 6.63645 38.044
    endloop
  endfacet
  facet normal -0.113473 0.764999 0.633956
    outer loop
      vertex -0.653633 6.63645 38.044
      vertex -1.41028 7.08997 37.3613
      vertex -1.30097 6.54043 38.044
    endloop
  endfacet
  facet normal 0.0488374 0.993998 -0.0978958
    outer loop
      vertex 0.881091 8.94587 31.5584
      vertex 0 8.90259 30.6794
      vertex 0 8.98916 31.5584
    endloop
  endfacet
  facet normal -0.0488374 0.993998 -0.0978958
    outer loop
      vertex 0 8.90259 30.6794
      vertex -0.881091 8.94587 31.5584
      vertex 0 8.98916 31.5584
    endloop
  endfacet
  facet normal 0.663339 -0.397595 0.633956
    outer loop
      vertex 5.88114 -3.14354 38.044
      vertex 5.5447 -3.70485 38.044
      vertex 6.37529 -3.40766 37.3613
    endloop
  endfacet
  facet normal 0.606907 -0.36377 0.706637
    outer loop
      vertex 5.88114 -3.14354 38.044
      vertex 5.02543 -3.35788 38.6686
      vertex 5.5447 -3.70485 38.044
    endloop
  endfacet
  facet normal 0.75665 -0.453508 0.470969
    outer loop
      vertex 6.80804 -3.63897 36.6269
      vertex 6.41858 -4.28876 36.6269
      vertex 6.76476 -4.52007 35.848
    endloop
  endfacet
  facet normal 0.668092 -0.495499 0.555098
    outer loop
      vertex 6.01058 -4.01614 37.3613
      vertex 5.9673 -4.89723 36.6269
      vertex 6.41858 -4.28876 36.6269
    endloop
  endfacet
  facet normal 0.0835089 0.176555 0.980742
    outer loop
      vertex 0.83686 2.02036 40.7303
      vertex 0.622514 1.16464 40.9026
      vertex 1.03086 1.9286 40.7303
    endloop
  endfacet
  facet normal 0.124262 0.262716 0.956838
    outer loop
      vertex 1.1603 2.80121 40.4739
      vertex 0.83686 2.02036 40.7303
      vertex 1.03086 1.9286 40.7303
    endloop
  endfacet
  facet normal 0.196947 0.32858 0.923714
    outer loop
      vertex 1.81393 3.39363 40.1359
      vertex 1.42928 2.67399 40.4739
      vertex 1.68449 2.52102 40.4739
    endloop
  endfacet
  facet normal 0.163791 0.346302 0.923714
    outer loop
      vertex 1.81393 3.39363 40.1359
      vertex 1.1603 2.80121 40.4739
      vertex 1.42928 2.67399 40.4739
    endloop
  endfacet
  facet normal -0.0584779 -0.0788486 0.99517
    outer loop
      vertex -0.280153 -0.341368 40.9892
      vertex -0.733671 -1.09802 40.9026
      vertex -0.245344 -0.367184 40.9892
    endloop
  endfacet
  facet normal -0.176555 0.0835089 0.980742
    outer loop
      vertex -1.9286 1.03086 40.7303
      vertex -2.02036 0.83686 40.7303
      vertex -1.16464 0.622514 40.9026
    endloop
  endfacet
  facet normal -0.176556 0.0835066 0.980742
    outer loop
      vertex -1.16464 0.622514 40.9026
      vertex -2.02036 0.83686 40.7303
      vertex -1.22005 0.505362 40.9026
    endloop
  endfacet
  facet normal -0.0924288 0.0330718 0.99517
    outer loop
      vertex -0.407993 0.168996 40.9892
      vertex -1.26371 0.383342 40.9026
      vertex -0.422593 0.128192 40.9892
    endloop
  endfacet
  facet normal -0.0924288 0.033072 0.99517
    outer loop
      vertex -1.22005 0.505362 40.9026
      vertex -1.26371 0.383342 40.9026
      vertex -0.407993 0.168996 40.9892
    endloop
  endfacet
  facet normal -0.0584781 0.0788485 0.99517
    outer loop
      vertex -0.733671 1.09802 40.9026
      vertex -0.837763 1.02082 40.9026
      vertex -0.280153 0.341368 40.9892
    endloop
  endfacet
  facet normal -0.233433 0.173121 0.956838
    outer loop
      vertex -2.34377 1.92349 40.4739
      vertex -2.52102 1.68449 40.4739
      vertex -1.81828 1.21493 40.7303
    endloop
  endfacet
  facet normal 0.00958318 0.195073 0.980742
    outer loop
      vertex 0 2.18682 40.7303
      vertex 0 1.32057 40.9026
      vertex 0.214346 2.17629 40.7303
    endloop
  endfacet
  facet normal -0.00958318 0.195073 0.980742
    outer loop
      vertex 0 2.18682 40.7303
      vertex -0.214346 2.17629 40.7303
      vertex 0 1.32057 40.9026
    endloop
  endfacet
  facet normal -0.0930844 0.371602 0.923714
    outer loop
      vertex -0.750707 3.77406 40.1359
      vertex -0.880145 2.90145 40.4739
      vertex -0.591516 2.97375 40.4739
    endloop
  endfacet
  facet normal -0.0979098 0.273633 0.956838
    outer loop
      vertex -0.6348 2.09266 40.7303
      vertex -0.880145 2.90145 40.4739
      vertex -0.83686 2.02036 40.7303
    endloop
  endfacet
  facet normal -0.124262 0.262716 0.956838
    outer loop
      vertex -0.83686 2.02036 40.7303
      vertex -1.1603 2.80121 40.4739
      vertex -1.03086 1.9286 40.7303
    endloop
  endfacet
  facet normal -0.0979065 0.273633 0.956838
    outer loop
      vertex -0.880145 2.90145 40.4739
      vertex -1.1603 2.80121 40.4739
      vertex -0.83686 2.02036 40.7303
    endloop
  endfacet
  facet normal -0.0144021 0.0971055 0.99517
    outer loop
      vertex -0.0432844 0.439482 40.9892
      vertex -0.129438 1.31421 40.9026
      vertex -0.086153 0.433124 40.9892
    endloop
  endfacet
  facet normal -0.0835066 0.176556 0.980742
    outer loop
      vertex -0.505362 1.22005 40.9026
      vertex -0.83686 2.02036 40.7303
      vertex -0.622514 1.16464 40.9026
    endloop
  endfacet
  facet normal -0.444217 0.158946 0.881707
    outer loop
      vertex -3.55508 1.47256 40.1359
      vertex -4.42769 1.34312 39.7196
      vertex -3.6823 1.11701 40.1359
    endloop
  endfacet
  facet normal -0.457656 0.114644 0.881707
    outer loop
      vertex -3.6823 1.11701 40.1359
      vertex -4.42769 1.34312 39.7196
      vertex -3.77406 0.750707 40.1359
    endloop
  endfacet
  facet normal -0.404672 0.242553 0.881708
    outer loop
      vertex -3.19949 2.13783 40.1359
      vertex -3.84715 2.57058 39.7196
      vertex -3.39363 1.81393 40.1359
    endloop
  endfacet
  facet normal -0.328581 0.196945 0.923714
    outer loop
      vertex -3.19949 2.13783 40.1359
      vertex -3.39363 1.81393 40.1359
      vertex -2.52102 1.68449 40.4739
    endloop
  endfacet
  facet normal -0.523536 0.187321 0.831156
    outer loop
      vertex -4.27472 1.77065 39.7196
      vertex -5.13044 1.5563 39.2289
      vertex -4.42769 1.34312 39.7196
    endloop
  endfacet
  facet normal -0.444217 0.158941 0.881708
    outer loop
      vertex -4.27472 1.77065 39.7196
      vertex -4.42769 1.34312 39.7196
      vertex -3.55508 1.47256 40.1359
    endloop
  endfacet
  facet normal -0.0835089 0.176555 0.980742
    outer loop
      vertex -0.83686 2.02036 40.7303
      vertex -1.03086 1.9286 40.7303
      vertex -0.622514 1.16464 40.9026
    endloop
  endfacet
  facet normal -0.163791 0.346302 0.923714
    outer loop
      vertex -1.1603 2.80121 40.4739
      vertex -1.81393 3.39363 40.1359
      vertex -1.42928 2.67399 40.4739
    endloop
  endfacet
  facet normal -0.550458 0.742196 0.382283
    outer loop
      vertex -4.52007 6.76476 35.848
      vertex -5.37578 6.55041 35.032
      vertex -5.16136 6.28914 35.848
    endloop
  endfacet
  facet normal -0.620554 0.68467 0.382283
    outer loop
      vertex -5.37578 6.55041 35.032
      vertex -5.75295 5.75295 35.848
      vertex -5.16136 6.28914 35.848
    endloop
  endfacet
  facet normal -0.663339 0.397591 0.633957
    outer loop
      vertex -6.01058 4.01614 37.3613
      vertex -6.37529 3.40766 37.3613
      vertex -5.5447 3.70485 38.044
    endloop
  endfacet
  facet normal -0.621181 0.460686 0.633958
    outer loop
      vertex -5.15487 4.23049 38.044
      vertex -6.01058 4.01614 37.3613
      vertex -5.5447 3.70485 38.044
    endloop
  endfacet
  facet normal 0.523537 0.187325 0.831155
    outer loop
      vertex 4.95319 2.05168 39.2289
      vertex 4.27472 1.77065 39.7196
      vertex 5.13044 1.5563 39.2289
    endloop
  endfacet
  facet normal 0.502654 0.23774 0.831155
    outer loop
      vertex 4.95319 2.05168 39.2289
      vertex 4.08058 2.18112 39.7196
      vertex 4.27472 1.77065 39.7196
    endloop
  endfacet
  facet normal 0.573893 0.271432 0.77264
    outer loop
      vertex 5.33036 2.84914 38.6686
      vertex 4.72824 2.5273 39.2289
      vertex 5.58396 2.31295 38.6686
    endloop
  endfacet
  facet normal 0.544523 0.326378 0.772639
    outer loop
      vertex 5.02543 3.35788 38.6686
      vertex 4.72824 2.5273 39.2289
      vertex 5.33036 2.84914 38.6686
    endloop
  endfacet
  facet normal -0.671562 0.740949 0
    outer loop
      vertex -5.70266 6.94871 31.5584
      vertex -6.35629 6.35629 32.4416
      vertex -5.70266 6.94871 32.4416
    endloop
  endfacet
  facet normal -0.671562 0.740949 0
    outer loop
      vertex -6.35629 6.35629 32.4416
      vertex -5.70266 6.94871 31.5584
      vertex -6.35629 6.35629 31.5584
    endloop
  endfacet
  facet normal -0.686369 0.171936 0.706637
    outer loop
      vertex -6.38141 1.93578 38.044
      vertex -6.54043 1.30097 38.044
      vertex -5.78378 1.75449 38.6686
    endloop
  endfacet
  facet normal -0.666218 0.238367 0.706637
    outer loop
      vertex -6.16095 2.55195 38.044
      vertex -6.38141 1.93578 38.044
      vertex -5.78378 1.75449 38.6686
    endloop
  endfacet
  facet normal -0.606907 0.363769 0.706637
    outer loop
      vertex -5.02543 3.35788 38.6686
      vertex -5.88114 3.14354 38.044
      vertex -5.33036 2.84914 38.6686
    endloop
  endfacet
  facet normal -0.606907 0.36377 0.706637
    outer loop
      vertex -5.5447 3.70485 38.044
      vertex -5.88114 3.14354 38.044
      vertex -5.02543 3.35788 38.6686
    endloop
  endfacet
  facet normal -0.0142601 -0.29027 0.956838
    outer loop
      vertex -0.214346 -2.17629 40.7303
      vertex -0.297189 -3.01741 40.4739
      vertex 0 -3.03201 40.4739
    endloop
  endfacet
  facet normal -0.0426435 -0.287475 0.956838
    outer loop
      vertex -0.214346 -2.17629 40.7303
      vertex -0.591516 -2.97375 40.4739
      vertex -0.297189 -3.01741 40.4739
    endloop
  endfacet
  facet normal 0.0426443 -0.287474 0.956839
    outer loop
      vertex 0.426627 -2.1448 40.7303
      vertex 0.214346 -2.17629 40.7303
      vertex 0.591516 -2.97375 40.4739
    endloop
  endfacet
  facet normal 0.0562109 -0.378937 0.923714
    outer loop
      vertex 0.591516 -2.97375 40.4739
      vertex 0.297189 -3.01741 40.4739
      vertex 0.750707 -3.77406 40.1359
    endloop
  endfacet
  facet normal -0.0474523 -0.189457 0.980742
    outer loop
      vertex -0.25763 -1.2952 40.9026
      vertex -0.6348 -2.09266 40.7303
      vertex -0.426627 -2.1448 40.7303
    endloop
  endfacet
  facet normal -0.0474571 -0.189455 0.980742
    outer loop
      vertex -0.383342 -1.26371 40.9026
      vertex -0.6348 -2.09266 40.7303
      vertex -0.25763 -1.2952 40.9026
    endloop
  endfacet
  facet normal -0.0979065 -0.273633 0.956838
    outer loop
      vertex -0.83686 -2.02036 40.7303
      vertex -1.1603 -2.80121 40.4739
      vertex -0.880145 -2.90145 40.4739
    endloop
  endfacet
  facet normal -0.124262 -0.262716 0.956838
    outer loop
      vertex -1.03086 -1.9286 40.7303
      vertex -1.1603 -2.80121 40.4739
      vertex -0.83686 -2.02036 40.7303
    endloop
  endfacet
  facet normal -0.114644 -0.457656 0.881707
    outer loop
      vertex -1.11701 -3.6823 40.1359
      vertex -1.34312 -4.42769 39.7196
      vertex -0.750707 -3.77406 40.1359
    endloop
  endfacet
  facet normal -0.0930876 -0.371603 0.923713
    outer loop
      vertex -0.880145 -2.90145 40.4739
      vertex -1.11701 -3.6823 40.1359
      vertex -0.750707 -3.77406 40.1359
    endloop
  endfacet
  facet normal -0.0231513 -0.471233 0.881705
    outer loop
      vertex -0.377169 -3.82947 40.1359
      vertex -0.453518 -4.60464 39.7196
      vertex 0 -3.848 40.1359
    endloop
  endfacet
  facet normal -0.0231503 -0.471234 0.881704
    outer loop
      vertex 0 -3.848 40.1359
      vertex -0.453518 -4.60464 39.7196
      vertex 0 -4.62692 39.7196
    endloop
  endfacet
  facet normal -0.0330718 -0.0924288 0.99517
    outer loop
      vertex -0.168996 -0.407993 40.9892
      vertex -0.383342 -1.26371 40.9026
      vertex -0.128192 -0.422593 40.9892
    endloop
  endfacet
  facet normal 0.307698 -0.228199 0.923714
    outer loop
      vertex 2.52102 -1.68449 40.4739
      vertex 2.34377 -1.92349 40.4739
      vertex 3.19949 -2.13783 40.1359
    endloop
  endfacet
  facet normal 0.262716 -0.124262 0.956838
    outer loop
      vertex 2.02036 -0.83686 40.7303
      vertex 1.9286 -1.03086 40.7303
      vertex 2.80121 -1.1603 40.4739
    endloop
  endfacet
  facet normal 0.0842 -0.0504688 0.99517
    outer loop
      vertex 0.389464 -0.208173 40.9892
      vertex 0.367184 -0.245344 40.9892
      vertex 1.09802 -0.733671 40.9026
    endloop
  endfacet
  facet normal 0.0788486 -0.0584779 0.99517
    outer loop
      vertex 0.367184 -0.245344 40.9892
      vertex 0.341368 -0.280153 40.9892
      vertex 1.09802 -0.733671 40.9026
    endloop
  endfacet
  facet normal 0.195164 -0.215341 0.956838
    outer loop
      vertex 1.54632 -1.54632 40.7303
      vertex 1.3873 -1.69044 40.7303
      vertex 1.92349 -2.34377 40.4739
    endloop
  endfacet
  facet normal 0.131158 -0.144718 0.980742
    outer loop
      vertex 1.54632 -1.54632 40.7303
      vertex 0.837763 -1.02082 40.9026
      vertex 1.3873 -1.69044 40.7303
    endloop
  endfacet
  facet normal 0.32858 -0.196947 0.923714
    outer loop
      vertex 2.67399 -1.42928 40.4739
      vertex 2.52102 -1.68449 40.4739
      vertex 3.39363 -1.81393 40.1359
    endloop
  endfacet
  facet normal 0.249281 -0.149403 0.956837
    outer loop
      vertex 1.9286 -1.03086 40.7303
      vertex 1.81828 -1.21493 40.7303
      vertex 2.52102 -1.68449 40.4739
    endloop
  endfacet
  facet normal -0.187321 -0.523536 0.831156
    outer loop
      vertex -1.34312 -4.42769 39.7196
      vertex -1.77065 -4.27472 39.7196
      vertex -1.5563 -5.13044 39.2289
    endloop
  endfacet
  facet normal -0.187325 -0.523537 0.831155
    outer loop
      vertex -1.77065 -4.27472 39.7196
      vertex -2.05168 -4.95319 39.2289
      vertex -1.5563 -5.13044 39.2289
    endloop
  endfacet
  facet normal -0.427626 -0.713449 0.555092
    outer loop
      vertex -3.40766 -6.37529 37.3613
      vertex -4.01614 -6.01058 37.3613
      vertex -3.63897 -6.80804 36.6269
    endloop
  endfacet
  facet normal -0.427615 -0.71345 0.555098
    outer loop
      vertex -4.01614 -6.01058 37.3613
      vertex -4.28876 -6.41858 36.6269
      vertex -3.63897 -6.80804 36.6269
    endloop
  endfacet
  facet normal -0.311304 -0.870025 0.382291
    outer loop
      vertex -3.11347 -7.51659 35.848
      vertex -3.24282 -7.82886 35.032
      vertex -2.36173 -7.78557 35.848
    endloop
  endfacet
  facet normal -0.297191 -0.830585 0.470963
    outer loop
      vertex -2.95415 -7.13194 36.6269
      vertex -3.11347 -7.51659 35.848
      vertex -2.36173 -7.78557 35.848
    endloop
  endfacet
  facet normal 0.663339 -0.397591 0.633957
    outer loop
      vertex 6.37529 -3.40766 37.3613
      vertex 5.5447 -3.70485 38.044
      vertex 6.01058 -4.01614 37.3613
    endloop
  endfacet
  facet normal 0.621181 -0.460686 0.633958
    outer loop
      vertex 5.5447 -3.70485 38.044
      vertex 5.15487 -4.23049 38.044
      vertex 6.01058 -4.01614 37.3613
    endloop
  endfacet
  facet normal -0.116346 0.156873 0.980742
    outer loop
      vertex -1.21493 1.81828 40.7303
      vertex -1.3873 1.69044 40.7303
      vertex -0.733671 1.09802 40.9026
    endloop
  endfacet
  facet normal -0.0474571 0.189455 0.980742
    outer loop
      vertex -0.25763 1.2952 40.9026
      vertex -0.6348 2.09266 40.7303
      vertex -0.383342 1.26371 40.9026
    endloop
  endfacet
  facet normal -0.00481771 0.0980494 0.99517
    outer loop
      vertex 0 1.32057 40.9026
      vertex -0.129438 1.31421 40.9026
      vertex 0 0.441608 40.9892
    endloop
  endfacet
  facet normal -0.00958498 0.195072 0.980742
    outer loop
      vertex 0 1.32057 40.9026
      vertex -0.214346 2.17629 40.7303
      vertex -0.129438 1.31421 40.9026
    endloop
  endfacet
  facet normal -0.0562109 0.378937 0.923714
    outer loop
      vertex -0.297189 3.01741 40.4739
      vertex -0.750707 3.77406 40.1359
      vertex -0.591516 2.97375 40.4739
    endloop
  endfacet
  facet normal -0.0426435 0.287475 0.956838
    outer loop
      vertex -0.297189 3.01741 40.4739
      vertex -0.591516 2.97375 40.4739
      vertex -0.214346 2.17629 40.7303
    endloop
  endfacet
  facet normal -0.0657988 0.183891 0.980742
    outer loop
      vertex -0.6348 2.09266 40.7303
      vertex -0.83686 2.02036 40.7303
      vertex -0.505362 1.22005 40.9026
    endloop
  endfacet
  facet normal -0.070617 0.28191 0.956838
    outer loop
      vertex -0.591516 2.97375 40.4739
      vertex -0.880145 2.90145 40.4739
      vertex -0.426627 2.1448 40.7303
    endloop
  endfacet
  facet normal -0.196945 0.328581 0.923714
    outer loop
      vertex -1.81393 3.39363 40.1359
      vertex -2.13783 3.19949 40.1359
      vertex -1.68449 2.52102 40.4739
    endloop
  endfacet
  facet normal -0.307696 0.228203 0.923713
    outer loop
      vertex -2.97454 2.44114 40.1359
      vertex -3.19949 2.13783 40.1359
      vertex -2.34377 1.92349 40.4739
    endloop
  endfacet
  facet normal -0.378951 0.281049 0.881707
    outer loop
      vertex -2.97454 2.44114 40.1359
      vertex -3.57666 2.93529 39.7196
      vertex -3.19949 2.13783 40.1359
    endloop
  endfacet
  facet normal -0.378949 0.281051 0.881708
    outer loop
      vertex -3.57666 2.93529 39.7196
      vertex -3.84715 2.57058 39.7196
      vertex -3.19949 2.13783 40.1359
    endloop
  endfacet
  facet normal 0.0562109 -0.378937 0.923714
    outer loop
      vertex 0.750707 -3.77406 40.1359
      vertex 0.297189 -3.01741 40.4739
      vertex 0.377169 -3.82947 40.1359
    endloop
  endfacet
  facet normal 0.0187979 -0.382622 0.923714
    outer loop
      vertex 0.297189 -3.01741 40.4739
      vertex 0 -3.848 40.1359
      vertex 0.377169 -3.82947 40.1359
    endloop
  endfacet
  facet normal -0.0187979 -0.382622 0.923714
    outer loop
      vertex -0.297189 -3.01741 40.4739
      vertex -0.377169 -3.82947 40.1359
      vertex 0 -3.848 40.1359
    endloop
  endfacet
  facet normal -0.0562109 -0.378937 0.923714
    outer loop
      vertex -0.297189 -3.01741 40.4739
      vertex -0.750707 -3.77406 40.1359
      vertex -0.377169 -3.82947 40.1359
    endloop
  endfacet
  facet normal 0.215341 -0.195164 0.956838
    outer loop
      vertex 1.69044 -1.3873 40.7303
      vertex 1.54632 -1.54632 40.7303
      vertex 2.34377 -1.92349 40.4739
    endloop
  endfacet
  facet normal 0.233428 -0.173124 0.956838
    outer loop
      vertex 1.81828 -1.21493 40.7303
      vertex 1.69044 -1.3873 40.7303
      vertex 2.34377 -1.92349 40.4739
    endloop
  endfacet
  facet normal 0.116346 -0.156873 0.980742
    outer loop
      vertex 1.3873 -1.69044 40.7303
      vertex 0.733671 -1.09802 40.9026
      vertex 1.21493 -1.81828 40.7303
    endloop
  endfacet
  facet normal 0.173124 -0.233428 0.956838
    outer loop
      vertex 1.3873 -1.69044 40.7303
      vertex 1.21493 -1.81828 40.7303
      vertex 1.92349 -2.34377 40.4739
    endloop
  endfacet
  facet normal 0.346302 -0.163791 0.923714
    outer loop
      vertex 2.80121 -1.1603 40.4739
      vertex 2.67399 -1.42928 40.4739
      vertex 3.39363 -1.81393 40.1359
    endloop
  endfacet
  facet normal 0.262717 -0.124258 0.956838
    outer loop
      vertex 2.80121 -1.1603 40.4739
      vertex 1.9286 -1.03086 40.7303
      vertex 2.67399 -1.42928 40.4739
    endloop
  endfacet
  facet normal -0.330666 -0.699113 0.633957
    outer loop
      vertex -3.14354 -5.88114 38.044
      vertex -3.40766 -6.37529 37.3613
      vertex -2.55195 -6.16095 38.044
    endloop
  endfacet
  facet normal -0.397595 -0.663339 0.633956
    outer loop
      vertex -3.14354 -5.88114 38.044
      vertex -3.70485 -5.5447 38.044
      vertex -3.40766 -6.37529 37.3613
    endloop
  endfacet
  facet normal 0.71345 -0.427615 0.555098
    outer loop
      vertex 6.80804 -3.63897 36.6269
      vertex 6.01058 -4.01614 37.3613
      vertex 6.41858 -4.28876 36.6269
    endloop
  endfacet
  facet normal 0.713449 -0.427626 0.555092
    outer loop
      vertex 6.37529 -3.40766 37.3613
      vertex 6.01058 -4.01614 37.3613
      vertex 6.80804 -3.63897 36.6269
    endloop
  endfacet
  facet normal -0.0657981 0.183891 0.980742
    outer loop
      vertex -0.383342 1.26371 40.9026
      vertex -0.6348 2.09266 40.7303
      vertex -0.505362 1.22005 40.9026
    endloop
  endfacet
  facet normal -0.0286588 0.193195 0.980742
    outer loop
      vertex -0.214346 2.17629 40.7303
      vertex -0.426627 2.1448 40.7303
      vertex -0.25763 1.2952 40.9026
    endloop
  endfacet
  facet normal -0.228199 0.307698 0.923714
    outer loop
      vertex -1.68449 2.52102 40.4739
      vertex -2.13783 3.19949 40.1359
      vertex -1.92349 2.34377 40.4739
    endloop
  endfacet
  facet normal -0.228203 0.307696 0.923713
    outer loop
      vertex -2.13783 3.19949 40.1359
      vertex -2.44114 2.97454 40.1359
      vertex -1.92349 2.34377 40.4739
    endloop
  endfacet
  facet normal -0.283842 0.257268 0.923714
    outer loop
      vertex -2.14395 2.14395 40.4739
      vertex -2.72094 2.72094 40.1359
      vertex -2.34377 1.92349 40.4739
    endloop
  endfacet
  facet normal -0.149411 0.249272 0.956838
    outer loop
      vertex -1.42928 2.67399 40.4739
      vertex -1.68449 2.52102 40.4739
      vertex -1.03086 1.9286 40.7303
    endloop
  endfacet
  facet normal 0.0426435 -0.287475 0.956838
    outer loop
      vertex 0.591516 -2.97375 40.4739
      vertex 0.214346 -2.17629 40.7303
      vertex 0.297189 -3.01741 40.4739
    endloop
  endfacet
  facet normal 0.0142601 -0.29027 0.956838
    outer loop
      vertex 0.214346 -2.17629 40.7303
      vertex 0 -3.03201 40.4739
      vertex 0.297189 -3.01741 40.4739
    endloop
  endfacet
  facet normal -0.0474523 0.189457 0.980742
    outer loop
      vertex -0.426627 2.1448 40.7303
      vertex -0.6348 2.09266 40.7303
      vertex -0.25763 1.2952 40.9026
    endloop
  endfacet
  facet normal -0.0706096 0.281914 0.956838
    outer loop
      vertex -0.426627 2.1448 40.7303
      vertex -0.880145 2.90145 40.4739
      vertex -0.6348 2.09266 40.7303
    endloop
  endfacet
  facet normal -0.124258 0.262717 0.956838
    outer loop
      vertex -1.1603 2.80121 40.4739
      vertex -1.42928 2.67399 40.4739
      vertex -1.03086 1.9286 40.7303
    endloop
  endfacet
  facet normal -0.215335 0.195175 0.956837
    outer loop
      vertex -2.14395 2.14395 40.4739
      vertex -2.34377 1.92349 40.4739
      vertex -1.54632 1.54632 40.7303
    endloop
  endfacet
  facet normal -0.173124 0.233428 0.956838
    outer loop
      vertex -1.21493 1.81828 40.7303
      vertex -1.92349 2.34377 40.4739
      vertex -1.3873 1.69044 40.7303
    endloop
  endfacet
  facet normal -0.100403 0.167525 0.980742
    outer loop
      vertex -0.622514 1.16464 40.9026
      vertex -1.21493 1.81828 40.7303
      vertex -0.733671 1.09802 40.9026
    endloop
  endfacet
  facet normal -0.167525 0.100403 0.980742
    outer loop
      vertex -1.09802 0.733671 40.9026
      vertex -1.81828 1.21493 40.7303
      vertex -1.16464 0.622514 40.9026
    endloop
  endfacet
  facet normal -0.233428 0.173124 0.956838
    outer loop
      vertex -1.69044 1.3873 40.7303
      vertex -2.34377 1.92349 40.4739
      vertex -1.81828 1.21493 40.7303
    endloop
  endfacet
  facet normal -0.149403 0.249281 0.956837
    outer loop
      vertex -1.03086 1.9286 40.7303
      vertex -1.68449 2.52102 40.4739
      vertex -1.21493 1.81828 40.7303
    endloop
  endfacet
  facet normal -0.100404 0.167525 0.980742
    outer loop
      vertex -1.03086 1.9286 40.7303
      vertex -1.21493 1.81828 40.7303
      vertex -0.622514 1.16464 40.9026
    endloop
  endfacet
  facet normal -0.144718 0.131158 0.980742
    outer loop
      vertex -1.54632 1.54632 40.7303
      vertex -1.69044 1.3873 40.7303
      vertex -1.02082 0.837763 40.9026
    endloop
  endfacet
  facet normal -0.215341 0.195164 0.956838
    outer loop
      vertex -1.54632 1.54632 40.7303
      vertex -2.34377 1.92349 40.4739
      vertex -1.69044 1.3873 40.7303
    endloop
  endfacet
  facet normal -0.195164 0.215341 0.956838
    outer loop
      vertex -1.3873 1.69044 40.7303
      vertex -1.92349 2.34377 40.4739
      vertex -1.54632 1.54632 40.7303
    endloop
  endfacet
  facet normal -0.131158 0.144718 0.980742
    outer loop
      vertex -1.3873 1.69044 40.7303
      vertex -1.54632 1.54632 40.7303
      vertex -0.837763 1.02082 40.9026
    endloop
  endfacet
  facet normal -0.195175 0.215335 0.956837
    outer loop
      vertex -1.92349 2.34377 40.4739
      vertex -2.14395 2.14395 40.4739
      vertex -1.54632 1.54632 40.7303
    endloop
  endfacet
  facet normal -0.257268 0.283842 0.923714
    outer loop
      vertex -1.92349 2.34377 40.4739
      vertex -2.72094 2.72094 40.1359
      vertex -2.14395 2.14395 40.4739
    endloop
  endfacet
  facet normal -0.156873 0.116346 0.980742
    outer loop
      vertex -1.69044 1.3873 40.7303
      vertex -1.81828 1.21493 40.7303
      vertex -1.09802 0.733671 40.9026
    endloop
  endfacet
  facet normal -0.156874 0.116346 0.980742
    outer loop
      vertex -1.02082 0.837763 40.9026
      vertex -1.69044 1.3873 40.7303
      vertex -1.09802 0.733671 40.9026
    endloop
  endfacet
endsolid OpenSCAD_Model
