solid OpenSCAD_Model
  facet normal -0.706918 0.0231425 0.706917
    outer loop
      vertex -8.98073 0.588628 11
      vertex -11.9743 0.784837 8
      vertex -9 0 11
    endloop
  endfacet
  facet normal 0.448704 -0.546747 0.706918
    outer loop
      vertex 7.91215 -9.02208 8
      vertex 5.47885 -7.14018 11
      vertex 7.30514 -9.52024 8
    endloop
  endfacet
  facet normal -0.706917 -0.0231485 0.706917
    outer loop
      vertex -9 0 11
      vertex -12 0 8
      vertex -11.9743 -0.784837 8
    endloop
  endfacet
  facet normal -0.706917 0.0231485 0.706917
    outer loop
      vertex -11.9743 0.784837 8
      vertex -12 0 8
      vertex -9 0 11
    endloop
  endfacet
  facet normal -0.098057 -0.995181 0
    outer loop
      vertex -1.56631 -11.8973 0
      vertex -0.784837 -11.9743 8
      vertex -1.56631 -11.8973 8
    endloop
  endfacet
  facet normal -0.098057 -0.995181 -0
    outer loop
      vertex -0.784837 -11.9743 8
      vertex -1.56631 -11.8973 0
      vertex -0.784837 -11.9743 0
    endloop
  endfacet
  facet normal 0.516228 -0.483505 0.706918
    outer loop
      vertex 6.76656 -5.93411 11
      vertex 8.48528 -8.48528 8
      vertex 9.02208 -7.91215 8
    endloop
  endfacet
  facet normal 0.516229 -0.483503 0.706917
    outer loop
      vertex 8.48528 -8.48528 8
      vertex 6.76656 -5.93411 11
      vertex 6.36396 -6.36396 11
    endloop
  endfacet
  facet normal -0.352241 -0.935909 0
    outer loop
      vertex -4.5922 -11.0866 0
      vertex -3.85727 -11.3632 8
      vertex -4.5922 -11.0866 8
    endloop
  endfacet
  facet normal -0.352241 -0.935909 -0
    outer loop
      vertex -3.85727 -11.3632 8
      vertex -4.5922 -11.0866 0
      vertex -3.85727 -11.3632 0
    endloop
  endfacet
  facet normal 0.849201 0.52807 0
    outer loop
      vertex 10.3923 6 8
      vertex 9.97763 6.66684 0
      vertex 9.97763 6.66684 8
    endloop
  endfacet
  facet normal 0.849201 0.52807 0
    outer loop
      vertex 9.97763 6.66684 0
      vertex 10.3923 6 8
      vertex 10.3923 6 0
    endloop
  endfacet
  facet normal -0.448702 0.546748 0.706918
    outer loop
      vertex -5.47885 7.14018 11
      vertex -7.91215 9.02208 8
      vertex -5.93411 6.76656 11
    endloop
  endfacet
  facet normal -0.0231425 0.706918 0.706917
    outer loop
      vertex 0 9 11
      vertex -0.784837 11.9743 8
      vertex -0.588628 8.98073 11
    endloop
  endfacet
  facet normal -0.634393 0.773011 0
    outer loop
      vertex -7.30514 9.52024 0
      vertex -7.91215 9.02208 8
      vertex -7.30514 9.52024 8
    endloop
  endfacet
  facet normal -0.634393 0.773011 0
    outer loop
      vertex -7.91215 9.02208 8
      vertex -7.30514 9.52024 0
      vertex -7.91215 9.02208 0
    endloop
  endfacet
  facet normal 0.471426 0.881906 -0
    outer loop
      vertex 6 10.3923 0
      vertex 5.30746 10.7625 8
      vertex 6 10.3923 8
    endloop
  endfacet
  facet normal 0.471426 0.881906 0
    outer loop
      vertex 5.30746 10.7625 8
      vertex 6 10.3923 0
      vertex 5.30746 10.7625 0
    endloop
  endfacet
  facet normal -0.881906 -0.471426 0
    outer loop
      vertex -10.3923 -6 0
      vertex -10.7625 -5.30746 8
      vertex -10.7625 -5.30746 0
    endloop
  endfacet
  facet normal -0.881906 -0.471426 0
    outer loop
      vertex -10.7625 -5.30746 8
      vertex -10.3923 -6 0
      vertex -10.3923 -6 8
    endloop
  endfacet
  facet normal 0.448702 -0.546748 0.706918
    outer loop
      vertex 5.93411 -6.76656 11
      vertex 5.47885 -7.14018 11
      vertex 7.91215 -9.02208 8
    endloop
  endfacet
  facet normal 0.11521 -0.697854 0.706913
    outer loop
      vertex 1.75581 -8.82707 11
      vertex 1.17474 -8.923 11
      vertex 1.56631 -11.8973 8
    endloop
  endfacet
  facet normal 0.574928 -0.411979 0.706917
    outer loop
      vertex 9.97763 -6.66684 8
      vertex 7.48323 -5.00013 11
      vertex 9.52024 -7.30514 8
    endloop
  endfacet
  facet normal 0.683596 -0.729861 0
    outer loop
      vertex 7.91215 -9.02208 0
      vertex 8.48528 -8.48528 8
      vertex 7.91215 -9.02208 8
    endloop
  endfacet
  facet normal 0.683596 -0.729861 0
    outer loop
      vertex 8.48528 -8.48528 8
      vertex 7.91215 -9.02208 0
      vertex 8.48528 -8.48528 0
    endloop
  endfacet
  facet normal -0.623783 -0.333413 0.706917
    outer loop
      vertex -8.07185 -3.9806 11
      vertex -10.3923 -6 8
      vertex -7.79423 -4.5 11
    endloop
  endfacet
  facet normal 0.697854 0.115203 0.706914
    outer loop
      vertex 11.7694 2.34108 8
      vertex 8.82707 1.75581 11
      vertex 11.8973 1.56631 8
    endloop
  endfacet
  facet normal 0.098057 0.995181 -0
    outer loop
      vertex 1.56631 11.8973 0
      vertex 0.784837 11.9743 8
      vertex 1.56631 11.8973 8
    endloop
  endfacet
  facet normal 0.098057 0.995181 0
    outer loop
      vertex 0.784837 11.9743 8
      vertex 1.56631 11.8973 0
      vertex 0.784837 11.9743 0
    endloop
  endfacet
  facet normal 0.411979 0.574928 0.706917
    outer loop
      vertex 6.66684 9.97763 8
      vertex 5.00013 7.48323 11
      vertex 7.30514 9.52024 8
    endloop
  endfacet
  facet normal -0.706918 -0.0231425 0.706917
    outer loop
      vertex -9 0 11
      vertex -11.9743 -0.784837 8
      vertex -8.98073 -0.588628 11
    endloop
  endfacet
  facet normal -0.483503 -0.516229 0.706918
    outer loop
      vertex -6.36396 -6.36396 11
      vertex -7.91215 -9.02208 8
      vertex -5.93411 -6.76656 11
    endloop
  endfacet
  facet normal -0.483505 -0.516228 0.706917
    outer loop
      vertex -7.91215 -9.02208 8
      vertex -6.36396 -6.36396 11
      vertex -8.48528 -8.48528 8
    endloop
  endfacet
  facet normal 0.160598 0.688825 0.706915
    outer loop
      vertex 2.34108 11.7694 8
      vertex 1.75581 8.82707 11
      vertex 3.10583 11.5911 8
    endloop
  endfacet
  facet normal -0.546748 0.448702 0.706918
    outer loop
      vertex -6.76656 5.93411 11
      vertex -9.02208 7.91215 8
      vertex -7.14018 5.47885 11
    endloop
  endfacet
  facet normal 0.249136 -0.661961 0.706922
    outer loop
      vertex 3.44415 -8.31492 11
      vertex 2.89295 -8.52237 11
      vertex 3.85727 -11.3632 8
    endloop
  endfacet
  facet normal 0.115203 0.697854 0.706914
    outer loop
      vertex 2.34108 11.7694 8
      vertex 1.56631 11.8973 8
      vertex 1.75581 8.82707 11
    endloop
  endfacet
  facet normal 0.729861 -0.683596 0
    outer loop
      vertex 8.48528 -8.48528 8
      vertex 9.02208 -7.91215 0
      vertex 9.02208 -7.91215 8
    endloop
  endfacet
  facet normal 0.729861 -0.683596 0
    outer loop
      vertex 9.02208 -7.91215 0
      vertex 8.48528 -8.48528 8
      vertex 8.48528 -8.48528 0
    endloop
  endfacet
  facet normal -0.574928 0.411979 0.706917
    outer loop
      vertex -9.52024 7.30514 8
      vertex -9.97763 6.66684 8
      vertex -7.48323 5.00013 11
    endloop
  endfacet
  facet normal -0.661961 -0.249137 0.706922
    outer loop
      vertex -8.31492 -3.44415 11
      vertex -11.3632 -3.85727 8
      vertex -11.0866 -4.5922 8
    endloop
  endfacet
  facet normal -0.995181 -0.098057 0
    outer loop
      vertex -11.8973 -1.56631 0
      vertex -11.9743 -0.784837 8
      vertex -11.9743 -0.784837 0
    endloop
  endfacet
  facet normal -0.995181 -0.098057 0
    outer loop
      vertex -11.9743 -0.784837 8
      vertex -11.8973 -1.56631 0
      vertex -11.8973 -1.56631 8
    endloop
  endfacet
  facet normal -0.697854 -0.115203 0.706914
    outer loop
      vertex -8.82707 -1.75581 11
      vertex -11.8973 -1.56631 8
      vertex -11.7694 -2.34108 8
    endloop
  endfacet
  facet normal 0.0327281 -0.999464 0
    outer loop
      vertex 0 -12 0
      vertex 0.784837 -11.9743 8
      vertex 0 -12 8
    endloop
  endfacet
  facet normal 0.0327281 -0.999464 0
    outer loop
      vertex 0.784837 -11.9743 8
      vertex 0 -12 0
      vertex 0.784837 -11.9743 0
    endloop
  endfacet
  facet normal 0.706917 -0.0231485 0.706917
    outer loop
      vertex 12 0 8
      vertex 9 0 11
      vertex 11.9743 -0.784837 8
    endloop
  endfacet
  facet normal 0.0693311 -0.703894 0.706913
    outer loop
      vertex 1.17474 -8.923 11
      vertex 0.588628 -8.98073 11
      vertex 1.56631 -11.8973 8
    endloop
  endfacet
  facet normal -0.703889 -0.0693555 0.706916
    outer loop
      vertex -8.98073 -0.588628 11
      vertex -11.9743 -0.784837 8
      vertex -11.8973 -1.56631 8
    endloop
  endfacet
  facet normal 0.3735 0.600639 0.706916
    outer loop
      vertex 6.66684 9.97763 8
      vertex 4.5 7.79423 11
      vertex 5.00013 7.48323 11
    endloop
  endfacet
  facet normal -0.999464 -0.0327281 0
    outer loop
      vertex -11.9743 -0.784837 0
      vertex -12 0 8
      vertex -12 0 0
    endloop
  endfacet
  facet normal -0.999464 -0.0327281 0
    outer loop
      vertex -12 0 8
      vertex -11.9743 -0.784837 0
      vertex -11.9743 -0.784837 8
    endloop
  endfacet
  facet normal 0.3735 -0.600639 0.706916
    outer loop
      vertex 5.00013 -7.48323 11
      vertex 4.5 -7.79423 11
      vertex 6.66684 -9.97763 8
    endloop
  endfacet
  facet normal 0.688825 0.160598 0.706915
    outer loop
      vertex 11.5911 3.10583 8
      vertex 8.82707 1.75581 11
      vertex 11.7694 2.34108 8
    endloop
  endfacet
  facet normal -0.58247 0.812852 0
    outer loop
      vertex -6.66684 9.97763 0
      vertex -7.30514 9.52024 8
      vertex -6.66684 9.97763 8
    endloop
  endfacet
  facet normal -0.58247 0.812852 0
    outer loop
      vertex -7.30514 9.52024 8
      vertex -6.66684 9.97763 0
      vertex -7.30514 9.52024 0
    endloop
  endfacet
  facet normal -0.516229 0.483503 0.706917
    outer loop
      vertex -8.48528 8.48528 8
      vertex -6.76656 5.93411 11
      vertex -6.36396 6.36396 11
    endloop
  endfacet
  facet normal -0.516228 0.483505 0.706918
    outer loop
      vertex -6.76656 5.93411 11
      vertex -8.48528 8.48528 8
      vertex -9.02208 7.91215 8
    endloop
  endfacet
  facet normal 0.574921 -0.411987 0.706918
    outer loop
      vertex 7.48323 -5.00013 11
      vertex 7.14018 -5.47885 11
      vertex 9.52024 -7.30514 8
    endloop
  endfacet
  facet normal -0.910854 -0.412728 0
    outer loop
      vertex -10.7625 -5.30746 0
      vertex -11.0866 -4.5922 8
      vertex -11.0866 -4.5922 0
    endloop
  endfacet
  facet normal -0.910854 -0.412728 0
    outer loop
      vertex -11.0866 -4.5922 8
      vertex -10.7625 -5.30746 0
      vertex -10.7625 -5.30746 8
    endloop
  endfacet
  facet normal 0.600637 -0.373502 0.706917
    outer loop
      vertex 10.3923 -6 8
      vertex 7.79423 -4.5 11
      vertex 9.97763 -6.66684 8
    endloop
  endfacet
  facet normal -0.3735 0.600639 0.706916
    outer loop
      vertex -4.5 7.79423 11
      vertex -6.66684 9.97763 8
      vertex -5.00013 7.48323 11
    endloop
  endfacet
  facet normal 0.986646 -0.162877 0
    outer loop
      vertex 11.7694 -2.34108 8
      vertex 11.8973 -1.56631 0
      vertex 11.8973 -1.56631 8
    endloop
  endfacet
  facet normal 0.986646 -0.162877 0
    outer loop
      vertex 11.8973 -1.56631 0
      vertex 11.7694 -2.34108 8
      vertex 11.7694 -2.34108 0
    endloop
  endfacet
  facet normal 0.483505 -0.516228 0.706917
    outer loop
      vertex 6.36396 -6.36396 11
      vertex 7.91215 -9.02208 8
      vertex 8.48528 -8.48528 8
    endloop
  endfacet
  facet normal 0.483503 -0.516229 0.706918
    outer loop
      vertex 7.91215 -9.02208 8
      vertex 6.36396 -6.36396 11
      vertex 5.93411 -6.76656 11
    endloop
  endfacet
  facet normal 0.910854 0.412728 0
    outer loop
      vertex 11.0866 4.5922 8
      vertex 10.7625 5.30746 0
      vertex 10.7625 5.30746 8
    endloop
  endfacet
  facet normal 0.910854 0.412728 0
    outer loop
      vertex 10.7625 5.30746 0
      vertex 11.0866 4.5922 8
      vertex 11.0866 4.5922 0
    endloop
  endfacet
  facet normal -0.546747 0.448704 0.706918
    outer loop
      vertex -9.02208 7.91215 8
      vertex -9.52024 7.30514 8
      vertex -7.14018 5.47885 11
    endloop
  endfacet
  facet normal 0.986646 0.162877 0
    outer loop
      vertex 11.8973 1.56631 8
      vertex 11.7694 2.34108 0
      vertex 11.7694 2.34108 8
    endloop
  endfacet
  facet normal 0.986646 0.162877 0
    outer loop
      vertex 11.7694 2.34108 0
      vertex 11.8973 1.56631 8
      vertex 11.8973 1.56631 0
    endloop
  endfacet
  facet normal -0.688825 -0.160598 0.706915
    outer loop
      vertex -8.82707 -1.75581 11
      vertex -11.7694 -2.34108 8
      vertex -11.5911 -3.10583 8
    endloop
  endfacet
  facet normal -0.812852 0.58247 0
    outer loop
      vertex -9.97763 6.66684 0
      vertex -9.52024 7.30514 8
      vertex -9.52024 7.30514 0
    endloop
  endfacet
  facet normal -0.812852 0.58247 0
    outer loop
      vertex -9.52024 7.30514 8
      vertex -9.97763 6.66684 0
      vertex -9.97763 6.66684 8
    endloop
  endfacet
  facet normal -0.729861 -0.683596 0
    outer loop
      vertex -8.48528 -8.48528 0
      vertex -9.02208 -7.91215 8
      vertex -9.02208 -7.91215 0
    endloop
  endfacet
  facet normal -0.729861 -0.683596 0
    outer loop
      vertex -9.02208 -7.91215 8
      vertex -8.48528 -8.48528 0
      vertex -8.48528 -8.48528 8
    endloop
  endfacet
  facet normal 0.0231425 -0.706918 0.706917
    outer loop
      vertex 0.588628 -8.98073 11
      vertex 0 -9 11
      vertex 0.784837 -11.9743 8
    endloop
  endfacet
  facet normal -0.411987 -0.574921 0.706918
    outer loop
      vertex -5.47885 -7.14018 11
      vertex -7.30514 -9.52024 8
      vertex -5.00013 -7.48323 11
    endloop
  endfacet
  facet normal 0.706917 0.0231485 0.706917
    outer loop
      vertex 11.9743 0.784837 8
      vertex 9 0 11
      vertex 12 0 8
    endloop
  endfacet
  facet normal 0.973881 -0.227059 0
    outer loop
      vertex 11.5911 -3.10583 8
      vertex 11.7694 -2.34108 0
      vertex 11.7694 -2.34108 8
    endloop
  endfacet
  facet normal 0.973881 -0.227059 0
    outer loop
      vertex 11.7694 -2.34108 0
      vertex 11.5911 -3.10583 8
      vertex 11.5911 -3.10583 0
    endloop
  endfacet
  facet normal -0.448704 0.546747 0.706918
    outer loop
      vertex -7.30514 9.52024 8
      vertex -7.91215 9.02208 8
      vertex -5.47885 7.14018 11
    endloop
  endfacet
  facet normal -0.849201 -0.52807 0
    outer loop
      vertex -9.97763 -6.66684 0
      vertex -10.3923 -6 8
      vertex -10.3923 -6 0
    endloop
  endfacet
  facet normal -0.849201 -0.52807 0
    outer loop
      vertex -10.3923 -6 8
      vertex -9.97763 -6.66684 0
      vertex -9.97763 -6.66684 8
    endloop
  endfacet
  facet normal 0.703894 0.0693311 0.706913
    outer loop
      vertex 11.8973 1.56631 8
      vertex 8.923 1.17474 11
      vertex 8.98073 0.588628 11
    endloop
  endfacet
  facet normal 0.676836 -0.205316 0.706922
    outer loop
      vertex 8.69333 -2.32937 11
      vertex 8.52237 -2.89295 11
      vertex 11.3632 -3.85727 8
    endloop
  endfacet
  facet normal -0.574921 0.411987 0.706918
    outer loop
      vertex -7.14018 5.47885 11
      vertex -9.52024 7.30514 8
      vertex -7.48323 5.00013 11
    endloop
  endfacet
  facet normal -0.683596 -0.729861 0
    outer loop
      vertex -8.48528 -8.48528 0
      vertex -7.91215 -9.02208 8
      vertex -8.48528 -8.48528 8
    endloop
  endfacet
  facet normal -0.683596 -0.729861 -0
    outer loop
      vertex -7.91215 -9.02208 8
      vertex -8.48528 -8.48528 0
      vertex -7.91215 -9.02208 0
    endloop
  endfacet
  facet normal 0.773011 -0.634393 0
    outer loop
      vertex 9.02208 -7.91215 8
      vertex 9.52024 -7.30514 0
      vertex 9.52024 -7.30514 8
    endloop
  endfacet
  facet normal 0.773011 -0.634393 0
    outer loop
      vertex 9.52024 -7.30514 0
      vertex 9.02208 -7.91215 8
      vertex 9.02208 -7.91215 0
    endloop
  endfacet
  facet normal -0.52807 0.849201 0
    outer loop
      vertex -6 10.3923 0
      vertex -6.66684 9.97763 8
      vertex -6 10.3923 8
    endloop
  endfacet
  facet normal -0.52807 0.849201 0
    outer loop
      vertex -6.66684 9.97763 8
      vertex -6 10.3923 0
      vertex -6.66684 9.97763 0
    endloop
  endfacet
  facet normal 0.333437 -0.623766 0.70692
    outer loop
      vertex 6 -10.3923 8
      vertex 3.9806 -8.07185 11
      vertex 5.30746 -10.7625 8
    endloop
  endfacet
  facet normal -0.249136 -0.661961 0.706922
    outer loop
      vertex -3.44415 -8.31492 11
      vertex -3.85727 -11.3632 8
      vertex -2.89295 -8.52237 11
    endloop
  endfacet
  facet normal 0.64424 -0.291919 0.706922
    outer loop
      vertex 8.31492 -3.44415 11
      vertex 10.7625 -5.30746 8
      vertex 11.0866 -4.5922 8
    endloop
  endfacet
  facet normal 0.644244 -0.291912 0.706921
    outer loop
      vertex 10.7625 -5.30746 8
      vertex 8.31492 -3.44415 11
      vertex 8.07185 -3.9806 11
    endloop
  endfacet
  facet normal 0.688819 0.160616 0.706917
    outer loop
      vertex 11.5911 3.10583 8
      vertex 8.69333 2.32937 11
      vertex 8.82707 1.75581 11
    endloop
  endfacet
  facet normal -0.688819 0.160616 0.706917
    outer loop
      vertex -8.69333 2.32937 11
      vertex -11.5911 3.10583 8
      vertex -8.82707 1.75581 11
    endloop
  endfacet
  facet normal -0.411979 -0.574928 0.706917
    outer loop
      vertex -5.00013 -7.48323 11
      vertex -7.30514 -9.52024 8
      vertex -6.66684 -9.97763 8
    endloop
  endfacet
  facet normal 0.160598 -0.688825 0.706915
    outer loop
      vertex 3.10583 -11.5911 8
      vertex 1.75581 -8.82707 11
      vertex 2.34108 -11.7694 8
    endloop
  endfacet
  facet normal 0.0231485 -0.706917 0.706917
    outer loop
      vertex 0 -9 11
      vertex 0 -12 8
      vertex 0.784837 -11.9743 8
    endloop
  endfacet
  facet normal -0.333413 -0.623783 0.706917
    outer loop
      vertex -4.5 -7.79423 11
      vertex -6 -10.3923 8
      vertex -3.9806 -8.07185 11
    endloop
  endfacet
  facet normal -0.661961 -0.249136 0.706922
    outer loop
      vertex -8.52237 -2.89295 11
      vertex -11.3632 -3.85727 8
      vertex -8.31492 -3.44415 11
    endloop
  endfacet
  facet normal -0.448704 -0.546747 0.706918
    outer loop
      vertex -5.47885 -7.14018 11
      vertex -7.91215 -9.02208 8
      vertex -7.30514 -9.52024 8
    endloop
  endfacet
  facet normal 0.600639 0.3735 0.706916
    outer loop
      vertex 9.97763 6.66684 8
      vertex 7.48323 5.00013 11
      vertex 7.79423 4.5 11
    endloop
  endfacet
  facet normal -0.291912 -0.644243 0.706922
    outer loop
      vertex -3.9806 -8.07185 11
      vertex -4.5922 -11.0866 8
      vertex -3.44415 -8.31492 11
    endloop
  endfacet
  facet normal -0.29192 -0.644241 0.706921
    outer loop
      vertex -4.5922 -11.0866 8
      vertex -3.9806 -8.07185 11
      vertex -5.30746 -10.7625 8
    endloop
  endfacet
  facet normal 0.661961 0.249136 0.706922
    outer loop
      vertex 11.3632 3.85727 8
      vertex 8.31492 3.44415 11
      vertex 8.52237 2.89295 11
    endloop
  endfacet
  facet normal -0.291912 0.644243 0.706922
    outer loop
      vertex -4.5922 11.0866 8
      vertex -3.9806 8.07185 11
      vertex -3.44415 8.31492 11
    endloop
  endfacet
  facet normal -0.29192 0.644241 0.706921
    outer loop
      vertex -3.9806 8.07185 11
      vertex -4.5922 11.0866 8
      vertex -5.30746 10.7625 8
    endloop
  endfacet
  facet normal 0.160616 -0.688819 0.706917
    outer loop
      vertex 2.32937 -8.69333 11
      vertex 1.75581 -8.82707 11
      vertex 3.10583 -11.5911 8
    endloop
  endfacet
  facet normal 0.600639 -0.3735 0.706916
    outer loop
      vertex 7.79423 -4.5 11
      vertex 7.48323 -5.00013 11
      vertex 9.97763 -6.66684 8
    endloop
  endfacet
  facet normal 0.973881 0.227059 0
    outer loop
      vertex 11.7694 2.34108 8
      vertex 11.5911 3.10583 0
      vertex 11.5911 3.10583 8
    endloop
  endfacet
  facet normal 0.973881 0.227059 0
    outer loop
      vertex 11.5911 3.10583 0
      vertex 11.7694 2.34108 8
      vertex 11.7694 2.34108 0
    endloop
  endfacet
  facet normal -0.935909 -0.352241 0
    outer loop
      vertex -11.0866 -4.5922 0
      vertex -11.3632 -3.85727 8
      vertex -11.3632 -3.85727 0
    endloop
  endfacet
  facet normal -0.935909 -0.352241 0
    outer loop
      vertex -11.3632 -3.85727 8
      vertex -11.0866 -4.5922 0
      vertex -11.0866 -4.5922 8
    endloop
  endfacet
  facet normal -0.333437 0.623766 0.70692
    outer loop
      vertex -5.30746 10.7625 8
      vertex -6 10.3923 8
      vertex -3.9806 8.07185 11
    endloop
  endfacet
  facet normal 0.412728 0.910854 -0
    outer loop
      vertex 5.30746 10.7625 0
      vertex 4.5922 11.0866 8
      vertex 5.30746 10.7625 8
    endloop
  endfacet
  facet normal 0.412728 0.910854 0
    outer loop
      vertex 4.5922 11.0866 8
      vertex 5.30746 10.7625 0
      vertex 4.5922 11.0866 0
    endloop
  endfacet
  facet normal 0.623783 -0.333413 0.706917
    outer loop
      vertex 8.07185 -3.9806 11
      vertex 7.79423 -4.5 11
      vertex 10.3923 -6 8
    endloop
  endfacet
  facet normal -0.471426 0.881906 0
    outer loop
      vertex -5.30746 10.7625 0
      vertex -6 10.3923 8
      vertex -5.30746 10.7625 8
    endloop
  endfacet
  facet normal -0.471426 0.881906 0
    outer loop
      vertex -6 10.3923 8
      vertex -5.30746 10.7625 0
      vertex -6 10.3923 0
    endloop
  endfacet
  facet normal 0.697854 0.11521 0.706913
    outer loop
      vertex 11.8973 1.56631 8
      vertex 8.82707 1.75581 11
      vertex 8.923 1.17474 11
    endloop
  endfacet
  facet normal 0.995181 0.098057 0
    outer loop
      vertex 11.9743 0.784837 8
      vertex 11.8973 1.56631 0
      vertex 11.8973 1.56631 8
    endloop
  endfacet
  facet normal 0.995181 0.098057 0
    outer loop
      vertex 11.8973 1.56631 0
      vertex 11.9743 0.784837 8
      vertex 11.9743 0.784837 0
    endloop
  endfacet
  facet normal 0.995181 -0.098057 0
    outer loop
      vertex 11.8973 -1.56631 8
      vertex 11.9743 -0.784837 0
      vertex 11.9743 -0.784837 8
    endloop
  endfacet
  facet normal 0.995181 -0.098057 0
    outer loop
      vertex 11.9743 -0.784837 0
      vertex 11.8973 -1.56631 8
      vertex 11.8973 -1.56631 0
    endloop
  endfacet
  facet normal -0.0231485 -0.706917 0.706917
    outer loop
      vertex 0 -9 11
      vertex -0.784837 -11.9743 8
      vertex 0 -12 8
    endloop
  endfacet
  facet normal -0.574928 -0.411979 0.706917
    outer loop
      vertex -7.48323 -5.00013 11
      vertex -9.97763 -6.66684 8
      vertex -9.52024 -7.30514 8
    endloop
  endfacet
  facet normal 0.703889 0.0693555 0.706916
    outer loop
      vertex 11.8973 1.56631 8
      vertex 8.98073 0.588628 11
      vertex 11.9743 0.784837 8
    endloop
  endfacet
  facet normal -0.973881 0.227059 0
    outer loop
      vertex -11.7694 2.34108 0
      vertex -11.5911 3.10583 8
      vertex -11.5911 3.10583 0
    endloop
  endfacet
  facet normal -0.973881 0.227059 0
    outer loop
      vertex -11.5911 3.10583 8
      vertex -11.7694 2.34108 0
      vertex -11.7694 2.34108 8
    endloop
  endfacet
  facet normal -0.956957 -0.29023 0
    outer loop
      vertex -11.3632 -3.85727 0
      vertex -11.5911 -3.10583 8
      vertex -11.5911 -3.10583 0
    endloop
  endfacet
  facet normal -0.956957 -0.29023 0
    outer loop
      vertex -11.5911 -3.10583 8
      vertex -11.3632 -3.85727 0
      vertex -11.3632 -3.85727 8
    endloop
  endfacet
  facet normal -0.986646 -0.162877 0
    outer loop
      vertex -11.7694 -2.34108 0
      vertex -11.8973 -1.56631 8
      vertex -11.8973 -1.56631 0
    endloop
  endfacet
  facet normal -0.986646 -0.162877 0
    outer loop
      vertex -11.8973 -1.56631 8
      vertex -11.7694 -2.34108 0
      vertex -11.7694 -2.34108 8
    endloop
  endfacet
  facet normal -0.412728 -0.910854 0
    outer loop
      vertex -5.30746 -10.7625 0
      vertex -4.5922 -11.0866 8
      vertex -5.30746 -10.7625 8
    endloop
  endfacet
  facet normal -0.412728 -0.910854 -0
    outer loop
      vertex -4.5922 -11.0866 8
      vertex -5.30746 -10.7625 0
      vertex -4.5922 -11.0866 0
    endloop
  endfacet
  facet normal -0.0231485 0.706917 0.706917
    outer loop
      vertex 0 12 8
      vertex -0.784837 11.9743 8
      vertex 0 9 11
    endloop
  endfacet
  facet normal -0.471426 -0.881906 0
    outer loop
      vertex -6 -10.3923 0
      vertex -5.30746 -10.7625 8
      vertex -6 -10.3923 8
    endloop
  endfacet
  facet normal -0.471426 -0.881906 -0
    outer loop
      vertex -5.30746 -10.7625 8
      vertex -6 -10.3923 0
      vertex -5.30746 -10.7625 0
    endloop
  endfacet
  facet normal -0.773011 0.634393 0
    outer loop
      vertex -9.52024 7.30514 0
      vertex -9.02208 7.91215 8
      vertex -9.02208 7.91215 0
    endloop
  endfacet
  facet normal -0.773011 0.634393 0
    outer loop
      vertex -9.02208 7.91215 8
      vertex -9.52024 7.30514 0
      vertex -9.52024 7.30514 8
    endloop
  endfacet
  facet normal -0.0693311 -0.703894 0.706913
    outer loop
      vertex -1.17474 -8.923 11
      vertex -1.56631 -11.8973 8
      vertex -0.588628 -8.98073 11
    endloop
  endfacet
  facet normal -0.812852 -0.58247 0
    outer loop
      vertex -9.52024 -7.30514 0
      vertex -9.97763 -6.66684 8
      vertex -9.97763 -6.66684 0
    endloop
  endfacet
  facet normal -0.812852 -0.58247 0
    outer loop
      vertex -9.97763 -6.66684 8
      vertex -9.52024 -7.30514 0
      vertex -9.52024 -7.30514 8
    endloop
  endfacet
  facet normal -0.697854 -0.11521 0.706913
    outer loop
      vertex -8.923 -1.17474 11
      vertex -11.8973 -1.56631 8
      vertex -8.82707 -1.75581 11
    endloop
  endfacet
  facet normal -0.703894 -0.0693311 0.706913
    outer loop
      vertex -8.98073 -0.588628 11
      vertex -11.8973 -1.56631 8
      vertex -8.923 -1.17474 11
    endloop
  endfacet
  facet normal 0.249137 0.661961 0.706922
    outer loop
      vertex 3.85727 11.3632 8
      vertex 3.44415 8.31492 11
      vertex 4.5922 11.0866 8
    endloop
  endfacet
  facet normal -0.411987 0.574921 0.706918
    outer loop
      vertex -5.00013 7.48323 11
      vertex -7.30514 9.52024 8
      vertex -5.47885 7.14018 11
    endloop
  endfacet
  facet normal -0.29023 -0.956957 0
    outer loop
      vertex -3.85727 -11.3632 0
      vertex -3.10583 -11.5911 8
      vertex -3.85727 -11.3632 8
    endloop
  endfacet
  facet normal -0.29023 -0.956957 -0
    outer loop
      vertex -3.10583 -11.5911 8
      vertex -3.85727 -11.3632 0
      vertex -3.10583 -11.5911 0
    endloop
  endfacet
  facet normal 0.999464 0.0327281 0
    outer loop
      vertex 12 0 8
      vertex 11.9743 0.784837 0
      vertex 11.9743 0.784837 8
    endloop
  endfacet
  facet normal 0.999464 0.0327281 0
    outer loop
      vertex 11.9743 0.784837 0
      vertex 12 0 8
      vertex 12 0 0
    endloop
  endfacet
  facet normal 0.703889 -0.0693555 0.706916
    outer loop
      vertex 11.9743 -0.784837 8
      vertex 8.98073 -0.588628 11
      vertex 11.8973 -1.56631 8
    endloop
  endfacet
  facet normal 0.546748 -0.448702 0.706918
    outer loop
      vertex 7.14018 -5.47885 11
      vertex 6.76656 -5.93411 11
      vertex 9.02208 -7.91215 8
    endloop
  endfacet
  facet normal -0.516229 -0.483503 0.706917
    outer loop
      vertex -6.76656 -5.93411 11
      vertex -8.48528 -8.48528 8
      vertex -6.36396 -6.36396 11
    endloop
  endfacet
  facet normal -0.516228 -0.483505 0.706918
    outer loop
      vertex -8.48528 -8.48528 8
      vertex -6.76656 -5.93411 11
      vertex -9.02208 -7.91215 8
    endloop
  endfacet
  facet normal -0.935909 0.352241 0
    outer loop
      vertex -11.3632 3.85727 0
      vertex -11.0866 4.5922 8
      vertex -11.0866 4.5922 0
    endloop
  endfacet
  facet normal -0.935909 0.352241 0
    outer loop
      vertex -11.0866 4.5922 8
      vertex -11.3632 3.85727 0
      vertex -11.3632 3.85727 8
    endloop
  endfacet
  facet normal 0.661961 -0.249136 0.706922
    outer loop
      vertex 8.52237 -2.89295 11
      vertex 8.31492 -3.44415 11
      vertex 11.3632 -3.85727 8
    endloop
  endfacet
  facet normal 0.0693555 0.703889 0.706916
    outer loop
      vertex 0.784837 11.9743 8
      vertex 0.588628 8.98073 11
      vertex 1.56631 11.8973 8
    endloop
  endfacet
  facet normal 0.634393 -0.773011 0
    outer loop
      vertex 7.30514 -9.52024 0
      vertex 7.91215 -9.02208 8
      vertex 7.30514 -9.52024 8
    endloop
  endfacet
  facet normal 0.634393 -0.773011 0
    outer loop
      vertex 7.91215 -9.02208 8
      vertex 7.30514 -9.52024 0
      vertex 7.91215 -9.02208 0
    endloop
  endfacet
  facet normal -0.160598 -0.688825 0.706915
    outer loop
      vertex -1.75581 -8.82707 11
      vertex -3.10583 -11.5911 8
      vertex -2.34108 -11.7694 8
    endloop
  endfacet
  facet normal 0.205279 -0.676852 0.706917
    outer loop
      vertex 3.85727 -11.3632 8
      vertex 2.32937 -8.69333 11
      vertex 3.10583 -11.5911 8
    endloop
  endfacet
  facet normal 0.411987 -0.574921 0.706918
    outer loop
      vertex 5.47885 -7.14018 11
      vertex 5.00013 -7.48323 11
      vertex 7.30514 -9.52024 8
    endloop
  endfacet
  facet normal -0.3735 -0.600639 0.706916
    outer loop
      vertex -5.00013 -7.48323 11
      vertex -6.66684 -9.97763 8
      vertex -4.5 -7.79423 11
    endloop
  endfacet
  facet normal 0.0693311 0.703894 0.706913
    outer loop
      vertex 1.56631 11.8973 8
      vertex 0.588628 8.98073 11
      vertex 1.17474 8.923 11
    endloop
  endfacet
  facet normal 0.773011 0.634393 0
    outer loop
      vertex 9.52024 7.30514 8
      vertex 9.02208 7.91215 0
      vertex 9.02208 7.91215 8
    endloop
  endfacet
  facet normal 0.773011 0.634393 0
    outer loop
      vertex 9.02208 7.91215 0
      vertex 9.52024 7.30514 8
      vertex 9.52024 7.30514 0
    endloop
  endfacet
  facet normal 0.574928 0.411979 0.706917
    outer loop
      vertex 9.52024 7.30514 8
      vertex 7.48323 5.00013 11
      vertex 9.97763 6.66684 8
    endloop
  endfacet
  facet normal -0.162877 -0.986646 0
    outer loop
      vertex -2.34108 -11.7694 0
      vertex -1.56631 -11.8973 8
      vertex -2.34108 -11.7694 8
    endloop
  endfacet
  facet normal -0.162877 -0.986646 -0
    outer loop
      vertex -1.56631 -11.8973 8
      vertex -2.34108 -11.7694 0
      vertex -1.56631 -11.8973 0
    endloop
  endfacet
  facet normal 0.411987 0.574921 0.706918
    outer loop
      vertex 7.30514 9.52024 8
      vertex 5.00013 7.48323 11
      vertex 5.47885 7.14018 11
    endloop
  endfacet
  facet normal -0.973881 -0.227059 0
    outer loop
      vertex -11.5911 -3.10583 0
      vertex -11.7694 -2.34108 8
      vertex -11.7694 -2.34108 0
    endloop
  endfacet
  facet normal -0.973881 -0.227059 0
    outer loop
      vertex -11.7694 -2.34108 8
      vertex -11.5911 -3.10583 0
      vertex -11.5911 -3.10583 8
    endloop
  endfacet
  facet normal -0.0327281 -0.999464 0
    outer loop
      vertex -0.784837 -11.9743 0
      vertex 0 -12 8
      vertex -0.784837 -11.9743 8
    endloop
  endfacet
  facet normal -0.0327281 -0.999464 -0
    outer loop
      vertex 0 -12 8
      vertex -0.784837 -11.9743 0
      vertex 0 -12 0
    endloop
  endfacet
  facet normal -0.373502 0.600637 0.706917
    outer loop
      vertex -6 10.3923 8
      vertex -6.66684 9.97763 8
      vertex -4.5 7.79423 11
    endloop
  endfacet
  facet normal -0.373502 -0.600637 0.706917
    outer loop
      vertex -4.5 -7.79423 11
      vertex -6.66684 -9.97763 8
      vertex -6 -10.3923 8
    endloop
  endfacet
  facet normal 0.162877 0.986646 -0
    outer loop
      vertex 2.34108 11.7694 0
      vertex 1.56631 11.8973 8
      vertex 2.34108 11.7694 8
    endloop
  endfacet
  facet normal 0.162877 0.986646 0
    outer loop
      vertex 1.56631 11.8973 8
      vertex 2.34108 11.7694 0
      vertex 1.56631 11.8973 0
    endloop
  endfacet
  facet normal -0.205316 0.676836 0.706922
    outer loop
      vertex -2.32937 8.69333 11
      vertex -3.85727 11.3632 8
      vertex -2.89295 8.52237 11
    endloop
  endfacet
  facet normal -0.58247 -0.812852 0
    outer loop
      vertex -7.30514 -9.52024 0
      vertex -6.66684 -9.97763 8
      vertex -7.30514 -9.52024 8
    endloop
  endfacet
  facet normal -0.58247 -0.812852 -0
    outer loop
      vertex -6.66684 -9.97763 8
      vertex -7.30514 -9.52024 0
      vertex -6.66684 -9.97763 0
    endloop
  endfacet
  facet normal -0.115203 0.697854 0.706914
    outer loop
      vertex -1.56631 11.8973 8
      vertex -2.34108 11.7694 8
      vertex -1.75581 8.82707 11
    endloop
  endfacet
  facet normal -0.160616 0.688819 0.706917
    outer loop
      vertex -1.75581 8.82707 11
      vertex -3.10583 11.5911 8
      vertex -2.32937 8.69333 11
    endloop
  endfacet
  facet normal -0.483503 0.516229 0.706918
    outer loop
      vertex -7.91215 9.02208 8
      vertex -6.36396 6.36396 11
      vertex -5.93411 6.76656 11
    endloop
  endfacet
  facet normal -0.483505 0.516228 0.706917
    outer loop
      vertex -6.36396 6.36396 11
      vertex -7.91215 9.02208 8
      vertex -8.48528 8.48528 8
    endloop
  endfacet
  facet normal 0.935909 -0.352241 0
    outer loop
      vertex 11.0866 -4.5922 8
      vertex 11.3632 -3.85727 0
      vertex 11.3632 -3.85727 8
    endloop
  endfacet
  facet normal 0.935909 -0.352241 0
    outer loop
      vertex 11.3632 -3.85727 0
      vertex 11.0866 -4.5922 8
      vertex 11.0866 -4.5922 0
    endloop
  endfacet
  facet normal -0.411979 0.574928 0.706917
    outer loop
      vertex -6.66684 9.97763 8
      vertex -7.30514 9.52024 8
      vertex -5.00013 7.48323 11
    endloop
  endfacet
  facet normal -0.448702 -0.546748 0.706918
    outer loop
      vertex -5.93411 -6.76656 11
      vertex -7.91215 -9.02208 8
      vertex -5.47885 -7.14018 11
    endloop
  endfacet
  facet normal -0.160598 0.688825 0.706915
    outer loop
      vertex -2.34108 11.7694 8
      vertex -3.10583 11.5911 8
      vertex -1.75581 8.82707 11
    endloop
  endfacet
  facet normal 0.64424 0.291919 0.706922
    outer loop
      vertex 10.7625 5.30746 8
      vertex 8.31492 3.44415 11
      vertex 11.0866 4.5922 8
    endloop
  endfacet
  facet normal 0.644244 0.291912 0.706921
    outer loop
      vertex 8.31492 3.44415 11
      vertex 10.7625 5.30746 8
      vertex 8.07185 3.9806 11
    endloop
  endfacet
  facet normal 0.623766 0.333437 0.70692
    outer loop
      vertex 10.3923 6 8
      vertex 8.07185 3.9806 11
      vertex 10.7625 5.30746 8
    endloop
  endfacet
  facet normal -0.676852 -0.205279 0.706917
    outer loop
      vertex -8.69333 -2.32937 11
      vertex -11.5911 -3.10583 8
      vertex -11.3632 -3.85727 8
    endloop
  endfacet
  facet normal -0.546747 -0.448704 0.706918
    outer loop
      vertex -7.14018 -5.47885 11
      vertex -9.52024 -7.30514 8
      vertex -9.02208 -7.91215 8
    endloop
  endfacet
  facet normal 0.956957 -0.29023 0
    outer loop
      vertex 11.3632 -3.85727 8
      vertex 11.5911 -3.10583 0
      vertex 11.5911 -3.10583 8
    endloop
  endfacet
  facet normal 0.956957 -0.29023 0
    outer loop
      vertex 11.5911 -3.10583 0
      vertex 11.3632 -3.85727 8
      vertex 11.3632 -3.85727 0
    endloop
  endfacet
  facet normal 0.999464 -0.0327281 0
    outer loop
      vertex 11.9743 -0.784837 8
      vertex 12 0 0
      vertex 12 0 8
    endloop
  endfacet
  facet normal 0.999464 -0.0327281 0
    outer loop
      vertex 12 0 0
      vertex 11.9743 -0.784837 8
      vertex 11.9743 -0.784837 0
    endloop
  endfacet
  facet normal 0.706918 -0.0231425 0.706917
    outer loop
      vertex 9 0 11
      vertex 8.98073 -0.588628 11
      vertex 11.9743 -0.784837 8
    endloop
  endfacet
  facet normal -0.162877 0.986646 0
    outer loop
      vertex -1.56631 11.8973 0
      vertex -2.34108 11.7694 8
      vertex -1.56631 11.8973 8
    endloop
  endfacet
  facet normal -0.162877 0.986646 0
    outer loop
      vertex -2.34108 11.7694 8
      vertex -1.56631 11.8973 0
      vertex -2.34108 11.7694 0
    endloop
  endfacet
  facet normal 0.910854 -0.412728 0
    outer loop
      vertex 10.7625 -5.30746 8
      vertex 11.0866 -4.5922 0
      vertex 11.0866 -4.5922 8
    endloop
  endfacet
  facet normal 0.910854 -0.412728 0
    outer loop
      vertex 11.0866 -4.5922 0
      vertex 10.7625 -5.30746 8
      vertex 10.7625 -5.30746 0
    endloop
  endfacet
  facet normal 0.812852 -0.58247 0
    outer loop
      vertex 9.52024 -7.30514 8
      vertex 9.97763 -6.66684 0
      vertex 9.97763 -6.66684 8
    endloop
  endfacet
  facet normal 0.812852 -0.58247 0
    outer loop
      vertex 9.97763 -6.66684 0
      vertex 9.52024 -7.30514 8
      vertex 9.52024 -7.30514 0
    endloop
  endfacet
  facet normal -0.644244 -0.291912 0.706921
    outer loop
      vertex -8.31492 -3.44415 11
      vertex -10.7625 -5.30746 8
      vertex -8.07185 -3.9806 11
    endloop
  endfacet
  facet normal -0.64424 -0.291919 0.706922
    outer loop
      vertex -10.7625 -5.30746 8
      vertex -8.31492 -3.44415 11
      vertex -11.0866 -4.5922 8
    endloop
  endfacet
  facet normal -0.623766 -0.333437 0.70692
    outer loop
      vertex -8.07185 -3.9806 11
      vertex -10.7625 -5.30746 8
      vertex -10.3923 -6 8
    endloop
  endfacet
  facet normal 0.373502 -0.600637 0.706917
    outer loop
      vertex 6.66684 -9.97763 8
      vertex 4.5 -7.79423 11
      vertex 6 -10.3923 8
    endloop
  endfacet
  facet normal -0.333413 0.623783 0.706917
    outer loop
      vertex -3.9806 8.07185 11
      vertex -6 10.3923 8
      vertex -4.5 7.79423 11
    endloop
  endfacet
  facet normal -0.600639 -0.3735 0.706916
    outer loop
      vertex -7.79423 -4.5 11
      vertex -9.97763 -6.66684 8
      vertex -7.48323 -5.00013 11
    endloop
  endfacet
  facet normal -0.600637 -0.373502 0.706917
    outer loop
      vertex -7.79423 -4.5 11
      vertex -10.3923 -6 8
      vertex -9.97763 -6.66684 8
    endloop
  endfacet
  facet normal -0.773011 -0.634393 0
    outer loop
      vertex -9.02208 -7.91215 0
      vertex -9.52024 -7.30514 8
      vertex -9.52024 -7.30514 0
    endloop
  endfacet
  facet normal -0.773011 -0.634393 0
    outer loop
      vertex -9.52024 -7.30514 8
      vertex -9.02208 -7.91215 0
      vertex -9.02208 -7.91215 8
    endloop
  endfacet
  facet normal -0.52807 -0.849201 0
    outer loop
      vertex -6.66684 -9.97763 0
      vertex -6 -10.3923 8
      vertex -6.66684 -9.97763 8
    endloop
  endfacet
  facet normal -0.52807 -0.849201 -0
    outer loop
      vertex -6 -10.3923 8
      vertex -6.66684 -9.97763 0
      vertex -6 -10.3923 0
    endloop
  endfacet
  facet normal -0.333437 -0.623766 0.70692
    outer loop
      vertex -3.9806 -8.07185 11
      vertex -6 -10.3923 8
      vertex -5.30746 -10.7625 8
    endloop
  endfacet
  facet normal 0.706918 0.0231425 0.706917
    outer loop
      vertex 11.9743 0.784837 8
      vertex 8.98073 0.588628 11
      vertex 9 0 11
    endloop
  endfacet
  facet normal -0.205316 -0.676836 0.706922
    outer loop
      vertex -2.89295 -8.52237 11
      vertex -3.85727 -11.3632 8
      vertex -2.32937 -8.69333 11
    endloop
  endfacet
  facet normal 0.58247 -0.812852 0
    outer loop
      vertex 6.66684 -9.97763 0
      vertex 7.30514 -9.52024 8
      vertex 6.66684 -9.97763 8
    endloop
  endfacet
  facet normal 0.58247 -0.812852 0
    outer loop
      vertex 7.30514 -9.52024 8
      vertex 6.66684 -9.97763 0
      vertex 7.30514 -9.52024 0
    endloop
  endfacet
  facet normal 0.0327281 0.999464 -0
    outer loop
      vertex 0.784837 11.9743 0
      vertex 0 12 8
      vertex 0.784837 11.9743 8
    endloop
  endfacet
  facet normal 0.0327281 0.999464 0
    outer loop
      vertex 0 12 8
      vertex 0.784837 11.9743 0
      vertex 0 12 0
    endloop
  endfacet
  facet normal -0.546748 -0.448702 0.706918
    outer loop
      vertex -7.14018 -5.47885 11
      vertex -9.02208 -7.91215 8
      vertex -6.76656 -5.93411 11
    endloop
  endfacet
  facet normal 0.52807 0.849201 -0
    outer loop
      vertex 6.66684 9.97763 0
      vertex 6 10.3923 8
      vertex 6.66684 9.97763 8
    endloop
  endfacet
  facet normal 0.52807 0.849201 0
    outer loop
      vertex 6 10.3923 8
      vertex 6.66684 9.97763 0
      vertex 6 10.3923 0
    endloop
  endfacet
  facet normal -0.0231425 -0.706918 0.706917
    outer loop
      vertex -0.588628 -8.98073 11
      vertex -0.784837 -11.9743 8
      vertex 0 -9 11
    endloop
  endfacet
  facet normal 0.0231425 0.706918 0.706917
    outer loop
      vertex 0.784837 11.9743 8
      vertex 0 9 11
      vertex 0.588628 8.98073 11
    endloop
  endfacet
  facet normal -0.249137 -0.661961 0.706922
    outer loop
      vertex -3.44415 -8.31492 11
      vertex -4.5922 -11.0866 8
      vertex -3.85727 -11.3632 8
    endloop
  endfacet
  facet normal 0.812852 0.58247 0
    outer loop
      vertex 9.97763 6.66684 8
      vertex 9.52024 7.30514 0
      vertex 9.52024 7.30514 8
    endloop
  endfacet
  facet normal 0.812852 0.58247 0
    outer loop
      vertex 9.52024 7.30514 0
      vertex 9.97763 6.66684 8
      vertex 9.97763 6.66684 0
    endloop
  endfacet
  facet normal -0.881906 0.471426 0
    outer loop
      vertex -10.7625 5.30746 0
      vertex -10.3923 6 8
      vertex -10.3923 6 0
    endloop
  endfacet
  facet normal -0.881906 0.471426 0
    outer loop
      vertex -10.3923 6 8
      vertex -10.7625 5.30746 0
      vertex -10.7625 5.30746 8
    endloop
  endfacet
  facet normal 0.115203 -0.697854 0.706914
    outer loop
      vertex 1.75581 -8.82707 11
      vertex 1.56631 -11.8973 8
      vertex 2.34108 -11.7694 8
    endloop
  endfacet
  facet normal -0.160616 -0.688819 0.706917
    outer loop
      vertex -2.32937 -8.69333 11
      vertex -3.10583 -11.5911 8
      vertex -1.75581 -8.82707 11
    endloop
  endfacet
  facet normal -0.644244 0.291912 0.706921
    outer loop
      vertex -10.7625 5.30746 8
      vertex -8.31492 3.44415 11
      vertex -8.07185 3.9806 11
    endloop
  endfacet
  facet normal -0.64424 0.291919 0.706922
    outer loop
      vertex -8.31492 3.44415 11
      vertex -10.7625 5.30746 8
      vertex -11.0866 4.5922 8
    endloop
  endfacet
  facet normal 0.729861 0.683596 0
    outer loop
      vertex 9.02208 7.91215 8
      vertex 8.48528 8.48528 0
      vertex 8.48528 8.48528 8
    endloop
  endfacet
  facet normal 0.729861 0.683596 0
    outer loop
      vertex 8.48528 8.48528 0
      vertex 9.02208 7.91215 8
      vertex 9.02208 7.91215 0
    endloop
  endfacet
  facet normal 0.935909 0.352241 0
    outer loop
      vertex 11.3632 3.85727 8
      vertex 11.0866 4.5922 0
      vertex 11.0866 4.5922 8
    endloop
  endfacet
  facet normal 0.935909 0.352241 0
    outer loop
      vertex 11.0866 4.5922 0
      vertex 11.3632 3.85727 8
      vertex 11.3632 3.85727 0
    endloop
  endfacet
  facet normal 0.333437 0.623766 0.70692
    outer loop
      vertex 5.30746 10.7625 8
      vertex 3.9806 8.07185 11
      vertex 6 10.3923 8
    endloop
  endfacet
  facet normal 0.849201 -0.52807 0
    outer loop
      vertex 9.97763 -6.66684 8
      vertex 10.3923 -6 0
      vertex 10.3923 -6 8
    endloop
  endfacet
  facet normal 0.849201 -0.52807 0
    outer loop
      vertex 10.3923 -6 0
      vertex 9.97763 -6.66684 8
      vertex 9.97763 -6.66684 0
    endloop
  endfacet
  facet normal 0.29023 0.956957 -0
    outer loop
      vertex 3.85727 11.3632 0
      vertex 3.10583 11.5911 8
      vertex 3.85727 11.3632 8
    endloop
  endfacet
  facet normal 0.29023 0.956957 0
    outer loop
      vertex 3.10583 11.5911 8
      vertex 3.85727 11.3632 0
      vertex 3.10583 11.5911 0
    endloop
  endfacet
  facet normal 0.29192 -0.644241 0.706921
    outer loop
      vertex 3.9806 -8.07185 11
      vertex 4.5922 -11.0866 8
      vertex 5.30746 -10.7625 8
    endloop
  endfacet
  facet normal 0.291912 -0.644243 0.706922
    outer loop
      vertex 4.5922 -11.0866 8
      vertex 3.9806 -8.07185 11
      vertex 3.44415 -8.31492 11
    endloop
  endfacet
  facet normal 0.227059 -0.973881 0
    outer loop
      vertex 2.34108 -11.7694 0
      vertex 3.10583 -11.5911 8
      vertex 2.34108 -11.7694 8
    endloop
  endfacet
  facet normal 0.227059 -0.973881 0
    outer loop
      vertex 3.10583 -11.5911 8
      vertex 2.34108 -11.7694 0
      vertex 3.10583 -11.5911 0
    endloop
  endfacet
  facet normal 0.634393 0.773011 -0
    outer loop
      vertex 7.91215 9.02208 0
      vertex 7.30514 9.52024 8
      vertex 7.91215 9.02208 8
    endloop
  endfacet
  facet normal 0.634393 0.773011 0
    outer loop
      vertex 7.30514 9.52024 8
      vertex 7.91215 9.02208 0
      vertex 7.30514 9.52024 0
    endloop
  endfacet
  facet normal 0.205316 0.676836 0.706922
    outer loop
      vertex 3.85727 11.3632 8
      vertex 2.32937 8.69333 11
      vertex 2.89295 8.52237 11
    endloop
  endfacet
  facet normal -0.574921 -0.411987 0.706918
    outer loop
      vertex -7.48323 -5.00013 11
      vertex -9.52024 -7.30514 8
      vertex -7.14018 -5.47885 11
    endloop
  endfacet
  facet normal 0.162877 -0.986646 0
    outer loop
      vertex 1.56631 -11.8973 0
      vertex 2.34108 -11.7694 8
      vertex 1.56631 -11.8973 8
    endloop
  endfacet
  facet normal 0.162877 -0.986646 0
    outer loop
      vertex 2.34108 -11.7694 8
      vertex 1.56631 -11.8973 0
      vertex 2.34108 -11.7694 0
    endloop
  endfacet
  facet normal 0.676852 -0.205279 0.706917
    outer loop
      vertex 11.5911 -3.10583 8
      vertex 8.69333 -2.32937 11
      vertex 11.3632 -3.85727 8
    endloop
  endfacet
  facet normal 0.688819 -0.160616 0.706917
    outer loop
      vertex 8.82707 -1.75581 11
      vertex 8.69333 -2.32937 11
      vertex 11.5911 -3.10583 8
    endloop
  endfacet
  facet normal 0.546747 0.448704 0.706918
    outer loop
      vertex 9.02208 7.91215 8
      vertex 7.14018 5.47885 11
      vertex 9.52024 7.30514 8
    endloop
  endfacet
  facet normal -0.995181 0.098057 0
    outer loop
      vertex -11.9743 0.784837 0
      vertex -11.8973 1.56631 8
      vertex -11.8973 1.56631 0
    endloop
  endfacet
  facet normal -0.995181 0.098057 0
    outer loop
      vertex -11.8973 1.56631 8
      vertex -11.9743 0.784837 0
      vertex -11.9743 0.784837 8
    endloop
  endfacet
  facet normal -0.205279 -0.676852 0.706917
    outer loop
      vertex -2.32937 -8.69333 11
      vertex -3.85727 -11.3632 8
      vertex -3.10583 -11.5911 8
    endloop
  endfacet
  facet normal -0.676836 -0.205316 0.706922
    outer loop
      vertex -8.69333 -2.32937 11
      vertex -11.3632 -3.85727 8
      vertex -8.52237 -2.89295 11
    endloop
  endfacet
  facet normal -0.634393 -0.773011 0
    outer loop
      vertex -7.91215 -9.02208 0
      vertex -7.30514 -9.52024 8
      vertex -7.91215 -9.02208 8
    endloop
  endfacet
  facet normal -0.634393 -0.773011 -0
    outer loop
      vertex -7.30514 -9.52024 8
      vertex -7.91215 -9.02208 0
      vertex -7.30514 -9.52024 0
    endloop
  endfacet
  facet normal 0.411979 -0.574928 0.706917
    outer loop
      vertex 7.30514 -9.52024 8
      vertex 5.00013 -7.48323 11
      vertex 6.66684 -9.97763 8
    endloop
  endfacet
  facet normal 0.661961 0.249137 0.706922
    outer loop
      vertex 11.0866 4.5922 8
      vertex 8.31492 3.44415 11
      vertex 11.3632 3.85727 8
    endloop
  endfacet
  facet normal 0.956957 0.29023 0
    outer loop
      vertex 11.5911 3.10583 8
      vertex 11.3632 3.85727 0
      vertex 11.3632 3.85727 8
    endloop
  endfacet
  facet normal 0.956957 0.29023 0
    outer loop
      vertex 11.3632 3.85727 0
      vertex 11.5911 3.10583 8
      vertex 11.5911 3.10583 0
    endloop
  endfacet
  facet normal -0.688819 -0.160616 0.706917
    outer loop
      vertex -8.82707 -1.75581 11
      vertex -11.5911 -3.10583 8
      vertex -8.69333 -2.32937 11
    endloop
  endfacet
  facet normal -0.11521 -0.697854 0.706913
    outer loop
      vertex -1.17474 -8.923 11
      vertex -1.75581 -8.82707 11
      vertex -1.56631 -11.8973 8
    endloop
  endfacet
  facet normal 0.697854 -0.11521 0.706913
    outer loop
      vertex 8.923 -1.17474 11
      vertex 8.82707 -1.75581 11
      vertex 11.8973 -1.56631 8
    endloop
  endfacet
  facet normal 0.703894 -0.0693311 0.706913
    outer loop
      vertex 8.98073 -0.588628 11
      vertex 8.923 -1.17474 11
      vertex 11.8973 -1.56631 8
    endloop
  endfacet
  facet normal -0.29023 0.956957 0
    outer loop
      vertex -3.10583 11.5911 0
      vertex -3.85727 11.3632 8
      vertex -3.10583 11.5911 8
    endloop
  endfacet
  facet normal -0.29023 0.956957 0
    outer loop
      vertex -3.85727 11.3632 8
      vertex -3.10583 11.5911 0
      vertex -3.85727 11.3632 0
    endloop
  endfacet
  facet normal -0.986646 0.162877 0
    outer loop
      vertex -11.8973 1.56631 0
      vertex -11.7694 2.34108 8
      vertex -11.7694 2.34108 0
    endloop
  endfacet
  facet normal -0.986646 0.162877 0
    outer loop
      vertex -11.7694 2.34108 8
      vertex -11.8973 1.56631 0
      vertex -11.8973 1.56631 8
    endloop
  endfacet
  facet normal 0.697854 -0.115203 0.706914
    outer loop
      vertex 11.8973 -1.56631 8
      vertex 8.82707 -1.75581 11
      vertex 11.7694 -2.34108 8
    endloop
  endfacet
  facet normal 0.688825 -0.160598 0.706915
    outer loop
      vertex 11.7694 -2.34108 8
      vertex 8.82707 -1.75581 11
      vertex 11.5911 -3.10583 8
    endloop
  endfacet
  facet normal -0.600639 0.3735 0.706916
    outer loop
      vertex -7.48323 5.00013 11
      vertex -9.97763 6.66684 8
      vertex -7.79423 4.5 11
    endloop
  endfacet
  facet normal 0.623766 -0.333437 0.70692
    outer loop
      vertex 10.7625 -5.30746 8
      vertex 8.07185 -3.9806 11
      vertex 10.3923 -6 8
    endloop
  endfacet
  facet normal 0.661961 -0.249137 0.706922
    outer loop
      vertex 11.3632 -3.85727 8
      vertex 8.31492 -3.44415 11
      vertex 11.0866 -4.5922 8
    endloop
  endfacet
  facet normal 0.160616 0.688819 0.706917
    outer loop
      vertex 3.10583 11.5911 8
      vertex 1.75581 8.82707 11
      vertex 2.32937 8.69333 11
    endloop
  endfacet
  facet normal 0.205316 -0.676836 0.706922
    outer loop
      vertex 2.89295 -8.52237 11
      vertex 2.32937 -8.69333 11
      vertex 3.85727 -11.3632 8
    endloop
  endfacet
  facet normal 0.52807 -0.849201 0
    outer loop
      vertex 6 -10.3923 0
      vertex 6.66684 -9.97763 8
      vertex 6 -10.3923 8
    endloop
  endfacet
  facet normal 0.52807 -0.849201 0
    outer loop
      vertex 6.66684 -9.97763 8
      vertex 6 -10.3923 0
      vertex 6.66684 -9.97763 0
    endloop
  endfacet
  facet normal 0.29192 0.644241 0.706921
    outer loop
      vertex 4.5922 11.0866 8
      vertex 3.9806 8.07185 11
      vertex 5.30746 10.7625 8
    endloop
  endfacet
  facet normal 0.291912 0.644243 0.706922
    outer loop
      vertex 3.9806 8.07185 11
      vertex 4.5922 11.0866 8
      vertex 3.44415 8.31492 11
    endloop
  endfacet
  facet normal -0.227059 -0.973881 0
    outer loop
      vertex -3.10583 -11.5911 0
      vertex -2.34108 -11.7694 8
      vertex -3.10583 -11.5911 8
    endloop
  endfacet
  facet normal -0.227059 -0.973881 -0
    outer loop
      vertex -2.34108 -11.7694 8
      vertex -3.10583 -11.5911 0
      vertex -2.34108 -11.7694 0
    endloop
  endfacet
  facet normal 0.58247 0.812852 -0
    outer loop
      vertex 7.30514 9.52024 0
      vertex 6.66684 9.97763 8
      vertex 7.30514 9.52024 8
    endloop
  endfacet
  facet normal 0.58247 0.812852 0
    outer loop
      vertex 6.66684 9.97763 8
      vertex 7.30514 9.52024 0
      vertex 6.66684 9.97763 0
    endloop
  endfacet
  facet normal -0.352241 0.935909 0
    outer loop
      vertex -3.85727 11.3632 0
      vertex -4.5922 11.0866 8
      vertex -3.85727 11.3632 8
    endloop
  endfacet
  facet normal -0.352241 0.935909 0
    outer loop
      vertex -4.5922 11.0866 8
      vertex -3.85727 11.3632 0
      vertex -4.5922 11.0866 0
    endloop
  endfacet
  facet normal -0.729861 0.683596 0
    outer loop
      vertex -9.02208 7.91215 0
      vertex -8.48528 8.48528 8
      vertex -8.48528 8.48528 0
    endloop
  endfacet
  facet normal -0.729861 0.683596 0
    outer loop
      vertex -8.48528 8.48528 8
      vertex -9.02208 7.91215 0
      vertex -9.02208 7.91215 8
    endloop
  endfacet
  facet normal 0.352241 -0.935909 0
    outer loop
      vertex 3.85727 -11.3632 0
      vertex 4.5922 -11.0866 8
      vertex 3.85727 -11.3632 8
    endloop
  endfacet
  facet normal 0.352241 -0.935909 0
    outer loop
      vertex 4.5922 -11.0866 8
      vertex 3.85727 -11.3632 0
      vertex 4.5922 -11.0866 0
    endloop
  endfacet
  facet normal -0.697854 0.11521 0.706913
    outer loop
      vertex -8.82707 1.75581 11
      vertex -11.8973 1.56631 8
      vertex -8.923 1.17474 11
    endloop
  endfacet
  facet normal 0.412728 -0.910854 0
    outer loop
      vertex 4.5922 -11.0866 0
      vertex 5.30746 -10.7625 8
      vertex 4.5922 -11.0866 8
    endloop
  endfacet
  facet normal 0.412728 -0.910854 0
    outer loop
      vertex 5.30746 -10.7625 8
      vertex 4.5922 -11.0866 0
      vertex 5.30746 -10.7625 0
    endloop
  endfacet
  facet normal -0.688825 0.160598 0.706915
    outer loop
      vertex -11.5911 3.10583 8
      vertex -11.7694 2.34108 8
      vertex -8.82707 1.75581 11
    endloop
  endfacet
  facet normal 0.600637 0.373502 0.706917
    outer loop
      vertex 9.97763 6.66684 8
      vertex 7.79423 4.5 11
      vertex 10.3923 6 8
    endloop
  endfacet
  facet normal -0.205279 0.676852 0.706917
    outer loop
      vertex -3.10583 11.5911 8
      vertex -3.85727 11.3632 8
      vertex -2.32937 8.69333 11
    endloop
  endfacet
  facet normal 0.333413 0.623783 0.706917
    outer loop
      vertex 6 10.3923 8
      vertex 3.9806 8.07185 11
      vertex 4.5 7.79423 11
    endloop
  endfacet
  facet normal 0.249137 -0.661961 0.706922
    outer loop
      vertex 4.5922 -11.0866 8
      vertex 3.44415 -8.31492 11
      vertex 3.85727 -11.3632 8
    endloop
  endfacet
  facet normal -0.600637 0.373502 0.706917
    outer loop
      vertex -9.97763 6.66684 8
      vertex -10.3923 6 8
      vertex -7.79423 4.5 11
    endloop
  endfacet
  facet normal 0.0693555 -0.703889 0.706916
    outer loop
      vertex 1.56631 -11.8973 8
      vertex 0.588628 -8.98073 11
      vertex 0.784837 -11.9743 8
    endloop
  endfacet
  facet normal 0.098057 -0.995181 0
    outer loop
      vertex 0.784837 -11.9743 0
      vertex 1.56631 -11.8973 8
      vertex 0.784837 -11.9743 8
    endloop
  endfacet
  facet normal 0.098057 -0.995181 0
    outer loop
      vertex 1.56631 -11.8973 8
      vertex 0.784837 -11.9743 0
      vertex 1.56631 -11.8973 0
    endloop
  endfacet
  facet normal -0.098057 0.995181 0
    outer loop
      vertex -0.784837 11.9743 0
      vertex -1.56631 11.8973 8
      vertex -0.784837 11.9743 8
    endloop
  endfacet
  facet normal -0.098057 0.995181 0
    outer loop
      vertex -1.56631 11.8973 8
      vertex -0.784837 11.9743 0
      vertex -1.56631 11.8973 0
    endloop
  endfacet
  facet normal -0.0693555 0.703889 0.706916
    outer loop
      vertex -0.784837 11.9743 8
      vertex -1.56631 11.8973 8
      vertex -0.588628 8.98073 11
    endloop
  endfacet
  facet normal 0.546747 -0.448704 0.706918
    outer loop
      vertex 9.52024 -7.30514 8
      vertex 7.14018 -5.47885 11
      vertex 9.02208 -7.91215 8
    endloop
  endfacet
  facet normal -0.0693555 -0.703889 0.706916
    outer loop
      vertex -0.588628 -8.98073 11
      vertex -1.56631 -11.8973 8
      vertex -0.784837 -11.9743 8
    endloop
  endfacet
  facet normal -0.999464 0.0327281 0
    outer loop
      vertex -12 0 0
      vertex -11.9743 0.784837 8
      vertex -11.9743 0.784837 0
    endloop
  endfacet
  facet normal -0.999464 0.0327281 0
    outer loop
      vertex -11.9743 0.784837 8
      vertex -12 0 0
      vertex -12 0 8
    endloop
  endfacet
  facet normal -0.697854 0.115203 0.706914
    outer loop
      vertex -11.7694 2.34108 8
      vertex -11.8973 1.56631 8
      vertex -8.82707 1.75581 11
    endloop
  endfacet
  facet normal -0.249136 0.661961 0.706922
    outer loop
      vertex -2.89295 8.52237 11
      vertex -3.85727 11.3632 8
      vertex -3.44415 8.31492 11
    endloop
  endfacet
  facet normal -0.676852 0.205279 0.706917
    outer loop
      vertex -11.3632 3.85727 8
      vertex -11.5911 3.10583 8
      vertex -8.69333 2.32937 11
    endloop
  endfacet
  facet normal -0.956957 0.29023 0
    outer loop
      vertex -11.5911 3.10583 0
      vertex -11.3632 3.85727 8
      vertex -11.3632 3.85727 0
    endloop
  endfacet
  facet normal -0.956957 0.29023 0
    outer loop
      vertex -11.3632 3.85727 8
      vertex -11.5911 3.10583 0
      vertex -11.5911 3.10583 8
    endloop
  endfacet
  facet normal -0.683596 0.729861 0
    outer loop
      vertex -7.91215 9.02208 0
      vertex -8.48528 8.48528 8
      vertex -7.91215 9.02208 8
    endloop
  endfacet
  facet normal -0.683596 0.729861 0
    outer loop
      vertex -8.48528 8.48528 8
      vertex -7.91215 9.02208 0
      vertex -8.48528 8.48528 0
    endloop
  endfacet
  facet normal -0.227059 0.973881 0
    outer loop
      vertex -2.34108 11.7694 0
      vertex -3.10583 11.5911 8
      vertex -2.34108 11.7694 8
    endloop
  endfacet
  facet normal -0.227059 0.973881 0
    outer loop
      vertex -3.10583 11.5911 8
      vertex -2.34108 11.7694 0
      vertex -3.10583 11.5911 0
    endloop
  endfacet
  facet normal 0.373502 0.600637 0.706917
    outer loop
      vertex 6 10.3923 8
      vertex 4.5 7.79423 11
      vertex 6.66684 9.97763 8
    endloop
  endfacet
  facet normal 0.0231485 0.706917 0.706917
    outer loop
      vertex 0 12 8
      vertex 0 9 11
      vertex 0.784837 11.9743 8
    endloop
  endfacet
  facet normal 0.881906 -0.471426 0
    outer loop
      vertex 10.3923 -6 8
      vertex 10.7625 -5.30746 0
      vertex 10.7625 -5.30746 8
    endloop
  endfacet
  facet normal 0.881906 -0.471426 0
    outer loop
      vertex 10.7625 -5.30746 0
      vertex 10.3923 -6 8
      vertex 10.3923 -6 0
    endloop
  endfacet
  facet normal -0.623766 0.333437 0.70692
    outer loop
      vertex -10.3923 6 8
      vertex -10.7625 5.30746 8
      vertex -8.07185 3.9806 11
    endloop
  endfacet
  facet normal 0.574921 0.411987 0.706918
    outer loop
      vertex 9.52024 7.30514 8
      vertex 7.14018 5.47885 11
      vertex 7.48323 5.00013 11
    endloop
  endfacet
  facet normal -0.412728 0.910854 0
    outer loop
      vertex -4.5922 11.0866 0
      vertex -5.30746 10.7625 8
      vertex -4.5922 11.0866 8
    endloop
  endfacet
  facet normal -0.412728 0.910854 0
    outer loop
      vertex -5.30746 10.7625 8
      vertex -4.5922 11.0866 0
      vertex -5.30746 10.7625 0
    endloop
  endfacet
  facet normal 0.448704 0.546747 0.706918
    outer loop
      vertex 7.30514 9.52024 8
      vertex 5.47885 7.14018 11
      vertex 7.91215 9.02208 8
    endloop
  endfacet
  facet normal 0.227059 0.973881 -0
    outer loop
      vertex 3.10583 11.5911 0
      vertex 2.34108 11.7694 8
      vertex 3.10583 11.5911 8
    endloop
  endfacet
  facet normal 0.227059 0.973881 0
    outer loop
      vertex 2.34108 11.7694 8
      vertex 3.10583 11.5911 0
      vertex 2.34108 11.7694 0
    endloop
  endfacet
  facet normal -0.0327281 0.999464 0
    outer loop
      vertex 0 12 0
      vertex -0.784837 11.9743 8
      vertex 0 12 8
    endloop
  endfacet
  facet normal -0.0327281 0.999464 0
    outer loop
      vertex -0.784837 11.9743 8
      vertex 0 12 0
      vertex -0.784837 11.9743 0
    endloop
  endfacet
  facet normal -0.849201 0.52807 0
    outer loop
      vertex -10.3923 6 0
      vertex -9.97763 6.66684 8
      vertex -9.97763 6.66684 0
    endloop
  endfacet
  facet normal -0.849201 0.52807 0
    outer loop
      vertex -9.97763 6.66684 8
      vertex -10.3923 6 0
      vertex -10.3923 6 8
    endloop
  endfacet
  facet normal 0.676836 0.205316 0.706922
    outer loop
      vertex 11.3632 3.85727 8
      vertex 8.52237 2.89295 11
      vertex 8.69333 2.32937 11
    endloop
  endfacet
  facet normal 0.676852 0.205279 0.706917
    outer loop
      vertex 11.3632 3.85727 8
      vertex 8.69333 2.32937 11
      vertex 11.5911 3.10583 8
    endloop
  endfacet
  facet normal 0.881906 0.471426 0
    outer loop
      vertex 10.7625 5.30746 8
      vertex 10.3923 6 0
      vertex 10.3923 6 8
    endloop
  endfacet
  facet normal 0.881906 0.471426 0
    outer loop
      vertex 10.3923 6 0
      vertex 10.7625 5.30746 8
      vertex 10.7625 5.30746 0
    endloop
  endfacet
  facet normal 0.623783 0.333413 0.706917
    outer loop
      vertex 10.3923 6 8
      vertex 7.79423 4.5 11
      vertex 8.07185 3.9806 11
    endloop
  endfacet
  facet normal 0.448702 0.546748 0.706918
    outer loop
      vertex 7.91215 9.02208 8
      vertex 5.47885 7.14018 11
      vertex 5.93411 6.76656 11
    endloop
  endfacet
  facet normal 0.249136 0.661961 0.706922
    outer loop
      vertex 3.85727 11.3632 8
      vertex 2.89295 8.52237 11
      vertex 3.44415 8.31492 11
    endloop
  endfacet
  facet normal -0.115203 -0.697854 0.706914
    outer loop
      vertex -1.75581 -8.82707 11
      vertex -2.34108 -11.7694 8
      vertex -1.56631 -11.8973 8
    endloop
  endfacet
  facet normal 0.516228 0.483505 0.706918
    outer loop
      vertex 8.48528 8.48528 8
      vertex 6.76656 5.93411 11
      vertex 9.02208 7.91215 8
    endloop
  endfacet
  facet normal 0.516229 0.483503 0.706917
    outer loop
      vertex 6.76656 5.93411 11
      vertex 8.48528 8.48528 8
      vertex 6.36396 6.36396 11
    endloop
  endfacet
  facet normal 0.483505 0.516228 0.706917
    outer loop
      vertex 7.91215 9.02208 8
      vertex 6.36396 6.36396 11
      vertex 8.48528 8.48528 8
    endloop
  endfacet
  facet normal 0.483503 0.516229 0.706918
    outer loop
      vertex 6.36396 6.36396 11
      vertex 7.91215 9.02208 8
      vertex 5.93411 6.76656 11
    endloop
  endfacet
  facet normal 0.29023 -0.956957 0
    outer loop
      vertex 3.10583 -11.5911 0
      vertex 3.85727 -11.3632 8
      vertex 3.10583 -11.5911 8
    endloop
  endfacet
  facet normal 0.29023 -0.956957 0
    outer loop
      vertex 3.85727 -11.3632 8
      vertex 3.10583 -11.5911 0
      vertex 3.85727 -11.3632 0
    endloop
  endfacet
  facet normal 0.11521 0.697854 0.706913
    outer loop
      vertex 1.56631 11.8973 8
      vertex 1.17474 8.923 11
      vertex 1.75581 8.82707 11
    endloop
  endfacet
  facet normal 0.471426 -0.881906 0
    outer loop
      vertex 5.30746 -10.7625 0
      vertex 6 -10.3923 8
      vertex 5.30746 -10.7625 8
    endloop
  endfacet
  facet normal 0.471426 -0.881906 0
    outer loop
      vertex 6 -10.3923 8
      vertex 5.30746 -10.7625 0
      vertex 6 -10.3923 0
    endloop
  endfacet
  facet normal 0.546748 0.448702 0.706918
    outer loop
      vertex 9.02208 7.91215 8
      vertex 6.76656 5.93411 11
      vertex 7.14018 5.47885 11
    endloop
  endfacet
  facet normal -0.910854 0.412728 0
    outer loop
      vertex -11.0866 4.5922 0
      vertex -10.7625 5.30746 8
      vertex -10.7625 5.30746 0
    endloop
  endfacet
  facet normal -0.910854 0.412728 0
    outer loop
      vertex -10.7625 5.30746 8
      vertex -11.0866 4.5922 0
      vertex -11.0866 4.5922 8
    endloop
  endfacet
  facet normal -0.703889 0.0693555 0.706916
    outer loop
      vertex -11.8973 1.56631 8
      vertex -11.9743 0.784837 8
      vertex -8.98073 0.588628 11
    endloop
  endfacet
  facet normal -0.661961 0.249137 0.706922
    outer loop
      vertex -11.0866 4.5922 8
      vertex -11.3632 3.85727 8
      vertex -8.31492 3.44415 11
    endloop
  endfacet
  facet normal -0.11521 0.697854 0.706913
    outer loop
      vertex -1.56631 11.8973 8
      vertex -1.75581 8.82707 11
      vertex -1.17474 8.923 11
    endloop
  endfacet
  facet normal -0.0693311 0.703894 0.706913
    outer loop
      vertex -0.588628 8.98073 11
      vertex -1.56631 11.8973 8
      vertex -1.17474 8.923 11
    endloop
  endfacet
  facet normal 0 0 -1
    outer loop
      vertex -8.48528 -8.48528 0
      vertex -7.0564 -7.90644 0
      vertex -7.91215 -9.02208 0
    endloop
  endfacet
  facet normal -0 0 -1
    outer loop
      vertex -7.0564 -7.90644 0
      vertex -8.48528 -8.48528 0
      vertex -7.49512 -7.49553 0
    endloop
  endfacet
  facet normal -0 0 -1
    outer loop
      vertex -7.49512 -7.49553 0
      vertex -8.48528 -8.48528 0
      vertex -7.49533 -7.49533 0
    endloop
  endfacet
  facet normal -0 0 -1
    outer loop
      vertex -7.49533 -7.49533 0
      vertex -8.48528 -8.48528 0
      vertex -7.49553 -7.49512 0
    endloop
  endfacet
  facet normal -0 0 -1
    outer loop
      vertex -7.49553 -7.49512 0
      vertex -8.48528 -8.48528 0
      vertex -7.90644 -7.0564 0
    endloop
  endfacet
  facet normal 0 0 -1
    outer loop
      vertex -9.02208 -7.91215 0
      vertex -7.90644 -7.0564 0
      vertex -8.48528 -8.48528 0
    endloop
  endfacet
  facet normal -0 0 -1
    outer loop
      vertex -7.90644 -7.0564 0
      vertex -9.02208 -7.91215 0
      vertex -7.9695 -6.98907 0
    endloop
  endfacet
  facet normal -0 0 -1
    outer loop
      vertex -7.9695 -6.98907 0
      vertex -9.02208 -7.91215 0
      vertex -8.40954 -6.45287 0
    endloop
  endfacet
  facet normal 0 0 -1
    outer loop
      vertex -9.52024 -7.30514 0
      vertex -8.40954 -6.45287 0
      vertex -9.02208 -7.91215 0
    endloop
  endfacet
  facet normal -0 0 -1
    outer loop
      vertex -8.40954 -6.45287 0
      vertex -9.52024 -7.30514 0
      vertex -8.81358 -5.88904 0
    endloop
  endfacet
  facet normal 0 0 -1
    outer loop
      vertex -9.97763 -6.66684 0
      vertex -8.81358 -5.88904 0
      vertex -9.52024 -7.30514 0
    endloop
  endfacet
  facet normal -0 0 -1
    outer loop
      vertex -8.81358 -5.88904 0
      vertex -9.97763 -6.66684 0
      vertex -9.17987 -5.3 0
    endloop
  endfacet
  facet normal 0 0 -1
    outer loop
      vertex -10.3923 -6 0
      vertex -9.17987 -5.3 0
      vertex -9.97763 -6.66684 0
    endloop
  endfacet
  facet normal -0 0 -1
    outer loop
      vertex -9.17987 -5.3 0
      vertex -10.3923 -6 0
      vertex -9.50685 -4.68826 0
    endloop
  endfacet
  facet normal 0 0 -1
    outer loop
      vertex -10.7625 -5.30746 0
      vertex -9.50685 -4.68826 0
      vertex -10.3923 -6 0
    endloop
  endfacet
  facet normal -0 0 -1
    outer loop
      vertex -9.50685 -4.68826 0
      vertex -10.7625 -5.30746 0
      vertex -9.79312 -4.05644 0
    endloop
  endfacet
  facet normal 0 0 -1
    outer loop
      vertex -11.0866 -4.5922 0
      vertex -9.79312 -4.05644 0
      vertex -10.7625 -5.30746 0
    endloop
  endfacet
  facet normal -0 0 -1
    outer loop
      vertex -9.79312 -4.05644 0
      vertex -11.0866 -4.5922 0
      vertex -10.0375 -3.40726 0
    endloop
  endfacet
  facet normal 0 0 -1
    outer loop
      vertex -11.3632 -3.85727 0
      vertex -10.0375 -3.40726 0
      vertex -11.0866 -4.5922 0
    endloop
  endfacet
  facet normal -0 0 -1
    outer loop
      vertex -10.0375 -3.40726 0
      vertex -11.3632 -3.85727 0
      vertex -10.2388 -2.74348 0
    endloop
  endfacet
  facet normal -0 0 -1
    outer loop
      vertex -10.2388 -2.74348 0
      vertex -11.5911 -3.10583 0
      vertex -10.3963 -2.06796 0
    endloop
  endfacet
  facet normal 0 0 -1
    outer loop
      vertex -11.5911 -3.10583 0
      vertex -10.2388 -2.74348 0
      vertex -11.3632 -3.85727 0
    endloop
  endfacet
  facet normal 0 0 -1
    outer loop
      vertex -8.48528 8.48528 0
      vertex -7.49512 7.49553 0
      vertex -7.49533 7.49533 0
    endloop
  endfacet
  facet normal 0 0 -1
    outer loop
      vertex -8.48528 8.48528 0
      vertex -7.49533 7.49533 0
      vertex -7.49553 7.49512 0
    endloop
  endfacet
  facet normal 0 0 -1
    outer loop
      vertex -8.48528 8.48528 0
      vertex -7.49553 7.49512 0
      vertex -7.90644 7.0564 0
    endloop
  endfacet
  facet normal 0 0 -1
    outer loop
      vertex -7.49512 7.49553 0
      vertex -7.91215 9.02208 0
      vertex -7.30514 9.52024 0
    endloop
  endfacet
  facet normal 0 0 -1
    outer loop
      vertex -9.02208 7.91215 0
      vertex -7.90644 7.0564 0
      vertex -7.9695 6.98907 0
    endloop
  endfacet
  facet normal 0 0 -1
    outer loop
      vertex -9.02208 7.91215 0
      vertex -7.9695 6.98907 0
      vertex -8.40954 6.45287 0
    endloop
  endfacet
  facet normal 0 0 -1
    outer loop
      vertex -7.49512 7.49553 0
      vertex -8.48528 8.48528 0
      vertex -7.91215 9.02208 0
    endloop
  endfacet
  facet normal 0 0 -1
    outer loop
      vertex -9.52024 7.30514 0
      vertex -8.40954 6.45287 0
      vertex -8.81358 5.88904 0
    endloop
  endfacet
  facet normal 0 0 -1
    outer loop
      vertex -7.90644 7.0564 0
      vertex -9.02208 7.91215 0
      vertex -8.48528 8.48528 0
    endloop
  endfacet
  facet normal 0 0 -1
    outer loop
      vertex -9.97763 6.66684 0
      vertex -8.81358 5.88904 0
      vertex -9.17987 5.3 0
    endloop
  endfacet
  facet normal 0 0 -1
    outer loop
      vertex -10.3923 6 0
      vertex -9.17987 5.3 0
      vertex -9.50685 4.68826 0
    endloop
  endfacet
  facet normal 0 0 -1
    outer loop
      vertex -8.40954 6.45287 0
      vertex -9.52024 7.30514 0
      vertex -9.02208 7.91215 0
    endloop
  endfacet
  facet normal 0 0 -1
    outer loop
      vertex -10.7625 5.30746 0
      vertex -9.50685 4.68826 0
      vertex -9.79312 4.05644 0
    endloop
  endfacet
  facet normal 0 0 -1
    outer loop
      vertex -8.81358 5.88904 0
      vertex -9.97763 6.66684 0
      vertex -9.52024 7.30514 0
    endloop
  endfacet
  facet normal 0 0 -1
    outer loop
      vertex -11.0866 4.5922 0
      vertex -9.79312 4.05644 0
      vertex -10.0375 3.40726 0
    endloop
  endfacet
  facet normal 0 0 -1
    outer loop
      vertex -11.3632 3.85727 0
      vertex -10.0375 3.40726 0
      vertex -10.2388 2.74348 0
    endloop
  endfacet
  facet normal 0 0 -1
    outer loop
      vertex -9.17987 5.3 0
      vertex -10.3923 6 0
      vertex -9.97763 6.66684 0
    endloop
  endfacet
  facet normal 0 0 -1
    outer loop
      vertex -11.5911 3.10583 0
      vertex -10.2388 2.74348 0
      vertex -10.3963 2.06796 0
    endloop
  endfacet
  facet normal 0 0 -1
    outer loop
      vertex -11.7694 2.34108 0
      vertex -10.3963 2.06796 0
      vertex -10.5093 1.38358 0
    endloop
  endfacet
  facet normal 0 0 -1
    outer loop
      vertex -11.8973 1.56631 0
      vertex -10.5093 1.38358 0
      vertex -10.5773 0.693273 0
    endloop
  endfacet
  facet normal 0 0 -1
    outer loop
      vertex -9.50685 4.68826 0
      vertex -10.7625 5.30746 0
      vertex -10.3923 6 0
    endloop
  endfacet
  facet normal 0 0 -1
    outer loop
      vertex -11.9743 0.784837 0
      vertex -10.5773 0.693273 0
      vertex -10.6 0 0
    endloop
  endfacet
  facet normal 0 0 -1
    outer loop
      vertex -11.7694 -2.34108 0
      vertex -10.3963 -2.06796 0
      vertex -11.5911 -3.10583 0
    endloop
  endfacet
  facet normal -0 0 -1
    outer loop
      vertex -10.3963 -2.06796 0
      vertex -11.7694 -2.34108 0
      vertex -10.5093 -1.38358 0
    endloop
  endfacet
  facet normal 0 0 -1
    outer loop
      vertex -9.79312 4.05644 0
      vertex -11.0866 4.5922 0
      vertex -10.7625 5.30746 0
    endloop
  endfacet
  facet normal 0 0 -1
    outer loop
      vertex -11.8973 -1.56631 0
      vertex -10.5093 -1.38358 0
      vertex -11.7694 -2.34108 0
    endloop
  endfacet
  facet normal 0 0 -1
    outer loop
      vertex -10.0375 3.40726 0
      vertex -11.3632 3.85727 0
      vertex -11.0866 4.5922 0
    endloop
  endfacet
  facet normal -0 0 -1
    outer loop
      vertex -10.5093 -1.38358 0
      vertex -11.8973 -1.56631 0
      vertex -10.5773 -0.693273 0
    endloop
  endfacet
  facet normal 0 0 -1
    outer loop
      vertex -10.2388 2.74348 0
      vertex -11.5911 3.10583 0
      vertex -11.3632 3.85727 0
    endloop
  endfacet
  facet normal 0 0 -1
    outer loop
      vertex -11.9743 -0.784837 0
      vertex -10.5773 -0.693273 0
      vertex -11.8973 -1.56631 0
    endloop
  endfacet
  facet normal 0 0 -1
    outer loop
      vertex -10.3963 2.06796 0
      vertex -11.7694 2.34108 0
      vertex -11.5911 3.10583 0
    endloop
  endfacet
  facet normal -0 0 -1
    outer loop
      vertex -10.5773 -0.693273 0
      vertex -11.9743 -0.784837 0
      vertex -10.6 0 0
    endloop
  endfacet
  facet normal 0 0 -1
    outer loop
      vertex -10.5093 1.38358 0
      vertex -11.8973 1.56631 0
      vertex -11.7694 2.34108 0
    endloop
  endfacet
  facet normal 0 0 -1
    outer loop
      vertex -12 0 0
      vertex -10.6 0 0
      vertex -11.9743 -0.784837 0
    endloop
  endfacet
  facet normal 0 0 -1
    outer loop
      vertex -10.5773 0.693273 0
      vertex -11.9743 0.784837 0
      vertex -11.8973 1.56631 0
    endloop
  endfacet
  facet normal 0 0 -1
    outer loop
      vertex -10.6 0 0
      vertex -12 0 0
      vertex -11.9743 0.784837 0
    endloop
  endfacet
  facet normal 0 0 -1
    outer loop
      vertex -3.31425 -1.12504 0
      vertex -2.04999 -0.674988 0
      vertex -3.23358 -1.33939 0
    endloop
  endfacet
  facet normal 0 0 -1
    outer loop
      vertex -3.38074 -0.905867 0
      vertex -2.04999 -0.674988 0
      vertex -3.31425 -1.12504 0
    endloop
  endfacet
  facet normal 0 -0 -1
    outer loop
      vertex -3.13905 1.54801 0
      vertex -2.04999 0.674988 0
      vertex -3.23358 1.33939 0
    endloop
  endfacet
  facet normal 0 0 -1
    outer loop
      vertex -2.04999 0.674988 0
      vertex -3.13905 1.54801 0
      vertex -3.07603 1.66593 0
    endloop
  endfacet
  facet normal 0 0 -1
    outer loop
      vertex -3.43275 -0.682816 0
      vertex -2.04999 -0.674988 0
      vertex -3.38074 -0.905867 0
    endloop
  endfacet
  facet normal 0 0 -1
    outer loop
      vertex -2.04999 0.674988 0
      vertex -3.31425 1.12504 0
      vertex -3.23358 1.33939 0
    endloop
  endfacet
  facet normal 0 0 -1
    outer loop
      vertex -3.47006 -0.456841 0
      vertex -2.04999 -0.674988 0
      vertex -3.43275 -0.682816 0
    endloop
  endfacet
  facet normal 0 0 -1
    outer loop
      vertex -2.04999 0.674988 0
      vertex -3.38074 0.905867 0
      vertex -3.31425 1.12504 0
    endloop
  endfacet
  facet normal 0 0 -1
    outer loop
      vertex -3.49251 -0.22891 0
      vertex -2.04999 -0.674988 0
      vertex -3.47006 -0.456841 0
    endloop
  endfacet
  facet normal 0 0 -1
    outer loop
      vertex -2.04999 0.674988 0
      vertex -3.43275 0.682816 0
      vertex -3.38074 0.905867 0
    endloop
  endfacet
  facet normal 0 0 -1
    outer loop
      vertex -3.5 0 0
      vertex -2.04999 -0.674988 0
      vertex -3.49251 -0.22891 0
    endloop
  endfacet
  facet normal -0 0 -1
    outer loop
      vertex -2.04999 0.674988 0
      vertex -3.47006 0.456841 0
      vertex -3.43275 0.682816 0
    endloop
  endfacet
  facet normal 0 0 -1
    outer loop
      vertex -2.04999 -0.674988 0
      vertex -3.5 0 0
      vertex -2.04999 0.674988 0
    endloop
  endfacet
  facet normal 0 0 -1
    outer loop
      vertex -2.04999 0.674988 0
      vertex -3.49251 0.22891 0
      vertex -3.47006 0.456841 0
    endloop
  endfacet
  facet normal 0 0 -1
    outer loop
      vertex -2.04999 0.674988 0
      vertex -3.5 0 0
      vertex -3.49251 0.22891 0
    endloop
  endfacet
  facet normal 0 0 -1
    outer loop
      vertex -2.04999 0.674988 0
      vertex -0.674988 2.04999 0
      vertex -0.674988 0.674988 0
    endloop
  endfacet
  facet normal 0 0 -1
    outer loop
      vertex -0.674988 2.04999 0
      vertex -0.905867 3.38074 0
      vertex -0.682816 3.43275 0
    endloop
  endfacet
  facet normal 0 0 -1
    outer loop
      vertex -0.674988 2.04999 0
      vertex -1.12504 3.31425 0
      vertex -0.905867 3.38074 0
    endloop
  endfacet
  facet normal 0 0 -1
    outer loop
      vertex -0.674988 2.04999 0
      vertex -1.33939 3.23358 0
      vertex -1.12504 3.31425 0
    endloop
  endfacet
  facet normal 0 0 -1
    outer loop
      vertex -0.674988 2.04999 0
      vertex -1.54801 3.13905 0
      vertex -1.33939 3.23358 0
    endloop
  endfacet
  facet normal 0 0 -1
    outer loop
      vertex -0.674988 2.04999 0
      vertex -1.66593 3.07603 0
      vertex -1.54801 3.13905 0
    endloop
  endfacet
  facet normal -0 0 -1
    outer loop
      vertex -0.674988 2.04999 0
      vertex -2.04999 0.674988 0
      vertex -1.66593 3.07603 0
    endloop
  endfacet
  facet normal 0 0 -1
    outer loop
      vertex -3.23358 -1.33939 0
      vertex -2.04999 -0.674988 0
      vertex -3.13905 -1.54801 0
    endloop
  endfacet
  facet normal 0 0 -1
    outer loop
      vertex -2.04999 0.674988 0
      vertex -3.07603 1.66593 0
      vertex -1.66593 3.07603 0
    endloop
  endfacet
  facet normal 0 0 -1
    outer loop
      vertex -7.49512 7.49553 0
      vertex -1.66593 3.07603 0
      vertex -3.07603 1.66593 0
    endloop
  endfacet
  facet normal -0 0 -1
    outer loop
      vertex -7.0564 7.90644 0
      vertex -7.49512 7.49553 0
      vertex -7.30514 9.52024 0
    endloop
  endfacet
  facet normal 0 0 -1
    outer loop
      vertex -1.66593 3.07603 0
      vertex -7.49512 7.49553 0
      vertex -7.0564 7.90644 0
    endloop
  endfacet
  facet normal 0 0 -1
    outer loop
      vertex -3.07603 1.66593 0
      vertex -7.49553 7.49512 0
      vertex -7.49512 7.49553 0
    endloop
  endfacet
  facet normal 0 -0 -1
    outer loop
      vertex -7.49553 7.49512 0
      vertex -3.07603 1.66593 0
      vertex -7.90644 7.0564 0
    endloop
  endfacet
  facet normal 0 0 -1
    outer loop
      vertex 0.456841 -3.47006 0
      vertex 0.674988 -2.04999 0
      vertex 0.682816 -3.43275 0
    endloop
  endfacet
  facet normal 0 0 -1
    outer loop
      vertex 0.22891 -3.49251 0
      vertex 0.674988 -2.04999 0
      vertex 0.456841 -3.47006 0
    endloop
  endfacet
  facet normal 0 0 -1
    outer loop
      vertex 0 -3.5 0
      vertex 0.674988 -2.04999 0
      vertex 0.22891 -3.49251 0
    endloop
  endfacet
  facet normal 0 0 -1
    outer loop
      vertex -0.674988 -2.04999 0
      vertex 0 -3.5 0
      vertex -0.22891 -3.49251 0
    endloop
  endfacet
  facet normal 0 0 -1
    outer loop
      vertex -0.674988 -2.04999 0
      vertex -0.22891 -3.49251 0
      vertex -0.456841 -3.47006 0
    endloop
  endfacet
  facet normal 0 0 -1
    outer loop
      vertex 0 -3.5 0
      vertex -0.674988 -2.04999 0
      vertex 0.674988 -2.04999 0
    endloop
  endfacet
  facet normal 0 0 -1
    outer loop
      vertex -0.682816 -3.43275 0
      vertex -0.674988 -2.04999 0
      vertex -0.456841 -3.47006 0
    endloop
  endfacet
  facet normal 0 0 -1
    outer loop
      vertex -0.905867 -3.38074 0
      vertex -0.674988 -2.04999 0
      vertex -0.682816 -3.43275 0
    endloop
  endfacet
  facet normal 0 0 -1
    outer loop
      vertex -1.12504 -3.31425 0
      vertex -0.674988 -2.04999 0
      vertex -0.905867 -3.38074 0
    endloop
  endfacet
  facet normal 0 0 -1
    outer loop
      vertex -1.33939 -3.23358 0
      vertex -0.674988 -2.04999 0
      vertex -1.12504 -3.31425 0
    endloop
  endfacet
  facet normal 0 0 -1
    outer loop
      vertex -1.54801 -3.13905 0
      vertex -0.674988 -2.04999 0
      vertex -1.33939 -3.23358 0
    endloop
  endfacet
  facet normal 0 0 -1
    outer loop
      vertex -1.66593 -3.07603 0
      vertex -0.674988 -2.04999 0
      vertex -1.54801 -3.13905 0
    endloop
  endfacet
  facet normal 0 0 -1
    outer loop
      vertex -2.04999 -0.674988 0
      vertex -0.674988 -2.04999 0
      vertex -1.66593 -3.07603 0
    endloop
  endfacet
  facet normal 0 0 -1
    outer loop
      vertex -0.674988 -2.04999 0
      vertex -2.04999 -0.674988 0
      vertex -0.674988 -0.674988 0
    endloop
  endfacet
  facet normal 0 0 -1
    outer loop
      vertex -3.13905 -1.54801 0
      vertex -2.04999 -0.674988 0
      vertex -3.07603 -1.66593 0
    endloop
  endfacet
  facet normal 0 0 -1
    outer loop
      vertex -1.66593 -3.07603 0
      vertex -3.07603 -1.66593 0
      vertex -2.04999 -0.674988 0
    endloop
  endfacet
  facet normal 0 0 -1
    outer loop
      vertex -7.49512 -7.49553 0
      vertex -1.66593 -3.07603 0
      vertex -7.0564 -7.90644 0
    endloop
  endfacet
  facet normal -0 0 -1
    outer loop
      vertex -6.98907 -7.9695 0
      vertex -7.91215 -9.02208 0
      vertex -7.0564 -7.90644 0
    endloop
  endfacet
  facet normal -0 0 -1
    outer loop
      vertex -1.66593 -3.07603 0
      vertex -7.49512 -7.49553 0
      vertex -3.07603 -1.66593 0
    endloop
  endfacet
  facet normal 0 0 -1
    outer loop
      vertex -7.49553 -7.49512 0
      vertex -3.07603 -1.66593 0
      vertex -7.49512 -7.49553 0
    endloop
  endfacet
  facet normal 0 0 -1
    outer loop
      vertex -3.07603 -1.66593 0
      vertex -7.49553 -7.49512 0
      vertex -7.90644 -7.0564 0
    endloop
  endfacet
  facet normal 0 0 -1
    outer loop
      vertex 7.91215 -9.02208 0
      vertex 6.98907 -7.9695 0
      vertex 7.0564 -7.90644 0
    endloop
  endfacet
  facet normal 0 0 -1
    outer loop
      vertex 6.45287 -8.40954 0
      vertex 7.30514 -9.52024 0
      vertex 6.66684 -9.97763 0
    endloop
  endfacet
  facet normal 0 0 -1
    outer loop
      vertex 7.30514 -9.52024 0
      vertex 6.45287 -8.40954 0
      vertex 6.98907 -7.9695 0
    endloop
  endfacet
  facet normal 0 0 -1
    outer loop
      vertex 5.88904 -8.81358 0
      vertex 6.66684 -9.97763 0
      vertex 6 -10.3923 0
    endloop
  endfacet
  facet normal 0 0 -1
    outer loop
      vertex 6.66684 -9.97763 0
      vertex 5.88904 -8.81358 0
      vertex 6.45287 -8.40954 0
    endloop
  endfacet
  facet normal 0 0 -1
    outer loop
      vertex 5.3 -9.17987 0
      vertex 6 -10.3923 0
      vertex 5.30746 -10.7625 0
    endloop
  endfacet
  facet normal 0 0 -1
    outer loop
      vertex 6 -10.3923 0
      vertex 5.3 -9.17987 0
      vertex 5.88904 -8.81358 0
    endloop
  endfacet
  facet normal 0 0 -1
    outer loop
      vertex 5.30746 -10.7625 0
      vertex 4.68826 -9.50685 0
      vertex 5.3 -9.17987 0
    endloop
  endfacet
  facet normal 0 0 -1
    outer loop
      vertex 4.5922 -11.0866 0
      vertex 4.68826 -9.50685 0
      vertex 5.30746 -10.7625 0
    endloop
  endfacet
  facet normal 0 0 -1
    outer loop
      vertex 4.5922 -11.0866 0
      vertex 4.05644 -9.79312 0
      vertex 4.68826 -9.50685 0
    endloop
  endfacet
  facet normal 0 0 -1
    outer loop
      vertex 3.85727 -11.3632 0
      vertex 4.05644 -9.79312 0
      vertex 4.5922 -11.0866 0
    endloop
  endfacet
  facet normal 0 0 -1
    outer loop
      vertex 3.85727 -11.3632 0
      vertex 3.40726 -10.0375 0
      vertex 4.05644 -9.79312 0
    endloop
  endfacet
  facet normal 0 0 -1
    outer loop
      vertex 3.10583 -11.5911 0
      vertex 3.40726 -10.0375 0
      vertex 3.85727 -11.3632 0
    endloop
  endfacet
  facet normal 0 0 -1
    outer loop
      vertex 3.10583 -11.5911 0
      vertex 2.74348 -10.2388 0
      vertex 3.40726 -10.0375 0
    endloop
  endfacet
  facet normal 0 0 -1
    outer loop
      vertex 2.34108 -11.7694 0
      vertex 2.74348 -10.2388 0
      vertex 3.10583 -11.5911 0
    endloop
  endfacet
  facet normal 0 0 -1
    outer loop
      vertex 2.34108 -11.7694 0
      vertex 2.06796 -10.3963 0
      vertex 2.74348 -10.2388 0
    endloop
  endfacet
  facet normal 0 0 -1
    outer loop
      vertex 1.56631 -11.8973 0
      vertex 2.06796 -10.3963 0
      vertex 2.34108 -11.7694 0
    endloop
  endfacet
  facet normal 0 0 -1
    outer loop
      vertex 1.56631 -11.8973 0
      vertex 1.38358 -10.5093 0
      vertex 2.06796 -10.3963 0
    endloop
  endfacet
  facet normal 0 0 -1
    outer loop
      vertex 0.784837 -11.9743 0
      vertex 1.38358 -10.5093 0
      vertex 1.56631 -11.8973 0
    endloop
  endfacet
  facet normal 0 0 -1
    outer loop
      vertex 0.784837 -11.9743 0
      vertex 0.693273 -10.5773 0
      vertex 1.38358 -10.5093 0
    endloop
  endfacet
  facet normal 0 0 -1
    outer loop
      vertex 0 -12 0
      vertex 0.693273 -10.5773 0
      vertex 0.784837 -11.9743 0
    endloop
  endfacet
  facet normal 0 0 -1
    outer loop
      vertex 0 -12 0
      vertex 0 -10.6 0
      vertex 0.693273 -10.5773 0
    endloop
  endfacet
  facet normal 0 0 -1
    outer loop
      vertex 0 -12 0
      vertex -0.693273 -10.5773 0
      vertex 0 -10.6 0
    endloop
  endfacet
  facet normal 0 0 -1
    outer loop
      vertex -0.784837 -11.9743 0
      vertex -0.693273 -10.5773 0
      vertex 0 -12 0
    endloop
  endfacet
  facet normal 0 0 -1
    outer loop
      vertex -0.784837 -11.9743 0
      vertex -1.38358 -10.5093 0
      vertex -0.693273 -10.5773 0
    endloop
  endfacet
  facet normal 0 0 -1
    outer loop
      vertex -1.56631 -11.8973 0
      vertex -1.38358 -10.5093 0
      vertex -0.784837 -11.9743 0
    endloop
  endfacet
  facet normal 0 0 -1
    outer loop
      vertex -1.56631 -11.8973 0
      vertex -2.06796 -10.3963 0
      vertex -1.38358 -10.5093 0
    endloop
  endfacet
  facet normal 0 0 -1
    outer loop
      vertex -2.34108 -11.7694 0
      vertex -2.06796 -10.3963 0
      vertex -1.56631 -11.8973 0
    endloop
  endfacet
  facet normal 0 0 -1
    outer loop
      vertex -2.34108 -11.7694 0
      vertex -2.74348 -10.2388 0
      vertex -2.06796 -10.3963 0
    endloop
  endfacet
  facet normal 0 0 -1
    outer loop
      vertex -3.10583 -11.5911 0
      vertex -2.74348 -10.2388 0
      vertex -2.34108 -11.7694 0
    endloop
  endfacet
  facet normal 0 0 -1
    outer loop
      vertex -3.10583 -11.5911 0
      vertex -3.40726 -10.0375 0
      vertex -2.74348 -10.2388 0
    endloop
  endfacet
  facet normal 0 0 -1
    outer loop
      vertex -3.85727 -11.3632 0
      vertex -3.40726 -10.0375 0
      vertex -3.10583 -11.5911 0
    endloop
  endfacet
  facet normal 0 0 -1
    outer loop
      vertex -3.85727 -11.3632 0
      vertex -4.05644 -9.79312 0
      vertex -3.40726 -10.0375 0
    endloop
  endfacet
  facet normal 0 0 -1
    outer loop
      vertex -4.5922 -11.0866 0
      vertex -4.05644 -9.79312 0
      vertex -3.85727 -11.3632 0
    endloop
  endfacet
  facet normal 0 0 -1
    outer loop
      vertex -4.5922 -11.0866 0
      vertex -4.68826 -9.50685 0
      vertex -4.05644 -9.79312 0
    endloop
  endfacet
  facet normal 0 0 -1
    outer loop
      vertex -5.30746 -10.7625 0
      vertex -4.68826 -9.50685 0
      vertex -4.5922 -11.0866 0
    endloop
  endfacet
  facet normal -0 0 -1
    outer loop
      vertex -4.68826 -9.50685 0
      vertex -5.30746 -10.7625 0
      vertex -5.3 -9.17987 0
    endloop
  endfacet
  facet normal 0 0 -1
    outer loop
      vertex -6 -10.3923 0
      vertex -5.3 -9.17987 0
      vertex -5.30746 -10.7625 0
    endloop
  endfacet
  facet normal -0 0 -1
    outer loop
      vertex -5.3 -9.17987 0
      vertex -6 -10.3923 0
      vertex -5.88904 -8.81358 0
    endloop
  endfacet
  facet normal 0 0 -1
    outer loop
      vertex -6.66684 -9.97763 0
      vertex -5.88904 -8.81358 0
      vertex -6 -10.3923 0
    endloop
  endfacet
  facet normal -0 0 -1
    outer loop
      vertex -5.88904 -8.81358 0
      vertex -6.66684 -9.97763 0
      vertex -6.45287 -8.40954 0
    endloop
  endfacet
  facet normal 0 0 -1
    outer loop
      vertex -7.30514 -9.52024 0
      vertex -6.45287 -8.40954 0
      vertex -6.66684 -9.97763 0
    endloop
  endfacet
  facet normal -0 0 -1
    outer loop
      vertex -6.45287 -8.40954 0
      vertex -7.30514 -9.52024 0
      vertex -6.98907 -7.9695 0
    endloop
  endfacet
  facet normal 0 0 -1
    outer loop
      vertex -7.91215 -9.02208 0
      vertex -6.98907 -7.9695 0
      vertex -7.30514 -9.52024 0
    endloop
  endfacet
  facet normal -0 0 -1
    outer loop
      vertex 7.91215 9.02208 0
      vertex 6.98907 7.9695 0
      vertex 7.30514 9.52024 0
    endloop
  endfacet
  facet normal 0 0 -1
    outer loop
      vertex 6.45287 8.40954 0
      vertex 7.30514 9.52024 0
      vertex 6.98907 7.9695 0
    endloop
  endfacet
  facet normal -0 0 -1
    outer loop
      vertex 7.30514 9.52024 0
      vertex 6.45287 8.40954 0
      vertex 6.66684 9.97763 0
    endloop
  endfacet
  facet normal 0 0 -1
    outer loop
      vertex 5.88904 8.81358 0
      vertex 6.66684 9.97763 0
      vertex 6.45287 8.40954 0
    endloop
  endfacet
  facet normal -0 0 -1
    outer loop
      vertex 6.66684 9.97763 0
      vertex 5.88904 8.81358 0
      vertex 6 10.3923 0
    endloop
  endfacet
  facet normal 0 0 -1
    outer loop
      vertex 5.3 9.17987 0
      vertex 6 10.3923 0
      vertex 5.88904 8.81358 0
    endloop
  endfacet
  facet normal -0 0 -1
    outer loop
      vertex 6 10.3923 0
      vertex 5.3 9.17987 0
      vertex 5.30746 10.7625 0
    endloop
  endfacet
  facet normal 0 0 -1
    outer loop
      vertex 4.68826 9.50685 0
      vertex 5.30746 10.7625 0
      vertex 5.3 9.17987 0
    endloop
  endfacet
  facet normal 0 0 -1
    outer loop
      vertex 4.68826 9.50685 0
      vertex 4.5922 11.0866 0
      vertex 5.30746 10.7625 0
    endloop
  endfacet
  facet normal 0 0 -1
    outer loop
      vertex 4.05644 9.79312 0
      vertex 4.5922 11.0866 0
      vertex 4.68826 9.50685 0
    endloop
  endfacet
  facet normal 0 0 -1
    outer loop
      vertex 4.05644 9.79312 0
      vertex 3.85727 11.3632 0
      vertex 4.5922 11.0866 0
    endloop
  endfacet
  facet normal 0 0 -1
    outer loop
      vertex 3.40726 10.0375 0
      vertex 3.85727 11.3632 0
      vertex 4.05644 9.79312 0
    endloop
  endfacet
  facet normal 0 0 -1
    outer loop
      vertex 3.40726 10.0375 0
      vertex 3.10583 11.5911 0
      vertex 3.85727 11.3632 0
    endloop
  endfacet
  facet normal 0 0 -1
    outer loop
      vertex 2.74348 10.2388 0
      vertex 3.10583 11.5911 0
      vertex 3.40726 10.0375 0
    endloop
  endfacet
  facet normal 0 0 -1
    outer loop
      vertex 2.74348 10.2388 0
      vertex 2.34108 11.7694 0
      vertex 3.10583 11.5911 0
    endloop
  endfacet
  facet normal 0 0 -1
    outer loop
      vertex 2.06796 10.3963 0
      vertex 2.34108 11.7694 0
      vertex 2.74348 10.2388 0
    endloop
  endfacet
  facet normal 0 0 -1
    outer loop
      vertex 2.06796 10.3963 0
      vertex 1.56631 11.8973 0
      vertex 2.34108 11.7694 0
    endloop
  endfacet
  facet normal 0 0 -1
    outer loop
      vertex 1.38358 10.5093 0
      vertex 1.56631 11.8973 0
      vertex 2.06796 10.3963 0
    endloop
  endfacet
  facet normal 0 0 -1
    outer loop
      vertex 1.38358 10.5093 0
      vertex 0.784837 11.9743 0
      vertex 1.56631 11.8973 0
    endloop
  endfacet
  facet normal 0 0 -1
    outer loop
      vertex 0.693273 10.5773 0
      vertex 0.784837 11.9743 0
      vertex 1.38358 10.5093 0
    endloop
  endfacet
  facet normal 0 0 -1
    outer loop
      vertex 0 10.6 0
      vertex 0.784837 11.9743 0
      vertex 0.693273 10.5773 0
    endloop
  endfacet
  facet normal 0 0 -1
    outer loop
      vertex 0 10.6 0
      vertex 0 12 0
      vertex 0.784837 11.9743 0
    endloop
  endfacet
  facet normal 0 0 -1
    outer loop
      vertex -0.693273 10.5773 0
      vertex 0 12 0
      vertex 0 10.6 0
    endloop
  endfacet
  facet normal 0 0 -1
    outer loop
      vertex -0.693273 10.5773 0
      vertex -0.784837 11.9743 0
      vertex 0 12 0
    endloop
  endfacet
  facet normal 0 0 -1
    outer loop
      vertex -1.38358 10.5093 0
      vertex -0.784837 11.9743 0
      vertex -0.693273 10.5773 0
    endloop
  endfacet
  facet normal 0 0 -1
    outer loop
      vertex -1.38358 10.5093 0
      vertex -1.56631 11.8973 0
      vertex -0.784837 11.9743 0
    endloop
  endfacet
  facet normal 0 0 -1
    outer loop
      vertex -2.06796 10.3963 0
      vertex -1.56631 11.8973 0
      vertex -1.38358 10.5093 0
    endloop
  endfacet
  facet normal 0 0 -1
    outer loop
      vertex -2.06796 10.3963 0
      vertex -2.34108 11.7694 0
      vertex -1.56631 11.8973 0
    endloop
  endfacet
  facet normal 0 0 -1
    outer loop
      vertex -2.74348 10.2388 0
      vertex -2.34108 11.7694 0
      vertex -2.06796 10.3963 0
    endloop
  endfacet
  facet normal 0 0 -1
    outer loop
      vertex -2.74348 10.2388 0
      vertex -3.10583 11.5911 0
      vertex -2.34108 11.7694 0
    endloop
  endfacet
  facet normal 0 0 -1
    outer loop
      vertex -3.40726 10.0375 0
      vertex -3.10583 11.5911 0
      vertex -2.74348 10.2388 0
    endloop
  endfacet
  facet normal 0 0 -1
    outer loop
      vertex -3.40726 10.0375 0
      vertex -3.85727 11.3632 0
      vertex -3.10583 11.5911 0
    endloop
  endfacet
  facet normal 0 0 -1
    outer loop
      vertex -4.05644 9.79312 0
      vertex -3.85727 11.3632 0
      vertex -3.40726 10.0375 0
    endloop
  endfacet
  facet normal 0 0 -1
    outer loop
      vertex -4.05644 9.79312 0
      vertex -4.5922 11.0866 0
      vertex -3.85727 11.3632 0
    endloop
  endfacet
  facet normal 0 0 -1
    outer loop
      vertex -4.68826 9.50685 0
      vertex -4.5922 11.0866 0
      vertex -4.05644 9.79312 0
    endloop
  endfacet
  facet normal 0 0 -1
    outer loop
      vertex -5.30746 10.7625 0
      vertex -4.68826 9.50685 0
      vertex -5.3 9.17987 0
    endloop
  endfacet
  facet normal 0 0 -1
    outer loop
      vertex -4.68826 9.50685 0
      vertex -5.30746 10.7625 0
      vertex -4.5922 11.0866 0
    endloop
  endfacet
  facet normal 0 0 -1
    outer loop
      vertex -6 10.3923 0
      vertex -5.3 9.17987 0
      vertex -5.88904 8.81358 0
    endloop
  endfacet
  facet normal 0 0 -1
    outer loop
      vertex -5.3 9.17987 0
      vertex -6 10.3923 0
      vertex -5.30746 10.7625 0
    endloop
  endfacet
  facet normal 0 0 -1
    outer loop
      vertex -6.66684 9.97763 0
      vertex -5.88904 8.81358 0
      vertex -6.45287 8.40954 0
    endloop
  endfacet
  facet normal 0 0 -1
    outer loop
      vertex -5.88904 8.81358 0
      vertex -6.66684 9.97763 0
      vertex -6 10.3923 0
    endloop
  endfacet
  facet normal 0 0 -1
    outer loop
      vertex -7.30514 9.52024 0
      vertex -6.45287 8.40954 0
      vertex -6.98907 7.9695 0
    endloop
  endfacet
  facet normal 0 0 -1
    outer loop
      vertex -7.30514 9.52024 0
      vertex -6.98907 7.9695 0
      vertex -7.0564 7.90644 0
    endloop
  endfacet
  facet normal 0 0 -1
    outer loop
      vertex -6.45287 8.40954 0
      vertex -7.30514 9.52024 0
      vertex -6.66684 9.97763 0
    endloop
  endfacet
  facet normal 0 0 -1
    outer loop
      vertex 2.04999 -0.674988 0
      vertex 3.5 0 0
      vertex 3.49251 -0.22891 0
    endloop
  endfacet
  facet normal 0 0 -1
    outer loop
      vertex 2.04999 -0.674988 0
      vertex 3.49251 -0.22891 0
      vertex 3.47006 -0.456841 0
    endloop
  endfacet
  facet normal 0 0 -1
    outer loop
      vertex 2.04999 0.674988 0
      vertex 3.5 0 0
      vertex 2.04999 -0.674988 0
    endloop
  endfacet
  facet normal 0 0 -1
    outer loop
      vertex 2.04999 -0.674988 0
      vertex 3.47006 -0.456841 0
      vertex 3.43275 -0.682816 0
    endloop
  endfacet
  facet normal 0 0 -1
    outer loop
      vertex 3.5 0 0
      vertex 2.04999 0.674988 0
      vertex 3.49251 0.22891 0
    endloop
  endfacet
  facet normal 0 0 -1
    outer loop
      vertex 2.04999 -0.674988 0
      vertex 3.43275 -0.682816 0
      vertex 3.38074 -0.905867 0
    endloop
  endfacet
  facet normal 0 0 -1
    outer loop
      vertex 3.49251 0.22891 0
      vertex 2.04999 0.674988 0
      vertex 3.47006 0.456841 0
    endloop
  endfacet
  facet normal 0 0 -1
    outer loop
      vertex 2.04999 -0.674988 0
      vertex 3.38074 -0.905867 0
      vertex 3.31425 -1.12504 0
    endloop
  endfacet
  facet normal 0 0 -1
    outer loop
      vertex 3.47006 0.456841 0
      vertex 2.04999 0.674988 0
      vertex 3.43275 0.682816 0
    endloop
  endfacet
  facet normal 0 0 -1
    outer loop
      vertex 2.04999 -0.674988 0
      vertex 3.31425 -1.12504 0
      vertex 3.23358 -1.33939 0
    endloop
  endfacet
  facet normal -0 0 -1
    outer loop
      vertex 3.43275 0.682816 0
      vertex 2.04999 0.674988 0
      vertex 3.38074 0.905867 0
    endloop
  endfacet
  facet normal 0 0 -1
    outer loop
      vertex 2.04999 -0.674988 0
      vertex 3.23358 -1.33939 0
      vertex 3.13905 -1.54801 0
    endloop
  endfacet
  facet normal -0 0 -1
    outer loop
      vertex 3.38074 0.905867 0
      vertex 2.04999 0.674988 0
      vertex 3.31425 1.12504 0
    endloop
  endfacet
  facet normal 0 0 -1
    outer loop
      vertex 2.04999 -0.674988 0
      vertex 3.13905 -1.54801 0
      vertex 3.07603 -1.66593 0
    endloop
  endfacet
  facet normal -0 0 -1
    outer loop
      vertex 3.31425 1.12504 0
      vertex 2.04999 0.674988 0
      vertex 3.23358 1.33939 0
    endloop
  endfacet
  facet normal 0 0 -1
    outer loop
      vertex 3.07603 1.66593 0
      vertex 7.49553 7.49512 0
      vertex 7.90644 7.0564 0
    endloop
  endfacet
  facet normal 0 0 -1
    outer loop
      vertex 6.98907 7.9695 0
      vertex 7.91215 9.02208 0
      vertex 7.0564 7.90644 0
    endloop
  endfacet
  facet normal -0 0 -1
    outer loop
      vertex 7.49553 7.49512 0
      vertex 3.07603 1.66593 0
      vertex 7.49512 7.49553 0
    endloop
  endfacet
  facet normal 0 0 -1
    outer loop
      vertex 1.66593 3.07603 0
      vertex 7.49512 7.49553 0
      vertex 3.07603 1.66593 0
    endloop
  endfacet
  facet normal -0 0 -1
    outer loop
      vertex 3.13905 1.54801 0
      vertex 2.04999 0.674988 0
      vertex 3.07603 1.66593 0
    endloop
  endfacet
  facet normal 0 0 -1
    outer loop
      vertex 1.66593 3.07603 0
      vertex 3.07603 1.66593 0
      vertex 2.04999 0.674988 0
    endloop
  endfacet
  facet normal -0 0 -1
    outer loop
      vertex 7.49512 7.49553 0
      vertex 1.66593 3.07603 0
      vertex 7.0564 7.90644 0
    endloop
  endfacet
  facet normal 0 0 -1
    outer loop
      vertex 0.674988 2.04999 0
      vertex 1.66593 3.07603 0
      vertex 2.04999 0.674988 0
    endloop
  endfacet
  facet normal -0 0 -1
    outer loop
      vertex 1.66593 3.07603 0
      vertex 0.674988 2.04999 0
      vertex 1.54801 3.13905 0
    endloop
  endfacet
  facet normal -0 0 -1
    outer loop
      vertex 1.54801 3.13905 0
      vertex 0.674988 2.04999 0
      vertex 1.33939 3.23358 0
    endloop
  endfacet
  facet normal -0 0 -1
    outer loop
      vertex 1.33939 3.23358 0
      vertex 0.674988 2.04999 0
      vertex 1.12504 3.31425 0
    endloop
  endfacet
  facet normal -0 0 -1
    outer loop
      vertex 1.12504 3.31425 0
      vertex 0.674988 2.04999 0
      vertex 0.905867 3.38074 0
    endloop
  endfacet
  facet normal 0 0 -1
    outer loop
      vertex 0.674988 2.04999 0
      vertex 2.04999 0.674988 0
      vertex 0.674988 0.674988 0
    endloop
  endfacet
  facet normal -0 0 -1
    outer loop
      vertex 0.905867 3.38074 0
      vertex 0.674988 2.04999 0
      vertex 0.682816 3.43275 0
    endloop
  endfacet
  facet normal 0 0 -1
    outer loop
      vertex 0.674988 2.04999 0
      vertex 0.456841 3.47006 0
      vertex 0.682816 3.43275 0
    endloop
  endfacet
  facet normal 0 0 -1
    outer loop
      vertex 0.674988 2.04999 0
      vertex 0.22891 3.49251 0
      vertex 0.456841 3.47006 0
    endloop
  endfacet
  facet normal 0 0 -1
    outer loop
      vertex 0.674988 2.04999 0
      vertex 0 3.5 0
      vertex 0.22891 3.49251 0
    endloop
  endfacet
  facet normal 0 0 -1
    outer loop
      vertex -0.674988 2.04999 0
      vertex 0 3.5 0
      vertex 0.674988 2.04999 0
    endloop
  endfacet
  facet normal 0 0 -1
    outer loop
      vertex 0 3.5 0
      vertex -0.674988 2.04999 0
      vertex -0.22891 3.49251 0
    endloop
  endfacet
  facet normal 0 0 -1
    outer loop
      vertex -0.22891 3.49251 0
      vertex -0.674988 2.04999 0
      vertex -0.456841 3.47006 0
    endloop
  endfacet
  facet normal 0 0 -1
    outer loop
      vertex -0.456841 3.47006 0
      vertex -0.674988 2.04999 0
      vertex -0.682816 3.43275 0
    endloop
  endfacet
  facet normal 0 0 -1
    outer loop
      vertex 10.6 0 0
      vertex 12 0 0
      vertex 11.9743 -0.784837 0
    endloop
  endfacet
  facet normal 0 0 -1
    outer loop
      vertex 10.5773 -0.693273 0
      vertex 11.9743 -0.784837 0
      vertex 11.8973 -1.56631 0
    endloop
  endfacet
  facet normal 0 0 -1
    outer loop
      vertex 12 0 0
      vertex 10.6 0 0
      vertex 11.9743 0.784837 0
    endloop
  endfacet
  facet normal 0 0 -1
    outer loop
      vertex 10.5093 -1.38358 0
      vertex 11.8973 -1.56631 0
      vertex 11.7694 -2.34108 0
    endloop
  endfacet
  facet normal 0 0 -1
    outer loop
      vertex 10.5773 0.693273 0
      vertex 11.9743 0.784837 0
      vertex 10.6 0 0
    endloop
  endfacet
  facet normal 0 0 -1
    outer loop
      vertex 10.3963 -2.06796 0
      vertex 11.7694 -2.34108 0
      vertex 11.5911 -3.10583 0
    endloop
  endfacet
  facet normal -0 0 -1
    outer loop
      vertex 11.9743 0.784837 0
      vertex 10.5773 0.693273 0
      vertex 11.8973 1.56631 0
    endloop
  endfacet
  facet normal 0 0 -1
    outer loop
      vertex 10.2388 -2.74348 0
      vertex 11.5911 -3.10583 0
      vertex 11.3632 -3.85727 0
    endloop
  endfacet
  facet normal 0 0 -1
    outer loop
      vertex 10.5093 1.38358 0
      vertex 11.8973 1.56631 0
      vertex 10.5773 0.693273 0
    endloop
  endfacet
  facet normal 0 0 -1
    outer loop
      vertex 10.0375 -3.40726 0
      vertex 11.3632 -3.85727 0
      vertex 11.0866 -4.5922 0
    endloop
  endfacet
  facet normal -0 0 -1
    outer loop
      vertex 11.8973 1.56631 0
      vertex 10.5093 1.38358 0
      vertex 11.7694 2.34108 0
    endloop
  endfacet
  facet normal 0 0 -1
    outer loop
      vertex 9.79312 -4.05644 0
      vertex 11.0866 -4.5922 0
      vertex 10.7625 -5.30746 0
    endloop
  endfacet
  facet normal 0 0 -1
    outer loop
      vertex 10.3963 2.06796 0
      vertex 11.7694 2.34108 0
      vertex 10.5093 1.38358 0
    endloop
  endfacet
  facet normal -0 0 -1
    outer loop
      vertex 11.7694 2.34108 0
      vertex 10.3963 2.06796 0
      vertex 11.5911 3.10583 0
    endloop
  endfacet
  facet normal 0 0 -1
    outer loop
      vertex 11.9743 -0.784837 0
      vertex 10.5773 -0.693273 0
      vertex 10.6 0 0
    endloop
  endfacet
  facet normal 0 0 -1
    outer loop
      vertex 11.8973 -1.56631 0
      vertex 10.5093 -1.38358 0
      vertex 10.5773 -0.693273 0
    endloop
  endfacet
  facet normal 0 0 -1
    outer loop
      vertex 11.7694 -2.34108 0
      vertex 10.3963 -2.06796 0
      vertex 10.5093 -1.38358 0
    endloop
  endfacet
  facet normal 0 0 -1
    outer loop
      vertex 9.50685 -4.68826 0
      vertex 10.7625 -5.30746 0
      vertex 10.3923 -6 0
    endloop
  endfacet
  facet normal 0 0 -1
    outer loop
      vertex 11.5911 -3.10583 0
      vertex 10.2388 -2.74348 0
      vertex 10.3963 -2.06796 0
    endloop
  endfacet
  facet normal 0 0 -1
    outer loop
      vertex 11.3632 -3.85727 0
      vertex 10.0375 -3.40726 0
      vertex 10.2388 -2.74348 0
    endloop
  endfacet
  facet normal 0 0 -1
    outer loop
      vertex 9.17987 -5.3 0
      vertex 10.3923 -6 0
      vertex 9.97763 -6.66684 0
    endloop
  endfacet
  facet normal 0 0 -1
    outer loop
      vertex 11.0866 -4.5922 0
      vertex 9.79312 -4.05644 0
      vertex 10.0375 -3.40726 0
    endloop
  endfacet
  facet normal 0 0 -1
    outer loop
      vertex 8.81358 -5.88904 0
      vertex 9.97763 -6.66684 0
      vertex 9.52024 -7.30514 0
    endloop
  endfacet
  facet normal 0 0 -1
    outer loop
      vertex 10.7625 -5.30746 0
      vertex 9.50685 -4.68826 0
      vertex 9.79312 -4.05644 0
    endloop
  endfacet
  facet normal 0 0 -1
    outer loop
      vertex 10.3923 -6 0
      vertex 9.17987 -5.3 0
      vertex 9.50685 -4.68826 0
    endloop
  endfacet
  facet normal 0 0 -1
    outer loop
      vertex 8.40954 -6.45287 0
      vertex 9.52024 -7.30514 0
      vertex 9.02208 -7.91215 0
    endloop
  endfacet
  facet normal 0 0 -1
    outer loop
      vertex 9.97763 -6.66684 0
      vertex 8.81358 -5.88904 0
      vertex 9.17987 -5.3 0
    endloop
  endfacet
  facet normal 0 0 -1
    outer loop
      vertex 7.90644 -7.0564 0
      vertex 9.02208 -7.91215 0
      vertex 8.48528 -8.48528 0
    endloop
  endfacet
  facet normal 0 0 -1
    outer loop
      vertex 9.52024 -7.30514 0
      vertex 8.40954 -6.45287 0
      vertex 8.81358 -5.88904 0
    endloop
  endfacet
  facet normal 0 0 -1
    outer loop
      vertex 9.02208 -7.91215 0
      vertex 7.9695 -6.98907 0
      vertex 8.40954 -6.45287 0
    endloop
  endfacet
  facet normal 0 0 -1
    outer loop
      vertex 7.0564 -7.90644 0
      vertex 8.48528 -8.48528 0
      vertex 7.91215 -9.02208 0
    endloop
  endfacet
  facet normal 0 0 -1
    outer loop
      vertex 9.02208 -7.91215 0
      vertex 7.90644 -7.0564 0
      vertex 7.9695 -6.98907 0
    endloop
  endfacet
  facet normal 0 0 -1
    outer loop
      vertex 8.48528 -8.48528 0
      vertex 7.49553 -7.49512 0
      vertex 7.90644 -7.0564 0
    endloop
  endfacet
  facet normal 0 0 -1
    outer loop
      vertex 8.48528 -8.48528 0
      vertex 7.49533 -7.49533 0
      vertex 7.49553 -7.49512 0
    endloop
  endfacet
  facet normal 0 0 -1
    outer loop
      vertex 8.48528 -8.48528 0
      vertex 7.49512 -7.49553 0
      vertex 7.49533 -7.49533 0
    endloop
  endfacet
  facet normal 0 0 -1
    outer loop
      vertex 6.98907 -7.9695 0
      vertex 7.91215 -9.02208 0
      vertex 7.30514 -9.52024 0
    endloop
  endfacet
  facet normal 0 0 -1
    outer loop
      vertex 10.2388 2.74348 0
      vertex 11.5911 3.10583 0
      vertex 10.3963 2.06796 0
    endloop
  endfacet
  facet normal -0 0 -1
    outer loop
      vertex 11.5911 3.10583 0
      vertex 10.2388 2.74348 0
      vertex 11.3632 3.85727 0
    endloop
  endfacet
  facet normal 0 0 -1
    outer loop
      vertex 10.0375 3.40726 0
      vertex 11.3632 3.85727 0
      vertex 10.2388 2.74348 0
    endloop
  endfacet
  facet normal -0 0 -1
    outer loop
      vertex 11.3632 3.85727 0
      vertex 10.0375 3.40726 0
      vertex 11.0866 4.5922 0
    endloop
  endfacet
  facet normal 0 0 -1
    outer loop
      vertex 9.79312 4.05644 0
      vertex 11.0866 4.5922 0
      vertex 10.0375 3.40726 0
    endloop
  endfacet
  facet normal -0 0 -1
    outer loop
      vertex 11.0866 4.5922 0
      vertex 9.79312 4.05644 0
      vertex 10.7625 5.30746 0
    endloop
  endfacet
  facet normal 0 0 -1
    outer loop
      vertex 9.50685 4.68826 0
      vertex 10.7625 5.30746 0
      vertex 9.79312 4.05644 0
    endloop
  endfacet
  facet normal -0 0 -1
    outer loop
      vertex 10.7625 5.30746 0
      vertex 9.50685 4.68826 0
      vertex 10.3923 6 0
    endloop
  endfacet
  facet normal 0 0 -1
    outer loop
      vertex 9.17987 5.3 0
      vertex 10.3923 6 0
      vertex 9.50685 4.68826 0
    endloop
  endfacet
  facet normal -0 0 -1
    outer loop
      vertex 10.3923 6 0
      vertex 9.17987 5.3 0
      vertex 9.97763 6.66684 0
    endloop
  endfacet
  facet normal 0 0 -1
    outer loop
      vertex 8.81358 5.88904 0
      vertex 9.97763 6.66684 0
      vertex 9.17987 5.3 0
    endloop
  endfacet
  facet normal -0 0 -1
    outer loop
      vertex 9.97763 6.66684 0
      vertex 8.81358 5.88904 0
      vertex 9.52024 7.30514 0
    endloop
  endfacet
  facet normal 0 0 -1
    outer loop
      vertex 8.40954 6.45287 0
      vertex 9.52024 7.30514 0
      vertex 8.81358 5.88904 0
    endloop
  endfacet
  facet normal -0 0 -1
    outer loop
      vertex 9.52024 7.30514 0
      vertex 8.40954 6.45287 0
      vertex 9.02208 7.91215 0
    endloop
  endfacet
  facet normal 0 0 -1
    outer loop
      vertex 7.9695 6.98907 0
      vertex 9.02208 7.91215 0
      vertex 8.40954 6.45287 0
    endloop
  endfacet
  facet normal 0 0 -1
    outer loop
      vertex 7.90644 7.0564 0
      vertex 9.02208 7.91215 0
      vertex 7.9695 6.98907 0
    endloop
  endfacet
  facet normal -0 0 -1
    outer loop
      vertex 9.02208 7.91215 0
      vertex 7.90644 7.0564 0
      vertex 8.48528 8.48528 0
    endloop
  endfacet
  facet normal 0 0 -1
    outer loop
      vertex 7.49553 7.49512 0
      vertex 8.48528 8.48528 0
      vertex 7.90644 7.0564 0
    endloop
  endfacet
  facet normal 0 0 -1
    outer loop
      vertex 7.49533 7.49533 0
      vertex 8.48528 8.48528 0
      vertex 7.49553 7.49512 0
    endloop
  endfacet
  facet normal 0 0 -1
    outer loop
      vertex 7.49512 7.49553 0
      vertex 8.48528 8.48528 0
      vertex 7.49533 7.49533 0
    endloop
  endfacet
  facet normal 0 0 -1
    outer loop
      vertex 7.0564 7.90644 0
      vertex 8.48528 8.48528 0
      vertex 7.49512 7.49553 0
    endloop
  endfacet
  facet normal -0 0 -1
    outer loop
      vertex 8.48528 8.48528 0
      vertex 7.0564 7.90644 0
      vertex 7.91215 9.02208 0
    endloop
  endfacet
  facet normal 0 0 -1
    outer loop
      vertex 3.07603 -1.66593 0
      vertex 7.49553 -7.49512 0
      vertex 7.49512 -7.49553 0
    endloop
  endfacet
  facet normal 0 0 -1
    outer loop
      vertex 8.48528 -8.48528 0
      vertex 7.0564 -7.90644 0
      vertex 7.49512 -7.49553 0
    endloop
  endfacet
  facet normal 0 0 -1
    outer loop
      vertex 1.66593 -3.07603 0
      vertex 7.49512 -7.49553 0
      vertex 7.0564 -7.90644 0
    endloop
  endfacet
  facet normal 0 0 -1
    outer loop
      vertex 7.49553 -7.49512 0
      vertex 3.07603 -1.66593 0
      vertex 7.90644 -7.0564 0
    endloop
  endfacet
  facet normal -0 0 -1
    outer loop
      vertex 3.23358 1.33939 0
      vertex 2.04999 0.674988 0
      vertex 3.13905 1.54801 0
    endloop
  endfacet
  facet normal 0 0 -1
    outer loop
      vertex 7.49512 -7.49553 0
      vertex 1.66593 -3.07603 0
      vertex 3.07603 -1.66593 0
    endloop
  endfacet
  facet normal -0 0 -1
    outer loop
      vertex 3.07603 -1.66593 0
      vertex 1.66593 -3.07603 0
      vertex 2.04999 -0.674988 0
    endloop
  endfacet
  facet normal 0 0 -1
    outer loop
      vertex 0.674988 -2.04999 0
      vertex 1.66593 -3.07603 0
      vertex 1.54801 -3.13905 0
    endloop
  endfacet
  facet normal 0 0 -1
    outer loop
      vertex 0.674988 -2.04999 0
      vertex 1.54801 -3.13905 0
      vertex 1.33939 -3.23358 0
    endloop
  endfacet
  facet normal 0 0 -1
    outer loop
      vertex 0.674988 -2.04999 0
      vertex 1.33939 -3.23358 0
      vertex 1.12504 -3.31425 0
    endloop
  endfacet
  facet normal 0 0 -1
    outer loop
      vertex 0.674988 -2.04999 0
      vertex 1.12504 -3.31425 0
      vertex 0.905867 -3.38074 0
    endloop
  endfacet
  facet normal 0 0 -1
    outer loop
      vertex 0.674988 -2.04999 0
      vertex 0.905867 -3.38074 0
      vertex 0.682816 -3.43275 0
    endloop
  endfacet
  facet normal 0 0 -1
    outer loop
      vertex 1.66593 -3.07603 0
      vertex 0.674988 -2.04999 0
      vertex 2.04999 -0.674988 0
    endloop
  endfacet
  facet normal -0 0 -1
    outer loop
      vertex 2.04999 -0.674988 0
      vertex 0.674988 -2.04999 0
      vertex 0.674988 -0.674988 0
    endloop
  endfacet
  facet normal 0.333413 -0.623783 0.706917
    outer loop
      vertex 4.5 -7.79423 11
      vertex 3.9806 -8.07185 11
      vertex 6 -10.3923 8
    endloop
  endfacet
  facet normal 0.352241 0.935909 -0
    outer loop
      vertex 4.5922 11.0866 0
      vertex 3.85727 11.3632 8
      vertex 4.5922 11.0866 8
    endloop
  endfacet
  facet normal 0.352241 0.935909 0
    outer loop
      vertex 3.85727 11.3632 8
      vertex 4.5922 11.0866 0
      vertex 3.85727 11.3632 0
    endloop
  endfacet
  facet normal 0.205279 0.676852 0.706917
    outer loop
      vertex 3.10583 11.5911 8
      vertex 2.32937 8.69333 11
      vertex 3.85727 11.3632 8
    endloop
  endfacet
  facet normal -0.249137 0.661961 0.706922
    outer loop
      vertex -3.85727 11.3632 8
      vertex -4.5922 11.0866 8
      vertex -3.44415 8.31492 11
    endloop
  endfacet
  facet normal -0.623783 0.333413 0.706917
    outer loop
      vertex -7.79423 4.5 11
      vertex -10.3923 6 8
      vertex -8.07185 3.9806 11
    endloop
  endfacet
  facet normal -0.676836 0.205316 0.706922
    outer loop
      vertex -8.52237 2.89295 11
      vertex -11.3632 3.85727 8
      vertex -8.69333 2.32937 11
    endloop
  endfacet
  facet normal -0.661961 0.249136 0.706922
    outer loop
      vertex -8.31492 3.44415 11
      vertex -11.3632 3.85727 8
      vertex -8.52237 2.89295 11
    endloop
  endfacet
  facet normal -0.703894 0.0693311 0.706913
    outer loop
      vertex -8.923 1.17474 11
      vertex -11.8973 1.56631 8
      vertex -8.98073 0.588628 11
    endloop
  endfacet
  facet normal 0.683596 0.729861 -0
    outer loop
      vertex 8.48528 8.48528 0
      vertex 7.91215 9.02208 8
      vertex 8.48528 8.48528 8
    endloop
  endfacet
  facet normal 0.683596 0.729861 0
    outer loop
      vertex 7.91215 9.02208 8
      vertex 8.48528 8.48528 0
      vertex 7.91215 9.02208 0
    endloop
  endfacet
  facet normal 0 0 1
    outer loop
      vertex 4.25 4.25 11
      vertex 9 0 11
      vertex 8.98073 0.588628 11
    endloop
  endfacet
  facet normal 0 0 1
    outer loop
      vertex 4.25 4.25 11
      vertex 8.98073 0.588628 11
      vertex 8.923 1.17474 11
    endloop
  endfacet
  facet normal 0 0 1
    outer loop
      vertex 4.25 -4.25 11
      vertex 9 0 11
      vertex 4.25 4.25 11
    endloop
  endfacet
  facet normal 0 0 1
    outer loop
      vertex 4.25 4.25 11
      vertex 8.923 1.17474 11
      vertex 8.82707 1.75581 11
    endloop
  endfacet
  facet normal 0 0 1
    outer loop
      vertex 9 0 11
      vertex 4.25 -4.25 11
      vertex 8.98073 -0.588628 11
    endloop
  endfacet
  facet normal 0 0 1
    outer loop
      vertex 4.25 4.25 11
      vertex 8.82707 1.75581 11
      vertex 8.69333 2.32937 11
    endloop
  endfacet
  facet normal 0 0 1
    outer loop
      vertex 8.98073 -0.588628 11
      vertex 4.25 -4.25 11
      vertex 8.923 -1.17474 11
    endloop
  endfacet
  facet normal 0 0 1
    outer loop
      vertex 4.25 4.25 11
      vertex 8.69333 2.32937 11
      vertex 8.52237 2.89295 11
    endloop
  endfacet
  facet normal 0 0 1
    outer loop
      vertex 8.923 -1.17474 11
      vertex 4.25 -4.25 11
      vertex 8.82707 -1.75581 11
    endloop
  endfacet
  facet normal 0 0 1
    outer loop
      vertex 4.25 4.25 11
      vertex 8.52237 2.89295 11
      vertex 8.31492 3.44415 11
    endloop
  endfacet
  facet normal 0 0 1
    outer loop
      vertex 8.82707 -1.75581 11
      vertex 4.25 -4.25 11
      vertex 8.69333 -2.32937 11
    endloop
  endfacet
  facet normal 0 0 1
    outer loop
      vertex 4.25 4.25 11
      vertex 8.31492 3.44415 11
      vertex 8.07185 3.9806 11
    endloop
  endfacet
  facet normal 0 0 1
    outer loop
      vertex 8.69333 -2.32937 11
      vertex 4.25 -4.25 11
      vertex 8.52237 -2.89295 11
    endloop
  endfacet
  facet normal -0 0 1
    outer loop
      vertex 4.25 4.25 11
      vertex 8.07185 3.9806 11
      vertex 7.79423 4.5 11
    endloop
  endfacet
  facet normal 0 0 1
    outer loop
      vertex 8.52237 -2.89295 11
      vertex 4.25 -4.25 11
      vertex 8.31492 -3.44415 11
    endloop
  endfacet
  facet normal 0 0 1
    outer loop
      vertex 4.25 4.25 11
      vertex 7.79423 4.5 11
      vertex 7.48323 5.00013 11
    endloop
  endfacet
  facet normal 0 0 1
    outer loop
      vertex 8.31492 -3.44415 11
      vertex 4.25 -4.25 11
      vertex 8.07185 -3.9806 11
    endloop
  endfacet
  facet normal 0 0 1
    outer loop
      vertex 4.25 4.25 11
      vertex 7.48323 5.00013 11
      vertex 7.14018 5.47885 11
    endloop
  endfacet
  facet normal 0 0 1
    outer loop
      vertex 8.07185 -3.9806 11
      vertex 4.25 -4.25 11
      vertex 7.79423 -4.5 11
    endloop
  endfacet
  facet normal 0 0 1
    outer loop
      vertex 4.25 4.25 11
      vertex 7.14018 5.47885 11
      vertex 6.76656 5.93411 11
    endloop
  endfacet
  facet normal 0 0 1
    outer loop
      vertex 7.79423 -4.5 11
      vertex 4.25 -4.25 11
      vertex 7.48323 -5.00013 11
    endloop
  endfacet
  facet normal 0 0 1
    outer loop
      vertex 4.25 4.25 11
      vertex 6.76656 5.93411 11
      vertex 6.36396 6.36396 11
    endloop
  endfacet
  facet normal 0 0 1
    outer loop
      vertex 7.48323 -5.00013 11
      vertex 4.25 -4.25 11
      vertex 7.14018 -5.47885 11
    endloop
  endfacet
  facet normal 0 0 1
    outer loop
      vertex 4.25 4.25 11
      vertex 6.36396 6.36396 11
      vertex 5.93411 6.76656 11
    endloop
  endfacet
  facet normal 0 0 1
    outer loop
      vertex 7.14018 -5.47885 11
      vertex 4.25 -4.25 11
      vertex 6.76656 -5.93411 11
    endloop
  endfacet
  facet normal 0 0 1
    outer loop
      vertex 4.25 4.25 11
      vertex 5.93411 6.76656 11
      vertex 5.47885 7.14018 11
    endloop
  endfacet
  facet normal 0 0 1
    outer loop
      vertex 6.76656 -5.93411 11
      vertex 4.25 -4.25 11
      vertex 6.36396 -6.36396 11
    endloop
  endfacet
  facet normal 0 0 1
    outer loop
      vertex 4.25 4.25 11
      vertex 5.47885 7.14018 11
      vertex 5.00013 7.48323 11
    endloop
  endfacet
  facet normal 0 0 1
    outer loop
      vertex 6.36396 -6.36396 11
      vertex 4.25 -4.25 11
      vertex 5.93411 -6.76656 11
    endloop
  endfacet
  facet normal 0 0 1
    outer loop
      vertex 4.25 4.25 11
      vertex 5.00013 7.48323 11
      vertex 4.5 7.79423 11
    endloop
  endfacet
  facet normal 0 0 1
    outer loop
      vertex 5.93411 -6.76656 11
      vertex 4.25 -4.25 11
      vertex 5.47885 -7.14018 11
    endloop
  endfacet
  facet normal 0 0 1
    outer loop
      vertex 5.47885 -7.14018 11
      vertex 4.25 -4.25 11
      vertex 5.00013 -7.48323 11
    endloop
  endfacet
  facet normal 0 0 1
    outer loop
      vertex 3.9806 8.07185 11
      vertex 4.25 4.25 11
      vertex 4.5 7.79423 11
    endloop
  endfacet
  facet normal 0 0 1
    outer loop
      vertex 3.44415 8.31492 11
      vertex 4.25 4.25 11
      vertex 3.9806 8.07185 11
    endloop
  endfacet
  facet normal 0 0 1
    outer loop
      vertex 2.89295 8.52237 11
      vertex 4.25 4.25 11
      vertex 3.44415 8.31492 11
    endloop
  endfacet
  facet normal 0 0 1
    outer loop
      vertex 2.32937 8.69333 11
      vertex 4.25 4.25 11
      vertex 2.89295 8.52237 11
    endloop
  endfacet
  facet normal 0 0 1
    outer loop
      vertex 1.75581 8.82707 11
      vertex 4.25 4.25 11
      vertex 2.32937 8.69333 11
    endloop
  endfacet
  facet normal 0 0 1
    outer loop
      vertex 1.17474 8.923 11
      vertex 4.25 4.25 11
      vertex 1.75581 8.82707 11
    endloop
  endfacet
  facet normal 0 0 1
    outer loop
      vertex 0.588628 8.98073 11
      vertex 4.25 4.25 11
      vertex 1.17474 8.923 11
    endloop
  endfacet
  facet normal 0 0 1
    outer loop
      vertex 0 9 11
      vertex 4.25 4.25 11
      vertex 0.588628 8.98073 11
    endloop
  endfacet
  facet normal 0 0 1
    outer loop
      vertex -4.25 4.25 11
      vertex 0 9 11
      vertex -0.588628 8.98073 11
    endloop
  endfacet
  facet normal 0 0 1
    outer loop
      vertex -4.25 4.25 11
      vertex -0.588628 8.98073 11
      vertex -1.17474 8.923 11
    endloop
  endfacet
  facet normal 0 0 1
    outer loop
      vertex -4.25 4.25 11
      vertex -1.17474 8.923 11
      vertex -1.75581 8.82707 11
    endloop
  endfacet
  facet normal 0 0 1
    outer loop
      vertex -4.25 4.25 11
      vertex -1.75581 8.82707 11
      vertex -2.32937 8.69333 11
    endloop
  endfacet
  facet normal 0 0 1
    outer loop
      vertex -4.25 4.25 11
      vertex -2.32937 8.69333 11
      vertex -2.89295 8.52237 11
    endloop
  endfacet
  facet normal 0 0 1
    outer loop
      vertex -4.25 4.25 11
      vertex -2.89295 8.52237 11
      vertex -3.44415 8.31492 11
    endloop
  endfacet
  facet normal 0 0 1
    outer loop
      vertex -4.25 4.25 11
      vertex -3.44415 8.31492 11
      vertex -3.9806 8.07185 11
    endloop
  endfacet
  facet normal 0 0 1
    outer loop
      vertex 0 9 11
      vertex -4.25 4.25 11
      vertex 4.25 4.25 11
    endloop
  endfacet
  facet normal -0 0 1
    outer loop
      vertex -5.00013 7.48323 11
      vertex -4.25 4.25 11
      vertex -4.5 7.79423 11
    endloop
  endfacet
  facet normal -0 0 1
    outer loop
      vertex -4.5 7.79423 11
      vertex -4.25 4.25 11
      vertex -3.9806 8.07185 11
    endloop
  endfacet
  facet normal 0 0 1
    outer loop
      vertex 5.00013 -7.48323 11
      vertex 4.25 -4.25 11
      vertex 4.5 -7.79423 11
    endloop
  endfacet
  facet normal 0 0 1
    outer loop
      vertex 4.25 -4.25 11
      vertex 3.9806 -8.07185 11
      vertex 4.5 -7.79423 11
    endloop
  endfacet
  facet normal 0 0 1
    outer loop
      vertex 4.25 -4.25 11
      vertex 3.44415 -8.31492 11
      vertex 3.9806 -8.07185 11
    endloop
  endfacet
  facet normal 0 0 1
    outer loop
      vertex 4.25 -4.25 11
      vertex 2.89295 -8.52237 11
      vertex 3.44415 -8.31492 11
    endloop
  endfacet
  facet normal 0 0 1
    outer loop
      vertex 4.25 -4.25 11
      vertex 2.32937 -8.69333 11
      vertex 2.89295 -8.52237 11
    endloop
  endfacet
  facet normal 0 0 1
    outer loop
      vertex 4.25 -4.25 11
      vertex 1.75581 -8.82707 11
      vertex 2.32937 -8.69333 11
    endloop
  endfacet
  facet normal 0 0 1
    outer loop
      vertex 4.25 -4.25 11
      vertex 1.17474 -8.923 11
      vertex 1.75581 -8.82707 11
    endloop
  endfacet
  facet normal 0 0 1
    outer loop
      vertex 4.25 -4.25 11
      vertex 0.588628 -8.98073 11
      vertex 1.17474 -8.923 11
    endloop
  endfacet
  facet normal 0 0 1
    outer loop
      vertex 4.25 -4.25 11
      vertex 0 -9 11
      vertex 0.588628 -8.98073 11
    endloop
  endfacet
  facet normal -0 0 1
    outer loop
      vertex -4.25 -4.25 11
      vertex 0 -9 11
      vertex 4.25 -4.25 11
    endloop
  endfacet
  facet normal 0 0 1
    outer loop
      vertex 0 -9 11
      vertex -4.25 -4.25 11
      vertex -0.588628 -8.98073 11
    endloop
  endfacet
  facet normal 0 0 1
    outer loop
      vertex -0.588628 -8.98073 11
      vertex -4.25 -4.25 11
      vertex -1.17474 -8.923 11
    endloop
  endfacet
  facet normal 0 0 1
    outer loop
      vertex -1.17474 -8.923 11
      vertex -4.25 -4.25 11
      vertex -1.75581 -8.82707 11
    endloop
  endfacet
  facet normal 0 0 1
    outer loop
      vertex -1.75581 -8.82707 11
      vertex -4.25 -4.25 11
      vertex -2.32937 -8.69333 11
    endloop
  endfacet
  facet normal 0 0 1
    outer loop
      vertex -2.32937 -8.69333 11
      vertex -4.25 -4.25 11
      vertex -2.89295 -8.52237 11
    endloop
  endfacet
  facet normal 0 0 1
    outer loop
      vertex -2.89295 -8.52237 11
      vertex -4.25 -4.25 11
      vertex -3.44415 -8.31492 11
    endloop
  endfacet
  facet normal 0 0 1
    outer loop
      vertex -3.44415 -8.31492 11
      vertex -4.25 -4.25 11
      vertex -3.9806 -8.07185 11
    endloop
  endfacet
  facet normal 0 0 1
    outer loop
      vertex -4.25 -4.25 11
      vertex -4.5 -7.79423 11
      vertex -3.9806 -8.07185 11
    endloop
  endfacet
  facet normal -0 0 1
    outer loop
      vertex -5.47885 7.14018 11
      vertex -4.25 4.25 11
      vertex -5.00013 7.48323 11
    endloop
  endfacet
  facet normal -0 0 1
    outer loop
      vertex -5.93411 6.76656 11
      vertex -4.25 4.25 11
      vertex -5.47885 7.14018 11
    endloop
  endfacet
  facet normal 0 0 1
    outer loop
      vertex -4.25 -4.25 11
      vertex -5.00013 -7.48323 11
      vertex -4.5 -7.79423 11
    endloop
  endfacet
  facet normal -0 0 1
    outer loop
      vertex -6.36396 6.36396 11
      vertex -4.25 4.25 11
      vertex -5.93411 6.76656 11
    endloop
  endfacet
  facet normal 0 0 1
    outer loop
      vertex -4.25 -4.25 11
      vertex -5.47885 -7.14018 11
      vertex -5.00013 -7.48323 11
    endloop
  endfacet
  facet normal -0 0 1
    outer loop
      vertex -6.76656 5.93411 11
      vertex -4.25 4.25 11
      vertex -6.36396 6.36396 11
    endloop
  endfacet
  facet normal 0 0 1
    outer loop
      vertex -4.25 -4.25 11
      vertex -5.93411 -6.76656 11
      vertex -5.47885 -7.14018 11
    endloop
  endfacet
  facet normal -0 0 1
    outer loop
      vertex -7.14018 5.47885 11
      vertex -4.25 4.25 11
      vertex -6.76656 5.93411 11
    endloop
  endfacet
  facet normal 0 0 1
    outer loop
      vertex -4.25 -4.25 11
      vertex -6.36396 -6.36396 11
      vertex -5.93411 -6.76656 11
    endloop
  endfacet
  facet normal -0 0 1
    outer loop
      vertex -7.48323 5.00013 11
      vertex -4.25 4.25 11
      vertex -7.14018 5.47885 11
    endloop
  endfacet
  facet normal 0 0 1
    outer loop
      vertex -4.25 -4.25 11
      vertex -6.76656 -5.93411 11
      vertex -6.36396 -6.36396 11
    endloop
  endfacet
  facet normal -0 0 1
    outer loop
      vertex -7.79423 4.5 11
      vertex -4.25 4.25 11
      vertex -7.48323 5.00013 11
    endloop
  endfacet
  facet normal 0 0 1
    outer loop
      vertex -4.25 -4.25 11
      vertex -7.14018 -5.47885 11
      vertex -6.76656 -5.93411 11
    endloop
  endfacet
  facet normal 0 0 1
    outer loop
      vertex -8.07185 3.9806 11
      vertex -4.25 4.25 11
      vertex -7.79423 4.5 11
    endloop
  endfacet
  facet normal 0 0 1
    outer loop
      vertex -4.25 -4.25 11
      vertex -7.48323 -5.00013 11
      vertex -7.14018 -5.47885 11
    endloop
  endfacet
  facet normal 0 0 1
    outer loop
      vertex -8.31492 3.44415 11
      vertex -4.25 4.25 11
      vertex -8.07185 3.9806 11
    endloop
  endfacet
  facet normal 0 0 1
    outer loop
      vertex -4.25 -4.25 11
      vertex -7.79423 -4.5 11
      vertex -7.48323 -5.00013 11
    endloop
  endfacet
  facet normal 0 0 1
    outer loop
      vertex -8.52237 2.89295 11
      vertex -4.25 4.25 11
      vertex -8.31492 3.44415 11
    endloop
  endfacet
  facet normal 0 0 1
    outer loop
      vertex -4.25 -4.25 11
      vertex -8.07185 -3.9806 11
      vertex -7.79423 -4.5 11
    endloop
  endfacet
  facet normal 0 0 1
    outer loop
      vertex -8.69333 2.32937 11
      vertex -4.25 4.25 11
      vertex -8.52237 2.89295 11
    endloop
  endfacet
  facet normal 0 0 1
    outer loop
      vertex -4.25 -4.25 11
      vertex -8.31492 -3.44415 11
      vertex -8.07185 -3.9806 11
    endloop
  endfacet
  facet normal 0 0 1
    outer loop
      vertex -8.82707 1.75581 11
      vertex -4.25 4.25 11
      vertex -8.69333 2.32937 11
    endloop
  endfacet
  facet normal 0 0 1
    outer loop
      vertex -4.25 -4.25 11
      vertex -8.52237 -2.89295 11
      vertex -8.31492 -3.44415 11
    endloop
  endfacet
  facet normal 0 0 1
    outer loop
      vertex -8.923 1.17474 11
      vertex -4.25 4.25 11
      vertex -8.82707 1.75581 11
    endloop
  endfacet
  facet normal 0 0 1
    outer loop
      vertex -4.25 -4.25 11
      vertex -8.69333 -2.32937 11
      vertex -8.52237 -2.89295 11
    endloop
  endfacet
  facet normal 0 0 1
    outer loop
      vertex -8.98073 0.588628 11
      vertex -4.25 4.25 11
      vertex -8.923 1.17474 11
    endloop
  endfacet
  facet normal 0 0 1
    outer loop
      vertex -4.25 -4.25 11
      vertex -8.82707 -1.75581 11
      vertex -8.69333 -2.32937 11
    endloop
  endfacet
  facet normal 0 0 1
    outer loop
      vertex -9 0 11
      vertex -4.25 4.25 11
      vertex -8.98073 0.588628 11
    endloop
  endfacet
  facet normal 0 0 1
    outer loop
      vertex -4.25 -4.25 11
      vertex -8.923 -1.17474 11
      vertex -8.82707 -1.75581 11
    endloop
  endfacet
  facet normal 0 0 1
    outer loop
      vertex -4.25 4.25 11
      vertex -9 0 11
      vertex -4.25 -4.25 11
    endloop
  endfacet
  facet normal 0 0 1
    outer loop
      vertex -4.25 -4.25 11
      vertex -8.98073 -0.588628 11
      vertex -8.923 -1.17474 11
    endloop
  endfacet
  facet normal 0 0 1
    outer loop
      vertex -4.25 -4.25 11
      vertex -9 0 11
      vertex -8.98073 -0.588628 11
    endloop
  endfacet
  facet normal -0.935884 -0.352308 0
    outer loop
      vertex 10.0375 3.40726 0
      vertex 9.79312 4.05644 8.4
      vertex 9.79312 4.05644 0
    endloop
  endfacet
  facet normal -0.935884 -0.352308 0
    outer loop
      vertex 9.79312 4.05644 8.4
      vertex 10.0375 3.40726 0
      vertex 10.0375 3.40726 8.4
    endloop
  endfacet
  facet normal -0.412702 -0.910866 0
    outer loop
      vertex 4.05644 9.79312 0
      vertex 4.68826 9.50685 8.4
      vertex 4.05644 9.79312 8.4
    endloop
  endfacet
  facet normal -0.412702 -0.910866 -0
    outer loop
      vertex 4.68826 9.50685 8.4
      vertex 4.05644 9.79312 0
      vertex 4.68826 9.50685 0
    endloop
  endfacet
  facet normal -0.995183 0.0980324 0
    outer loop
      vertex 10.5093 -1.38358 0
      vertex 10.5773 -0.693273 8.4
      vertex 10.5773 -0.693273 0
    endloop
  endfacet
  facet normal -0.995183 0.0980324 0
    outer loop
      vertex 10.5773 -0.693273 8.4
      vertex 10.5093 -1.38358 0
      vertex 10.5093 -1.38358 8.4
    endloop
  endfacet
  facet normal -0.812843 0.582483 0
    outer loop
      vertex 8.40954 -6.45287 0
      vertex 8.81358 -5.88904 8.4
      vertex 8.81358 -5.88904 0
    endloop
  endfacet
  facet normal -0.812843 0.582483 0
    outer loop
      vertex 8.81358 -5.88904 8.4
      vertex 8.40954 -6.45287 0
      vertex 8.40954 -6.45287 8.4
    endloop
  endfacet
  facet normal 0.881922 0.471395 0
    outer loop
      vertex -9.17987 -5.3 8.4
      vertex -9.50685 -4.68826 0
      vertex -9.50685 -4.68826 8.4
    endloop
  endfacet
  facet normal 0.881922 0.471395 0
    outer loop
      vertex -9.50685 -4.68826 0
      vertex -9.17987 -5.3 8.4
      vertex -9.17987 -5.3 0
    endloop
  endfacet
  facet normal -0.528069 0.849201 0
    outer loop
      vertex 5.88904 -8.81358 0
      vertex 5.3 -9.17987 8.4
      vertex 5.88904 -8.81358 8.4
    endloop
  endfacet
  facet normal -0.528069 0.849201 0
    outer loop
      vertex 5.3 -9.17987 8.4
      vertex 5.88904 -8.81358 0
      vertex 5.3 -9.17987 0
    endloop
  endfacet
  facet normal 0.812843 -0.582483 0
    outer loop
      vertex -8.81358 5.88904 8.4
      vertex -8.40954 6.45287 0
      vertex -8.40954 6.45287 8.4
    endloop
  endfacet
  facet normal 0.812843 -0.582483 0
    outer loop
      vertex -8.40954 6.45287 0
      vertex -8.81358 5.88904 8.4
      vertex -8.81358 5.88904 0
    endloop
  endfacet
  facet normal -0.0980324 0.995183 0
    outer loop
      vertex 1.38358 -10.5093 0
      vertex 0.693273 -10.5773 8.4
      vertex 1.38358 -10.5093 8.4
    endloop
  endfacet
  facet normal -0.0980324 0.995183 0
    outer loop
      vertex 0.693273 -10.5773 8.4
      vertex 1.38358 -10.5093 0
      vertex 0.693273 -10.5773 0
    endloop
  endfacet
  facet normal 0.471395 0.881922 -0
    outer loop
      vertex -4.68826 -9.50685 0
      vertex -5.3 -9.17987 8.4
      vertex -4.68826 -9.50685 8.4
    endloop
  endfacet
  facet normal 0.471395 0.881922 0
    outer loop
      vertex -5.3 -9.17987 8.4
      vertex -4.68826 -9.50685 0
      vertex -5.3 -9.17987 0
    endloop
  endfacet
  facet normal 0.999464 0.0327257 0
    outer loop
      vertex -10.5773 -0.693273 8.4
      vertex -10.6 0 0
      vertex -10.6 0 8.4
    endloop
  endfacet
  facet normal 0.999464 0.0327257 0
    outer loop
      vertex -10.6 0 0
      vertex -10.5773 -0.693273 8.4
      vertex -10.5773 -0.693273 0
    endloop
  endfacet
  facet normal -0.634386 -0.773016 0
    outer loop
      vertex 6.45287 8.40954 0
      vertex 6.98907 7.9695 8.4
      vertex 6.45287 8.40954 8.4
    endloop
  endfacet
  facet normal -0.634386 -0.773016 -0
    outer loop
      vertex 6.98907 7.9695 8.4
      vertex 6.45287 8.40954 0
      vertex 6.98907 7.9695 0
    endloop
  endfacet
  facet normal 0.352308 0.935884 -0
    outer loop
      vertex -3.40726 -10.0375 0
      vertex -4.05644 -9.79312 8.4
      vertex -3.40726 -10.0375 8.4
    endloop
  endfacet
  facet normal 0.352308 0.935884 0
    outer loop
      vertex -4.05644 -9.79312 8.4
      vertex -3.40726 -10.0375 0
      vertex -4.05644 -9.79312 0
    endloop
  endfacet
  facet normal -0.995183 -0.0980324 0
    outer loop
      vertex 10.5773 0.693273 0
      vertex 10.5093 1.38358 8.4
      vertex 10.5093 1.38358 0
    endloop
  endfacet
  facet normal -0.995183 -0.0980324 0
    outer loop
      vertex 10.5093 1.38358 8.4
      vertex 10.5773 0.693273 0
      vertex 10.5773 0.693273 8.4
    endloop
  endfacet
  facet normal -0.999464 -0.0327257 0
    outer loop
      vertex 10.6 0 0
      vertex 10.5773 0.693273 8.4
      vertex 10.5773 0.693273 0
    endloop
  endfacet
  facet normal -0.999464 -0.0327257 0
    outer loop
      vertex 10.5773 0.693273 8.4
      vertex 10.6 0 0
      vertex 10.6 0 8.4
    endloop
  endfacet
  facet normal 0.986641 0.162907 0
    outer loop
      vertex -10.3963 -2.06796 8.4
      vertex -10.5093 -1.38358 0
      vertex -10.5093 -1.38358 8.4
    endloop
  endfacet
  facet normal 0.986641 0.162907 0
    outer loop
      vertex -10.5093 -1.38358 0
      vertex -10.3963 -2.06796 8.4
      vertex -10.3963 -2.06796 0
    endloop
  endfacet
  facet normal 0.849201 -0.528069 0
    outer loop
      vertex -9.17987 5.3 8.4
      vertex -8.81358 5.88904 0
      vertex -8.81358 5.88904 8.4
    endloop
  endfacet
  facet normal 0.849201 -0.528069 0
    outer loop
      vertex -8.81358 5.88904 0
      vertex -9.17987 5.3 8.4
      vertex -9.17987 5.3 0
    endloop
  endfacet
  facet normal -0.227064 0.97388 0
    outer loop
      vertex 2.74348 -10.2388 0
      vertex 2.06796 -10.3963 8.4
      vertex 2.74348 -10.2388 8.4
    endloop
  endfacet
  facet normal -0.227064 0.97388 0
    outer loop
      vertex 2.06796 -10.3963 8.4
      vertex 2.74348 -10.2388 0
      vertex 2.06796 -10.3963 0
    endloop
  endfacet
  facet normal 0.227064 0.97388 -0
    outer loop
      vertex -2.06796 -10.3963 0
      vertex -2.74348 -10.2388 8.4
      vertex -2.06796 -10.3963 8.4
    endloop
  endfacet
  facet normal 0.227064 0.97388 0
    outer loop
      vertex -2.74348 -10.2388 8.4
      vertex -2.06796 -10.3963 0
      vertex -2.74348 -10.2388 0
    endloop
  endfacet
  facet normal 0.471395 -0.881922 0
    outer loop
      vertex -5.3 9.17987 0
      vertex -4.68826 9.50685 8.4
      vertex -5.3 9.17987 8.4
    endloop
  endfacet
  facet normal 0.471395 -0.881922 0
    outer loop
      vertex -4.68826 9.50685 8.4
      vertex -5.3 9.17987 0
      vertex -4.68826 9.50685 0
    endloop
  endfacet
  facet normal -0.773016 0.634386 0
    outer loop
      vertex 7.9695 -6.98907 0
      vertex 8.40954 -6.45287 8.4
      vertex 8.40954 -6.45287 0
    endloop
  endfacet
  facet normal -0.773016 0.634386 0
    outer loop
      vertex 8.40954 -6.45287 8.4
      vertex 7.9695 -6.98907 0
      vertex 7.9695 -6.98907 8.4
    endloop
  endfacet
  facet normal 0.935884 -0.352308 0
    outer loop
      vertex -10.0375 3.40726 8.4
      vertex -9.79312 4.05644 0
      vertex -9.79312 4.05644 8.4
    endloop
  endfacet
  facet normal 0.935884 -0.352308 0
    outer loop
      vertex -9.79312 4.05644 0
      vertex -10.0375 3.40726 8.4
      vertex -10.0375 3.40726 0
    endloop
  endfacet
  facet normal -0.881922 -0.471395 0
    outer loop
      vertex 9.50685 4.68826 0
      vertex 9.17987 5.3 8.4
      vertex 9.17987 5.3 0
    endloop
  endfacet
  facet normal -0.881922 -0.471395 0
    outer loop
      vertex 9.17987 5.3 8.4
      vertex 9.50685 4.68826 0
      vertex 9.50685 4.68826 8.4
    endloop
  endfacet
  facet normal 0.162907 -0.986641 0
    outer loop
      vertex -2.06796 10.3963 0
      vertex -1.38358 10.5093 8.4
      vertex -2.06796 10.3963 8.4
    endloop
  endfacet
  facet normal 0.162907 -0.986641 0
    outer loop
      vertex -1.38358 10.5093 8.4
      vertex -2.06796 10.3963 0
      vertex -1.38358 10.5093 0
    endloop
  endfacet
  facet normal -0.910866 -0.412702 0
    outer loop
      vertex 9.79312 4.05644 0
      vertex 9.50685 4.68826 8.4
      vertex 9.50685 4.68826 0
    endloop
  endfacet
  facet normal -0.910866 -0.412702 0
    outer loop
      vertex 9.50685 4.68826 8.4
      vertex 9.79312 4.05644 0
      vertex 9.79312 4.05644 8.4
    endloop
  endfacet
  facet normal 0.881922 -0.471395 0
    outer loop
      vertex -9.50685 4.68826 8.4
      vertex -9.17987 5.3 0
      vertex -9.17987 5.3 8.4
    endloop
  endfacet
  facet normal 0.881922 -0.471395 0
    outer loop
      vertex -9.17987 5.3 0
      vertex -9.50685 4.68826 8.4
      vertex -9.50685 4.68826 0
    endloop
  endfacet
  facet normal 0.724138 0.689655 0
    outer loop
      vertex -7.49533 -7.49533 8.4
      vertex -7.49553 -7.49512 0
      vertex -7.49553 -7.49512 8.4
    endloop
  endfacet
  facet normal 0.724138 0.689655 0
    outer loop
      vertex -7.49553 -7.49512 0
      vertex -7.49533 -7.49533 8.4
      vertex -7.49533 -7.49533 0
    endloop
  endfacet
  facet normal 0.729872 0.683584 0
    outer loop
      vertex -7.90644 -7.0564 8.4
      vertex -7.9695 -6.98907 0
      vertex -7.9695 -6.98907 8.4
    endloop
  endfacet
  facet normal 0.729872 0.683584 0
    outer loop
      vertex -7.9695 -6.98907 0
      vertex -7.90644 -7.0564 8.4
      vertex -7.90644 -7.0564 0
    endloop
  endfacet
  facet normal -0.0327257 0.999464 0
    outer loop
      vertex 0.693273 -10.5773 0
      vertex 0 -10.6 8.4
      vertex 0.693273 -10.5773 8.4
    endloop
  endfacet
  facet normal -0.0327257 0.999464 0
    outer loop
      vertex 0 -10.6 8.4
      vertex 0.693273 -10.5773 0
      vertex 0 -10.6 0
    endloop
  endfacet
  facet normal 0.162907 0.986641 -0
    outer loop
      vertex -1.38358 -10.5093 0
      vertex -2.06796 -10.3963 8.4
      vertex -1.38358 -10.5093 8.4
    endloop
  endfacet
  facet normal 0.162907 0.986641 0
    outer loop
      vertex -2.06796 -10.3963 8.4
      vertex -1.38358 -10.5093 0
      vertex -2.06796 -10.3963 0
    endloop
  endfacet
  facet normal -0.290211 -0.956963 0
    outer loop
      vertex 2.74348 10.2388 0
      vertex 3.40726 10.0375 8.4
      vertex 2.74348 10.2388 8.4
    endloop
  endfacet
  facet normal -0.290211 -0.956963 -0
    outer loop
      vertex 3.40726 10.0375 8.4
      vertex 2.74348 10.2388 0
      vertex 3.40726 10.0375 0
    endloop
  endfacet
  facet normal 0.956963 0.290211 0
    outer loop
      vertex -10.0375 -3.40726 8.4
      vertex -10.2388 -2.74348 0
      vertex -10.2388 -2.74348 8.4
    endloop
  endfacet
  facet normal 0.956963 0.290211 0
    outer loop
      vertex -10.2388 -2.74348 0
      vertex -10.0375 -3.40726 8.4
      vertex -10.0375 -3.40726 0
    endloop
  endfacet
  facet normal -0.956963 -0.290211 0
    outer loop
      vertex 10.2388 2.74348 0
      vertex 10.0375 3.40726 8.4
      vertex 10.0375 3.40726 0
    endloop
  endfacet
  facet normal -0.956963 -0.290211 0
    outer loop
      vertex 10.0375 3.40726 8.4
      vertex 10.2388 2.74348 0
      vertex 10.2388 2.74348 8.4
    endloop
  endfacet
  facet normal -0.812843 -0.582483 0
    outer loop
      vertex 8.81358 5.88904 0
      vertex 8.40954 6.45287 8.4
      vertex 8.40954 6.45287 0
    endloop
  endfacet
  facet normal -0.812843 -0.582483 0
    outer loop
      vertex 8.40954 6.45287 8.4
      vertex 8.81358 5.88904 0
      vertex 8.81358 5.88904 8.4
    endloop
  endfacet
  facet normal 0.849201 0.528069 0
    outer loop
      vertex -8.81358 -5.88904 8.4
      vertex -9.17987 -5.3 0
      vertex -9.17987 -5.3 8.4
    endloop
  endfacet
  facet normal 0.849201 0.528069 0
    outer loop
      vertex -9.17987 -5.3 0
      vertex -8.81358 -5.88904 8.4
      vertex -8.81358 -5.88904 0
    endloop
  endfacet
  facet normal 0.97388 0.227064 0
    outer loop
      vertex -10.2388 -2.74348 8.4
      vertex -10.3963 -2.06796 0
      vertex -10.3963 -2.06796 8.4
    endloop
  endfacet
  facet normal 0.97388 0.227064 0
    outer loop
      vertex -10.3963 -2.06796 0
      vertex -10.2388 -2.74348 8.4
      vertex -10.2388 -2.74348 0
    endloop
  endfacet
  facet normal 0.683584 0.729872 -0
    outer loop
      vertex -6.98907 -7.9695 0
      vertex -7.0564 -7.90644 8.4
      vertex -6.98907 -7.9695 8.4
    endloop
  endfacet
  facet normal 0.683584 0.729872 0
    outer loop
      vertex -7.0564 -7.90644 8.4
      vertex -6.98907 -7.9695 0
      vertex -7.0564 -7.90644 0
    endloop
  endfacet
  facet normal 0.689655 0.724138 -0
    outer loop
      vertex -7.49512 -7.49553 0
      vertex -7.49533 -7.49533 8.4
      vertex -7.49512 -7.49553 8.4
    endloop
  endfacet
  facet normal 0.689655 0.724138 0
    outer loop
      vertex -7.49533 -7.49533 8.4
      vertex -7.49512 -7.49553 0
      vertex -7.49533 -7.49533 0
    endloop
  endfacet
  facet normal 0.0327257 -0.999464 0
    outer loop
      vertex -0.693273 10.5773 0
      vertex 0 10.6 8.4
      vertex -0.693273 10.5773 8.4
    endloop
  endfacet
  facet normal 0.0327257 -0.999464 0
    outer loop
      vertex 0 10.6 8.4
      vertex -0.693273 10.5773 0
      vertex 0 10.6 0
    endloop
  endfacet
  facet normal -0.471395 0.881922 0
    outer loop
      vertex 5.3 -9.17987 0
      vertex 4.68826 -9.50685 8.4
      vertex 5.3 -9.17987 8.4
    endloop
  endfacet
  facet normal -0.471395 0.881922 0
    outer loop
      vertex 4.68826 -9.50685 8.4
      vertex 5.3 -9.17987 0
      vertex 4.68826 -9.50685 0
    endloop
  endfacet
  facet normal 0.528069 -0.849201 0
    outer loop
      vertex -5.88904 8.81358 0
      vertex -5.3 9.17987 8.4
      vertex -5.88904 8.81358 8.4
    endloop
  endfacet
  facet normal 0.528069 -0.849201 0
    outer loop
      vertex -5.3 9.17987 8.4
      vertex -5.88904 8.81358 0
      vertex -5.3 9.17987 0
    endloop
  endfacet
  facet normal -0.986641 -0.162907 0
    outer loop
      vertex 10.5093 1.38358 0
      vertex 10.3963 2.06796 8.4
      vertex 10.3963 2.06796 0
    endloop
  endfacet
  facet normal -0.986641 -0.162907 0
    outer loop
      vertex 10.3963 2.06796 8.4
      vertex 10.5093 1.38358 0
      vertex 10.5093 1.38358 8.4
    endloop
  endfacet
  facet normal -0.162907 0.986641 0
    outer loop
      vertex 2.06796 -10.3963 0
      vertex 1.38358 -10.5093 8.4
      vertex 2.06796 -10.3963 8.4
    endloop
  endfacet
  facet normal -0.162907 0.986641 0
    outer loop
      vertex 1.38358 -10.5093 8.4
      vertex 2.06796 -10.3963 0
      vertex 1.38358 -10.5093 0
    endloop
  endfacet
  facet normal -0.97388 -0.227064 0
    outer loop
      vertex 10.3963 2.06796 0
      vertex 10.2388 2.74348 8.4
      vertex 10.2388 2.74348 0
    endloop
  endfacet
  facet normal -0.97388 -0.227064 0
    outer loop
      vertex 10.2388 2.74348 8.4
      vertex 10.3963 2.06796 0
      vertex 10.3963 2.06796 8.4
    endloop
  endfacet
  facet normal 0.227064 -0.97388 0
    outer loop
      vertex -2.74348 10.2388 0
      vertex -2.06796 10.3963 8.4
      vertex -2.74348 10.2388 8.4
    endloop
  endfacet
  facet normal 0.227064 -0.97388 0
    outer loop
      vertex -2.06796 10.3963 8.4
      vertex -2.74348 10.2388 0
      vertex -2.06796 10.3963 0
    endloop
  endfacet
  facet normal -0.935884 0.352308 0
    outer loop
      vertex 9.79312 -4.05644 0
      vertex 10.0375 -3.40726 8.4
      vertex 10.0375 -3.40726 0
    endloop
  endfacet
  facet normal -0.935884 0.352308 0
    outer loop
      vertex 10.0375 -3.40726 8.4
      vertex 9.79312 -4.05644 0
      vertex 9.79312 -4.05644 8.4
    endloop
  endfacet
  facet normal 0.995183 -0.0980324 0
    outer loop
      vertex -10.5773 0.693273 8.4
      vertex -10.5093 1.38358 0
      vertex -10.5093 1.38358 8.4
    endloop
  endfacet
  facet normal 0.995183 -0.0980324 0
    outer loop
      vertex -10.5093 1.38358 0
      vertex -10.5773 0.693273 8.4
      vertex -10.5773 0.693273 0
    endloop
  endfacet
  facet normal 0.97388 -0.227064 0
    outer loop
      vertex -10.3963 2.06796 8.4
      vertex -10.2388 2.74348 0
      vertex -10.2388 2.74348 8.4
    endloop
  endfacet
  facet normal 0.97388 -0.227064 0
    outer loop
      vertex -10.2388 2.74348 0
      vertex -10.3963 2.06796 8.4
      vertex -10.3963 2.06796 0
    endloop
  endfacet
  facet normal 0.0327257 0.999464 -0
    outer loop
      vertex 0 -10.6 0
      vertex -0.693273 -10.5773 8.4
      vertex 0 -10.6 8.4
    endloop
  endfacet
  facet normal 0.0327257 0.999464 0
    outer loop
      vertex -0.693273 -10.5773 8.4
      vertex 0 -10.6 0
      vertex -0.693273 -10.5773 0
    endloop
  endfacet
  facet normal 0.724138 -0.689655 0
    outer loop
      vertex -7.49553 7.49512 8.4
      vertex -7.49533 7.49533 0
      vertex -7.49533 7.49533 8.4
    endloop
  endfacet
  facet normal 0.724138 -0.689655 0
    outer loop
      vertex -7.49533 7.49533 0
      vertex -7.49553 7.49512 8.4
      vertex -7.49553 7.49512 0
    endloop
  endfacet
  facet normal 0.729872 -0.683584 0
    outer loop
      vertex -7.9695 6.98907 8.4
      vertex -7.90644 7.0564 0
      vertex -7.90644 7.0564 8.4
    endloop
  endfacet
  facet normal 0.729872 -0.683584 0
    outer loop
      vertex -7.90644 7.0564 0
      vertex -7.9695 6.98907 8.4
      vertex -7.9695 6.98907 0
    endloop
  endfacet
  facet normal 0.910866 -0.412702 0
    outer loop
      vertex -9.79312 4.05644 8.4
      vertex -9.50685 4.68826 0
      vertex -9.50685 4.68826 8.4
    endloop
  endfacet
  facet normal 0.910866 -0.412702 0
    outer loop
      vertex -9.50685 4.68826 0
      vertex -9.79312 4.05644 8.4
      vertex -9.79312 4.05644 0
    endloop
  endfacet
  facet normal 0.689655 -0.724138 0
    outer loop
      vertex -7.49533 7.49533 0
      vertex -7.49512 7.49553 8.4
      vertex -7.49533 7.49533 8.4
    endloop
  endfacet
  facet normal 0.689655 -0.724138 0
    outer loop
      vertex -7.49512 7.49553 8.4
      vertex -7.49533 7.49533 0
      vertex -7.49512 7.49553 0
    endloop
  endfacet
  facet normal 0.683584 -0.729872 0
    outer loop
      vertex -7.0564 7.90644 0
      vertex -6.98907 7.9695 8.4
      vertex -7.0564 7.90644 8.4
    endloop
  endfacet
  facet normal 0.683584 -0.729872 0
    outer loop
      vertex -6.98907 7.9695 8.4
      vertex -7.0564 7.90644 0
      vertex -6.98907 7.9695 0
    endloop
  endfacet
  facet normal -0.683584 -0.729872 0
    outer loop
      vertex 6.98907 7.9695 0
      vertex 7.0564 7.90644 8.4
      vertex 6.98907 7.9695 8.4
    endloop
  endfacet
  facet normal -0.683584 -0.729872 -0
    outer loop
      vertex 7.0564 7.90644 8.4
      vertex 6.98907 7.9695 0
      vertex 7.0564 7.90644 0
    endloop
  endfacet
  facet normal -0.689655 -0.724138 0
    outer loop
      vertex 7.49512 7.49553 0
      vertex 7.49533 7.49533 8.4
      vertex 7.49512 7.49553 8.4
    endloop
  endfacet
  facet normal -0.689655 -0.724138 -0
    outer loop
      vertex 7.49533 7.49533 8.4
      vertex 7.49512 7.49553 0
      vertex 7.49533 7.49533 0
    endloop
  endfacet
  facet normal -0.162907 -0.986641 0
    outer loop
      vertex 1.38358 10.5093 0
      vertex 2.06796 10.3963 8.4
      vertex 1.38358 10.5093 8.4
    endloop
  endfacet
  facet normal -0.162907 -0.986641 -0
    outer loop
      vertex 2.06796 10.3963 8.4
      vertex 1.38358 10.5093 0
      vertex 2.06796 10.3963 0
    endloop
  endfacet
  facet normal -0.689655 0.724138 0
    outer loop
      vertex 7.49533 -7.49533 0
      vertex 7.49512 -7.49553 8.4
      vertex 7.49533 -7.49533 8.4
    endloop
  endfacet
  facet normal -0.689655 0.724138 0
    outer loop
      vertex 7.49512 -7.49553 8.4
      vertex 7.49533 -7.49533 0
      vertex 7.49512 -7.49553 0
    endloop
  endfacet
  facet normal -0.683584 0.729872 0
    outer loop
      vertex 7.0564 -7.90644 0
      vertex 6.98907 -7.9695 8.4
      vertex 7.0564 -7.90644 8.4
    endloop
  endfacet
  facet normal -0.683584 0.729872 0
    outer loop
      vertex 6.98907 -7.9695 8.4
      vertex 7.0564 -7.90644 0
      vertex 6.98907 -7.9695 0
    endloop
  endfacet
  facet normal 0.986641 -0.162907 0
    outer loop
      vertex -10.5093 1.38358 8.4
      vertex -10.3963 2.06796 0
      vertex -10.3963 2.06796 8.4
    endloop
  endfacet
  facet normal 0.986641 -0.162907 0
    outer loop
      vertex -10.3963 2.06796 0
      vertex -10.5093 1.38358 8.4
      vertex -10.5093 1.38358 0
    endloop
  endfacet
  facet normal -0.582483 0.812843 0
    outer loop
      vertex 6.45287 -8.40954 0
      vertex 5.88904 -8.81358 8.4
      vertex 6.45287 -8.40954 8.4
    endloop
  endfacet
  facet normal -0.582483 0.812843 0
    outer loop
      vertex 5.88904 -8.81358 8.4
      vertex 6.45287 -8.40954 0
      vertex 5.88904 -8.81358 0
    endloop
  endfacet
  facet normal 0.290211 -0.956963 0
    outer loop
      vertex -3.40726 10.0375 0
      vertex -2.74348 10.2388 8.4
      vertex -3.40726 10.0375 8.4
    endloop
  endfacet
  facet normal 0.290211 -0.956963 0
    outer loop
      vertex -2.74348 10.2388 8.4
      vertex -3.40726 10.0375 0
      vertex -2.74348 10.2388 0
    endloop
  endfacet
  facet normal -0.0327257 -0.999464 0
    outer loop
      vertex 0 10.6 0
      vertex 0.693273 10.5773 8.4
      vertex 0 10.6 8.4
    endloop
  endfacet
  facet normal -0.0327257 -0.999464 -0
    outer loop
      vertex 0.693273 10.5773 8.4
      vertex 0 10.6 0
      vertex 0.693273 10.5773 0
    endloop
  endfacet
  facet normal -0.582483 -0.812843 0
    outer loop
      vertex 5.88904 8.81358 0
      vertex 6.45287 8.40954 8.4
      vertex 5.88904 8.81358 8.4
    endloop
  endfacet
  facet normal -0.582483 -0.812843 -0
    outer loop
      vertex 6.45287 8.40954 8.4
      vertex 5.88904 8.81358 0
      vertex 6.45287 8.40954 0
    endloop
  endfacet
  facet normal 0.290211 0.956963 -0
    outer loop
      vertex -2.74348 -10.2388 0
      vertex -3.40726 -10.0375 8.4
      vertex -2.74348 -10.2388 8.4
    endloop
  endfacet
  facet normal 0.290211 0.956963 0
    outer loop
      vertex -3.40726 -10.0375 8.4
      vertex -2.74348 -10.2388 0
      vertex -3.40726 -10.0375 0
    endloop
  endfacet
  facet normal -0.999464 0.0327257 0
    outer loop
      vertex 10.5773 -0.693273 0
      vertex 10.6 0 8.4
      vertex 10.6 0 0
    endloop
  endfacet
  facet normal -0.999464 0.0327257 0
    outer loop
      vertex 10.6 0 8.4
      vertex 10.5773 -0.693273 0
      vertex 10.5773 -0.693273 8.4
    endloop
  endfacet
  facet normal 0.582483 -0.812843 0
    outer loop
      vertex -6.45287 8.40954 0
      vertex -5.88904 8.81358 8.4
      vertex -6.45287 8.40954 8.4
    endloop
  endfacet
  facet normal 0.582483 -0.812843 0
    outer loop
      vertex -5.88904 8.81358 8.4
      vertex -6.45287 8.40954 0
      vertex -5.88904 8.81358 0
    endloop
  endfacet
  facet normal -0.471395 -0.881922 0
    outer loop
      vertex 4.68826 9.50685 0
      vertex 5.3 9.17987 8.4
      vertex 4.68826 9.50685 8.4
    endloop
  endfacet
  facet normal -0.471395 -0.881922 -0
    outer loop
      vertex 5.3 9.17987 8.4
      vertex 4.68826 9.50685 0
      vertex 5.3 9.17987 0
    endloop
  endfacet
  facet normal -0.910866 0.412702 0
    outer loop
      vertex 9.50685 -4.68826 0
      vertex 9.79312 -4.05644 8.4
      vertex 9.79312 -4.05644 0
    endloop
  endfacet
  facet normal -0.910866 0.412702 0
    outer loop
      vertex 9.79312 -4.05644 8.4
      vertex 9.50685 -4.68826 0
      vertex 9.50685 -4.68826 8.4
    endloop
  endfacet
  facet normal -0.986641 0.162907 0
    outer loop
      vertex 10.3963 -2.06796 0
      vertex 10.5093 -1.38358 8.4
      vertex 10.5093 -1.38358 0
    endloop
  endfacet
  facet normal -0.986641 0.162907 0
    outer loop
      vertex 10.5093 -1.38358 8.4
      vertex 10.3963 -2.06796 0
      vertex 10.3963 -2.06796 8.4
    endloop
  endfacet
  facet normal 0 0 -1
    outer loop
      vertex 1.66593 3.07603 8.4
      vertex 6.98907 7.9695 8.4
      vertex 7.0564 7.90644 8.4
    endloop
  endfacet
  facet normal -0 0 -1
    outer loop
      vertex 6.98907 7.9695 8.4
      vertex 1.66593 3.07603 8.4
      vertex 6.45287 8.40954 8.4
    endloop
  endfacet
  facet normal -0 0 -1
    outer loop
      vertex 6.45287 8.40954 8.4
      vertex 1.66593 3.07603 8.4
      vertex 5.88904 8.81358 8.4
    endloop
  endfacet
  facet normal -0 0 -1
    outer loop
      vertex 5.88904 8.81358 8.4
      vertex 1.66593 3.07603 8.4
      vertex 5.3 9.17987 8.4
    endloop
  endfacet
  facet normal -0 0 -1
    outer loop
      vertex 5.3 9.17987 8.4
      vertex 1.66593 3.07603 8.4
      vertex 4.68826 9.50685 8.4
    endloop
  endfacet
  facet normal 0 0 -1
    outer loop
      vertex 1.54801 3.13905 8.4
      vertex 4.68826 9.50685 8.4
      vertex 1.66593 3.07603 8.4
    endloop
  endfacet
  facet normal -0 0 -1
    outer loop
      vertex 4.68826 9.50685 8.4
      vertex 1.54801 3.13905 8.4
      vertex 4.05644 9.79312 8.4
    endloop
  endfacet
  facet normal 0 0 -1
    outer loop
      vertex 1.33939 3.23358 8.4
      vertex 4.05644 9.79312 8.4
      vertex 1.54801 3.13905 8.4
    endloop
  endfacet
  facet normal -0 0 -1
    outer loop
      vertex 4.05644 9.79312 8.4
      vertex 1.33939 3.23358 8.4
      vertex 3.40726 10.0375 8.4
    endloop
  endfacet
  facet normal 0 0 -1
    outer loop
      vertex 1.12504 3.31425 8.4
      vertex 3.40726 10.0375 8.4
      vertex 1.33939 3.23358 8.4
    endloop
  endfacet
  facet normal -0 0 -1
    outer loop
      vertex 3.40726 10.0375 8.4
      vertex 1.12504 3.31425 8.4
      vertex 2.74348 10.2388 8.4
    endloop
  endfacet
  facet normal 0 0 -1
    outer loop
      vertex 0.905867 3.38074 8.4
      vertex 2.74348 10.2388 8.4
      vertex 1.12504 3.31425 8.4
    endloop
  endfacet
  facet normal -0 0 -1
    outer loop
      vertex 2.74348 10.2388 8.4
      vertex 0.905867 3.38074 8.4
      vertex 2.06796 10.3963 8.4
    endloop
  endfacet
  facet normal 0 0 -1
    outer loop
      vertex 0.682816 3.43275 8.4
      vertex 2.06796 10.3963 8.4
      vertex 0.905867 3.38074 8.4
    endloop
  endfacet
  facet normal -0 0 -1
    outer loop
      vertex 2.06796 10.3963 8.4
      vertex 0.682816 3.43275 8.4
      vertex 1.38358 10.5093 8.4
    endloop
  endfacet
  facet normal 0 0 -1
    outer loop
      vertex 0.456841 3.47006 8.4
      vertex 1.38358 10.5093 8.4
      vertex 0.682816 3.43275 8.4
    endloop
  endfacet
  facet normal -0 0 -1
    outer loop
      vertex 1.38358 10.5093 8.4
      vertex 0.456841 3.47006 8.4
      vertex 0.693273 10.5773 8.4
    endloop
  endfacet
  facet normal 0 0 -1
    outer loop
      vertex 0.22891 3.49251 8.4
      vertex 0.693273 10.5773 8.4
      vertex 0.456841 3.47006 8.4
    endloop
  endfacet
  facet normal 0 0 -1
    outer loop
      vertex 0 3.5 8.4
      vertex 0.693273 10.5773 8.4
      vertex 0.22891 3.49251 8.4
    endloop
  endfacet
  facet normal 0 0 -1
    outer loop
      vertex 0 3.5 8.4
      vertex 0 10.6 8.4
      vertex 0.693273 10.5773 8.4
    endloop
  endfacet
  facet normal 0 0 -1
    outer loop
      vertex -0.22891 3.49251 8.4
      vertex 0 10.6 8.4
      vertex 0 3.5 8.4
    endloop
  endfacet
  facet normal 0 0 -1
    outer loop
      vertex -0.693273 10.5773 8.4
      vertex -0.22891 3.49251 8.4
      vertex -0.456841 3.47006 8.4
    endloop
  endfacet
  facet normal 0 0 -1
    outer loop
      vertex -1.38358 10.5093 8.4
      vertex -0.456841 3.47006 8.4
      vertex -0.682816 3.43275 8.4
    endloop
  endfacet
  facet normal 0 0 -1
    outer loop
      vertex -0.22891 3.49251 8.4
      vertex -0.693273 10.5773 8.4
      vertex 0 10.6 8.4
    endloop
  endfacet
  facet normal 0 0 -1
    outer loop
      vertex -2.06796 10.3963 8.4
      vertex -0.682816 3.43275 8.4
      vertex -0.905867 3.38074 8.4
    endloop
  endfacet
  facet normal 0 0 -1
    outer loop
      vertex -2.74348 10.2388 8.4
      vertex -0.905867 3.38074 8.4
      vertex -1.12504 3.31425 8.4
    endloop
  endfacet
  facet normal 0 0 -1
    outer loop
      vertex -3.40726 10.0375 8.4
      vertex -1.12504 3.31425 8.4
      vertex -1.33939 3.23358 8.4
    endloop
  endfacet
  facet normal 0 0 -1
    outer loop
      vertex -0.456841 3.47006 8.4
      vertex -1.38358 10.5093 8.4
      vertex -0.693273 10.5773 8.4
    endloop
  endfacet
  facet normal 0 0 -1
    outer loop
      vertex -4.05644 9.79312 8.4
      vertex -1.33939 3.23358 8.4
      vertex -1.54801 3.13905 8.4
    endloop
  endfacet
  facet normal 0 0 -1
    outer loop
      vertex -4.68826 9.50685 8.4
      vertex -1.54801 3.13905 8.4
      vertex -1.66593 3.07603 8.4
    endloop
  endfacet
  facet normal 0 0 -1
    outer loop
      vertex -0.682816 3.43275 8.4
      vertex -2.06796 10.3963 8.4
      vertex -1.38358 10.5093 8.4
    endloop
  endfacet
  facet normal 0 0 -1
    outer loop
      vertex -0.905867 3.38074 8.4
      vertex -2.74348 10.2388 8.4
      vertex -2.06796 10.3963 8.4
    endloop
  endfacet
  facet normal 0 0 -1
    outer loop
      vertex -1.12504 3.31425 8.4
      vertex -3.40726 10.0375 8.4
      vertex -2.74348 10.2388 8.4
    endloop
  endfacet
  facet normal 0 0 -1
    outer loop
      vertex -1.33939 3.23358 8.4
      vertex -4.05644 9.79312 8.4
      vertex -3.40726 10.0375 8.4
    endloop
  endfacet
  facet normal 0 0 -1
    outer loop
      vertex -1.54801 3.13905 8.4
      vertex -4.68826 9.50685 8.4
      vertex -4.05644 9.79312 8.4
    endloop
  endfacet
  facet normal 0 0 -1
    outer loop
      vertex -1.66593 3.07603 8.4
      vertex -5.3 9.17987 8.4
      vertex -4.68826 9.50685 8.4
    endloop
  endfacet
  facet normal 0 0 -1
    outer loop
      vertex -1.66593 3.07603 8.4
      vertex -5.88904 8.81358 8.4
      vertex -5.3 9.17987 8.4
    endloop
  endfacet
  facet normal 0 0 -1
    outer loop
      vertex -1.66593 3.07603 8.4
      vertex -6.45287 8.40954 8.4
      vertex -5.88904 8.81358 8.4
    endloop
  endfacet
  facet normal 0 0 -1
    outer loop
      vertex -1.66593 3.07603 8.4
      vertex -6.98907 7.9695 8.4
      vertex -6.45287 8.40954 8.4
    endloop
  endfacet
  facet normal 0 -0 -1
    outer loop
      vertex -6.98907 7.9695 8.4
      vertex -1.66593 3.07603 8.4
      vertex -7.0564 7.90644 8.4
    endloop
  endfacet
  facet normal 0 0 -1
    outer loop
      vertex 1.66593 -3.07603 8.4
      vertex 6.98907 -7.9695 8.4
      vertex 6.45287 -8.40954 8.4
    endloop
  endfacet
  facet normal 0 0 -1
    outer loop
      vertex 1.66593 -3.07603 8.4
      vertex 6.45287 -8.40954 8.4
      vertex 5.88904 -8.81358 8.4
    endloop
  endfacet
  facet normal 0 0 -1
    outer loop
      vertex 1.66593 -3.07603 8.4
      vertex 5.88904 -8.81358 8.4
      vertex 5.3 -9.17987 8.4
    endloop
  endfacet
  facet normal 0 0 -1
    outer loop
      vertex 1.66593 -3.07603 8.4
      vertex 5.3 -9.17987 8.4
      vertex 4.68826 -9.50685 8.4
    endloop
  endfacet
  facet normal 0 0 -1
    outer loop
      vertex 1.54801 -3.13905 8.4
      vertex 4.68826 -9.50685 8.4
      vertex 4.05644 -9.79312 8.4
    endloop
  endfacet
  facet normal 0 0 -1
    outer loop
      vertex 1.33939 -3.23358 8.4
      vertex 4.05644 -9.79312 8.4
      vertex 3.40726 -10.0375 8.4
    endloop
  endfacet
  facet normal 0 0 -1
    outer loop
      vertex 1.12504 -3.31425 8.4
      vertex 3.40726 -10.0375 8.4
      vertex 2.74348 -10.2388 8.4
    endloop
  endfacet
  facet normal 0 0 -1
    outer loop
      vertex 0.905867 -3.38074 8.4
      vertex 2.74348 -10.2388 8.4
      vertex 2.06796 -10.3963 8.4
    endloop
  endfacet
  facet normal 0 0 -1
    outer loop
      vertex 4.68826 -9.50685 8.4
      vertex 1.54801 -3.13905 8.4
      vertex 1.66593 -3.07603 8.4
    endloop
  endfacet
  facet normal 0 0 -1
    outer loop
      vertex 6.98907 -7.9695 8.4
      vertex 1.66593 -3.07603 8.4
      vertex 7.0564 -7.90644 8.4
    endloop
  endfacet
  facet normal 0 0 -1
    outer loop
      vertex 0.682816 -3.43275 8.4
      vertex 2.06796 -10.3963 8.4
      vertex 1.38358 -10.5093 8.4
    endloop
  endfacet
  facet normal 0 0 -1
    outer loop
      vertex 4.05644 -9.79312 8.4
      vertex 1.33939 -3.23358 8.4
      vertex 1.54801 -3.13905 8.4
    endloop
  endfacet
  facet normal 0 0 -1
    outer loop
      vertex 3.40726 -10.0375 8.4
      vertex 1.12504 -3.31425 8.4
      vertex 1.33939 -3.23358 8.4
    endloop
  endfacet
  facet normal 0 0 -1
    outer loop
      vertex 2.74348 -10.2388 8.4
      vertex 0.905867 -3.38074 8.4
      vertex 1.12504 -3.31425 8.4
    endloop
  endfacet
  facet normal 0 0 -1
    outer loop
      vertex 0.456841 -3.47006 8.4
      vertex 1.38358 -10.5093 8.4
      vertex 0.693273 -10.5773 8.4
    endloop
  endfacet
  facet normal 0 0 -1
    outer loop
      vertex 2.06796 -10.3963 8.4
      vertex 0.682816 -3.43275 8.4
      vertex 0.905867 -3.38074 8.4
    endloop
  endfacet
  facet normal 0 0 -1
    outer loop
      vertex 1.38358 -10.5093 8.4
      vertex 0.456841 -3.47006 8.4
      vertex 0.682816 -3.43275 8.4
    endloop
  endfacet
  facet normal 0 0 -1
    outer loop
      vertex 0.693273 -10.5773 8.4
      vertex 0.22891 -3.49251 8.4
      vertex 0.456841 -3.47006 8.4
    endloop
  endfacet
  facet normal 0 0 -1
    outer loop
      vertex 0 -10.6 8.4
      vertex 0.22891 -3.49251 8.4
      vertex 0.693273 -10.5773 8.4
    endloop
  endfacet
  facet normal 0 0 -1
    outer loop
      vertex 0 -10.6 8.4
      vertex 0 -3.5 8.4
      vertex 0.22891 -3.49251 8.4
    endloop
  endfacet
  facet normal 0 0 -1
    outer loop
      vertex 0 -10.6 8.4
      vertex -0.22891 -3.49251 8.4
      vertex 0 -3.5 8.4
    endloop
  endfacet
  facet normal 0 0 -1
    outer loop
      vertex -0.693273 -10.5773 8.4
      vertex -0.22891 -3.49251 8.4
      vertex 0 -10.6 8.4
    endloop
  endfacet
  facet normal -0 0 -1
    outer loop
      vertex -0.22891 -3.49251 8.4
      vertex -0.693273 -10.5773 8.4
      vertex -0.456841 -3.47006 8.4
    endloop
  endfacet
  facet normal 0 0 -1
    outer loop
      vertex -1.38358 -10.5093 8.4
      vertex -0.456841 -3.47006 8.4
      vertex -0.693273 -10.5773 8.4
    endloop
  endfacet
  facet normal -0 0 -1
    outer loop
      vertex -0.456841 -3.47006 8.4
      vertex -1.38358 -10.5093 8.4
      vertex -0.682816 -3.43275 8.4
    endloop
  endfacet
  facet normal 0 0 -1
    outer loop
      vertex -2.06796 -10.3963 8.4
      vertex -0.682816 -3.43275 8.4
      vertex -1.38358 -10.5093 8.4
    endloop
  endfacet
  facet normal -0 0 -1
    outer loop
      vertex -0.682816 -3.43275 8.4
      vertex -2.06796 -10.3963 8.4
      vertex -0.905867 -3.38074 8.4
    endloop
  endfacet
  facet normal 0 0 -1
    outer loop
      vertex -2.74348 -10.2388 8.4
      vertex -0.905867 -3.38074 8.4
      vertex -2.06796 -10.3963 8.4
    endloop
  endfacet
  facet normal -0 0 -1
    outer loop
      vertex -0.905867 -3.38074 8.4
      vertex -2.74348 -10.2388 8.4
      vertex -1.12504 -3.31425 8.4
    endloop
  endfacet
  facet normal 0 0 -1
    outer loop
      vertex -3.40726 -10.0375 8.4
      vertex -1.12504 -3.31425 8.4
      vertex -2.74348 -10.2388 8.4
    endloop
  endfacet
  facet normal -0 0 -1
    outer loop
      vertex -1.12504 -3.31425 8.4
      vertex -3.40726 -10.0375 8.4
      vertex -1.33939 -3.23358 8.4
    endloop
  endfacet
  facet normal 0 0 -1
    outer loop
      vertex -4.05644 -9.79312 8.4
      vertex -1.33939 -3.23358 8.4
      vertex -3.40726 -10.0375 8.4
    endloop
  endfacet
  facet normal -0 0 -1
    outer loop
      vertex -1.33939 -3.23358 8.4
      vertex -4.05644 -9.79312 8.4
      vertex -1.54801 -3.13905 8.4
    endloop
  endfacet
  facet normal 0 0 -1
    outer loop
      vertex -4.68826 -9.50685 8.4
      vertex -1.54801 -3.13905 8.4
      vertex -4.05644 -9.79312 8.4
    endloop
  endfacet
  facet normal -0 0 -1
    outer loop
      vertex -1.54801 -3.13905 8.4
      vertex -4.68826 -9.50685 8.4
      vertex -1.66593 -3.07603 8.4
    endloop
  endfacet
  facet normal 0 0 -1
    outer loop
      vertex -5.3 -9.17987 8.4
      vertex -1.66593 -3.07603 8.4
      vertex -4.68826 -9.50685 8.4
    endloop
  endfacet
  facet normal 0 0 -1
    outer loop
      vertex -5.88904 -8.81358 8.4
      vertex -1.66593 -3.07603 8.4
      vertex -5.3 -9.17987 8.4
    endloop
  endfacet
  facet normal 0 0 -1
    outer loop
      vertex -6.45287 -8.40954 8.4
      vertex -1.66593 -3.07603 8.4
      vertex -5.88904 -8.81358 8.4
    endloop
  endfacet
  facet normal 0 0 -1
    outer loop
      vertex -6.98907 -7.9695 8.4
      vertex -1.66593 -3.07603 8.4
      vertex -6.45287 -8.40954 8.4
    endloop
  endfacet
  facet normal 0 0 -1
    outer loop
      vertex -1.66593 -3.07603 8.4
      vertex -6.98907 -7.9695 8.4
      vertex -7.0564 -7.90644 8.4
    endloop
  endfacet
  facet normal 0 0 -1
    outer loop
      vertex 3.5 0 8.4
      vertex 10.6 0 8.4
      vertex 10.5773 -0.693273 8.4
    endloop
  endfacet
  facet normal 0 0 -1
    outer loop
      vertex 3.49251 -0.22891 8.4
      vertex 10.5773 -0.693273 8.4
      vertex 10.5093 -1.38358 8.4
    endloop
  endfacet
  facet normal 0 0 -1
    outer loop
      vertex 10.6 0 8.4
      vertex 3.5 0 8.4
      vertex 10.5773 0.693273 8.4
    endloop
  endfacet
  facet normal 0 0 -1
    outer loop
      vertex 3.47006 -0.456841 8.4
      vertex 10.5093 -1.38358 8.4
      vertex 10.3963 -2.06796 8.4
    endloop
  endfacet
  facet normal 0 0 -1
    outer loop
      vertex 3.49251 0.22891 8.4
      vertex 10.5773 0.693273 8.4
      vertex 3.5 0 8.4
    endloop
  endfacet
  facet normal 0 0 -1
    outer loop
      vertex 3.43275 -0.682816 8.4
      vertex 10.3963 -2.06796 8.4
      vertex 10.2388 -2.74348 8.4
    endloop
  endfacet
  facet normal -0 0 -1
    outer loop
      vertex 10.5773 0.693273 8.4
      vertex 3.49251 0.22891 8.4
      vertex 10.5093 1.38358 8.4
    endloop
  endfacet
  facet normal 0 0 -1
    outer loop
      vertex 3.38074 -0.905867 8.4
      vertex 10.2388 -2.74348 8.4
      vertex 10.0375 -3.40726 8.4
    endloop
  endfacet
  facet normal 0 0 -1
    outer loop
      vertex 3.47006 0.456841 8.4
      vertex 10.5093 1.38358 8.4
      vertex 3.49251 0.22891 8.4
    endloop
  endfacet
  facet normal 0 0 -1
    outer loop
      vertex 3.31425 -1.12504 8.4
      vertex 10.0375 -3.40726 8.4
      vertex 9.79312 -4.05644 8.4
    endloop
  endfacet
  facet normal -0 0 -1
    outer loop
      vertex 10.5093 1.38358 8.4
      vertex 3.47006 0.456841 8.4
      vertex 10.3963 2.06796 8.4
    endloop
  endfacet
  facet normal 0 0 -1
    outer loop
      vertex 3.23358 -1.33939 8.4
      vertex 9.79312 -4.05644 8.4
      vertex 9.50685 -4.68826 8.4
    endloop
  endfacet
  facet normal 0 0 -1
    outer loop
      vertex 3.43275 0.682816 8.4
      vertex 10.3963 2.06796 8.4
      vertex 3.47006 0.456841 8.4
    endloop
  endfacet
  facet normal 0 0 -1
    outer loop
      vertex 3.07603 -1.66593 8.4
      vertex 9.50685 -4.68826 8.4
      vertex 9.17987 -5.3 8.4
    endloop
  endfacet
  facet normal -0 0 -1
    outer loop
      vertex 10.3963 2.06796 8.4
      vertex 3.43275 0.682816 8.4
      vertex 10.2388 2.74348 8.4
    endloop
  endfacet
  facet normal 0 0 -1
    outer loop
      vertex 3.07603 -1.66593 8.4
      vertex 9.17987 -5.3 8.4
      vertex 8.81358 -5.88904 8.4
    endloop
  endfacet
  facet normal 0 0 -1
    outer loop
      vertex 3.38074 0.905867 8.4
      vertex 10.2388 2.74348 8.4
      vertex 3.43275 0.682816 8.4
    endloop
  endfacet
  facet normal 0 0 -1
    outer loop
      vertex 3.07603 -1.66593 8.4
      vertex 8.81358 -5.88904 8.4
      vertex 8.40954 -6.45287 8.4
    endloop
  endfacet
  facet normal -0 0 -1
    outer loop
      vertex 10.2388 2.74348 8.4
      vertex 3.38074 0.905867 8.4
      vertex 10.0375 3.40726 8.4
    endloop
  endfacet
  facet normal 0 0 -1
    outer loop
      vertex 3.07603 -1.66593 8.4
      vertex 8.40954 -6.45287 8.4
      vertex 7.9695 -6.98907 8.4
    endloop
  endfacet
  facet normal 0 0 -1
    outer loop
      vertex 3.31425 1.12504 8.4
      vertex 10.0375 3.40726 8.4
      vertex 3.38074 0.905867 8.4
    endloop
  endfacet
  facet normal 0 0 -1
    outer loop
      vertex 3.07603 -1.66593 8.4
      vertex 7.9695 -6.98907 8.4
      vertex 7.90644 -7.0564 8.4
    endloop
  endfacet
  facet normal -0 0 -1
    outer loop
      vertex 10.0375 3.40726 8.4
      vertex 3.31425 1.12504 8.4
      vertex 9.79312 4.05644 8.4
    endloop
  endfacet
  facet normal 0 0 -1
    outer loop
      vertex 3.23358 1.33939 8.4
      vertex 9.79312 4.05644 8.4
      vertex 3.31425 1.12504 8.4
    endloop
  endfacet
  facet normal 0 0 -1
    outer loop
      vertex 10.5773 -0.693273 8.4
      vertex 3.49251 -0.22891 8.4
      vertex 3.5 0 8.4
    endloop
  endfacet
  facet normal 0 0 -1
    outer loop
      vertex 10.5093 -1.38358 8.4
      vertex 3.47006 -0.456841 8.4
      vertex 3.49251 -0.22891 8.4
    endloop
  endfacet
  facet normal 0 0 -1
    outer loop
      vertex 10.3963 -2.06796 8.4
      vertex 3.43275 -0.682816 8.4
      vertex 3.47006 -0.456841 8.4
    endloop
  endfacet
  facet normal 0 0 -1
    outer loop
      vertex 10.2388 -2.74348 8.4
      vertex 3.38074 -0.905867 8.4
      vertex 3.43275 -0.682816 8.4
    endloop
  endfacet
  facet normal 0 0 -1
    outer loop
      vertex 10.0375 -3.40726 8.4
      vertex 3.31425 -1.12504 8.4
      vertex 3.38074 -0.905867 8.4
    endloop
  endfacet
  facet normal 0 0 -1
    outer loop
      vertex 9.79312 -4.05644 8.4
      vertex 3.23358 -1.33939 8.4
      vertex 3.31425 -1.12504 8.4
    endloop
  endfacet
  facet normal 0 0 -1
    outer loop
      vertex 9.50685 -4.68826 8.4
      vertex 3.13905 -1.54801 8.4
      vertex 3.23358 -1.33939 8.4
    endloop
  endfacet
  facet normal 0 0 -1
    outer loop
      vertex 9.50685 -4.68826 8.4
      vertex 3.07603 -1.66593 8.4
      vertex 3.13905 -1.54801 8.4
    endloop
  endfacet
  facet normal -0 0 -1
    outer loop
      vertex 9.79312 4.05644 8.4
      vertex 3.23358 1.33939 8.4
      vertex 9.50685 4.68826 8.4
    endloop
  endfacet
  facet normal 0 0 -1
    outer loop
      vertex 3.13905 1.54801 8.4
      vertex 9.50685 4.68826 8.4
      vertex 3.23358 1.33939 8.4
    endloop
  endfacet
  facet normal 0 0 -1
    outer loop
      vertex 3.07603 1.66593 8.4
      vertex 9.50685 4.68826 8.4
      vertex 3.13905 1.54801 8.4
    endloop
  endfacet
  facet normal -0 0 -1
    outer loop
      vertex 9.50685 4.68826 8.4
      vertex 3.07603 1.66593 8.4
      vertex 9.17987 5.3 8.4
    endloop
  endfacet
  facet normal -0 0 -1
    outer loop
      vertex 9.17987 5.3 8.4
      vertex 3.07603 1.66593 8.4
      vertex 8.81358 5.88904 8.4
    endloop
  endfacet
  facet normal -0 0 -1
    outer loop
      vertex 8.81358 5.88904 8.4
      vertex 3.07603 1.66593 8.4
      vertex 8.40954 6.45287 8.4
    endloop
  endfacet
  facet normal -0 0 -1
    outer loop
      vertex 8.40954 6.45287 8.4
      vertex 3.07603 1.66593 8.4
      vertex 7.9695 6.98907 8.4
    endloop
  endfacet
  facet normal -0 0 -1
    outer loop
      vertex 7.9695 6.98907 8.4
      vertex 3.07603 1.66593 8.4
      vertex 7.90644 7.0564 8.4
    endloop
  endfacet
  facet normal 0 0 -1
    outer loop
      vertex -9.79312 -4.05644 8.4
      vertex -3.23358 -1.33939 8.4
      vertex -9.50685 -4.68826 8.4
    endloop
  endfacet
  facet normal -0 0 -1
    outer loop
      vertex -3.13905 -1.54801 8.4
      vertex -9.50685 -4.68826 8.4
      vertex -3.23358 -1.33939 8.4
    endloop
  endfacet
  facet normal -0 0 -1
    outer loop
      vertex -3.07603 -1.66593 8.4
      vertex -9.50685 -4.68826 8.4
      vertex -3.13905 -1.54801 8.4
    endloop
  endfacet
  facet normal 0 0 -1
    outer loop
      vertex -9.50685 -4.68826 8.4
      vertex -3.07603 -1.66593 8.4
      vertex -9.17987 -5.3 8.4
    endloop
  endfacet
  facet normal 0 0 -1
    outer loop
      vertex -9.17987 -5.3 8.4
      vertex -3.07603 -1.66593 8.4
      vertex -8.81358 -5.88904 8.4
    endloop
  endfacet
  facet normal 0 0 -1
    outer loop
      vertex -8.81358 -5.88904 8.4
      vertex -3.07603 -1.66593 8.4
      vertex -8.40954 -6.45287 8.4
    endloop
  endfacet
  facet normal 0 0 -1
    outer loop
      vertex -8.40954 -6.45287 8.4
      vertex -3.07603 -1.66593 8.4
      vertex -7.9695 -6.98907 8.4
    endloop
  endfacet
  facet normal 0 0 -1
    outer loop
      vertex -7.9695 -6.98907 8.4
      vertex -3.07603 -1.66593 8.4
      vertex -7.90644 -7.0564 8.4
    endloop
  endfacet
  facet normal -0 0 -1
    outer loop
      vertex -3.23358 -1.33939 8.4
      vertex -9.79312 -4.05644 8.4
      vertex -3.31425 -1.12504 8.4
    endloop
  endfacet
  facet normal 0 0 -1
    outer loop
      vertex -10.0375 -3.40726 8.4
      vertex -3.31425 -1.12504 8.4
      vertex -9.79312 -4.05644 8.4
    endloop
  endfacet
  facet normal -0 0 -1
    outer loop
      vertex -3.31425 -1.12504 8.4
      vertex -10.0375 -3.40726 8.4
      vertex -3.38074 -0.905867 8.4
    endloop
  endfacet
  facet normal 0 0 -1
    outer loop
      vertex -10.2388 -2.74348 8.4
      vertex -3.38074 -0.905867 8.4
      vertex -10.0375 -3.40726 8.4
    endloop
  endfacet
  facet normal -0 0 -1
    outer loop
      vertex -3.38074 -0.905867 8.4
      vertex -10.2388 -2.74348 8.4
      vertex -3.43275 -0.682816 8.4
    endloop
  endfacet
  facet normal 0 0 -1
    outer loop
      vertex -10.3963 -2.06796 8.4
      vertex -3.43275 -0.682816 8.4
      vertex -10.2388 -2.74348 8.4
    endloop
  endfacet
  facet normal -0 0 -1
    outer loop
      vertex -3.43275 -0.682816 8.4
      vertex -10.3963 -2.06796 8.4
      vertex -3.47006 -0.456841 8.4
    endloop
  endfacet
  facet normal 0 0 -1
    outer loop
      vertex -10.5093 -1.38358 8.4
      vertex -3.47006 -0.456841 8.4
      vertex -10.3963 -2.06796 8.4
    endloop
  endfacet
  facet normal -0 0 -1
    outer loop
      vertex -3.47006 -0.456841 8.4
      vertex -10.5093 -1.38358 8.4
      vertex -3.49251 -0.22891 8.4
    endloop
  endfacet
  facet normal 0 0 -1
    outer loop
      vertex -10.5773 -0.693273 8.4
      vertex -3.49251 -0.22891 8.4
      vertex -10.5093 -1.38358 8.4
    endloop
  endfacet
  facet normal -0 0 -1
    outer loop
      vertex -3.49251 -0.22891 8.4
      vertex -10.5773 -0.693273 8.4
      vertex -3.5 0 8.4
    endloop
  endfacet
  facet normal 0 -0 -1
    outer loop
      vertex -7.9695 6.98907 8.4
      vertex -3.07603 1.66593 8.4
      vertex -8.40954 6.45287 8.4
    endloop
  endfacet
  facet normal 0 0 -1
    outer loop
      vertex -3.07603 1.66593 8.4
      vertex -7.9695 6.98907 8.4
      vertex -7.90644 7.0564 8.4
    endloop
  endfacet
  facet normal 0 0 -1
    outer loop
      vertex -10.6 0 8.4
      vertex -3.5 0 8.4
      vertex -10.5773 -0.693273 8.4
    endloop
  endfacet
  facet normal 0 0 -1
    outer loop
      vertex -3.07603 1.66593 8.4
      vertex -8.81358 5.88904 8.4
      vertex -8.40954 6.45287 8.4
    endloop
  endfacet
  facet normal 0 0 -1
    outer loop
      vertex -3.5 0 8.4
      vertex -10.6 0 8.4
      vertex -3.49251 0.22891 8.4
    endloop
  endfacet
  facet normal 0 0 -1
    outer loop
      vertex -3.07603 1.66593 8.4
      vertex -9.17987 5.3 8.4
      vertex -8.81358 5.88904 8.4
    endloop
  endfacet
  facet normal 0 -0 -1
    outer loop
      vertex -10.5773 0.693273 8.4
      vertex -3.49251 0.22891 8.4
      vertex -10.6 0 8.4
    endloop
  endfacet
  facet normal 0 0 -1
    outer loop
      vertex -3.07603 1.66593 8.4
      vertex -9.50685 4.68826 8.4
      vertex -9.17987 5.3 8.4
    endloop
  endfacet
  facet normal 0 0 -1
    outer loop
      vertex -3.49251 0.22891 8.4
      vertex -10.5773 0.693273 8.4
      vertex -3.47006 0.456841 8.4
    endloop
  endfacet
  facet normal 0 0 -1
    outer loop
      vertex -3.13905 1.54801 8.4
      vertex -9.50685 4.68826 8.4
      vertex -3.07603 1.66593 8.4
    endloop
  endfacet
  facet normal 0 -0 -1
    outer loop
      vertex -10.5093 1.38358 8.4
      vertex -3.47006 0.456841 8.4
      vertex -10.5773 0.693273 8.4
    endloop
  endfacet
  facet normal 0 -0 -1
    outer loop
      vertex -9.50685 4.68826 8.4
      vertex -3.13905 1.54801 8.4
      vertex -9.79312 4.05644 8.4
    endloop
  endfacet
  facet normal 0 0 -1
    outer loop
      vertex -3.47006 0.456841 8.4
      vertex -10.5093 1.38358 8.4
      vertex -3.43275 0.682816 8.4
    endloop
  endfacet
  facet normal 0 0 -1
    outer loop
      vertex -3.23358 1.33939 8.4
      vertex -9.79312 4.05644 8.4
      vertex -3.13905 1.54801 8.4
    endloop
  endfacet
  facet normal 0 -0 -1
    outer loop
      vertex -10.3963 2.06796 8.4
      vertex -3.43275 0.682816 8.4
      vertex -10.5093 1.38358 8.4
    endloop
  endfacet
  facet normal 0 -0 -1
    outer loop
      vertex -9.79312 4.05644 8.4
      vertex -3.23358 1.33939 8.4
      vertex -10.0375 3.40726 8.4
    endloop
  endfacet
  facet normal 0 0 -1
    outer loop
      vertex -3.43275 0.682816 8.4
      vertex -10.3963 2.06796 8.4
      vertex -3.38074 0.905867 8.4
    endloop
  endfacet
  facet normal 0 0 -1
    outer loop
      vertex -3.31425 1.12504 8.4
      vertex -10.0375 3.40726 8.4
      vertex -3.23358 1.33939 8.4
    endloop
  endfacet
  facet normal 0 -0 -1
    outer loop
      vertex -10.2388 2.74348 8.4
      vertex -3.38074 0.905867 8.4
      vertex -10.3963 2.06796 8.4
    endloop
  endfacet
  facet normal 0 -0 -1
    outer loop
      vertex -10.0375 3.40726 8.4
      vertex -3.31425 1.12504 8.4
      vertex -10.2388 2.74348 8.4
    endloop
  endfacet
  facet normal 0 0 -1
    outer loop
      vertex -3.38074 0.905867 8.4
      vertex -10.2388 2.74348 8.4
      vertex -3.31425 1.12504 8.4
    endloop
  endfacet
  facet normal 0 -0 -1
    outer loop
      vertex -7.49533 7.49533 8.4
      vertex -7.49512 7.49553 8.4
      vertex -7.49553 7.49512 8.4
    endloop
  endfacet
  facet normal 0 0 -1
    outer loop
      vertex -7.49512 -7.49553 8.4
      vertex -7.49533 -7.49533 8.4
      vertex -7.49553 -7.49512 8.4
    endloop
  endfacet
  facet normal 0 0 -1
    outer loop
      vertex 7.49553 -7.49512 8.4
      vertex 7.49533 -7.49533 8.4
      vertex 7.49512 -7.49553 8.4
    endloop
  endfacet
  facet normal -0 -0 -1
    outer loop
      vertex 7.49533 7.49533 8.4
      vertex 7.49553 7.49512 8.4
      vertex 7.49512 7.49553 8.4
    endloop
  endfacet
  facet normal -0.729872 0.683584 0
    outer loop
      vertex 7.90644 -7.0564 0
      vertex 7.9695 -6.98907 8.4
      vertex 7.9695 -6.98907 0
    endloop
  endfacet
  facet normal -0.729872 0.683584 0
    outer loop
      vertex 7.9695 -6.98907 8.4
      vertex 7.90644 -7.0564 0
      vertex 7.90644 -7.0564 8.4
    endloop
  endfacet
  facet normal -0.724138 0.689655 0
    outer loop
      vertex 7.49533 -7.49533 0
      vertex 7.49553 -7.49512 8.4
      vertex 7.49553 -7.49512 0
    endloop
  endfacet
  facet normal -0.724138 0.689655 0
    outer loop
      vertex 7.49553 -7.49512 8.4
      vertex 7.49533 -7.49533 0
      vertex 7.49533 -7.49533 8.4
    endloop
  endfacet
  facet normal -0.849201 -0.528069 0
    outer loop
      vertex 9.17987 5.3 0
      vertex 8.81358 5.88904 8.4
      vertex 8.81358 5.88904 0
    endloop
  endfacet
  facet normal -0.849201 -0.528069 0
    outer loop
      vertex 8.81358 5.88904 8.4
      vertex 9.17987 5.3 0
      vertex 9.17987 5.3 8.4
    endloop
  endfacet
  facet normal 0.412702 -0.910866 0
    outer loop
      vertex -4.68826 9.50685 0
      vertex -4.05644 9.79312 8.4
      vertex -4.68826 9.50685 8.4
    endloop
  endfacet
  facet normal 0.412702 -0.910866 0
    outer loop
      vertex -4.05644 9.79312 8.4
      vertex -4.68826 9.50685 0
      vertex -4.05644 9.79312 0
    endloop
  endfacet
  facet normal -0.97388 0.227064 0
    outer loop
      vertex 10.2388 -2.74348 0
      vertex 10.3963 -2.06796 8.4
      vertex 10.3963 -2.06796 0
    endloop
  endfacet
  facet normal -0.97388 0.227064 0
    outer loop
      vertex 10.3963 -2.06796 8.4
      vertex 10.2388 -2.74348 0
      vertex 10.2388 -2.74348 8.4
    endloop
  endfacet
  facet normal -0.956963 0.290211 0
    outer loop
      vertex 10.0375 -3.40726 0
      vertex 10.2388 -2.74348 8.4
      vertex 10.2388 -2.74348 0
    endloop
  endfacet
  facet normal -0.956963 0.290211 0
    outer loop
      vertex 10.2388 -2.74348 8.4
      vertex 10.0375 -3.40726 0
      vertex 10.0375 -3.40726 8.4
    endloop
  endfacet
  facet normal 0.0980324 -0.995183 0
    outer loop
      vertex -1.38358 10.5093 0
      vertex -0.693273 10.5773 8.4
      vertex -1.38358 10.5093 8.4
    endloop
  endfacet
  facet normal 0.0980324 -0.995183 0
    outer loop
      vertex -0.693273 10.5773 8.4
      vertex -1.38358 10.5093 0
      vertex -0.693273 10.5773 0
    endloop
  endfacet
  facet normal -0.729872 -0.683584 0
    outer loop
      vertex 7.9695 6.98907 0
      vertex 7.90644 7.0564 8.4
      vertex 7.90644 7.0564 0
    endloop
  endfacet
  facet normal -0.729872 -0.683584 0
    outer loop
      vertex 7.90644 7.0564 8.4
      vertex 7.9695 6.98907 0
      vertex 7.9695 6.98907 8.4
    endloop
  endfacet
  facet normal -0.724138 -0.689655 0
    outer loop
      vertex 7.49553 7.49512 0
      vertex 7.49533 7.49533 8.4
      vertex 7.49533 7.49533 0
    endloop
  endfacet
  facet normal -0.724138 -0.689655 0
    outer loop
      vertex 7.49533 7.49533 8.4
      vertex 7.49553 7.49512 0
      vertex 7.49553 7.49512 8.4
    endloop
  endfacet
  facet normal -0.412702 0.910866 0
    outer loop
      vertex 4.68826 -9.50685 0
      vertex 4.05644 -9.79312 8.4
      vertex 4.68826 -9.50685 8.4
    endloop
  endfacet
  facet normal -0.412702 0.910866 0
    outer loop
      vertex 4.05644 -9.79312 8.4
      vertex 4.68826 -9.50685 0
      vertex 4.05644 -9.79312 0
    endloop
  endfacet
  facet normal 0.634386 -0.773016 0
    outer loop
      vertex -6.98907 7.9695 0
      vertex -6.45287 8.40954 8.4
      vertex -6.98907 7.9695 8.4
    endloop
  endfacet
  facet normal 0.634386 -0.773016 0
    outer loop
      vertex -6.45287 8.40954 8.4
      vertex -6.98907 7.9695 0
      vertex -6.45287 8.40954 0
    endloop
  endfacet
  facet normal -0.352308 -0.935884 0
    outer loop
      vertex 3.40726 10.0375 0
      vertex 4.05644 9.79312 8.4
      vertex 3.40726 10.0375 8.4
    endloop
  endfacet
  facet normal -0.352308 -0.935884 -0
    outer loop
      vertex 4.05644 9.79312 8.4
      vertex 3.40726 10.0375 0
      vertex 4.05644 9.79312 0
    endloop
  endfacet
  facet normal -0.881922 0.471395 0
    outer loop
      vertex 9.17987 -5.3 0
      vertex 9.50685 -4.68826 8.4
      vertex 9.50685 -4.68826 0
    endloop
  endfacet
  facet normal -0.881922 0.471395 0
    outer loop
      vertex 9.50685 -4.68826 8.4
      vertex 9.17987 -5.3 0
      vertex 9.17987 -5.3 8.4
    endloop
  endfacet
  facet normal 0.352308 -0.935884 0
    outer loop
      vertex -4.05644 9.79312 0
      vertex -3.40726 10.0375 8.4
      vertex -4.05644 9.79312 8.4
    endloop
  endfacet
  facet normal 0.352308 -0.935884 0
    outer loop
      vertex -3.40726 10.0375 8.4
      vertex -4.05644 9.79312 0
      vertex -3.40726 10.0375 0
    endloop
  endfacet
  facet normal -0.773016 -0.634386 0
    outer loop
      vertex 8.40954 6.45287 0
      vertex 7.9695 6.98907 8.4
      vertex 7.9695 6.98907 0
    endloop
  endfacet
  facet normal -0.773016 -0.634386 0
    outer loop
      vertex 7.9695 6.98907 8.4
      vertex 8.40954 6.45287 0
      vertex 8.40954 6.45287 8.4
    endloop
  endfacet
  facet normal 0.528069 0.849201 -0
    outer loop
      vertex -5.3 -9.17987 0
      vertex -5.88904 -8.81358 8.4
      vertex -5.3 -9.17987 8.4
    endloop
  endfacet
  facet normal 0.528069 0.849201 0
    outer loop
      vertex -5.88904 -8.81358 8.4
      vertex -5.3 -9.17987 0
      vertex -5.88904 -8.81358 0
    endloop
  endfacet
  facet normal 0.935884 0.352308 0
    outer loop
      vertex -9.79312 -4.05644 8.4
      vertex -10.0375 -3.40726 0
      vertex -10.0375 -3.40726 8.4
    endloop
  endfacet
  facet normal 0.935884 0.352308 0
    outer loop
      vertex -10.0375 -3.40726 0
      vertex -9.79312 -4.05644 8.4
      vertex -9.79312 -4.05644 0
    endloop
  endfacet
  facet normal 0.634386 0.773016 -0
    outer loop
      vertex -6.45287 -8.40954 0
      vertex -6.98907 -7.9695 8.4
      vertex -6.45287 -8.40954 8.4
    endloop
  endfacet
  facet normal 0.634386 0.773016 0
    outer loop
      vertex -6.98907 -7.9695 8.4
      vertex -6.45287 -8.40954 0
      vertex -6.98907 -7.9695 0
    endloop
  endfacet
  facet normal 0.995183 0.0980324 0
    outer loop
      vertex -10.5093 -1.38358 8.4
      vertex -10.5773 -0.693273 0
      vertex -10.5773 -0.693273 8.4
    endloop
  endfacet
  facet normal 0.995183 0.0980324 0
    outer loop
      vertex -10.5773 -0.693273 0
      vertex -10.5093 -1.38358 8.4
      vertex -10.5093 -1.38358 0
    endloop
  endfacet
  facet normal 0.910866 0.412702 0
    outer loop
      vertex -9.50685 -4.68826 8.4
      vertex -9.79312 -4.05644 0
      vertex -9.79312 -4.05644 8.4
    endloop
  endfacet
  facet normal 0.910866 0.412702 0
    outer loop
      vertex -9.79312 -4.05644 0
      vertex -9.50685 -4.68826 8.4
      vertex -9.50685 -4.68826 0
    endloop
  endfacet
  facet normal -0.0980324 -0.995183 0
    outer loop
      vertex 0.693273 10.5773 0
      vertex 1.38358 10.5093 8.4
      vertex 0.693273 10.5773 8.4
    endloop
  endfacet
  facet normal -0.0980324 -0.995183 -0
    outer loop
      vertex 1.38358 10.5093 8.4
      vertex 0.693273 10.5773 0
      vertex 1.38358 10.5093 0
    endloop
  endfacet
  facet normal 0.773016 -0.634386 0
    outer loop
      vertex -8.40954 6.45287 8.4
      vertex -7.9695 6.98907 0
      vertex -7.9695 6.98907 8.4
    endloop
  endfacet
  facet normal 0.773016 -0.634386 0
    outer loop
      vertex -7.9695 6.98907 0
      vertex -8.40954 6.45287 8.4
      vertex -8.40954 6.45287 0
    endloop
  endfacet
  facet normal -0.849201 0.528069 0
    outer loop
      vertex 8.81358 -5.88904 0
      vertex 9.17987 -5.3 8.4
      vertex 9.17987 -5.3 0
    endloop
  endfacet
  facet normal -0.849201 0.528069 0
    outer loop
      vertex 9.17987 -5.3 8.4
      vertex 8.81358 -5.88904 0
      vertex 8.81358 -5.88904 8.4
    endloop
  endfacet
  facet normal 0.0980324 0.995183 -0
    outer loop
      vertex -0.693273 -10.5773 0
      vertex -1.38358 -10.5093 8.4
      vertex -0.693273 -10.5773 8.4
    endloop
  endfacet
  facet normal 0.0980324 0.995183 0
    outer loop
      vertex -1.38358 -10.5093 8.4
      vertex -0.693273 -10.5773 0
      vertex -1.38358 -10.5093 0
    endloop
  endfacet
  facet normal 0.582483 0.812843 -0
    outer loop
      vertex -5.88904 -8.81358 0
      vertex -6.45287 -8.40954 8.4
      vertex -5.88904 -8.81358 8.4
    endloop
  endfacet
  facet normal 0.582483 0.812843 0
    outer loop
      vertex -6.45287 -8.40954 8.4
      vertex -5.88904 -8.81358 0
      vertex -6.45287 -8.40954 0
    endloop
  endfacet
  facet normal -0.227064 -0.97388 0
    outer loop
      vertex 2.06796 10.3963 0
      vertex 2.74348 10.2388 8.4
      vertex 2.06796 10.3963 8.4
    endloop
  endfacet
  facet normal -0.227064 -0.97388 -0
    outer loop
      vertex 2.74348 10.2388 8.4
      vertex 2.06796 10.3963 0
      vertex 2.74348 10.2388 0
    endloop
  endfacet
  facet normal -0.528069 -0.849201 0
    outer loop
      vertex 5.3 9.17987 0
      vertex 5.88904 8.81358 8.4
      vertex 5.3 9.17987 8.4
    endloop
  endfacet
  facet normal -0.528069 -0.849201 -0
    outer loop
      vertex 5.88904 8.81358 8.4
      vertex 5.3 9.17987 0
      vertex 5.88904 8.81358 0
    endloop
  endfacet
  facet normal -0.634386 0.773016 0
    outer loop
      vertex 6.98907 -7.9695 0
      vertex 6.45287 -8.40954 8.4
      vertex 6.98907 -7.9695 8.4
    endloop
  endfacet
  facet normal -0.634386 0.773016 0
    outer loop
      vertex 6.45287 -8.40954 8.4
      vertex 6.98907 -7.9695 0
      vertex 6.45287 -8.40954 0
    endloop
  endfacet
  facet normal 0.999464 -0.0327257 0
    outer loop
      vertex -10.6 0 8.4
      vertex -10.5773 0.693273 0
      vertex -10.5773 0.693273 8.4
    endloop
  endfacet
  facet normal 0.999464 -0.0327257 0
    outer loop
      vertex -10.5773 0.693273 0
      vertex -10.6 0 8.4
      vertex -10.6 0 0
    endloop
  endfacet
  facet normal 0.412702 0.910866 -0
    outer loop
      vertex -4.05644 -9.79312 0
      vertex -4.68826 -9.50685 8.4
      vertex -4.05644 -9.79312 8.4
    endloop
  endfacet
  facet normal 0.412702 0.910866 0
    outer loop
      vertex -4.68826 -9.50685 8.4
      vertex -4.05644 -9.79312 0
      vertex -4.68826 -9.50685 0
    endloop
  endfacet
  facet normal 0.956963 -0.290211 0
    outer loop
      vertex -10.2388 2.74348 8.4
      vertex -10.0375 3.40726 0
      vertex -10.0375 3.40726 8.4
    endloop
  endfacet
  facet normal 0.956963 -0.290211 0
    outer loop
      vertex -10.0375 3.40726 0
      vertex -10.2388 2.74348 8.4
      vertex -10.2388 2.74348 0
    endloop
  endfacet
  facet normal 0.773016 0.634386 0
    outer loop
      vertex -7.9695 -6.98907 8.4
      vertex -8.40954 -6.45287 0
      vertex -8.40954 -6.45287 8.4
    endloop
  endfacet
  facet normal 0.773016 0.634386 0
    outer loop
      vertex -8.40954 -6.45287 0
      vertex -7.9695 -6.98907 8.4
      vertex -7.9695 -6.98907 0
    endloop
  endfacet
  facet normal 0.812843 0.582483 0
    outer loop
      vertex -8.40954 -6.45287 8.4
      vertex -8.81358 -5.88904 0
      vertex -8.81358 -5.88904 8.4
    endloop
  endfacet
  facet normal 0.812843 0.582483 0
    outer loop
      vertex -8.81358 -5.88904 0
      vertex -8.40954 -6.45287 8.4
      vertex -8.40954 -6.45287 0
    endloop
  endfacet
  facet normal -0.352308 0.935884 0
    outer loop
      vertex 4.05644 -9.79312 0
      vertex 3.40726 -10.0375 8.4
      vertex 4.05644 -9.79312 8.4
    endloop
  endfacet
  facet normal -0.352308 0.935884 0
    outer loop
      vertex 3.40726 -10.0375 8.4
      vertex 4.05644 -9.79312 0
      vertex 3.40726 -10.0375 0
    endloop
  endfacet
  facet normal -0.290211 0.956963 0
    outer loop
      vertex 3.40726 -10.0375 0
      vertex 2.74348 -10.2388 8.4
      vertex 3.40726 -10.0375 8.4
    endloop
  endfacet
  facet normal -0.290211 0.956963 0
    outer loop
      vertex 2.74348 -10.2388 8.4
      vertex 3.40726 -10.0375 0
      vertex 2.74348 -10.2388 0
    endloop
  endfacet
  facet normal -0 0 1
    outer loop
      vertex -4.25 4.25 10.4
      vertex 4.25 -4.25 10.4
      vertex 4.25 4.25 10.4
    endloop
  endfacet
  facet normal 0 0 1
    outer loop
      vertex 4.25 -4.25 10.4
      vertex -4.25 4.25 10.4
      vertex -4.25 -4.25 10.4
    endloop
  endfacet
  facet normal 1 -0 0
    outer loop
      vertex -4.25 -4.25 11
      vertex -4.25 4.25 10.4
      vertex -4.25 4.25 11
    endloop
  endfacet
  facet normal 1 0 0
    outer loop
      vertex -4.25 4.25 10.4
      vertex -4.25 -4.25 11
      vertex -4.25 -4.25 10.4
    endloop
  endfacet
  facet normal 0 -1 0
    outer loop
      vertex -4.25 4.25 10.4
      vertex 4.25 4.25 11
      vertex -4.25 4.25 11
    endloop
  endfacet
  facet normal 0 -1 -0
    outer loop
      vertex 4.25 4.25 11
      vertex -4.25 4.25 10.4
      vertex 4.25 4.25 10.4
    endloop
  endfacet
  facet normal -1 0 0
    outer loop
      vertex 4.25 -4.25 10.4
      vertex 4.25 4.25 11
      vertex 4.25 4.25 10.4
    endloop
  endfacet
  facet normal -1 -0 0
    outer loop
      vertex 4.25 4.25 11
      vertex 4.25 -4.25 10.4
      vertex 4.25 -4.25 11
    endloop
  endfacet
  facet normal 0 1 -0
    outer loop
      vertex 4.25 -4.25 10.4
      vertex -4.25 -4.25 11
      vertex 4.25 -4.25 11
    endloop
  endfacet
  facet normal 0 1 0
    outer loop
      vertex -4.25 -4.25 11
      vertex 4.25 -4.25 10.4
      vertex -4.25 -4.25 10.4
    endloop
  endfacet
  facet normal 0.995184 0.0980204 0
    outer loop
      vertex 3.49251 0.22891 8.4
      vertex 3.47006 0.456841 0
      vertex 3.47006 0.456841 8.4
    endloop
  endfacet
  facet normal 0.995184 0.0980204 0
    outer loop
      vertex 3.47006 0.456841 0
      vertex 3.49251 0.22891 8.4
      vertex 3.49251 0.22891 0
    endloop
  endfacet
  facet normal 0.999465 0.0327028 0
    outer loop
      vertex 3.5 0 8.4
      vertex 3.49251 0.22891 0
      vertex 3.49251 0.22891 8.4
    endloop
  endfacet
  facet normal 0.999465 0.0327028 0
    outer loop
      vertex 3.49251 0.22891 0
      vertex 3.5 0 8.4
      vertex 3.5 0 0
    endloop
  endfacet
  facet normal 0.471341 0.881951 -0
    outer loop
      vertex 1.66593 3.07603 0
      vertex 1.54801 3.13905 8.4
      vertex 1.66593 3.07603 8.4
    endloop
  endfacet
  facet normal 0.471341 0.881951 0
    outer loop
      vertex 1.54801 3.13905 8.4
      vertex 1.66593 3.07603 0
      vertex 1.54801 3.13905 0
    endloop
  endfacet
  facet normal 0.352229 -0.935914 0
    outer loop
      vertex 1.12504 -3.31425 0
      vertex 1.33939 -3.23358 8.4
      vertex 1.12504 -3.31425 8.4
    endloop
  endfacet
  facet normal 0.352229 -0.935914 0
    outer loop
      vertex 1.33939 -3.23358 8.4
      vertex 1.12504 -3.31425 0
      vertex 1.33939 -3.23358 0
    endloop
  endfacet
  facet normal -0.999465 0.0327028 0
    outer loop
      vertex -3.5 0 0
      vertex -3.49251 0.22891 8.4
      vertex -3.49251 0.22891 0
    endloop
  endfacet
  facet normal -0.999465 0.0327028 0
    outer loop
      vertex -3.49251 0.22891 8.4
      vertex -3.5 0 0
      vertex -3.5 0 8.4
    endloop
  endfacet
  facet normal -0.227084 -0.973875 0
    outer loop
      vertex -0.905867 -3.38074 0
      vertex -0.682816 -3.43275 8.4
      vertex -0.905867 -3.38074 8.4
    endloop
  endfacet
  facet normal -0.227084 -0.973875 -0
    outer loop
      vertex -0.682816 -3.43275 8.4
      vertex -0.905867 -3.38074 0
      vertex -0.682816 -3.43275 0
    endloop
  endfacet
  facet normal 0.956935 0.290303 0
    outer loop
      vertex 3.38074 0.905867 8.4
      vertex 3.31425 1.12504 0
      vertex 3.31425 1.12504 8.4
    endloop
  endfacet
  facet normal 0.956935 0.290303 0
    outer loop
      vertex 3.31425 1.12504 0
      vertex 3.38074 0.905867 8.4
      vertex 3.38074 0.905867 0
    endloop
  endfacet
  facet normal 0.0327028 -0.999465 0
    outer loop
      vertex 0 -3.5 0
      vertex 0.22891 -3.49251 8.4
      vertex 0 -3.5 8.4
    endloop
  endfacet
  facet normal 0.0327028 -0.999465 0
    outer loop
      vertex 0.22891 -3.49251 8.4
      vertex 0 -3.5 0
      vertex 0.22891 -3.49251 0
    endloop
  endfacet
  facet normal 0.935914 0.352229 0
    outer loop
      vertex 3.31425 1.12504 8.4
      vertex 3.23358 1.33939 0
      vertex 3.23358 1.33939 8.4
    endloop
  endfacet
  facet normal 0.935914 0.352229 0
    outer loop
      vertex 3.23358 1.33939 0
      vertex 3.31425 1.12504 8.4
      vertex 3.31425 1.12504 0
    endloop
  endfacet
  facet normal -0.956935 0.290303 0
    outer loop
      vertex -3.38074 0.905867 0
      vertex -3.31425 1.12504 8.4
      vertex -3.31425 1.12504 0
    endloop
  endfacet
  facet normal -0.956935 0.290303 0
    outer loop
      vertex -3.31425 1.12504 8.4
      vertex -3.38074 0.905867 0
      vertex -3.38074 0.905867 8.4
    endloop
  endfacet
  facet normal -0.352229 -0.935914 0
    outer loop
      vertex -1.33939 -3.23358 0
      vertex -1.12504 -3.31425 8.4
      vertex -1.33939 -3.23358 8.4
    endloop
  endfacet
  facet normal -0.352229 -0.935914 -0
    outer loop
      vertex -1.12504 -3.31425 8.4
      vertex -1.33939 -3.23358 0
      vertex -1.12504 -3.31425 0
    endloop
  endfacet
  facet normal -0.935914 -0.352229 0
    outer loop
      vertex -3.23358 -1.33939 0
      vertex -3.31425 -1.12504 8.4
      vertex -3.31425 -1.12504 0
    endloop
  endfacet
  facet normal -0.935914 -0.352229 0
    outer loop
      vertex -3.31425 -1.12504 8.4
      vertex -3.23358 -1.33939 0
      vertex -3.23358 -1.33939 8.4
    endloop
  endfacet
  facet normal -0.0980204 -0.995184 0
    outer loop
      vertex -0.456841 -3.47006 0
      vertex -0.22891 -3.49251 8.4
      vertex -0.456841 -3.47006 8.4
    endloop
  endfacet
  facet normal -0.0980204 -0.995184 -0
    outer loop
      vertex -0.22891 -3.49251 8.4
      vertex -0.456841 -3.47006 0
      vertex -0.22891 -3.49251 0
    endloop
  endfacet
  facet normal 0.999465 -0.0327028 0
    outer loop
      vertex 3.49251 -0.22891 8.4
      vertex 3.5 0 0
      vertex 3.5 0 8.4
    endloop
  endfacet
  facet normal 0.999465 -0.0327028 0
    outer loop
      vertex 3.5 0 0
      vertex 3.49251 -0.22891 8.4
      vertex 3.49251 -0.22891 0
    endloop
  endfacet
  facet normal 0.0980204 -0.995184 0
    outer loop
      vertex 0.22891 -3.49251 0
      vertex 0.456841 -3.47006 8.4
      vertex 0.22891 -3.49251 8.4
    endloop
  endfacet
  facet normal 0.0980204 -0.995184 0
    outer loop
      vertex 0.456841 -3.47006 8.4
      vertex 0.22891 -3.49251 0
      vertex 0.456841 -3.47006 0
    endloop
  endfacet
  facet normal -0.881951 0.471341 0
    outer loop
      vertex -3.13905 1.54801 0
      vertex -3.07603 1.66593 8.4
      vertex -3.07603 1.66593 0
    endloop
  endfacet
  facet normal -0.881951 0.471341 0
    outer loop
      vertex -3.07603 1.66593 8.4
      vertex -3.13905 1.54801 0
      vertex -3.13905 1.54801 8.4
    endloop
  endfacet
  facet normal 0.986642 0.162901 0
    outer loop
      vertex 3.47006 0.456841 8.4
      vertex 3.43275 0.682816 0
      vertex 3.43275 0.682816 8.4
    endloop
  endfacet
  facet normal 0.986642 0.162901 0
    outer loop
      vertex 3.43275 0.682816 0
      vertex 3.47006 0.456841 8.4
      vertex 3.47006 0.456841 0
    endloop
  endfacet
  facet normal -0.995184 -0.0980204 0
    outer loop
      vertex -3.47006 -0.456841 0
      vertex -3.49251 -0.22891 8.4
      vertex -3.49251 -0.22891 0
    endloop
  endfacet
  facet normal -0.995184 -0.0980204 0
    outer loop
      vertex -3.49251 -0.22891 8.4
      vertex -3.47006 -0.456841 0
      vertex -3.47006 -0.456841 8.4
    endloop
  endfacet
  facet normal -0.471341 -0.881951 0
    outer loop
      vertex -1.66593 -3.07603 0
      vertex -1.54801 -3.13905 8.4
      vertex -1.66593 -3.07603 8.4
    endloop
  endfacet
  facet normal -0.471341 -0.881951 -0
    outer loop
      vertex -1.54801 -3.13905 8.4
      vertex -1.66593 -3.07603 0
      vertex -1.54801 -3.13905 0
    endloop
  endfacet
  facet normal 0.227084 -0.973875 0
    outer loop
      vertex 0.682816 -3.43275 0
      vertex 0.905867 -3.38074 8.4
      vertex 0.682816 -3.43275 8.4
    endloop
  endfacet
  facet normal 0.227084 -0.973875 0
    outer loop
      vertex 0.905867 -3.38074 8.4
      vertex 0.682816 -3.43275 0
      vertex 0.905867 -3.38074 0
    endloop
  endfacet
  facet normal -0.973875 -0.227084 0
    outer loop
      vertex -3.38074 -0.905867 0
      vertex -3.43275 -0.682816 8.4
      vertex -3.43275 -0.682816 0
    endloop
  endfacet
  facet normal -0.973875 -0.227084 0
    outer loop
      vertex -3.43275 -0.682816 8.4
      vertex -3.38074 -0.905867 0
      vertex -3.38074 -0.905867 8.4
    endloop
  endfacet
  facet normal -0.227084 0.973875 0
    outer loop
      vertex -0.682816 3.43275 0
      vertex -0.905867 3.38074 8.4
      vertex -0.682816 3.43275 8.4
    endloop
  endfacet
  facet normal -0.227084 0.973875 0
    outer loop
      vertex -0.905867 3.38074 8.4
      vertex -0.682816 3.43275 0
      vertex -0.905867 3.38074 0
    endloop
  endfacet
  facet normal -0.973875 0.227084 0
    outer loop
      vertex -3.43275 0.682816 0
      vertex -3.38074 0.905867 8.4
      vertex -3.38074 0.905867 0
    endloop
  endfacet
  facet normal -0.973875 0.227084 0
    outer loop
      vertex -3.38074 0.905867 8.4
      vertex -3.43275 0.682816 0
      vertex -3.43275 0.682816 8.4
    endloop
  endfacet
  facet normal 0.162901 0.986642 -0
    outer loop
      vertex 0.682816 3.43275 0
      vertex 0.456841 3.47006 8.4
      vertex 0.682816 3.43275 8.4
    endloop
  endfacet
  facet normal 0.162901 0.986642 0
    outer loop
      vertex 0.456841 3.47006 8.4
      vertex 0.682816 3.43275 0
      vertex 0.456841 3.47006 0
    endloop
  endfacet
  facet normal 0.290303 -0.956935 0
    outer loop
      vertex 0.905867 -3.38074 0
      vertex 1.12504 -3.31425 8.4
      vertex 0.905867 -3.38074 8.4
    endloop
  endfacet
  facet normal 0.290303 -0.956935 0
    outer loop
      vertex 1.12504 -3.31425 8.4
      vertex 0.905867 -3.38074 0
      vertex 1.12504 -3.31425 0
    endloop
  endfacet
  facet normal -0.956935 -0.290303 0
    outer loop
      vertex -3.31425 -1.12504 0
      vertex -3.38074 -0.905867 8.4
      vertex -3.38074 -0.905867 0
    endloop
  endfacet
  facet normal -0.956935 -0.290303 0
    outer loop
      vertex -3.38074 -0.905867 8.4
      vertex -3.31425 -1.12504 0
      vertex -3.31425 -1.12504 8.4
    endloop
  endfacet
  facet normal -0.0327028 -0.999465 0
    outer loop
      vertex -0.22891 -3.49251 0
      vertex 0 -3.5 8.4
      vertex -0.22891 -3.49251 8.4
    endloop
  endfacet
  facet normal -0.0327028 -0.999465 -0
    outer loop
      vertex 0 -3.5 8.4
      vertex -0.22891 -3.49251 0
      vertex 0 -3.5 0
    endloop
  endfacet
  facet normal 0.352229 0.935914 -0
    outer loop
      vertex 1.33939 3.23358 0
      vertex 1.12504 3.31425 8.4
      vertex 1.33939 3.23358 8.4
    endloop
  endfacet
  facet normal 0.352229 0.935914 0
    outer loop
      vertex 1.12504 3.31425 8.4
      vertex 1.33939 3.23358 0
      vertex 1.12504 3.31425 0
    endloop
  endfacet
  facet normal 0.973875 -0.227084 0
    outer loop
      vertex 3.38074 -0.905867 8.4
      vertex 3.43275 -0.682816 0
      vertex 3.43275 -0.682816 8.4
    endloop
  endfacet
  facet normal 0.973875 -0.227084 0
    outer loop
      vertex 3.43275 -0.682816 0
      vertex 3.38074 -0.905867 8.4
      vertex 3.38074 -0.905867 0
    endloop
  endfacet
  facet normal -0.162901 0.986642 0
    outer loop
      vertex -0.456841 3.47006 0
      vertex -0.682816 3.43275 8.4
      vertex -0.456841 3.47006 8.4
    endloop
  endfacet
  facet normal -0.162901 0.986642 0
    outer loop
      vertex -0.682816 3.43275 8.4
      vertex -0.456841 3.47006 0
      vertex -0.682816 3.43275 0
    endloop
  endfacet
  facet normal 0.910855 0.412727 0
    outer loop
      vertex 3.23358 1.33939 8.4
      vertex 3.13905 1.54801 0
      vertex 3.13905 1.54801 8.4
    endloop
  endfacet
  facet normal 0.910855 0.412727 0
    outer loop
      vertex 3.13905 1.54801 0
      vertex 3.23358 1.33939 8.4
      vertex 3.23358 1.33939 0
    endloop
  endfacet
  facet normal 0.227084 0.973875 -0
    outer loop
      vertex 0.905867 3.38074 0
      vertex 0.682816 3.43275 8.4
      vertex 0.905867 3.38074 8.4
    endloop
  endfacet
  facet normal 0.227084 0.973875 0
    outer loop
      vertex 0.682816 3.43275 8.4
      vertex 0.905867 3.38074 0
      vertex 0.682816 3.43275 0
    endloop
  endfacet
  facet normal 0.881951 0.471341 0
    outer loop
      vertex 3.13905 1.54801 8.4
      vertex 3.07603 1.66593 0
      vertex 3.07603 1.66593 8.4
    endloop
  endfacet
  facet normal 0.881951 0.471341 0
    outer loop
      vertex 3.07603 1.66593 0
      vertex 3.13905 1.54801 8.4
      vertex 3.13905 1.54801 0
    endloop
  endfacet
  facet normal -0.999465 -0.0327028 0
    outer loop
      vertex -3.49251 -0.22891 0
      vertex -3.5 0 8.4
      vertex -3.5 0 0
    endloop
  endfacet
  facet normal -0.999465 -0.0327028 0
    outer loop
      vertex -3.5 0 8.4
      vertex -3.49251 -0.22891 0
      vertex -3.49251 -0.22891 8.4
    endloop
  endfacet
  facet normal 0.290303 0.956935 -0
    outer loop
      vertex 1.12504 3.31425 0
      vertex 0.905867 3.38074 8.4
      vertex 1.12504 3.31425 8.4
    endloop
  endfacet
  facet normal 0.290303 0.956935 0
    outer loop
      vertex 0.905867 3.38074 8.4
      vertex 1.12504 3.31425 0
      vertex 0.905867 3.38074 0
    endloop
  endfacet
  facet normal -0.0327028 0.999465 0
    outer loop
      vertex 0 3.5 0
      vertex -0.22891 3.49251 8.4
      vertex 0 3.5 8.4
    endloop
  endfacet
  facet normal -0.0327028 0.999465 0
    outer loop
      vertex -0.22891 3.49251 8.4
      vertex 0 3.5 0
      vertex -0.22891 3.49251 0
    endloop
  endfacet
  facet normal -0.290303 0.956935 0
    outer loop
      vertex -0.905867 3.38074 0
      vertex -1.12504 3.31425 8.4
      vertex -0.905867 3.38074 8.4
    endloop
  endfacet
  facet normal -0.290303 0.956935 0
    outer loop
      vertex -1.12504 3.31425 8.4
      vertex -0.905867 3.38074 0
      vertex -1.12504 3.31425 0
    endloop
  endfacet
  facet normal -0.986642 -0.162901 0
    outer loop
      vertex -3.43275 -0.682816 0
      vertex -3.47006 -0.456841 8.4
      vertex -3.47006 -0.456841 0
    endloop
  endfacet
  facet normal -0.986642 -0.162901 0
    outer loop
      vertex -3.47006 -0.456841 8.4
      vertex -3.43275 -0.682816 0
      vertex -3.43275 -0.682816 8.4
    endloop
  endfacet
  facet normal 0.956935 -0.290303 0
    outer loop
      vertex 3.31425 -1.12504 8.4
      vertex 3.38074 -0.905867 0
      vertex 3.38074 -0.905867 8.4
    endloop
  endfacet
  facet normal 0.956935 -0.290303 0
    outer loop
      vertex 3.38074 -0.905867 0
      vertex 3.31425 -1.12504 8.4
      vertex 3.31425 -1.12504 0
    endloop
  endfacet
  facet normal -0.352229 0.935914 0
    outer loop
      vertex -1.12504 3.31425 0
      vertex -1.33939 3.23358 8.4
      vertex -1.12504 3.31425 8.4
    endloop
  endfacet
  facet normal -0.352229 0.935914 0
    outer loop
      vertex -1.33939 3.23358 8.4
      vertex -1.12504 3.31425 0
      vertex -1.33939 3.23358 0
    endloop
  endfacet
  facet normal 0.881951 -0.471341 0
    outer loop
      vertex 3.07603 -1.66593 8.4
      vertex 3.13905 -1.54801 0
      vertex 3.13905 -1.54801 8.4
    endloop
  endfacet
  facet normal 0.881951 -0.471341 0
    outer loop
      vertex 3.13905 -1.54801 0
      vertex 3.07603 -1.66593 8.4
      vertex 3.07603 -1.66593 0
    endloop
  endfacet
  facet normal 0.973875 0.227084 0
    outer loop
      vertex 3.43275 0.682816 8.4
      vertex 3.38074 0.905867 0
      vertex 3.38074 0.905867 8.4
    endloop
  endfacet
  facet normal 0.973875 0.227084 0
    outer loop
      vertex 3.38074 0.905867 0
      vertex 3.43275 0.682816 8.4
      vertex 3.43275 0.682816 0
    endloop
  endfacet
  facet normal 0.986642 -0.162901 0
    outer loop
      vertex 3.43275 -0.682816 8.4
      vertex 3.47006 -0.456841 0
      vertex 3.47006 -0.456841 8.4
    endloop
  endfacet
  facet normal 0.986642 -0.162901 0
    outer loop
      vertex 3.47006 -0.456841 0
      vertex 3.43275 -0.682816 8.4
      vertex 3.43275 -0.682816 0
    endloop
  endfacet
  facet normal 0.412727 -0.910855 0
    outer loop
      vertex 1.33939 -3.23358 0
      vertex 1.54801 -3.13905 8.4
      vertex 1.33939 -3.23358 8.4
    endloop
  endfacet
  facet normal 0.412727 -0.910855 0
    outer loop
      vertex 1.54801 -3.13905 8.4
      vertex 1.33939 -3.23358 0
      vertex 1.54801 -3.13905 0
    endloop
  endfacet
  facet normal -0.910855 0.412727 0
    outer loop
      vertex -3.23358 1.33939 0
      vertex -3.13905 1.54801 8.4
      vertex -3.13905 1.54801 0
    endloop
  endfacet
  facet normal -0.910855 0.412727 0
    outer loop
      vertex -3.13905 1.54801 8.4
      vertex -3.23358 1.33939 0
      vertex -3.23358 1.33939 8.4
    endloop
  endfacet
  facet normal -0.0980204 0.995184 0
    outer loop
      vertex -0.22891 3.49251 0
      vertex -0.456841 3.47006 8.4
      vertex -0.22891 3.49251 8.4
    endloop
  endfacet
  facet normal -0.0980204 0.995184 0
    outer loop
      vertex -0.456841 3.47006 8.4
      vertex -0.22891 3.49251 0
      vertex -0.456841 3.47006 0
    endloop
  endfacet
  facet normal 0.162901 -0.986642 0
    outer loop
      vertex 0.456841 -3.47006 0
      vertex 0.682816 -3.43275 8.4
      vertex 0.456841 -3.47006 8.4
    endloop
  endfacet
  facet normal 0.162901 -0.986642 0
    outer loop
      vertex 0.682816 -3.43275 8.4
      vertex 0.456841 -3.47006 0
      vertex 0.682816 -3.43275 0
    endloop
  endfacet
  facet normal -0.162901 -0.986642 0
    outer loop
      vertex -0.682816 -3.43275 0
      vertex -0.456841 -3.47006 8.4
      vertex -0.682816 -3.43275 8.4
    endloop
  endfacet
  facet normal -0.162901 -0.986642 -0
    outer loop
      vertex -0.456841 -3.47006 8.4
      vertex -0.682816 -3.43275 0
      vertex -0.456841 -3.47006 0
    endloop
  endfacet
  facet normal -0.995184 0.0980204 0
    outer loop
      vertex -3.49251 0.22891 0
      vertex -3.47006 0.456841 8.4
      vertex -3.47006 0.456841 0
    endloop
  endfacet
  facet normal -0.995184 0.0980204 0
    outer loop
      vertex -3.47006 0.456841 8.4
      vertex -3.49251 0.22891 0
      vertex -3.49251 0.22891 8.4
    endloop
  endfacet
  facet normal 0.0327028 0.999465 -0
    outer loop
      vertex 0.22891 3.49251 0
      vertex 0 3.5 8.4
      vertex 0.22891 3.49251 8.4
    endloop
  endfacet
  facet normal 0.0327028 0.999465 0
    outer loop
      vertex 0 3.5 8.4
      vertex 0.22891 3.49251 0
      vertex 0 3.5 0
    endloop
  endfacet
  facet normal 0.0980204 0.995184 -0
    outer loop
      vertex 0.456841 3.47006 0
      vertex 0.22891 3.49251 8.4
      vertex 0.456841 3.47006 8.4
    endloop
  endfacet
  facet normal 0.0980204 0.995184 0
    outer loop
      vertex 0.22891 3.49251 8.4
      vertex 0.456841 3.47006 0
      vertex 0.22891 3.49251 0
    endloop
  endfacet
  facet normal 0.412727 0.910855 -0
    outer loop
      vertex 1.54801 3.13905 0
      vertex 1.33939 3.23358 8.4
      vertex 1.54801 3.13905 8.4
    endloop
  endfacet
  facet normal 0.412727 0.910855 0
    outer loop
      vertex 1.33939 3.23358 8.4
      vertex 1.54801 3.13905 0
      vertex 1.33939 3.23358 0
    endloop
  endfacet
  facet normal 0.471341 -0.881951 0
    outer loop
      vertex 1.54801 -3.13905 0
      vertex 1.66593 -3.07603 8.4
      vertex 1.54801 -3.13905 8.4
    endloop
  endfacet
  facet normal 0.471341 -0.881951 0
    outer loop
      vertex 1.66593 -3.07603 8.4
      vertex 1.54801 -3.13905 0
      vertex 1.66593 -3.07603 0
    endloop
  endfacet
  facet normal -0.986642 0.162901 0
    outer loop
      vertex -3.47006 0.456841 0
      vertex -3.43275 0.682816 8.4
      vertex -3.43275 0.682816 0
    endloop
  endfacet
  facet normal -0.986642 0.162901 0
    outer loop
      vertex -3.43275 0.682816 8.4
      vertex -3.47006 0.456841 0
      vertex -3.47006 0.456841 8.4
    endloop
  endfacet
  facet normal 0.935914 -0.352229 0
    outer loop
      vertex 3.23358 -1.33939 8.4
      vertex 3.31425 -1.12504 0
      vertex 3.31425 -1.12504 8.4
    endloop
  endfacet
  facet normal 0.935914 -0.352229 0
    outer loop
      vertex 3.31425 -1.12504 0
      vertex 3.23358 -1.33939 8.4
      vertex 3.23358 -1.33939 0
    endloop
  endfacet
  facet normal 0.995184 -0.0980204 0
    outer loop
      vertex 3.47006 -0.456841 8.4
      vertex 3.49251 -0.22891 0
      vertex 3.49251 -0.22891 8.4
    endloop
  endfacet
  facet normal 0.995184 -0.0980204 0
    outer loop
      vertex 3.49251 -0.22891 0
      vertex 3.47006 -0.456841 8.4
      vertex 3.47006 -0.456841 0
    endloop
  endfacet
  facet normal -0.471341 0.881951 0
    outer loop
      vertex -1.54801 3.13905 0
      vertex -1.66593 3.07603 8.4
      vertex -1.54801 3.13905 8.4
    endloop
  endfacet
  facet normal -0.471341 0.881951 0
    outer loop
      vertex -1.66593 3.07603 8.4
      vertex -1.54801 3.13905 0
      vertex -1.66593 3.07603 0
    endloop
  endfacet
  facet normal -0.412727 0.910855 0
    outer loop
      vertex -1.33939 3.23358 0
      vertex -1.54801 3.13905 8.4
      vertex -1.33939 3.23358 8.4
    endloop
  endfacet
  facet normal -0.412727 0.910855 0
    outer loop
      vertex -1.54801 3.13905 8.4
      vertex -1.33939 3.23358 0
      vertex -1.54801 3.13905 0
    endloop
  endfacet
  facet normal 0.910855 -0.412727 0
    outer loop
      vertex 3.13905 -1.54801 8.4
      vertex 3.23358 -1.33939 0
      vertex 3.23358 -1.33939 8.4
    endloop
  endfacet
  facet normal 0.910855 -0.412727 0
    outer loop
      vertex 3.23358 -1.33939 0
      vertex 3.13905 -1.54801 8.4
      vertex 3.13905 -1.54801 0
    endloop
  endfacet
  facet normal -0.935914 0.352229 0
    outer loop
      vertex -3.31425 1.12504 0
      vertex -3.23358 1.33939 8.4
      vertex -3.23358 1.33939 0
    endloop
  endfacet
  facet normal -0.935914 0.352229 0
    outer loop
      vertex -3.23358 1.33939 8.4
      vertex -3.31425 1.12504 0
      vertex -3.31425 1.12504 8.4
    endloop
  endfacet
  facet normal -0.910855 -0.412727 0
    outer loop
      vertex -3.13905 -1.54801 0
      vertex -3.23358 -1.33939 8.4
      vertex -3.23358 -1.33939 0
    endloop
  endfacet
  facet normal -0.910855 -0.412727 0
    outer loop
      vertex -3.23358 -1.33939 8.4
      vertex -3.13905 -1.54801 0
      vertex -3.13905 -1.54801 8.4
    endloop
  endfacet
  facet normal -0.290303 -0.956935 0
    outer loop
      vertex -1.12504 -3.31425 0
      vertex -0.905867 -3.38074 8.4
      vertex -1.12504 -3.31425 8.4
    endloop
  endfacet
  facet normal -0.290303 -0.956935 -0
    outer loop
      vertex -0.905867 -3.38074 8.4
      vertex -1.12504 -3.31425 0
      vertex -0.905867 -3.38074 0
    endloop
  endfacet
  facet normal -0.412727 -0.910855 0
    outer loop
      vertex -1.54801 -3.13905 0
      vertex -1.33939 -3.23358 8.4
      vertex -1.54801 -3.13905 8.4
    endloop
  endfacet
  facet normal -0.412727 -0.910855 -0
    outer loop
      vertex -1.33939 -3.23358 8.4
      vertex -1.54801 -3.13905 0
      vertex -1.33939 -3.23358 0
    endloop
  endfacet
  facet normal -0.881951 -0.471341 0
    outer loop
      vertex -3.07603 -1.66593 0
      vertex -3.13905 -1.54801 8.4
      vertex -3.13905 -1.54801 0
    endloop
  endfacet
  facet normal -0.881951 -0.471341 0
    outer loop
      vertex -3.13905 -1.54801 8.4
      vertex -3.07603 -1.66593 0
      vertex -3.07603 -1.66593 8.4
    endloop
  endfacet
  facet normal 0 0 -1
    outer loop
      vertex -2.04999 -0.674988 4.04
      vertex -0.674988 0.674988 4.04
      vertex -0.674988 -0.674988 4.04
    endloop
  endfacet
  facet normal -0 0 -1
    outer loop
      vertex -0.674988 0.674988 4.04
      vertex -2.04999 -0.674988 4.04
      vertex -2.04999 0.674988 4.04
    endloop
  endfacet
  facet normal 0 0 -1
    outer loop
      vertex -0.674988 -0.674988 4.04
      vertex 0.674988 -0.674988 4.04
      vertex 0.674988 -2.04999 4.04
    endloop
  endfacet
  facet normal 0 0 -1
    outer loop
      vertex 0.674988 -0.674988 4.04
      vertex -0.674988 -0.674988 4.04
      vertex 0.674988 0.674988 4.04
    endloop
  endfacet
  facet normal 0 0 -1
    outer loop
      vertex -0.674988 -0.674988 4.04
      vertex 0.674988 -2.04999 4.04
      vertex -0.674988 -2.04999 4.04
    endloop
  endfacet
  facet normal 0 0 -1
    outer loop
      vertex -0.674988 0.674988 4.04
      vertex 0.674988 0.674988 4.04
      vertex -0.674988 -0.674988 4.04
    endloop
  endfacet
  facet normal 0 0 -1
    outer loop
      vertex 0.674988 0.674988 4.04
      vertex -0.674988 0.674988 4.04
      vertex 0.674988 2.04999 4.04
    endloop
  endfacet
  facet normal -0 0 -1
    outer loop
      vertex 0.674988 2.04999 4.04
      vertex -0.674988 0.674988 4.04
      vertex -0.674988 2.04999 4.04
    endloop
  endfacet
  facet normal 0 0 -1
    outer loop
      vertex 0.674988 -0.674988 4.04
      vertex 2.04999 0.674988 4.04
      vertex 2.04999 -0.674988 4.04
    endloop
  endfacet
  facet normal -0 0 -1
    outer loop
      vertex 2.04999 0.674988 4.04
      vertex 0.674988 -0.674988 4.04
      vertex 0.674988 0.674988 4.04
    endloop
  endfacet
  facet normal 0 1 -0
    outer loop
      vertex 2.04999 -0.674988 0
      vertex 0.674988 -0.674988 4.04
      vertex 2.04999 -0.674988 4.04
    endloop
  endfacet
  facet normal 0 1 0
    outer loop
      vertex 0.674988 -0.674988 4.04
      vertex 2.04999 -0.674988 0
      vertex 0.674988 -0.674988 0
    endloop
  endfacet
  facet normal -1 0 0
    outer loop
      vertex 2.04999 -0.674988 0
      vertex 2.04999 0.674988 4.04
      vertex 2.04999 0.674988 0
    endloop
  endfacet
  facet normal -1 -0 0
    outer loop
      vertex 2.04999 0.674988 4.04
      vertex 2.04999 -0.674988 0
      vertex 2.04999 -0.674988 4.04
    endloop
  endfacet
  facet normal 0 -1 0
    outer loop
      vertex 0.674988 0.674988 0
      vertex 2.04999 0.674988 4.04
      vertex 0.674988 0.674988 4.04
    endloop
  endfacet
  facet normal 0 -1 -0
    outer loop
      vertex 2.04999 0.674988 4.04
      vertex 0.674988 0.674988 0
      vertex 2.04999 0.674988 0
    endloop
  endfacet
  facet normal -1 0 0
    outer loop
      vertex 0.674988 0.674988 0
      vertex 0.674988 2.04999 4.04
      vertex 0.674988 2.04999 0
    endloop
  endfacet
  facet normal -1 -0 0
    outer loop
      vertex 0.674988 2.04999 4.04
      vertex 0.674988 0.674988 0
      vertex 0.674988 0.674988 4.04
    endloop
  endfacet
  facet normal 0 -1 0
    outer loop
      vertex -0.674988 2.04999 0
      vertex 0.674988 2.04999 4.04
      vertex -0.674988 2.04999 4.04
    endloop
  endfacet
  facet normal 0 -1 -0
    outer loop
      vertex 0.674988 2.04999 4.04
      vertex -0.674988 2.04999 0
      vertex 0.674988 2.04999 0
    endloop
  endfacet
  facet normal 1 -0 0
    outer loop
      vertex -0.674988 0.674988 4.04
      vertex -0.674988 2.04999 0
      vertex -0.674988 2.04999 4.04
    endloop
  endfacet
  facet normal 1 0 0
    outer loop
      vertex -0.674988 2.04999 0
      vertex -0.674988 0.674988 4.04
      vertex -0.674988 0.674988 0
    endloop
  endfacet
  facet normal 0 -1 0
    outer loop
      vertex -2.04999 0.674988 0
      vertex -0.674988 0.674988 4.04
      vertex -2.04999 0.674988 4.04
    endloop
  endfacet
  facet normal 0 -1 -0
    outer loop
      vertex -0.674988 0.674988 4.04
      vertex -2.04999 0.674988 0
      vertex -0.674988 0.674988 0
    endloop
  endfacet
  facet normal 1 -0 0
    outer loop
      vertex -2.04999 -0.674988 4.04
      vertex -2.04999 0.674988 0
      vertex -2.04999 0.674988 4.04
    endloop
  endfacet
  facet normal 1 0 0
    outer loop
      vertex -2.04999 0.674988 0
      vertex -2.04999 -0.674988 4.04
      vertex -2.04999 -0.674988 0
    endloop
  endfacet
  facet normal 0 1 -0
    outer loop
      vertex -0.674988 -0.674988 0
      vertex -2.04999 -0.674988 4.04
      vertex -0.674988 -0.674988 4.04
    endloop
  endfacet
  facet normal 0 1 0
    outer loop
      vertex -2.04999 -0.674988 4.04
      vertex -0.674988 -0.674988 0
      vertex -2.04999 -0.674988 0
    endloop
  endfacet
  facet normal 1 -0 0
    outer loop
      vertex -0.674988 -2.04999 4.04
      vertex -0.674988 -0.674988 0
      vertex -0.674988 -0.674988 4.04
    endloop
  endfacet
  facet normal 1 0 0
    outer loop
      vertex -0.674988 -0.674988 0
      vertex -0.674988 -2.04999 4.04
      vertex -0.674988 -2.04999 0
    endloop
  endfacet
  facet normal 0 1 -0
    outer loop
      vertex 0.674988 -2.04999 0
      vertex -0.674988 -2.04999 4.04
      vertex 0.674988 -2.04999 4.04
    endloop
  endfacet
  facet normal 0 1 0
    outer loop
      vertex -0.674988 -2.04999 4.04
      vertex 0.674988 -2.04999 0
      vertex -0.674988 -2.04999 0
    endloop
  endfacet
  facet normal -1 0 0
    outer loop
      vertex 0.674988 -2.04999 0
      vertex 0.674988 -0.674988 4.04
      vertex 0.674988 -0.674988 0
    endloop
  endfacet
  facet normal -1 -0 0
    outer loop
      vertex 0.674988 -0.674988 4.04
      vertex 0.674988 -2.04999 0
      vertex 0.674988 -2.04999 4.04
    endloop
  endfacet
  facet normal -0.667359 0.744736 0
    outer loop
      vertex 7.0564 7.90644 0
      vertex 1.66593 3.07603 8.4
      vertex 7.0564 7.90644 8.4
    endloop
  endfacet
  facet normal -0.667359 0.744736 0
    outer loop
      vertex 1.66593 3.07603 8.4
      vertex 7.0564 7.90644 0
      vertex 1.66593 3.07603 0
    endloop
  endfacet
  facet normal 0.707107 0.707107 0
    outer loop
      vertex 7.49553 7.49512 8.4
      vertex 7.49512 7.49553 0
      vertex 7.49512 7.49553 8.4
    endloop
  endfacet
  facet normal 0.707107 0.707107 0
    outer loop
      vertex 7.49512 7.49553 0
      vertex 7.49553 7.49512 8.4
      vertex 7.49553 7.49512 0
    endloop
  endfacet
  facet normal 0.744736 -0.667359 0
    outer loop
      vertex 3.07603 1.66593 8.4
      vertex 7.90644 7.0564 0
      vertex 7.90644 7.0564 8.4
    endloop
  endfacet
  facet normal 0.744736 -0.667359 0
    outer loop
      vertex 7.90644 7.0564 0
      vertex 3.07603 1.66593 8.4
      vertex 3.07603 1.66593 0
    endloop
  endfacet
  facet normal 0.667359 0.744736 -0
    outer loop
      vertex -1.66593 3.07603 0
      vertex -7.0564 7.90644 8.4
      vertex -1.66593 3.07603 8.4
    endloop
  endfacet
  facet normal 0.667359 0.744736 0
    outer loop
      vertex -7.0564 7.90644 8.4
      vertex -1.66593 3.07603 0
      vertex -7.0564 7.90644 0
    endloop
  endfacet
  facet normal -0.744736 -0.667359 0
    outer loop
      vertex -3.07603 1.66593 0
      vertex -7.90644 7.0564 8.4
      vertex -7.90644 7.0564 0
    endloop
  endfacet
  facet normal -0.744736 -0.667359 0
    outer loop
      vertex -7.90644 7.0564 8.4
      vertex -3.07603 1.66593 0
      vertex -3.07603 1.66593 8.4
    endloop
  endfacet
  facet normal -0.707107 0.707107 0
    outer loop
      vertex -7.49553 7.49512 0
      vertex -7.49512 7.49553 8.4
      vertex -7.49512 7.49553 0
    endloop
  endfacet
  facet normal -0.707107 0.707107 0
    outer loop
      vertex -7.49512 7.49553 8.4
      vertex -7.49553 7.49512 0
      vertex -7.49553 7.49512 8.4
    endloop
  endfacet
  facet normal -0.744736 0.667359 0
    outer loop
      vertex -7.90644 -7.0564 0
      vertex -3.07603 -1.66593 8.4
      vertex -3.07603 -1.66593 0
    endloop
  endfacet
  facet normal -0.744736 0.667359 0
    outer loop
      vertex -3.07603 -1.66593 8.4
      vertex -7.90644 -7.0564 0
      vertex -7.90644 -7.0564 8.4
    endloop
  endfacet
  facet normal 0.667359 -0.744736 0
    outer loop
      vertex -7.0564 -7.90644 0
      vertex -1.66593 -3.07603 8.4
      vertex -7.0564 -7.90644 8.4
    endloop
  endfacet
  facet normal 0.667359 -0.744736 0
    outer loop
      vertex -1.66593 -3.07603 8.4
      vertex -7.0564 -7.90644 0
      vertex -1.66593 -3.07603 0
    endloop
  endfacet
  facet normal -0.707107 -0.707107 0
    outer loop
      vertex -7.49512 -7.49553 0
      vertex -7.49553 -7.49512 8.4
      vertex -7.49553 -7.49512 0
    endloop
  endfacet
  facet normal -0.707107 -0.707107 0
    outer loop
      vertex -7.49553 -7.49512 8.4
      vertex -7.49512 -7.49553 0
      vertex -7.49512 -7.49553 8.4
    endloop
  endfacet
  facet normal 0.744736 0.667359 0
    outer loop
      vertex 7.90644 -7.0564 8.4
      vertex 3.07603 -1.66593 0
      vertex 3.07603 -1.66593 8.4
    endloop
  endfacet
  facet normal 0.744736 0.667359 0
    outer loop
      vertex 3.07603 -1.66593 0
      vertex 7.90644 -7.0564 8.4
      vertex 7.90644 -7.0564 0
    endloop
  endfacet
  facet normal 0.707107 -0.707107 0
    outer loop
      vertex 7.49512 -7.49553 8.4
      vertex 7.49553 -7.49512 0
      vertex 7.49553 -7.49512 8.4
    endloop
  endfacet
  facet normal 0.707107 -0.707107 0
    outer loop
      vertex 7.49553 -7.49512 0
      vertex 7.49512 -7.49553 8.4
      vertex 7.49512 -7.49553 0
    endloop
  endfacet
  facet normal -0.667359 -0.744736 0
    outer loop
      vertex 1.66593 -3.07603 0
      vertex 7.0564 -7.90644 8.4
      vertex 1.66593 -3.07603 8.4
    endloop
  endfacet
  facet normal -0.667359 -0.744736 -0
    outer loop
      vertex 7.0564 -7.90644 8.4
      vertex 1.66593 -3.07603 0
      vertex 7.0564 -7.90644 0
    endloop
  endfacet
endsolid OpenSCAD_Model
