solid OpenSCAD_Model
  facet normal 0.427618 0.90396 -0
    outer loop
      vertex -11.2055 -2.91022 1
      vertex -11.4849 -2.77805 4.2
      vertex -11.2055 -2.91022 4.2
    endloop
  endfacet
  facet normal 0.427618 0.90396 0
    outer loop
      vertex -11.4849 -2.77805 4.2
      vertex -11.2055 -2.91022 1
      vertex -11.4849 -2.77805 1
    endloop
  endfacet
  facet normal -0.989176 -0.146736 0
    outer loop
      vertex -6.86517 0.308754 1
      vertex -6.91053 0.614534 4.2
      vertex -6.91053 0.614534 1
    endloop
  endfacet
  facet normal -0.989176 -0.146736 0
    outer loop
      vertex -6.91053 0.614534 4.2
      vertex -6.86517 0.308754 1
      vertex -6.86517 0.308754 4.2
    endloop
  endfacet
  facet normal -0.998795 -0.0490738 0
    outer loop
      vertex -6.85 0 1
      vertex -6.86517 0.308754 4.2
      vertex -6.86517 0.308754 1
    endloop
  endfacet
  facet normal -0.998795 -0.0490738 0
    outer loop
      vertex -6.86517 0.308754 4.2
      vertex -6.85 0 1
      vertex -6.85 0 4.2
    endloop
  endfacet
  facet normal -0.970032 -0.242976 0
    outer loop
      vertex -6.91053 0.614534 1
      vertex -6.98564 0.914396 4.2
      vertex -6.98564 0.914396 1
    endloop
  endfacet
  facet normal -0.970032 -0.242976 0
    outer loop
      vertex -6.98564 0.914396 4.2
      vertex -6.91053 0.614534 1
      vertex -6.91053 0.614534 4.2
    endloop
  endfacet
  facet normal -0.427555 0.903989 0
    outer loop
      vertex -8.5151 -2.77805 1
      vertex -8.79455 -2.91022 4.2
      vertex -8.5151 -2.77805 4.2
    endloop
  endfacet
  facet normal -0.427555 0.903989 0
    outer loop
      vertex -8.79455 -2.91022 4.2
      vertex -8.5151 -2.77805 1
      vertex -8.79455 -2.91022 1
    endloop
  endfacet
  facet normal 0.671463 -0.741038 0
    outer loop
      vertex -12.2274 2.22739 1
      vertex -11.9983 2.43498 4.2
      vertex -12.2274 2.22739 4.2
    endloop
  endfacet
  facet normal 0.671463 -0.741038 0
    outer loop
      vertex -11.9983 2.43498 4.2
      vertex -12.2274 2.22739 1
      vertex -11.9983 2.43498 1
    endloop
  endfacet
  facet normal 0.97004 0.242945 0
    outer loop
      vertex -13.0144 -0.914396 4.2
      vertex -13.0895 -0.614534 1
      vertex -13.0895 -0.614534 4.2
    endloop
  endfacet
  facet normal 0.97004 0.242945 0
    outer loop
      vertex -13.0895 -0.614534 1
      vertex -13.0144 -0.914396 4.2
      vertex -13.0144 -0.914396 1
    endloop
  endfacet
  facet normal -0.427555 -0.903989 0
    outer loop
      vertex -8.79455 2.91022 1
      vertex -8.5151 2.77805 4.2
      vertex -8.79455 2.91022 4.2
    endloop
  endfacet
  facet normal -0.427555 -0.903989 -0
    outer loop
      vertex -8.5151 2.77805 4.2
      vertex -8.79455 2.91022 1
      vertex -8.5151 2.77805 1
    endloop
  endfacet
  facet normal 0.989204 -0.146546 0
    outer loop
      vertex -13.1348 0.308754 4.2
      vertex -13.0895 0.614534 1
      vertex -13.0895 0.614534 4.2
    endloop
  endfacet
  facet normal 0.989204 -0.146546 0
    outer loop
      vertex -13.0895 0.614534 1
      vertex -13.1348 0.308754 4.2
      vertex -13.1348 0.308754 1
    endloop
  endfacet
  facet normal 0.146774 0.98917 -0
    outer loop
      vertex -10.3088 -3.13483 1
      vertex -10.6145 -3.08947 4.2
      vertex -10.3088 -3.13483 4.2
    endloop
  endfacet
  facet normal 0.146774 0.98917 0
    outer loop
      vertex -10.6145 -3.08947 4.2
      vertex -10.3088 -3.13483 1
      vertex -10.6145 -3.08947 1
    endloop
  endfacet
  facet normal -0.242977 -0.970032 0
    outer loop
      vertex -9.38546 3.08947 1
      vertex -9.0856 3.01436 4.2
      vertex -9.38546 3.08947 4.2
    endloop
  endfacet
  facet normal -0.242977 -0.970032 -0
    outer loop
      vertex -9.0856 3.01436 4.2
      vertex -9.38546 3.08947 1
      vertex -9.0856 3.01436 1
    endloop
  endfacet
  facet normal 0.740949 -0.671561 0
    outer loop
      vertex -12.435 1.99834 4.2
      vertex -12.2274 2.22739 1
      vertex -12.2274 2.22739 4.2
    endloop
  endfacet
  facet normal 0.740949 -0.671561 0
    outer loop
      vertex -12.2274 2.22739 1
      vertex -12.435 1.99834 4.2
      vertex -12.435 1.99834 1
    endloop
  endfacet
  facet normal -0.514091 0.857735 0
    outer loop
      vertex -8.24995 -2.61913 1
      vertex -8.5151 -2.77805 4.2
      vertex -8.24995 -2.61913 4.2
    endloop
  endfacet
  facet normal -0.514091 0.857735 0
    outer loop
      vertex -8.5151 -2.77805 4.2
      vertex -8.24995 -2.61913 1
      vertex -8.5151 -2.77805 1
    endloop
  endfacet
  facet normal 0.242947 0.97004 -0
    outer loop
      vertex -10.6145 -3.08947 1
      vertex -10.9144 -3.01436 4.2
      vertex -10.6145 -3.08947 4.2
    endloop
  endfacet
  facet normal 0.242947 0.97004 0
    outer loop
      vertex -10.9144 -3.01436 4.2
      vertex -10.6145 -3.08947 1
      vertex -10.9144 -3.01436 1
    endloop
  endfacet
  facet normal 0.33684 -0.941562 0
    outer loop
      vertex -11.2055 2.91022 1
      vertex -10.9144 3.01436 4.2
      vertex -11.2055 2.91022 4.2
    endloop
  endfacet
  facet normal 0.33684 -0.941562 0
    outer loop
      vertex -10.9144 3.01436 4.2
      vertex -11.2055 2.91022 1
      vertex -10.9144 3.01436 1
    endloop
  endfacet
  facet normal -0.0490744 0.998795 0
    outer loop
      vertex -9.69125 -3.13483 1
      vertex -10 -3.15 4.2
      vertex -9.69125 -3.13483 4.2
    endloop
  endfacet
  facet normal -0.0490744 0.998795 0
    outer loop
      vertex -10 -3.15 4.2
      vertex -9.69125 -3.13483 1
      vertex -10 -3.15 1
    endloop
  endfacet
  facet normal -0.146732 0.989176 0
    outer loop
      vertex -9.38546 -3.08947 1
      vertex -9.69125 -3.13483 4.2
      vertex -9.38546 -3.08947 4.2
    endloop
  endfacet
  facet normal -0.146732 0.989176 0
    outer loop
      vertex -9.69125 -3.13483 4.2
      vertex -9.38546 -3.08947 1
      vertex -9.69125 -3.13483 1
    endloop
  endfacet
  facet normal 0.0490665 -0.998796 0
    outer loop
      vertex -10.3088 3.13483 1
      vertex -10 3.15 4.2
      vertex -10.3088 3.13483 4.2
    endloop
  endfacet
  facet normal 0.0490665 -0.998796 0
    outer loop
      vertex -10 3.15 4.2
      vertex -10.3088 3.13483 1
      vertex -10 3.15 1
    endloop
  endfacet
  facet normal 0.595695 0.80321 -0
    outer loop
      vertex -11.75 -2.61913 1
      vertex -11.9983 -2.43498 4.2
      vertex -11.75 -2.61913 4.2
    endloop
  endfacet
  facet normal 0.595695 0.80321 0
    outer loop
      vertex -11.9983 -2.43498 4.2
      vertex -11.75 -2.61913 1
      vertex -11.9983 -2.43498 1
    endloop
  endfacet
  facet normal 0.904077 0.42737 0
    outer loop
      vertex -12.7781 -1.4849 4.2
      vertex -12.9102 -1.20545 1
      vertex -12.9102 -1.20545 4.2
    endloop
  endfacet
  facet normal 0.904077 0.42737 0
    outer loop
      vertex -12.9102 -1.20545 1
      vertex -12.7781 -1.4849 4.2
      vertex -12.7781 -1.4849 1
    endloop
  endfacet
  facet normal 0.146774 -0.98917 0
    outer loop
      vertex -10.6145 3.08947 1
      vertex -10.3088 3.13483 4.2
      vertex -10.6145 3.08947 4.2
    endloop
  endfacet
  facet normal 0.146774 -0.98917 0
    outer loop
      vertex -10.3088 3.13483 4.2
      vertex -10.6145 3.08947 1
      vertex -10.3088 3.13483 1
    endloop
  endfacet
  facet normal -0.595711 0.803199 0
    outer loop
      vertex -8.00166 -2.43498 1
      vertex -8.24995 -2.61913 4.2
      vertex -8.00166 -2.43498 4.2
    endloop
  endfacet
  facet normal -0.595711 0.803199 0
    outer loop
      vertex -8.24995 -2.61913 4.2
      vertex -8.00166 -2.43498 1
      vertex -8.24995 -2.61913 1
    endloop
  endfacet
  facet normal -0.0490744 -0.998795 0
    outer loop
      vertex -10 3.15 1
      vertex -9.69125 3.13483 4.2
      vertex -10 3.15 4.2
    endloop
  endfacet
  facet normal -0.0490744 -0.998795 -0
    outer loop
      vertex -9.69125 3.13483 4.2
      vertex -10 3.15 1
      vertex -9.69125 3.13483 1
    endloop
  endfacet
  facet normal -0.514091 -0.857735 0
    outer loop
      vertex -8.5151 2.77805 1
      vertex -8.24995 2.61913 4.2
      vertex -8.5151 2.77805 4.2
    endloop
  endfacet
  facet normal -0.514091 -0.857735 -0
    outer loop
      vertex -8.24995 2.61913 4.2
      vertex -8.5151 2.77805 1
      vertex -8.24995 2.61913 1
    endloop
  endfacet
  facet normal 0.99879 0.0491706 0
    outer loop
      vertex -13.1348 -0.308754 4.2
      vertex -13.15 0 1
      vertex -13.15 0 4.2
    endloop
  endfacet
  facet normal 0.99879 0.0491706 0
    outer loop
      vertex -13.15 0 1
      vertex -13.1348 -0.308754 4.2
      vertex -13.1348 -0.308754 1
    endloop
  endfacet
  facet normal -0.970032 0.242976 0
    outer loop
      vertex -6.98564 -0.914396 1
      vertex -6.91053 -0.614534 4.2
      vertex -6.91053 -0.614534 1
    endloop
  endfacet
  facet normal -0.970032 0.242976 0
    outer loop
      vertex -6.91053 -0.614534 4.2
      vertex -6.98564 -0.914396 1
      vertex -6.98564 -0.914396 4.2
    endloop
  endfacet
  facet normal -0.740965 -0.671543 0
    outer loop
      vertex -7.56502 1.99834 1
      vertex -7.77261 2.22739 4.2
      vertex -7.77261 2.22739 1
    endloop
  endfacet
  facet normal -0.740965 -0.671543 0
    outer loop
      vertex -7.77261 2.22739 4.2
      vertex -7.56502 1.99834 1
      vertex -7.56502 1.99834 4.2
    endloop
  endfacet
  facet normal -0.595711 -0.803199 0
    outer loop
      vertex -8.24995 2.61913 1
      vertex -8.00166 2.43498 4.2
      vertex -8.24995 2.61913 4.2
    endloop
  endfacet
  facet normal -0.595711 -0.803199 -0
    outer loop
      vertex -8.00166 2.43498 4.2
      vertex -8.24995 2.61913 1
      vertex -8.00166 2.43498 1
    endloop
  endfacet
  facet normal 0.595695 -0.80321 0
    outer loop
      vertex -11.9983 2.43498 1
      vertex -11.75 2.61913 4.2
      vertex -11.9983 2.43498 4.2
    endloop
  endfacet
  facet normal 0.595695 -0.80321 0
    outer loop
      vertex -11.75 2.61913 4.2
      vertex -11.9983 2.43498 1
      vertex -11.75 2.61913 1
    endloop
  endfacet
  facet normal -0.803199 -0.595711 0
    outer loop
      vertex -7.38087 1.75005 1
      vertex -7.56502 1.99834 4.2
      vertex -7.56502 1.99834 1
    endloop
  endfacet
  facet normal -0.803199 -0.595711 0
    outer loop
      vertex -7.56502 1.99834 4.2
      vertex -7.38087 1.75005 1
      vertex -7.38087 1.75005 4.2
    endloop
  endfacet
  facet normal -0.989176 0.146736 0
    outer loop
      vertex -6.91053 -0.614534 1
      vertex -6.86517 -0.308754 4.2
      vertex -6.86517 -0.308754 1
    endloop
  endfacet
  facet normal -0.989176 0.146736 0
    outer loop
      vertex -6.86517 -0.308754 4.2
      vertex -6.91053 -0.614534 1
      vertex -6.91053 -0.614534 4.2
    endloop
  endfacet
  facet normal 0.941483 -0.33706 0
    outer loop
      vertex -13.0144 0.914396 4.2
      vertex -12.9102 1.20545 1
      vertex -12.9102 1.20545 4.2
    endloop
  endfacet
  facet normal 0.941483 -0.33706 0
    outer loop
      vertex -12.9102 1.20545 1
      vertex -13.0144 0.914396 4.2
      vertex -13.0144 0.914396 1
    endloop
  endfacet
  facet normal -0.903989 0.427555 0
    outer loop
      vertex -7.22195 -1.4849 1
      vertex -7.08978 -1.20545 4.2
      vertex -7.08978 -1.20545 1
    endloop
  endfacet
  facet normal -0.903989 0.427555 0
    outer loop
      vertex -7.08978 -1.20545 4.2
      vertex -7.22195 -1.4849 1
      vertex -7.22195 -1.4849 4.2
    endloop
  endfacet
  facet normal -0.336892 -0.941543 0
    outer loop
      vertex -9.0856 3.01436 1
      vertex -8.79455 2.91022 4.2
      vertex -9.0856 3.01436 4.2
    endloop
  endfacet
  facet normal -0.336892 -0.941543 -0
    outer loop
      vertex -8.79455 2.91022 4.2
      vertex -9.0856 3.01436 1
      vertex -8.79455 2.91022 1
    endloop
  endfacet
  facet normal -0.998795 0.0490738 0
    outer loop
      vertex -6.86517 -0.308754 1
      vertex -6.85 0 4.2
      vertex -6.85 0 1
    endloop
  endfacet
  facet normal -0.998795 0.0490738 0
    outer loop
      vertex -6.85 0 4.2
      vertex -6.86517 -0.308754 1
      vertex -6.86517 -0.308754 4.2
    endloop
  endfacet
  facet normal 0 0 1
    outer loop
      vertex -6.86517 0.308754 1
      vertex -6.86517 -0.308754 1
      vertex -6.85 0 1
    endloop
  endfacet
  facet normal 0 0 1
    outer loop
      vertex -6.91053 0.614534 1
      vertex -6.86517 -0.308754 1
      vertex -6.86517 0.308754 1
    endloop
  endfacet
  facet normal 0 0 1
    outer loop
      vertex -6.91053 0.614534 1
      vertex -6.91053 -0.614534 1
      vertex -6.86517 -0.308754 1
    endloop
  endfacet
  facet normal 0 0 1
    outer loop
      vertex -6.98564 0.914396 1
      vertex -6.91053 -0.614534 1
      vertex -6.91053 0.614534 1
    endloop
  endfacet
  facet normal 0 0 1
    outer loop
      vertex -6.98564 0.914396 1
      vertex -6.98564 -0.914396 1
      vertex -6.91053 -0.614534 1
    endloop
  endfacet
  facet normal 0 0 1
    outer loop
      vertex -7.08978 1.20545 1
      vertex -6.98564 -0.914396 1
      vertex -6.98564 0.914396 1
    endloop
  endfacet
  facet normal 0 0 1
    outer loop
      vertex -7.08978 1.20545 1
      vertex -7.08978 -1.20545 1
      vertex -6.98564 -0.914396 1
    endloop
  endfacet
  facet normal 0 0 1
    outer loop
      vertex -7.22195 1.4849 1
      vertex -7.08978 -1.20545 1
      vertex -7.08978 1.20545 1
    endloop
  endfacet
  facet normal 0 0 1
    outer loop
      vertex -7.22195 1.4849 1
      vertex -7.22195 -1.4849 1
      vertex -7.08978 -1.20545 1
    endloop
  endfacet
  facet normal 0 0 1
    outer loop
      vertex -7.38087 1.75005 1
      vertex -7.22195 -1.4849 1
      vertex -7.22195 1.4849 1
    endloop
  endfacet
  facet normal 0 0 1
    outer loop
      vertex -7.38087 1.75005 1
      vertex -7.38087 -1.75005 1
      vertex -7.22195 -1.4849 1
    endloop
  endfacet
  facet normal 0 0 1
    outer loop
      vertex -7.56502 1.99834 1
      vertex -7.38087 -1.75005 1
      vertex -7.38087 1.75005 1
    endloop
  endfacet
  facet normal 0 0 1
    outer loop
      vertex -7.56502 1.99834 1
      vertex -7.56502 -1.99834 1
      vertex -7.38087 -1.75005 1
    endloop
  endfacet
  facet normal 0 0 1
    outer loop
      vertex -7.77261 2.22739 1
      vertex -7.56502 -1.99834 1
      vertex -7.56502 1.99834 1
    endloop
  endfacet
  facet normal 0 0 1
    outer loop
      vertex -7.77261 2.22739 1
      vertex -7.77261 -2.22739 1
      vertex -7.56502 -1.99834 1
    endloop
  endfacet
  facet normal 0 0 1
    outer loop
      vertex -8.00166 2.43498 1
      vertex -7.77261 -2.22739 1
      vertex -7.77261 2.22739 1
    endloop
  endfacet
  facet normal 0 0 1
    outer loop
      vertex -8.00166 2.43498 1
      vertex -8.00166 -2.43498 1
      vertex -7.77261 -2.22739 1
    endloop
  endfacet
  facet normal 0 0 1
    outer loop
      vertex -8.24995 2.61913 1
      vertex -8.00166 -2.43498 1
      vertex -8.00166 2.43498 1
    endloop
  endfacet
  facet normal 0 0 1
    outer loop
      vertex -8.24995 2.61913 1
      vertex -8.24995 -2.61913 1
      vertex -8.00166 -2.43498 1
    endloop
  endfacet
  facet normal 0 0 1
    outer loop
      vertex -8.5151 2.77805 1
      vertex -8.24995 -2.61913 1
      vertex -8.24995 2.61913 1
    endloop
  endfacet
  facet normal 0 0 1
    outer loop
      vertex -8.5151 2.77805 1
      vertex -8.5151 -2.77805 1
      vertex -8.24995 -2.61913 1
    endloop
  endfacet
  facet normal 0 0 1
    outer loop
      vertex -8.79455 2.91022 1
      vertex -8.5151 -2.77805 1
      vertex -8.5151 2.77805 1
    endloop
  endfacet
  facet normal 0 0 1
    outer loop
      vertex -8.79455 2.91022 1
      vertex -8.79455 -2.91022 1
      vertex -8.5151 -2.77805 1
    endloop
  endfacet
  facet normal 0 0 1
    outer loop
      vertex -9.0856 3.01436 1
      vertex -8.79455 -2.91022 1
      vertex -8.79455 2.91022 1
    endloop
  endfacet
  facet normal 0 0 1
    outer loop
      vertex -9.0856 3.01436 1
      vertex -9.0856 -3.01436 1
      vertex -8.79455 -2.91022 1
    endloop
  endfacet
  facet normal 0 0 1
    outer loop
      vertex -9.38546 3.08947 1
      vertex -9.0856 -3.01436 1
      vertex -9.0856 3.01436 1
    endloop
  endfacet
  facet normal 0 0 1
    outer loop
      vertex -9.38546 3.08947 1
      vertex -9.38546 -3.08947 1
      vertex -9.0856 -3.01436 1
    endloop
  endfacet
  facet normal 0 0 1
    outer loop
      vertex -9.69125 3.13483 1
      vertex -9.38546 -3.08947 1
      vertex -9.38546 3.08947 1
    endloop
  endfacet
  facet normal 0 0 1
    outer loop
      vertex -9.69125 3.13483 1
      vertex -9.69125 -3.13483 1
      vertex -9.38546 -3.08947 1
    endloop
  endfacet
  facet normal 0 0 1
    outer loop
      vertex -10 3.15 1
      vertex -9.69125 -3.13483 1
      vertex -9.69125 3.13483 1
    endloop
  endfacet
  facet normal 0 0 1
    outer loop
      vertex -10 3.15 1
      vertex -10 -3.15 1
      vertex -9.69125 -3.13483 1
    endloop
  endfacet
  facet normal -0 0 1
    outer loop
      vertex -10.3088 3.13483 1
      vertex -10 -3.15 1
      vertex -10 3.15 1
    endloop
  endfacet
  facet normal 0 0 1
    outer loop
      vertex -10.3088 3.13483 1
      vertex -10.3088 -3.13483 1
      vertex -10 -3.15 1
    endloop
  endfacet
  facet normal -0 0 1
    outer loop
      vertex -10.6145 3.08947 1
      vertex -10.3088 -3.13483 1
      vertex -10.3088 3.13483 1
    endloop
  endfacet
  facet normal 0 0 1
    outer loop
      vertex -10.6145 3.08947 1
      vertex -10.6145 -3.08947 1
      vertex -10.3088 -3.13483 1
    endloop
  endfacet
  facet normal -0 0 1
    outer loop
      vertex -10.9144 3.01436 1
      vertex -10.6145 -3.08947 1
      vertex -10.6145 3.08947 1
    endloop
  endfacet
  facet normal 0 0 1
    outer loop
      vertex -10.9144 3.01436 1
      vertex -10.9144 -3.01436 1
      vertex -10.6145 -3.08947 1
    endloop
  endfacet
  facet normal -0 0 1
    outer loop
      vertex -11.2055 2.91022 1
      vertex -10.9144 -3.01436 1
      vertex -10.9144 3.01436 1
    endloop
  endfacet
  facet normal 0 0 1
    outer loop
      vertex -11.2055 2.91022 1
      vertex -11.2055 -2.91022 1
      vertex -10.9144 -3.01436 1
    endloop
  endfacet
  facet normal -0 0 1
    outer loop
      vertex -11.4849 2.77805 1
      vertex -11.2055 -2.91022 1
      vertex -11.2055 2.91022 1
    endloop
  endfacet
  facet normal 0 0 1
    outer loop
      vertex -11.4849 2.77805 1
      vertex -11.4849 -2.77805 1
      vertex -11.2055 -2.91022 1
    endloop
  endfacet
  facet normal -0 0 1
    outer loop
      vertex -11.75 2.61913 1
      vertex -11.4849 -2.77805 1
      vertex -11.4849 2.77805 1
    endloop
  endfacet
  facet normal 0 0 1
    outer loop
      vertex -11.75 2.61913 1
      vertex -11.75 -2.61913 1
      vertex -11.4849 -2.77805 1
    endloop
  endfacet
  facet normal -0 0 1
    outer loop
      vertex -11.9983 2.43498 1
      vertex -11.75 -2.61913 1
      vertex -11.75 2.61913 1
    endloop
  endfacet
  facet normal 0 0 1
    outer loop
      vertex -11.9983 2.43498 1
      vertex -11.9983 -2.43498 1
      vertex -11.75 -2.61913 1
    endloop
  endfacet
  facet normal -0 0 1
    outer loop
      vertex -12.2274 2.22739 1
      vertex -11.9983 -2.43498 1
      vertex -11.9983 2.43498 1
    endloop
  endfacet
  facet normal 0 0 1
    outer loop
      vertex -12.2274 2.22739 1
      vertex -12.2274 -2.22739 1
      vertex -11.9983 -2.43498 1
    endloop
  endfacet
  facet normal -0 0 1
    outer loop
      vertex -12.435 1.99834 1
      vertex -12.2274 -2.22739 1
      vertex -12.2274 2.22739 1
    endloop
  endfacet
  facet normal 0 0 1
    outer loop
      vertex -12.435 1.99834 1
      vertex -12.435 -1.99834 1
      vertex -12.2274 -2.22739 1
    endloop
  endfacet
  facet normal -0 0 1
    outer loop
      vertex -12.6191 1.75005 1
      vertex -12.435 -1.99834 1
      vertex -12.435 1.99834 1
    endloop
  endfacet
  facet normal 0 0 1
    outer loop
      vertex -12.6191 1.75005 1
      vertex -12.6191 -1.75005 1
      vertex -12.435 -1.99834 1
    endloop
  endfacet
  facet normal -0 0 1
    outer loop
      vertex -12.7781 1.4849 1
      vertex -12.6191 -1.75005 1
      vertex -12.6191 1.75005 1
    endloop
  endfacet
  facet normal 0 0 1
    outer loop
      vertex -12.7781 1.4849 1
      vertex -12.7781 -1.4849 1
      vertex -12.6191 -1.75005 1
    endloop
  endfacet
  facet normal -0 0 1
    outer loop
      vertex -12.9102 1.20545 1
      vertex -12.7781 -1.4849 1
      vertex -12.7781 1.4849 1
    endloop
  endfacet
  facet normal 0 0 1
    outer loop
      vertex -12.9102 1.20545 1
      vertex -12.9102 -1.20545 1
      vertex -12.7781 -1.4849 1
    endloop
  endfacet
  facet normal -0 0 1
    outer loop
      vertex -13.0144 0.914396 1
      vertex -12.9102 -1.20545 1
      vertex -12.9102 1.20545 1
    endloop
  endfacet
  facet normal 0 0 1
    outer loop
      vertex -13.0144 0.914396 1
      vertex -13.0144 -0.914396 1
      vertex -12.9102 -1.20545 1
    endloop
  endfacet
  facet normal -0 0 1
    outer loop
      vertex -13.0895 0.614534 1
      vertex -13.0144 -0.914396 1
      vertex -13.0144 0.914396 1
    endloop
  endfacet
  facet normal 0 0 1
    outer loop
      vertex -13.0895 0.614534 1
      vertex -13.0895 -0.614534 1
      vertex -13.0144 -0.914396 1
    endloop
  endfacet
  facet normal -0 0 1
    outer loop
      vertex -13.1348 0.308754 1
      vertex -13.0895 -0.614534 1
      vertex -13.0895 0.614534 1
    endloop
  endfacet
  facet normal 0 0 1
    outer loop
      vertex -13.1348 0.308754 1
      vertex -13.1348 -0.308754 1
      vertex -13.0895 -0.614534 1
    endloop
  endfacet
  facet normal 0 -0 1
    outer loop
      vertex -13.1348 -0.308754 1
      vertex -13.1348 0.308754 1
      vertex -13.15 0 1
    endloop
  endfacet
  facet normal -0.336892 0.941543 0
    outer loop
      vertex -8.79455 -2.91022 1
      vertex -9.0856 -3.01436 4.2
      vertex -8.79455 -2.91022 4.2
    endloop
  endfacet
  facet normal -0.336892 0.941543 0
    outer loop
      vertex -9.0856 -3.01436 4.2
      vertex -8.79455 -2.91022 1
      vertex -9.0856 -3.01436 1
    endloop
  endfacet
  facet normal -0.941545 -0.336888 0
    outer loop
      vertex -6.98564 0.914396 1
      vertex -7.08978 1.20545 4.2
      vertex -7.08978 1.20545 1
    endloop
  endfacet
  facet normal -0.941545 -0.336888 0
    outer loop
      vertex -7.08978 1.20545 4.2
      vertex -6.98564 0.914396 1
      vertex -6.98564 0.914396 4.2
    endloop
  endfacet
  facet normal -0.803199 0.595711 0
    outer loop
      vertex -7.56502 -1.99834 1
      vertex -7.38087 -1.75005 4.2
      vertex -7.38087 -1.75005 1
    endloop
  endfacet
  facet normal -0.803199 0.595711 0
    outer loop
      vertex -7.38087 -1.75005 4.2
      vertex -7.56502 -1.99834 1
      vertex -7.56502 -1.99834 4.2
    endloop
  endfacet
  facet normal -0.857735 0.514091 0
    outer loop
      vertex -7.38087 -1.75005 1
      vertex -7.22195 -1.4849 4.2
      vertex -7.22195 -1.4849 1
    endloop
  endfacet
  facet normal -0.857735 0.514091 0
    outer loop
      vertex -7.22195 -1.4849 4.2
      vertex -7.38087 -1.75005 1
      vertex -7.38087 -1.75005 4.2
    endloop
  endfacet
  facet normal -0.941545 0.336888 0
    outer loop
      vertex -7.08978 -1.20545 1
      vertex -6.98564 -0.914396 4.2
      vertex -6.98564 -0.914396 1
    endloop
  endfacet
  facet normal -0.941545 0.336888 0
    outer loop
      vertex -6.98564 -0.914396 4.2
      vertex -7.08978 -1.20545 1
      vertex -7.08978 -1.20545 4.2
    endloop
  endfacet
  facet normal 0.904077 -0.42737 0
    outer loop
      vertex -12.9102 1.20545 4.2
      vertex -12.7781 1.4849 1
      vertex -12.7781 1.4849 4.2
    endloop
  endfacet
  facet normal 0.904077 -0.42737 0
    outer loop
      vertex -12.7781 1.4849 1
      vertex -12.9102 1.20545 4.2
      vertex -12.9102 1.20545 1
    endloop
  endfacet
  facet normal 0.242947 -0.97004 0
    outer loop
      vertex -10.9144 3.01436 1
      vertex -10.6145 3.08947 4.2
      vertex -10.9144 3.01436 4.2
    endloop
  endfacet
  facet normal 0.242947 -0.97004 0
    outer loop
      vertex -10.6145 3.08947 4.2
      vertex -10.9144 3.01436 1
      vertex -10.6145 3.08947 1
    endloop
  endfacet
  facet normal -0.903989 -0.427555 0
    outer loop
      vertex -7.08978 1.20545 1
      vertex -7.22195 1.4849 4.2
      vertex -7.22195 1.4849 1
    endloop
  endfacet
  facet normal -0.903989 -0.427555 0
    outer loop
      vertex -7.22195 1.4849 4.2
      vertex -7.08978 1.20545 1
      vertex -7.08978 1.20545 4.2
    endloop
  endfacet
  facet normal -0.146732 -0.989176 0
    outer loop
      vertex -9.69125 3.13483 1
      vertex -9.38546 3.08947 4.2
      vertex -9.69125 3.13483 4.2
    endloop
  endfacet
  facet normal -0.146732 -0.989176 -0
    outer loop
      vertex -9.38546 3.08947 4.2
      vertex -9.69125 3.13483 1
      vertex -9.38546 3.08947 1
    endloop
  endfacet
  facet normal 0.857621 0.514282 0
    outer loop
      vertex -12.6191 -1.75005 4.2
      vertex -12.7781 -1.4849 1
      vertex -12.7781 -1.4849 4.2
    endloop
  endfacet
  facet normal 0.857621 0.514282 0
    outer loop
      vertex -12.7781 -1.4849 1
      vertex -12.6191 -1.75005 4.2
      vertex -12.6191 -1.75005 1
    endloop
  endfacet
  facet normal -0.857735 -0.514091 0
    outer loop
      vertex -7.22195 1.4849 1
      vertex -7.38087 1.75005 4.2
      vertex -7.38087 1.75005 1
    endloop
  endfacet
  facet normal -0.857735 -0.514091 0
    outer loop
      vertex -7.38087 1.75005 4.2
      vertex -7.22195 1.4849 1
      vertex -7.22195 1.4849 4.2
    endloop
  endfacet
  facet normal 0.740949 0.671561 0
    outer loop
      vertex -12.2274 -2.22739 4.2
      vertex -12.435 -1.99834 1
      vertex -12.435 -1.99834 4.2
    endloop
  endfacet
  facet normal 0.740949 0.671561 0
    outer loop
      vertex -12.435 -1.99834 1
      vertex -12.2274 -2.22739 4.2
      vertex -12.2274 -2.22739 1
    endloop
  endfacet
  facet normal -0.242977 0.970032 0
    outer loop
      vertex -9.0856 -3.01436 1
      vertex -9.38546 -3.08947 4.2
      vertex -9.0856 -3.01436 4.2
    endloop
  endfacet
  facet normal -0.242977 0.970032 0
    outer loop
      vertex -9.38546 -3.08947 4.2
      vertex -9.0856 -3.01436 1
      vertex -9.38546 -3.08947 1
    endloop
  endfacet
  facet normal 0.514163 -0.857693 0
    outer loop
      vertex -11.75 2.61913 1
      vertex -11.4849 2.77805 4.2
      vertex -11.75 2.61913 4.2
    endloop
  endfacet
  facet normal 0.514163 -0.857693 0
    outer loop
      vertex -11.4849 2.77805 4.2
      vertex -11.75 2.61913 1
      vertex -11.4849 2.77805 1
    endloop
  endfacet
  facet normal 0.427618 -0.90396 0
    outer loop
      vertex -11.4849 2.77805 1
      vertex -11.2055 2.91022 4.2
      vertex -11.4849 2.77805 4.2
    endloop
  endfacet
  facet normal 0.427618 -0.90396 0
    outer loop
      vertex -11.2055 2.91022 4.2
      vertex -11.4849 2.77805 1
      vertex -11.2055 2.91022 1
    endloop
  endfacet
  facet normal 0.941483 0.33706 0
    outer loop
      vertex -12.9102 -1.20545 4.2
      vertex -13.0144 -0.914396 1
      vertex -13.0144 -0.914396 4.2
    endloop
  endfacet
  facet normal 0.941483 0.33706 0
    outer loop
      vertex -13.0144 -0.914396 1
      vertex -12.9102 -1.20545 4.2
      vertex -12.9102 -1.20545 1
    endloop
  endfacet
  facet normal 0.514163 0.857693 -0
    outer loop
      vertex -11.4849 -2.77805 1
      vertex -11.75 -2.61913 4.2
      vertex -11.4849 -2.77805 4.2
    endloop
  endfacet
  facet normal 0.514163 0.857693 0
    outer loop
      vertex -11.75 -2.61913 4.2
      vertex -11.4849 -2.77805 1
      vertex -11.75 -2.61913 1
    endloop
  endfacet
  facet normal -0.671543 -0.740965 0
    outer loop
      vertex -8.00166 2.43498 1
      vertex -7.77261 2.22739 4.2
      vertex -8.00166 2.43498 4.2
    endloop
  endfacet
  facet normal -0.671543 -0.740965 -0
    outer loop
      vertex -7.77261 2.22739 4.2
      vertex -8.00166 2.43498 1
      vertex -7.77261 2.22739 1
    endloop
  endfacet
  facet normal 0.97004 -0.242945 0
    outer loop
      vertex -13.0895 0.614534 4.2
      vertex -13.0144 0.914396 1
      vertex -13.0144 0.914396 4.2
    endloop
  endfacet
  facet normal 0.97004 -0.242945 0
    outer loop
      vertex -13.0144 0.914396 1
      vertex -13.0895 0.614534 4.2
      vertex -13.0895 0.614534 1
    endloop
  endfacet
  facet normal 0.803276 0.595607 0
    outer loop
      vertex -12.435 -1.99834 4.2
      vertex -12.6191 -1.75005 1
      vertex -12.6191 -1.75005 4.2
    endloop
  endfacet
  facet normal 0.803276 0.595607 0
    outer loop
      vertex -12.6191 -1.75005 1
      vertex -12.435 -1.99834 4.2
      vertex -12.435 -1.99834 1
    endloop
  endfacet
  facet normal 0.989204 0.146546 0
    outer loop
      vertex -13.0895 -0.614534 4.2
      vertex -13.1348 -0.308754 1
      vertex -13.1348 -0.308754 4.2
    endloop
  endfacet
  facet normal 0.989204 0.146546 0
    outer loop
      vertex -13.1348 -0.308754 1
      vertex -13.0895 -0.614534 4.2
      vertex -13.0895 -0.614534 1
    endloop
  endfacet
  facet normal 0.671463 0.741038 -0
    outer loop
      vertex -11.9983 -2.43498 1
      vertex -12.2274 -2.22739 4.2
      vertex -11.9983 -2.43498 4.2
    endloop
  endfacet
  facet normal 0.671463 0.741038 0
    outer loop
      vertex -12.2274 -2.22739 4.2
      vertex -11.9983 -2.43498 1
      vertex -12.2274 -2.22739 1
    endloop
  endfacet
  facet normal 0.803276 -0.595607 0
    outer loop
      vertex -12.6191 1.75005 4.2
      vertex -12.435 1.99834 1
      vertex -12.435 1.99834 4.2
    endloop
  endfacet
  facet normal 0.803276 -0.595607 0
    outer loop
      vertex -12.435 1.99834 1
      vertex -12.6191 1.75005 4.2
      vertex -12.6191 1.75005 1
    endloop
  endfacet
  facet normal 0.857621 -0.514282 0
    outer loop
      vertex -12.7781 1.4849 4.2
      vertex -12.6191 1.75005 1
      vertex -12.6191 1.75005 4.2
    endloop
  endfacet
  facet normal 0.857621 -0.514282 0
    outer loop
      vertex -12.6191 1.75005 1
      vertex -12.7781 1.4849 4.2
      vertex -12.7781 1.4849 1
    endloop
  endfacet
  facet normal 0 0 -1
    outer loop
      vertex -6.86517 -0.308754 4.2
      vertex -6.86517 0.308754 4.2
      vertex -6.85 0 4.2
    endloop
  endfacet
  facet normal 0 0 -1
    outer loop
      vertex -6.91053 -0.614534 4.2
      vertex -6.86517 0.308754 4.2
      vertex -6.86517 -0.308754 4.2
    endloop
  endfacet
  facet normal 0 0 -1
    outer loop
      vertex -6.91053 -0.614534 4.2
      vertex -6.91053 0.614534 4.2
      vertex -6.86517 0.308754 4.2
    endloop
  endfacet
  facet normal 0 0 -1
    outer loop
      vertex -6.98564 -0.914396 4.2
      vertex -6.91053 0.614534 4.2
      vertex -6.91053 -0.614534 4.2
    endloop
  endfacet
  facet normal 0 0 -1
    outer loop
      vertex -6.98564 -0.914396 4.2
      vertex -6.98564 0.914396 4.2
      vertex -6.91053 0.614534 4.2
    endloop
  endfacet
  facet normal 0 0 -1
    outer loop
      vertex -7.08978 -1.20545 4.2
      vertex -6.98564 0.914396 4.2
      vertex -6.98564 -0.914396 4.2
    endloop
  endfacet
  facet normal 0 0 -1
    outer loop
      vertex -7.08978 -1.20545 4.2
      vertex -7.08978 1.20545 4.2
      vertex -6.98564 0.914396 4.2
    endloop
  endfacet
  facet normal 0 0 -1
    outer loop
      vertex -7.22195 -1.4849 4.2
      vertex -7.08978 1.20545 4.2
      vertex -7.08978 -1.20545 4.2
    endloop
  endfacet
  facet normal 0 0 -1
    outer loop
      vertex -7.22195 -1.4849 4.2
      vertex -7.22195 1.4849 4.2
      vertex -7.08978 1.20545 4.2
    endloop
  endfacet
  facet normal 0 0 -1
    outer loop
      vertex -7.38087 -1.75005 4.2
      vertex -7.22195 1.4849 4.2
      vertex -7.22195 -1.4849 4.2
    endloop
  endfacet
  facet normal 0 0 -1
    outer loop
      vertex -7.38087 -1.75005 4.2
      vertex -7.38087 1.75005 4.2
      vertex -7.22195 1.4849 4.2
    endloop
  endfacet
  facet normal 0 0 -1
    outer loop
      vertex -7.56502 -1.99834 4.2
      vertex -7.38087 1.75005 4.2
      vertex -7.38087 -1.75005 4.2
    endloop
  endfacet
  facet normal 0 0 -1
    outer loop
      vertex -7.56502 -1.99834 4.2
      vertex -7.56502 1.99834 4.2
      vertex -7.38087 1.75005 4.2
    endloop
  endfacet
  facet normal 0 0 -1
    outer loop
      vertex -7.77261 -2.22739 4.2
      vertex -7.56502 1.99834 4.2
      vertex -7.56502 -1.99834 4.2
    endloop
  endfacet
  facet normal 0 0 -1
    outer loop
      vertex -7.77261 -2.22739 4.2
      vertex -7.77261 2.22739 4.2
      vertex -7.56502 1.99834 4.2
    endloop
  endfacet
  facet normal 0 0 -1
    outer loop
      vertex -8.00166 -2.43498 4.2
      vertex -7.77261 2.22739 4.2
      vertex -7.77261 -2.22739 4.2
    endloop
  endfacet
  facet normal 0 0 -1
    outer loop
      vertex -8.00166 -2.43498 4.2
      vertex -8.00166 2.43498 4.2
      vertex -7.77261 2.22739 4.2
    endloop
  endfacet
  facet normal 0 0 -1
    outer loop
      vertex -8.24995 -2.61913 4.2
      vertex -8.00166 2.43498 4.2
      vertex -8.00166 -2.43498 4.2
    endloop
  endfacet
  facet normal 0 0 -1
    outer loop
      vertex -8.24995 -2.61913 4.2
      vertex -8.24995 2.61913 4.2
      vertex -8.00166 2.43498 4.2
    endloop
  endfacet
  facet normal 0 0 -1
    outer loop
      vertex -8.5151 -2.77805 4.2
      vertex -8.24995 2.61913 4.2
      vertex -8.24995 -2.61913 4.2
    endloop
  endfacet
  facet normal 0 0 -1
    outer loop
      vertex -8.5151 -2.77805 4.2
      vertex -8.5151 2.77805 4.2
      vertex -8.24995 2.61913 4.2
    endloop
  endfacet
  facet normal 0 0 -1
    outer loop
      vertex -8.79455 -2.91022 4.2
      vertex -8.5151 2.77805 4.2
      vertex -8.5151 -2.77805 4.2
    endloop
  endfacet
  facet normal 0 0 -1
    outer loop
      vertex -8.79455 -2.91022 4.2
      vertex -8.79455 2.91022 4.2
      vertex -8.5151 2.77805 4.2
    endloop
  endfacet
  facet normal 0 0 -1
    outer loop
      vertex -9.0856 -3.01436 4.2
      vertex -8.79455 2.91022 4.2
      vertex -8.79455 -2.91022 4.2
    endloop
  endfacet
  facet normal 0 0 -1
    outer loop
      vertex -9.0856 -3.01436 4.2
      vertex -9.0856 3.01436 4.2
      vertex -8.79455 2.91022 4.2
    endloop
  endfacet
  facet normal 0 0 -1
    outer loop
      vertex -9.38546 -3.08947 4.2
      vertex -9.0856 3.01436 4.2
      vertex -9.0856 -3.01436 4.2
    endloop
  endfacet
  facet normal 0 0 -1
    outer loop
      vertex -9.38546 -3.08947 4.2
      vertex -9.38546 3.08947 4.2
      vertex -9.0856 3.01436 4.2
    endloop
  endfacet
  facet normal 0 0 -1
    outer loop
      vertex -9.69125 -3.13483 4.2
      vertex -9.38546 3.08947 4.2
      vertex -9.38546 -3.08947 4.2
    endloop
  endfacet
  facet normal 0 0 -1
    outer loop
      vertex -9.69125 -3.13483 4.2
      vertex -9.69125 3.13483 4.2
      vertex -9.38546 3.08947 4.2
    endloop
  endfacet
  facet normal 0 0 -1
    outer loop
      vertex -10 -3.15 4.2
      vertex -9.69125 3.13483 4.2
      vertex -9.69125 -3.13483 4.2
    endloop
  endfacet
  facet normal 0 0 -1
    outer loop
      vertex -10 -3.15 4.2
      vertex -10 3.15 4.2
      vertex -9.69125 3.13483 4.2
    endloop
  endfacet
  facet normal 0 0 -1
    outer loop
      vertex -10.3088 -3.13483 4.2
      vertex -10 3.15 4.2
      vertex -10 -3.15 4.2
    endloop
  endfacet
  facet normal 0 0 -1
    outer loop
      vertex -10.3088 -3.13483 4.2
      vertex -10.3088 3.13483 4.2
      vertex -10 3.15 4.2
    endloop
  endfacet
  facet normal 0 0 -1
    outer loop
      vertex -10.6145 -3.08947 4.2
      vertex -10.3088 3.13483 4.2
      vertex -10.3088 -3.13483 4.2
    endloop
  endfacet
  facet normal 0 0 -1
    outer loop
      vertex -10.6145 -3.08947 4.2
      vertex -10.6145 3.08947 4.2
      vertex -10.3088 3.13483 4.2
    endloop
  endfacet
  facet normal 0 0 -1
    outer loop
      vertex -10.9144 -3.01436 4.2
      vertex -10.6145 3.08947 4.2
      vertex -10.6145 -3.08947 4.2
    endloop
  endfacet
  facet normal 0 0 -1
    outer loop
      vertex -10.9144 -3.01436 4.2
      vertex -10.9144 3.01436 4.2
      vertex -10.6145 3.08947 4.2
    endloop
  endfacet
  facet normal 0 0 -1
    outer loop
      vertex -11.2055 -2.91022 4.2
      vertex -10.9144 3.01436 4.2
      vertex -10.9144 -3.01436 4.2
    endloop
  endfacet
  facet normal 0 0 -1
    outer loop
      vertex -11.2055 -2.91022 4.2
      vertex -11.2055 2.91022 4.2
      vertex -10.9144 3.01436 4.2
    endloop
  endfacet
  facet normal 0 0 -1
    outer loop
      vertex -11.4849 -2.77805 4.2
      vertex -11.2055 2.91022 4.2
      vertex -11.2055 -2.91022 4.2
    endloop
  endfacet
  facet normal 0 0 -1
    outer loop
      vertex -11.4849 -2.77805 4.2
      vertex -11.4849 2.77805 4.2
      vertex -11.2055 2.91022 4.2
    endloop
  endfacet
  facet normal 0 0 -1
    outer loop
      vertex -11.75 -2.61913 4.2
      vertex -11.4849 2.77805 4.2
      vertex -11.4849 -2.77805 4.2
    endloop
  endfacet
  facet normal 0 0 -1
    outer loop
      vertex -11.75 -2.61913 4.2
      vertex -11.75 2.61913 4.2
      vertex -11.4849 2.77805 4.2
    endloop
  endfacet
  facet normal 0 0 -1
    outer loop
      vertex -11.9983 -2.43498 4.2
      vertex -11.75 2.61913 4.2
      vertex -11.75 -2.61913 4.2
    endloop
  endfacet
  facet normal 0 0 -1
    outer loop
      vertex -11.9983 -2.43498 4.2
      vertex -11.9983 2.43498 4.2
      vertex -11.75 2.61913 4.2
    endloop
  endfacet
  facet normal 0 0 -1
    outer loop
      vertex -12.2274 -2.22739 4.2
      vertex -11.9983 2.43498 4.2
      vertex -11.9983 -2.43498 4.2
    endloop
  endfacet
  facet normal 0 0 -1
    outer loop
      vertex -12.2274 -2.22739 4.2
      vertex -12.2274 2.22739 4.2
      vertex -11.9983 2.43498 4.2
    endloop
  endfacet
  facet normal 0 0 -1
    outer loop
      vertex -12.435 -1.99834 4.2
      vertex -12.2274 2.22739 4.2
      vertex -12.2274 -2.22739 4.2
    endloop
  endfacet
  facet normal 0 0 -1
    outer loop
      vertex -12.435 -1.99834 4.2
      vertex -12.435 1.99834 4.2
      vertex -12.2274 2.22739 4.2
    endloop
  endfacet
  facet normal 0 0 -1
    outer loop
      vertex -12.6191 -1.75005 4.2
      vertex -12.435 1.99834 4.2
      vertex -12.435 -1.99834 4.2
    endloop
  endfacet
  facet normal 0 0 -1
    outer loop
      vertex -12.6191 -1.75005 4.2
      vertex -12.6191 1.75005 4.2
      vertex -12.435 1.99834 4.2
    endloop
  endfacet
  facet normal 0 0 -1
    outer loop
      vertex -12.7781 -1.4849 4.2
      vertex -12.6191 1.75005 4.2
      vertex -12.6191 -1.75005 4.2
    endloop
  endfacet
  facet normal 0 0 -1
    outer loop
      vertex -12.7781 -1.4849 4.2
      vertex -12.7781 1.4849 4.2
      vertex -12.6191 1.75005 4.2
    endloop
  endfacet
  facet normal 0 0 -1
    outer loop
      vertex -12.9102 -1.20545 4.2
      vertex -12.7781 1.4849 4.2
      vertex -12.7781 -1.4849 4.2
    endloop
  endfacet
  facet normal 0 0 -1
    outer loop
      vertex -12.9102 -1.20545 4.2
      vertex -12.9102 1.20545 4.2
      vertex -12.7781 1.4849 4.2
    endloop
  endfacet
  facet normal 0 0 -1
    outer loop
      vertex -13.0144 -0.914396 4.2
      vertex -12.9102 1.20545 4.2
      vertex -12.9102 -1.20545 4.2
    endloop
  endfacet
  facet normal 0 0 -1
    outer loop
      vertex -13.0144 -0.914396 4.2
      vertex -13.0144 0.914396 4.2
      vertex -12.9102 1.20545 4.2
    endloop
  endfacet
  facet normal 0 0 -1
    outer loop
      vertex -13.0895 -0.614534 4.2
      vertex -13.0144 0.914396 4.2
      vertex -13.0144 -0.914396 4.2
    endloop
  endfacet
  facet normal 0 0 -1
    outer loop
      vertex -13.0895 -0.614534 4.2
      vertex -13.0895 0.614534 4.2
      vertex -13.0144 0.914396 4.2
    endloop
  endfacet
  facet normal 0 0 -1
    outer loop
      vertex -13.1348 -0.308754 4.2
      vertex -13.0895 0.614534 4.2
      vertex -13.0895 -0.614534 4.2
    endloop
  endfacet
  facet normal 0 0 -1
    outer loop
      vertex -13.1348 -0.308754 4.2
      vertex -13.1348 0.308754 4.2
      vertex -13.0895 0.614534 4.2
    endloop
  endfacet
  facet normal 0 -0 -1
    outer loop
      vertex -13.1348 0.308754 4.2
      vertex -13.1348 -0.308754 4.2
      vertex -13.15 0 4.2
    endloop
  endfacet
  facet normal 0.0490665 0.998796 -0
    outer loop
      vertex -10 -3.15 1
      vertex -10.3088 -3.13483 4.2
      vertex -10 -3.15 4.2
    endloop
  endfacet
  facet normal 0.0490665 0.998796 0
    outer loop
      vertex -10.3088 -3.13483 4.2
      vertex -10 -3.15 1
      vertex -10.3088 -3.13483 1
    endloop
  endfacet
  facet normal 0.99879 -0.0491706 0
    outer loop
      vertex -13.15 0 4.2
      vertex -13.1348 0.308754 1
      vertex -13.1348 0.308754 4.2
    endloop
  endfacet
  facet normal 0.99879 -0.0491706 0
    outer loop
      vertex -13.1348 0.308754 1
      vertex -13.15 0 4.2
      vertex -13.15 0 1
    endloop
  endfacet
  facet normal 0.33684 0.941562 -0
    outer loop
      vertex -10.9144 -3.01436 1
      vertex -11.2055 -2.91022 4.2
      vertex -10.9144 -3.01436 4.2
    endloop
  endfacet
  facet normal 0.33684 0.941562 0
    outer loop
      vertex -11.2055 -2.91022 4.2
      vertex -10.9144 -3.01436 1
      vertex -11.2055 -2.91022 1
    endloop
  endfacet
  facet normal -0.740965 0.671543 0
    outer loop
      vertex -7.77261 -2.22739 1
      vertex -7.56502 -1.99834 4.2
      vertex -7.56502 -1.99834 1
    endloop
  endfacet
  facet normal -0.740965 0.671543 0
    outer loop
      vertex -7.56502 -1.99834 4.2
      vertex -7.77261 -2.22739 1
      vertex -7.77261 -2.22739 4.2
    endloop
  endfacet
  facet normal -0.671543 0.740965 0
    outer loop
      vertex -7.77261 -2.22739 1
      vertex -8.00166 -2.43498 4.2
      vertex -7.77261 -2.22739 4.2
    endloop
  endfacet
  facet normal -0.671543 0.740965 0
    outer loop
      vertex -8.00166 -2.43498 4.2
      vertex -7.77261 -2.22739 1
      vertex -8.00166 -2.43498 1
    endloop
  endfacet
  facet normal 0.970032 -0.242976 0
    outer loop
      vertex 6.91053 0.614534 4.2
      vertex 6.98564 0.914396 1
      vertex 6.98564 0.914396 4.2
    endloop
  endfacet
  facet normal 0.970032 -0.242976 0
    outer loop
      vertex 6.98564 0.914396 1
      vertex 6.91053 0.614534 4.2
      vertex 6.91053 0.614534 1
    endloop
  endfacet
  facet normal -0.146774 -0.98917 0
    outer loop
      vertex 10.3088 3.13483 1
      vertex 10.6145 3.08947 4.2
      vertex 10.3088 3.13483 4.2
    endloop
  endfacet
  facet normal -0.146774 -0.98917 -0
    outer loop
      vertex 10.6145 3.08947 4.2
      vertex 10.3088 3.13483 1
      vertex 10.6145 3.08947 1
    endloop
  endfacet
  facet normal -0.989204 -0.146546 0
    outer loop
      vertex 13.1348 0.308754 1
      vertex 13.0895 0.614534 4.2
      vertex 13.0895 0.614534 1
    endloop
  endfacet
  facet normal -0.989204 -0.146546 0
    outer loop
      vertex 13.0895 0.614534 4.2
      vertex 13.1348 0.308754 1
      vertex 13.1348 0.308754 4.2
    endloop
  endfacet
  facet normal -0.99879 -0.0491706 0
    outer loop
      vertex 13.15 0 1
      vertex 13.1348 0.308754 4.2
      vertex 13.1348 0.308754 1
    endloop
  endfacet
  facet normal -0.99879 -0.0491706 0
    outer loop
      vertex 13.1348 0.308754 4.2
      vertex 13.15 0 1
      vertex 13.15 0 4.2
    endloop
  endfacet
  facet normal -0.97004 -0.242945 0
    outer loop
      vertex 13.0895 0.614534 1
      vertex 13.0144 0.914396 4.2
      vertex 13.0144 0.914396 1
    endloop
  endfacet
  facet normal -0.97004 -0.242945 0
    outer loop
      vertex 13.0144 0.914396 4.2
      vertex 13.0895 0.614534 1
      vertex 13.0895 0.614534 4.2
    endloop
  endfacet
  facet normal 0.671543 -0.740965 0
    outer loop
      vertex 7.77261 2.22739 1
      vertex 8.00166 2.43498 4.2
      vertex 7.77261 2.22739 4.2
    endloop
  endfacet
  facet normal 0.671543 -0.740965 0
    outer loop
      vertex 8.00166 2.43498 4.2
      vertex 7.77261 2.22739 1
      vertex 8.00166 2.43498 1
    endloop
  endfacet
  facet normal -0.941483 0.33706 0
    outer loop
      vertex 12.9102 -1.20545 1
      vertex 13.0144 -0.914396 4.2
      vertex 13.0144 -0.914396 1
    endloop
  endfacet
  facet normal -0.941483 0.33706 0
    outer loop
      vertex 13.0144 -0.914396 4.2
      vertex 12.9102 -1.20545 1
      vertex 12.9102 -1.20545 4.2
    endloop
  endfacet
  facet normal -0.671463 -0.741038 0
    outer loop
      vertex 11.9983 2.43498 1
      vertex 12.2274 2.22739 4.2
      vertex 11.9983 2.43498 4.2
    endloop
  endfacet
  facet normal -0.671463 -0.741038 -0
    outer loop
      vertex 12.2274 2.22739 4.2
      vertex 11.9983 2.43498 1
      vertex 12.2274 2.22739 1
    endloop
  endfacet
  facet normal -0.941483 -0.33706 0
    outer loop
      vertex 13.0144 0.914396 1
      vertex 12.9102 1.20545 4.2
      vertex 12.9102 1.20545 1
    endloop
  endfacet
  facet normal -0.941483 -0.33706 0
    outer loop
      vertex 12.9102 1.20545 4.2
      vertex 13.0144 0.914396 1
      vertex 13.0144 0.914396 4.2
    endloop
  endfacet
  facet normal -0.427618 -0.90396 0
    outer loop
      vertex 11.2055 2.91022 1
      vertex 11.4849 2.77805 4.2
      vertex 11.2055 2.91022 4.2
    endloop
  endfacet
  facet normal -0.427618 -0.90396 -0
    outer loop
      vertex 11.4849 2.77805 4.2
      vertex 11.2055 2.91022 1
      vertex 11.4849 2.77805 1
    endloop
  endfacet
  facet normal 0.0490744 0.998795 -0
    outer loop
      vertex 10 -3.15 1
      vertex 9.69125 -3.13483 4.2
      vertex 10 -3.15 4.2
    endloop
  endfacet
  facet normal 0.0490744 0.998795 0
    outer loop
      vertex 9.69125 -3.13483 4.2
      vertex 10 -3.15 1
      vertex 9.69125 -3.13483 1
    endloop
  endfacet
  facet normal 0.803199 0.595711 0
    outer loop
      vertex 7.56502 -1.99834 4.2
      vertex 7.38087 -1.75005 1
      vertex 7.38087 -1.75005 4.2
    endloop
  endfacet
  facet normal 0.803199 0.595711 0
    outer loop
      vertex 7.38087 -1.75005 1
      vertex 7.56502 -1.99834 4.2
      vertex 7.56502 -1.99834 1
    endloop
  endfacet
  facet normal 0.336892 -0.941543 0
    outer loop
      vertex 8.79455 2.91022 1
      vertex 9.0856 3.01436 4.2
      vertex 8.79455 2.91022 4.2
    endloop
  endfacet
  facet normal 0.336892 -0.941543 0
    outer loop
      vertex 9.0856 3.01436 4.2
      vertex 8.79455 2.91022 1
      vertex 9.0856 3.01436 1
    endloop
  endfacet
  facet normal -0.427618 0.90396 0
    outer loop
      vertex 11.4849 -2.77805 1
      vertex 11.2055 -2.91022 4.2
      vertex 11.4849 -2.77805 4.2
    endloop
  endfacet
  facet normal -0.427618 0.90396 0
    outer loop
      vertex 11.2055 -2.91022 4.2
      vertex 11.4849 -2.77805 1
      vertex 11.2055 -2.91022 1
    endloop
  endfacet
  facet normal 0.146732 -0.989176 0
    outer loop
      vertex 9.38546 3.08947 1
      vertex 9.69125 3.13483 4.2
      vertex 9.38546 3.08947 4.2
    endloop
  endfacet
  facet normal 0.146732 -0.989176 0
    outer loop
      vertex 9.69125 3.13483 4.2
      vertex 9.38546 3.08947 1
      vertex 9.69125 3.13483 1
    endloop
  endfacet
  facet normal -0.671463 0.741038 0
    outer loop
      vertex 12.2274 -2.22739 1
      vertex 11.9983 -2.43498 4.2
      vertex 12.2274 -2.22739 4.2
    endloop
  endfacet
  facet normal -0.671463 0.741038 0
    outer loop
      vertex 11.9983 -2.43498 4.2
      vertex 12.2274 -2.22739 1
      vertex 11.9983 -2.43498 1
    endloop
  endfacet
  facet normal -0.0490665 0.998796 0
    outer loop
      vertex 10.3088 -3.13483 1
      vertex 10 -3.15 4.2
      vertex 10.3088 -3.13483 4.2
    endloop
  endfacet
  facet normal -0.0490665 0.998796 0
    outer loop
      vertex 10 -3.15 4.2
      vertex 10.3088 -3.13483 1
      vertex 10 -3.15 1
    endloop
  endfacet
  facet normal -0.146774 0.98917 0
    outer loop
      vertex 10.6145 -3.08947 1
      vertex 10.3088 -3.13483 4.2
      vertex 10.6145 -3.08947 4.2
    endloop
  endfacet
  facet normal -0.146774 0.98917 0
    outer loop
      vertex 10.3088 -3.13483 4.2
      vertex 10.6145 -3.08947 1
      vertex 10.3088 -3.13483 1
    endloop
  endfacet
  facet normal -0.33684 0.941562 0
    outer loop
      vertex 11.2055 -2.91022 1
      vertex 10.9144 -3.01436 4.2
      vertex 11.2055 -2.91022 4.2
    endloop
  endfacet
  facet normal -0.33684 0.941562 0
    outer loop
      vertex 10.9144 -3.01436 4.2
      vertex 11.2055 -2.91022 1
      vertex 10.9144 -3.01436 1
    endloop
  endfacet
  facet normal 0.740965 0.671543 0
    outer loop
      vertex 7.77261 -2.22739 4.2
      vertex 7.56502 -1.99834 1
      vertex 7.56502 -1.99834 4.2
    endloop
  endfacet
  facet normal 0.740965 0.671543 0
    outer loop
      vertex 7.56502 -1.99834 1
      vertex 7.77261 -2.22739 4.2
      vertex 7.77261 -2.22739 1
    endloop
  endfacet
  facet normal 0.970032 0.242976 0
    outer loop
      vertex 6.98564 -0.914396 4.2
      vertex 6.91053 -0.614534 1
      vertex 6.91053 -0.614534 4.2
    endloop
  endfacet
  facet normal 0.970032 0.242976 0
    outer loop
      vertex 6.91053 -0.614534 1
      vertex 6.98564 -0.914396 4.2
      vertex 6.98564 -0.914396 1
    endloop
  endfacet
  facet normal 0.998795 0.0490738 0
    outer loop
      vertex 6.86517 -0.308754 4.2
      vertex 6.85 0 1
      vertex 6.85 0 4.2
    endloop
  endfacet
  facet normal 0.998795 0.0490738 0
    outer loop
      vertex 6.85 0 1
      vertex 6.86517 -0.308754 4.2
      vertex 6.86517 -0.308754 1
    endloop
  endfacet
  facet normal -0.514163 -0.857693 0
    outer loop
      vertex 11.4849 2.77805 1
      vertex 11.75 2.61913 4.2
      vertex 11.4849 2.77805 4.2
    endloop
  endfacet
  facet normal -0.514163 -0.857693 -0
    outer loop
      vertex 11.75 2.61913 4.2
      vertex 11.4849 2.77805 1
      vertex 11.75 2.61913 1
    endloop
  endfacet
  facet normal -0.740949 0.671561 0
    outer loop
      vertex 12.2274 -2.22739 1
      vertex 12.435 -1.99834 4.2
      vertex 12.435 -1.99834 1
    endloop
  endfacet
  facet normal -0.740949 0.671561 0
    outer loop
      vertex 12.435 -1.99834 4.2
      vertex 12.2274 -2.22739 1
      vertex 12.2274 -2.22739 4.2
    endloop
  endfacet
  facet normal 0.998795 -0.0490738 0
    outer loop
      vertex 6.85 0 4.2
      vertex 6.86517 0.308754 1
      vertex 6.86517 0.308754 4.2
    endloop
  endfacet
  facet normal 0.998795 -0.0490738 0
    outer loop
      vertex 6.86517 0.308754 1
      vertex 6.85 0 4.2
      vertex 6.85 0 1
    endloop
  endfacet
  facet normal 0.857735 0.514091 0
    outer loop
      vertex 7.38087 -1.75005 4.2
      vertex 7.22195 -1.4849 1
      vertex 7.22195 -1.4849 4.2
    endloop
  endfacet
  facet normal 0.857735 0.514091 0
    outer loop
      vertex 7.22195 -1.4849 1
      vertex 7.38087 -1.75005 4.2
      vertex 7.38087 -1.75005 1
    endloop
  endfacet
  facet normal -0.595695 0.80321 0
    outer loop
      vertex 11.9983 -2.43498 1
      vertex 11.75 -2.61913 4.2
      vertex 11.9983 -2.43498 4.2
    endloop
  endfacet
  facet normal -0.595695 0.80321 0
    outer loop
      vertex 11.75 -2.61913 4.2
      vertex 11.9983 -2.43498 1
      vertex 11.75 -2.61913 1
    endloop
  endfacet
  facet normal -0.97004 0.242945 0
    outer loop
      vertex 13.0144 -0.914396 1
      vertex 13.0895 -0.614534 4.2
      vertex 13.0895 -0.614534 1
    endloop
  endfacet
  facet normal -0.97004 0.242945 0
    outer loop
      vertex 13.0895 -0.614534 4.2
      vertex 13.0144 -0.914396 1
      vertex 13.0144 -0.914396 4.2
    endloop
  endfacet
  facet normal -0.33684 -0.941562 0
    outer loop
      vertex 10.9144 3.01436 1
      vertex 11.2055 2.91022 4.2
      vertex 10.9144 3.01436 4.2
    endloop
  endfacet
  facet normal -0.33684 -0.941562 -0
    outer loop
      vertex 11.2055 2.91022 4.2
      vertex 10.9144 3.01436 1
      vertex 11.2055 2.91022 1
    endloop
  endfacet
  facet normal 0.242977 -0.970032 0
    outer loop
      vertex 9.0856 3.01436 1
      vertex 9.38546 3.08947 4.2
      vertex 9.0856 3.01436 4.2
    endloop
  endfacet
  facet normal 0.242977 -0.970032 0
    outer loop
      vertex 9.38546 3.08947 4.2
      vertex 9.0856 3.01436 1
      vertex 9.38546 3.08947 1
    endloop
  endfacet
  facet normal -0.595695 -0.80321 0
    outer loop
      vertex 11.75 2.61913 1
      vertex 11.9983 2.43498 4.2
      vertex 11.75 2.61913 4.2
    endloop
  endfacet
  facet normal -0.595695 -0.80321 -0
    outer loop
      vertex 11.9983 2.43498 4.2
      vertex 11.75 2.61913 1
      vertex 11.9983 2.43498 1
    endloop
  endfacet
  facet normal -0.242947 0.97004 0
    outer loop
      vertex 10.9144 -3.01436 1
      vertex 10.6145 -3.08947 4.2
      vertex 10.9144 -3.01436 4.2
    endloop
  endfacet
  facet normal -0.242947 0.97004 0
    outer loop
      vertex 10.6145 -3.08947 4.2
      vertex 10.9144 -3.01436 1
      vertex 10.6145 -3.08947 1
    endloop
  endfacet
  facet normal 0.595711 -0.803199 0
    outer loop
      vertex 8.00166 2.43498 1
      vertex 8.24995 2.61913 4.2
      vertex 8.00166 2.43498 4.2
    endloop
  endfacet
  facet normal 0.595711 -0.803199 0
    outer loop
      vertex 8.24995 2.61913 4.2
      vertex 8.00166 2.43498 1
      vertex 8.24995 2.61913 1
    endloop
  endfacet
  facet normal 0.0490744 -0.998795 0
    outer loop
      vertex 9.69125 3.13483 1
      vertex 10 3.15 4.2
      vertex 9.69125 3.13483 4.2
    endloop
  endfacet
  facet normal 0.0490744 -0.998795 0
    outer loop
      vertex 10 3.15 4.2
      vertex 9.69125 3.13483 1
      vertex 10 3.15 1
    endloop
  endfacet
  facet normal -0.803276 -0.595607 0
    outer loop
      vertex 12.6191 1.75005 1
      vertex 12.435 1.99834 4.2
      vertex 12.435 1.99834 1
    endloop
  endfacet
  facet normal -0.803276 -0.595607 0
    outer loop
      vertex 12.435 1.99834 4.2
      vertex 12.6191 1.75005 1
      vertex 12.6191 1.75005 4.2
    endloop
  endfacet
  facet normal -0.989204 0.146546 0
    outer loop
      vertex 13.0895 -0.614534 1
      vertex 13.1348 -0.308754 4.2
      vertex 13.1348 -0.308754 1
    endloop
  endfacet
  facet normal -0.989204 0.146546 0
    outer loop
      vertex 13.1348 -0.308754 4.2
      vertex 13.0895 -0.614534 1
      vertex 13.0895 -0.614534 4.2
    endloop
  endfacet
  facet normal -0.740949 -0.671561 0
    outer loop
      vertex 12.435 1.99834 1
      vertex 12.2274 2.22739 4.2
      vertex 12.2274 2.22739 1
    endloop
  endfacet
  facet normal -0.740949 -0.671561 0
    outer loop
      vertex 12.2274 2.22739 4.2
      vertex 12.435 1.99834 1
      vertex 12.435 1.99834 4.2
    endloop
  endfacet
  facet normal 0.740965 -0.671543 0
    outer loop
      vertex 7.56502 1.99834 4.2
      vertex 7.77261 2.22739 1
      vertex 7.77261 2.22739 4.2
    endloop
  endfacet
  facet normal 0.740965 -0.671543 0
    outer loop
      vertex 7.77261 2.22739 1
      vertex 7.56502 1.99834 4.2
      vertex 7.56502 1.99834 1
    endloop
  endfacet
  facet normal -0.99879 0.0491706 0
    outer loop
      vertex 13.1348 -0.308754 1
      vertex 13.15 0 4.2
      vertex 13.15 0 1
    endloop
  endfacet
  facet normal -0.99879 0.0491706 0
    outer loop
      vertex 13.15 0 4.2
      vertex 13.1348 -0.308754 1
      vertex 13.1348 -0.308754 4.2
    endloop
  endfacet
  facet normal 0.671543 0.740965 -0
    outer loop
      vertex 8.00166 -2.43498 1
      vertex 7.77261 -2.22739 4.2
      vertex 8.00166 -2.43498 4.2
    endloop
  endfacet
  facet normal 0.671543 0.740965 0
    outer loop
      vertex 7.77261 -2.22739 4.2
      vertex 8.00166 -2.43498 1
      vertex 7.77261 -2.22739 1
    endloop
  endfacet
  facet normal 0.941545 -0.336888 0
    outer loop
      vertex 6.98564 0.914396 4.2
      vertex 7.08978 1.20545 1
      vertex 7.08978 1.20545 4.2
    endloop
  endfacet
  facet normal 0.941545 -0.336888 0
    outer loop
      vertex 7.08978 1.20545 1
      vertex 6.98564 0.914396 4.2
      vertex 6.98564 0.914396 1
    endloop
  endfacet
  facet normal 0.903989 -0.427555 0
    outer loop
      vertex 7.08978 1.20545 4.2
      vertex 7.22195 1.4849 1
      vertex 7.22195 1.4849 4.2
    endloop
  endfacet
  facet normal 0.903989 -0.427555 0
    outer loop
      vertex 7.22195 1.4849 1
      vertex 7.08978 1.20545 4.2
      vertex 7.08978 1.20545 1
    endloop
  endfacet
  facet normal -0.803276 0.595607 0
    outer loop
      vertex 12.435 -1.99834 1
      vertex 12.6191 -1.75005 4.2
      vertex 12.6191 -1.75005 1
    endloop
  endfacet
  facet normal -0.803276 0.595607 0
    outer loop
      vertex 12.6191 -1.75005 4.2
      vertex 12.435 -1.99834 1
      vertex 12.435 -1.99834 4.2
    endloop
  endfacet
  facet normal -0.857621 0.514282 0
    outer loop
      vertex 12.6191 -1.75005 1
      vertex 12.7781 -1.4849 4.2
      vertex 12.7781 -1.4849 1
    endloop
  endfacet
  facet normal -0.857621 0.514282 0
    outer loop
      vertex 12.7781 -1.4849 4.2
      vertex 12.6191 -1.75005 1
      vertex 12.6191 -1.75005 4.2
    endloop
  endfacet
  facet normal 0.514091 -0.857735 0
    outer loop
      vertex 8.24995 2.61913 1
      vertex 8.5151 2.77805 4.2
      vertex 8.24995 2.61913 4.2
    endloop
  endfacet
  facet normal 0.514091 -0.857735 0
    outer loop
      vertex 8.5151 2.77805 4.2
      vertex 8.24995 2.61913 1
      vertex 8.5151 2.77805 1
    endloop
  endfacet
  facet normal -0.0490665 -0.998796 0
    outer loop
      vertex 10 3.15 1
      vertex 10.3088 3.13483 4.2
      vertex 10 3.15 4.2
    endloop
  endfacet
  facet normal -0.0490665 -0.998796 -0
    outer loop
      vertex 10.3088 3.13483 4.2
      vertex 10 3.15 1
      vertex 10.3088 3.13483 1
    endloop
  endfacet
  facet normal 0.857735 -0.514091 0
    outer loop
      vertex 7.22195 1.4849 4.2
      vertex 7.38087 1.75005 1
      vertex 7.38087 1.75005 4.2
    endloop
  endfacet
  facet normal 0.857735 -0.514091 0
    outer loop
      vertex 7.38087 1.75005 1
      vertex 7.22195 1.4849 4.2
      vertex 7.22195 1.4849 1
    endloop
  endfacet
  facet normal 0.989176 -0.146736 0
    outer loop
      vertex 6.86517 0.308754 4.2
      vertex 6.91053 0.614534 1
      vertex 6.91053 0.614534 4.2
    endloop
  endfacet
  facet normal 0.989176 -0.146736 0
    outer loop
      vertex 6.91053 0.614534 1
      vertex 6.86517 0.308754 4.2
      vertex 6.86517 0.308754 1
    endloop
  endfacet
  facet normal -0.904077 -0.42737 0
    outer loop
      vertex 12.9102 1.20545 1
      vertex 12.7781 1.4849 4.2
      vertex 12.7781 1.4849 1
    endloop
  endfacet
  facet normal -0.904077 -0.42737 0
    outer loop
      vertex 12.7781 1.4849 4.2
      vertex 12.9102 1.20545 1
      vertex 12.9102 1.20545 4.2
    endloop
  endfacet
  facet normal -0.857621 -0.514282 0
    outer loop
      vertex 12.7781 1.4849 1
      vertex 12.6191 1.75005 4.2
      vertex 12.6191 1.75005 1
    endloop
  endfacet
  facet normal -0.857621 -0.514282 0
    outer loop
      vertex 12.6191 1.75005 4.2
      vertex 12.7781 1.4849 1
      vertex 12.7781 1.4849 4.2
    endloop
  endfacet
  facet normal 0 0 -1
    outer loop
      vertex 13.1348 -0.308754 4.2
      vertex 13.1348 0.308754 4.2
      vertex 13.15 0 4.2
    endloop
  endfacet
  facet normal 0 0 -1
    outer loop
      vertex 13.0895 -0.614534 4.2
      vertex 13.1348 0.308754 4.2
      vertex 13.1348 -0.308754 4.2
    endloop
  endfacet
  facet normal 0 0 -1
    outer loop
      vertex 13.0895 -0.614534 4.2
      vertex 13.0895 0.614534 4.2
      vertex 13.1348 0.308754 4.2
    endloop
  endfacet
  facet normal 0 0 -1
    outer loop
      vertex 13.0144 -0.914396 4.2
      vertex 13.0895 0.614534 4.2
      vertex 13.0895 -0.614534 4.2
    endloop
  endfacet
  facet normal 0 0 -1
    outer loop
      vertex 13.0144 -0.914396 4.2
      vertex 13.0144 0.914396 4.2
      vertex 13.0895 0.614534 4.2
    endloop
  endfacet
  facet normal 0 0 -1
    outer loop
      vertex 12.9102 -1.20545 4.2
      vertex 13.0144 0.914396 4.2
      vertex 13.0144 -0.914396 4.2
    endloop
  endfacet
  facet normal 0 0 -1
    outer loop
      vertex 12.9102 -1.20545 4.2
      vertex 12.9102 1.20545 4.2
      vertex 13.0144 0.914396 4.2
    endloop
  endfacet
  facet normal 0 0 -1
    outer loop
      vertex 12.7781 -1.4849 4.2
      vertex 12.9102 1.20545 4.2
      vertex 12.9102 -1.20545 4.2
    endloop
  endfacet
  facet normal 0 0 -1
    outer loop
      vertex 12.7781 -1.4849 4.2
      vertex 12.7781 1.4849 4.2
      vertex 12.9102 1.20545 4.2
    endloop
  endfacet
  facet normal 0 0 -1
    outer loop
      vertex 12.6191 -1.75005 4.2
      vertex 12.7781 1.4849 4.2
      vertex 12.7781 -1.4849 4.2
    endloop
  endfacet
  facet normal 0 0 -1
    outer loop
      vertex 12.6191 -1.75005 4.2
      vertex 12.6191 1.75005 4.2
      vertex 12.7781 1.4849 4.2
    endloop
  endfacet
  facet normal 0 0 -1
    outer loop
      vertex 12.435 -1.99834 4.2
      vertex 12.6191 1.75005 4.2
      vertex 12.6191 -1.75005 4.2
    endloop
  endfacet
  facet normal 0 0 -1
    outer loop
      vertex 12.435 -1.99834 4.2
      vertex 12.435 1.99834 4.2
      vertex 12.6191 1.75005 4.2
    endloop
  endfacet
  facet normal 0 0 -1
    outer loop
      vertex 12.2274 -2.22739 4.2
      vertex 12.435 1.99834 4.2
      vertex 12.435 -1.99834 4.2
    endloop
  endfacet
  facet normal 0 0 -1
    outer loop
      vertex 12.2274 -2.22739 4.2
      vertex 12.2274 2.22739 4.2
      vertex 12.435 1.99834 4.2
    endloop
  endfacet
  facet normal 0 0 -1
    outer loop
      vertex 11.9983 -2.43498 4.2
      vertex 12.2274 2.22739 4.2
      vertex 12.2274 -2.22739 4.2
    endloop
  endfacet
  facet normal 0 0 -1
    outer loop
      vertex 11.9983 -2.43498 4.2
      vertex 11.9983 2.43498 4.2
      vertex 12.2274 2.22739 4.2
    endloop
  endfacet
  facet normal 0 0 -1
    outer loop
      vertex 11.75 -2.61913 4.2
      vertex 11.9983 2.43498 4.2
      vertex 11.9983 -2.43498 4.2
    endloop
  endfacet
  facet normal 0 0 -1
    outer loop
      vertex 11.75 -2.61913 4.2
      vertex 11.75 2.61913 4.2
      vertex 11.9983 2.43498 4.2
    endloop
  endfacet
  facet normal 0 0 -1
    outer loop
      vertex 11.4849 -2.77805 4.2
      vertex 11.75 2.61913 4.2
      vertex 11.75 -2.61913 4.2
    endloop
  endfacet
  facet normal 0 0 -1
    outer loop
      vertex 11.4849 -2.77805 4.2
      vertex 11.4849 2.77805 4.2
      vertex 11.75 2.61913 4.2
    endloop
  endfacet
  facet normal 0 0 -1
    outer loop
      vertex 11.2055 -2.91022 4.2
      vertex 11.4849 2.77805 4.2
      vertex 11.4849 -2.77805 4.2
    endloop
  endfacet
  facet normal 0 0 -1
    outer loop
      vertex 11.2055 -2.91022 4.2
      vertex 11.2055 2.91022 4.2
      vertex 11.4849 2.77805 4.2
    endloop
  endfacet
  facet normal 0 0 -1
    outer loop
      vertex 10.9144 -3.01436 4.2
      vertex 11.2055 2.91022 4.2
      vertex 11.2055 -2.91022 4.2
    endloop
  endfacet
  facet normal 0 0 -1
    outer loop
      vertex 10.9144 -3.01436 4.2
      vertex 10.9144 3.01436 4.2
      vertex 11.2055 2.91022 4.2
    endloop
  endfacet
  facet normal 0 0 -1
    outer loop
      vertex 10.6145 -3.08947 4.2
      vertex 10.9144 3.01436 4.2
      vertex 10.9144 -3.01436 4.2
    endloop
  endfacet
  facet normal 0 0 -1
    outer loop
      vertex 10.6145 -3.08947 4.2
      vertex 10.6145 3.08947 4.2
      vertex 10.9144 3.01436 4.2
    endloop
  endfacet
  facet normal 0 0 -1
    outer loop
      vertex 10.3088 -3.13483 4.2
      vertex 10.6145 3.08947 4.2
      vertex 10.6145 -3.08947 4.2
    endloop
  endfacet
  facet normal 0 0 -1
    outer loop
      vertex 10.3088 -3.13483 4.2
      vertex 10.3088 3.13483 4.2
      vertex 10.6145 3.08947 4.2
    endloop
  endfacet
  facet normal 0 0 -1
    outer loop
      vertex 10 -3.15 4.2
      vertex 10.3088 3.13483 4.2
      vertex 10.3088 -3.13483 4.2
    endloop
  endfacet
  facet normal 0 0 -1
    outer loop
      vertex 10 -3.15 4.2
      vertex 10 3.15 4.2
      vertex 10.3088 3.13483 4.2
    endloop
  endfacet
  facet normal 0 0 -1
    outer loop
      vertex 9.69125 -3.13483 4.2
      vertex 10 3.15 4.2
      vertex 10 -3.15 4.2
    endloop
  endfacet
  facet normal 0 0 -1
    outer loop
      vertex 9.69125 -3.13483 4.2
      vertex 9.69125 3.13483 4.2
      vertex 10 3.15 4.2
    endloop
  endfacet
  facet normal 0 0 -1
    outer loop
      vertex 9.38546 -3.08947 4.2
      vertex 9.69125 3.13483 4.2
      vertex 9.69125 -3.13483 4.2
    endloop
  endfacet
  facet normal 0 0 -1
    outer loop
      vertex 9.38546 -3.08947 4.2
      vertex 9.38546 3.08947 4.2
      vertex 9.69125 3.13483 4.2
    endloop
  endfacet
  facet normal 0 0 -1
    outer loop
      vertex 9.0856 -3.01436 4.2
      vertex 9.38546 3.08947 4.2
      vertex 9.38546 -3.08947 4.2
    endloop
  endfacet
  facet normal 0 0 -1
    outer loop
      vertex 9.0856 -3.01436 4.2
      vertex 9.0856 3.01436 4.2
      vertex 9.38546 3.08947 4.2
    endloop
  endfacet
  facet normal 0 0 -1
    outer loop
      vertex 8.79455 -2.91022 4.2
      vertex 9.0856 3.01436 4.2
      vertex 9.0856 -3.01436 4.2
    endloop
  endfacet
  facet normal 0 0 -1
    outer loop
      vertex 8.79455 -2.91022 4.2
      vertex 8.79455 2.91022 4.2
      vertex 9.0856 3.01436 4.2
    endloop
  endfacet
  facet normal 0 0 -1
    outer loop
      vertex 8.5151 -2.77805 4.2
      vertex 8.79455 2.91022 4.2
      vertex 8.79455 -2.91022 4.2
    endloop
  endfacet
  facet normal 0 0 -1
    outer loop
      vertex 8.5151 -2.77805 4.2
      vertex 8.5151 2.77805 4.2
      vertex 8.79455 2.91022 4.2
    endloop
  endfacet
  facet normal 0 0 -1
    outer loop
      vertex 8.24995 -2.61913 4.2
      vertex 8.5151 2.77805 4.2
      vertex 8.5151 -2.77805 4.2
    endloop
  endfacet
  facet normal 0 0 -1
    outer loop
      vertex 8.24995 -2.61913 4.2
      vertex 8.24995 2.61913 4.2
      vertex 8.5151 2.77805 4.2
    endloop
  endfacet
  facet normal 0 0 -1
    outer loop
      vertex 8.00166 -2.43498 4.2
      vertex 8.24995 2.61913 4.2
      vertex 8.24995 -2.61913 4.2
    endloop
  endfacet
  facet normal 0 0 -1
    outer loop
      vertex 8.00166 -2.43498 4.2
      vertex 8.00166 2.43498 4.2
      vertex 8.24995 2.61913 4.2
    endloop
  endfacet
  facet normal 0 0 -1
    outer loop
      vertex 7.77261 -2.22739 4.2
      vertex 8.00166 2.43498 4.2
      vertex 8.00166 -2.43498 4.2
    endloop
  endfacet
  facet normal 0 0 -1
    outer loop
      vertex 7.77261 -2.22739 4.2
      vertex 7.77261 2.22739 4.2
      vertex 8.00166 2.43498 4.2
    endloop
  endfacet
  facet normal 0 0 -1
    outer loop
      vertex 7.56502 -1.99834 4.2
      vertex 7.77261 2.22739 4.2
      vertex 7.77261 -2.22739 4.2
    endloop
  endfacet
  facet normal 0 0 -1
    outer loop
      vertex 7.56502 -1.99834 4.2
      vertex 7.56502 1.99834 4.2
      vertex 7.77261 2.22739 4.2
    endloop
  endfacet
  facet normal 0 0 -1
    outer loop
      vertex 7.38087 -1.75005 4.2
      vertex 7.56502 1.99834 4.2
      vertex 7.56502 -1.99834 4.2
    endloop
  endfacet
  facet normal 0 0 -1
    outer loop
      vertex 7.38087 -1.75005 4.2
      vertex 7.38087 1.75005 4.2
      vertex 7.56502 1.99834 4.2
    endloop
  endfacet
  facet normal 0 0 -1
    outer loop
      vertex 7.22195 -1.4849 4.2
      vertex 7.38087 1.75005 4.2
      vertex 7.38087 -1.75005 4.2
    endloop
  endfacet
  facet normal 0 0 -1
    outer loop
      vertex 7.22195 -1.4849 4.2
      vertex 7.22195 1.4849 4.2
      vertex 7.38087 1.75005 4.2
    endloop
  endfacet
  facet normal 0 0 -1
    outer loop
      vertex 7.08978 -1.20545 4.2
      vertex 7.22195 1.4849 4.2
      vertex 7.22195 -1.4849 4.2
    endloop
  endfacet
  facet normal 0 0 -1
    outer loop
      vertex 7.08978 -1.20545 4.2
      vertex 7.08978 1.20545 4.2
      vertex 7.22195 1.4849 4.2
    endloop
  endfacet
  facet normal 0 0 -1
    outer loop
      vertex 6.98564 -0.914396 4.2
      vertex 7.08978 1.20545 4.2
      vertex 7.08978 -1.20545 4.2
    endloop
  endfacet
  facet normal 0 0 -1
    outer loop
      vertex 6.98564 -0.914396 4.2
      vertex 6.98564 0.914396 4.2
      vertex 7.08978 1.20545 4.2
    endloop
  endfacet
  facet normal 0 0 -1
    outer loop
      vertex 6.91053 -0.614534 4.2
      vertex 6.98564 0.914396 4.2
      vertex 6.98564 -0.914396 4.2
    endloop
  endfacet
  facet normal 0 0 -1
    outer loop
      vertex 6.91053 -0.614534 4.2
      vertex 6.91053 0.614534 4.2
      vertex 6.98564 0.914396 4.2
    endloop
  endfacet
  facet normal 0 0 -1
    outer loop
      vertex 6.86517 -0.308754 4.2
      vertex 6.91053 0.614534 4.2
      vertex 6.91053 -0.614534 4.2
    endloop
  endfacet
  facet normal 0 0 -1
    outer loop
      vertex 6.86517 -0.308754 4.2
      vertex 6.86517 0.308754 4.2
      vertex 6.91053 0.614534 4.2
    endloop
  endfacet
  facet normal 0 -0 -1
    outer loop
      vertex 6.86517 0.308754 4.2
      vertex 6.86517 -0.308754 4.2
      vertex 6.85 0 4.2
    endloop
  endfacet
  facet normal 0.803199 -0.595711 0
    outer loop
      vertex 7.38087 1.75005 4.2
      vertex 7.56502 1.99834 1
      vertex 7.56502 1.99834 4.2
    endloop
  endfacet
  facet normal 0.803199 -0.595711 0
    outer loop
      vertex 7.56502 1.99834 1
      vertex 7.38087 1.75005 4.2
      vertex 7.38087 1.75005 1
    endloop
  endfacet
  facet normal 0.242977 0.970032 -0
    outer loop
      vertex 9.38546 -3.08947 1
      vertex 9.0856 -3.01436 4.2
      vertex 9.38546 -3.08947 4.2
    endloop
  endfacet
  facet normal 0.242977 0.970032 0
    outer loop
      vertex 9.0856 -3.01436 4.2
      vertex 9.38546 -3.08947 1
      vertex 9.0856 -3.01436 1
    endloop
  endfacet
  facet normal -0.514163 0.857693 0
    outer loop
      vertex 11.75 -2.61913 1
      vertex 11.4849 -2.77805 4.2
      vertex 11.75 -2.61913 4.2
    endloop
  endfacet
  facet normal -0.514163 0.857693 0
    outer loop
      vertex 11.4849 -2.77805 4.2
      vertex 11.75 -2.61913 1
      vertex 11.4849 -2.77805 1
    endloop
  endfacet
  facet normal 0.989176 0.146736 0
    outer loop
      vertex 6.91053 -0.614534 4.2
      vertex 6.86517 -0.308754 1
      vertex 6.86517 -0.308754 4.2
    endloop
  endfacet
  facet normal 0.989176 0.146736 0
    outer loop
      vertex 6.86517 -0.308754 1
      vertex 6.91053 -0.614534 4.2
      vertex 6.91053 -0.614534 1
    endloop
  endfacet
  facet normal 0.941545 0.336888 0
    outer loop
      vertex 7.08978 -1.20545 4.2
      vertex 6.98564 -0.914396 1
      vertex 6.98564 -0.914396 4.2
    endloop
  endfacet
  facet normal 0.941545 0.336888 0
    outer loop
      vertex 6.98564 -0.914396 1
      vertex 7.08978 -1.20545 4.2
      vertex 7.08978 -1.20545 1
    endloop
  endfacet
  facet normal 0.336892 0.941543 -0
    outer loop
      vertex 9.0856 -3.01436 1
      vertex 8.79455 -2.91022 4.2
      vertex 9.0856 -3.01436 4.2
    endloop
  endfacet
  facet normal 0.336892 0.941543 0
    outer loop
      vertex 8.79455 -2.91022 4.2
      vertex 9.0856 -3.01436 1
      vertex 8.79455 -2.91022 1
    endloop
  endfacet
  facet normal -0.242947 -0.97004 0
    outer loop
      vertex 10.6145 3.08947 1
      vertex 10.9144 3.01436 4.2
      vertex 10.6145 3.08947 4.2
    endloop
  endfacet
  facet normal -0.242947 -0.97004 -0
    outer loop
      vertex 10.9144 3.01436 4.2
      vertex 10.6145 3.08947 1
      vertex 10.9144 3.01436 1
    endloop
  endfacet
  facet normal -0.904077 0.42737 0
    outer loop
      vertex 12.7781 -1.4849 1
      vertex 12.9102 -1.20545 4.2
      vertex 12.9102 -1.20545 1
    endloop
  endfacet
  facet normal -0.904077 0.42737 0
    outer loop
      vertex 12.9102 -1.20545 4.2
      vertex 12.7781 -1.4849 1
      vertex 12.7781 -1.4849 4.2
    endloop
  endfacet
  facet normal 0.595711 0.803199 -0
    outer loop
      vertex 8.24995 -2.61913 1
      vertex 8.00166 -2.43498 4.2
      vertex 8.24995 -2.61913 4.2
    endloop
  endfacet
  facet normal 0.595711 0.803199 0
    outer loop
      vertex 8.00166 -2.43498 4.2
      vertex 8.24995 -2.61913 1
      vertex 8.00166 -2.43498 1
    endloop
  endfacet
  facet normal 0.903989 0.427555 0
    outer loop
      vertex 7.22195 -1.4849 4.2
      vertex 7.08978 -1.20545 1
      vertex 7.08978 -1.20545 4.2
    endloop
  endfacet
  facet normal 0.903989 0.427555 0
    outer loop
      vertex 7.08978 -1.20545 1
      vertex 7.22195 -1.4849 4.2
      vertex 7.22195 -1.4849 1
    endloop
  endfacet
  facet normal 0.427555 -0.903989 0
    outer loop
      vertex 8.5151 2.77805 1
      vertex 8.79455 2.91022 4.2
      vertex 8.5151 2.77805 4.2
    endloop
  endfacet
  facet normal 0.427555 -0.903989 0
    outer loop
      vertex 8.79455 2.91022 4.2
      vertex 8.5151 2.77805 1
      vertex 8.79455 2.91022 1
    endloop
  endfacet
  facet normal 0.427555 0.903989 -0
    outer loop
      vertex 8.79455 -2.91022 1
      vertex 8.5151 -2.77805 4.2
      vertex 8.79455 -2.91022 4.2
    endloop
  endfacet
  facet normal 0.427555 0.903989 0
    outer loop
      vertex 8.5151 -2.77805 4.2
      vertex 8.79455 -2.91022 1
      vertex 8.5151 -2.77805 1
    endloop
  endfacet
  facet normal 0.146732 0.989176 -0
    outer loop
      vertex 9.69125 -3.13483 1
      vertex 9.38546 -3.08947 4.2
      vertex 9.69125 -3.13483 4.2
    endloop
  endfacet
  facet normal 0.146732 0.989176 0
    outer loop
      vertex 9.38546 -3.08947 4.2
      vertex 9.69125 -3.13483 1
      vertex 9.38546 -3.08947 1
    endloop
  endfacet
  facet normal 0 0 1
    outer loop
      vertex 13.1348 0.308754 1
      vertex 13.1348 -0.308754 1
      vertex 13.15 0 1
    endloop
  endfacet
  facet normal 0 0 1
    outer loop
      vertex 13.0895 0.614534 1
      vertex 13.1348 -0.308754 1
      vertex 13.1348 0.308754 1
    endloop
  endfacet
  facet normal 0 0 1
    outer loop
      vertex 13.0895 0.614534 1
      vertex 13.0895 -0.614534 1
      vertex 13.1348 -0.308754 1
    endloop
  endfacet
  facet normal 0 0 1
    outer loop
      vertex 13.0144 0.914396 1
      vertex 13.0895 -0.614534 1
      vertex 13.0895 0.614534 1
    endloop
  endfacet
  facet normal 0 0 1
    outer loop
      vertex 13.0144 0.914396 1
      vertex 13.0144 -0.914396 1
      vertex 13.0895 -0.614534 1
    endloop
  endfacet
  facet normal 0 0 1
    outer loop
      vertex 12.9102 1.20545 1
      vertex 13.0144 -0.914396 1
      vertex 13.0144 0.914396 1
    endloop
  endfacet
  facet normal 0 0 1
    outer loop
      vertex 12.9102 1.20545 1
      vertex 12.9102 -1.20545 1
      vertex 13.0144 -0.914396 1
    endloop
  endfacet
  facet normal 0 0 1
    outer loop
      vertex 12.7781 1.4849 1
      vertex 12.9102 -1.20545 1
      vertex 12.9102 1.20545 1
    endloop
  endfacet
  facet normal 0 0 1
    outer loop
      vertex 12.7781 1.4849 1
      vertex 12.7781 -1.4849 1
      vertex 12.9102 -1.20545 1
    endloop
  endfacet
  facet normal 0 0 1
    outer loop
      vertex 12.6191 1.75005 1
      vertex 12.7781 -1.4849 1
      vertex 12.7781 1.4849 1
    endloop
  endfacet
  facet normal 0 0 1
    outer loop
      vertex 12.6191 1.75005 1
      vertex 12.6191 -1.75005 1
      vertex 12.7781 -1.4849 1
    endloop
  endfacet
  facet normal 0 0 1
    outer loop
      vertex 12.435 1.99834 1
      vertex 12.6191 -1.75005 1
      vertex 12.6191 1.75005 1
    endloop
  endfacet
  facet normal 0 0 1
    outer loop
      vertex 12.435 1.99834 1
      vertex 12.435 -1.99834 1
      vertex 12.6191 -1.75005 1
    endloop
  endfacet
  facet normal 0 0 1
    outer loop
      vertex 12.2274 2.22739 1
      vertex 12.435 -1.99834 1
      vertex 12.435 1.99834 1
    endloop
  endfacet
  facet normal 0 0 1
    outer loop
      vertex 12.2274 2.22739 1
      vertex 12.2274 -2.22739 1
      vertex 12.435 -1.99834 1
    endloop
  endfacet
  facet normal 0 0 1
    outer loop
      vertex 11.9983 2.43498 1
      vertex 12.2274 -2.22739 1
      vertex 12.2274 2.22739 1
    endloop
  endfacet
  facet normal 0 0 1
    outer loop
      vertex 11.9983 2.43498 1
      vertex 11.9983 -2.43498 1
      vertex 12.2274 -2.22739 1
    endloop
  endfacet
  facet normal 0 0 1
    outer loop
      vertex 11.75 2.61913 1
      vertex 11.9983 -2.43498 1
      vertex 11.9983 2.43498 1
    endloop
  endfacet
  facet normal 0 0 1
    outer loop
      vertex 11.75 2.61913 1
      vertex 11.75 -2.61913 1
      vertex 11.9983 -2.43498 1
    endloop
  endfacet
  facet normal 0 0 1
    outer loop
      vertex 11.4849 2.77805 1
      vertex 11.75 -2.61913 1
      vertex 11.75 2.61913 1
    endloop
  endfacet
  facet normal 0 0 1
    outer loop
      vertex 11.4849 2.77805 1
      vertex 11.4849 -2.77805 1
      vertex 11.75 -2.61913 1
    endloop
  endfacet
  facet normal 0 0 1
    outer loop
      vertex 11.2055 2.91022 1
      vertex 11.4849 -2.77805 1
      vertex 11.4849 2.77805 1
    endloop
  endfacet
  facet normal 0 0 1
    outer loop
      vertex 11.2055 2.91022 1
      vertex 11.2055 -2.91022 1
      vertex 11.4849 -2.77805 1
    endloop
  endfacet
  facet normal 0 0 1
    outer loop
      vertex 10.9144 3.01436 1
      vertex 11.2055 -2.91022 1
      vertex 11.2055 2.91022 1
    endloop
  endfacet
  facet normal 0 0 1
    outer loop
      vertex 10.9144 3.01436 1
      vertex 10.9144 -3.01436 1
      vertex 11.2055 -2.91022 1
    endloop
  endfacet
  facet normal 0 0 1
    outer loop
      vertex 10.6145 3.08947 1
      vertex 10.9144 -3.01436 1
      vertex 10.9144 3.01436 1
    endloop
  endfacet
  facet normal 0 0 1
    outer loop
      vertex 10.6145 3.08947 1
      vertex 10.6145 -3.08947 1
      vertex 10.9144 -3.01436 1
    endloop
  endfacet
  facet normal 0 0 1
    outer loop
      vertex 10.3088 3.13483 1
      vertex 10.6145 -3.08947 1
      vertex 10.6145 3.08947 1
    endloop
  endfacet
  facet normal 0 0 1
    outer loop
      vertex 10.3088 3.13483 1
      vertex 10.3088 -3.13483 1
      vertex 10.6145 -3.08947 1
    endloop
  endfacet
  facet normal 0 0 1
    outer loop
      vertex 10 3.15 1
      vertex 10.3088 -3.13483 1
      vertex 10.3088 3.13483 1
    endloop
  endfacet
  facet normal 0 0 1
    outer loop
      vertex 10 3.15 1
      vertex 10 -3.15 1
      vertex 10.3088 -3.13483 1
    endloop
  endfacet
  facet normal -0 0 1
    outer loop
      vertex 9.69125 3.13483 1
      vertex 10 -3.15 1
      vertex 10 3.15 1
    endloop
  endfacet
  facet normal 0 0 1
    outer loop
      vertex 9.69125 3.13483 1
      vertex 9.69125 -3.13483 1
      vertex 10 -3.15 1
    endloop
  endfacet
  facet normal -0 0 1
    outer loop
      vertex 9.38546 3.08947 1
      vertex 9.69125 -3.13483 1
      vertex 9.69125 3.13483 1
    endloop
  endfacet
  facet normal 0 0 1
    outer loop
      vertex 9.38546 3.08947 1
      vertex 9.38546 -3.08947 1
      vertex 9.69125 -3.13483 1
    endloop
  endfacet
  facet normal -0 0 1
    outer loop
      vertex 9.0856 3.01436 1
      vertex 9.38546 -3.08947 1
      vertex 9.38546 3.08947 1
    endloop
  endfacet
  facet normal 0 0 1
    outer loop
      vertex 9.0856 3.01436 1
      vertex 9.0856 -3.01436 1
      vertex 9.38546 -3.08947 1
    endloop
  endfacet
  facet normal -0 0 1
    outer loop
      vertex 8.79455 2.91022 1
      vertex 9.0856 -3.01436 1
      vertex 9.0856 3.01436 1
    endloop
  endfacet
  facet normal 0 0 1
    outer loop
      vertex 8.79455 2.91022 1
      vertex 8.79455 -2.91022 1
      vertex 9.0856 -3.01436 1
    endloop
  endfacet
  facet normal -0 0 1
    outer loop
      vertex 8.5151 2.77805 1
      vertex 8.79455 -2.91022 1
      vertex 8.79455 2.91022 1
    endloop
  endfacet
  facet normal 0 0 1
    outer loop
      vertex 8.5151 2.77805 1
      vertex 8.5151 -2.77805 1
      vertex 8.79455 -2.91022 1
    endloop
  endfacet
  facet normal -0 0 1
    outer loop
      vertex 8.24995 2.61913 1
      vertex 8.5151 -2.77805 1
      vertex 8.5151 2.77805 1
    endloop
  endfacet
  facet normal 0 0 1
    outer loop
      vertex 8.24995 2.61913 1
      vertex 8.24995 -2.61913 1
      vertex 8.5151 -2.77805 1
    endloop
  endfacet
  facet normal -0 0 1
    outer loop
      vertex 8.00166 2.43498 1
      vertex 8.24995 -2.61913 1
      vertex 8.24995 2.61913 1
    endloop
  endfacet
  facet normal 0 0 1
    outer loop
      vertex 8.00166 2.43498 1
      vertex 8.00166 -2.43498 1
      vertex 8.24995 -2.61913 1
    endloop
  endfacet
  facet normal -0 0 1
    outer loop
      vertex 7.77261 2.22739 1
      vertex 8.00166 -2.43498 1
      vertex 8.00166 2.43498 1
    endloop
  endfacet
  facet normal 0 0 1
    outer loop
      vertex 7.77261 2.22739 1
      vertex 7.77261 -2.22739 1
      vertex 8.00166 -2.43498 1
    endloop
  endfacet
  facet normal -0 0 1
    outer loop
      vertex 7.56502 1.99834 1
      vertex 7.77261 -2.22739 1
      vertex 7.77261 2.22739 1
    endloop
  endfacet
  facet normal 0 0 1
    outer loop
      vertex 7.56502 1.99834 1
      vertex 7.56502 -1.99834 1
      vertex 7.77261 -2.22739 1
    endloop
  endfacet
  facet normal -0 0 1
    outer loop
      vertex 7.38087 1.75005 1
      vertex 7.56502 -1.99834 1
      vertex 7.56502 1.99834 1
    endloop
  endfacet
  facet normal 0 0 1
    outer loop
      vertex 7.38087 1.75005 1
      vertex 7.38087 -1.75005 1
      vertex 7.56502 -1.99834 1
    endloop
  endfacet
  facet normal -0 0 1
    outer loop
      vertex 7.22195 1.4849 1
      vertex 7.38087 -1.75005 1
      vertex 7.38087 1.75005 1
    endloop
  endfacet
  facet normal 0 0 1
    outer loop
      vertex 7.22195 1.4849 1
      vertex 7.22195 -1.4849 1
      vertex 7.38087 -1.75005 1
    endloop
  endfacet
  facet normal -0 0 1
    outer loop
      vertex 7.08978 1.20545 1
      vertex 7.22195 -1.4849 1
      vertex 7.22195 1.4849 1
    endloop
  endfacet
  facet normal 0 0 1
    outer loop
      vertex 7.08978 1.20545 1
      vertex 7.08978 -1.20545 1
      vertex 7.22195 -1.4849 1
    endloop
  endfacet
  facet normal -0 0 1
    outer loop
      vertex 6.98564 0.914396 1
      vertex 7.08978 -1.20545 1
      vertex 7.08978 1.20545 1
    endloop
  endfacet
  facet normal 0 0 1
    outer loop
      vertex 6.98564 0.914396 1
      vertex 6.98564 -0.914396 1
      vertex 7.08978 -1.20545 1
    endloop
  endfacet
  facet normal -0 0 1
    outer loop
      vertex 6.91053 0.614534 1
      vertex 6.98564 -0.914396 1
      vertex 6.98564 0.914396 1
    endloop
  endfacet
  facet normal 0 0 1
    outer loop
      vertex 6.91053 0.614534 1
      vertex 6.91053 -0.614534 1
      vertex 6.98564 -0.914396 1
    endloop
  endfacet
  facet normal -0 0 1
    outer loop
      vertex 6.86517 0.308754 1
      vertex 6.91053 -0.614534 1
      vertex 6.91053 0.614534 1
    endloop
  endfacet
  facet normal 0 0 1
    outer loop
      vertex 6.86517 0.308754 1
      vertex 6.86517 -0.308754 1
      vertex 6.91053 -0.614534 1
    endloop
  endfacet
  facet normal 0 -0 1
    outer loop
      vertex 6.86517 -0.308754 1
      vertex 6.86517 0.308754 1
      vertex 6.85 0 1
    endloop
  endfacet
  facet normal 0.514091 0.857735 -0
    outer loop
      vertex 8.5151 -2.77805 1
      vertex 8.24995 -2.61913 4.2
      vertex 8.5151 -2.77805 4.2
    endloop
  endfacet
  facet normal 0.514091 0.857735 0
    outer loop
      vertex 8.24995 -2.61913 4.2
      vertex 8.5151 -2.77805 1
      vertex 8.24995 -2.61913 1
    endloop
  endfacet
  facet normal 0.941542 0.336895 0
    outer loop
      vertex -15.0592 -6.23774 6
      vertex -15.5981 -4.73164 5.4
      vertex -15.5981 -4.73164 6
    endloop
  endfacet
  facet normal 0.941542 0.336895 0
    outer loop
      vertex -15.5981 -4.73164 5.4
      vertex -15.0592 -6.23774 6
      vertex -15.0592 -6.23774 5.4
    endloop
  endfacet
  facet normal 0.989177 0.146724 0
    outer loop
      vertex -15.9868 -3.17997 6
      vertex -16.2215 -1.59768 5.4
      vertex -16.2215 -1.59768 6
    endloop
  endfacet
  facet normal 0.989177 0.146724 0
    outer loop
      vertex -16.2215 -1.59768 5.4
      vertex -15.9868 -3.17997 6
      vertex -15.9868 -3.17997 5.4
    endloop
  endfacet
  facet normal -0.941542 -0.336895 0
    outer loop
      vertex 15.5981 4.73164 5.4
      vertex 15.0592 6.23774 6
      vertex 15.0592 6.23774 5.4
    endloop
  endfacet
  facet normal -0.941542 -0.336895 0
    outer loop
      vertex 15.0592 6.23774 6
      vertex 15.5981 4.73164 5.4
      vertex 15.5981 4.73164 6
    endloop
  endfacet
  facet normal -0.740921 -0.671592 0
    outer loop
      vertex 12.6001 10.3406 5.4
      vertex 11.5258 11.5258 6
      vertex 11.5258 11.5258 5.4
    endloop
  endfacet
  facet normal -0.740921 -0.671592 0
    outer loop
      vertex 11.5258 11.5258 6
      vertex 12.6001 10.3406 5.4
      vertex 12.6001 10.3406 6
    endloop
  endfacet
  facet normal 0.671592 0.740921 -0
    outer loop
      vertex -10.3406 -12.6001 5.4
      vertex -11.5258 -11.5258 6
      vertex -10.3406 -12.6001 6
    endloop
  endfacet
  facet normal 0.671592 0.740921 0
    outer loop
      vertex -11.5258 -11.5258 6
      vertex -10.3406 -12.6001 5.4
      vertex -11.5258 -11.5258 5.4
    endloop
  endfacet
  facet normal -0.427544 0.903994 0
    outer loop
      vertex 7.68377 -14.3753 5.4
      vertex 6.23774 -15.0592 6
      vertex 7.68377 -14.3753 6
    endloop
  endfacet
  facet normal -0.427544 0.903994 0
    outer loop
      vertex 6.23774 -15.0592 6
      vertex 7.68377 -14.3753 5.4
      vertex 6.23774 -15.0592 5.4
    endloop
  endfacet
  facet normal 0.989177 -0.146724 0
    outer loop
      vertex -16.2215 1.59768 6
      vertex -15.9868 3.17997 5.4
      vertex -15.9868 3.17997 6
    endloop
  endfacet
  facet normal 0.989177 -0.146724 0
    outer loop
      vertex -15.9868 3.17997 5.4
      vertex -16.2215 1.59768 6
      vertex -16.2215 1.59768 5.4
    endloop
  endfacet
  facet normal -0.857744 0.514076 0
    outer loop
      vertex 13.553 -9.05579 5.4
      vertex 14.3753 -7.68377 6
      vertex 14.3753 -7.68377 5.4
    endloop
  endfacet
  facet normal -0.857744 0.514076 0
    outer loop
      vertex 14.3753 -7.68377 6
      vertex 13.553 -9.05579 5.4
      vertex 13.553 -9.05579 6
    endloop
  endfacet
  facet normal -0.427544 -0.903994 0
    outer loop
      vertex 6.23774 15.0592 5.4
      vertex 7.68377 14.3753 6
      vertex 6.23774 15.0592 6
    endloop
  endfacet
  facet normal -0.427544 -0.903994 -0
    outer loop
      vertex 7.68377 14.3753 6
      vertex 6.23774 15.0592 5.4
      vertex 7.68377 14.3753 5.4
    endloop
  endfacet
  facet normal 0.595707 0.803202 -0
    outer loop
      vertex -9.05579 -13.553 5.4
      vertex -10.3406 -12.6001 6
      vertex -9.05579 -13.553 6
    endloop
  endfacet
  facet normal 0.595707 0.803202 0
    outer loop
      vertex -10.3406 -12.6001 6
      vertex -9.05579 -13.553 5.4
      vertex -10.3406 -12.6001 5.4
    endloop
  endfacet
  facet normal 0.970027 -0.242996 0
    outer loop
      vertex -15.9868 3.17997 6
      vertex -15.5981 4.73164 5.4
      vertex -15.5981 4.73164 6
    endloop
  endfacet
  facet normal 0.970027 -0.242996 0
    outer loop
      vertex -15.5981 4.73164 5.4
      vertex -15.9868 3.17997 6
      vertex -15.9868 3.17997 5.4
    endloop
  endfacet
  facet normal -0.903994 -0.427544 0
    outer loop
      vertex 15.0592 6.23774 5.4
      vertex 14.3753 7.68377 6
      vertex 14.3753 7.68377 5.4
    endloop
  endfacet
  facet normal -0.903994 -0.427544 0
    outer loop
      vertex 14.3753 7.68377 6
      vertex 15.0592 6.23774 5.4
      vertex 15.0592 6.23774 6
    endloop
  endfacet
  facet normal -0.0490745 0.998795 0
    outer loop
      vertex 1.59768 -16.2215 5.4
      vertex 0 -16.3 6
      vertex 1.59768 -16.2215 6
    endloop
  endfacet
  facet normal -0.0490745 0.998795 0
    outer loop
      vertex 0 -16.3 6
      vertex 1.59768 -16.2215 5.4
      vertex 0 -16.3 5.4
    endloop
  endfacet
  facet normal 0.903994 0.427544 0
    outer loop
      vertex -14.3753 -7.68377 6
      vertex -15.0592 -6.23774 5.4
      vertex -15.0592 -6.23774 6
    endloop
  endfacet
  facet normal 0.903994 0.427544 0
    outer loop
      vertex -15.0592 -6.23774 5.4
      vertex -14.3753 -7.68377 6
      vertex -14.3753 -7.68377 5.4
    endloop
  endfacet
  facet normal 0.146724 -0.989177 0
    outer loop
      vertex -3.17997 15.9868 5.4
      vertex -1.59768 16.2215 6
      vertex -3.17997 15.9868 6
    endloop
  endfacet
  facet normal 0.146724 -0.989177 0
    outer loop
      vertex -1.59768 16.2215 6
      vertex -3.17997 15.9868 5.4
      vertex -1.59768 16.2215 5.4
    endloop
  endfacet
  facet normal -0.989177 -0.146724 0
    outer loop
      vertex 16.2215 1.59768 5.4
      vertex 15.9868 3.17997 6
      vertex 15.9868 3.17997 5.4
    endloop
  endfacet
  facet normal -0.989177 -0.146724 0
    outer loop
      vertex 15.9868 3.17997 6
      vertex 16.2215 1.59768 5.4
      vertex 16.2215 1.59768 6
    endloop
  endfacet
  facet normal 0.803202 -0.595707 0
    outer loop
      vertex -13.553 9.05579 6
      vertex -12.6001 10.3406 5.4
      vertex -12.6001 10.3406 6
    endloop
  endfacet
  facet normal 0.803202 -0.595707 0
    outer loop
      vertex -12.6001 10.3406 5.4
      vertex -13.553 9.05579 6
      vertex -13.553 9.05579 5.4
    endloop
  endfacet
  facet normal -0.857744 -0.514076 0
    outer loop
      vertex 14.3753 7.68377 5.4
      vertex 13.553 9.05579 6
      vertex 13.553 9.05579 5.4
    endloop
  endfacet
  facet normal -0.857744 -0.514076 0
    outer loop
      vertex 13.553 9.05579 6
      vertex 14.3753 7.68377 5.4
      vertex 14.3753 7.68377 6
    endloop
  endfacet
  facet normal -0.146724 -0.989177 0
    outer loop
      vertex 1.59768 16.2215 5.4
      vertex 3.17997 15.9868 6
      vertex 1.59768 16.2215 6
    endloop
  endfacet
  facet normal -0.146724 -0.989177 -0
    outer loop
      vertex 3.17997 15.9868 6
      vertex 1.59768 16.2215 5.4
      vertex 3.17997 15.9868 5.4
    endloop
  endfacet
  facet normal 0.998795 0.0490745 0
    outer loop
      vertex -16.2215 -1.59768 6
      vertex -16.3 0 5.4
      vertex -16.3 0 6
    endloop
  endfacet
  facet normal 0.998795 0.0490745 0
    outer loop
      vertex -16.3 0 5.4
      vertex -16.2215 -1.59768 6
      vertex -16.2215 -1.59768 5.4
    endloop
  endfacet
  facet normal 0.970027 0.242996 0
    outer loop
      vertex -15.5981 -4.73164 6
      vertex -15.9868 -3.17997 5.4
      vertex -15.9868 -3.17997 6
    endloop
  endfacet
  facet normal 0.970027 0.242996 0
    outer loop
      vertex -15.9868 -3.17997 5.4
      vertex -15.5981 -4.73164 6
      vertex -15.5981 -4.73164 5.4
    endloop
  endfacet
  facet normal -0.998795 -0.0490745 0
    outer loop
      vertex 16.3 0 5.4
      vertex 16.2215 1.59768 6
      vertex 16.2215 1.59768 5.4
    endloop
  endfacet
  facet normal -0.998795 -0.0490745 0
    outer loop
      vertex 16.2215 1.59768 6
      vertex 16.3 0 5.4
      vertex 16.3 0 6
    endloop
  endfacet
  facet normal 0.336895 -0.941542 0
    outer loop
      vertex -6.23774 15.0592 5.4
      vertex -4.73164 15.5981 6
      vertex -6.23774 15.0592 6
    endloop
  endfacet
  facet normal 0.336895 -0.941542 0
    outer loop
      vertex -4.73164 15.5981 6
      vertex -6.23774 15.0592 5.4
      vertex -4.73164 15.5981 5.4
    endloop
  endfacet
  facet normal -0.803202 0.595707 0
    outer loop
      vertex 12.6001 -10.3406 5.4
      vertex 13.553 -9.05579 6
      vertex 13.553 -9.05579 5.4
    endloop
  endfacet
  facet normal -0.803202 0.595707 0
    outer loop
      vertex 13.553 -9.05579 6
      vertex 12.6001 -10.3406 5.4
      vertex 12.6001 -10.3406 6
    endloop
  endfacet
  facet normal -0.336895 -0.941542 0
    outer loop
      vertex 4.73164 15.5981 5.4
      vertex 6.23774 15.0592 6
      vertex 4.73164 15.5981 6
    endloop
  endfacet
  facet normal -0.336895 -0.941542 -0
    outer loop
      vertex 6.23774 15.0592 6
      vertex 4.73164 15.5981 5.4
      vertex 6.23774 15.0592 5.4
    endloop
  endfacet
  facet normal -0.998795 0.0490745 0
    outer loop
      vertex 16.2215 -1.59768 5.4
      vertex 16.3 0 6
      vertex 16.3 0 5.4
    endloop
  endfacet
  facet normal -0.998795 0.0490745 0
    outer loop
      vertex 16.3 0 6
      vertex 16.2215 -1.59768 5.4
      vertex 16.2215 -1.59768 6
    endloop
  endfacet
  facet normal 0.671592 -0.740921 0
    outer loop
      vertex -11.5258 11.5258 5.4
      vertex -10.3406 12.6001 6
      vertex -11.5258 11.5258 6
    endloop
  endfacet
  facet normal 0.671592 -0.740921 0
    outer loop
      vertex -10.3406 12.6001 6
      vertex -11.5258 11.5258 5.4
      vertex -10.3406 12.6001 5.4
    endloop
  endfacet
  facet normal -0.970027 -0.242996 0
    outer loop
      vertex 15.9868 3.17997 5.4
      vertex 15.5981 4.73164 6
      vertex 15.5981 4.73164 5.4
    endloop
  endfacet
  facet normal -0.970027 -0.242996 0
    outer loop
      vertex 15.5981 4.73164 6
      vertex 15.9868 3.17997 5.4
      vertex 15.9868 3.17997 6
    endloop
  endfacet
  facet normal 0.857744 0.514076 0
    outer loop
      vertex -13.553 -9.05579 6
      vertex -14.3753 -7.68377 5.4
      vertex -14.3753 -7.68377 6
    endloop
  endfacet
  facet normal 0.857744 0.514076 0
    outer loop
      vertex -14.3753 -7.68377 5.4
      vertex -13.553 -9.05579 6
      vertex -13.553 -9.05579 5.4
    endloop
  endfacet
  facet normal 0.0490745 0.998795 -0
    outer loop
      vertex 0 -16.3 5.4
      vertex -1.59768 -16.2215 6
      vertex 0 -16.3 6
    endloop
  endfacet
  facet normal 0.0490745 0.998795 0
    outer loop
      vertex -1.59768 -16.2215 6
      vertex 0 -16.3 5.4
      vertex -1.59768 -16.2215 5.4
    endloop
  endfacet
  facet normal 0.427544 -0.903994 0
    outer loop
      vertex -7.68377 14.3753 5.4
      vertex -6.23774 15.0592 6
      vertex -7.68377 14.3753 6
    endloop
  endfacet
  facet normal 0.427544 -0.903994 0
    outer loop
      vertex -6.23774 15.0592 6
      vertex -7.68377 14.3753 5.4
      vertex -6.23774 15.0592 5.4
    endloop
  endfacet
  facet normal 0.740921 -0.671592 0
    outer loop
      vertex -12.6001 10.3406 6
      vertex -11.5258 11.5258 5.4
      vertex -11.5258 11.5258 6
    endloop
  endfacet
  facet normal 0.740921 -0.671592 0
    outer loop
      vertex -11.5258 11.5258 5.4
      vertex -12.6001 10.3406 6
      vertex -12.6001 10.3406 5.4
    endloop
  endfacet
  facet normal 0.595707 -0.803202 0
    outer loop
      vertex -10.3406 12.6001 5.4
      vertex -9.05579 13.553 6
      vertex -10.3406 12.6001 6
    endloop
  endfacet
  facet normal 0.595707 -0.803202 0
    outer loop
      vertex -9.05579 13.553 6
      vertex -10.3406 12.6001 5.4
      vertex -9.05579 13.553 5.4
    endloop
  endfacet
  facet normal 0.0490745 -0.998795 0
    outer loop
      vertex -1.59768 16.2215 5.4
      vertex 0 16.3 6
      vertex -1.59768 16.2215 6
    endloop
  endfacet
  facet normal 0.0490745 -0.998795 0
    outer loop
      vertex 0 16.3 6
      vertex -1.59768 16.2215 5.4
      vertex 0 16.3 5.4
    endloop
  endfacet
  facet normal -0.595707 0.803202 0
    outer loop
      vertex 10.3406 -12.6001 5.4
      vertex 9.05579 -13.553 6
      vertex 10.3406 -12.6001 6
    endloop
  endfacet
  facet normal -0.595707 0.803202 0
    outer loop
      vertex 9.05579 -13.553 6
      vertex 10.3406 -12.6001 5.4
      vertex 9.05579 -13.553 5.4
    endloop
  endfacet
  facet normal -0.336895 0.941542 0
    outer loop
      vertex 6.23774 -15.0592 5.4
      vertex 4.73164 -15.5981 6
      vertex 6.23774 -15.0592 6
    endloop
  endfacet
  facet normal -0.336895 0.941542 0
    outer loop
      vertex 4.73164 -15.5981 6
      vertex 6.23774 -15.0592 5.4
      vertex 4.73164 -15.5981 5.4
    endloop
  endfacet
  facet normal 0.242996 -0.970027 0
    outer loop
      vertex -4.73164 15.5981 5.4
      vertex -3.17997 15.9868 6
      vertex -4.73164 15.5981 6
    endloop
  endfacet
  facet normal 0.242996 -0.970027 0
    outer loop
      vertex -3.17997 15.9868 6
      vertex -4.73164 15.5981 5.4
      vertex -3.17997 15.9868 5.4
    endloop
  endfacet
  facet normal -0.989177 0.146724 0
    outer loop
      vertex 15.9868 -3.17997 5.4
      vertex 16.2215 -1.59768 6
      vertex 16.2215 -1.59768 5.4
    endloop
  endfacet
  facet normal -0.989177 0.146724 0
    outer loop
      vertex 16.2215 -1.59768 6
      vertex 15.9868 -3.17997 5.4
      vertex 15.9868 -3.17997 6
    endloop
  endfacet
  facet normal -0.146724 0.989177 0
    outer loop
      vertex 3.17997 -15.9868 5.4
      vertex 1.59768 -16.2215 6
      vertex 3.17997 -15.9868 6
    endloop
  endfacet
  facet normal -0.146724 0.989177 0
    outer loop
      vertex 1.59768 -16.2215 6
      vertex 3.17997 -15.9868 5.4
      vertex 1.59768 -16.2215 5.4
    endloop
  endfacet
  facet normal -0.941542 0.336895 0
    outer loop
      vertex 15.0592 -6.23774 5.4
      vertex 15.5981 -4.73164 6
      vertex 15.5981 -4.73164 5.4
    endloop
  endfacet
  facet normal -0.941542 0.336895 0
    outer loop
      vertex 15.5981 -4.73164 6
      vertex 15.0592 -6.23774 5.4
      vertex 15.0592 -6.23774 6
    endloop
  endfacet
  facet normal 0 0 1
    outer loop
      vertex 15.1 0 5.4
      vertex 16.3 0 5.4
      vertex 16.2215 1.59768 5.4
    endloop
  endfacet
  facet normal 0 0 1
    outer loop
      vertex 15.0273 1.48006 5.4
      vertex 16.2215 1.59768 5.4
      vertex 15.9868 3.17997 5.4
    endloop
  endfacet
  facet normal 0 0 1
    outer loop
      vertex 16.3 0 5.4
      vertex 15.1 0 5.4
      vertex 16.2215 -1.59768 5.4
    endloop
  endfacet
  facet normal 0 0 1
    outer loop
      vertex 14.8099 2.94586 5.4
      vertex 15.9868 3.17997 5.4
      vertex 15.5981 4.73164 5.4
    endloop
  endfacet
  facet normal -0 0 1
    outer loop
      vertex 15.0273 -1.48006 5.4
      vertex 16.2215 -1.59768 5.4
      vertex 15.1 0 5.4
    endloop
  endfacet
  facet normal 0 0 1
    outer loop
      vertex 16.2215 -1.59768 5.4
      vertex 15.0273 -1.48006 5.4
      vertex 15.9868 -3.17997 5.4
    endloop
  endfacet
  facet normal 0 0 1
    outer loop
      vertex 14.4498 4.3833 5.4
      vertex 15.5981 4.73164 5.4
      vertex 15.0592 6.23774 5.4
    endloop
  endfacet
  facet normal 0 0 1
    outer loop
      vertex 16.2215 1.59768 5.4
      vertex 15.0273 1.48006 5.4
      vertex 15.1 0 5.4
    endloop
  endfacet
  facet normal 0 0 1
    outer loop
      vertex 15.9868 3.17997 5.4
      vertex 14.8099 2.94586 5.4
      vertex 15.0273 1.48006 5.4
    endloop
  endfacet
  facet normal 0 0 1
    outer loop
      vertex 15.5981 4.73164 5.4
      vertex 14.4498 4.3833 5.4
      vertex 14.8099 2.94586 5.4
    endloop
  endfacet
  facet normal 0 0 1
    outer loop
      vertex 13.9506 5.77852 5.4
      vertex 15.0592 6.23774 5.4
      vertex 14.3753 7.68377 5.4
    endloop
  endfacet
  facet normal 0 0 1
    outer loop
      vertex 15.0592 6.23774 5.4
      vertex 13.9506 5.77852 5.4
      vertex 14.4498 4.3833 5.4
    endloop
  endfacet
  facet normal 0 0 1
    outer loop
      vertex 13.317 7.11809 5.4
      vertex 14.3753 7.68377 5.4
      vertex 13.553 9.05579 5.4
    endloop
  endfacet
  facet normal 0 0 1
    outer loop
      vertex 14.3753 7.68377 5.4
      vertex 13.317 7.11809 5.4
      vertex 13.9506 5.77852 5.4
    endloop
  endfacet
  facet normal 0 0 1
    outer loop
      vertex 12.5552 8.38911 5.4
      vertex 13.553 9.05579 5.4
      vertex 12.6001 10.3406 5.4
    endloop
  endfacet
  facet normal 0 0 1
    outer loop
      vertex 13.553 9.05579 5.4
      vertex 12.5552 8.38911 5.4
      vertex 13.317 7.11809 5.4
    endloop
  endfacet
  facet normal 0 0 1
    outer loop
      vertex 12.6001 10.3406 5.4
      vertex 11.6725 9.57934 5.4
      vertex 12.5552 8.38911 5.4
    endloop
  endfacet
  facet normal 0 0 1
    outer loop
      vertex 11.5258 11.5258 5.4
      vertex 11.6725 9.57934 5.4
      vertex 12.6001 10.3406 5.4
    endloop
  endfacet
  facet normal 0 0 1
    outer loop
      vertex 11.5258 11.5258 5.4
      vertex 10.6773 10.6773 5.4
      vertex 11.6725 9.57934 5.4
    endloop
  endfacet
  facet normal 0 0 1
    outer loop
      vertex 10.3406 12.6001 5.4
      vertex 10.6773 10.6773 5.4
      vertex 11.5258 11.5258 5.4
    endloop
  endfacet
  facet normal 0 0 1
    outer loop
      vertex 10.3406 12.6001 5.4
      vertex 9.57934 11.6725 5.4
      vertex 10.6773 10.6773 5.4
    endloop
  endfacet
  facet normal 0 0 1
    outer loop
      vertex 9.05579 13.553 5.4
      vertex 9.57934 11.6725 5.4
      vertex 10.3406 12.6001 5.4
    endloop
  endfacet
  facet normal 0 0 1
    outer loop
      vertex 9.05579 13.553 5.4
      vertex 8.38911 12.5552 5.4
      vertex 9.57934 11.6725 5.4
    endloop
  endfacet
  facet normal 0 0 1
    outer loop
      vertex 7.68377 14.3753 5.4
      vertex 8.38911 12.5552 5.4
      vertex 9.05579 13.553 5.4
    endloop
  endfacet
  facet normal 0 0 1
    outer loop
      vertex 7.68377 14.3753 5.4
      vertex 7.11809 13.317 5.4
      vertex 8.38911 12.5552 5.4
    endloop
  endfacet
  facet normal 0 0 1
    outer loop
      vertex 6.23774 15.0592 5.4
      vertex 7.11809 13.317 5.4
      vertex 7.68377 14.3753 5.4
    endloop
  endfacet
  facet normal 0 0 1
    outer loop
      vertex 6.23774 15.0592 5.4
      vertex 5.77852 13.9506 5.4
      vertex 7.11809 13.317 5.4
    endloop
  endfacet
  facet normal 0 0 1
    outer loop
      vertex 4.73164 15.5981 5.4
      vertex 5.77852 13.9506 5.4
      vertex 6.23774 15.0592 5.4
    endloop
  endfacet
  facet normal 0 0 1
    outer loop
      vertex 4.73164 15.5981 5.4
      vertex 4.3833 14.4498 5.4
      vertex 5.77852 13.9506 5.4
    endloop
  endfacet
  facet normal 0 0 1
    outer loop
      vertex 3.17997 15.9868 5.4
      vertex 4.3833 14.4498 5.4
      vertex 4.73164 15.5981 5.4
    endloop
  endfacet
  facet normal 0 0 1
    outer loop
      vertex 3.17997 15.9868 5.4
      vertex 2.94586 14.8099 5.4
      vertex 4.3833 14.4498 5.4
    endloop
  endfacet
  facet normal 0 0 1
    outer loop
      vertex 1.59768 16.2215 5.4
      vertex 2.94586 14.8099 5.4
      vertex 3.17997 15.9868 5.4
    endloop
  endfacet
  facet normal 0 0 1
    outer loop
      vertex 1.59768 16.2215 5.4
      vertex 1.48006 15.0273 5.4
      vertex 2.94586 14.8099 5.4
    endloop
  endfacet
  facet normal 0 0 1
    outer loop
      vertex 0 16.3 5.4
      vertex 1.48006 15.0273 5.4
      vertex 1.59768 16.2215 5.4
    endloop
  endfacet
  facet normal 0 0 1
    outer loop
      vertex 0 16.3 5.4
      vertex 0 15.1 5.4
      vertex 1.48006 15.0273 5.4
    endloop
  endfacet
  facet normal 0 0 1
    outer loop
      vertex 0 16.3 5.4
      vertex -1.48006 15.0273 5.4
      vertex 0 15.1 5.4
    endloop
  endfacet
  facet normal -0 0 1
    outer loop
      vertex -1.59768 16.2215 5.4
      vertex -1.48006 15.0273 5.4
      vertex 0 16.3 5.4
    endloop
  endfacet
  facet normal 0 0 1
    outer loop
      vertex -1.59768 16.2215 5.4
      vertex -2.94586 14.8099 5.4
      vertex -1.48006 15.0273 5.4
    endloop
  endfacet
  facet normal -0 0 1
    outer loop
      vertex -3.17997 15.9868 5.4
      vertex -2.94586 14.8099 5.4
      vertex -1.59768 16.2215 5.4
    endloop
  endfacet
  facet normal 0 0 1
    outer loop
      vertex -3.17997 15.9868 5.4
      vertex -4.3833 14.4498 5.4
      vertex -2.94586 14.8099 5.4
    endloop
  endfacet
  facet normal -0 0 1
    outer loop
      vertex -4.73164 15.5981 5.4
      vertex -4.3833 14.4498 5.4
      vertex -3.17997 15.9868 5.4
    endloop
  endfacet
  facet normal 0 0 1
    outer loop
      vertex -4.73164 15.5981 5.4
      vertex -5.77852 13.9506 5.4
      vertex -4.3833 14.4498 5.4
    endloop
  endfacet
  facet normal -0 0 1
    outer loop
      vertex -6.23774 15.0592 5.4
      vertex -5.77852 13.9506 5.4
      vertex -4.73164 15.5981 5.4
    endloop
  endfacet
  facet normal 0 0 1
    outer loop
      vertex -6.23774 15.0592 5.4
      vertex -7.11809 13.317 5.4
      vertex -5.77852 13.9506 5.4
    endloop
  endfacet
  facet normal -0 0 1
    outer loop
      vertex -7.68377 14.3753 5.4
      vertex -7.11809 13.317 5.4
      vertex -6.23774 15.0592 5.4
    endloop
  endfacet
  facet normal 0 0 1
    outer loop
      vertex -7.68377 14.3753 5.4
      vertex -8.38911 12.5552 5.4
      vertex -7.11809 13.317 5.4
    endloop
  endfacet
  facet normal -0 0 1
    outer loop
      vertex -9.05579 13.553 5.4
      vertex -8.38911 12.5552 5.4
      vertex -7.68377 14.3753 5.4
    endloop
  endfacet
  facet normal 0 0 1
    outer loop
      vertex -9.05579 13.553 5.4
      vertex -9.57934 11.6725 5.4
      vertex -8.38911 12.5552 5.4
    endloop
  endfacet
  facet normal -0 0 1
    outer loop
      vertex -10.3406 12.6001 5.4
      vertex -9.57934 11.6725 5.4
      vertex -9.05579 13.553 5.4
    endloop
  endfacet
  facet normal 0 0 1
    outer loop
      vertex -10.3406 12.6001 5.4
      vertex -10.6773 10.6773 5.4
      vertex -9.57934 11.6725 5.4
    endloop
  endfacet
  facet normal -0 0 1
    outer loop
      vertex -11.5258 11.5258 5.4
      vertex -10.6773 10.6773 5.4
      vertex -10.3406 12.6001 5.4
    endloop
  endfacet
  facet normal 0 0 1
    outer loop
      vertex -11.5258 11.5258 5.4
      vertex -11.6725 9.57934 5.4
      vertex -10.6773 10.6773 5.4
    endloop
  endfacet
  facet normal -0 0 1
    outer loop
      vertex -12.6001 10.3406 5.4
      vertex -11.6725 9.57934 5.4
      vertex -11.5258 11.5258 5.4
    endloop
  endfacet
  facet normal 0 0 1
    outer loop
      vertex -11.6725 9.57934 5.4
      vertex -12.6001 10.3406 5.4
      vertex -12.5552 8.38911 5.4
    endloop
  endfacet
  facet normal -0 0 1
    outer loop
      vertex -13.553 9.05579 5.4
      vertex -12.5552 8.38911 5.4
      vertex -12.6001 10.3406 5.4
    endloop
  endfacet
  facet normal 0 0 1
    outer loop
      vertex -12.5552 8.38911 5.4
      vertex -13.553 9.05579 5.4
      vertex -13.317 7.11809 5.4
    endloop
  endfacet
  facet normal -0 0 1
    outer loop
      vertex -14.3753 7.68377 5.4
      vertex -13.317 7.11809 5.4
      vertex -13.553 9.05579 5.4
    endloop
  endfacet
  facet normal 0 0 1
    outer loop
      vertex -13.317 7.11809 5.4
      vertex -14.3753 7.68377 5.4
      vertex -13.9506 5.77852 5.4
    endloop
  endfacet
  facet normal -0 0 1
    outer loop
      vertex -15.0592 6.23774 5.4
      vertex -13.9506 5.77852 5.4
      vertex -14.3753 7.68377 5.4
    endloop
  endfacet
  facet normal 0 0 1
    outer loop
      vertex -13.9506 5.77852 5.4
      vertex -15.0592 6.23774 5.4
      vertex -14.4498 4.3833 5.4
    endloop
  endfacet
  facet normal -0 0 1
    outer loop
      vertex -15.5981 4.73164 5.4
      vertex -14.4498 4.3833 5.4
      vertex -15.0592 6.23774 5.4
    endloop
  endfacet
  facet normal 0 0 1
    outer loop
      vertex -14.4498 4.3833 5.4
      vertex -15.5981 4.73164 5.4
      vertex -14.8099 2.94586 5.4
    endloop
  endfacet
  facet normal -0 0 1
    outer loop
      vertex -15.9868 3.17997 5.4
      vertex -14.8099 2.94586 5.4
      vertex -15.5981 4.73164 5.4
    endloop
  endfacet
  facet normal 0 0 1
    outer loop
      vertex -14.8099 2.94586 5.4
      vertex -15.9868 3.17997 5.4
      vertex -15.0273 1.48006 5.4
    endloop
  endfacet
  facet normal -0 0 1
    outer loop
      vertex 14.8099 -2.94586 5.4
      vertex 15.9868 -3.17997 5.4
      vertex 15.0273 -1.48006 5.4
    endloop
  endfacet
  facet normal 0 0 1
    outer loop
      vertex 15.9868 -3.17997 5.4
      vertex 14.8099 -2.94586 5.4
      vertex 15.5981 -4.73164 5.4
    endloop
  endfacet
  facet normal -0 0 1
    outer loop
      vertex 14.4498 -4.3833 5.4
      vertex 15.5981 -4.73164 5.4
      vertex 14.8099 -2.94586 5.4
    endloop
  endfacet
  facet normal 0 0 1
    outer loop
      vertex 15.5981 -4.73164 5.4
      vertex 14.4498 -4.3833 5.4
      vertex 15.0592 -6.23774 5.4
    endloop
  endfacet
  facet normal -0 0 1
    outer loop
      vertex 13.9506 -5.77852 5.4
      vertex 15.0592 -6.23774 5.4
      vertex 14.4498 -4.3833 5.4
    endloop
  endfacet
  facet normal 0 0 1
    outer loop
      vertex 15.0592 -6.23774 5.4
      vertex 13.9506 -5.77852 5.4
      vertex 14.3753 -7.68377 5.4
    endloop
  endfacet
  facet normal -0 0 1
    outer loop
      vertex 13.317 -7.11809 5.4
      vertex 14.3753 -7.68377 5.4
      vertex 13.9506 -5.77852 5.4
    endloop
  endfacet
  facet normal 0 0 1
    outer loop
      vertex 14.3753 -7.68377 5.4
      vertex 13.317 -7.11809 5.4
      vertex 13.553 -9.05579 5.4
    endloop
  endfacet
  facet normal -0 0 1
    outer loop
      vertex 12.5552 -8.38911 5.4
      vertex 13.553 -9.05579 5.4
      vertex 13.317 -7.11809 5.4
    endloop
  endfacet
  facet normal 0 0 1
    outer loop
      vertex 13.553 -9.05579 5.4
      vertex 12.5552 -8.38911 5.4
      vertex 12.6001 -10.3406 5.4
    endloop
  endfacet
  facet normal -0 0 1
    outer loop
      vertex 11.6725 -9.57934 5.4
      vertex 12.6001 -10.3406 5.4
      vertex 12.5552 -8.38911 5.4
    endloop
  endfacet
  facet normal 0 0 1
    outer loop
      vertex 11.6725 -9.57934 5.4
      vertex 11.5258 -11.5258 5.4
      vertex 12.6001 -10.3406 5.4
    endloop
  endfacet
  facet normal -0 0 1
    outer loop
      vertex 10.6773 -10.6773 5.4
      vertex 11.5258 -11.5258 5.4
      vertex 11.6725 -9.57934 5.4
    endloop
  endfacet
  facet normal 0 0 1
    outer loop
      vertex 10.6773 -10.6773 5.4
      vertex 10.3406 -12.6001 5.4
      vertex 11.5258 -11.5258 5.4
    endloop
  endfacet
  facet normal -0 0 1
    outer loop
      vertex 9.57934 -11.6725 5.4
      vertex 10.3406 -12.6001 5.4
      vertex 10.6773 -10.6773 5.4
    endloop
  endfacet
  facet normal 0 0 1
    outer loop
      vertex 9.57934 -11.6725 5.4
      vertex 9.05579 -13.553 5.4
      vertex 10.3406 -12.6001 5.4
    endloop
  endfacet
  facet normal -0 0 1
    outer loop
      vertex 8.38911 -12.5552 5.4
      vertex 9.05579 -13.553 5.4
      vertex 9.57934 -11.6725 5.4
    endloop
  endfacet
  facet normal 0 0 1
    outer loop
      vertex 8.38911 -12.5552 5.4
      vertex 7.68377 -14.3753 5.4
      vertex 9.05579 -13.553 5.4
    endloop
  endfacet
  facet normal -0 0 1
    outer loop
      vertex 7.11809 -13.317 5.4
      vertex 7.68377 -14.3753 5.4
      vertex 8.38911 -12.5552 5.4
    endloop
  endfacet
  facet normal 0 0 1
    outer loop
      vertex 7.11809 -13.317 5.4
      vertex 6.23774 -15.0592 5.4
      vertex 7.68377 -14.3753 5.4
    endloop
  endfacet
  facet normal -0 0 1
    outer loop
      vertex 5.77852 -13.9506 5.4
      vertex 6.23774 -15.0592 5.4
      vertex 7.11809 -13.317 5.4
    endloop
  endfacet
  facet normal 0 0 1
    outer loop
      vertex 5.77852 -13.9506 5.4
      vertex 4.73164 -15.5981 5.4
      vertex 6.23774 -15.0592 5.4
    endloop
  endfacet
  facet normal -0 0 1
    outer loop
      vertex 4.3833 -14.4498 5.4
      vertex 4.73164 -15.5981 5.4
      vertex 5.77852 -13.9506 5.4
    endloop
  endfacet
  facet normal 0 0 1
    outer loop
      vertex 4.3833 -14.4498 5.4
      vertex 3.17997 -15.9868 5.4
      vertex 4.73164 -15.5981 5.4
    endloop
  endfacet
  facet normal -0 0 1
    outer loop
      vertex 2.94586 -14.8099 5.4
      vertex 3.17997 -15.9868 5.4
      vertex 4.3833 -14.4498 5.4
    endloop
  endfacet
  facet normal 0 0 1
    outer loop
      vertex 2.94586 -14.8099 5.4
      vertex 1.59768 -16.2215 5.4
      vertex 3.17997 -15.9868 5.4
    endloop
  endfacet
  facet normal -0 0 1
    outer loop
      vertex 1.48006 -15.0273 5.4
      vertex 1.59768 -16.2215 5.4
      vertex 2.94586 -14.8099 5.4
    endloop
  endfacet
  facet normal -0 0 1
    outer loop
      vertex 0 -15.1 5.4
      vertex 1.59768 -16.2215 5.4
      vertex 1.48006 -15.0273 5.4
    endloop
  endfacet
  facet normal 0 0 1
    outer loop
      vertex 0 -15.1 5.4
      vertex 0 -16.3 5.4
      vertex 1.59768 -16.2215 5.4
    endloop
  endfacet
  facet normal 0 0 1
    outer loop
      vertex -1.48006 -15.0273 5.4
      vertex 0 -16.3 5.4
      vertex 0 -15.1 5.4
    endloop
  endfacet
  facet normal 0 0 1
    outer loop
      vertex -1.48006 -15.0273 5.4
      vertex -1.59768 -16.2215 5.4
      vertex 0 -16.3 5.4
    endloop
  endfacet
  facet normal 0 0 1
    outer loop
      vertex -2.94586 -14.8099 5.4
      vertex -1.59768 -16.2215 5.4
      vertex -1.48006 -15.0273 5.4
    endloop
  endfacet
  facet normal 0 0 1
    outer loop
      vertex -2.94586 -14.8099 5.4
      vertex -3.17997 -15.9868 5.4
      vertex -1.59768 -16.2215 5.4
    endloop
  endfacet
  facet normal 0 0 1
    outer loop
      vertex -4.3833 -14.4498 5.4
      vertex -3.17997 -15.9868 5.4
      vertex -2.94586 -14.8099 5.4
    endloop
  endfacet
  facet normal 0 0 1
    outer loop
      vertex -4.3833 -14.4498 5.4
      vertex -4.73164 -15.5981 5.4
      vertex -3.17997 -15.9868 5.4
    endloop
  endfacet
  facet normal 0 0 1
    outer loop
      vertex -5.77852 -13.9506 5.4
      vertex -4.73164 -15.5981 5.4
      vertex -4.3833 -14.4498 5.4
    endloop
  endfacet
  facet normal 0 0 1
    outer loop
      vertex -5.77852 -13.9506 5.4
      vertex -6.23774 -15.0592 5.4
      vertex -4.73164 -15.5981 5.4
    endloop
  endfacet
  facet normal 0 0 1
    outer loop
      vertex -7.11809 -13.317 5.4
      vertex -6.23774 -15.0592 5.4
      vertex -5.77852 -13.9506 5.4
    endloop
  endfacet
  facet normal 0 0 1
    outer loop
      vertex -7.11809 -13.317 5.4
      vertex -7.68377 -14.3753 5.4
      vertex -6.23774 -15.0592 5.4
    endloop
  endfacet
  facet normal 0 0 1
    outer loop
      vertex -8.38911 -12.5552 5.4
      vertex -7.68377 -14.3753 5.4
      vertex -7.11809 -13.317 5.4
    endloop
  endfacet
  facet normal 0 0 1
    outer loop
      vertex -8.38911 -12.5552 5.4
      vertex -9.05579 -13.553 5.4
      vertex -7.68377 -14.3753 5.4
    endloop
  endfacet
  facet normal 0 0 1
    outer loop
      vertex -9.57934 -11.6725 5.4
      vertex -9.05579 -13.553 5.4
      vertex -8.38911 -12.5552 5.4
    endloop
  endfacet
  facet normal 0 0 1
    outer loop
      vertex -9.57934 -11.6725 5.4
      vertex -10.3406 -12.6001 5.4
      vertex -9.05579 -13.553 5.4
    endloop
  endfacet
  facet normal 0 0 1
    outer loop
      vertex -10.6773 -10.6773 5.4
      vertex -10.3406 -12.6001 5.4
      vertex -9.57934 -11.6725 5.4
    endloop
  endfacet
  facet normal 0 0 1
    outer loop
      vertex -10.6773 -10.6773 5.4
      vertex -11.5258 -11.5258 5.4
      vertex -10.3406 -12.6001 5.4
    endloop
  endfacet
  facet normal 0 0 1
    outer loop
      vertex -11.6725 -9.57934 5.4
      vertex -11.5258 -11.5258 5.4
      vertex -10.6773 -10.6773 5.4
    endloop
  endfacet
  facet normal 0 0 1
    outer loop
      vertex -12.6001 -10.3406 5.4
      vertex -11.6725 -9.57934 5.4
      vertex -12.5552 -8.38911 5.4
    endloop
  endfacet
  facet normal 0 0 1
    outer loop
      vertex -11.6725 -9.57934 5.4
      vertex -12.6001 -10.3406 5.4
      vertex -11.5258 -11.5258 5.4
    endloop
  endfacet
  facet normal 0 0 1
    outer loop
      vertex -13.553 -9.05579 5.4
      vertex -12.5552 -8.38911 5.4
      vertex -13.317 -7.11809 5.4
    endloop
  endfacet
  facet normal 0 0 1
    outer loop
      vertex -12.5552 -8.38911 5.4
      vertex -13.553 -9.05579 5.4
      vertex -12.6001 -10.3406 5.4
    endloop
  endfacet
  facet normal 0 0 1
    outer loop
      vertex -14.3753 -7.68377 5.4
      vertex -13.317 -7.11809 5.4
      vertex -13.9506 -5.77852 5.4
    endloop
  endfacet
  facet normal 0 0 1
    outer loop
      vertex -13.317 -7.11809 5.4
      vertex -14.3753 -7.68377 5.4
      vertex -13.553 -9.05579 5.4
    endloop
  endfacet
  facet normal 0 0 1
    outer loop
      vertex -15.0592 -6.23774 5.4
      vertex -13.9506 -5.77852 5.4
      vertex -14.4498 -4.3833 5.4
    endloop
  endfacet
  facet normal 0 0 1
    outer loop
      vertex -15.5981 -4.73164 5.4
      vertex -14.4498 -4.3833 5.4
      vertex -14.8099 -2.94586 5.4
    endloop
  endfacet
  facet normal 0 0 1
    outer loop
      vertex -15.9868 -3.17997 5.4
      vertex -14.8099 -2.94586 5.4
      vertex -15.0273 -1.48006 5.4
    endloop
  endfacet
  facet normal 0 0 1
    outer loop
      vertex -13.9506 -5.77852 5.4
      vertex -15.0592 -6.23774 5.4
      vertex -14.3753 -7.68377 5.4
    endloop
  endfacet
  facet normal 0 0 1
    outer loop
      vertex -16.2215 -1.59768 5.4
      vertex -15.0273 -1.48006 5.4
      vertex -15.1 0 5.4
    endloop
  endfacet
  facet normal -0 0 1
    outer loop
      vertex -16.2215 1.59768 5.4
      vertex -15.0273 1.48006 5.4
      vertex -15.9868 3.17997 5.4
    endloop
  endfacet
  facet normal 0 0 1
    outer loop
      vertex -14.4498 -4.3833 5.4
      vertex -15.5981 -4.73164 5.4
      vertex -15.0592 -6.23774 5.4
    endloop
  endfacet
  facet normal 0 0 1
    outer loop
      vertex -15.0273 1.48006 5.4
      vertex -16.2215 1.59768 5.4
      vertex -15.1 0 5.4
    endloop
  endfacet
  facet normal 0 0 1
    outer loop
      vertex -14.8099 -2.94586 5.4
      vertex -15.9868 -3.17997 5.4
      vertex -15.5981 -4.73164 5.4
    endloop
  endfacet
  facet normal 0 0 1
    outer loop
      vertex -16.3 0 5.4
      vertex -15.1 0 5.4
      vertex -16.2215 1.59768 5.4
    endloop
  endfacet
  facet normal 0 0 1
    outer loop
      vertex -15.0273 -1.48006 5.4
      vertex -16.2215 -1.59768 5.4
      vertex -15.9868 -3.17997 5.4
    endloop
  endfacet
  facet normal 0 0 1
    outer loop
      vertex -15.1 0 5.4
      vertex -16.3 0 5.4
      vertex -16.2215 -1.59768 5.4
    endloop
  endfacet
  facet normal 0.998795 -0.0490745 0
    outer loop
      vertex -16.3 0 6
      vertex -16.2215 1.59768 5.4
      vertex -16.2215 1.59768 6
    endloop
  endfacet
  facet normal 0.998795 -0.0490745 0
    outer loop
      vertex -16.2215 1.59768 5.4
      vertex -16.3 0 6
      vertex -16.3 0 5.4
    endloop
  endfacet
  facet normal 0.903994 -0.427544 0
    outer loop
      vertex -15.0592 6.23774 6
      vertex -14.3753 7.68377 5.4
      vertex -14.3753 7.68377 6
    endloop
  endfacet
  facet normal 0.903994 -0.427544 0
    outer loop
      vertex -14.3753 7.68377 5.4
      vertex -15.0592 6.23774 6
      vertex -15.0592 6.23774 5.4
    endloop
  endfacet
  facet normal -0.595707 -0.803202 0
    outer loop
      vertex 9.05579 13.553 5.4
      vertex 10.3406 12.6001 6
      vertex 9.05579 13.553 6
    endloop
  endfacet
  facet normal -0.595707 -0.803202 -0
    outer loop
      vertex 10.3406 12.6001 6
      vertex 9.05579 13.553 5.4
      vertex 10.3406 12.6001 5.4
    endloop
  endfacet
  facet normal -0.514076 0.857744 0
    outer loop
      vertex 9.05579 -13.553 5.4
      vertex 7.68377 -14.3753 6
      vertex 9.05579 -13.553 6
    endloop
  endfacet
  facet normal -0.514076 0.857744 0
    outer loop
      vertex 7.68377 -14.3753 6
      vertex 9.05579 -13.553 5.4
      vertex 7.68377 -14.3753 5.4
    endloop
  endfacet
  facet normal -0.803202 -0.595707 0
    outer loop
      vertex 13.553 9.05579 5.4
      vertex 12.6001 10.3406 6
      vertex 12.6001 10.3406 5.4
    endloop
  endfacet
  facet normal -0.803202 -0.595707 0
    outer loop
      vertex 12.6001 10.3406 6
      vertex 13.553 9.05579 5.4
      vertex 13.553 9.05579 6
    endloop
  endfacet
  facet normal 0.146724 0.989177 -0
    outer loop
      vertex -1.59768 -16.2215 5.4
      vertex -3.17997 -15.9868 6
      vertex -1.59768 -16.2215 6
    endloop
  endfacet
  facet normal 0.146724 0.989177 0
    outer loop
      vertex -3.17997 -15.9868 6
      vertex -1.59768 -16.2215 5.4
      vertex -3.17997 -15.9868 5.4
    endloop
  endfacet
  facet normal -0.903994 0.427544 0
    outer loop
      vertex 14.3753 -7.68377 5.4
      vertex 15.0592 -6.23774 6
      vertex 15.0592 -6.23774 5.4
    endloop
  endfacet
  facet normal -0.903994 0.427544 0
    outer loop
      vertex 15.0592 -6.23774 6
      vertex 14.3753 -7.68377 5.4
      vertex 14.3753 -7.68377 6
    endloop
  endfacet
  facet normal -0.514076 -0.857744 0
    outer loop
      vertex 7.68377 14.3753 5.4
      vertex 9.05579 13.553 6
      vertex 7.68377 14.3753 6
    endloop
  endfacet
  facet normal -0.514076 -0.857744 -0
    outer loop
      vertex 9.05579 13.553 6
      vertex 7.68377 14.3753 5.4
      vertex 9.05579 13.553 5.4
    endloop
  endfacet
  facet normal -0.740921 0.671592 0
    outer loop
      vertex 11.5258 -11.5258 5.4
      vertex 12.6001 -10.3406 6
      vertex 12.6001 -10.3406 5.4
    endloop
  endfacet
  facet normal -0.740921 0.671592 0
    outer loop
      vertex 12.6001 -10.3406 6
      vertex 11.5258 -11.5258 5.4
      vertex 11.5258 -11.5258 6
    endloop
  endfacet
  facet normal 0.803202 0.595707 0
    outer loop
      vertex -12.6001 -10.3406 6
      vertex -13.553 -9.05579 5.4
      vertex -13.553 -9.05579 6
    endloop
  endfacet
  facet normal 0.803202 0.595707 0
    outer loop
      vertex -13.553 -9.05579 5.4
      vertex -12.6001 -10.3406 6
      vertex -12.6001 -10.3406 5.4
    endloop
  endfacet
  facet normal -0.242996 -0.970027 0
    outer loop
      vertex 3.17997 15.9868 5.4
      vertex 4.73164 15.5981 6
      vertex 3.17997 15.9868 6
    endloop
  endfacet
  facet normal -0.242996 -0.970027 -0
    outer loop
      vertex 4.73164 15.5981 6
      vertex 3.17997 15.9868 5.4
      vertex 4.73164 15.5981 5.4
    endloop
  endfacet
  facet normal 0.336895 0.941542 -0
    outer loop
      vertex -4.73164 -15.5981 5.4
      vertex -6.23774 -15.0592 6
      vertex -4.73164 -15.5981 6
    endloop
  endfacet
  facet normal 0.336895 0.941542 0
    outer loop
      vertex -6.23774 -15.0592 6
      vertex -4.73164 -15.5981 5.4
      vertex -6.23774 -15.0592 5.4
    endloop
  endfacet
  facet normal -0.970027 0.242996 0
    outer loop
      vertex 15.5981 -4.73164 5.4
      vertex 15.9868 -3.17997 6
      vertex 15.9868 -3.17997 5.4
    endloop
  endfacet
  facet normal -0.970027 0.242996 0
    outer loop
      vertex 15.9868 -3.17997 6
      vertex 15.5981 -4.73164 5.4
      vertex 15.5981 -4.73164 6
    endloop
  endfacet
  facet normal -0.671592 -0.740921 0
    outer loop
      vertex 10.3406 12.6001 5.4
      vertex 11.5258 11.5258 6
      vertex 10.3406 12.6001 6
    endloop
  endfacet
  facet normal -0.671592 -0.740921 -0
    outer loop
      vertex 11.5258 11.5258 6
      vertex 10.3406 12.6001 5.4
      vertex 11.5258 11.5258 5.4
    endloop
  endfacet
  facet normal 0.514076 -0.857744 0
    outer loop
      vertex -9.05579 13.553 5.4
      vertex -7.68377 14.3753 6
      vertex -9.05579 13.553 6
    endloop
  endfacet
  facet normal 0.514076 -0.857744 0
    outer loop
      vertex -7.68377 14.3753 6
      vertex -9.05579 13.553 5.4
      vertex -7.68377 14.3753 5.4
    endloop
  endfacet
  facet normal -0.242996 0.970027 0
    outer loop
      vertex 4.73164 -15.5981 5.4
      vertex 3.17997 -15.9868 6
      vertex 4.73164 -15.5981 6
    endloop
  endfacet
  facet normal -0.242996 0.970027 0
    outer loop
      vertex 3.17997 -15.9868 6
      vertex 4.73164 -15.5981 5.4
      vertex 3.17997 -15.9868 5.4
    endloop
  endfacet
  facet normal -0.0490745 -0.998795 0
    outer loop
      vertex 0 16.3 5.4
      vertex 1.59768 16.2215 6
      vertex 0 16.3 6
    endloop
  endfacet
  facet normal -0.0490745 -0.998795 -0
    outer loop
      vertex 1.59768 16.2215 6
      vertex 0 16.3 5.4
      vertex 1.59768 16.2215 5.4
    endloop
  endfacet
  facet normal 0.740921 0.671592 0
    outer loop
      vertex -11.5258 -11.5258 6
      vertex -12.6001 -10.3406 5.4
      vertex -12.6001 -10.3406 6
    endloop
  endfacet
  facet normal 0.740921 0.671592 0
    outer loop
      vertex -12.6001 -10.3406 5.4
      vertex -11.5258 -11.5258 6
      vertex -11.5258 -11.5258 5.4
    endloop
  endfacet
  facet normal 0.427544 0.903994 -0
    outer loop
      vertex -6.23774 -15.0592 5.4
      vertex -7.68377 -14.3753 6
      vertex -6.23774 -15.0592 6
    endloop
  endfacet
  facet normal 0.427544 0.903994 0
    outer loop
      vertex -7.68377 -14.3753 6
      vertex -6.23774 -15.0592 5.4
      vertex -7.68377 -14.3753 5.4
    endloop
  endfacet
  facet normal -0.671592 0.740921 0
    outer loop
      vertex 11.5258 -11.5258 5.4
      vertex 10.3406 -12.6001 6
      vertex 11.5258 -11.5258 6
    endloop
  endfacet
  facet normal -0.671592 0.740921 0
    outer loop
      vertex 10.3406 -12.6001 6
      vertex 11.5258 -11.5258 5.4
      vertex 10.3406 -12.6001 5.4
    endloop
  endfacet
  facet normal 0.941542 -0.336895 0
    outer loop
      vertex -15.5981 4.73164 6
      vertex -15.0592 6.23774 5.4
      vertex -15.0592 6.23774 6
    endloop
  endfacet
  facet normal 0.941542 -0.336895 0
    outer loop
      vertex -15.0592 6.23774 5.4
      vertex -15.5981 4.73164 6
      vertex -15.5981 4.73164 5.4
    endloop
  endfacet
  facet normal 0.242996 0.970027 -0
    outer loop
      vertex -3.17997 -15.9868 5.4
      vertex -4.73164 -15.5981 6
      vertex -3.17997 -15.9868 6
    endloop
  endfacet
  facet normal 0.242996 0.970027 0
    outer loop
      vertex -4.73164 -15.5981 6
      vertex -3.17997 -15.9868 5.4
      vertex -4.73164 -15.5981 5.4
    endloop
  endfacet
  facet normal 0.857744 -0.514076 0
    outer loop
      vertex -14.3753 7.68377 6
      vertex -13.553 9.05579 5.4
      vertex -13.553 9.05579 6
    endloop
  endfacet
  facet normal 0.857744 -0.514076 0
    outer loop
      vertex -13.553 9.05579 5.4
      vertex -14.3753 7.68377 6
      vertex -14.3753 7.68377 5.4
    endloop
  endfacet
  facet normal 0.514076 0.857744 -0
    outer loop
      vertex -7.68377 -14.3753 5.4
      vertex -9.05579 -13.553 6
      vertex -7.68377 -14.3753 6
    endloop
  endfacet
  facet normal 0.514076 0.857744 0
    outer loop
      vertex -9.05579 -13.553 6
      vertex -7.68377 -14.3753 5.4
      vertex -9.05579 -13.553 5.4
    endloop
  endfacet
  facet normal 0.98918 0.14671 0
    outer loop
      vertex 15.0273 1.48006 6
      vertex 14.8099 2.94586 5.4
      vertex 14.8099 2.94586 6
    endloop
  endfacet
  facet normal 0.98918 0.14671 0
    outer loop
      vertex 14.8099 2.94586 5.4
      vertex 15.0273 1.48006 6
      vertex 15.0273 1.48006 5.4
    endloop
  endfacet
  facet normal 0.998796 0.0490605 0
    outer loop
      vertex 15.1 0 6
      vertex 15.0273 1.48006 5.4
      vertex 15.0273 1.48006 6
    endloop
  endfacet
  facet normal 0.998796 0.0490605 0
    outer loop
      vertex 15.0273 1.48006 5.4
      vertex 15.1 0 6
      vertex 15.1 0 5.4
    endloop
  endfacet
  facet normal 0.970025 0.243006 0
    outer loop
      vertex 14.8099 2.94586 6
      vertex 14.4498 4.3833 5.4
      vertex 14.4498 4.3833 6
    endloop
  endfacet
  facet normal 0.970025 0.243006 0
    outer loop
      vertex 14.4498 4.3833 5.4
      vertex 14.8099 2.94586 6
      vertex 14.8099 2.94586 5.4
    endloop
  endfacet
  facet normal 0.427572 -0.903981 0
    outer loop
      vertex 5.77852 -13.9506 5.4
      vertex 7.11809 -13.317 6
      vertex 5.77852 -13.9506 6
    endloop
  endfacet
  facet normal 0.427572 -0.903981 0
    outer loop
      vertex 7.11809 -13.317 6
      vertex 5.77852 -13.9506 5.4
      vertex 7.11809 -13.317 5.4
    endloop
  endfacet
  facet normal 0.427572 0.903981 -0
    outer loop
      vertex 7.11809 13.317 5.4
      vertex 5.77852 13.9506 6
      vertex 7.11809 13.317 6
    endloop
  endfacet
  facet normal 0.427572 0.903981 0
    outer loop
      vertex 5.77852 13.9506 6
      vertex 7.11809 13.317 5.4
      vertex 5.77852 13.9506 5.4
    endloop
  endfacet
  facet normal -0.427572 0.903981 0
    outer loop
      vertex -5.77852 13.9506 5.4
      vertex -7.11809 13.317 6
      vertex -5.77852 13.9506 6
    endloop
  endfacet
  facet normal -0.427572 0.903981 0
    outer loop
      vertex -7.11809 13.317 6
      vertex -5.77852 13.9506 5.4
      vertex -7.11809 13.317 5.4
    endloop
  endfacet
  facet normal 0.595684 0.803219 -0
    outer loop
      vertex 9.57934 11.6725 5.4
      vertex 8.38911 12.5552 6
      vertex 9.57934 11.6725 6
    endloop
  endfacet
  facet normal 0.595684 0.803219 0
    outer loop
      vertex 8.38911 12.5552 6
      vertex 9.57934 11.6725 5.4
      vertex 8.38911 12.5552 5.4
    endloop
  endfacet
  facet normal 0.243006 0.970025 -0
    outer loop
      vertex 4.3833 14.4498 5.4
      vertex 2.94586 14.8099 6
      vertex 4.3833 14.4498 6
    endloop
  endfacet
  facet normal 0.243006 0.970025 0
    outer loop
      vertex 2.94586 14.8099 6
      vertex 4.3833 14.4498 5.4
      vertex 2.94586 14.8099 5.4
    endloop
  endfacet
  facet normal -0.970025 0.243006 0
    outer loop
      vertex -14.8099 2.94586 5.4
      vertex -14.4498 4.3833 6
      vertex -14.4498 4.3833 5.4
    endloop
  endfacet
  facet normal -0.970025 0.243006 0
    outer loop
      vertex -14.4498 4.3833 6
      vertex -14.8099 2.94586 5.4
      vertex -14.8099 2.94586 6
    endloop
  endfacet
  facet normal 0.514093 -0.857735 0
    outer loop
      vertex 7.11809 -13.317 5.4
      vertex 8.38911 -12.5552 6
      vertex 7.11809 -13.317 6
    endloop
  endfacet
  facet normal 0.514093 -0.857735 0
    outer loop
      vertex 8.38911 -12.5552 6
      vertex 7.11809 -13.317 5.4
      vertex 8.38911 -12.5552 5.4
    endloop
  endfacet
  facet normal 0.903981 0.427572 0
    outer loop
      vertex 13.9506 5.77852 6
      vertex 13.317 7.11809 5.4
      vertex 13.317 7.11809 6
    endloop
  endfacet
  facet normal 0.903981 0.427572 0
    outer loop
      vertex 13.317 7.11809 5.4
      vertex 13.9506 5.77852 6
      vertex 13.9506 5.77852 5.4
    endloop
  endfacet
  facet normal -0.243006 0.970025 0
    outer loop
      vertex -2.94586 14.8099 5.4
      vertex -4.3833 14.4498 6
      vertex -2.94586 14.8099 6
    endloop
  endfacet
  facet normal -0.243006 0.970025 0
    outer loop
      vertex -4.3833 14.4498 6
      vertex -2.94586 14.8099 5.4
      vertex -4.3833 14.4498 5.4
    endloop
  endfacet
  facet normal 0.514093 0.857735 -0
    outer loop
      vertex 8.38911 12.5552 5.4
      vertex 7.11809 13.317 6
      vertex 8.38911 12.5552 6
    endloop
  endfacet
  facet normal 0.514093 0.857735 0
    outer loop
      vertex 7.11809 13.317 6
      vertex 8.38911 12.5552 5.4
      vertex 7.11809 13.317 5.4
    endloop
  endfacet
  facet normal -0.98918 0.14671 0
    outer loop
      vertex -15.0273 1.48006 5.4
      vertex -14.8099 2.94586 6
      vertex -14.8099 2.94586 5.4
    endloop
  endfacet
  facet normal -0.98918 0.14671 0
    outer loop
      vertex -14.8099 2.94586 6
      vertex -15.0273 1.48006 5.4
      vertex -15.0273 1.48006 6
    endloop
  endfacet
  facet normal 0.998796 -0.0490605 0
    outer loop
      vertex 15.0273 -1.48006 6
      vertex 15.1 0 5.4
      vertex 15.1 0 6
    endloop
  endfacet
  facet normal 0.998796 -0.0490605 0
    outer loop
      vertex 15.1 0 5.4
      vertex 15.0273 -1.48006 6
      vertex 15.0273 -1.48006 5.4
    endloop
  endfacet
  facet normal -0.595684 -0.803219 0
    outer loop
      vertex -9.57934 -11.6725 5.4
      vertex -8.38911 -12.5552 6
      vertex -9.57934 -11.6725 6
    endloop
  endfacet
  facet normal -0.595684 -0.803219 -0
    outer loop
      vertex -8.38911 -12.5552 6
      vertex -9.57934 -11.6725 5.4
      vertex -8.38911 -12.5552 5.4
    endloop
  endfacet
  facet normal 0.243006 -0.970025 0
    outer loop
      vertex 2.94586 -14.8099 5.4
      vertex 4.3833 -14.4498 6
      vertex 2.94586 -14.8099 6
    endloop
  endfacet
  facet normal 0.243006 -0.970025 0
    outer loop
      vertex 4.3833 -14.4498 6
      vertex 2.94586 -14.8099 5.4
      vertex 4.3833 -14.4498 5.4
    endloop
  endfacet
  facet normal 0.803219 0.595684 0
    outer loop
      vertex 12.5552 8.38911 6
      vertex 11.6725 9.57934 5.4
      vertex 11.6725 9.57934 6
    endloop
  endfacet
  facet normal 0.803219 0.595684 0
    outer loop
      vertex 11.6725 9.57934 5.4
      vertex 12.5552 8.38911 6
      vertex 12.5552 8.38911 5.4
    endloop
  endfacet
  facet normal 0.14671 -0.98918 0
    outer loop
      vertex 1.48006 -15.0273 5.4
      vertex 2.94586 -14.8099 6
      vertex 1.48006 -15.0273 6
    endloop
  endfacet
  facet normal 0.14671 -0.98918 0
    outer loop
      vertex 2.94586 -14.8099 6
      vertex 1.48006 -15.0273 5.4
      vertex 2.94586 -14.8099 5.4
    endloop
  endfacet
  facet normal -0.941548 0.336879 0
    outer loop
      vertex -14.4498 4.3833 5.4
      vertex -13.9506 5.77852 6
      vertex -13.9506 5.77852 5.4
    endloop
  endfacet
  facet normal -0.941548 0.336879 0
    outer loop
      vertex -13.9506 5.77852 6
      vertex -14.4498 4.3833 5.4
      vertex -14.4498 4.3833 6
    endloop
  endfacet
  facet normal 0.336879 -0.941548 0
    outer loop
      vertex 4.3833 -14.4498 5.4
      vertex 5.77852 -13.9506 6
      vertex 4.3833 -14.4498 6
    endloop
  endfacet
  facet normal 0.336879 -0.941548 0
    outer loop
      vertex 5.77852 -13.9506 6
      vertex 4.3833 -14.4498 5.4
      vertex 5.77852 -13.9506 5.4
    endloop
  endfacet
  facet normal 0.98918 -0.14671 0
    outer loop
      vertex 14.8099 -2.94586 6
      vertex 15.0273 -1.48006 5.4
      vertex 15.0273 -1.48006 6
    endloop
  endfacet
  facet normal 0.98918 -0.14671 0
    outer loop
      vertex 15.0273 -1.48006 5.4
      vertex 14.8099 -2.94586 6
      vertex 14.8099 -2.94586 5.4
    endloop
  endfacet
  facet normal -0.941548 -0.336879 0
    outer loop
      vertex -13.9506 -5.77852 5.4
      vertex -14.4498 -4.3833 6
      vertex -14.4498 -4.3833 5.4
    endloop
  endfacet
  facet normal -0.941548 -0.336879 0
    outer loop
      vertex -14.4498 -4.3833 6
      vertex -13.9506 -5.77852 5.4
      vertex -13.9506 -5.77852 6
    endloop
  endfacet
  facet normal 0.903981 -0.427572 0
    outer loop
      vertex 13.317 -7.11809 6
      vertex 13.9506 -5.77852 5.4
      vertex 13.9506 -5.77852 6
    endloop
  endfacet
  facet normal 0.903981 -0.427572 0
    outer loop
      vertex 13.9506 -5.77852 5.4
      vertex 13.317 -7.11809 6
      vertex 13.317 -7.11809 5.4
    endloop
  endfacet
  facet normal -0.595684 0.803219 0
    outer loop
      vertex -8.38911 12.5552 5.4
      vertex -9.57934 11.6725 6
      vertex -8.38911 12.5552 6
    endloop
  endfacet
  facet normal -0.595684 0.803219 0
    outer loop
      vertex -9.57934 11.6725 6
      vertex -8.38911 12.5552 5.4
      vertex -9.57934 11.6725 5.4
    endloop
  endfacet
  facet normal -0.514093 0.857735 0
    outer loop
      vertex -7.11809 13.317 5.4
      vertex -8.38911 12.5552 6
      vertex -7.11809 13.317 6
    endloop
  endfacet
  facet normal -0.514093 0.857735 0
    outer loop
      vertex -8.38911 12.5552 6
      vertex -7.11809 13.317 5.4
      vertex -8.38911 12.5552 5.4
    endloop
  endfacet
  facet normal -0.970025 -0.243006 0
    outer loop
      vertex -14.4498 -4.3833 5.4
      vertex -14.8099 -2.94586 6
      vertex -14.8099 -2.94586 5.4
    endloop
  endfacet
  facet normal -0.970025 -0.243006 0
    outer loop
      vertex -14.8099 -2.94586 6
      vertex -14.4498 -4.3833 5.4
      vertex -14.4498 -4.3833 6
    endloop
  endfacet
  facet normal -0.998796 -0.0490605 0
    outer loop
      vertex -15.0273 -1.48006 5.4
      vertex -15.1 0 6
      vertex -15.1 0 5.4
    endloop
  endfacet
  facet normal -0.998796 -0.0490605 0
    outer loop
      vertex -15.1 0 6
      vertex -15.0273 -1.48006 5.4
      vertex -15.0273 -1.48006 6
    endloop
  endfacet
  facet normal 0.14671 0.98918 -0
    outer loop
      vertex 2.94586 14.8099 5.4
      vertex 1.48006 15.0273 6
      vertex 2.94586 14.8099 6
    endloop
  endfacet
  facet normal 0.14671 0.98918 0
    outer loop
      vertex 1.48006 15.0273 6
      vertex 2.94586 14.8099 5.4
      vertex 1.48006 15.0273 5.4
    endloop
  endfacet
  facet normal 0.970025 -0.243006 0
    outer loop
      vertex 14.4498 -4.3833 6
      vertex 14.8099 -2.94586 5.4
      vertex 14.8099 -2.94586 6
    endloop
  endfacet
  facet normal 0.970025 -0.243006 0
    outer loop
      vertex 14.8099 -2.94586 5.4
      vertex 14.4498 -4.3833 6
      vertex 14.4498 -4.3833 5.4
    endloop
  endfacet
  facet normal 0.941548 -0.336879 0
    outer loop
      vertex 13.9506 -5.77852 6
      vertex 14.4498 -4.3833 5.4
      vertex 14.4498 -4.3833 6
    endloop
  endfacet
  facet normal 0.941548 -0.336879 0
    outer loop
      vertex 14.4498 -4.3833 5.4
      vertex 13.9506 -5.77852 6
      vertex 13.9506 -5.77852 5.4
    endloop
  endfacet
  facet normal 0.941548 0.336879 0
    outer loop
      vertex 14.4498 4.3833 6
      vertex 13.9506 5.77852 5.4
      vertex 13.9506 5.77852 6
    endloop
  endfacet
  facet normal 0.941548 0.336879 0
    outer loop
      vertex 13.9506 5.77852 5.4
      vertex 14.4498 4.3833 6
      vertex 14.4498 4.3833 5.4
    endloop
  endfacet
  facet normal 0.857735 0.514093 0
    outer loop
      vertex 13.317 7.11809 6
      vertex 12.5552 8.38911 5.4
      vertex 12.5552 8.38911 6
    endloop
  endfacet
  facet normal 0.857735 0.514093 0
    outer loop
      vertex 12.5552 8.38911 5.4
      vertex 13.317 7.11809 6
      vertex 13.317 7.11809 5.4
    endloop
  endfacet
  facet normal 0.336879 0.941548 -0
    outer loop
      vertex 5.77852 13.9506 5.4
      vertex 4.3833 14.4498 6
      vertex 5.77852 13.9506 6
    endloop
  endfacet
  facet normal 0.336879 0.941548 0
    outer loop
      vertex 4.3833 14.4498 6
      vertex 5.77852 13.9506 5.4
      vertex 4.3833 14.4498 5.4
    endloop
  endfacet
  facet normal -0.0490605 0.998796 0
    outer loop
      vertex 0 15.1 5.4
      vertex -1.48006 15.0273 6
      vertex 0 15.1 6
    endloop
  endfacet
  facet normal -0.0490605 0.998796 0
    outer loop
      vertex -1.48006 15.0273 6
      vertex 0 15.1 5.4
      vertex -1.48006 15.0273 5.4
    endloop
  endfacet
  facet normal -0.427572 -0.903981 0
    outer loop
      vertex -7.11809 -13.317 5.4
      vertex -5.77852 -13.9506 6
      vertex -7.11809 -13.317 6
    endloop
  endfacet
  facet normal -0.427572 -0.903981 -0
    outer loop
      vertex -5.77852 -13.9506 6
      vertex -7.11809 -13.317 5.4
      vertex -5.77852 -13.9506 5.4
    endloop
  endfacet
  facet normal -0.740929 0.671584 0
    outer loop
      vertex -11.6725 9.57934 5.4
      vertex -10.6773 10.6773 6
      vertex -10.6773 10.6773 5.4
    endloop
  endfacet
  facet normal -0.740929 0.671584 0
    outer loop
      vertex -10.6773 10.6773 6
      vertex -11.6725 9.57934 5.4
      vertex -11.6725 9.57934 6
    endloop
  endfacet
  facet normal -0.14671 0.98918 0
    outer loop
      vertex -1.48006 15.0273 5.4
      vertex -2.94586 14.8099 6
      vertex -1.48006 15.0273 6
    endloop
  endfacet
  facet normal -0.14671 0.98918 0
    outer loop
      vertex -2.94586 14.8099 6
      vertex -1.48006 15.0273 5.4
      vertex -2.94586 14.8099 5.4
    endloop
  endfacet
  facet normal 0.0490605 -0.998796 0
    outer loop
      vertex 0 -15.1 5.4
      vertex 1.48006 -15.0273 6
      vertex 0 -15.1 6
    endloop
  endfacet
  facet normal 0.0490605 -0.998796 0
    outer loop
      vertex 1.48006 -15.0273 6
      vertex 0 -15.1 5.4
      vertex 1.48006 -15.0273 5.4
    endloop
  endfacet
  facet normal 0.803219 -0.595684 0
    outer loop
      vertex 11.6725 -9.57934 6
      vertex 12.5552 -8.38911 5.4
      vertex 12.5552 -8.38911 6
    endloop
  endfacet
  facet normal 0.803219 -0.595684 0
    outer loop
      vertex 12.5552 -8.38911 5.4
      vertex 11.6725 -9.57934 6
      vertex 11.6725 -9.57934 5.4
    endloop
  endfacet
  facet normal 0.857735 -0.514093 0
    outer loop
      vertex 12.5552 -8.38911 6
      vertex 13.317 -7.11809 5.4
      vertex 13.317 -7.11809 6
    endloop
  endfacet
  facet normal 0.857735 -0.514093 0
    outer loop
      vertex 13.317 -7.11809 5.4
      vertex 12.5552 -8.38911 6
      vertex 12.5552 -8.38911 5.4
    endloop
  endfacet
  facet normal -0.14671 -0.98918 0
    outer loop
      vertex -2.94586 -14.8099 5.4
      vertex -1.48006 -15.0273 6
      vertex -2.94586 -14.8099 6
    endloop
  endfacet
  facet normal -0.14671 -0.98918 -0
    outer loop
      vertex -1.48006 -15.0273 6
      vertex -2.94586 -14.8099 5.4
      vertex -1.48006 -15.0273 5.4
    endloop
  endfacet
  facet normal -0.336879 -0.941548 0
    outer loop
      vertex -5.77852 -13.9506 5.4
      vertex -4.3833 -14.4498 6
      vertex -5.77852 -13.9506 6
    endloop
  endfacet
  facet normal -0.336879 -0.941548 -0
    outer loop
      vertex -4.3833 -14.4498 6
      vertex -5.77852 -13.9506 5.4
      vertex -4.3833 -14.4498 5.4
    endloop
  endfacet
  facet normal -0.857735 -0.514093 0
    outer loop
      vertex -12.5552 -8.38911 5.4
      vertex -13.317 -7.11809 6
      vertex -13.317 -7.11809 5.4
    endloop
  endfacet
  facet normal -0.857735 -0.514093 0
    outer loop
      vertex -13.317 -7.11809 6
      vertex -12.5552 -8.38911 5.4
      vertex -12.5552 -8.38911 6
    endloop
  endfacet
  facet normal 0.671584 0.740929 -0
    outer loop
      vertex 10.6773 10.6773 5.4
      vertex 9.57934 11.6725 6
      vertex 10.6773 10.6773 6
    endloop
  endfacet
  facet normal 0.671584 0.740929 0
    outer loop
      vertex 9.57934 11.6725 6
      vertex 10.6773 10.6773 5.4
      vertex 9.57934 11.6725 5.4
    endloop
  endfacet
  facet normal -0.336879 0.941548 0
    outer loop
      vertex -4.3833 14.4498 5.4
      vertex -5.77852 13.9506 6
      vertex -4.3833 14.4498 6
    endloop
  endfacet
  facet normal -0.336879 0.941548 0
    outer loop
      vertex -5.77852 13.9506 6
      vertex -4.3833 14.4498 5.4
      vertex -5.77852 13.9506 5.4
    endloop
  endfacet
  facet normal -0.740929 -0.671584 0
    outer loop
      vertex -10.6773 -10.6773 5.4
      vertex -11.6725 -9.57934 6
      vertex -11.6725 -9.57934 5.4
    endloop
  endfacet
  facet normal -0.740929 -0.671584 0
    outer loop
      vertex -11.6725 -9.57934 6
      vertex -10.6773 -10.6773 5.4
      vertex -10.6773 -10.6773 6
    endloop
  endfacet
  facet normal -0.671584 0.740929 0
    outer loop
      vertex -9.57934 11.6725 5.4
      vertex -10.6773 10.6773 6
      vertex -9.57934 11.6725 6
    endloop
  endfacet
  facet normal -0.671584 0.740929 0
    outer loop
      vertex -10.6773 10.6773 6
      vertex -9.57934 11.6725 5.4
      vertex -10.6773 10.6773 5.4
    endloop
  endfacet
  facet normal -0.903981 0.427572 0
    outer loop
      vertex -13.9506 5.77852 5.4
      vertex -13.317 7.11809 6
      vertex -13.317 7.11809 5.4
    endloop
  endfacet
  facet normal -0.903981 0.427572 0
    outer loop
      vertex -13.317 7.11809 6
      vertex -13.9506 5.77852 5.4
      vertex -13.9506 5.77852 6
    endloop
  endfacet
  facet normal -0.514093 -0.857735 0
    outer loop
      vertex -8.38911 -12.5552 5.4
      vertex -7.11809 -13.317 6
      vertex -8.38911 -12.5552 6
    endloop
  endfacet
  facet normal -0.514093 -0.857735 -0
    outer loop
      vertex -7.11809 -13.317 6
      vertex -8.38911 -12.5552 5.4
      vertex -7.11809 -13.317 5.4
    endloop
  endfacet
  facet normal 0.0490605 0.998796 -0
    outer loop
      vertex 1.48006 15.0273 5.4
      vertex 0 15.1 6
      vertex 1.48006 15.0273 6
    endloop
  endfacet
  facet normal 0.0490605 0.998796 0
    outer loop
      vertex 0 15.1 6
      vertex 1.48006 15.0273 5.4
      vertex 0 15.1 5.4
    endloop
  endfacet
  facet normal -0.803219 -0.595684 0
    outer loop
      vertex -11.6725 -9.57934 5.4
      vertex -12.5552 -8.38911 6
      vertex -12.5552 -8.38911 5.4
    endloop
  endfacet
  facet normal -0.803219 -0.595684 0
    outer loop
      vertex -12.5552 -8.38911 6
      vertex -11.6725 -9.57934 5.4
      vertex -11.6725 -9.57934 6
    endloop
  endfacet
  facet normal -0.98918 -0.14671 0
    outer loop
      vertex -14.8099 -2.94586 5.4
      vertex -15.0273 -1.48006 6
      vertex -15.0273 -1.48006 5.4
    endloop
  endfacet
  facet normal -0.98918 -0.14671 0
    outer loop
      vertex -15.0273 -1.48006 6
      vertex -14.8099 -2.94586 5.4
      vertex -14.8099 -2.94586 6
    endloop
  endfacet
  facet normal -0.903981 -0.427572 0
    outer loop
      vertex -13.317 -7.11809 5.4
      vertex -13.9506 -5.77852 6
      vertex -13.9506 -5.77852 5.4
    endloop
  endfacet
  facet normal -0.903981 -0.427572 0
    outer loop
      vertex -13.9506 -5.77852 6
      vertex -13.317 -7.11809 5.4
      vertex -13.317 -7.11809 6
    endloop
  endfacet
  facet normal 0.595684 -0.803219 0
    outer loop
      vertex 8.38911 -12.5552 5.4
      vertex 9.57934 -11.6725 6
      vertex 8.38911 -12.5552 6
    endloop
  endfacet
  facet normal 0.595684 -0.803219 0
    outer loop
      vertex 9.57934 -11.6725 6
      vertex 8.38911 -12.5552 5.4
      vertex 9.57934 -11.6725 5.4
    endloop
  endfacet
  facet normal -0.243006 -0.970025 0
    outer loop
      vertex -4.3833 -14.4498 5.4
      vertex -2.94586 -14.8099 6
      vertex -4.3833 -14.4498 6
    endloop
  endfacet
  facet normal -0.243006 -0.970025 -0
    outer loop
      vertex -2.94586 -14.8099 6
      vertex -4.3833 -14.4498 5.4
      vertex -2.94586 -14.8099 5.4
    endloop
  endfacet
  facet normal 0.740929 0.671584 0
    outer loop
      vertex 11.6725 9.57934 6
      vertex 10.6773 10.6773 5.4
      vertex 10.6773 10.6773 6
    endloop
  endfacet
  facet normal 0.740929 0.671584 0
    outer loop
      vertex 10.6773 10.6773 5.4
      vertex 11.6725 9.57934 6
      vertex 11.6725 9.57934 5.4
    endloop
  endfacet
  facet normal -0.671584 -0.740929 0
    outer loop
      vertex -10.6773 -10.6773 5.4
      vertex -9.57934 -11.6725 6
      vertex -10.6773 -10.6773 6
    endloop
  endfacet
  facet normal -0.671584 -0.740929 -0
    outer loop
      vertex -9.57934 -11.6725 6
      vertex -10.6773 -10.6773 5.4
      vertex -9.57934 -11.6725 5.4
    endloop
  endfacet
  facet normal -0.803219 0.595684 0
    outer loop
      vertex -12.5552 8.38911 5.4
      vertex -11.6725 9.57934 6
      vertex -11.6725 9.57934 5.4
    endloop
  endfacet
  facet normal -0.803219 0.595684 0
    outer loop
      vertex -11.6725 9.57934 6
      vertex -12.5552 8.38911 5.4
      vertex -12.5552 8.38911 6
    endloop
  endfacet
  facet normal -0.857735 0.514093 0
    outer loop
      vertex -13.317 7.11809 5.4
      vertex -12.5552 8.38911 6
      vertex -12.5552 8.38911 5.4
    endloop
  endfacet
  facet normal -0.857735 0.514093 0
    outer loop
      vertex -12.5552 8.38911 6
      vertex -13.317 7.11809 5.4
      vertex -13.317 7.11809 6
    endloop
  endfacet
  facet normal -0.0490605 -0.998796 0
    outer loop
      vertex -1.48006 -15.0273 5.4
      vertex 0 -15.1 6
      vertex -1.48006 -15.0273 6
    endloop
  endfacet
  facet normal -0.0490605 -0.998796 -0
    outer loop
      vertex 0 -15.1 6
      vertex -1.48006 -15.0273 5.4
      vertex 0 -15.1 5.4
    endloop
  endfacet
  facet normal -0.998796 0.0490605 0
    outer loop
      vertex -15.1 0 5.4
      vertex -15.0273 1.48006 6
      vertex -15.0273 1.48006 5.4
    endloop
  endfacet
  facet normal -0.998796 0.0490605 0
    outer loop
      vertex -15.0273 1.48006 6
      vertex -15.1 0 5.4
      vertex -15.1 0 6
    endloop
  endfacet
  facet normal 0.740929 -0.671584 0
    outer loop
      vertex 10.6773 -10.6773 6
      vertex 11.6725 -9.57934 5.4
      vertex 11.6725 -9.57934 6
    endloop
  endfacet
  facet normal 0.740929 -0.671584 0
    outer loop
      vertex 11.6725 -9.57934 5.4
      vertex 10.6773 -10.6773 6
      vertex 10.6773 -10.6773 5.4
    endloop
  endfacet
  facet normal 0.671584 -0.740929 0
    outer loop
      vertex 9.57934 -11.6725 5.4
      vertex 10.6773 -10.6773 6
      vertex 9.57934 -11.6725 6
    endloop
  endfacet
  facet normal 0.671584 -0.740929 0
    outer loop
      vertex 10.6773 -10.6773 6
      vertex 9.57934 -11.6725 5.4
      vertex 10.6773 -10.6773 5.4
    endloop
  endfacet
  facet normal 0 0 1
    outer loop
      vertex 5.2308 1.69958 5.4
      vertex 1.3519 1.86073 5.4
      vertex 2.18742 -0.710724 5.4
    endloop
  endfacet
  facet normal 0 0 1
    outer loop
      vertex 0 -2.29999 5.4
      vertex 2.18742 -0.710724 5.4
      vertex 1.3519 1.86073 5.4
    endloop
  endfacet
  facet normal 0 0 1
    outer loop
      vertex -1.3519 1.86073 5.4
      vertex 1.3519 1.86073 5.4
      vertex 0 5.5 5.4
    endloop
  endfacet
  facet normal 0 0 1
    outer loop
      vertex 2.18742 -0.710724 5.4
      vertex 0 -2.29999 5.4
      vertex 3.23282 -4.44958 5.4
    endloop
  endfacet
  facet normal 0 0 1
    outer loop
      vertex 1.3519 1.86073 5.4
      vertex -1.3519 1.86073 5.4
      vertex 0 -2.29999 5.4
    endloop
  endfacet
  facet normal -0 0 1
    outer loop
      vertex -2.18742 -0.710724 5.4
      vertex 0 -2.29999 5.4
      vertex -1.3519 1.86073 5.4
    endloop
  endfacet
  facet normal 0 0 1
    outer loop
      vertex 0 -2.29999 5.4
      vertex -2.18742 -0.710724 5.4
      vertex -3.23282 -4.44958 5.4
    endloop
  endfacet
  facet normal 0 0 1
    outer loop
      vertex -1.3519 1.86073 5.4
      vertex -5.2308 1.69958 5.4
      vertex -2.18742 -0.710724 5.4
    endloop
  endfacet
  facet normal -0.620855 0.783925 0
    outer loop
      vertex 5.2308 1.69958 5.4
      vertex 2.18742 -0.710724 6
      vertex 5.2308 1.69958 6
    endloop
  endfacet
  facet normal -0.620855 0.783925 0
    outer loop
      vertex 2.18742 -0.710724 6
      vertex 5.2308 1.69958 5.4
      vertex 2.18742 -0.710724 5.4
    endloop
  endfacet
  facet normal -0.0415095 -0.999138 0
    outer loop
      vertex 1.3519 1.86073 5.4
      vertex 5.2308 1.69958 6
      vertex 1.3519 1.86073 6
    endloop
  endfacet
  facet normal -0.0415095 -0.999138 -0
    outer loop
      vertex 5.2308 1.69958 6
      vertex 1.3519 1.86073 5.4
      vertex 5.2308 1.69958 5.4
    endloop
  endfacet
  facet normal -0.937411 -0.348225 0
    outer loop
      vertex 1.3519 1.86073 5.4
      vertex 0 5.5 6
      vertex 0 5.5 5.4
    endloop
  endfacet
  facet normal -0.937411 -0.348225 0
    outer loop
      vertex 0 5.5 6
      vertex 1.3519 1.86073 5.4
      vertex 1.3519 1.86073 6
    endloop
  endfacet
  facet normal 0.937411 -0.348225 0
    outer loop
      vertex -1.3519 1.86073 6
      vertex 0 5.5 5.4
      vertex 0 5.5 6
    endloop
  endfacet
  facet normal 0.937411 -0.348225 0
    outer loop
      vertex 0 5.5 5.4
      vertex -1.3519 1.86073 6
      vertex -1.3519 1.86073 5.4
    endloop
  endfacet
  facet normal 0.0415095 -0.999138 0
    outer loop
      vertex -5.2308 1.69958 5.4
      vertex -1.3519 1.86073 6
      vertex -5.2308 1.69958 6
    endloop
  endfacet
  facet normal 0.0415095 -0.999138 0
    outer loop
      vertex -1.3519 1.86073 6
      vertex -5.2308 1.69958 5.4
      vertex -1.3519 1.86073 5.4
    endloop
  endfacet
  facet normal 0.620855 0.783925 -0
    outer loop
      vertex -2.18742 -0.710724 5.4
      vertex -5.2308 1.69958 6
      vertex -2.18742 -0.710724 6
    endloop
  endfacet
  facet normal 0.620855 0.783925 0
    outer loop
      vertex -5.2308 1.69958 6
      vertex -2.18742 -0.710724 5.4
      vertex -5.2308 1.69958 5.4
    endloop
  endfacet
  facet normal 0.963063 -0.269276 0
    outer loop
      vertex -3.23282 -4.44958 6
      vertex -2.18742 -0.710724 5.4
      vertex -2.18742 -0.710724 6
    endloop
  endfacet
  facet normal 0.963063 -0.269276 0
    outer loop
      vertex -2.18742 -0.710724 5.4
      vertex -3.23282 -4.44958 6
      vertex -3.23282 -4.44958 5.4
    endloop
  endfacet
  facet normal -0.553697 0.832718 0
    outer loop
      vertex 0 -2.29999 5.4
      vertex -3.23282 -4.44958 6
      vertex 0 -2.29999 6
    endloop
  endfacet
  facet normal -0.553697 0.832718 0
    outer loop
      vertex -3.23282 -4.44958 6
      vertex 0 -2.29999 5.4
      vertex -3.23282 -4.44958 5.4
    endloop
  endfacet
  facet normal 0.553697 0.832718 -0
    outer loop
      vertex 3.23282 -4.44958 5.4
      vertex 0 -2.29999 6
      vertex 3.23282 -4.44958 6
    endloop
  endfacet
  facet normal 0.553697 0.832718 0
    outer loop
      vertex 0 -2.29999 6
      vertex 3.23282 -4.44958 5.4
      vertex 0 -2.29999 5.4
    endloop
  endfacet
  facet normal -0.963063 -0.269276 0
    outer loop
      vertex 3.23282 -4.44958 5.4
      vertex 2.18742 -0.710724 6
      vertex 2.18742 -0.710724 5.4
    endloop
  endfacet
  facet normal -0.963063 -0.269276 0
    outer loop
      vertex 2.18742 -0.710724 6
      vertex 3.23282 -4.44958 5.4
      vertex 3.23282 -4.44958 6
    endloop
  endfacet
  facet normal 0.146725 0.989177 -0
    outer loop
      vertex 3.57015 17.9484 0
      vertex 1.79371 18.2119 6
      vertex 3.57015 17.9484 6
    endloop
  endfacet
  facet normal 0.146725 0.989177 0
    outer loop
      vertex 1.79371 18.2119 6
      vertex 3.57015 17.9484 0
      vertex 1.79371 18.2119 0
    endloop
  endfacet
  facet normal 0.989177 0.146725 0
    outer loop
      vertex 18.2119 1.79371 6
      vertex 17.9484 3.57015 0
      vertex 17.9484 3.57015 6
    endloop
  endfacet
  facet normal 0.989177 0.146725 0
    outer loop
      vertex 17.9484 3.57015 0
      vertex 18.2119 1.79371 6
      vertex 18.2119 1.79371 0
    endloop
  endfacet
  facet normal 0.998796 0.0490569 0
    outer loop
      vertex 18.3 0 6
      vertex 18.2119 1.79371 0
      vertex 18.2119 1.79371 6
    endloop
  endfacet
  facet normal 0.998796 0.0490569 0
    outer loop
      vertex 18.2119 1.79371 0
      vertex 18.3 0 6
      vertex 18.3 0 0
    endloop
  endfacet
  facet normal 0.970026 0.242999 0
    outer loop
      vertex 17.9484 3.57015 6
      vertex 17.512 5.31221 0
      vertex 17.512 5.31221 6
    endloop
  endfacet
  facet normal 0.970026 0.242999 0
    outer loop
      vertex 17.512 5.31221 0
      vertex 17.9484 3.57015 6
      vertex 17.9484 3.57015 0
    endloop
  endfacet
  facet normal 0.336883 -0.941546 0
    outer loop
      vertex 5.31221 -17.512 0
      vertex 7.00311 -16.907 6
      vertex 5.31221 -17.512 6
    endloop
  endfacet
  facet normal 0.336883 -0.941546 0
    outer loop
      vertex 7.00311 -16.907 6
      vertex 5.31221 -17.512 0
      vertex 7.00311 -16.907 0
    endloop
  endfacet
  facet normal 0.903997 -0.427539 0
    outer loop
      vertex 16.1392 -8.62656 6
      vertex 16.907 -7.00311 0
      vertex 16.907 -7.00311 6
    endloop
  endfacet
  facet normal 0.903997 -0.427539 0
    outer loop
      vertex 16.907 -7.00311 0
      vertex 16.1392 -8.62656 6
      vertex 16.1392 -8.62656 0
    endloop
  endfacet
  facet normal 0.671536 0.740972 -0
    outer loop
      vertex 12.9401 12.9401 0
      vertex 11.6094 14.1461 6
      vertex 12.9401 12.9401 6
    endloop
  endfacet
  facet normal 0.671536 0.740972 0
    outer loop
      vertex 11.6094 14.1461 6
      vertex 12.9401 12.9401 0
      vertex 11.6094 14.1461 0
    endloop
  endfacet
  facet normal -0.740972 0.671536 0
    outer loop
      vertex -14.1461 11.6094 0
      vertex -12.9401 12.9401 6
      vertex -12.9401 12.9401 0
    endloop
  endfacet
  facet normal -0.740972 0.671536 0
    outer loop
      vertex -12.9401 12.9401 6
      vertex -14.1461 11.6094 0
      vertex -14.1461 11.6094 6
    endloop
  endfacet
  facet normal -0.146725 -0.989177 0
    outer loop
      vertex -3.57015 -17.9484 0
      vertex -1.79371 -18.2119 6
      vertex -3.57015 -17.9484 6
    endloop
  endfacet
  facet normal -0.146725 -0.989177 -0
    outer loop
      vertex -1.79371 -18.2119 6
      vertex -3.57015 -17.9484 0
      vertex -1.79371 -18.2119 0
    endloop
  endfacet
  facet normal 0.941546 0.336883 0
    outer loop
      vertex 17.512 5.31221 6
      vertex 16.907 7.00311 0
      vertex 16.907 7.00311 6
    endloop
  endfacet
  facet normal 0.941546 0.336883 0
    outer loop
      vertex 16.907 7.00311 0
      vertex 17.512 5.31221 6
      vertex 17.512 5.31221 0
    endloop
  endfacet
  facet normal -0.0490569 0.998796 0
    outer loop
      vertex 0 18.3 0
      vertex -1.79371 18.2119 6
      vertex 0 18.3 6
    endloop
  endfacet
  facet normal -0.0490569 0.998796 0
    outer loop
      vertex -1.79371 18.2119 6
      vertex 0 18.3 0
      vertex -1.79371 18.2119 0
    endloop
  endfacet
  facet normal 0.803216 0.595688 0
    outer loop
      vertex 15.2159 10.1669 6
      vertex 14.1461 11.6094 0
      vertex 14.1461 11.6094 6
    endloop
  endfacet
  facet normal 0.803216 0.595688 0
    outer loop
      vertex 14.1461 11.6094 0
      vertex 15.2159 10.1669 6
      vertex 15.2159 10.1669 0
    endloop
  endfacet
  facet normal 0.0490569 -0.998796 0
    outer loop
      vertex 0 -18.3 0
      vertex 1.79371 -18.2119 6
      vertex 0 -18.3 6
    endloop
  endfacet
  facet normal 0.0490569 -0.998796 0
    outer loop
      vertex 1.79371 -18.2119 6
      vertex 0 -18.3 0
      vertex 1.79371 -18.2119 0
    endloop
  endfacet
  facet normal 0.0490569 0.998796 -0
    outer loop
      vertex 1.79371 18.2119 0
      vertex 0 18.3 6
      vertex 1.79371 18.2119 6
    endloop
  endfacet
  facet normal 0.0490569 0.998796 0
    outer loop
      vertex 0 18.3 6
      vertex 1.79371 18.2119 0
      vertex 0 18.3 0
    endloop
  endfacet
  facet normal 0.857715 -0.514126 0
    outer loop
      vertex 15.2159 -10.1669 6
      vertex 16.1392 -8.62656 0
      vertex 16.1392 -8.62656 6
    endloop
  endfacet
  facet normal 0.857715 -0.514126 0
    outer loop
      vertex 16.1392 -8.62656 0
      vertex 15.2159 -10.1669 6
      vertex 15.2159 -10.1669 0
    endloop
  endfacet
  facet normal -0.595688 -0.803216 0
    outer loop
      vertex -11.6094 -14.1461 0
      vertex -10.1669 -15.2159 6
      vertex -11.6094 -14.1461 6
    endloop
  endfacet
  facet normal -0.595688 -0.803216 -0
    outer loop
      vertex -10.1669 -15.2159 6
      vertex -11.6094 -14.1461 0
      vertex -10.1669 -15.2159 0
    endloop
  endfacet
  facet normal -0.857715 0.514126 0
    outer loop
      vertex -16.1392 8.62656 0
      vertex -15.2159 10.1669 6
      vertex -15.2159 10.1669 0
    endloop
  endfacet
  facet normal -0.857715 0.514126 0
    outer loop
      vertex -15.2159 10.1669 6
      vertex -16.1392 8.62656 0
      vertex -16.1392 8.62656 6
    endloop
  endfacet
  facet normal -0.242999 -0.970026 0
    outer loop
      vertex -5.31221 -17.512 0
      vertex -3.57015 -17.9484 6
      vertex -5.31221 -17.512 6
    endloop
  endfacet
  facet normal -0.242999 -0.970026 -0
    outer loop
      vertex -3.57015 -17.9484 6
      vertex -5.31221 -17.512 0
      vertex -3.57015 -17.9484 0
    endloop
  endfacet
  facet normal 0.857715 0.514126 0
    outer loop
      vertex 16.1392 8.62656 6
      vertex 15.2159 10.1669 0
      vertex 15.2159 10.1669 6
    endloop
  endfacet
  facet normal 0.857715 0.514126 0
    outer loop
      vertex 15.2159 10.1669 0
      vertex 16.1392 8.62656 6
      vertex 16.1392 8.62656 0
    endloop
  endfacet
  facet normal -0.998796 -0.0490569 0
    outer loop
      vertex -18.2119 -1.79371 0
      vertex -18.3 0 6
      vertex -18.3 0 0
    endloop
  endfacet
  facet normal -0.998796 -0.0490569 0
    outer loop
      vertex -18.3 0 6
      vertex -18.2119 -1.79371 0
      vertex -18.2119 -1.79371 6
    endloop
  endfacet
  facet normal 0.903997 0.427539 0
    outer loop
      vertex 16.907 7.00311 6
      vertex 16.1392 8.62656 0
      vertex 16.1392 8.62656 6
    endloop
  endfacet
  facet normal 0.903997 0.427539 0
    outer loop
      vertex 16.1392 8.62656 0
      vertex 16.907 7.00311 6
      vertex 16.907 7.00311 0
    endloop
  endfacet
  facet normal 0.970026 -0.242999 0
    outer loop
      vertex 17.512 -5.31221 6
      vertex 17.9484 -3.57015 0
      vertex 17.9484 -3.57015 6
    endloop
  endfacet
  facet normal 0.970026 -0.242999 0
    outer loop
      vertex 17.9484 -3.57015 0
      vertex 17.512 -5.31221 6
      vertex 17.512 -5.31221 0
    endloop
  endfacet
  facet normal -0.970026 0.242999 0
    outer loop
      vertex -17.9484 3.57015 0
      vertex -17.512 5.31221 6
      vertex -17.512 5.31221 0
    endloop
  endfacet
  facet normal -0.970026 0.242999 0
    outer loop
      vertex -17.512 5.31221 6
      vertex -17.9484 3.57015 0
      vertex -17.9484 3.57015 6
    endloop
  endfacet
  facet normal -0.427539 -0.903997 0
    outer loop
      vertex -8.62656 -16.1392 0
      vertex -7.00311 -16.907 6
      vertex -8.62656 -16.1392 6
    endloop
  endfacet
  facet normal -0.427539 -0.903997 -0
    outer loop
      vertex -7.00311 -16.907 6
      vertex -8.62656 -16.1392 0
      vertex -7.00311 -16.907 0
    endloop
  endfacet
  facet normal -0.970026 -0.242999 0
    outer loop
      vertex -17.512 -5.31221 0
      vertex -17.9484 -3.57015 6
      vertex -17.9484 -3.57015 0
    endloop
  endfacet
  facet normal -0.970026 -0.242999 0
    outer loop
      vertex -17.9484 -3.57015 6
      vertex -17.512 -5.31221 0
      vertex -17.512 -5.31221 6
    endloop
  endfacet
  facet normal 0.336883 0.941546 -0
    outer loop
      vertex 7.00311 16.907 0
      vertex 5.31221 17.512 6
      vertex 7.00311 16.907 6
    endloop
  endfacet
  facet normal 0.336883 0.941546 0
    outer loop
      vertex 5.31221 17.512 6
      vertex 7.00311 16.907 0
      vertex 5.31221 17.512 0
    endloop
  endfacet
  facet normal 0.989177 -0.146725 0
    outer loop
      vertex 17.9484 -3.57015 6
      vertex 18.2119 -1.79371 0
      vertex 18.2119 -1.79371 6
    endloop
  endfacet
  facet normal 0.989177 -0.146725 0
    outer loop
      vertex 18.2119 -1.79371 0
      vertex 17.9484 -3.57015 6
      vertex 17.9484 -3.57015 0
    endloop
  endfacet
  facet normal -0.146725 0.989177 0
    outer loop
      vertex -1.79371 18.2119 0
      vertex -3.57015 17.9484 6
      vertex -1.79371 18.2119 6
    endloop
  endfacet
  facet normal -0.146725 0.989177 0
    outer loop
      vertex -3.57015 17.9484 6
      vertex -1.79371 18.2119 0
      vertex -3.57015 17.9484 0
    endloop
  endfacet
  facet normal 0.427539 -0.903997 0
    outer loop
      vertex 7.00311 -16.907 0
      vertex 8.62656 -16.1392 6
      vertex 7.00311 -16.907 6
    endloop
  endfacet
  facet normal 0.427539 -0.903997 0
    outer loop
      vertex 8.62656 -16.1392 6
      vertex 7.00311 -16.907 0
      vertex 8.62656 -16.1392 0
    endloop
  endfacet
  facet normal -0.671536 0.740972 0
    outer loop
      vertex -11.6094 14.1461 0
      vertex -12.9401 12.9401 6
      vertex -11.6094 14.1461 6
    endloop
  endfacet
  facet normal -0.671536 0.740972 0
    outer loop
      vertex -12.9401 12.9401 6
      vertex -11.6094 14.1461 0
      vertex -12.9401 12.9401 0
    endloop
  endfacet
  facet normal 0 0 -1
    outer loop
      vertex 18.2119 -1.79371 0
      vertex 18.2119 1.79371 0
      vertex 18.3 0 0
    endloop
  endfacet
  facet normal 0 0 -1
    outer loop
      vertex 17.9484 -3.57015 0
      vertex 18.2119 1.79371 0
      vertex 18.2119 -1.79371 0
    endloop
  endfacet
  facet normal 0 0 -1
    outer loop
      vertex 17.9484 -3.57015 0
      vertex 17.9484 3.57015 0
      vertex 18.2119 1.79371 0
    endloop
  endfacet
  facet normal 0 0 -1
    outer loop
      vertex 17.512 -5.31221 0
      vertex 17.9484 3.57015 0
      vertex 17.9484 -3.57015 0
    endloop
  endfacet
  facet normal 0 0 -1
    outer loop
      vertex 17.512 -5.31221 0
      vertex 17.512 5.31221 0
      vertex 17.9484 3.57015 0
    endloop
  endfacet
  facet normal 0 0 -1
    outer loop
      vertex 16.907 -7.00311 0
      vertex 17.512 5.31221 0
      vertex 17.512 -5.31221 0
    endloop
  endfacet
  facet normal 0 0 -1
    outer loop
      vertex 16.907 -7.00311 0
      vertex 16.907 7.00311 0
      vertex 17.512 5.31221 0
    endloop
  endfacet
  facet normal 0 0 -1
    outer loop
      vertex 16.1392 -8.62656 0
      vertex 16.907 7.00311 0
      vertex 16.907 -7.00311 0
    endloop
  endfacet
  facet normal 0 0 -1
    outer loop
      vertex 16.1392 -8.62656 0
      vertex 16.1392 8.62656 0
      vertex 16.907 7.00311 0
    endloop
  endfacet
  facet normal 0 0 -1
    outer loop
      vertex 15.2159 -10.1669 0
      vertex 16.1392 8.62656 0
      vertex 16.1392 -8.62656 0
    endloop
  endfacet
  facet normal 0 0 -1
    outer loop
      vertex 15.2159 -10.1669 0
      vertex 15.2159 10.1669 0
      vertex 16.1392 8.62656 0
    endloop
  endfacet
  facet normal 0 0 -1
    outer loop
      vertex 14.1461 -11.6094 0
      vertex 15.2159 10.1669 0
      vertex 15.2159 -10.1669 0
    endloop
  endfacet
  facet normal 0 0 -1
    outer loop
      vertex 14.1461 -11.6094 0
      vertex 14.1461 11.6094 0
      vertex 15.2159 10.1669 0
    endloop
  endfacet
  facet normal 0 0 -1
    outer loop
      vertex 12.9401 -12.9401 0
      vertex 14.1461 11.6094 0
      vertex 14.1461 -11.6094 0
    endloop
  endfacet
  facet normal 0 0 -1
    outer loop
      vertex 12.9401 -12.9401 0
      vertex 12.9401 12.9401 0
      vertex 14.1461 11.6094 0
    endloop
  endfacet
  facet normal 0 0 -1
    outer loop
      vertex 11.6094 -14.1461 0
      vertex 12.9401 12.9401 0
      vertex 12.9401 -12.9401 0
    endloop
  endfacet
  facet normal 0 0 -1
    outer loop
      vertex 11.6094 -14.1461 0
      vertex 11.6094 14.1461 0
      vertex 12.9401 12.9401 0
    endloop
  endfacet
  facet normal 0 0 -1
    outer loop
      vertex 10.1669 -15.2159 0
      vertex 11.6094 14.1461 0
      vertex 11.6094 -14.1461 0
    endloop
  endfacet
  facet normal 0 0 -1
    outer loop
      vertex 10.1669 -15.2159 0
      vertex 10.1669 15.2159 0
      vertex 11.6094 14.1461 0
    endloop
  endfacet
  facet normal 0 0 -1
    outer loop
      vertex 8.62656 -16.1392 0
      vertex 10.1669 15.2159 0
      vertex 10.1669 -15.2159 0
    endloop
  endfacet
  facet normal 0 0 -1
    outer loop
      vertex 8.62656 -16.1392 0
      vertex 8.62656 16.1392 0
      vertex 10.1669 15.2159 0
    endloop
  endfacet
  facet normal 0 0 -1
    outer loop
      vertex 7.00311 -16.907 0
      vertex 8.62656 16.1392 0
      vertex 8.62656 -16.1392 0
    endloop
  endfacet
  facet normal 0 0 -1
    outer loop
      vertex 7.00311 -16.907 0
      vertex 7.00311 16.907 0
      vertex 8.62656 16.1392 0
    endloop
  endfacet
  facet normal 0 0 -1
    outer loop
      vertex 5.31221 -17.512 0
      vertex 7.00311 16.907 0
      vertex 7.00311 -16.907 0
    endloop
  endfacet
  facet normal 0 0 -1
    outer loop
      vertex 5.31221 -17.512 0
      vertex 5.31221 17.512 0
      vertex 7.00311 16.907 0
    endloop
  endfacet
  facet normal 0 0 -1
    outer loop
      vertex 3.57015 -17.9484 0
      vertex 5.31221 17.512 0
      vertex 5.31221 -17.512 0
    endloop
  endfacet
  facet normal 0 0 -1
    outer loop
      vertex 3.57015 -17.9484 0
      vertex 3.57015 17.9484 0
      vertex 5.31221 17.512 0
    endloop
  endfacet
  facet normal 0 0 -1
    outer loop
      vertex 1.79371 -18.2119 0
      vertex 3.57015 17.9484 0
      vertex 3.57015 -17.9484 0
    endloop
  endfacet
  facet normal 0 0 -1
    outer loop
      vertex 1.79371 -18.2119 0
      vertex 1.79371 18.2119 0
      vertex 3.57015 17.9484 0
    endloop
  endfacet
  facet normal 0 0 -1
    outer loop
      vertex 0 -18.3 0
      vertex 1.79371 18.2119 0
      vertex 1.79371 -18.2119 0
    endloop
  endfacet
  facet normal 0 0 -1
    outer loop
      vertex 0 -18.3 0
      vertex 0 18.3 0
      vertex 1.79371 18.2119 0
    endloop
  endfacet
  facet normal 0 0 -1
    outer loop
      vertex -1.79371 -18.2119 0
      vertex 0 18.3 0
      vertex 0 -18.3 0
    endloop
  endfacet
  facet normal 0 0 -1
    outer loop
      vertex -1.79371 -18.2119 0
      vertex -1.79371 18.2119 0
      vertex 0 18.3 0
    endloop
  endfacet
  facet normal 0 0 -1
    outer loop
      vertex -3.57015 -17.9484 0
      vertex -1.79371 18.2119 0
      vertex -1.79371 -18.2119 0
    endloop
  endfacet
  facet normal 0 0 -1
    outer loop
      vertex -3.57015 -17.9484 0
      vertex -3.57015 17.9484 0
      vertex -1.79371 18.2119 0
    endloop
  endfacet
  facet normal 0 0 -1
    outer loop
      vertex -5.31221 -17.512 0
      vertex -3.57015 17.9484 0
      vertex -3.57015 -17.9484 0
    endloop
  endfacet
  facet normal 0 0 -1
    outer loop
      vertex -5.31221 -17.512 0
      vertex -5.31221 17.512 0
      vertex -3.57015 17.9484 0
    endloop
  endfacet
  facet normal 0 0 -1
    outer loop
      vertex -7.00311 -16.907 0
      vertex -5.31221 17.512 0
      vertex -5.31221 -17.512 0
    endloop
  endfacet
  facet normal 0 0 -1
    outer loop
      vertex -7.00311 -16.907 0
      vertex -7.00311 16.907 0
      vertex -5.31221 17.512 0
    endloop
  endfacet
  facet normal 0 0 -1
    outer loop
      vertex -8.62656 -16.1392 0
      vertex -7.00311 16.907 0
      vertex -7.00311 -16.907 0
    endloop
  endfacet
  facet normal 0 0 -1
    outer loop
      vertex -8.62656 -16.1392 0
      vertex -8.62656 16.1392 0
      vertex -7.00311 16.907 0
    endloop
  endfacet
  facet normal 0 0 -1
    outer loop
      vertex -10.1669 -15.2159 0
      vertex -8.62656 16.1392 0
      vertex -8.62656 -16.1392 0
    endloop
  endfacet
  facet normal 0 0 -1
    outer loop
      vertex -10.1669 -15.2159 0
      vertex -10.1669 15.2159 0
      vertex -8.62656 16.1392 0
    endloop
  endfacet
  facet normal 0 0 -1
    outer loop
      vertex -11.6094 -14.1461 0
      vertex -10.1669 15.2159 0
      vertex -10.1669 -15.2159 0
    endloop
  endfacet
  facet normal 0 0 -1
    outer loop
      vertex -11.6094 -14.1461 0
      vertex -11.6094 14.1461 0
      vertex -10.1669 15.2159 0
    endloop
  endfacet
  facet normal 0 0 -1
    outer loop
      vertex -12.9401 -12.9401 0
      vertex -11.6094 14.1461 0
      vertex -11.6094 -14.1461 0
    endloop
  endfacet
  facet normal 0 0 -1
    outer loop
      vertex -12.9401 -12.9401 0
      vertex -12.9401 12.9401 0
      vertex -11.6094 14.1461 0
    endloop
  endfacet
  facet normal 0 0 -1
    outer loop
      vertex -14.1461 -11.6094 0
      vertex -12.9401 12.9401 0
      vertex -12.9401 -12.9401 0
    endloop
  endfacet
  facet normal 0 0 -1
    outer loop
      vertex -14.1461 -11.6094 0
      vertex -14.1461 11.6094 0
      vertex -12.9401 12.9401 0
    endloop
  endfacet
  facet normal 0 0 -1
    outer loop
      vertex -15.2159 -10.1669 0
      vertex -14.1461 11.6094 0
      vertex -14.1461 -11.6094 0
    endloop
  endfacet
  facet normal 0 0 -1
    outer loop
      vertex -15.2159 -10.1669 0
      vertex -15.2159 10.1669 0
      vertex -14.1461 11.6094 0
    endloop
  endfacet
  facet normal 0 0 -1
    outer loop
      vertex -16.1392 -8.62656 0
      vertex -15.2159 10.1669 0
      vertex -15.2159 -10.1669 0
    endloop
  endfacet
  facet normal 0 0 -1
    outer loop
      vertex -16.1392 -8.62656 0
      vertex -16.1392 8.62656 0
      vertex -15.2159 10.1669 0
    endloop
  endfacet
  facet normal 0 0 -1
    outer loop
      vertex -16.907 -7.00311 0
      vertex -16.1392 8.62656 0
      vertex -16.1392 -8.62656 0
    endloop
  endfacet
  facet normal 0 0 -1
    outer loop
      vertex -16.907 -7.00311 0
      vertex -16.907 7.00311 0
      vertex -16.1392 8.62656 0
    endloop
  endfacet
  facet normal 0 0 -1
    outer loop
      vertex -17.512 -5.31221 0
      vertex -16.907 7.00311 0
      vertex -16.907 -7.00311 0
    endloop
  endfacet
  facet normal 0 0 -1
    outer loop
      vertex -17.512 -5.31221 0
      vertex -17.512 5.31221 0
      vertex -16.907 7.00311 0
    endloop
  endfacet
  facet normal 0 0 -1
    outer loop
      vertex -17.9484 -3.57015 0
      vertex -17.512 5.31221 0
      vertex -17.512 -5.31221 0
    endloop
  endfacet
  facet normal 0 0 -1
    outer loop
      vertex -17.9484 -3.57015 0
      vertex -17.9484 3.57015 0
      vertex -17.512 5.31221 0
    endloop
  endfacet
  facet normal 0 0 -1
    outer loop
      vertex -18.2119 -1.79371 0
      vertex -17.9484 3.57015 0
      vertex -17.9484 -3.57015 0
    endloop
  endfacet
  facet normal 0 0 -1
    outer loop
      vertex -18.2119 -1.79371 0
      vertex -18.2119 1.79371 0
      vertex -17.9484 3.57015 0
    endloop
  endfacet
  facet normal 0 -0 -1
    outer loop
      vertex -18.2119 1.79371 0
      vertex -18.2119 -1.79371 0
      vertex -18.3 0 0
    endloop
  endfacet
  facet normal -0.595688 0.803216 0
    outer loop
      vertex -10.1669 15.2159 0
      vertex -11.6094 14.1461 6
      vertex -10.1669 15.2159 6
    endloop
  endfacet
  facet normal -0.595688 0.803216 0
    outer loop
      vertex -11.6094 14.1461 6
      vertex -10.1669 15.2159 0
      vertex -11.6094 14.1461 0
    endloop
  endfacet
  facet normal 0.242999 0.970026 -0
    outer loop
      vertex 5.31221 17.512 0
      vertex 3.57015 17.9484 6
      vertex 5.31221 17.512 6
    endloop
  endfacet
  facet normal 0.242999 0.970026 0
    outer loop
      vertex 3.57015 17.9484 6
      vertex 5.31221 17.512 0
      vertex 3.57015 17.9484 0
    endloop
  endfacet
  facet normal 0.998796 -0.0490569 0
    outer loop
      vertex 18.2119 -1.79371 6
      vertex 18.3 0 0
      vertex 18.3 0 6
    endloop
  endfacet
  facet normal 0.998796 -0.0490569 0
    outer loop
      vertex 18.3 0 0
      vertex 18.2119 -1.79371 6
      vertex 18.2119 -1.79371 0
    endloop
  endfacet
  facet normal -0.427539 0.903997 0
    outer loop
      vertex -7.00311 16.907 0
      vertex -8.62656 16.1392 6
      vertex -7.00311 16.907 6
    endloop
  endfacet
  facet normal -0.427539 0.903997 0
    outer loop
      vertex -8.62656 16.1392 6
      vertex -7.00311 16.907 0
      vertex -8.62656 16.1392 0
    endloop
  endfacet
  facet normal -0.941546 -0.336883 0
    outer loop
      vertex -16.907 -7.00311 0
      vertex -17.512 -5.31221 6
      vertex -17.512 -5.31221 0
    endloop
  endfacet
  facet normal -0.941546 -0.336883 0
    outer loop
      vertex -17.512 -5.31221 6
      vertex -16.907 -7.00311 0
      vertex -16.907 -7.00311 6
    endloop
  endfacet
  facet normal 0.514126 0.857715 -0
    outer loop
      vertex 10.1669 15.2159 0
      vertex 8.62656 16.1392 6
      vertex 10.1669 15.2159 6
    endloop
  endfacet
  facet normal 0.514126 0.857715 0
    outer loop
      vertex 8.62656 16.1392 6
      vertex 10.1669 15.2159 0
      vertex 8.62656 16.1392 0
    endloop
  endfacet
  facet normal 0.595688 0.803216 -0
    outer loop
      vertex 11.6094 14.1461 0
      vertex 10.1669 15.2159 6
      vertex 11.6094 14.1461 6
    endloop
  endfacet
  facet normal 0.595688 0.803216 0
    outer loop
      vertex 10.1669 15.2159 6
      vertex 11.6094 14.1461 0
      vertex 10.1669 15.2159 0
    endloop
  endfacet
  facet normal 0.146725 -0.989177 0
    outer loop
      vertex 1.79371 -18.2119 0
      vertex 3.57015 -17.9484 6
      vertex 1.79371 -18.2119 6
    endloop
  endfacet
  facet normal 0.146725 -0.989177 0
    outer loop
      vertex 3.57015 -17.9484 6
      vertex 1.79371 -18.2119 0
      vertex 3.57015 -17.9484 0
    endloop
  endfacet
  facet normal 0.740972 -0.671536 0
    outer loop
      vertex 12.9401 -12.9401 6
      vertex 14.1461 -11.6094 0
      vertex 14.1461 -11.6094 6
    endloop
  endfacet
  facet normal 0.740972 -0.671536 0
    outer loop
      vertex 14.1461 -11.6094 0
      vertex 12.9401 -12.9401 6
      vertex 12.9401 -12.9401 0
    endloop
  endfacet
  facet normal 0.803216 -0.595688 0
    outer loop
      vertex 14.1461 -11.6094 6
      vertex 15.2159 -10.1669 0
      vertex 15.2159 -10.1669 6
    endloop
  endfacet
  facet normal 0.803216 -0.595688 0
    outer loop
      vertex 15.2159 -10.1669 0
      vertex 14.1461 -11.6094 6
      vertex 14.1461 -11.6094 0
    endloop
  endfacet
  facet normal 0.242999 -0.970026 0
    outer loop
      vertex 3.57015 -17.9484 0
      vertex 5.31221 -17.512 6
      vertex 3.57015 -17.9484 6
    endloop
  endfacet
  facet normal 0.242999 -0.970026 0
    outer loop
      vertex 5.31221 -17.512 6
      vertex 3.57015 -17.9484 0
      vertex 5.31221 -17.512 0
    endloop
  endfacet
  facet normal 0.941546 -0.336883 0
    outer loop
      vertex 16.907 -7.00311 6
      vertex 17.512 -5.31221 0
      vertex 17.512 -5.31221 6
    endloop
  endfacet
  facet normal 0.941546 -0.336883 0
    outer loop
      vertex 17.512 -5.31221 0
      vertex 16.907 -7.00311 6
      vertex 16.907 -7.00311 0
    endloop
  endfacet
  facet normal -0.242999 0.970026 0
    outer loop
      vertex -3.57015 17.9484 0
      vertex -5.31221 17.512 6
      vertex -3.57015 17.9484 6
    endloop
  endfacet
  facet normal -0.242999 0.970026 0
    outer loop
      vertex -5.31221 17.512 6
      vertex -3.57015 17.9484 0
      vertex -5.31221 17.512 0
    endloop
  endfacet
  facet normal -0.903997 -0.427539 0
    outer loop
      vertex -16.1392 -8.62656 0
      vertex -16.907 -7.00311 6
      vertex -16.907 -7.00311 0
    endloop
  endfacet
  facet normal -0.903997 -0.427539 0
    outer loop
      vertex -16.907 -7.00311 6
      vertex -16.1392 -8.62656 0
      vertex -16.1392 -8.62656 6
    endloop
  endfacet
  facet normal -0.989177 0.146725 0
    outer loop
      vertex -18.2119 1.79371 0
      vertex -17.9484 3.57015 6
      vertex -17.9484 3.57015 0
    endloop
  endfacet
  facet normal -0.989177 0.146725 0
    outer loop
      vertex -17.9484 3.57015 6
      vertex -18.2119 1.79371 0
      vertex -18.2119 1.79371 6
    endloop
  endfacet
  facet normal 0.427539 0.903997 -0
    outer loop
      vertex 8.62656 16.1392 0
      vertex 7.00311 16.907 6
      vertex 8.62656 16.1392 6
    endloop
  endfacet
  facet normal 0.427539 0.903997 0
    outer loop
      vertex 7.00311 16.907 6
      vertex 8.62656 16.1392 0
      vertex 7.00311 16.907 0
    endloop
  endfacet
  facet normal -0.740972 -0.671536 0
    outer loop
      vertex -12.9401 -12.9401 0
      vertex -14.1461 -11.6094 6
      vertex -14.1461 -11.6094 0
    endloop
  endfacet
  facet normal -0.740972 -0.671536 0
    outer loop
      vertex -14.1461 -11.6094 6
      vertex -12.9401 -12.9401 0
      vertex -12.9401 -12.9401 6
    endloop
  endfacet
  facet normal -0.857715 -0.514126 0
    outer loop
      vertex -15.2159 -10.1669 0
      vertex -16.1392 -8.62656 6
      vertex -16.1392 -8.62656 0
    endloop
  endfacet
  facet normal -0.857715 -0.514126 0
    outer loop
      vertex -16.1392 -8.62656 6
      vertex -15.2159 -10.1669 0
      vertex -15.2159 -10.1669 6
    endloop
  endfacet
  facet normal -0.336883 0.941546 0
    outer loop
      vertex -5.31221 17.512 0
      vertex -7.00311 16.907 6
      vertex -5.31221 17.512 6
    endloop
  endfacet
  facet normal -0.336883 0.941546 0
    outer loop
      vertex -7.00311 16.907 6
      vertex -5.31221 17.512 0
      vertex -7.00311 16.907 0
    endloop
  endfacet
  facet normal -0.514126 -0.857715 0
    outer loop
      vertex -10.1669 -15.2159 0
      vertex -8.62656 -16.1392 6
      vertex -10.1669 -15.2159 6
    endloop
  endfacet
  facet normal -0.514126 -0.857715 -0
    outer loop
      vertex -8.62656 -16.1392 6
      vertex -10.1669 -15.2159 0
      vertex -8.62656 -16.1392 0
    endloop
  endfacet
  facet normal -0.941546 0.336883 0
    outer loop
      vertex -17.512 5.31221 0
      vertex -16.907 7.00311 6
      vertex -16.907 7.00311 0
    endloop
  endfacet
  facet normal -0.941546 0.336883 0
    outer loop
      vertex -16.907 7.00311 6
      vertex -17.512 5.31221 0
      vertex -17.512 5.31221 6
    endloop
  endfacet
  facet normal 0.595688 -0.803216 0
    outer loop
      vertex 10.1669 -15.2159 0
      vertex 11.6094 -14.1461 6
      vertex 10.1669 -15.2159 6
    endloop
  endfacet
  facet normal 0.595688 -0.803216 0
    outer loop
      vertex 11.6094 -14.1461 6
      vertex 10.1669 -15.2159 0
      vertex 11.6094 -14.1461 0
    endloop
  endfacet
  facet normal 0.740972 0.671536 0
    outer loop
      vertex 14.1461 11.6094 6
      vertex 12.9401 12.9401 0
      vertex 12.9401 12.9401 6
    endloop
  endfacet
  facet normal 0.740972 0.671536 0
    outer loop
      vertex 12.9401 12.9401 0
      vertex 14.1461 11.6094 6
      vertex 14.1461 11.6094 0
    endloop
  endfacet
  facet normal -0.803216 -0.595688 0
    outer loop
      vertex -14.1461 -11.6094 0
      vertex -15.2159 -10.1669 6
      vertex -15.2159 -10.1669 0
    endloop
  endfacet
  facet normal -0.803216 -0.595688 0
    outer loop
      vertex -15.2159 -10.1669 6
      vertex -14.1461 -11.6094 0
      vertex -14.1461 -11.6094 6
    endloop
  endfacet
  facet normal -0.514126 0.857715 0
    outer loop
      vertex -8.62656 16.1392 0
      vertex -10.1669 15.2159 6
      vertex -8.62656 16.1392 6
    endloop
  endfacet
  facet normal -0.514126 0.857715 0
    outer loop
      vertex -10.1669 15.2159 6
      vertex -8.62656 16.1392 0
      vertex -10.1669 15.2159 0
    endloop
  endfacet
  facet normal -0.989177 -0.146725 0
    outer loop
      vertex -17.9484 -3.57015 0
      vertex -18.2119 -1.79371 6
      vertex -18.2119 -1.79371 0
    endloop
  endfacet
  facet normal -0.989177 -0.146725 0
    outer loop
      vertex -18.2119 -1.79371 6
      vertex -17.9484 -3.57015 0
      vertex -17.9484 -3.57015 6
    endloop
  endfacet
  facet normal -0.903997 0.427539 0
    outer loop
      vertex -16.907 7.00311 0
      vertex -16.1392 8.62656 6
      vertex -16.1392 8.62656 0
    endloop
  endfacet
  facet normal -0.903997 0.427539 0
    outer loop
      vertex -16.1392 8.62656 6
      vertex -16.907 7.00311 0
      vertex -16.907 7.00311 6
    endloop
  endfacet
  facet normal 0.514126 -0.857715 0
    outer loop
      vertex 8.62656 -16.1392 0
      vertex 10.1669 -15.2159 6
      vertex 8.62656 -16.1392 6
    endloop
  endfacet
  facet normal 0.514126 -0.857715 0
    outer loop
      vertex 10.1669 -15.2159 6
      vertex 8.62656 -16.1392 0
      vertex 10.1669 -15.2159 0
    endloop
  endfacet
  facet normal -0.671536 -0.740972 0
    outer loop
      vertex -12.9401 -12.9401 0
      vertex -11.6094 -14.1461 6
      vertex -12.9401 -12.9401 6
    endloop
  endfacet
  facet normal -0.671536 -0.740972 -0
    outer loop
      vertex -11.6094 -14.1461 6
      vertex -12.9401 -12.9401 0
      vertex -11.6094 -14.1461 0
    endloop
  endfacet
  facet normal -0.803216 0.595688 0
    outer loop
      vertex -15.2159 10.1669 0
      vertex -14.1461 11.6094 6
      vertex -14.1461 11.6094 0
    endloop
  endfacet
  facet normal -0.803216 0.595688 0
    outer loop
      vertex -14.1461 11.6094 6
      vertex -15.2159 10.1669 0
      vertex -15.2159 10.1669 6
    endloop
  endfacet
  facet normal -0.0490569 -0.998796 0
    outer loop
      vertex -1.79371 -18.2119 0
      vertex 0 -18.3 6
      vertex -1.79371 -18.2119 6
    endloop
  endfacet
  facet normal -0.0490569 -0.998796 -0
    outer loop
      vertex 0 -18.3 6
      vertex -1.79371 -18.2119 0
      vertex 0 -18.3 0
    endloop
  endfacet
  facet normal 0 0 1
    outer loop
      vertex 16.3 0 6
      vertex 18.3 0 6
      vertex 18.2119 1.79371 6
    endloop
  endfacet
  facet normal 0 0 1
    outer loop
      vertex 16.2215 1.59768 6
      vertex 18.2119 1.79371 6
      vertex 17.9484 3.57015 6
    endloop
  endfacet
  facet normal 0 0 1
    outer loop
      vertex 18.3 0 6
      vertex 16.3 0 6
      vertex 18.2119 -1.79371 6
    endloop
  endfacet
  facet normal 0 0 1
    outer loop
      vertex 15.9868 3.17997 6
      vertex 17.9484 3.57015 6
      vertex 17.512 5.31221 6
    endloop
  endfacet
  facet normal -0 0 1
    outer loop
      vertex 16.2215 -1.59768 6
      vertex 18.2119 -1.79371 6
      vertex 16.3 0 6
    endloop
  endfacet
  facet normal 0 0 1
    outer loop
      vertex 15.5981 4.73164 6
      vertex 17.512 5.31221 6
      vertex 16.907 7.00311 6
    endloop
  endfacet
  facet normal 0 0 1
    outer loop
      vertex 18.2119 -1.79371 6
      vertex 16.2215 -1.59768 6
      vertex 17.9484 -3.57015 6
    endloop
  endfacet
  facet normal -0 0 1
    outer loop
      vertex 15.9868 -3.17997 6
      vertex 17.9484 -3.57015 6
      vertex 16.2215 -1.59768 6
    endloop
  endfacet
  facet normal 0 0 1
    outer loop
      vertex 18.2119 1.79371 6
      vertex 16.2215 1.59768 6
      vertex 16.3 0 6
    endloop
  endfacet
  facet normal 0 0 1
    outer loop
      vertex 15.0592 6.23774 6
      vertex 16.907 7.00311 6
      vertex 16.1392 8.62656 6
    endloop
  endfacet
  facet normal 0 0 1
    outer loop
      vertex 17.9484 3.57015 6
      vertex 15.9868 3.17997 6
      vertex 16.2215 1.59768 6
    endloop
  endfacet
  facet normal 0 0 1
    outer loop
      vertex 17.512 5.31221 6
      vertex 15.5981 4.73164 6
      vertex 15.9868 3.17997 6
    endloop
  endfacet
  facet normal 0 0 1
    outer loop
      vertex 14.3753 7.68377 6
      vertex 16.1392 8.62656 6
      vertex 15.2159 10.1669 6
    endloop
  endfacet
  facet normal 0 0 1
    outer loop
      vertex 16.907 7.00311 6
      vertex 15.0592 6.23774 6
      vertex 15.5981 4.73164 6
    endloop
  endfacet
  facet normal 0 0 1
    outer loop
      vertex 16.1392 8.62656 6
      vertex 14.3753 7.68377 6
      vertex 15.0592 6.23774 6
    endloop
  endfacet
  facet normal 0 0 1
    outer loop
      vertex 13.553 9.05579 6
      vertex 15.2159 10.1669 6
      vertex 14.1461 11.6094 6
    endloop
  endfacet
  facet normal 0 0 1
    outer loop
      vertex 15.2159 10.1669 6
      vertex 13.553 9.05579 6
      vertex 14.3753 7.68377 6
    endloop
  endfacet
  facet normal 0 0 1
    outer loop
      vertex 12.6001 10.3406 6
      vertex 14.1461 11.6094 6
      vertex 12.9401 12.9401 6
    endloop
  endfacet
  facet normal 0 0 1
    outer loop
      vertex 14.1461 11.6094 6
      vertex 12.6001 10.3406 6
      vertex 13.553 9.05579 6
    endloop
  endfacet
  facet normal 0 0 1
    outer loop
      vertex 11.5258 11.5258 6
      vertex 12.9401 12.9401 6
      vertex 11.6094 14.1461 6
    endloop
  endfacet
  facet normal 0 0 1
    outer loop
      vertex 12.9401 12.9401 6
      vertex 11.5258 11.5258 6
      vertex 12.6001 10.3406 6
    endloop
  endfacet
  facet normal 0 0 1
    outer loop
      vertex 11.6094 14.1461 6
      vertex 10.3406 12.6001 6
      vertex 11.5258 11.5258 6
    endloop
  endfacet
  facet normal 0 0 1
    outer loop
      vertex 10.1669 15.2159 6
      vertex 10.3406 12.6001 6
      vertex 11.6094 14.1461 6
    endloop
  endfacet
  facet normal 0 0 1
    outer loop
      vertex 10.1669 15.2159 6
      vertex 9.05579 13.553 6
      vertex 10.3406 12.6001 6
    endloop
  endfacet
  facet normal 0 0 1
    outer loop
      vertex 8.62656 16.1392 6
      vertex 9.05579 13.553 6
      vertex 10.1669 15.2159 6
    endloop
  endfacet
  facet normal 0 0 1
    outer loop
      vertex 8.62656 16.1392 6
      vertex 7.68377 14.3753 6
      vertex 9.05579 13.553 6
    endloop
  endfacet
  facet normal 0 0 1
    outer loop
      vertex 7.00311 16.907 6
      vertex 7.68377 14.3753 6
      vertex 8.62656 16.1392 6
    endloop
  endfacet
  facet normal 0 0 1
    outer loop
      vertex 7.00311 16.907 6
      vertex 6.23774 15.0592 6
      vertex 7.68377 14.3753 6
    endloop
  endfacet
  facet normal 0 0 1
    outer loop
      vertex 5.31221 17.512 6
      vertex 6.23774 15.0592 6
      vertex 7.00311 16.907 6
    endloop
  endfacet
  facet normal 0 0 1
    outer loop
      vertex 5.31221 17.512 6
      vertex 4.73164 15.5981 6
      vertex 6.23774 15.0592 6
    endloop
  endfacet
  facet normal 0 0 1
    outer loop
      vertex 3.57015 17.9484 6
      vertex 4.73164 15.5981 6
      vertex 5.31221 17.512 6
    endloop
  endfacet
  facet normal 0 0 1
    outer loop
      vertex 3.57015 17.9484 6
      vertex 3.17997 15.9868 6
      vertex 4.73164 15.5981 6
    endloop
  endfacet
  facet normal 0 0 1
    outer loop
      vertex 1.79371 18.2119 6
      vertex 3.17997 15.9868 6
      vertex 3.57015 17.9484 6
    endloop
  endfacet
  facet normal 0 0 1
    outer loop
      vertex 1.79371 18.2119 6
      vertex 1.59768 16.2215 6
      vertex 3.17997 15.9868 6
    endloop
  endfacet
  facet normal 0 0 1
    outer loop
      vertex 0 18.3 6
      vertex 1.59768 16.2215 6
      vertex 1.79371 18.2119 6
    endloop
  endfacet
  facet normal 0 0 1
    outer loop
      vertex 0 18.3 6
      vertex 0 16.3 6
      vertex 1.59768 16.2215 6
    endloop
  endfacet
  facet normal 0 0 1
    outer loop
      vertex 0 18.3 6
      vertex -1.59768 16.2215 6
      vertex 0 16.3 6
    endloop
  endfacet
  facet normal -0 0 1
    outer loop
      vertex -1.79371 18.2119 6
      vertex -1.59768 16.2215 6
      vertex 0 18.3 6
    endloop
  endfacet
  facet normal 0 0 1
    outer loop
      vertex -1.79371 18.2119 6
      vertex -3.17997 15.9868 6
      vertex -1.59768 16.2215 6
    endloop
  endfacet
  facet normal -0 0 1
    outer loop
      vertex -3.57015 17.9484 6
      vertex -3.17997 15.9868 6
      vertex -1.79371 18.2119 6
    endloop
  endfacet
  facet normal 0 0 1
    outer loop
      vertex -3.57015 17.9484 6
      vertex -4.73164 15.5981 6
      vertex -3.17997 15.9868 6
    endloop
  endfacet
  facet normal -0 0 1
    outer loop
      vertex -5.31221 17.512 6
      vertex -4.73164 15.5981 6
      vertex -3.57015 17.9484 6
    endloop
  endfacet
  facet normal 0 0 1
    outer loop
      vertex -5.31221 17.512 6
      vertex -6.23774 15.0592 6
      vertex -4.73164 15.5981 6
    endloop
  endfacet
  facet normal -0 0 1
    outer loop
      vertex -7.00311 16.907 6
      vertex -6.23774 15.0592 6
      vertex -5.31221 17.512 6
    endloop
  endfacet
  facet normal 0 0 1
    outer loop
      vertex -7.00311 16.907 6
      vertex -7.68377 14.3753 6
      vertex -6.23774 15.0592 6
    endloop
  endfacet
  facet normal -0 0 1
    outer loop
      vertex -8.62656 16.1392 6
      vertex -7.68377 14.3753 6
      vertex -7.00311 16.907 6
    endloop
  endfacet
  facet normal 0 0 1
    outer loop
      vertex -8.62656 16.1392 6
      vertex -9.05579 13.553 6
      vertex -7.68377 14.3753 6
    endloop
  endfacet
  facet normal -0 0 1
    outer loop
      vertex -10.1669 15.2159 6
      vertex -9.05579 13.553 6
      vertex -8.62656 16.1392 6
    endloop
  endfacet
  facet normal 0 0 1
    outer loop
      vertex -10.1669 15.2159 6
      vertex -10.3406 12.6001 6
      vertex -9.05579 13.553 6
    endloop
  endfacet
  facet normal -0 0 1
    outer loop
      vertex -11.6094 14.1461 6
      vertex -10.3406 12.6001 6
      vertex -10.1669 15.2159 6
    endloop
  endfacet
  facet normal 0 0 1
    outer loop
      vertex -10.3406 12.6001 6
      vertex -11.6094 14.1461 6
      vertex -11.5258 11.5258 6
    endloop
  endfacet
  facet normal -0 0 1
    outer loop
      vertex -12.9401 12.9401 6
      vertex -11.5258 11.5258 6
      vertex -11.6094 14.1461 6
    endloop
  endfacet
  facet normal 0 0 1
    outer loop
      vertex -11.5258 11.5258 6
      vertex -12.9401 12.9401 6
      vertex -12.6001 10.3406 6
    endloop
  endfacet
  facet normal -0 0 1
    outer loop
      vertex -14.1461 11.6094 6
      vertex -12.6001 10.3406 6
      vertex -12.9401 12.9401 6
    endloop
  endfacet
  facet normal 0 0 1
    outer loop
      vertex -12.6001 10.3406 6
      vertex -14.1461 11.6094 6
      vertex -13.553 9.05579 6
    endloop
  endfacet
  facet normal -0 0 1
    outer loop
      vertex -15.2159 10.1669 6
      vertex -13.553 9.05579 6
      vertex -14.1461 11.6094 6
    endloop
  endfacet
  facet normal 0 0 1
    outer loop
      vertex -13.553 9.05579 6
      vertex -15.2159 10.1669 6
      vertex -14.3753 7.68377 6
    endloop
  endfacet
  facet normal -0 0 1
    outer loop
      vertex -16.1392 8.62656 6
      vertex -14.3753 7.68377 6
      vertex -15.2159 10.1669 6
    endloop
  endfacet
  facet normal 0 0 1
    outer loop
      vertex -14.3753 7.68377 6
      vertex -16.1392 8.62656 6
      vertex -15.0592 6.23774 6
    endloop
  endfacet
  facet normal -0 0 1
    outer loop
      vertex -16.907 7.00311 6
      vertex -15.0592 6.23774 6
      vertex -16.1392 8.62656 6
    endloop
  endfacet
  facet normal 0 0 1
    outer loop
      vertex -15.0592 6.23774 6
      vertex -16.907 7.00311 6
      vertex -15.5981 4.73164 6
    endloop
  endfacet
  facet normal -0 0 1
    outer loop
      vertex -17.512 5.31221 6
      vertex -15.5981 4.73164 6
      vertex -16.907 7.00311 6
    endloop
  endfacet
  facet normal 0 0 1
    outer loop
      vertex -15.5981 4.73164 6
      vertex -17.512 5.31221 6
      vertex -15.9868 3.17997 6
    endloop
  endfacet
  facet normal -0 0 1
    outer loop
      vertex -17.9484 3.57015 6
      vertex -15.9868 3.17997 6
      vertex -17.512 5.31221 6
    endloop
  endfacet
  facet normal 0 0 1
    outer loop
      vertex 17.9484 -3.57015 6
      vertex 15.9868 -3.17997 6
      vertex 17.512 -5.31221 6
    endloop
  endfacet
  facet normal -0 0 1
    outer loop
      vertex 15.5981 -4.73164 6
      vertex 17.512 -5.31221 6
      vertex 15.9868 -3.17997 6
    endloop
  endfacet
  facet normal 0 0 1
    outer loop
      vertex 17.512 -5.31221 6
      vertex 15.5981 -4.73164 6
      vertex 16.907 -7.00311 6
    endloop
  endfacet
  facet normal -0 0 1
    outer loop
      vertex 15.0592 -6.23774 6
      vertex 16.907 -7.00311 6
      vertex 15.5981 -4.73164 6
    endloop
  endfacet
  facet normal 0 0 1
    outer loop
      vertex 16.907 -7.00311 6
      vertex 15.0592 -6.23774 6
      vertex 16.1392 -8.62656 6
    endloop
  endfacet
  facet normal -0 0 1
    outer loop
      vertex 14.3753 -7.68377 6
      vertex 16.1392 -8.62656 6
      vertex 15.0592 -6.23774 6
    endloop
  endfacet
  facet normal 0 0 1
    outer loop
      vertex 16.1392 -8.62656 6
      vertex 14.3753 -7.68377 6
      vertex 15.2159 -10.1669 6
    endloop
  endfacet
  facet normal -0 0 1
    outer loop
      vertex 13.553 -9.05579 6
      vertex 15.2159 -10.1669 6
      vertex 14.3753 -7.68377 6
    endloop
  endfacet
  facet normal 0 0 1
    outer loop
      vertex 15.2159 -10.1669 6
      vertex 13.553 -9.05579 6
      vertex 14.1461 -11.6094 6
    endloop
  endfacet
  facet normal -0 0 1
    outer loop
      vertex 12.6001 -10.3406 6
      vertex 14.1461 -11.6094 6
      vertex 13.553 -9.05579 6
    endloop
  endfacet
  facet normal 0 0 1
    outer loop
      vertex 14.1461 -11.6094 6
      vertex 12.6001 -10.3406 6
      vertex 12.9401 -12.9401 6
    endloop
  endfacet
  facet normal -0 0 1
    outer loop
      vertex 11.5258 -11.5258 6
      vertex 12.9401 -12.9401 6
      vertex 12.6001 -10.3406 6
    endloop
  endfacet
  facet normal 0 0 1
    outer loop
      vertex 12.9401 -12.9401 6
      vertex 11.5258 -11.5258 6
      vertex 11.6094 -14.1461 6
    endloop
  endfacet
  facet normal -0 0 1
    outer loop
      vertex 10.3406 -12.6001 6
      vertex 11.6094 -14.1461 6
      vertex 11.5258 -11.5258 6
    endloop
  endfacet
  facet normal 0 0 1
    outer loop
      vertex 10.3406 -12.6001 6
      vertex 10.1669 -15.2159 6
      vertex 11.6094 -14.1461 6
    endloop
  endfacet
  facet normal -0 0 1
    outer loop
      vertex 9.05579 -13.553 6
      vertex 10.1669 -15.2159 6
      vertex 10.3406 -12.6001 6
    endloop
  endfacet
  facet normal 0 0 1
    outer loop
      vertex 9.05579 -13.553 6
      vertex 8.62656 -16.1392 6
      vertex 10.1669 -15.2159 6
    endloop
  endfacet
  facet normal -0 0 1
    outer loop
      vertex 7.68377 -14.3753 6
      vertex 8.62656 -16.1392 6
      vertex 9.05579 -13.553 6
    endloop
  endfacet
  facet normal 0 0 1
    outer loop
      vertex 7.68377 -14.3753 6
      vertex 7.00311 -16.907 6
      vertex 8.62656 -16.1392 6
    endloop
  endfacet
  facet normal -0 0 1
    outer loop
      vertex 6.23774 -15.0592 6
      vertex 7.00311 -16.907 6
      vertex 7.68377 -14.3753 6
    endloop
  endfacet
  facet normal 0 0 1
    outer loop
      vertex 6.23774 -15.0592 6
      vertex 5.31221 -17.512 6
      vertex 7.00311 -16.907 6
    endloop
  endfacet
  facet normal -0 0 1
    outer loop
      vertex 4.73164 -15.5981 6
      vertex 5.31221 -17.512 6
      vertex 6.23774 -15.0592 6
    endloop
  endfacet
  facet normal 0 0 1
    outer loop
      vertex 4.73164 -15.5981 6
      vertex 3.57015 -17.9484 6
      vertex 5.31221 -17.512 6
    endloop
  endfacet
  facet normal -0 0 1
    outer loop
      vertex 3.17997 -15.9868 6
      vertex 3.57015 -17.9484 6
      vertex 4.73164 -15.5981 6
    endloop
  endfacet
  facet normal 0 0 1
    outer loop
      vertex 3.17997 -15.9868 6
      vertex 1.79371 -18.2119 6
      vertex 3.57015 -17.9484 6
    endloop
  endfacet
  facet normal -0 0 1
    outer loop
      vertex 1.59768 -16.2215 6
      vertex 1.79371 -18.2119 6
      vertex 3.17997 -15.9868 6
    endloop
  endfacet
  facet normal -0 0 1
    outer loop
      vertex 0 -16.3 6
      vertex 1.79371 -18.2119 6
      vertex 1.59768 -16.2215 6
    endloop
  endfacet
  facet normal 0 0 1
    outer loop
      vertex 0 -16.3 6
      vertex 0 -18.3 6
      vertex 1.79371 -18.2119 6
    endloop
  endfacet
  facet normal 0 0 1
    outer loop
      vertex -1.59768 -16.2215 6
      vertex 0 -18.3 6
      vertex 0 -16.3 6
    endloop
  endfacet
  facet normal 0 0 1
    outer loop
      vertex -1.59768 -16.2215 6
      vertex -1.79371 -18.2119 6
      vertex 0 -18.3 6
    endloop
  endfacet
  facet normal 0 0 1
    outer loop
      vertex -3.17997 -15.9868 6
      vertex -1.79371 -18.2119 6
      vertex -1.59768 -16.2215 6
    endloop
  endfacet
  facet normal 0 0 1
    outer loop
      vertex -3.17997 -15.9868 6
      vertex -3.57015 -17.9484 6
      vertex -1.79371 -18.2119 6
    endloop
  endfacet
  facet normal 0 0 1
    outer loop
      vertex -4.73164 -15.5981 6
      vertex -3.57015 -17.9484 6
      vertex -3.17997 -15.9868 6
    endloop
  endfacet
  facet normal 0 0 1
    outer loop
      vertex -4.73164 -15.5981 6
      vertex -5.31221 -17.512 6
      vertex -3.57015 -17.9484 6
    endloop
  endfacet
  facet normal 0 0 1
    outer loop
      vertex -6.23774 -15.0592 6
      vertex -5.31221 -17.512 6
      vertex -4.73164 -15.5981 6
    endloop
  endfacet
  facet normal 0 0 1
    outer loop
      vertex -6.23774 -15.0592 6
      vertex -7.00311 -16.907 6
      vertex -5.31221 -17.512 6
    endloop
  endfacet
  facet normal 0 0 1
    outer loop
      vertex -7.68377 -14.3753 6
      vertex -7.00311 -16.907 6
      vertex -6.23774 -15.0592 6
    endloop
  endfacet
  facet normal 0 0 1
    outer loop
      vertex -7.68377 -14.3753 6
      vertex -8.62656 -16.1392 6
      vertex -7.00311 -16.907 6
    endloop
  endfacet
  facet normal 0 0 1
    outer loop
      vertex -9.05579 -13.553 6
      vertex -8.62656 -16.1392 6
      vertex -7.68377 -14.3753 6
    endloop
  endfacet
  facet normal 0 0 1
    outer loop
      vertex -9.05579 -13.553 6
      vertex -10.1669 -15.2159 6
      vertex -8.62656 -16.1392 6
    endloop
  endfacet
  facet normal 0 0 1
    outer loop
      vertex -10.3406 -12.6001 6
      vertex -10.1669 -15.2159 6
      vertex -9.05579 -13.553 6
    endloop
  endfacet
  facet normal 0 0 1
    outer loop
      vertex -11.6094 -14.1461 6
      vertex -10.3406 -12.6001 6
      vertex -11.5258 -11.5258 6
    endloop
  endfacet
  facet normal 0 0 1
    outer loop
      vertex -10.3406 -12.6001 6
      vertex -11.6094 -14.1461 6
      vertex -10.1669 -15.2159 6
    endloop
  endfacet
  facet normal 0 0 1
    outer loop
      vertex -12.9401 -12.9401 6
      vertex -11.5258 -11.5258 6
      vertex -12.6001 -10.3406 6
    endloop
  endfacet
  facet normal 0 0 1
    outer loop
      vertex -11.5258 -11.5258 6
      vertex -12.9401 -12.9401 6
      vertex -11.6094 -14.1461 6
    endloop
  endfacet
  facet normal 0 0 1
    outer loop
      vertex -14.1461 -11.6094 6
      vertex -12.6001 -10.3406 6
      vertex -13.553 -9.05579 6
    endloop
  endfacet
  facet normal 0 0 1
    outer loop
      vertex -12.6001 -10.3406 6
      vertex -14.1461 -11.6094 6
      vertex -12.9401 -12.9401 6
    endloop
  endfacet
  facet normal 0 0 1
    outer loop
      vertex -15.2159 -10.1669 6
      vertex -13.553 -9.05579 6
      vertex -14.3753 -7.68377 6
    endloop
  endfacet
  facet normal 0 0 1
    outer loop
      vertex -16.1392 -8.62656 6
      vertex -14.3753 -7.68377 6
      vertex -15.0592 -6.23774 6
    endloop
  endfacet
  facet normal 0 0 1
    outer loop
      vertex -13.553 -9.05579 6
      vertex -15.2159 -10.1669 6
      vertex -14.1461 -11.6094 6
    endloop
  endfacet
  facet normal 0 0 1
    outer loop
      vertex -16.907 -7.00311 6
      vertex -15.0592 -6.23774 6
      vertex -15.5981 -4.73164 6
    endloop
  endfacet
  facet normal 0 0 1
    outer loop
      vertex -17.512 -5.31221 6
      vertex -15.5981 -4.73164 6
      vertex -15.9868 -3.17997 6
    endloop
  endfacet
  facet normal 0 0 1
    outer loop
      vertex -14.3753 -7.68377 6
      vertex -16.1392 -8.62656 6
      vertex -15.2159 -10.1669 6
    endloop
  endfacet
  facet normal 0 0 1
    outer loop
      vertex -17.9484 -3.57015 6
      vertex -15.9868 -3.17997 6
      vertex -16.2215 -1.59768 6
    endloop
  endfacet
  facet normal 0 0 1
    outer loop
      vertex -18.2119 -1.79371 6
      vertex -16.2215 -1.59768 6
      vertex -16.3 0 6
    endloop
  endfacet
  facet normal 0 0 1
    outer loop
      vertex -15.9868 3.17997 6
      vertex -17.9484 3.57015 6
      vertex -16.2215 1.59768 6
    endloop
  endfacet
  facet normal 0 0 1
    outer loop
      vertex -15.0592 -6.23774 6
      vertex -16.907 -7.00311 6
      vertex -16.1392 -8.62656 6
    endloop
  endfacet
  facet normal -0 0 1
    outer loop
      vertex -18.2119 1.79371 6
      vertex -16.2215 1.59768 6
      vertex -17.9484 3.57015 6
    endloop
  endfacet
  facet normal 0 0 1
    outer loop
      vertex -15.5981 -4.73164 6
      vertex -17.512 -5.31221 6
      vertex -16.907 -7.00311 6
    endloop
  endfacet
  facet normal 0 0 1
    outer loop
      vertex -16.2215 1.59768 6
      vertex -18.2119 1.79371 6
      vertex -16.3 0 6
    endloop
  endfacet
  facet normal 0 0 1
    outer loop
      vertex -15.9868 -3.17997 6
      vertex -17.9484 -3.57015 6
      vertex -17.512 -5.31221 6
    endloop
  endfacet
  facet normal 0 0 1
    outer loop
      vertex -18.3 0 6
      vertex -16.3 0 6
      vertex -18.2119 1.79371 6
    endloop
  endfacet
  facet normal 0 0 1
    outer loop
      vertex -16.2215 -1.59768 6
      vertex -18.2119 -1.79371 6
      vertex -17.9484 -3.57015 6
    endloop
  endfacet
  facet normal 0 0 1
    outer loop
      vertex -16.3 0 6
      vertex -18.3 0 6
      vertex -18.2119 -1.79371 6
    endloop
  endfacet
  facet normal 0 0 1
    outer loop
      vertex -5.2308 1.69958 6
      vertex -3.23282 -4.44958 6
      vertex -2.18742 -0.710724 6
    endloop
  endfacet
  facet normal -0 0 1
    outer loop
      vertex -14.4498 -4.3833 6
      vertex -3.23282 -4.44958 6
      vertex -5.2308 1.69958 6
    endloop
  endfacet
  facet normal 0 0 1
    outer loop
      vertex -3.23282 -4.44958 6
      vertex -5.77852 -13.9506 6
      vertex -4.3833 -14.4498 6
    endloop
  endfacet
  facet normal -0 0 1
    outer loop
      vertex -8.38911 12.5552 6
      vertex 0 5.5 6
      vertex -7.11809 13.317 6
    endloop
  endfacet
  facet normal 0 0 1
    outer loop
      vertex 0 5.5 6
      vertex -8.38911 12.5552 6
      vertex -5.2308 1.69958 6
    endloop
  endfacet
  facet normal 0 0 1
    outer loop
      vertex -3.23282 -4.44958 6
      vertex -7.11809 -13.317 6
      vertex -5.77852 -13.9506 6
    endloop
  endfacet
  facet normal -0 0 1
    outer loop
      vertex -9.57934 11.6725 6
      vertex -5.2308 1.69958 6
      vertex -8.38911 12.5552 6
    endloop
  endfacet
  facet normal 0 0 1
    outer loop
      vertex -3.23282 -4.44958 6
      vertex -8.38911 -12.5552 6
      vertex -7.11809 -13.317 6
    endloop
  endfacet
  facet normal -0 0 1
    outer loop
      vertex -10.6773 10.6773 6
      vertex -5.2308 1.69958 6
      vertex -9.57934 11.6725 6
    endloop
  endfacet
  facet normal 0 0 1
    outer loop
      vertex -3.23282 -4.44958 6
      vertex -9.57934 -11.6725 6
      vertex -8.38911 -12.5552 6
    endloop
  endfacet
  facet normal -0 0 1
    outer loop
      vertex -11.6725 9.57934 6
      vertex -5.2308 1.69958 6
      vertex -10.6773 10.6773 6
    endloop
  endfacet
  facet normal 0 0 1
    outer loop
      vertex -3.23282 -4.44958 6
      vertex -10.6773 -10.6773 6
      vertex -9.57934 -11.6725 6
    endloop
  endfacet
  facet normal -0 0 1
    outer loop
      vertex -12.5552 8.38911 6
      vertex -5.2308 1.69958 6
      vertex -11.6725 9.57934 6
    endloop
  endfacet
  facet normal 0 0 1
    outer loop
      vertex -3.23282 -4.44958 6
      vertex -11.6725 -9.57934 6
      vertex -10.6773 -10.6773 6
    endloop
  endfacet
  facet normal -0 0 1
    outer loop
      vertex -13.317 7.11809 6
      vertex -5.2308 1.69958 6
      vertex -12.5552 8.38911 6
    endloop
  endfacet
  facet normal 0 0 1
    outer loop
      vertex -3.23282 -4.44958 6
      vertex -12.5552 -8.38911 6
      vertex -11.6725 -9.57934 6
    endloop
  endfacet
  facet normal -0 0 1
    outer loop
      vertex -13.9506 5.77852 6
      vertex -5.2308 1.69958 6
      vertex -13.317 7.11809 6
    endloop
  endfacet
  facet normal 0 0 1
    outer loop
      vertex -3.23282 -4.44958 6
      vertex -13.317 -7.11809 6
      vertex -12.5552 -8.38911 6
    endloop
  endfacet
  facet normal -0 0 1
    outer loop
      vertex -14.4498 4.3833 6
      vertex -5.2308 1.69958 6
      vertex -13.9506 5.77852 6
    endloop
  endfacet
  facet normal 0 0 1
    outer loop
      vertex -3.23282 -4.44958 6
      vertex -13.9506 -5.77852 6
      vertex -13.317 -7.11809 6
    endloop
  endfacet
  facet normal -0 0 1
    outer loop
      vertex -14.8099 2.94586 6
      vertex -5.2308 1.69958 6
      vertex -14.4498 4.3833 6
    endloop
  endfacet
  facet normal 0 0 1
    outer loop
      vertex -3.23282 -4.44958 6
      vertex -14.4498 -4.3833 6
      vertex -13.9506 -5.77852 6
    endloop
  endfacet
  facet normal 0 0 1
    outer loop
      vertex -15.0273 1.48006 6
      vertex -5.2308 1.69958 6
      vertex -14.8099 2.94586 6
    endloop
  endfacet
  facet normal 0 0 1
    outer loop
      vertex -5.2308 1.69958 6
      vertex -14.8099 -2.94586 6
      vertex -14.4498 -4.3833 6
    endloop
  endfacet
  facet normal 0 0 1
    outer loop
      vertex -15.1 0 6
      vertex -5.2308 1.69958 6
      vertex -15.0273 1.48006 6
    endloop
  endfacet
  facet normal 0 0 1
    outer loop
      vertex -5.2308 1.69958 6
      vertex -15.0273 -1.48006 6
      vertex -14.8099 -2.94586 6
    endloop
  endfacet
  facet normal 0 0 1
    outer loop
      vertex -5.2308 1.69958 6
      vertex -15.1 0 6
      vertex -15.0273 -1.48006 6
    endloop
  endfacet
  facet normal 0 0 1
    outer loop
      vertex 5.2308 1.69958 6
      vertex 15.1 0 6
      vertex 15.0273 1.48006 6
    endloop
  endfacet
  facet normal -0 0 1
    outer loop
      vertex 5.2308 1.69958 6
      vertex 15.0273 1.48006 6
      vertex 14.8099 2.94586 6
    endloop
  endfacet
  facet normal 0 0 1
    outer loop
      vertex 15.1 0 6
      vertex 5.2308 1.69958 6
      vertex 15.0273 -1.48006 6
    endloop
  endfacet
  facet normal 0 0 1
    outer loop
      vertex 5.2308 1.69958 6
      vertex 14.8099 2.94586 6
      vertex 14.4498 4.3833 6
    endloop
  endfacet
  facet normal 0 0 1
    outer loop
      vertex 15.0273 -1.48006 6
      vertex 5.2308 1.69958 6
      vertex 14.8099 -2.94586 6
    endloop
  endfacet
  facet normal 0 0 1
    outer loop
      vertex 5.2308 1.69958 6
      vertex 14.4498 4.3833 6
      vertex 13.9506 5.77852 6
    endloop
  endfacet
  facet normal 0 0 1
    outer loop
      vertex 14.8099 -2.94586 6
      vertex 5.2308 1.69958 6
      vertex 14.4498 -4.3833 6
    endloop
  endfacet
  facet normal 0 0 1
    outer loop
      vertex 5.2308 1.69958 6
      vertex 13.9506 5.77852 6
      vertex 13.317 7.11809 6
    endloop
  endfacet
  facet normal 0 0 1
    outer loop
      vertex 3.23282 -4.44958 6
      vertex 14.4498 -4.3833 6
      vertex 5.2308 1.69958 6
    endloop
  endfacet
  facet normal 0 0 1
    outer loop
      vertex 5.2308 1.69958 6
      vertex 13.317 7.11809 6
      vertex 12.5552 8.38911 6
    endloop
  endfacet
  facet normal 0 0 1
    outer loop
      vertex 14.4498 -4.3833 6
      vertex 3.23282 -4.44958 6
      vertex 13.9506 -5.77852 6
    endloop
  endfacet
  facet normal 0 0 1
    outer loop
      vertex 5.2308 1.69958 6
      vertex 12.5552 8.38911 6
      vertex 11.6725 9.57934 6
    endloop
  endfacet
  facet normal 0 0 1
    outer loop
      vertex 13.9506 -5.77852 6
      vertex 3.23282 -4.44958 6
      vertex 13.317 -7.11809 6
    endloop
  endfacet
  facet normal 0 0 1
    outer loop
      vertex 5.2308 1.69958 6
      vertex 11.6725 9.57934 6
      vertex 10.6773 10.6773 6
    endloop
  endfacet
  facet normal 0 0 1
    outer loop
      vertex 13.317 -7.11809 6
      vertex 3.23282 -4.44958 6
      vertex 12.5552 -8.38911 6
    endloop
  endfacet
  facet normal 0 0 1
    outer loop
      vertex 5.2308 1.69958 6
      vertex 10.6773 10.6773 6
      vertex 9.57934 11.6725 6
    endloop
  endfacet
  facet normal 0 0 1
    outer loop
      vertex 12.5552 -8.38911 6
      vertex 3.23282 -4.44958 6
      vertex 11.6725 -9.57934 6
    endloop
  endfacet
  facet normal 0 0 1
    outer loop
      vertex 5.2308 1.69958 6
      vertex 9.57934 11.6725 6
      vertex 8.38911 12.5552 6
    endloop
  endfacet
  facet normal 0 0 1
    outer loop
      vertex 11.6725 -9.57934 6
      vertex 3.23282 -4.44958 6
      vertex 10.6773 -10.6773 6
    endloop
  endfacet
  facet normal 0 0 1
    outer loop
      vertex 0 5.5 6
      vertex 8.38911 12.5552 6
      vertex 7.11809 13.317 6
    endloop
  endfacet
  facet normal 0 0 1
    outer loop
      vertex 10.6773 -10.6773 6
      vertex 3.23282 -4.44958 6
      vertex 9.57934 -11.6725 6
    endloop
  endfacet
  facet normal 0 0 1
    outer loop
      vertex 0 5.5 6
      vertex 7.11809 13.317 6
      vertex 5.77852 13.9506 6
    endloop
  endfacet
  facet normal 0 0 1
    outer loop
      vertex 9.57934 -11.6725 6
      vertex 3.23282 -4.44958 6
      vertex 8.38911 -12.5552 6
    endloop
  endfacet
  facet normal 0 0 1
    outer loop
      vertex 8.38911 -12.5552 6
      vertex 3.23282 -4.44958 6
      vertex 7.11809 -13.317 6
    endloop
  endfacet
  facet normal 0 0 1
    outer loop
      vertex 0 5.5 6
      vertex 5.77852 13.9506 6
      vertex 4.3833 14.4498 6
    endloop
  endfacet
  facet normal 0 0 1
    outer loop
      vertex 0 5.5 6
      vertex 4.3833 14.4498 6
      vertex 2.94586 14.8099 6
    endloop
  endfacet
  facet normal 0 0 1
    outer loop
      vertex 0 5.5 6
      vertex 2.94586 14.8099 6
      vertex 1.48006 15.0273 6
    endloop
  endfacet
  facet normal 0 0 1
    outer loop
      vertex 8.38911 12.5552 6
      vertex 0 5.5 6
      vertex 5.2308 1.69958 6
    endloop
  endfacet
  facet normal 0 0 1
    outer loop
      vertex 0 5.5 6
      vertex 1.48006 15.0273 6
      vertex 0 15.1 6
    endloop
  endfacet
  facet normal 0 0 1
    outer loop
      vertex 5.2308 1.69958 6
      vertex 0 5.5 6
      vertex 1.3519 1.86073 6
    endloop
  endfacet
  facet normal -0 0 1
    outer loop
      vertex -1.48006 15.0273 6
      vertex 0 5.5 6
      vertex 0 15.1 6
    endloop
  endfacet
  facet normal -0 0 1
    outer loop
      vertex -2.94586 14.8099 6
      vertex 0 5.5 6
      vertex -1.48006 15.0273 6
    endloop
  endfacet
  facet normal -0 0 1
    outer loop
      vertex -4.3833 14.4498 6
      vertex 0 5.5 6
      vertex -2.94586 14.8099 6
    endloop
  endfacet
  facet normal -0 0 1
    outer loop
      vertex -5.77852 13.9506 6
      vertex 0 5.5 6
      vertex -4.3833 14.4498 6
    endloop
  endfacet
  facet normal -0 0 1
    outer loop
      vertex -7.11809 13.317 6
      vertex 0 5.5 6
      vertex -5.77852 13.9506 6
    endloop
  endfacet
  facet normal 0 0 1
    outer loop
      vertex 0 5.5 6
      vertex -5.2308 1.69958 6
      vertex -1.3519 1.86073 6
    endloop
  endfacet
  facet normal 0 0 1
    outer loop
      vertex 7.11809 -13.317 6
      vertex 3.23282 -4.44958 6
      vertex 5.77852 -13.9506 6
    endloop
  endfacet
  facet normal 0 0 1
    outer loop
      vertex 5.77852 -13.9506 6
      vertex 3.23282 -4.44958 6
      vertex 4.3833 -14.4498 6
    endloop
  endfacet
  facet normal 0 -0 1
    outer loop
      vertex 3.23282 -4.44958 6
      vertex 5.2308 1.69958 6
      vertex 2.18742 -0.710724 6
    endloop
  endfacet
  facet normal 0 0 1
    outer loop
      vertex 3.23282 -4.44958 6
      vertex 2.94586 -14.8099 6
      vertex 4.3833 -14.4498 6
    endloop
  endfacet
  facet normal 0 0 1
    outer loop
      vertex 3.23282 -4.44958 6
      vertex 1.48006 -15.0273 6
      vertex 2.94586 -14.8099 6
    endloop
  endfacet
  facet normal 0 0 1
    outer loop
      vertex -3.23282 -4.44958 6
      vertex 3.23282 -4.44958 6
      vertex 0 -2.29999 6
    endloop
  endfacet
  facet normal 0 -0 1
    outer loop
      vertex 0 -15.1 6
      vertex 3.23282 -4.44958 6
      vertex -3.23282 -4.44958 6
    endloop
  endfacet
  facet normal 0 0 1
    outer loop
      vertex 3.23282 -4.44958 6
      vertex 0 -15.1 6
      vertex 1.48006 -15.0273 6
    endloop
  endfacet
  facet normal 0 0 1
    outer loop
      vertex 0 -15.1 6
      vertex -3.23282 -4.44958 6
      vertex -1.48006 -15.0273 6
    endloop
  endfacet
  facet normal 0 0 1
    outer loop
      vertex -1.48006 -15.0273 6
      vertex -3.23282 -4.44958 6
      vertex -2.94586 -14.8099 6
    endloop
  endfacet
  facet normal 0 0 1
    outer loop
      vertex -2.94586 -14.8099 6
      vertex -3.23282 -4.44958 6
      vertex -4.3833 -14.4498 6
    endloop
  endfacet
  facet normal -0.998796 0.0490569 0
    outer loop
      vertex -18.3 0 0
      vertex -18.2119 1.79371 6
      vertex -18.2119 1.79371 0
    endloop
  endfacet
  facet normal -0.998796 0.0490569 0
    outer loop
      vertex -18.2119 1.79371 6
      vertex -18.3 0 0
      vertex -18.3 0 6
    endloop
  endfacet
  facet normal -0.336883 -0.941546 0
    outer loop
      vertex -7.00311 -16.907 0
      vertex -5.31221 -17.512 6
      vertex -7.00311 -16.907 6
    endloop
  endfacet
  facet normal -0.336883 -0.941546 -0
    outer loop
      vertex -5.31221 -17.512 6
      vertex -7.00311 -16.907 0
      vertex -5.31221 -17.512 0
    endloop
  endfacet
  facet normal 0.671536 -0.740972 0
    outer loop
      vertex 11.6094 -14.1461 0
      vertex 12.9401 -12.9401 6
      vertex 11.6094 -14.1461 6
    endloop
  endfacet
  facet normal 0.671536 -0.740972 0
    outer loop
      vertex 12.9401 -12.9401 6
      vertex 11.6094 -14.1461 0
      vertex 12.9401 -12.9401 0
    endloop
  endfacet
endsolid OpenSCAD_Model
