solid OpenSCAD_Model
  facet normal -0.803207 -0.5957 0
    outer loop
      vertex 6.35086 8.15289 -5
      vertex 5.59089 9.17759 0
      vertex 5.59089 9.17759 -5
    endloop
  endfacet
  facet normal -0.803207 -0.5957 0
    outer loop
      vertex 5.59089 9.17759 0
      vertex 6.35086 8.15289 -5
      vertex 6.35086 8.15289 0
    endloop
  endfacet
  facet normal -0.989178 -0.146723 0
    outer loop
      vertex 3.64979 13.8638 -5
      vertex 3.4626 15.1258 0
      vertex 3.4626 15.1258 -5
    endloop
  endfacet
  facet normal -0.989178 -0.146723 0
    outer loop
      vertex 3.4626 15.1258 0
      vertex 3.64979 13.8638 -5
      vertex 3.64979 13.8638 0
    endloop
  endfacet
  facet normal -0.998795 0.0490697 0
    outer loop
      vertex 3.4 73.6 -5
      vertex 3.4626 74.8742 0
      vertex 3.4626 74.8742 -5
    endloop
  endfacet
  facet normal -0.998795 0.0490697 0
    outer loop
      vertex 3.4626 74.8742 0
      vertex 3.4 73.6 -5
      vertex 3.4 73.6 0
    endloop
  endfacet
  facet normal -0.803207 0.5957 0
    outer loop
      vertex 5.59089 80.8224 -5
      vertex 6.35086 81.8471 0
      vertex 6.35086 81.8471 -5
    endloop
  endfacet
  facet normal -0.803207 0.5957 0
    outer loop
      vertex 6.35086 81.8471 0
      vertex 5.59089 80.8224 -5
      vertex 5.59089 80.8224 0
    endloop
  endfacet
  facet normal 0 1 -0
    outer loop
      vertex 73.6 86.6 -5
      vertex 16.4 86.6 0
      vertex 73.6 86.6 0
    endloop
  endfacet
  facet normal 0 1 0
    outer loop
      vertex 16.4 86.6 0
      vertex 73.6 86.6 -5
      vertex 16.4 86.6 -5
    endloop
  endfacet
  facet normal 0.941543 0.336892 0
    outer loop
      vertex 86.0402 77.3737 0
      vertex 85.6104 78.5749 -5
      vertex 85.6104 78.5749 0
    endloop
  endfacet
  facet normal 0.941543 0.336892 0
    outer loop
      vertex 85.6104 78.5749 -5
      vertex 86.0402 77.3737 0
      vertex 86.0402 77.3737 -5
    endloop
  endfacet
  facet normal 0.514138 0.857707 -0
    outer loop
      vertex 80.8224 84.4091 -5
      vertex 79.7282 85.065 0
      vertex 80.8224 84.4091 0
    endloop
  endfacet
  facet normal 0.514138 0.857707 0
    outer loop
      vertex 79.7282 85.065 0
      vertex 80.8224 84.4091 -5
      vertex 79.7282 85.065 -5
    endloop
  endfacet
  facet normal -0.970029 -0.242989 0
    outer loop
      vertex 3.95978 12.6263 -5
      vertex 3.64979 13.8638 0
      vertex 3.64979 13.8638 -5
    endloop
  endfacet
  facet normal -0.970029 -0.242989 0
    outer loop
      vertex 3.64979 13.8638 0
      vertex 3.95978 12.6263 -5
      vertex 3.95978 12.6263 0
    endloop
  endfacet
  facet normal 0.740978 0.671529 0
    outer loop
      vertex 83.6491 81.8471 0
      vertex 82.7924 82.7924 -5
      vertex 82.7924 82.7924 0
    endloop
  endfacet
  facet normal 0.740978 0.671529 0
    outer loop
      vertex 82.7924 82.7924 -5
      vertex 83.6491 81.8471 0
      vertex 83.6491 81.8471 -5
    endloop
  endfacet
  facet normal -0.595715 0.803196 0
    outer loop
      vertex 9.17759 84.4091 -5
      vertex 8.15289 83.6491 0
      vertex 9.17759 84.4091 0
    endloop
  endfacet
  facet normal -0.595715 0.803196 0
    outer loop
      vertex 8.15289 83.6491 0
      vertex 9.17759 84.4091 -5
      vertex 8.15289 83.6491 -5
    endloop
  endfacet
  facet normal -0.671537 0.740971 0
    outer loop
      vertex 8.15289 83.6491 -5
      vertex 7.20761 82.7924 0
      vertex 8.15289 83.6491 0
    endloop
  endfacet
  facet normal -0.671537 0.740971 0
    outer loop
      vertex 7.20761 82.7924 0
      vertex 8.15289 83.6491 -5
      vertex 7.20761 82.7924 -5
    endloop
  endfacet
  facet normal 1 -0 0
    outer loop
      vertex 86.6 16.4 0
      vertex 86.6 73.6 -5
      vertex 86.6 73.6 0
    endloop
  endfacet
  facet normal 1 0 0
    outer loop
      vertex 86.6 73.6 -5
      vertex 86.6 16.4 0
      vertex 86.6 16.4 -5
    endloop
  endfacet
  facet normal 0.740971 -0.671537 0
    outer loop
      vertex 82.7924 7.20761 0
      vertex 83.6491 8.15289 -5
      vertex 83.6491 8.15289 0
    endloop
  endfacet
  facet normal 0.740971 -0.671537 0
    outer loop
      vertex 83.6491 8.15289 -5
      vertex 82.7924 7.20761 0
      vertex 82.7924 7.20761 -5
    endloop
  endfacet
  facet normal 0.904011 -0.42751 0
    outer loop
      vertex 85.065 10.2718 0
      vertex 85.6104 11.4251 -5
      vertex 85.6104 11.4251 0
    endloop
  endfacet
  facet normal 0.904011 -0.42751 0
    outer loop
      vertex 85.6104 11.4251 -5
      vertex 85.065 10.2718 0
      vertex 85.065 10.2718 -5
    endloop
  endfacet
  facet normal -0.514135 0.857709 0
    outer loop
      vertex 10.2718 85.065 -5
      vertex 9.17759 84.4091 0
      vertex 10.2718 85.065 0
    endloop
  endfacet
  facet normal -0.514135 0.857709 0
    outer loop
      vertex 9.17759 84.4091 0
      vertex 10.2718 85.065 -5
      vertex 9.17759 84.4091 -5
    endloop
  endfacet
  facet normal -0.740959 0.67155 0
    outer loop
      vertex 6.35086 81.8471 -5
      vertex 7.20761 82.7924 0
      vertex 7.20761 82.7924 -5
    endloop
  endfacet
  facet normal -0.740959 0.67155 0
    outer loop
      vertex 7.20761 82.7924 0
      vertex 6.35086 81.8471 -5
      vertex 6.35086 81.8471 0
    endloop
  endfacet
  facet normal -0.427542 -0.903995 0
    outer loop
      vertex 10.2718 4.93502 -5
      vertex 11.4251 4.38957 0
      vertex 10.2718 4.93502 0
    endloop
  endfacet
  facet normal -0.427542 -0.903995 -0
    outer loop
      vertex 11.4251 4.38957 0
      vertex 10.2718 4.93502 -5
      vertex 11.4251 4.38957 -5
    endloop
  endfacet
  facet normal 0 -1 0
    outer loop
      vertex 16.4 3.4 -5
      vertex 73.6 3.4 0
      vertex 16.4 3.4 0
    endloop
  endfacet
  facet normal 0 -1 -0
    outer loop
      vertex 73.6 3.4 0
      vertex 16.4 3.4 -5
      vertex 73.6 3.4 -5
    endloop
  endfacet
  facet normal -0.42751 0.904011 0
    outer loop
      vertex 11.4251 85.6104 -5
      vertex 10.2718 85.065 0
      vertex 11.4251 85.6104 0
    endloop
  endfacet
  facet normal -0.42751 0.904011 0
    outer loop
      vertex 10.2718 85.065 0
      vertex 11.4251 85.6104 -5
      vertex 10.2718 85.065 -5
    endloop
  endfacet
  facet normal -0.998795 -0.0490697 0
    outer loop
      vertex 3.4626 15.1258 -5
      vertex 3.4 16.4 0
      vertex 3.4 16.4 -5
    endloop
  endfacet
  facet normal -0.998795 -0.0490697 0
    outer loop
      vertex 3.4 16.4 0
      vertex 3.4626 15.1258 -5
      vertex 3.4626 15.1258 0
    endloop
  endfacet
  facet normal 0.989177 0.14673 0
    outer loop
      vertex 86.5374 74.8742 0
      vertex 86.3502 76.1362 -5
      vertex 86.3502 76.1362 0
    endloop
  endfacet
  facet normal 0.989177 0.14673 0
    outer loop
      vertex 86.3502 76.1362 -5
      vertex 86.5374 74.8742 0
      vertex 86.5374 74.8742 -5
    endloop
  endfacet
  facet normal 0.514121 -0.857718 0
    outer loop
      vertex 79.7282 4.93502 -5
      vertex 80.8224 5.59089 0
      vertex 79.7282 4.93502 0
    endloop
  endfacet
  facet normal 0.514121 -0.857718 0
    outer loop
      vertex 80.8224 5.59089 0
      vertex 79.7282 4.93502 -5
      vertex 80.8224 5.59089 -5
    endloop
  endfacet
  facet normal -0.242997 0.970027 0
    outer loop
      vertex 13.8638 86.3502 -5
      vertex 12.6263 86.0402 0
      vertex 13.8638 86.3502 0
    endloop
  endfacet
  facet normal -0.242997 0.970027 0
    outer loop
      vertex 12.6263 86.0402 0
      vertex 13.8638 86.3502 -5
      vertex 12.6263 86.0402 -5
    endloop
  endfacet
  facet normal 0.0490697 0.998795 -0
    outer loop
      vertex 74.8742 86.5374 -5
      vertex 73.6 86.6 0
      vertex 74.8742 86.5374 0
    endloop
  endfacet
  facet normal 0.0490697 0.998795 0
    outer loop
      vertex 73.6 86.6 0
      vertex 74.8742 86.5374 -5
      vertex 73.6 86.6 -5
    endloop
  endfacet
  facet normal 0.970027 -0.242997 0
    outer loop
      vertex 86.0402 12.6263 0
      vertex 86.3502 13.8638 -5
      vertex 86.3502 13.8638 0
    endloop
  endfacet
  facet normal 0.970027 -0.242997 0
    outer loop
      vertex 86.3502 13.8638 -5
      vertex 86.0402 12.6263 0
      vertex 86.0402 12.6263 -5
    endloop
  endfacet
  facet normal -1 0 0
    outer loop
      vertex 3.4 16.4 -5
      vertex 3.4 73.6 0
      vertex 3.4 73.6 -5
    endloop
  endfacet
  facet normal -1 -0 0
    outer loop
      vertex 3.4 73.6 0
      vertex 3.4 16.4 -5
      vertex 3.4 16.4 0
    endloop
  endfacet
  facet normal 0.803196 0.595715 0
    outer loop
      vertex 84.4091 80.8224 0
      vertex 83.6491 81.8471 -5
      vertex 83.6491 81.8471 0
    endloop
  endfacet
  facet normal 0.803196 0.595715 0
    outer loop
      vertex 83.6491 81.8471 -5
      vertex 84.4091 80.8224 0
      vertex 84.4091 80.8224 -5
    endloop
  endfacet
  facet normal -0.941546 0.336886 0
    outer loop
      vertex 3.95978 77.3737 -5
      vertex 4.38957 78.5749 0
      vertex 4.38957 78.5749 -5
    endloop
  endfacet
  facet normal -0.941546 0.336886 0
    outer loop
      vertex 4.38957 78.5749 0
      vertex 3.95978 77.3737 -5
      vertex 3.95978 77.3737 0
    endloop
  endfacet
  facet normal -0.514118 -0.85772 0
    outer loop
      vertex 9.17759 5.59089 -5
      vertex 10.2718 4.93502 0
      vertex 9.17759 5.59089 0
    endloop
  endfacet
  facet normal -0.514118 -0.85772 -0
    outer loop
      vertex 10.2718 4.93502 0
      vertex 9.17759 5.59089 -5
      vertex 10.2718 4.93502 -5
    endloop
  endfacet
  facet normal 0.998795 -0.0490697 0
    outer loop
      vertex 86.5374 15.1258 0
      vertex 86.6 16.4 -5
      vertex 86.6 16.4 0
    endloop
  endfacet
  facet normal 0.998795 -0.0490697 0
    outer loop
      vertex 86.6 16.4 -5
      vertex 86.5374 15.1258 0
      vertex 86.5374 15.1258 -5
    endloop
  endfacet
  facet normal -0.857718 0.514121 0
    outer loop
      vertex 4.93502 79.7282 -5
      vertex 5.59089 80.8224 0
      vertex 5.59089 80.8224 -5
    endloop
  endfacet
  facet normal -0.857718 0.514121 0
    outer loop
      vertex 5.59089 80.8224 0
      vertex 4.93502 79.7282 -5
      vertex 4.93502 79.7282 0
    endloop
  endfacet
  facet normal 0.427542 -0.903995 0
    outer loop
      vertex 78.5749 4.38957 -5
      vertex 79.7282 4.93502 0
      vertex 78.5749 4.38957 0
    endloop
  endfacet
  facet normal 0.427542 -0.903995 0
    outer loop
      vertex 79.7282 4.93502 0
      vertex 78.5749 4.38957 -5
      vertex 79.7282 4.93502 -5
    endloop
  endfacet
  facet normal -0.903995 -0.427542 0
    outer loop
      vertex 4.93502 10.2718 -5
      vertex 4.38957 11.4251 0
      vertex 4.38957 11.4251 -5
    endloop
  endfacet
  facet normal -0.903995 -0.427542 0
    outer loop
      vertex 4.38957 11.4251 0
      vertex 4.93502 10.2718 -5
      vertex 4.93502 10.2718 0
    endloop
  endfacet
  facet normal 0.242989 -0.970029 0
    outer loop
      vertex 76.1362 3.64979 -5
      vertex 77.3737 3.95978 0
      vertex 76.1362 3.64979 0
    endloop
  endfacet
  facet normal 0.242989 -0.970029 0
    outer loop
      vertex 77.3737 3.95978 0
      vertex 76.1362 3.64979 -5
      vertex 77.3737 3.95978 -5
    endloop
  endfacet
  facet normal -0.989178 0.146723 0
    outer loop
      vertex 3.4626 74.8742 -5
      vertex 3.64979 76.1362 0
      vertex 3.64979 76.1362 -5
    endloop
  endfacet
  facet normal -0.989178 0.146723 0
    outer loop
      vertex 3.64979 76.1362 0
      vertex 3.4626 74.8742 -5
      vertex 3.4626 74.8742 0
    endloop
  endfacet
  facet normal 0.857707 0.514138 0
    outer loop
      vertex 85.065 79.7282 0
      vertex 84.4091 80.8224 -5
      vertex 84.4091 80.8224 0
    endloop
  endfacet
  facet normal 0.857707 0.514138 0
    outer loop
      vertex 84.4091 80.8224 -5
      vertex 85.065 79.7282 0
      vertex 85.065 79.7282 -5
    endloop
  endfacet
  facet normal 0.242997 0.970027 -0
    outer loop
      vertex 77.3737 86.0402 -5
      vertex 76.1362 86.3502 0
      vertex 77.3737 86.0402 0
    endloop
  endfacet
  facet normal 0.242997 0.970027 0
    outer loop
      vertex 76.1362 86.3502 0
      vertex 77.3737 86.0402 -5
      vertex 76.1362 86.3502 -5
    endloop
  endfacet
  facet normal -0.0490697 -0.998795 0
    outer loop
      vertex 15.1258 3.4626 -5
      vertex 16.4 3.4 0
      vertex 15.1258 3.4626 0
    endloop
  endfacet
  facet normal -0.0490697 -0.998795 -0
    outer loop
      vertex 16.4 3.4 0
      vertex 15.1258 3.4626 -5
      vertex 16.4 3.4 -5
    endloop
  endfacet
  facet normal 0.904011 0.42751 0
    outer loop
      vertex 85.6104 78.5749 0
      vertex 85.065 79.7282 -5
      vertex 85.065 79.7282 0
    endloop
  endfacet
  facet normal 0.904011 0.42751 0
    outer loop
      vertex 85.065 79.7282 -5
      vertex 85.6104 78.5749 0
      vertex 85.6104 78.5749 -5
    endloop
  endfacet
  facet normal -0.336892 0.941543 0
    outer loop
      vertex 12.6263 86.0402 -5
      vertex 11.4251 85.6104 0
      vertex 12.6263 86.0402 0
    endloop
  endfacet
  facet normal -0.336892 0.941543 0
    outer loop
      vertex 11.4251 85.6104 0
      vertex 12.6263 86.0402 -5
      vertex 11.4251 85.6104 -5
    endloop
  endfacet
  facet normal 0.998795 0.0490697 0
    outer loop
      vertex 86.6 73.6 0
      vertex 86.5374 74.8742 -5
      vertex 86.5374 74.8742 0
    endloop
  endfacet
  facet normal 0.998795 0.0490697 0
    outer loop
      vertex 86.5374 74.8742 -5
      vertex 86.6 73.6 0
      vertex 86.6 73.6 -5
    endloop
  endfacet
  facet normal -0.14673 0.989177 0
    outer loop
      vertex 15.1258 86.5374 -5
      vertex 13.8638 86.3502 0
      vertex 15.1258 86.5374 0
    endloop
  endfacet
  facet normal -0.14673 0.989177 0
    outer loop
      vertex 13.8638 86.3502 0
      vertex 15.1258 86.5374 -5
      vertex 13.8638 86.3502 -5
    endloop
  endfacet
  facet normal 0.5957 -0.803207 0
    outer loop
      vertex 80.8224 5.59089 -5
      vertex 81.8471 6.35086 0
      vertex 80.8224 5.59089 0
    endloop
  endfacet
  facet normal 0.5957 -0.803207 0
    outer loop
      vertex 81.8471 6.35086 0
      vertex 80.8224 5.59089 -5
      vertex 81.8471 6.35086 -5
    endloop
  endfacet
  facet normal -0.941546 -0.336886 0
    outer loop
      vertex 4.38957 11.4251 -5
      vertex 3.95978 12.6263 0
      vertex 3.95978 12.6263 -5
    endloop
  endfacet
  facet normal -0.941546 -0.336886 0
    outer loop
      vertex 3.95978 12.6263 0
      vertex 4.38957 11.4251 -5
      vertex 4.38957 11.4251 0
    endloop
  endfacet
  facet normal -0.146723 -0.989178 0
    outer loop
      vertex 13.8638 3.64979 -5
      vertex 15.1258 3.4626 0
      vertex 13.8638 3.64979 0
    endloop
  endfacet
  facet normal -0.146723 -0.989178 -0
    outer loop
      vertex 15.1258 3.4626 0
      vertex 13.8638 3.64979 -5
      vertex 15.1258 3.4626 -5
    endloop
  endfacet
  facet normal -0.671558 -0.740952 0
    outer loop
      vertex 7.20761 7.20761 -5
      vertex 8.15289 6.35086 0
      vertex 7.20761 7.20761 0
    endloop
  endfacet
  facet normal -0.671558 -0.740952 -0
    outer loop
      vertex 8.15289 6.35086 0
      vertex 7.20761 7.20761 -5
      vertex 8.15289 6.35086 -5
    endloop
  endfacet
  facet normal 0.336886 -0.941546 0
    outer loop
      vertex 77.3737 3.95978 -5
      vertex 78.5749 4.38957 0
      vertex 77.3737 3.95978 0
    endloop
  endfacet
  facet normal 0.336886 -0.941546 0
    outer loop
      vertex 78.5749 4.38957 0
      vertex 77.3737 3.95978 -5
      vertex 78.5749 4.38957 -5
    endloop
  endfacet
  facet normal 0.989177 -0.14673 0
    outer loop
      vertex 86.3502 13.8638 0
      vertex 86.5374 15.1258 -5
      vertex 86.5374 15.1258 0
    endloop
  endfacet
  facet normal 0.989177 -0.14673 0
    outer loop
      vertex 86.5374 15.1258 -5
      vertex 86.3502 13.8638 0
      vertex 86.3502 13.8638 -5
    endloop
  endfacet
  facet normal -0.970029 0.242989 0
    outer loop
      vertex 3.64979 76.1362 -5
      vertex 3.95978 77.3737 0
      vertex 3.95978 77.3737 -5
    endloop
  endfacet
  facet normal -0.970029 0.242989 0
    outer loop
      vertex 3.95978 77.3737 0
      vertex 3.64979 76.1362 -5
      vertex 3.64979 76.1362 0
    endloop
  endfacet
  facet normal -0.242989 -0.970029 0
    outer loop
      vertex 12.6263 3.95978 -5
      vertex 13.8638 3.64979 0
      vertex 12.6263 3.95978 0
    endloop
  endfacet
  facet normal -0.242989 -0.970029 -0
    outer loop
      vertex 13.8638 3.64979 0
      vertex 12.6263 3.95978 -5
      vertex 13.8638 3.64979 -5
    endloop
  endfacet
  facet normal 0 0 -1
    outer loop
      vertex 85.4 16.4 -5
      vertex 86.6 16.4 -5
      vertex 86.5374 15.1258 -5
    endloop
  endfacet
  facet normal 0 0 -1
    outer loop
      vertex 86.6 16.4 -5
      vertex 85.4 16.4 -5
      vertex 86.6 73.6 -5
    endloop
  endfacet
  facet normal 0 0 -1
    outer loop
      vertex 85.3432 15.2434 -5
      vertex 86.5374 15.1258 -5
      vertex 86.3502 13.8638 -5
    endloop
  endfacet
  facet normal 0 0 -1
    outer loop
      vertex 85.4 73.6 -5
      vertex 86.6 73.6 -5
      vertex 85.4 16.4 -5
    endloop
  endfacet
  facet normal 0 0 -1
    outer loop
      vertex 85.1733 14.0979 -5
      vertex 86.3502 13.8638 -5
      vertex 86.0402 12.6263 -5
    endloop
  endfacet
  facet normal 0 0 -1
    outer loop
      vertex 86.6 73.6 -5
      vertex 85.4 73.6 -5
      vertex 86.5374 74.8742 -5
    endloop
  endfacet
  facet normal 0 0 -1
    outer loop
      vertex 84.8919 12.9746 -5
      vertex 86.0402 12.6263 -5
      vertex 85.6104 11.4251 -5
    endloop
  endfacet
  facet normal 0 0 -1
    outer loop
      vertex 85.3432 74.7566 -5
      vertex 86.5374 74.8742 -5
      vertex 85.4 73.6 -5
    endloop
  endfacet
  facet normal -0 0 -1
    outer loop
      vertex 86.5374 74.8742 -5
      vertex 85.3432 74.7566 -5
      vertex 86.3502 76.1362 -5
    endloop
  endfacet
  facet normal 0 0 -1
    outer loop
      vertex 86.5374 15.1258 -5
      vertex 85.3432 15.2434 -5
      vertex 85.4 16.4 -5
    endloop
  endfacet
  facet normal 0 0 -1
    outer loop
      vertex 86.3502 13.8638 -5
      vertex 85.1733 14.0979 -5
      vertex 85.3432 15.2434 -5
    endloop
  endfacet
  facet normal 0 0 -1
    outer loop
      vertex 84.5018 11.8843 -5
      vertex 85.6104 11.4251 -5
      vertex 85.065 10.2718 -5
    endloop
  endfacet
  facet normal 0 0 -1
    outer loop
      vertex 86.0402 12.6263 -5
      vertex 84.8919 12.9746 -5
      vertex 85.1733 14.0979 -5
    endloop
  endfacet
  facet normal 0 0 -1
    outer loop
      vertex 85.6104 11.4251 -5
      vertex 84.5018 11.8843 -5
      vertex 84.8919 12.9746 -5
    endloop
  endfacet
  facet normal 0 0 -1
    outer loop
      vertex 84.0067 10.8375 -5
      vertex 85.065 10.2718 -5
      vertex 84.4091 9.17759 -5
    endloop
  endfacet
  facet normal 0 0 -1
    outer loop
      vertex 85.065 10.2718 -5
      vertex 84.0067 10.8375 -5
      vertex 84.5018 11.8843 -5
    endloop
  endfacet
  facet normal 0 0 -1
    outer loop
      vertex 83.4113 9.84427 -5
      vertex 84.4091 9.17759 -5
      vertex 83.6491 8.15289 -5
    endloop
  endfacet
  facet normal 0 0 -1
    outer loop
      vertex 84.4091 9.17759 -5
      vertex 83.4113 9.84427 -5
      vertex 84.0067 10.8375 -5
    endloop
  endfacet
  facet normal 0 0 -1
    outer loop
      vertex 82.7215 8.91416 -5
      vertex 83.6491 8.15289 -5
      vertex 82.7924 7.20761 -5
    endloop
  endfacet
  facet normal 0 0 -1
    outer loop
      vertex 83.6491 8.15289 -5
      vertex 82.7215 8.91416 -5
      vertex 83.4113 9.84427 -5
    endloop
  endfacet
  facet normal 0 0 -1
    outer loop
      vertex 82.7924 7.20761 -5
      vertex 81.9439 8.05614 -5
      vertex 82.7215 8.91416 -5
    endloop
  endfacet
  facet normal 0 0 -1
    outer loop
      vertex 81.8471 6.35086 -5
      vertex 81.9439 8.05614 -5
      vertex 82.7924 7.20761 -5
    endloop
  endfacet
  facet normal 0 0 -1
    outer loop
      vertex 81.8471 6.35086 -5
      vertex 81.0858 7.27848 -5
      vertex 81.9439 8.05614 -5
    endloop
  endfacet
  facet normal 0 0 -1
    outer loop
      vertex 80.8224 5.59089 -5
      vertex 81.0858 7.27848 -5
      vertex 81.8471 6.35086 -5
    endloop
  endfacet
  facet normal 0 0 -1
    outer loop
      vertex 80.8224 5.59089 -5
      vertex 80.1557 6.58866 -5
      vertex 81.0858 7.27848 -5
    endloop
  endfacet
  facet normal 0 0 -1
    outer loop
      vertex 79.7282 4.93502 -5
      vertex 80.1557 6.58866 -5
      vertex 80.8224 5.59089 -5
    endloop
  endfacet
  facet normal 0 0 -1
    outer loop
      vertex 79.7282 4.93502 -5
      vertex 79.1625 5.99333 -5
      vertex 80.1557 6.58866 -5
    endloop
  endfacet
  facet normal 0 0 -1
    outer loop
      vertex 78.5749 4.38957 -5
      vertex 79.1625 5.99333 -5
      vertex 79.7282 4.93502 -5
    endloop
  endfacet
  facet normal 0 0 -1
    outer loop
      vertex 78.5749 4.38957 -5
      vertex 78.1157 5.49822 -5
      vertex 79.1625 5.99333 -5
    endloop
  endfacet
  facet normal 0 0 -1
    outer loop
      vertex 77.3737 3.95978 -5
      vertex 78.1157 5.49822 -5
      vertex 78.5749 4.38957 -5
    endloop
  endfacet
  facet normal 0 0 -1
    outer loop
      vertex 77.3737 3.95978 -5
      vertex 77.0254 5.1081 -5
      vertex 78.1157 5.49822 -5
    endloop
  endfacet
  facet normal 0 0 -1
    outer loop
      vertex 76.1362 3.64979 -5
      vertex 77.0254 5.1081 -5
      vertex 77.3737 3.95978 -5
    endloop
  endfacet
  facet normal 0 0 -1
    outer loop
      vertex 76.1362 3.64979 -5
      vertex 75.9021 4.82673 -5
      vertex 77.0254 5.1081 -5
    endloop
  endfacet
  facet normal 0 0 -1
    outer loop
      vertex 74.8742 3.4626 -5
      vertex 75.9021 4.82673 -5
      vertex 76.1362 3.64979 -5
    endloop
  endfacet
  facet normal 0 0 -1
    outer loop
      vertex 74.8742 3.4626 -5
      vertex 74.7566 4.65682 -5
      vertex 75.9021 4.82673 -5
    endloop
  endfacet
  facet normal 0 0 -1
    outer loop
      vertex 73.6 3.4 -5
      vertex 74.7566 4.65682 -5
      vertex 74.8742 3.4626 -5
    endloop
  endfacet
  facet normal 0 0 -1
    outer loop
      vertex 73.6 3.4 -5
      vertex 73.6 4.6 -5
      vertex 74.7566 4.65682 -5
    endloop
  endfacet
  facet normal 0 0 -1
    outer loop
      vertex 16.4 3.4 -5
      vertex 73.6 4.6 -5
      vertex 73.6 3.4 -5
    endloop
  endfacet
  facet normal 0 0 -1
    outer loop
      vertex 16.4 3.4 -5
      vertex 16.4 4.6 -5
      vertex 73.6 4.6 -5
    endloop
  endfacet
  facet normal 0 0 -1
    outer loop
      vertex 16.4 3.4 -5
      vertex 15.2434 4.65682 -5
      vertex 16.4 4.6 -5
    endloop
  endfacet
  facet normal 0 0 -1
    outer loop
      vertex 15.1258 3.4626 -5
      vertex 15.2434 4.65682 -5
      vertex 16.4 3.4 -5
    endloop
  endfacet
  facet normal 0 0 -1
    outer loop
      vertex 15.1258 3.4626 -5
      vertex 14.0979 4.82673 -5
      vertex 15.2434 4.65682 -5
    endloop
  endfacet
  facet normal 0 0 -1
    outer loop
      vertex 13.8638 3.64979 -5
      vertex 14.0979 4.82673 -5
      vertex 15.1258 3.4626 -5
    endloop
  endfacet
  facet normal 0 0 -1
    outer loop
      vertex 13.8638 3.64979 -5
      vertex 12.9746 5.1081 -5
      vertex 14.0979 4.82673 -5
    endloop
  endfacet
  facet normal 0 0 -1
    outer loop
      vertex 12.6263 3.95978 -5
      vertex 12.9746 5.1081 -5
      vertex 13.8638 3.64979 -5
    endloop
  endfacet
  facet normal 0 0 -1
    outer loop
      vertex 12.6263 3.95978 -5
      vertex 11.8843 5.49822 -5
      vertex 12.9746 5.1081 -5
    endloop
  endfacet
  facet normal 0 0 -1
    outer loop
      vertex 11.4251 4.38957 -5
      vertex 11.8843 5.49822 -5
      vertex 12.6263 3.95978 -5
    endloop
  endfacet
  facet normal 0 0 -1
    outer loop
      vertex 11.4251 4.38957 -5
      vertex 10.8375 5.99333 -5
      vertex 11.8843 5.49822 -5
    endloop
  endfacet
  facet normal 0 0 -1
    outer loop
      vertex 10.2718 4.93502 -5
      vertex 10.8375 5.99333 -5
      vertex 11.4251 4.38957 -5
    endloop
  endfacet
  facet normal 0 0 -1
    outer loop
      vertex 10.2718 4.93502 -5
      vertex 9.84427 6.58866 -5
      vertex 10.8375 5.99333 -5
    endloop
  endfacet
  facet normal 0 0 -1
    outer loop
      vertex 9.17759 5.59089 -5
      vertex 9.84427 6.58866 -5
      vertex 10.2718 4.93502 -5
    endloop
  endfacet
  facet normal 0 0 -1
    outer loop
      vertex 9.17759 5.59089 -5
      vertex 8.91416 7.27848 -5
      vertex 9.84427 6.58866 -5
    endloop
  endfacet
  facet normal 0 0 -1
    outer loop
      vertex 8.15289 6.35086 -5
      vertex 8.91416 7.27848 -5
      vertex 9.17759 5.59089 -5
    endloop
  endfacet
  facet normal 0 0 -1
    outer loop
      vertex 8.15289 6.35086 -5
      vertex 8.05614 8.05614 -5
      vertex 8.91416 7.27848 -5
    endloop
  endfacet
  facet normal 0 0 -1
    outer loop
      vertex 7.20761 7.20761 -5
      vertex 8.05614 8.05614 -5
      vertex 8.15289 6.35086 -5
    endloop
  endfacet
  facet normal -0 0 -1
    outer loop
      vertex 8.05614 8.05614 -5
      vertex 7.20761 7.20761 -5
      vertex 7.27848 8.91416 -5
    endloop
  endfacet
  facet normal 0 0 -1
    outer loop
      vertex 6.35086 8.15289 -5
      vertex 7.27848 8.91416 -5
      vertex 7.20761 7.20761 -5
    endloop
  endfacet
  facet normal -0 0 -1
    outer loop
      vertex 7.27848 8.91416 -5
      vertex 6.35086 8.15289 -5
      vertex 6.58866 9.84427 -5
    endloop
  endfacet
  facet normal 0 0 -1
    outer loop
      vertex 5.59089 9.17759 -5
      vertex 6.58866 9.84427 -5
      vertex 6.35086 8.15289 -5
    endloop
  endfacet
  facet normal -0 0 -1
    outer loop
      vertex 6.58866 9.84427 -5
      vertex 5.59089 9.17759 -5
      vertex 5.99333 10.8375 -5
    endloop
  endfacet
  facet normal 0 0 -1
    outer loop
      vertex 4.93502 10.2718 -5
      vertex 5.99333 10.8375 -5
      vertex 5.59089 9.17759 -5
    endloop
  endfacet
  facet normal -0 0 -1
    outer loop
      vertex 5.99333 10.8375 -5
      vertex 4.93502 10.2718 -5
      vertex 5.49822 11.8843 -5
    endloop
  endfacet
  facet normal 0 0 -1
    outer loop
      vertex 4.38957 11.4251 -5
      vertex 5.49822 11.8843 -5
      vertex 4.93502 10.2718 -5
    endloop
  endfacet
  facet normal -0 0 -1
    outer loop
      vertex 5.49822 11.8843 -5
      vertex 4.38957 11.4251 -5
      vertex 5.1081 12.9746 -5
    endloop
  endfacet
  facet normal 0 0 -1
    outer loop
      vertex 3.95978 12.6263 -5
      vertex 5.1081 12.9746 -5
      vertex 4.38957 11.4251 -5
    endloop
  endfacet
  facet normal -0 0 -1
    outer loop
      vertex 4.82673 14.0979 -5
      vertex 3.64979 13.8638 -5
      vertex 4.65682 15.2434 -5
    endloop
  endfacet
  facet normal 0 0 -1
    outer loop
      vertex 3.64979 13.8638 -5
      vertex 4.82673 14.0979 -5
      vertex 3.95978 12.6263 -5
    endloop
  endfacet
  facet normal -0 0 -1
    outer loop
      vertex 5.1081 12.9746 -5
      vertex 3.95978 12.6263 -5
      vertex 4.82673 14.0979 -5
    endloop
  endfacet
  facet normal 0 0 -1
    outer loop
      vertex 85.1733 75.9021 -5
      vertex 86.3502 76.1362 -5
      vertex 85.3432 74.7566 -5
    endloop
  endfacet
  facet normal -0 0 -1
    outer loop
      vertex 86.3502 76.1362 -5
      vertex 85.1733 75.9021 -5
      vertex 86.0402 77.3737 -5
    endloop
  endfacet
  facet normal 0 0 -1
    outer loop
      vertex 84.8919 77.0254 -5
      vertex 86.0402 77.3737 -5
      vertex 85.1733 75.9021 -5
    endloop
  endfacet
  facet normal -0 0 -1
    outer loop
      vertex 86.0402 77.3737 -5
      vertex 84.8919 77.0254 -5
      vertex 85.6104 78.5749 -5
    endloop
  endfacet
  facet normal 0 0 -1
    outer loop
      vertex 84.5018 78.1157 -5
      vertex 85.6104 78.5749 -5
      vertex 84.8919 77.0254 -5
    endloop
  endfacet
  facet normal -0 0 -1
    outer loop
      vertex 85.6104 78.5749 -5
      vertex 84.5018 78.1157 -5
      vertex 85.065 79.7282 -5
    endloop
  endfacet
  facet normal 0 0 -1
    outer loop
      vertex 84.0067 79.1625 -5
      vertex 85.065 79.7282 -5
      vertex 84.5018 78.1157 -5
    endloop
  endfacet
  facet normal -0 0 -1
    outer loop
      vertex 85.065 79.7282 -5
      vertex 84.0067 79.1625 -5
      vertex 84.4091 80.8224 -5
    endloop
  endfacet
  facet normal 0 0 -1
    outer loop
      vertex 83.4113 80.1557 -5
      vertex 84.4091 80.8224 -5
      vertex 84.0067 79.1625 -5
    endloop
  endfacet
  facet normal -0 0 -1
    outer loop
      vertex 84.4091 80.8224 -5
      vertex 83.4113 80.1557 -5
      vertex 83.6491 81.8471 -5
    endloop
  endfacet
  facet normal 0 0 -1
    outer loop
      vertex 82.7215 81.0858 -5
      vertex 83.6491 81.8471 -5
      vertex 83.4113 80.1557 -5
    endloop
  endfacet
  facet normal -0 0 -1
    outer loop
      vertex 83.6491 81.8471 -5
      vertex 82.7215 81.0858 -5
      vertex 82.7924 82.7924 -5
    endloop
  endfacet
  facet normal 0 0 -1
    outer loop
      vertex 81.9439 81.9439 -5
      vertex 82.7924 82.7924 -5
      vertex 82.7215 81.0858 -5
    endloop
  endfacet
  facet normal 0 0 -1
    outer loop
      vertex 81.9439 81.9439 -5
      vertex 81.8471 83.6491 -5
      vertex 82.7924 82.7924 -5
    endloop
  endfacet
  facet normal 0 0 -1
    outer loop
      vertex 81.0858 82.7215 -5
      vertex 81.8471 83.6491 -5
      vertex 81.9439 81.9439 -5
    endloop
  endfacet
  facet normal 0 0 -1
    outer loop
      vertex 81.0858 82.7215 -5
      vertex 80.8224 84.4091 -5
      vertex 81.8471 83.6491 -5
    endloop
  endfacet
  facet normal 0 0 -1
    outer loop
      vertex 80.1557 83.4113 -5
      vertex 80.8224 84.4091 -5
      vertex 81.0858 82.7215 -5
    endloop
  endfacet
  facet normal 0 0 -1
    outer loop
      vertex 80.1557 83.4113 -5
      vertex 79.7282 85.065 -5
      vertex 80.8224 84.4091 -5
    endloop
  endfacet
  facet normal 0 0 -1
    outer loop
      vertex 79.1625 84.0067 -5
      vertex 79.7282 85.065 -5
      vertex 80.1557 83.4113 -5
    endloop
  endfacet
  facet normal 0 0 -1
    outer loop
      vertex 79.1625 84.0067 -5
      vertex 78.5749 85.6104 -5
      vertex 79.7282 85.065 -5
    endloop
  endfacet
  facet normal 0 0 -1
    outer loop
      vertex 78.1157 84.5018 -5
      vertex 78.5749 85.6104 -5
      vertex 79.1625 84.0067 -5
    endloop
  endfacet
  facet normal 0 0 -1
    outer loop
      vertex 78.1157 84.5018 -5
      vertex 77.3737 86.0402 -5
      vertex 78.5749 85.6104 -5
    endloop
  endfacet
  facet normal 0 0 -1
    outer loop
      vertex 77.0254 84.8919 -5
      vertex 77.3737 86.0402 -5
      vertex 78.1157 84.5018 -5
    endloop
  endfacet
  facet normal 0 0 -1
    outer loop
      vertex 77.0254 84.8919 -5
      vertex 76.1362 86.3502 -5
      vertex 77.3737 86.0402 -5
    endloop
  endfacet
  facet normal 0 0 -1
    outer loop
      vertex 75.9021 85.1733 -5
      vertex 76.1362 86.3502 -5
      vertex 77.0254 84.8919 -5
    endloop
  endfacet
  facet normal 0 0 -1
    outer loop
      vertex 75.9021 85.1733 -5
      vertex 74.8742 86.5374 -5
      vertex 76.1362 86.3502 -5
    endloop
  endfacet
  facet normal 0 0 -1
    outer loop
      vertex 74.7566 85.3432 -5
      vertex 74.8742 86.5374 -5
      vertex 75.9021 85.1733 -5
    endloop
  endfacet
  facet normal 0 0 -1
    outer loop
      vertex 73.6 85.4 -5
      vertex 74.8742 86.5374 -5
      vertex 74.7566 85.3432 -5
    endloop
  endfacet
  facet normal 0 0 -1
    outer loop
      vertex 73.6 85.4 -5
      vertex 73.6 86.6 -5
      vertex 74.8742 86.5374 -5
    endloop
  endfacet
  facet normal 0 0 -1
    outer loop
      vertex 16.4 85.4 -5
      vertex 73.6 86.6 -5
      vertex 73.6 85.4 -5
    endloop
  endfacet
  facet normal 0 0 -1
    outer loop
      vertex 16.4 85.4 -5
      vertex 16.4 86.6 -5
      vertex 73.6 86.6 -5
    endloop
  endfacet
  facet normal 0 0 -1
    outer loop
      vertex 15.2434 85.3432 -5
      vertex 16.4 86.6 -5
      vertex 16.4 85.4 -5
    endloop
  endfacet
  facet normal 0 0 -1
    outer loop
      vertex 15.2434 85.3432 -5
      vertex 15.1258 86.5374 -5
      vertex 16.4 86.6 -5
    endloop
  endfacet
  facet normal 0 0 -1
    outer loop
      vertex 14.0979 85.1733 -5
      vertex 15.1258 86.5374 -5
      vertex 15.2434 85.3432 -5
    endloop
  endfacet
  facet normal 0 0 -1
    outer loop
      vertex 14.0979 85.1733 -5
      vertex 13.8638 86.3502 -5
      vertex 15.1258 86.5374 -5
    endloop
  endfacet
  facet normal 0 0 -1
    outer loop
      vertex 12.9746 84.8919 -5
      vertex 13.8638 86.3502 -5
      vertex 14.0979 85.1733 -5
    endloop
  endfacet
  facet normal 0 0 -1
    outer loop
      vertex 12.9746 84.8919 -5
      vertex 12.6263 86.0402 -5
      vertex 13.8638 86.3502 -5
    endloop
  endfacet
  facet normal 0 0 -1
    outer loop
      vertex 11.8843 84.5018 -5
      vertex 12.6263 86.0402 -5
      vertex 12.9746 84.8919 -5
    endloop
  endfacet
  facet normal 0 0 -1
    outer loop
      vertex 11.8843 84.5018 -5
      vertex 11.4251 85.6104 -5
      vertex 12.6263 86.0402 -5
    endloop
  endfacet
  facet normal 0 0 -1
    outer loop
      vertex 10.8375 84.0067 -5
      vertex 11.4251 85.6104 -5
      vertex 11.8843 84.5018 -5
    endloop
  endfacet
  facet normal 0 0 -1
    outer loop
      vertex 10.8375 84.0067 -5
      vertex 10.2718 85.065 -5
      vertex 11.4251 85.6104 -5
    endloop
  endfacet
  facet normal 0 0 -1
    outer loop
      vertex 9.84427 83.4113 -5
      vertex 10.2718 85.065 -5
      vertex 10.8375 84.0067 -5
    endloop
  endfacet
  facet normal 0 0 -1
    outer loop
      vertex 9.84427 83.4113 -5
      vertex 9.17759 84.4091 -5
      vertex 10.2718 85.065 -5
    endloop
  endfacet
  facet normal 0 0 -1
    outer loop
      vertex 8.91416 82.7215 -5
      vertex 9.17759 84.4091 -5
      vertex 9.84427 83.4113 -5
    endloop
  endfacet
  facet normal 0 0 -1
    outer loop
      vertex 8.91416 82.7215 -5
      vertex 8.15289 83.6491 -5
      vertex 9.17759 84.4091 -5
    endloop
  endfacet
  facet normal 0 0 -1
    outer loop
      vertex 8.05614 81.9439 -5
      vertex 8.15289 83.6491 -5
      vertex 8.91416 82.7215 -5
    endloop
  endfacet
  facet normal 0 0 -1
    outer loop
      vertex 7.20761 82.7924 -5
      vertex 8.05614 81.9439 -5
      vertex 7.27848 81.0858 -5
    endloop
  endfacet
  facet normal 0 0 -1
    outer loop
      vertex 8.05614 81.9439 -5
      vertex 7.20761 82.7924 -5
      vertex 8.15289 83.6491 -5
    endloop
  endfacet
  facet normal 0 0 -1
    outer loop
      vertex 6.35086 81.8471 -5
      vertex 7.27848 81.0858 -5
      vertex 6.58866 80.1557 -5
    endloop
  endfacet
  facet normal 0 0 -1
    outer loop
      vertex 7.27848 81.0858 -5
      vertex 6.35086 81.8471 -5
      vertex 7.20761 82.7924 -5
    endloop
  endfacet
  facet normal 0 0 -1
    outer loop
      vertex 5.59089 80.8224 -5
      vertex 6.58866 80.1557 -5
      vertex 5.99333 79.1625 -5
    endloop
  endfacet
  facet normal 0 0 -1
    outer loop
      vertex 6.58866 80.1557 -5
      vertex 5.59089 80.8224 -5
      vertex 6.35086 81.8471 -5
    endloop
  endfacet
  facet normal 0 0 -1
    outer loop
      vertex 4.93502 79.7282 -5
      vertex 5.99333 79.1625 -5
      vertex 5.49822 78.1157 -5
    endloop
  endfacet
  facet normal 0 0 -1
    outer loop
      vertex 4.38957 78.5749 -5
      vertex 5.49822 78.1157 -5
      vertex 5.1081 77.0254 -5
    endloop
  endfacet
  facet normal 0 0 -1
    outer loop
      vertex 5.99333 79.1625 -5
      vertex 4.93502 79.7282 -5
      vertex 5.59089 80.8224 -5
    endloop
  endfacet
  facet normal 0 0 -1
    outer loop
      vertex 3.95978 77.3737 -5
      vertex 5.1081 77.0254 -5
      vertex 4.82673 75.9021 -5
    endloop
  endfacet
  facet normal 0 0 -1
    outer loop
      vertex 3.64979 76.1362 -5
      vertex 4.82673 75.9021 -5
      vertex 4.65682 74.7566 -5
    endloop
  endfacet
  facet normal 0 0 -1
    outer loop
      vertex 5.49822 78.1157 -5
      vertex 4.38957 78.5749 -5
      vertex 4.93502 79.7282 -5
    endloop
  endfacet
  facet normal 0 0 -1
    outer loop
      vertex 3.4626 74.8742 -5
      vertex 4.65682 74.7566 -5
      vertex 4.6 73.6 -5
    endloop
  endfacet
  facet normal 0 0 -1
    outer loop
      vertex 4.6 16.4 -5
      vertex 3.4 16.4 -5
      vertex 4.6 73.6 -5
    endloop
  endfacet
  facet normal 0 0 -1
    outer loop
      vertex 3.4626 15.1258 -5
      vertex 4.65682 15.2434 -5
      vertex 3.64979 13.8638 -5
    endloop
  endfacet
  facet normal 0 0 -1
    outer loop
      vertex 3.4 73.6 -5
      vertex 4.6 73.6 -5
      vertex 3.4 16.4 -5
    endloop
  endfacet
  facet normal -0 0 -1
    outer loop
      vertex 4.65682 15.2434 -5
      vertex 3.4626 15.1258 -5
      vertex 4.6 16.4 -5
    endloop
  endfacet
  facet normal 0 -0 -1
    outer loop
      vertex 3.4626 74.8742 -5
      vertex 4.6 73.6 -5
      vertex 3.4 73.6 -5
    endloop
  endfacet
  facet normal -0 0 -1
    outer loop
      vertex 4.6 16.4 -5
      vertex 3.4626 15.1258 -5
      vertex 3.4 16.4 -5
    endloop
  endfacet
  facet normal 0 0 -1
    outer loop
      vertex 5.1081 77.0254 -5
      vertex 3.95978 77.3737 -5
      vertex 4.38957 78.5749 -5
    endloop
  endfacet
  facet normal 0 0 -1
    outer loop
      vertex 4.82673 75.9021 -5
      vertex 3.64979 76.1362 -5
      vertex 3.95978 77.3737 -5
    endloop
  endfacet
  facet normal 0 0 -1
    outer loop
      vertex 4.65682 74.7566 -5
      vertex 3.4626 74.8742 -5
      vertex 3.64979 76.1362 -5
    endloop
  endfacet
  facet normal -0.0490697 0.998795 0
    outer loop
      vertex 16.4 86.6 -5
      vertex 15.1258 86.5374 0
      vertex 16.4 86.6 0
    endloop
  endfacet
  facet normal -0.0490697 0.998795 0
    outer loop
      vertex 15.1258 86.5374 0
      vertex 16.4 86.6 -5
      vertex 15.1258 86.5374 -5
    endloop
  endfacet
  facet normal 0.857709 -0.514135 0
    outer loop
      vertex 84.4091 9.17759 0
      vertex 85.065 10.2718 -5
      vertex 85.065 10.2718 0
    endloop
  endfacet
  facet normal 0.857709 -0.514135 0
    outer loop
      vertex 85.065 10.2718 -5
      vertex 84.4091 9.17759 0
      vertex 84.4091 9.17759 -5
    endloop
  endfacet
  facet normal 0.941543 -0.336892 0
    outer loop
      vertex 85.6104 11.4251 0
      vertex 86.0402 12.6263 -5
      vertex 86.0402 12.6263 0
    endloop
  endfacet
  facet normal 0.941543 -0.336892 0
    outer loop
      vertex 86.0402 12.6263 -5
      vertex 85.6104 11.4251 0
      vertex 85.6104 11.4251 -5
    endloop
  endfacet
  facet normal 0.970027 0.242997 0
    outer loop
      vertex 86.3502 76.1362 0
      vertex 86.0402 77.3737 -5
      vertex 86.0402 77.3737 0
    endloop
  endfacet
  facet normal 0.970027 0.242997 0
    outer loop
      vertex 86.0402 77.3737 -5
      vertex 86.3502 76.1362 0
      vertex 86.3502 76.1362 -5
    endloop
  endfacet
  facet normal 0.146723 -0.989178 0
    outer loop
      vertex 74.8742 3.4626 -5
      vertex 76.1362 3.64979 0
      vertex 74.8742 3.4626 0
    endloop
  endfacet
  facet normal 0.146723 -0.989178 0
    outer loop
      vertex 76.1362 3.64979 0
      vertex 74.8742 3.4626 -5
      vertex 76.1362 3.64979 -5
    endloop
  endfacet
  facet normal -0.85772 -0.514118 0
    outer loop
      vertex 5.59089 9.17759 -5
      vertex 4.93502 10.2718 0
      vertex 4.93502 10.2718 -5
    endloop
  endfacet
  facet normal -0.85772 -0.514118 0
    outer loop
      vertex 4.93502 10.2718 0
      vertex 5.59089 9.17759 -5
      vertex 5.59089 9.17759 0
    endloop
  endfacet
  facet normal -0.903995 0.427542 0
    outer loop
      vertex 4.38957 78.5749 -5
      vertex 4.93502 79.7282 0
      vertex 4.93502 79.7282 -5
    endloop
  endfacet
  facet normal -0.903995 0.427542 0
    outer loop
      vertex 4.93502 79.7282 0
      vertex 4.38957 78.5749 -5
      vertex 4.38957 78.5749 0
    endloop
  endfacet
  facet normal 0.0490697 -0.998795 0
    outer loop
      vertex 73.6 3.4 -5
      vertex 74.8742 3.4626 0
      vertex 73.6 3.4 0
    endloop
  endfacet
  facet normal 0.0490697 -0.998795 0
    outer loop
      vertex 74.8742 3.4626 0
      vertex 73.6 3.4 -5
      vertex 74.8742 3.4626 -5
    endloop
  endfacet
  facet normal 0.67155 -0.740959 0
    outer loop
      vertex 81.8471 6.35086 -5
      vertex 82.7924 7.20761 0
      vertex 81.8471 6.35086 0
    endloop
  endfacet
  facet normal 0.67155 -0.740959 0
    outer loop
      vertex 82.7924 7.20761 0
      vertex 81.8471 6.35086 -5
      vertex 82.7924 7.20761 -5
    endloop
  endfacet
  facet normal 0.803196 -0.595715 0
    outer loop
      vertex 83.6491 8.15289 0
      vertex 84.4091 9.17759 -5
      vertex 84.4091 9.17759 0
    endloop
  endfacet
  facet normal 0.803196 -0.595715 0
    outer loop
      vertex 84.4091 9.17759 -5
      vertex 83.6491 8.15289 0
      vertex 83.6491 8.15289 -5
    endloop
  endfacet
  facet normal -0.740952 -0.671558 0
    outer loop
      vertex 7.20761 7.20761 -5
      vertex 6.35086 8.15289 0
      vertex 6.35086 8.15289 -5
    endloop
  endfacet
  facet normal -0.740952 -0.671558 0
    outer loop
      vertex 6.35086 8.15289 0
      vertex 7.20761 7.20761 -5
      vertex 7.20761 7.20761 0
    endloop
  endfacet
  facet normal 0.42751 0.904011 -0
    outer loop
      vertex 79.7282 85.065 -5
      vertex 78.5749 85.6104 0
      vertex 79.7282 85.065 0
    endloop
  endfacet
  facet normal 0.42751 0.904011 0
    outer loop
      vertex 78.5749 85.6104 0
      vertex 79.7282 85.065 -5
      vertex 78.5749 85.6104 -5
    endloop
  endfacet
  facet normal -0.5957 -0.803207 0
    outer loop
      vertex 8.15289 6.35086 -5
      vertex 9.17759 5.59089 0
      vertex 8.15289 6.35086 0
    endloop
  endfacet
  facet normal -0.5957 -0.803207 -0
    outer loop
      vertex 9.17759 5.59089 0
      vertex 8.15289 6.35086 -5
      vertex 9.17759 5.59089 -5
    endloop
  endfacet
  facet normal 0.336892 0.941543 -0
    outer loop
      vertex 78.5749 85.6104 -5
      vertex 77.3737 86.0402 0
      vertex 78.5749 85.6104 0
    endloop
  endfacet
  facet normal 0.336892 0.941543 0
    outer loop
      vertex 77.3737 86.0402 0
      vertex 78.5749 85.6104 -5
      vertex 77.3737 86.0402 -5
    endloop
  endfacet
  facet normal 0.595715 0.803196 -0
    outer loop
      vertex 81.8471 83.6491 -5
      vertex 80.8224 84.4091 0
      vertex 81.8471 83.6491 0
    endloop
  endfacet
  facet normal 0.595715 0.803196 0
    outer loop
      vertex 80.8224 84.4091 0
      vertex 81.8471 83.6491 -5
      vertex 80.8224 84.4091 -5
    endloop
  endfacet
  facet normal 0.671529 0.740978 -0
    outer loop
      vertex 82.7924 82.7924 -5
      vertex 81.8471 83.6491 0
      vertex 82.7924 82.7924 0
    endloop
  endfacet
  facet normal 0.671529 0.740978 0
    outer loop
      vertex 81.8471 83.6491 0
      vertex 82.7924 82.7924 -5
      vertex 81.8471 83.6491 -5
    endloop
  endfacet
  facet normal -0.336886 -0.941546 0
    outer loop
      vertex 11.4251 4.38957 -5
      vertex 12.6263 3.95978 0
      vertex 11.4251 4.38957 0
    endloop
  endfacet
  facet normal -0.336886 -0.941546 -0
    outer loop
      vertex 12.6263 3.95978 0
      vertex 11.4251 4.38957 -5
      vertex 12.6263 3.95978 -5
    endloop
  endfacet
  facet normal 0.14673 0.989177 -0
    outer loop
      vertex 76.1362 86.3502 -5
      vertex 74.8742 86.5374 0
      vertex 76.1362 86.3502 0
    endloop
  endfacet
  facet normal 0.14673 0.989177 0
    outer loop
      vertex 74.8742 86.5374 0
      vertex 76.1362 86.3502 -5
      vertex 74.8742 86.5374 -5
    endloop
  endfacet
  facet normal 0.671529 -0.740979 0
    outer loop
      vertex 8.05614 81.9439 -5
      vertex 8.91416 82.7215 0
      vertex 8.05614 81.9439 0
    endloop
  endfacet
  facet normal 0.671529 -0.740979 0
    outer loop
      vertex 8.91416 82.7215 0
      vertex 8.05614 81.9439 -5
      vertex 8.91416 82.7215 -5
    endloop
  endfacet
  facet normal -0.427562 0.903986 0
    outer loop
      vertex 79.1625 5.99333 -5
      vertex 78.1157 5.49822 0
      vertex 79.1625 5.99333 0
    endloop
  endfacet
  facet normal -0.427562 0.903986 0
    outer loop
      vertex 78.1157 5.49822 0
      vertex 79.1625 5.99333 -5
      vertex 78.1157 5.49822 -5
    endloop
  endfacet
  facet normal -0.941548 -0.336878 0
    outer loop
      vertex 84.8919 77.0254 -5
      vertex 84.5018 78.1157 0
      vertex 84.5018 78.1157 -5
    endloop
  endfacet
  facet normal -0.941548 -0.336878 0
    outer loop
      vertex 84.5018 78.1157 0
      vertex 84.8919 77.0254 -5
      vertex 84.8919 77.0254 0
    endloop
  endfacet
  facet normal 0.903986 0.427562 0
    outer loop
      vertex 5.99333 10.8375 0
      vertex 5.49822 11.8843 -5
      vertex 5.49822 11.8843 0
    endloop
  endfacet
  facet normal 0.903986 0.427562 0
    outer loop
      vertex 5.49822 11.8843 -5
      vertex 5.99333 10.8375 0
      vertex 5.99333 10.8375 -5
    endloop
  endfacet
  facet normal -0.803214 0.59569 0
    outer loop
      vertex 82.7215 8.91416 -5
      vertex 83.4113 9.84427 0
      vertex 83.4113 9.84427 -5
    endloop
  endfacet
  facet normal -0.803214 0.59569 0
    outer loop
      vertex 83.4113 9.84427 0
      vertex 82.7215 8.91416 -5
      vertex 82.7215 8.91416 0
    endloop
  endfacet
  facet normal 0.803203 -0.595705 0
    outer loop
      vertex 6.58866 80.1557 0
      vertex 7.27848 81.0858 -5
      vertex 7.27848 81.0858 0
    endloop
  endfacet
  facet normal 0.803203 -0.595705 0
    outer loop
      vertex 7.27848 81.0858 -5
      vertex 6.58866 80.1557 0
      vertex 6.58866 80.1557 -5
    endloop
  endfacet
  facet normal 0.0490503 -0.998796 0
    outer loop
      vertex 15.2434 85.3432 -5
      vertex 16.4 85.4 0
      vertex 15.2434 85.3432 0
    endloop
  endfacet
  facet normal 0.0490503 -0.998796 0
    outer loop
      vertex 16.4 85.4 0
      vertex 15.2434 85.3432 -5
      vertex 16.4 85.4 -5
    endloop
  endfacet
  facet normal -0.989179 0.146715 0
    outer loop
      vertex 85.1733 14.0979 -5
      vertex 85.3432 15.2434 0
      vertex 85.3432 15.2434 -5
    endloop
  endfacet
  facet normal -0.989179 0.146715 0
    outer loop
      vertex 85.3432 15.2434 0
      vertex 85.1733 14.0979 -5
      vertex 85.1733 14.0979 0
    endloop
  endfacet
  facet normal 0 -1 0
    outer loop
      vertex 16.4 85.4 -5
      vertex 73.6 85.4 0
      vertex 16.4 85.4 0
    endloop
  endfacet
  facet normal 0 -1 -0
    outer loop
      vertex 73.6 85.4 0
      vertex 16.4 85.4 -5
      vertex 73.6 85.4 -5
    endloop
  endfacet
  facet normal -0.595705 0.803203 0
    outer loop
      vertex 81.0858 7.27848 -5
      vertex 80.1557 6.58866 0
      vertex 81.0858 7.27848 0
    endloop
  endfacet
  facet normal -0.595705 0.803203 0
    outer loop
      vertex 80.1557 6.58866 0
      vertex 81.0858 7.27848 -5
      vertex 80.1557 6.58866 -5
    endloop
  endfacet
  facet normal -0.74101 -0.671494 0
    outer loop
      vertex 82.7215 81.0858 -5
      vertex 81.9439 81.9439 0
      vertex 81.9439 81.9439 -5
    endloop
  endfacet
  facet normal -0.74101 -0.671494 0
    outer loop
      vertex 81.9439 81.9439 0
      vertex 82.7215 81.0858 -5
      vertex 82.7215 81.0858 0
    endloop
  endfacet
  facet normal 1 -0 0
    outer loop
      vertex 4.6 16.4 0
      vertex 4.6 73.6 -5
      vertex 4.6 73.6 0
    endloop
  endfacet
  facet normal 1 0 0
    outer loop
      vertex 4.6 73.6 -5
      vertex 4.6 16.4 0
      vertex 4.6 16.4 -5
    endloop
  endfacet
  facet normal -0.989179 -0.146715 0
    outer loop
      vertex 85.3432 74.7566 -5
      vertex 85.1733 75.9021 0
      vertex 85.1733 75.9021 -5
    endloop
  endfacet
  facet normal -0.989179 -0.146715 0
    outer loop
      vertex 85.1733 75.9021 0
      vertex 85.3432 74.7566 -5
      vertex 85.3432 74.7566 0
    endloop
  endfacet
  facet normal -0.970026 -0.243003 0
    outer loop
      vertex 85.1733 75.9021 -5
      vertex 84.8919 77.0254 0
      vertex 84.8919 77.0254 -5
    endloop
  endfacet
  facet normal -0.970026 -0.243003 0
    outer loop
      vertex 84.8919 77.0254 0
      vertex 85.1733 75.9021 -5
      vertex 85.1733 75.9021 0
    endloop
  endfacet
  facet normal -0.857698 0.514154 0
    outer loop
      vertex 83.4113 9.84427 -5
      vertex 84.0067 10.8375 0
      vertex 84.0067 10.8375 -5
    endloop
  endfacet
  facet normal -0.857698 0.514154 0
    outer loop
      vertex 84.0067 10.8375 0
      vertex 83.4113 9.84427 -5
      vertex 83.4113 9.84427 0
    endloop
  endfacet
  facet normal 0.740984 -0.671523 0
    outer loop
      vertex 7.27848 81.0858 0
      vertex 8.05614 81.9439 -5
      vertex 8.05614 81.9439 0
    endloop
  endfacet
  facet normal 0.740984 -0.671523 0
    outer loop
      vertex 8.05614 81.9439 -5
      vertex 7.27848 81.0858 0
      vertex 7.27848 81.0858 -5
    endloop
  endfacet
  facet normal -0.595694 -0.803211 0
    outer loop
      vertex 80.1557 83.4113 -5
      vertex 81.0858 82.7215 0
      vertex 80.1557 83.4113 0
    endloop
  endfacet
  facet normal -0.595694 -0.803211 -0
    outer loop
      vertex 81.0858 82.7215 0
      vertex 80.1557 83.4113 -5
      vertex 81.0858 82.7215 -5
    endloop
  endfacet
  facet normal -0.671494 -0.74101 0
    outer loop
      vertex 81.0858 82.7215 -5
      vertex 81.9439 81.9439 0
      vertex 81.0858 82.7215 0
    endloop
  endfacet
  facet normal -0.671494 -0.74101 -0
    outer loop
      vertex 81.9439 81.9439 0
      vertex 81.0858 82.7215 -5
      vertex 81.9439 81.9439 -5
    endloop
  endfacet
  facet normal -1 0 0
    outer loop
      vertex 85.4 16.4 -5
      vertex 85.4 73.6 0
      vertex 85.4 73.6 -5
    endloop
  endfacet
  facet normal -1 -0 0
    outer loop
      vertex 85.4 73.6 0
      vertex 85.4 16.4 -5
      vertex 85.4 16.4 0
    endloop
  endfacet
  facet normal 0.857718 -0.514121 0
    outer loop
      vertex 5.99333 79.1625 0
      vertex 6.58866 80.1557 -5
      vertex 6.58866 80.1557 0
    endloop
  endfacet
  facet normal 0.857718 -0.514121 0
    outer loop
      vertex 6.58866 80.1557 -5
      vertex 5.99333 79.1625 0
      vertex 5.99333 79.1625 -5
    endloop
  endfacet
  facet normal 0.514154 -0.857698 0
    outer loop
      vertex 9.84427 83.4113 -5
      vertex 10.8375 84.0067 0
      vertex 9.84427 83.4113 0
    endloop
  endfacet
  facet normal 0.514154 -0.857698 0
    outer loop
      vertex 10.8375 84.0067 0
      vertex 9.84427 83.4113 -5
      vertex 10.8375 84.0067 -5
    endloop
  endfacet
  facet normal -0.998796 -0.0490503 0
    outer loop
      vertex 85.4 73.6 -5
      vertex 85.3432 74.7566 0
      vertex 85.3432 74.7566 -5
    endloop
  endfacet
  facet normal -0.998796 -0.0490503 0
    outer loop
      vertex 85.3432 74.7566 0
      vertex 85.4 73.6 -5
      vertex 85.4 73.6 0
    endloop
  endfacet
  facet normal 0.336893 0.941543 -0
    outer loop
      vertex 12.9746 5.1081 -5
      vertex 11.8843 5.49822 0
      vertex 12.9746 5.1081 0
    endloop
  endfacet
  facet normal 0.336893 0.941543 0
    outer loop
      vertex 11.8843 5.49822 0
      vertex 12.9746 5.1081 -5
      vertex 11.8843 5.49822 -5
    endloop
  endfacet
  facet normal -0.903989 -0.427555 0
    outer loop
      vertex 84.5018 78.1157 -5
      vertex 84.0067 79.1625 0
      vertex 84.0067 79.1625 -5
    endloop
  endfacet
  facet normal -0.903989 -0.427555 0
    outer loop
      vertex 84.0067 79.1625 0
      vertex 84.5018 78.1157 -5
      vertex 84.5018 78.1157 0
    endloop
  endfacet
  facet normal -0.146723 0.989178 0
    outer loop
      vertex 75.9021 4.82673 -5
      vertex 74.7566 4.65682 0
      vertex 75.9021 4.82673 0
    endloop
  endfacet
  facet normal -0.146723 0.989178 0
    outer loop
      vertex 74.7566 4.65682 0
      vertex 75.9021 4.82673 -5
      vertex 74.7566 4.65682 -5
    endloop
  endfacet
  facet normal 0.146715 -0.989179 0
    outer loop
      vertex 14.0979 85.1733 -5
      vertex 15.2434 85.3432 0
      vertex 14.0979 85.1733 0
    endloop
  endfacet
  facet normal 0.146715 -0.989179 0
    outer loop
      vertex 15.2434 85.3432 0
      vertex 14.0979 85.1733 -5
      vertex 15.2434 85.3432 -5
    endloop
  endfacet
  facet normal 0.427555 -0.903989 0
    outer loop
      vertex 10.8375 84.0067 -5
      vertex 11.8843 84.5018 0
      vertex 10.8375 84.0067 0
    endloop
  endfacet
  facet normal 0.427555 -0.903989 0
    outer loop
      vertex 11.8843 84.5018 0
      vertex 10.8375 84.0067 -5
      vertex 11.8843 84.5018 -5
    endloop
  endfacet
  facet normal -0.740979 0.671529 0
    outer loop
      vertex 81.9439 8.05614 -5
      vertex 82.7215 8.91416 0
      vertex 82.7215 8.91416 -5
    endloop
  endfacet
  facet normal -0.740979 0.671529 0
    outer loop
      vertex 82.7215 8.91416 0
      vertex 81.9439 8.05614 -5
      vertex 81.9439 8.05614 0
    endloop
  endfacet
  facet normal 0.998795 -0.0490676 0
    outer loop
      vertex 4.6 73.6 0
      vertex 4.65682 74.7566 -5
      vertex 4.65682 74.7566 0
    endloop
  endfacet
  facet normal 0.998795 -0.0490676 0
    outer loop
      vertex 4.65682 74.7566 -5
      vertex 4.6 73.6 0
      vertex 4.6 73.6 -5
    endloop
  endfacet
  facet normal 0.59569 -0.803214 0
    outer loop
      vertex 8.91416 82.7215 -5
      vertex 9.84427 83.4113 0
      vertex 8.91416 82.7215 0
    endloop
  endfacet
  facet normal 0.59569 -0.803214 0
    outer loop
      vertex 9.84427 83.4113 0
      vertex 8.91416 82.7215 -5
      vertex 9.84427 83.4113 -5
    endloop
  endfacet
  facet normal -0.336893 0.941543 0
    outer loop
      vertex 78.1157 5.49822 -5
      vertex 77.0254 5.1081 0
      vertex 78.1157 5.49822 0
    endloop
  endfacet
  facet normal -0.336893 0.941543 0
    outer loop
      vertex 77.0254 5.1081 0
      vertex 78.1157 5.49822 -5
      vertex 77.0254 5.1081 -5
    endloop
  endfacet
  facet normal 0 1 -0
    outer loop
      vertex 73.6 4.6 -5
      vertex 16.4 4.6 0
      vertex 73.6 4.6 0
    endloop
  endfacet
  facet normal 0 1 0
    outer loop
      vertex 16.4 4.6 0
      vertex 73.6 4.6 -5
      vertex 16.4 4.6 -5
    endloop
  endfacet
  facet normal -0.336878 -0.941548 0
    outer loop
      vertex 77.0254 84.8919 -5
      vertex 78.1157 84.5018 0
      vertex 77.0254 84.8919 0
    endloop
  endfacet
  facet normal -0.336878 -0.941548 -0
    outer loop
      vertex 78.1157 84.5018 0
      vertex 77.0254 84.8919 -5
      vertex 78.1157 84.5018 -5
    endloop
  endfacet
  facet normal 0.671557 0.740953 -0
    outer loop
      vertex 8.91416 7.27848 -5
      vertex 8.05614 8.05614 0
      vertex 8.91416 7.27848 0
    endloop
  endfacet
  facet normal 0.671557 0.740953 0
    outer loop
      vertex 8.05614 8.05614 0
      vertex 8.91416 7.27848 -5
      vertex 8.05614 8.05614 -5
    endloop
  endfacet
  facet normal -0.243003 -0.970026 0
    outer loop
      vertex 75.9021 85.1733 -5
      vertex 77.0254 84.8919 0
      vertex 75.9021 85.1733 0
    endloop
  endfacet
  facet normal -0.243003 -0.970026 -0
    outer loop
      vertex 77.0254 84.8919 0
      vertex 75.9021 85.1733 -5
      vertex 77.0254 84.8919 -5
    endloop
  endfacet
  facet normal -0.998796 0.0490503 0
    outer loop
      vertex 85.3432 15.2434 -5
      vertex 85.4 16.4 0
      vertex 85.4 16.4 -5
    endloop
  endfacet
  facet normal -0.998796 0.0490503 0
    outer loop
      vertex 85.4 16.4 0
      vertex 85.3432 15.2434 -5
      vertex 85.3432 15.2434 0
    endloop
  endfacet
  facet normal -0.803211 -0.595694 0
    outer loop
      vertex 83.4113 80.1557 -5
      vertex 82.7215 81.0858 0
      vertex 82.7215 81.0858 -5
    endloop
  endfacet
  facet normal -0.803211 -0.595694 0
    outer loop
      vertex 82.7215 81.0858 0
      vertex 83.4113 80.1557 -5
      vertex 83.4113 80.1557 0
    endloop
  endfacet
  facet normal 0.0490676 0.998795 -0
    outer loop
      vertex 16.4 4.6 -5
      vertex 15.2434 4.65682 0
      vertex 16.4 4.6 0
    endloop
  endfacet
  facet normal 0.0490676 0.998795 0
    outer loop
      vertex 15.2434 4.65682 0
      vertex 16.4 4.6 -5
      vertex 15.2434 4.65682 -5
    endloop
  endfacet
  facet normal -0.146715 -0.989179 0
    outer loop
      vertex 74.7566 85.3432 -5
      vertex 75.9021 85.1733 0
      vertex 74.7566 85.3432 0
    endloop
  endfacet
  facet normal -0.146715 -0.989179 -0
    outer loop
      vertex 75.9021 85.1733 0
      vertex 74.7566 85.3432 -5
      vertex 75.9021 85.1733 -5
    endloop
  endfacet
  facet normal 0.970032 0.242979 0
    outer loop
      vertex 5.1081 12.9746 0
      vertex 4.82673 14.0979 -5
      vertex 4.82673 14.0979 0
    endloop
  endfacet
  facet normal 0.970032 0.242979 0
    outer loop
      vertex 4.82673 14.0979 -5
      vertex 5.1081 12.9746 0
      vertex 5.1081 12.9746 -5
    endloop
  endfacet
  facet normal -0.427555 -0.903989 0
    outer loop
      vertex 78.1157 84.5018 -5
      vertex 79.1625 84.0067 0
      vertex 78.1157 84.5018 0
    endloop
  endfacet
  facet normal -0.427555 -0.903989 -0
    outer loop
      vertex 79.1625 84.0067 0
      vertex 78.1157 84.5018 -5
      vertex 79.1625 84.0067 -5
    endloop
  endfacet
  facet normal 0.336878 -0.941548 0
    outer loop
      vertex 11.8843 84.5018 -5
      vertex 12.9746 84.8919 0
      vertex 11.8843 84.5018 0
    endloop
  endfacet
  facet normal 0.336878 -0.941548 0
    outer loop
      vertex 12.9746 84.8919 0
      vertex 11.8843 84.5018 -5
      vertex 12.9746 84.8919 -5
    endloop
  endfacet
  facet normal -0.242979 0.970032 0
    outer loop
      vertex 77.0254 5.1081 -5
      vertex 75.9021 4.82673 0
      vertex 77.0254 5.1081 0
    endloop
  endfacet
  facet normal -0.242979 0.970032 0
    outer loop
      vertex 75.9021 4.82673 0
      vertex 77.0254 5.1081 -5
      vertex 75.9021 4.82673 -5
    endloop
  endfacet
  facet normal 0.427562 0.903986 -0
    outer loop
      vertex 11.8843 5.49822 -5
      vertex 10.8375 5.99333 0
      vertex 11.8843 5.49822 0
    endloop
  endfacet
  facet normal 0.427562 0.903986 0
    outer loop
      vertex 10.8375 5.99333 0
      vertex 11.8843 5.49822 -5
      vertex 10.8375 5.99333 -5
    endloop
  endfacet
  facet normal 0.51411 0.857724 -0
    outer loop
      vertex 10.8375 5.99333 -5
      vertex 9.84427 6.58866 0
      vertex 10.8375 5.99333 0
    endloop
  endfacet
  facet normal 0.51411 0.857724 0
    outer loop
      vertex 9.84427 6.58866 0
      vertex 10.8375 5.99333 -5
      vertex 9.84427 6.58866 -5
    endloop
  endfacet
  facet normal -0.514121 0.857718 0
    outer loop
      vertex 80.1557 6.58866 -5
      vertex 79.1625 5.99333 0
      vertex 80.1557 6.58866 0
    endloop
  endfacet
  facet normal -0.514121 0.857718 0
    outer loop
      vertex 79.1625 5.99333 0
      vertex 80.1557 6.58866 -5
      vertex 79.1625 5.99333 -5
    endloop
  endfacet
  facet normal -0.0490676 0.998795 0
    outer loop
      vertex 74.7566 4.65682 -5
      vertex 73.6 4.6 0
      vertex 74.7566 4.65682 0
    endloop
  endfacet
  facet normal -0.0490676 0.998795 0
    outer loop
      vertex 73.6 4.6 0
      vertex 74.7566 4.65682 -5
      vertex 73.6 4.6 -5
    endloop
  endfacet
  facet normal 0.243003 -0.970026 0
    outer loop
      vertex 12.9746 84.8919 -5
      vertex 14.0979 85.1733 0
      vertex 12.9746 84.8919 0
    endloop
  endfacet
  facet normal 0.243003 -0.970026 0
    outer loop
      vertex 14.0979 85.1733 0
      vertex 12.9746 84.8919 -5
      vertex 14.0979 85.1733 -5
    endloop
  endfacet
  facet normal 0.941543 0.336893 0
    outer loop
      vertex 5.49822 11.8843 0
      vertex 5.1081 12.9746 -5
      vertex 5.1081 12.9746 0
    endloop
  endfacet
  facet normal 0.941543 0.336893 0
    outer loop
      vertex 5.1081 12.9746 -5
      vertex 5.49822 11.8843 0
      vertex 5.49822 11.8843 -5
    endloop
  endfacet
  facet normal -0.903989 0.427555 0
    outer loop
      vertex 84.0067 10.8375 -5
      vertex 84.5018 11.8843 0
      vertex 84.5018 11.8843 -5
    endloop
  endfacet
  facet normal -0.903989 0.427555 0
    outer loop
      vertex 84.5018 11.8843 0
      vertex 84.0067 10.8375 -5
      vertex 84.0067 10.8375 0
    endloop
  endfacet
  facet normal -0.514166 -0.857691 0
    outer loop
      vertex 79.1625 84.0067 -5
      vertex 80.1557 83.4113 0
      vertex 79.1625 84.0067 0
    endloop
  endfacet
  facet normal -0.514166 -0.857691 -0
    outer loop
      vertex 80.1557 83.4113 0
      vertex 79.1625 84.0067 -5
      vertex 80.1557 83.4113 -5
    endloop
  endfacet
  facet normal 0.989178 -0.146723 0
    outer loop
      vertex 4.65682 74.7566 0
      vertex 4.82673 75.9021 -5
      vertex 4.82673 75.9021 0
    endloop
  endfacet
  facet normal 0.989178 -0.146723 0
    outer loop
      vertex 4.82673 75.9021 -5
      vertex 4.65682 74.7566 0
      vertex 4.65682 74.7566 -5
    endloop
  endfacet
  facet normal 0.803206 0.595701 0
    outer loop
      vertex 7.27848 8.91416 0
      vertex 6.58866 9.84427 -5
      vertex 6.58866 9.84427 0
    endloop
  endfacet
  facet normal 0.803206 0.595701 0
    outer loop
      vertex 6.58866 9.84427 -5
      vertex 7.27848 8.91416 0
      vertex 7.27848 8.91416 -5
    endloop
  endfacet
  facet normal 0.941543 -0.336893 0
    outer loop
      vertex 5.1081 77.0254 0
      vertex 5.49822 78.1157 -5
      vertex 5.49822 78.1157 0
    endloop
  endfacet
  facet normal 0.941543 -0.336893 0
    outer loop
      vertex 5.49822 78.1157 -5
      vertex 5.1081 77.0254 0
      vertex 5.1081 77.0254 -5
    endloop
  endfacet
  facet normal -0.671523 0.740984 0
    outer loop
      vertex 81.9439 8.05614 -5
      vertex 81.0858 7.27848 0
      vertex 81.9439 8.05614 0
    endloop
  endfacet
  facet normal -0.671523 0.740984 0
    outer loop
      vertex 81.0858 7.27848 0
      vertex 81.9439 8.05614 -5
      vertex 81.0858 7.27848 -5
    endloop
  endfacet
  facet normal 0.989178 0.146723 0
    outer loop
      vertex 4.82673 14.0979 0
      vertex 4.65682 15.2434 -5
      vertex 4.65682 15.2434 0
    endloop
  endfacet
  facet normal 0.989178 0.146723 0
    outer loop
      vertex 4.65682 15.2434 -5
      vertex 4.82673 14.0979 0
      vertex 4.82673 14.0979 -5
    endloop
  endfacet
  facet normal 0.998795 0.0490676 0
    outer loop
      vertex 4.65682 15.2434 0
      vertex 4.6 16.4 -5
      vertex 4.6 16.4 0
    endloop
  endfacet
  facet normal 0.998795 0.0490676 0
    outer loop
      vertex 4.6 16.4 -5
      vertex 4.65682 15.2434 0
      vertex 4.65682 15.2434 -5
    endloop
  endfacet
  facet normal -0.857691 -0.514166 0
    outer loop
      vertex 84.0067 79.1625 -5
      vertex 83.4113 80.1557 0
      vertex 83.4113 80.1557 -5
    endloop
  endfacet
  facet normal -0.857691 -0.514166 0
    outer loop
      vertex 83.4113 80.1557 0
      vertex 84.0067 79.1625 -5
      vertex 84.0067 79.1625 0
    endloop
  endfacet
  facet normal 0.595701 0.803206 -0
    outer loop
      vertex 9.84427 6.58866 -5
      vertex 8.91416 7.27848 0
      vertex 9.84427 6.58866 0
    endloop
  endfacet
  facet normal 0.595701 0.803206 0
    outer loop
      vertex 8.91416 7.27848 0
      vertex 9.84427 6.58866 -5
      vertex 8.91416 7.27848 -5
    endloop
  endfacet
  facet normal 0.970032 -0.242979 0
    outer loop
      vertex 4.82673 75.9021 0
      vertex 5.1081 77.0254 -5
      vertex 5.1081 77.0254 0
    endloop
  endfacet
  facet normal 0.970032 -0.242979 0
    outer loop
      vertex 5.1081 77.0254 -5
      vertex 4.82673 75.9021 0
      vertex 4.82673 75.9021 -5
    endloop
  endfacet
  facet normal 0.903986 -0.427562 0
    outer loop
      vertex 5.49822 78.1157 0
      vertex 5.99333 79.1625 -5
      vertex 5.99333 79.1625 0
    endloop
  endfacet
  facet normal 0.903986 -0.427562 0
    outer loop
      vertex 5.99333 79.1625 -5
      vertex 5.49822 78.1157 0
      vertex 5.49822 78.1157 -5
    endloop
  endfacet
  facet normal -0.0490503 -0.998796 0
    outer loop
      vertex 73.6 85.4 -5
      vertex 74.7566 85.3432 0
      vertex 73.6 85.4 0
    endloop
  endfacet
  facet normal -0.0490503 -0.998796 -0
    outer loop
      vertex 74.7566 85.3432 0
      vertex 73.6 85.4 -5
      vertex 74.7566 85.3432 -5
    endloop
  endfacet
  facet normal 0.242979 0.970032 -0
    outer loop
      vertex 14.0979 4.82673 -5
      vertex 12.9746 5.1081 0
      vertex 14.0979 4.82673 0
    endloop
  endfacet
  facet normal 0.242979 0.970032 0
    outer loop
      vertex 12.9746 5.1081 0
      vertex 14.0979 4.82673 -5
      vertex 12.9746 5.1081 -5
    endloop
  endfacet
  facet normal -0.941548 0.336878 0
    outer loop
      vertex 84.5018 11.8843 -5
      vertex 84.8919 12.9746 0
      vertex 84.8919 12.9746 -5
    endloop
  endfacet
  facet normal -0.941548 0.336878 0
    outer loop
      vertex 84.8919 12.9746 0
      vertex 84.5018 11.8843 -5
      vertex 84.5018 11.8843 0
    endloop
  endfacet
  facet normal -0.970026 0.243003 0
    outer loop
      vertex 84.8919 12.9746 -5
      vertex 85.1733 14.0979 0
      vertex 85.1733 14.0979 -5
    endloop
  endfacet
  facet normal -0.970026 0.243003 0
    outer loop
      vertex 85.1733 14.0979 0
      vertex 84.8919 12.9746 -5
      vertex 84.8919 12.9746 0
    endloop
  endfacet
  facet normal 0.857724 0.51411 0
    outer loop
      vertex 6.58866 9.84427 0
      vertex 5.99333 10.8375 -5
      vertex 5.99333 10.8375 0
    endloop
  endfacet
  facet normal 0.857724 0.51411 0
    outer loop
      vertex 5.99333 10.8375 -5
      vertex 6.58866 9.84427 0
      vertex 6.58866 9.84427 -5
    endloop
  endfacet
  facet normal 0.740953 0.671557 0
    outer loop
      vertex 8.05614 8.05614 0
      vertex 7.27848 8.91416 -5
      vertex 7.27848 8.91416 0
    endloop
  endfacet
  facet normal 0.740953 0.671557 0
    outer loop
      vertex 7.27848 8.91416 -5
      vertex 8.05614 8.05614 0
      vertex 8.05614 8.05614 -5
    endloop
  endfacet
  facet normal 0.146723 0.989178 -0
    outer loop
      vertex 15.2434 4.65682 -5
      vertex 14.0979 4.82673 0
      vertex 15.2434 4.65682 0
    endloop
  endfacet
  facet normal 0.146723 0.989178 0
    outer loop
      vertex 14.0979 4.82673 0
      vertex 15.2434 4.65682 -5
      vertex 14.0979 4.82673 -5
    endloop
  endfacet
  facet normal -0.970035 -0.242967 0
    outer loop
      vertex 0.688954 11.3554 0
      vertex 0.307435 12.8786 10
      vertex 0.307435 12.8786 0
    endloop
  endfacet
  facet normal -0.970035 -0.242967 0
    outer loop
      vertex 0.307435 12.8786 10
      vertex 0.688954 11.3554 0
      vertex 0.688954 11.3554 10
    endloop
  endfacet
  facet normal -0.857732 0.514098 0
    outer loop
      vertex 1.88926 81.5423 0
      vertex 2.69649 82.8891 10
      vertex 2.69649 82.8891 0
    endloop
  endfacet
  facet normal -0.857732 0.514098 0
    outer loop
      vertex 2.69649 82.8891 10
      vertex 1.88926 81.5423 0
      vertex 1.88926 81.5423 10
    endloop
  endfacet
  facet normal 0 1 -0
    outer loop
      vertex 74 90 0
      vertex 16 90 10
      vertex 74 90 10
    endloop
  endfacet
  facet normal 0 1 0
    outer loop
      vertex 16 90 10
      vertex 74 90 0
      vertex 16 90 0
    endloop
  endfacet
  facet normal 0.903972 -0.427591 0
    outer loop
      vertex 88.1107 8.45765 10
      vertex 88.7821 9.87706 0
      vertex 88.7821 9.87706 10
    endloop
  endfacet
  facet normal 0.903972 -0.427591 0
    outer loop
      vertex 88.7821 9.87706 0
      vertex 88.1107 8.45765 10
      vertex 88.1107 8.45765 0
    endloop
  endfacet
  facet normal -0.740952 -0.671558 0
    outer loop
      vertex 4.68629 4.68629 0
      vertex 3.63183 5.84971 10
      vertex 3.63183 5.84971 0
    endloop
  endfacet
  facet normal -0.740952 -0.671558 0
    outer loop
      vertex 3.63183 5.84971 10
      vertex 4.68629 4.68629 0
      vertex 4.68629 4.68629 10
    endloop
  endfacet
  facet normal 0.0490663 -0.998796 0
    outer loop
      vertex 74 0 0
      vertex 75.5683 0.0770435 10
      vertex 74 0 10
    endloop
  endfacet
  facet normal 0.0490663 -0.998796 0
    outer loop
      vertex 75.5683 0.0770435 10
      vertex 74 0 0
      vertex 75.5683 0.0770435 0
    endloop
  endfacet
  facet normal 0.146737 -0.989176 0
    outer loop
      vertex 75.5683 0.0770435 0
      vertex 77.1214 0.307435 10
      vertex 75.5683 0.0770435 10
    endloop
  endfacet
  facet normal 0.146737 -0.989176 0
    outer loop
      vertex 77.1214 0.307435 10
      vertex 75.5683 0.0770435 0
      vertex 77.1214 0.307435 0
    endloop
  endfacet
  facet normal 0.989175 0.146743 0
    outer loop
      vertex 89.923 75.5683 10
      vertex 89.6926 77.1214 0
      vertex 89.6926 77.1214 10
    endloop
  endfacet
  facet normal 0.989175 0.146743 0
    outer loop
      vertex 89.6926 77.1214 0
      vertex 89.923 75.5683 10
      vertex 89.923 75.5683 0
    endloop
  endfacet
  facet normal 1 -0 0
    outer loop
      vertex 90 16 10
      vertex 90 74 0
      vertex 90 74 10
    endloop
  endfacet
  facet normal 1 0 0
    outer loop
      vertex 90 74 0
      vertex 90 16 10
      vertex 90 16 0
    endloop
  endfacet
  facet normal 0.989175 -0.146743 0
    outer loop
      vertex 89.6926 12.8786 10
      vertex 89.923 14.4317 0
      vertex 89.923 14.4317 10
    endloop
  endfacet
  facet normal 0.989175 -0.146743 0
    outer loop
      vertex 89.923 14.4317 0
      vertex 89.6926 12.8786 10
      vertex 89.6926 12.8786 0
    endloop
  endfacet
  facet normal 0 -1 0
    outer loop
      vertex 16 0 0
      vertex 74 0 10
      vertex 16 0 10
    endloop
  endfacet
  facet normal 0 -1 -0
    outer loop
      vertex 74 0 10
      vertex 16 0 0
      vertex 74 0 0
    endloop
  endfacet
  facet normal -0.998796 -0.0490663 0
    outer loop
      vertex 0.0770435 14.4317 0
      vertex 0 16 10
      vertex 0 16 0
    endloop
  endfacet
  facet normal -0.998796 -0.0490663 0
    outer loop
      vertex 0 16 10
      vertex 0.0770435 14.4317 0
      vertex 0.0770435 14.4317 10
    endloop
  endfacet
  facet normal -0.857727 -0.514106 0
    outer loop
      vertex 2.69649 7.11088 0
      vertex 1.88926 8.45765 10
      vertex 1.88926 8.45765 0
    endloop
  endfacet
  facet normal -0.857727 -0.514106 0
    outer loop
      vertex 1.88926 8.45765 10
      vertex 2.69649 7.11088 0
      vertex 2.69649 7.11088 10
    endloop
  endfacet
  facet normal 0.0490387 0.998797 -0
    outer loop
      vertex 75.5683 89.923 0
      vertex 74 90 10
      vertex 75.5683 89.923 10
    endloop
  endfacet
  facet normal 0.0490387 0.998797 0
    outer loop
      vertex 74 90 10
      vertex 75.5683 89.923 0
      vertex 74 90 0
    endloop
  endfacet
  facet normal 0.998797 -0.0490387 0
    outer loop
      vertex 89.923 14.4317 10
      vertex 90 16 0
      vertex 90 16 10
    endloop
  endfacet
  facet normal 0.998797 -0.0490387 0
    outer loop
      vertex 90 16 0
      vertex 89.923 14.4317 10
      vertex 89.923 14.4317 0
    endloop
  endfacet
  facet normal 0.970023 -0.243015 0
    outer loop
      vertex 89.311 11.3554 10
      vertex 89.6926 12.8786 0
      vertex 89.6926 12.8786 10
    endloop
  endfacet
  facet normal 0.970023 -0.243015 0
    outer loop
      vertex 89.6926 12.8786 0
      vertex 89.311 11.3554 10
      vertex 89.311 11.3554 0
    endloop
  endfacet
  facet normal 0.998797 0.0490387 0
    outer loop
      vertex 90 74 10
      vertex 89.923 75.5683 0
      vertex 89.923 75.5683 10
    endloop
  endfacet
  facet normal 0.998797 0.0490387 0
    outer loop
      vertex 89.923 75.5683 0
      vertex 90 74 10
      vertex 90 74 0
    endloop
  endfacet
  facet normal -0.989176 -0.146737 0
    outer loop
      vertex 0.307435 12.8786 0
      vertex 0.0770435 14.4317 10
      vertex 0.0770435 14.4317 0
    endloop
  endfacet
  facet normal -0.989176 -0.146737 0
    outer loop
      vertex 0.0770435 14.4317 10
      vertex 0.307435 12.8786 0
      vertex 0.307435 12.8786 10
    endloop
  endfacet
  facet normal 0.336865 0.941553 -0
    outer loop
      vertex 80.1229 88.7821 0
      vertex 78.6446 89.311 10
      vertex 80.1229 88.7821 10
    endloop
  endfacet
  facet normal 0.336865 0.941553 0
    outer loop
      vertex 78.6446 89.311 10
      vertex 80.1229 88.7821 0
      vertex 78.6446 89.311 0
    endloop
  endfacet
  facet normal -0.3369 -0.941541 0
    outer loop
      vertex 9.87706 1.21793 0
      vertex 11.3554 0.688954 10
      vertex 9.87706 1.21793 10
    endloop
  endfacet
  facet normal -0.3369 -0.941541 -0
    outer loop
      vertex 11.3554 0.688954 10
      vertex 9.87706 1.21793 0
      vertex 11.3554 0.688954 0
    endloop
  endfacet
  facet normal 0.941553 0.336865 0
    outer loop
      vertex 89.311 78.6446 10
      vertex 88.7821 80.1229 0
      vertex 88.7821 80.1229 10
    endloop
  endfacet
  facet normal 0.941553 0.336865 0
    outer loop
      vertex 88.7821 80.1229 0
      vertex 89.311 78.6446 10
      vertex 89.311 78.6446 0
    endloop
  endfacet
  facet normal -0.0490387 0.998797 0
    outer loop
      vertex 16 90 0
      vertex 14.4317 89.923 10
      vertex 16 90 10
    endloop
  endfacet
  facet normal -0.0490387 0.998797 0
    outer loop
      vertex 14.4317 89.923 10
      vertex 16 90 0
      vertex 14.4317 89.923 0
    endloop
  endfacet
  facet normal -0.941541 -0.3369 0
    outer loop
      vertex 1.21793 9.87706 0
      vertex 0.688954 11.3554 10
      vertex 0.688954 11.3554 0
    endloop
  endfacet
  facet normal -0.941541 -0.3369 0
    outer loop
      vertex 0.688954 11.3554 10
      vertex 1.21793 9.87706 0
      vertex 1.21793 9.87706 10
    endloop
  endfacet
  facet normal 0.514084 0.85774 -0
    outer loop
      vertex 82.8891 87.3035 0
      vertex 81.5423 88.1107 10
      vertex 82.8891 87.3035 10
    endloop
  endfacet
  facet normal 0.514084 0.85774 0
    outer loop
      vertex 81.5423 88.1107 10
      vertex 82.8891 87.3035 0
      vertex 81.5423 88.1107 0
    endloop
  endfacet
  facet normal -0.146737 -0.989176 0
    outer loop
      vertex 12.8786 0.307435 0
      vertex 14.4317 0.0770435 10
      vertex 12.8786 0.307435 10
    endloop
  endfacet
  facet normal -0.146737 -0.989176 -0
    outer loop
      vertex 14.4317 0.0770435 10
      vertex 12.8786 0.307435 0
      vertex 14.4317 0.0770435 0
    endloop
  endfacet
  facet normal 0.514098 -0.857732 0
    outer loop
      vertex 81.5423 1.88926 0
      vertex 82.8891 2.69649 10
      vertex 81.5423 1.88926 10
    endloop
  endfacet
  facet normal 0.514098 -0.857732 0
    outer loop
      vertex 82.8891 2.69649 10
      vertex 81.5423 1.88926 0
      vertex 82.8891 2.69649 0
    endloop
  endfacet
  facet normal -0.740946 0.671564 0
    outer loop
      vertex 3.63183 84.1503 0
      vertex 4.68629 85.3137 10
      vertex 4.68629 85.3137 0
    endloop
  endfacet
  facet normal -0.740946 0.671564 0
    outer loop
      vertex 4.68629 85.3137 10
      vertex 3.63183 84.1503 0
      vertex 3.63183 84.1503 10
    endloop
  endfacet
  facet normal -0.243015 0.970023 0
    outer loop
      vertex 12.8786 89.6926 0
      vertex 11.3554 89.311 10
      vertex 12.8786 89.6926 10
    endloop
  endfacet
  facet normal -0.243015 0.970023 0
    outer loop
      vertex 11.3554 89.311 10
      vertex 12.8786 89.6926 0
      vertex 11.3554 89.311 0
    endloop
  endfacet
  facet normal 0.740933 0.671578 0
    outer loop
      vertex 86.3682 84.1503 10
      vertex 85.3137 85.3137 0
      vertex 85.3137 85.3137 10
    endloop
  endfacet
  facet normal 0.740933 0.671578 0
    outer loop
      vertex 85.3137 85.3137 0
      vertex 86.3682 84.1503 10
      vertex 86.3682 84.1503 0
    endloop
  endfacet
  facet normal 0.671578 0.740933 -0
    outer loop
      vertex 85.3137 85.3137 0
      vertex 84.1503 86.3682 10
      vertex 85.3137 85.3137 10
    endloop
  endfacet
  facet normal 0.671578 0.740933 0
    outer loop
      vertex 84.1503 86.3682 10
      vertex 85.3137 85.3137 0
      vertex 84.1503 86.3682 0
    endloop
  endfacet
  facet normal 0.803222 -0.59568 0
    outer loop
      vertex 86.3682 5.84971 10
      vertex 87.3035 7.11088 0
      vertex 87.3035 7.11088 10
    endloop
  endfacet
  facet normal 0.803222 -0.59568 0
    outer loop
      vertex 87.3035 7.11088 0
      vertex 86.3682 5.84971 10
      vertex 86.3682 5.84971 0
    endloop
  endfacet
  facet normal 0.85774 0.514084 0
    outer loop
      vertex 88.1107 81.5423 10
      vertex 87.3035 82.8891 0
      vertex 87.3035 82.8891 10
    endloop
  endfacet
  facet normal 0.85774 0.514084 0
    outer loop
      vertex 87.3035 82.8891 0
      vertex 88.1107 81.5423 10
      vertex 88.1107 81.5423 0
    endloop
  endfacet
  facet normal -0.146743 0.989175 0
    outer loop
      vertex 14.4317 89.923 0
      vertex 12.8786 89.6926 10
      vertex 14.4317 89.923 10
    endloop
  endfacet
  facet normal -0.146743 0.989175 0
    outer loop
      vertex 12.8786 89.6926 10
      vertex 14.4317 89.923 0
      vertex 12.8786 89.6926 0
    endloop
  endfacet
  facet normal -0.336857 0.941556 0
    outer loop
      vertex 11.3554 89.311 0
      vertex 9.87706 88.7821 10
      vertex 11.3554 89.311 10
    endloop
  endfacet
  facet normal -0.336857 0.941556 0
    outer loop
      vertex 9.87706 88.7821 10
      vertex 11.3554 89.311 0
      vertex 9.87706 88.7821 0
    endloop
  endfacet
  facet normal 0.595671 0.803229 -0
    outer loop
      vertex 84.1503 86.3682 0
      vertex 82.8891 87.3035 10
      vertex 84.1503 86.3682 10
    endloop
  endfacet
  facet normal 0.595671 0.803229 0
    outer loop
      vertex 82.8891 87.3035 10
      vertex 84.1503 86.3682 0
      vertex 82.8891 87.3035 0
    endloop
  endfacet
  facet normal -0.80321 -0.595696 0
    outer loop
      vertex 3.63183 5.84971 0
      vertex 2.69649 7.11088 10
      vertex 2.69649 7.11088 0
    endloop
  endfacet
  facet normal -0.80321 -0.595696 0
    outer loop
      vertex 2.69649 7.11088 10
      vertex 3.63183 5.84971 0
      vertex 3.63183 5.84971 10
    endloop
  endfacet
  facet normal 0.595687 -0.803217 0
    outer loop
      vertex 82.8891 2.69649 0
      vertex 84.1503 3.63183 10
      vertex 82.8891 2.69649 10
    endloop
  endfacet
  facet normal 0.595687 -0.803217 0
    outer loop
      vertex 84.1503 3.63183 10
      vertex 82.8891 2.69649 0
      vertex 84.1503 3.63183 0
    endloop
  endfacet
  facet normal -0.0490663 -0.998796 0
    outer loop
      vertex 14.4317 0.0770435 0
      vertex 16 0 10
      vertex 14.4317 0.0770435 10
    endloop
  endfacet
  facet normal -0.0490663 -0.998796 -0
    outer loop
      vertex 16 0 10
      vertex 14.4317 0.0770435 0
      vertex 16 0 0
    endloop
  endfacet
  facet normal 0.243015 0.970023 -0
    outer loop
      vertex 78.6446 89.311 0
      vertex 77.1214 89.6926 10
      vertex 78.6446 89.311 10
    endloop
  endfacet
  facet normal 0.243015 0.970023 0
    outer loop
      vertex 77.1214 89.6926 10
      vertex 78.6446 89.311 0
      vertex 77.1214 89.6926 0
    endloop
  endfacet
  facet normal -0.595696 -0.80321 0
    outer loop
      vertex 5.84971 3.63183 0
      vertex 7.11088 2.69649 10
      vertex 5.84971 3.63183 10
    endloop
  endfacet
  facet normal -0.595696 -0.80321 -0
    outer loop
      vertex 7.11088 2.69649 10
      vertex 5.84971 3.63183 0
      vertex 7.11088 2.69649 0
    endloop
  endfacet
  facet normal 0.803229 0.595671 0
    outer loop
      vertex 87.3035 82.8891 10
      vertex 86.3682 84.1503 0
      vertex 86.3682 84.1503 10
    endloop
  endfacet
  facet normal 0.803229 0.595671 0
    outer loop
      vertex 86.3682 84.1503 0
      vertex 87.3035 82.8891 10
      vertex 87.3035 82.8891 0
    endloop
  endfacet
  facet normal -0.803217 0.595687 0
    outer loop
      vertex 2.69649 82.8891 0
      vertex 3.63183 84.1503 10
      vertex 3.63183 84.1503 0
    endloop
  endfacet
  facet normal -0.803217 0.595687 0
    outer loop
      vertex 3.63183 84.1503 10
      vertex 2.69649 82.8891 0
      vertex 2.69649 82.8891 10
    endloop
  endfacet
  facet normal -0.242967 -0.970035 0
    outer loop
      vertex 11.3554 0.688954 0
      vertex 12.8786 0.307435 10
      vertex 11.3554 0.688954 10
    endloop
  endfacet
  facet normal -0.242967 -0.970035 -0
    outer loop
      vertex 12.8786 0.307435 10
      vertex 11.3554 0.688954 0
      vertex 12.8786 0.307435 0
    endloop
  endfacet
  facet normal -0.427555 -0.90399 0
    outer loop
      vertex 8.45765 1.88926 0
      vertex 9.87706 1.21793 10
      vertex 8.45765 1.88926 10
    endloop
  endfacet
  facet normal -0.427555 -0.90399 -0
    outer loop
      vertex 9.87706 1.21793 10
      vertex 8.45765 1.88926 0
      vertex 9.87706 1.21793 0
    endloop
  endfacet
  facet normal -0.671558 -0.740952 0
    outer loop
      vertex 4.68629 4.68629 0
      vertex 5.84971 3.63183 10
      vertex 4.68629 4.68629 10
    endloop
  endfacet
  facet normal -0.671558 -0.740952 -0
    outer loop
      vertex 5.84971 3.63183 10
      vertex 4.68629 4.68629 0
      vertex 5.84971 3.63183 0
    endloop
  endfacet
  facet normal 0.903971 0.427594 0
    outer loop
      vertex 88.7821 80.1229 10
      vertex 88.1107 81.5423 0
      vertex 88.1107 81.5423 10
    endloop
  endfacet
  facet normal 0.903971 0.427594 0
    outer loop
      vertex 88.1107 81.5423 0
      vertex 88.7821 80.1229 10
      vertex 88.7821 80.1229 0
    endloop
  endfacet
  facet normal 0.242967 -0.970035 0
    outer loop
      vertex 77.1214 0.307435 0
      vertex 78.6446 0.688954 10
      vertex 77.1214 0.307435 10
    endloop
  endfacet
  facet normal 0.242967 -0.970035 0
    outer loop
      vertex 78.6446 0.688954 10
      vertex 77.1214 0.307435 0
      vertex 78.6446 0.688954 0
    endloop
  endfacet
  facet normal 0.941556 -0.336857 0
    outer loop
      vertex 88.7821 9.87706 10
      vertex 89.311 11.3554 0
      vertex 89.311 11.3554 10
    endloop
  endfacet
  facet normal 0.941556 -0.336857 0
    outer loop
      vertex 89.311 11.3554 0
      vertex 88.7821 9.87706 10
      vertex 88.7821 9.87706 0
    endloop
  endfacet
  facet normal 0.857735 -0.514092 0
    outer loop
      vertex 87.3035 7.11088 10
      vertex 88.1107 8.45765 0
      vertex 88.1107 8.45765 10
    endloop
  endfacet
  facet normal 0.857735 -0.514092 0
    outer loop
      vertex 88.1107 8.45765 0
      vertex 87.3035 7.11088 10
      vertex 87.3035 7.11088 0
    endloop
  endfacet
  facet normal 0.970023 0.243015 0
    outer loop
      vertex 89.6926 77.1214 10
      vertex 89.311 78.6446 0
      vertex 89.311 78.6446 10
    endloop
  endfacet
  facet normal 0.970023 0.243015 0
    outer loop
      vertex 89.311 78.6446 0
      vertex 89.6926 77.1214 10
      vertex 89.6926 77.1214 0
    endloop
  endfacet
  facet normal -0.90399 -0.427555 0
    outer loop
      vertex 1.88926 8.45765 0
      vertex 1.21793 9.87706 10
      vertex 1.21793 9.87706 0
    endloop
  endfacet
  facet normal -0.90399 -0.427555 0
    outer loop
      vertex 1.21793 9.87706 10
      vertex 1.88926 8.45765 0
      vertex 1.88926 8.45765 10
    endloop
  endfacet
  facet normal 0.427557 -0.903988 0
    outer loop
      vertex 80.1229 1.21793 0
      vertex 81.5423 1.88926 10
      vertex 80.1229 1.21793 10
    endloop
  endfacet
  facet normal 0.427557 -0.903988 0
    outer loop
      vertex 81.5423 1.88926 10
      vertex 80.1229 1.21793 0
      vertex 81.5423 1.88926 0
    endloop
  endfacet
  facet normal 0.671564 -0.740946 0
    outer loop
      vertex 84.1503 3.63183 0
      vertex 85.3137 4.68629 10
      vertex 84.1503 3.63183 10
    endloop
  endfacet
  facet normal 0.671564 -0.740946 0
    outer loop
      vertex 85.3137 4.68629 10
      vertex 84.1503 3.63183 0
      vertex 85.3137 4.68629 0
    endloop
  endfacet
  facet normal 0 0 -1
    outer loop
      vertex 86.5374 15.1258 0
      vertex 90 16 0
      vertex 89.923 14.4317 0
    endloop
  endfacet
  facet normal 0 0 -1
    outer loop
      vertex 90 16 0
      vertex 86.6 16.4 0
      vertex 90 74 0
    endloop
  endfacet
  facet normal 0 0 -1
    outer loop
      vertex 86.3502 13.8638 0
      vertex 89.923 14.4317 0
      vertex 89.6926 12.8786 0
    endloop
  endfacet
  facet normal 0 0 -1
    outer loop
      vertex 86.6 73.6 0
      vertex 90 74 0
      vertex 86.6 16.4 0
    endloop
  endfacet
  facet normal 0 0 -1
    outer loop
      vertex 86.0402 12.6263 0
      vertex 89.6926 12.8786 0
      vertex 89.311 11.3554 0
    endloop
  endfacet
  facet normal 0 0 -1
    outer loop
      vertex 86.5374 74.8742 0
      vertex 90 74 0
      vertex 86.6 73.6 0
    endloop
  endfacet
  facet normal 0 0 -1
    outer loop
      vertex 85.6104 11.4251 0
      vertex 89.311 11.3554 0
      vertex 88.7821 9.87706 0
    endloop
  endfacet
  facet normal 0 0 -1
    outer loop
      vertex 90 74 0
      vertex 86.5374 74.8742 0
      vertex 89.923 75.5683 0
    endloop
  endfacet
  facet normal 0 0 -1
    outer loop
      vertex 85.065 10.2718 0
      vertex 88.7821 9.87706 0
      vertex 88.1107 8.45765 0
    endloop
  endfacet
  facet normal 0 0 -1
    outer loop
      vertex 86.3502 76.1362 0
      vertex 89.923 75.5683 0
      vertex 86.5374 74.8742 0
    endloop
  endfacet
  facet normal 0 0 -1
    outer loop
      vertex 84.4091 9.17759 0
      vertex 88.1107 8.45765 0
      vertex 87.3035 7.11088 0
    endloop
  endfacet
  facet normal 0 0 -1
    outer loop
      vertex 89.923 75.5683 0
      vertex 86.3502 76.1362 0
      vertex 89.6926 77.1214 0
    endloop
  endfacet
  facet normal 0 0 -1
    outer loop
      vertex 86.0402 77.3737 0
      vertex 89.6926 77.1214 0
      vertex 86.3502 76.1362 0
    endloop
  endfacet
  facet normal -0 0 -1
    outer loop
      vertex 90 16 0
      vertex 86.5374 15.1258 0
      vertex 86.6 16.4 0
    endloop
  endfacet
  facet normal 0 0 -1
    outer loop
      vertex 83.6491 8.15289 0
      vertex 87.3035 7.11088 0
      vertex 86.3682 5.84971 0
    endloop
  endfacet
  facet normal -0 0 -1
    outer loop
      vertex 89.923 14.4317 0
      vertex 86.3502 13.8638 0
      vertex 86.5374 15.1258 0
    endloop
  endfacet
  facet normal -0 0 -1
    outer loop
      vertex 89.6926 12.8786 0
      vertex 86.0402 12.6263 0
      vertex 86.3502 13.8638 0
    endloop
  endfacet
  facet normal 0 0 -1
    outer loop
      vertex 89.311 11.3554 0
      vertex 85.6104 11.4251 0
      vertex 86.0402 12.6263 0
    endloop
  endfacet
  facet normal 0 0 -1
    outer loop
      vertex 82.7924 7.20761 0
      vertex 86.3682 5.84971 0
      vertex 85.3137 4.68629 0
    endloop
  endfacet
  facet normal 0 0 -1
    outer loop
      vertex 88.7821 9.87706 0
      vertex 85.065 10.2718 0
      vertex 85.6104 11.4251 0
    endloop
  endfacet
  facet normal 0 0 -1
    outer loop
      vertex 88.1107 8.45765 0
      vertex 84.4091 9.17759 0
      vertex 85.065 10.2718 0
    endloop
  endfacet
  facet normal 0 0 -1
    outer loop
      vertex 82.7924 7.20761 0
      vertex 85.3137 4.68629 0
      vertex 84.1503 3.63183 0
    endloop
  endfacet
  facet normal 0 0 -1
    outer loop
      vertex 87.3035 7.11088 0
      vertex 83.6491 8.15289 0
      vertex 84.4091 9.17759 0
    endloop
  endfacet
  facet normal 0 0 -1
    outer loop
      vertex 81.8471 6.35086 0
      vertex 84.1503 3.63183 0
      vertex 82.8891 2.69649 0
    endloop
  endfacet
  facet normal 0 0 -1
    outer loop
      vertex 86.3682 5.84971 0
      vertex 82.7924 7.20761 0
      vertex 83.6491 8.15289 0
    endloop
  endfacet
  facet normal 0 0 -1
    outer loop
      vertex 84.1503 3.63183 0
      vertex 81.8471 6.35086 0
      vertex 82.7924 7.20761 0
    endloop
  endfacet
  facet normal 0 0 -1
    outer loop
      vertex 80.8224 5.59089 0
      vertex 82.8891 2.69649 0
      vertex 81.5423 1.88926 0
    endloop
  endfacet
  facet normal 0 0 -1
    outer loop
      vertex 82.8891 2.69649 0
      vertex 80.8224 5.59089 0
      vertex 81.8471 6.35086 0
    endloop
  endfacet
  facet normal 0 0 -1
    outer loop
      vertex 79.7282 4.93502 0
      vertex 81.5423 1.88926 0
      vertex 80.1229 1.21793 0
    endloop
  endfacet
  facet normal 0 0 -1
    outer loop
      vertex 81.5423 1.88926 0
      vertex 79.7282 4.93502 0
      vertex 80.8224 5.59089 0
    endloop
  endfacet
  facet normal 0 0 -1
    outer loop
      vertex 78.5749 4.38957 0
      vertex 80.1229 1.21793 0
      vertex 78.6446 0.688954 0
    endloop
  endfacet
  facet normal 0 0 -1
    outer loop
      vertex 80.1229 1.21793 0
      vertex 78.5749 4.38957 0
      vertex 79.7282 4.93502 0
    endloop
  endfacet
  facet normal 0 0 -1
    outer loop
      vertex 78.6446 0.688954 0
      vertex 77.3737 3.95978 0
      vertex 78.5749 4.38957 0
    endloop
  endfacet
  facet normal 0 0 -1
    outer loop
      vertex 77.1214 0.307435 0
      vertex 77.3737 3.95978 0
      vertex 78.6446 0.688954 0
    endloop
  endfacet
  facet normal 0 0 -1
    outer loop
      vertex 77.1214 0.307435 0
      vertex 76.1362 3.64979 0
      vertex 77.3737 3.95978 0
    endloop
  endfacet
  facet normal 0 0 -1
    outer loop
      vertex 75.5683 0.0770435 0
      vertex 76.1362 3.64979 0
      vertex 77.1214 0.307435 0
    endloop
  endfacet
  facet normal 0 0 -1
    outer loop
      vertex 75.5683 0.0770435 0
      vertex 74.8742 3.4626 0
      vertex 76.1362 3.64979 0
    endloop
  endfacet
  facet normal 0 0 -1
    outer loop
      vertex 74 0 0
      vertex 74.8742 3.4626 0
      vertex 75.5683 0.0770435 0
    endloop
  endfacet
  facet normal 0 0 -1
    outer loop
      vertex 74 0 0
      vertex 73.6 3.4 0
      vertex 74.8742 3.4626 0
    endloop
  endfacet
  facet normal 0 0 -1
    outer loop
      vertex 74 0 0
      vertex 16.4 3.4 0
      vertex 73.6 3.4 0
    endloop
  endfacet
  facet normal 0 0 -1
    outer loop
      vertex 16 0 0
      vertex 16.4 3.4 0
      vertex 74 0 0
    endloop
  endfacet
  facet normal 0 0 -1
    outer loop
      vertex 16 0 0
      vertex 15.1258 3.4626 0
      vertex 16.4 3.4 0
    endloop
  endfacet
  facet normal 0 0 -1
    outer loop
      vertex 14.4317 0.0770435 0
      vertex 15.1258 3.4626 0
      vertex 16 0 0
    endloop
  endfacet
  facet normal 0 0 -1
    outer loop
      vertex 14.4317 0.0770435 0
      vertex 13.8638 3.64979 0
      vertex 15.1258 3.4626 0
    endloop
  endfacet
  facet normal 0 0 -1
    outer loop
      vertex 12.8786 0.307435 0
      vertex 13.8638 3.64979 0
      vertex 14.4317 0.0770435 0
    endloop
  endfacet
  facet normal 0 0 -1
    outer loop
      vertex 12.8786 0.307435 0
      vertex 12.6263 3.95978 0
      vertex 13.8638 3.64979 0
    endloop
  endfacet
  facet normal 0 0 -1
    outer loop
      vertex 11.3554 0.688954 0
      vertex 12.6263 3.95978 0
      vertex 12.8786 0.307435 0
    endloop
  endfacet
  facet normal -0 0 -1
    outer loop
      vertex 12.6263 3.95978 0
      vertex 11.3554 0.688954 0
      vertex 11.4251 4.38957 0
    endloop
  endfacet
  facet normal 0 0 -1
    outer loop
      vertex 9.87706 1.21793 0
      vertex 11.4251 4.38957 0
      vertex 11.3554 0.688954 0
    endloop
  endfacet
  facet normal -0 0 -1
    outer loop
      vertex 11.4251 4.38957 0
      vertex 9.87706 1.21793 0
      vertex 10.2718 4.93502 0
    endloop
  endfacet
  facet normal 0 0 -1
    outer loop
      vertex 8.45765 1.88926 0
      vertex 10.2718 4.93502 0
      vertex 9.87706 1.21793 0
    endloop
  endfacet
  facet normal -0 0 -1
    outer loop
      vertex 10.2718 4.93502 0
      vertex 8.45765 1.88926 0
      vertex 9.17759 5.59089 0
    endloop
  endfacet
  facet normal 0 0 -1
    outer loop
      vertex 7.11088 2.69649 0
      vertex 9.17759 5.59089 0
      vertex 8.45765 1.88926 0
    endloop
  endfacet
  facet normal -0 0 -1
    outer loop
      vertex 9.17759 5.59089 0
      vertex 7.11088 2.69649 0
      vertex 8.15289 6.35086 0
    endloop
  endfacet
  facet normal 0 0 -1
    outer loop
      vertex 5.84971 3.63183 0
      vertex 8.15289 6.35086 0
      vertex 7.11088 2.69649 0
    endloop
  endfacet
  facet normal -0 0 -1
    outer loop
      vertex 8.15289 6.35086 0
      vertex 5.84971 3.63183 0
      vertex 7.20761 7.20761 0
    endloop
  endfacet
  facet normal 0 0 -1
    outer loop
      vertex 4.68629 4.68629 0
      vertex 7.20761 7.20761 0
      vertex 5.84971 3.63183 0
    endloop
  endfacet
  facet normal 0 0 -1
    outer loop
      vertex 3.63183 5.84971 0
      vertex 7.20761 7.20761 0
      vertex 4.68629 4.68629 0
    endloop
  endfacet
  facet normal -0 0 -1
    outer loop
      vertex 7.20761 7.20761 0
      vertex 3.63183 5.84971 0
      vertex 6.35086 8.15289 0
    endloop
  endfacet
  facet normal 0 0 -1
    outer loop
      vertex 2.69649 7.11088 0
      vertex 6.35086 8.15289 0
      vertex 3.63183 5.84971 0
    endloop
  endfacet
  facet normal -0 0 -1
    outer loop
      vertex 6.35086 8.15289 0
      vertex 2.69649 7.11088 0
      vertex 5.59089 9.17759 0
    endloop
  endfacet
  facet normal 0 0 -1
    outer loop
      vertex 1.88926 8.45765 0
      vertex 5.59089 9.17759 0
      vertex 2.69649 7.11088 0
    endloop
  endfacet
  facet normal -0 0 -1
    outer loop
      vertex 5.59089 9.17759 0
      vertex 1.88926 8.45765 0
      vertex 4.93502 10.2718 0
    endloop
  endfacet
  facet normal 0 0 -1
    outer loop
      vertex 1.21793 9.87706 0
      vertex 4.93502 10.2718 0
      vertex 1.88926 8.45765 0
    endloop
  endfacet
  facet normal -0 0 -1
    outer loop
      vertex 4.93502 10.2718 0
      vertex 1.21793 9.87706 0
      vertex 4.38957 11.4251 0
    endloop
  endfacet
  facet normal 0 0 -1
    outer loop
      vertex 0.688954 11.3554 0
      vertex 4.38957 11.4251 0
      vertex 1.21793 9.87706 0
    endloop
  endfacet
  facet normal 0 0 -1
    outer loop
      vertex 0.307435 12.8786 0
      vertex 3.95978 12.6263 0
      vertex 0.688954 11.3554 0
    endloop
  endfacet
  facet normal -0 0 -1
    outer loop
      vertex 4.38957 11.4251 0
      vertex 0.688954 11.3554 0
      vertex 3.95978 12.6263 0
    endloop
  endfacet
  facet normal 0 0 -1
    outer loop
      vertex 89.6926 77.1214 0
      vertex 86.0402 77.3737 0
      vertex 89.311 78.6446 0
    endloop
  endfacet
  facet normal 0 0 -1
    outer loop
      vertex 85.6104 78.5749 0
      vertex 89.311 78.6446 0
      vertex 86.0402 77.3737 0
    endloop
  endfacet
  facet normal -0 0 -1
    outer loop
      vertex 89.311 78.6446 0
      vertex 85.6104 78.5749 0
      vertex 88.7821 80.1229 0
    endloop
  endfacet
  facet normal 0 0 -1
    outer loop
      vertex 85.065 79.7282 0
      vertex 88.7821 80.1229 0
      vertex 85.6104 78.5749 0
    endloop
  endfacet
  facet normal -0 0 -1
    outer loop
      vertex 88.7821 80.1229 0
      vertex 85.065 79.7282 0
      vertex 88.1107 81.5423 0
    endloop
  endfacet
  facet normal 0 0 -1
    outer loop
      vertex 84.4091 80.8224 0
      vertex 88.1107 81.5423 0
      vertex 85.065 79.7282 0
    endloop
  endfacet
  facet normal -0 0 -1
    outer loop
      vertex 88.1107 81.5423 0
      vertex 84.4091 80.8224 0
      vertex 87.3035 82.8891 0
    endloop
  endfacet
  facet normal 0 0 -1
    outer loop
      vertex 83.6491 81.8471 0
      vertex 87.3035 82.8891 0
      vertex 84.4091 80.8224 0
    endloop
  endfacet
  facet normal -0 0 -1
    outer loop
      vertex 87.3035 82.8891 0
      vertex 83.6491 81.8471 0
      vertex 86.3682 84.1503 0
    endloop
  endfacet
  facet normal 0 0 -1
    outer loop
      vertex 82.7924 82.7924 0
      vertex 86.3682 84.1503 0
      vertex 83.6491 81.8471 0
    endloop
  endfacet
  facet normal -0 0 -1
    outer loop
      vertex 86.3682 84.1503 0
      vertex 82.7924 82.7924 0
      vertex 85.3137 85.3137 0
    endloop
  endfacet
  facet normal -0 0 -1
    outer loop
      vertex 85.3137 85.3137 0
      vertex 82.7924 82.7924 0
      vertex 84.1503 86.3682 0
    endloop
  endfacet
  facet normal 0 0 -1
    outer loop
      vertex 81.8471 83.6491 0
      vertex 84.1503 86.3682 0
      vertex 82.7924 82.7924 0
    endloop
  endfacet
  facet normal -0 0 -1
    outer loop
      vertex 84.1503 86.3682 0
      vertex 81.8471 83.6491 0
      vertex 82.8891 87.3035 0
    endloop
  endfacet
  facet normal 0 0 -1
    outer loop
      vertex 80.8224 84.4091 0
      vertex 82.8891 87.3035 0
      vertex 81.8471 83.6491 0
    endloop
  endfacet
  facet normal -0 0 -1
    outer loop
      vertex 82.8891 87.3035 0
      vertex 80.8224 84.4091 0
      vertex 81.5423 88.1107 0
    endloop
  endfacet
  facet normal 0 0 -1
    outer loop
      vertex 79.7282 85.065 0
      vertex 81.5423 88.1107 0
      vertex 80.8224 84.4091 0
    endloop
  endfacet
  facet normal -0 0 -1
    outer loop
      vertex 81.5423 88.1107 0
      vertex 79.7282 85.065 0
      vertex 80.1229 88.7821 0
    endloop
  endfacet
  facet normal 0 0 -1
    outer loop
      vertex 78.5749 85.6104 0
      vertex 80.1229 88.7821 0
      vertex 79.7282 85.065 0
    endloop
  endfacet
  facet normal -0 0 -1
    outer loop
      vertex 80.1229 88.7821 0
      vertex 78.5749 85.6104 0
      vertex 78.6446 89.311 0
    endloop
  endfacet
  facet normal 0 0 -1
    outer loop
      vertex 77.3737 86.0402 0
      vertex 78.6446 89.311 0
      vertex 78.5749 85.6104 0
    endloop
  endfacet
  facet normal 0 0 -1
    outer loop
      vertex 77.3737 86.0402 0
      vertex 77.1214 89.6926 0
      vertex 78.6446 89.311 0
    endloop
  endfacet
  facet normal 0 0 -1
    outer loop
      vertex 76.1362 86.3502 0
      vertex 77.1214 89.6926 0
      vertex 77.3737 86.0402 0
    endloop
  endfacet
  facet normal 0 0 -1
    outer loop
      vertex 76.1362 86.3502 0
      vertex 75.5683 89.923 0
      vertex 77.1214 89.6926 0
    endloop
  endfacet
  facet normal 0 0 -1
    outer loop
      vertex 74.8742 86.5374 0
      vertex 75.5683 89.923 0
      vertex 76.1362 86.3502 0
    endloop
  endfacet
  facet normal 0 0 -1
    outer loop
      vertex 74.8742 86.5374 0
      vertex 74 90 0
      vertex 75.5683 89.923 0
    endloop
  endfacet
  facet normal 0 0 -1
    outer loop
      vertex 73.6 86.6 0
      vertex 74 90 0
      vertex 74.8742 86.5374 0
    endloop
  endfacet
  facet normal 0 0 -1
    outer loop
      vertex 16.4 86.6 0
      vertex 74 90 0
      vertex 73.6 86.6 0
    endloop
  endfacet
  facet normal 0 0 -1
    outer loop
      vertex 16.4 86.6 0
      vertex 16 90 0
      vertex 74 90 0
    endloop
  endfacet
  facet normal 0 0 -1
    outer loop
      vertex 15.1258 86.5374 0
      vertex 16 90 0
      vertex 16.4 86.6 0
    endloop
  endfacet
  facet normal 0 0 -1
    outer loop
      vertex 15.1258 86.5374 0
      vertex 14.4317 89.923 0
      vertex 16 90 0
    endloop
  endfacet
  facet normal 0 0 -1
    outer loop
      vertex 13.8638 86.3502 0
      vertex 14.4317 89.923 0
      vertex 15.1258 86.5374 0
    endloop
  endfacet
  facet normal 0 0 -1
    outer loop
      vertex 13.8638 86.3502 0
      vertex 12.8786 89.6926 0
      vertex 14.4317 89.923 0
    endloop
  endfacet
  facet normal 0 0 -1
    outer loop
      vertex 12.6263 86.0402 0
      vertex 12.8786 89.6926 0
      vertex 13.8638 86.3502 0
    endloop
  endfacet
  facet normal 0 0 -1
    outer loop
      vertex 11.3554 89.311 0
      vertex 12.6263 86.0402 0
      vertex 11.4251 85.6104 0
    endloop
  endfacet
  facet normal 0 0 -1
    outer loop
      vertex 12.6263 86.0402 0
      vertex 11.3554 89.311 0
      vertex 12.8786 89.6926 0
    endloop
  endfacet
  facet normal 0 0 -1
    outer loop
      vertex 9.87706 88.7821 0
      vertex 11.4251 85.6104 0
      vertex 10.2718 85.065 0
    endloop
  endfacet
  facet normal 0 0 -1
    outer loop
      vertex 11.4251 85.6104 0
      vertex 9.87706 88.7821 0
      vertex 11.3554 89.311 0
    endloop
  endfacet
  facet normal 0 0 -1
    outer loop
      vertex 8.45765 88.1107 0
      vertex 10.2718 85.065 0
      vertex 9.17759 84.4091 0
    endloop
  endfacet
  facet normal 0 0 -1
    outer loop
      vertex 10.2718 85.065 0
      vertex 8.45765 88.1107 0
      vertex 9.87706 88.7821 0
    endloop
  endfacet
  facet normal 0 0 -1
    outer loop
      vertex 7.11088 87.3035 0
      vertex 9.17759 84.4091 0
      vertex 8.15289 83.6491 0
    endloop
  endfacet
  facet normal 0 0 -1
    outer loop
      vertex 5.84971 86.3682 0
      vertex 8.15289 83.6491 0
      vertex 7.20761 82.7924 0
    endloop
  endfacet
  facet normal 0 0 -1
    outer loop
      vertex 9.17759 84.4091 0
      vertex 7.11088 87.3035 0
      vertex 8.45765 88.1107 0
    endloop
  endfacet
  facet normal 0 0 -1
    outer loop
      vertex 3.63183 84.1503 0
      vertex 7.20761 82.7924 0
      vertex 6.35086 81.8471 0
    endloop
  endfacet
  facet normal 0 0 -1
    outer loop
      vertex 8.15289 83.6491 0
      vertex 5.84971 86.3682 0
      vertex 7.11088 87.3035 0
    endloop
  endfacet
  facet normal 0 0 -1
    outer loop
      vertex 2.69649 82.8891 0
      vertex 6.35086 81.8471 0
      vertex 5.59089 80.8224 0
    endloop
  endfacet
  facet normal 0 0 -1
    outer loop
      vertex 1.88926 81.5423 0
      vertex 5.59089 80.8224 0
      vertex 4.93502 79.7282 0
    endloop
  endfacet
  facet normal 0 0 -1
    outer loop
      vertex 7.20761 82.7924 0
      vertex 4.68629 85.3137 0
      vertex 5.84971 86.3682 0
    endloop
  endfacet
  facet normal 0 0 -1
    outer loop
      vertex 1.21793 80.1229 0
      vertex 4.93502 79.7282 0
      vertex 4.38957 78.5749 0
    endloop
  endfacet
  facet normal 0 0 -1
    outer loop
      vertex 0.688954 78.6446 0
      vertex 4.38957 78.5749 0
      vertex 3.95978 77.3737 0
    endloop
  endfacet
  facet normal 0 0 -1
    outer loop
      vertex 0.307435 77.1214 0
      vertex 3.95978 77.3737 0
      vertex 3.64979 76.1362 0
    endloop
  endfacet
  facet normal 0 0 -1
    outer loop
      vertex 7.20761 82.7924 0
      vertex 3.63183 84.1503 0
      vertex 4.68629 85.3137 0
    endloop
  endfacet
  facet normal 0 0 -1
    outer loop
      vertex 0.0770435 75.5683 0
      vertex 3.64979 76.1362 0
      vertex 3.4626 74.8742 0
    endloop
  endfacet
  facet normal 0 0 -1
    outer loop
      vertex 0 74 0
      vertex 3.4626 74.8742 0
      vertex 3.4 73.6 0
    endloop
  endfacet
  facet normal 0 0 -1
    outer loop
      vertex 6.35086 81.8471 0
      vertex 2.69649 82.8891 0
      vertex 3.63183 84.1503 0
    endloop
  endfacet
  facet normal -0 0 -1
    outer loop
      vertex 3.4 16.4 0
      vertex 0 16 0
      vertex 3.4 73.6 0
    endloop
  endfacet
  facet normal 0 0 -1
    outer loop
      vertex 3.95978 12.6263 0
      vertex 0.307435 12.8786 0
      vertex 3.64979 13.8638 0
    endloop
  endfacet
  facet normal 0 0 -1
    outer loop
      vertex 0 74 0
      vertex 3.4 73.6 0
      vertex 0 16 0
    endloop
  endfacet
  facet normal 0 0 -1
    outer loop
      vertex 0.0770435 14.4317 0
      vertex 3.64979 13.8638 0
      vertex 0.307435 12.8786 0
    endloop
  endfacet
  facet normal -0 0 -1
    outer loop
      vertex 3.4626 74.8742 0
      vertex 0 74 0
      vertex 0.0770435 75.5683 0
    endloop
  endfacet
  facet normal 0 0 -1
    outer loop
      vertex 3.64979 13.8638 0
      vertex 0.0770435 14.4317 0
      vertex 3.4626 15.1258 0
    endloop
  endfacet
  facet normal 0 0 -1
    outer loop
      vertex 5.59089 80.8224 0
      vertex 1.88926 81.5423 0
      vertex 2.69649 82.8891 0
    endloop
  endfacet
  facet normal 0 0 -1
    outer loop
      vertex 0 16 0
      vertex 3.4626 15.1258 0
      vertex 0.0770435 14.4317 0
    endloop
  endfacet
  facet normal 0 0 -1
    outer loop
      vertex 4.93502 79.7282 0
      vertex 1.21793 80.1229 0
      vertex 1.88926 81.5423 0
    endloop
  endfacet
  facet normal 0 0 -1
    outer loop
      vertex 3.4626 15.1258 0
      vertex 0 16 0
      vertex 3.4 16.4 0
    endloop
  endfacet
  facet normal 0 0 -1
    outer loop
      vertex 4.38957 78.5749 0
      vertex 0.688954 78.6446 0
      vertex 1.21793 80.1229 0
    endloop
  endfacet
  facet normal -0 0 -1
    outer loop
      vertex 3.95978 77.3737 0
      vertex 0.307435 77.1214 0
      vertex 0.688954 78.6446 0
    endloop
  endfacet
  facet normal -0 0 -1
    outer loop
      vertex 3.64979 76.1362 0
      vertex 0.0770435 75.5683 0
      vertex 0.307435 77.1214 0
    endloop
  endfacet
  facet normal -0 0 -1
    outer loop
      vertex 15.6081 30.304 0
      vertex 4.6 16.4 0
      vertex 15.607 30.3051 0
    endloop
  endfacet
  facet normal 0 0 -1
    outer loop
      vertex 14.806 32 0
      vertex 14.5923 76.8432 0
      vertex 14.6 77 0
    endloop
  endfacet
  facet normal -0 0 -1
    outer loop
      vertex 15.607 30.3051 0
      vertex 4.6 16.4 0
      vertex 15.4486 30.4486 0
    endloop
  endfacet
  facet normal 0 0 -1
    outer loop
      vertex 14.806 32 0
      vertex 14.5693 76.6879 0
      vertex 14.5923 76.8432 0
    endloop
  endfacet
  facet normal -0 0 -1
    outer loop
      vertex 15.4486 30.4486 0
      vertex 4.6 16.4 0
      vertex 15.3051 30.607 0
    endloop
  endfacet
  facet normal 0 0 -1
    outer loop
      vertex 14.806 32 0
      vertex 14.5311 76.5355 0
      vertex 14.5693 76.6879 0
    endloop
  endfacet
  facet normal -0 0 -1
    outer loop
      vertex 15.3051 30.607 0
      vertex 4.6 16.4 0
      vertex 15.304 30.6081 0
    endloop
  endfacet
  facet normal 0 0 -1
    outer loop
      vertex 14.806 32 0
      vertex 14.4782 76.3877 0
      vertex 14.5311 76.5355 0
    endloop
  endfacet
  facet normal -0 0 -1
    outer loop
      vertex 15.304 30.6081 0
      vertex 4.6 16.4 0
      vertex 15.3031 30.6094 0
    endloop
  endfacet
  facet normal 0 0 -1
    outer loop
      vertex 14.806 32 0
      vertex 14.4111 76.2458 0
      vertex 14.4782 76.3877 0
    endloop
  endfacet
  facet normal -0 0 -1
    outer loop
      vertex 15.3031 30.6094 0
      vertex 4.6 16.4 0
      vertex 15.1758 30.7811 0
    endloop
  endfacet
  facet normal 0 0 -1
    outer loop
      vertex 14.806 32 0
      vertex 14.3304 76.1111 0
      vertex 14.4111 76.2458 0
    endloop
  endfacet
  facet normal -0 0 -1
    outer loop
      vertex 15.1758 30.7811 0
      vertex 4.6 16.4 0
      vertex 15.0659 30.9644 0
    endloop
  endfacet
  facet normal 0 0 -1
    outer loop
      vertex 14.806 32 0
      vertex 14.2368 75.985 0
      vertex 14.3304 76.1111 0
    endloop
  endfacet
  facet normal -0 0 -1
    outer loop
      vertex 15.0659 30.9644 0
      vertex 4.6 16.4 0
      vertex 15.0651 30.9658 0
    endloop
  endfacet
  facet normal 0 0 -1
    outer loop
      vertex 14.806 32 0
      vertex 14.1314 75.8686 0
      vertex 14.2368 75.985 0
    endloop
  endfacet
  facet normal -0 0 -1
    outer loop
      vertex 15.0651 30.9658 0
      vertex 4.6 16.4 0
      vertex 14.9737 31.159 0
    endloop
  endfacet
  facet normal 0 0 -1
    outer loop
      vertex 14.806 32 0
      vertex 14.015 75.7632 0
      vertex 14.1314 75.8686 0
    endloop
  endfacet
  facet normal -0 0 -1
    outer loop
      vertex 14.9737 31.159 0
      vertex 4.6 16.4 0
      vertex 14.973 31.1604 0
    endloop
  endfacet
  facet normal 0 0 -1
    outer loop
      vertex 14.806 32 0
      vertex 13.8889 75.6696 0
      vertex 14.015 75.7632 0
    endloop
  endfacet
  facet normal -0 0 -1
    outer loop
      vertex 14.973 31.1604 0
      vertex 4.6 16.4 0
      vertex 14.901 31.3616 0
    endloop
  endfacet
  facet normal 0 0 -1
    outer loop
      vertex 14.806 32 0
      vertex 13.7542 75.5889 0
      vertex 13.8889 75.6696 0
    endloop
  endfacet
  facet normal -0 0 -1
    outer loop
      vertex 14.901 31.3616 0
      vertex 4.6 16.4 0
      vertex 14.9005 31.3631 0
    endloop
  endfacet
  facet normal 0 0 -1
    outer loop
      vertex 14.806 32 0
      vertex 13.6123 75.5218 0
      vertex 13.7542 75.5889 0
    endloop
  endfacet
  facet normal -0 0 -1
    outer loop
      vertex 14.9005 31.3631 0
      vertex 4.6 16.4 0
      vertex 14.9001 31.3646 0
    endloop
  endfacet
  facet normal 0 0 -1
    outer loop
      vertex 14.806 32 0
      vertex 13.4645 75.4689 0
      vertex 13.6123 75.5218 0
    endloop
  endfacet
  facet normal -0 0 -1
    outer loop
      vertex 14.9001 31.3646 0
      vertex 4.6 16.4 0
      vertex 14.8482 31.572 0
    endloop
  endfacet
  facet normal 0 0 -1
    outer loop
      vertex 14.806 32 0
      vertex 13.3121 75.4307 0
      vertex 13.4645 75.4689 0
    endloop
  endfacet
  facet normal -0 0 -1
    outer loop
      vertex 14.8482 31.572 0
      vertex 4.6 16.4 0
      vertex 14.8168 31.7834 0
    endloop
  endfacet
  facet normal 0 0 -1
    outer loop
      vertex 14.806 32 0
      vertex 13.1568 75.4077 0
      vertex 13.3121 75.4307 0
    endloop
  endfacet
  facet normal -0 0 -1
    outer loop
      vertex 14.8168 31.7834 0
      vertex 4.6 16.4 0
      vertex 14.8166 31.785 0
    endloop
  endfacet
  facet normal 0 0 -1
    outer loop
      vertex 4.6 73.6 0
      vertex 14.806 32 0
      vertex 4.6 16.4 0
    endloop
  endfacet
  facet normal -0 0 -1
    outer loop
      vertex 14.8166 31.785 0
      vertex 4.6 16.4 0
      vertex 14.8165 31.7865 0
    endloop
  endfacet
  facet normal 0 -0 -1
    outer loop
      vertex 13 75.4 0
      vertex 14.806 32 0
      vertex 4.6 73.6 0
    endloop
  endfacet
  facet normal -0 0 -1
    outer loop
      vertex 14.8165 31.7865 0
      vertex 4.6 16.4 0
      vertex 14.806 32 0
    endloop
  endfacet
  facet normal 0 0 -1
    outer loop
      vertex 14.806 32 0
      vertex 13 75.4 0
      vertex 13.1568 75.4077 0
    endloop
  endfacet
  facet normal 0 0 -1
    outer loop
      vertex 4.6 16.4 0
      vertex 12.6879 14.5693 0
      vertex 12.5355 14.5311 0
    endloop
  endfacet
  facet normal -0 0 -1
    outer loop
      vertex 13 75.4 0
      vertex 4.6 73.6 0
      vertex 12.8432 75.4077 0
    endloop
  endfacet
  facet normal 0 0 -1
    outer loop
      vertex 4.6 16.4 0
      vertex 12.5355 14.5311 0
      vertex 12.3877 14.4782 0
    endloop
  endfacet
  facet normal -0 0 -1
    outer loop
      vertex 12.8432 75.4077 0
      vertex 4.6 73.6 0
      vertex 12.6879 75.4307 0
    endloop
  endfacet
  facet normal 0 0 -1
    outer loop
      vertex 4.6 16.4 0
      vertex 12.3877 14.4782 0
      vertex 12.2458 14.4111 0
    endloop
  endfacet
  facet normal -0 0 -1
    outer loop
      vertex 12.6879 75.4307 0
      vertex 4.6 73.6 0
      vertex 12.5355 75.4689 0
    endloop
  endfacet
  facet normal 0 0 -1
    outer loop
      vertex 4.6 16.4 0
      vertex 12.2458 14.4111 0
      vertex 12.1111 14.3304 0
    endloop
  endfacet
  facet normal -0 0 -1
    outer loop
      vertex 12.5355 75.4689 0
      vertex 4.6 73.6 0
      vertex 12.3877 75.5218 0
    endloop
  endfacet
  facet normal 0 0 -1
    outer loop
      vertex 4.6 16.4 0
      vertex 12.1111 14.3304 0
      vertex 11.985 14.2368 0
    endloop
  endfacet
  facet normal -0 0 -1
    outer loop
      vertex 12.3877 75.5218 0
      vertex 4.6 73.6 0
      vertex 12.2458 75.5889 0
    endloop
  endfacet
  facet normal 0 0 -1
    outer loop
      vertex 4.6 16.4 0
      vertex 11.985 14.2368 0
      vertex 11.8686 14.1314 0
    endloop
  endfacet
  facet normal -0 0 -1
    outer loop
      vertex 12.2458 75.5889 0
      vertex 4.6 73.6 0
      vertex 12.1111 75.6696 0
    endloop
  endfacet
  facet normal 0 0 -1
    outer loop
      vertex 4.6 16.4 0
      vertex 11.8686 14.1314 0
      vertex 11.7632 14.015 0
    endloop
  endfacet
  facet normal -0 0 -1
    outer loop
      vertex 12.1111 75.6696 0
      vertex 4.6 73.6 0
      vertex 11.985 75.7632 0
    endloop
  endfacet
  facet normal 0 0 -1
    outer loop
      vertex 4.6 16.4 0
      vertex 11.7632 14.015 0
      vertex 11.6696 13.8889 0
    endloop
  endfacet
  facet normal -0 0 -1
    outer loop
      vertex 11.985 75.7632 0
      vertex 4.6 73.6 0
      vertex 11.8686 75.8686 0
    endloop
  endfacet
  facet normal 0 0 -1
    outer loop
      vertex 4.65682 15.2434 0
      vertex 11.6696 13.8889 0
      vertex 11.5889 13.7542 0
    endloop
  endfacet
  facet normal -0 0 -1
    outer loop
      vertex 11.8686 75.8686 0
      vertex 4.6 73.6 0
      vertex 11.7632 75.985 0
    endloop
  endfacet
  facet normal 0 0 -1
    outer loop
      vertex 4.65682 15.2434 0
      vertex 11.5889 13.7542 0
      vertex 11.5218 13.6123 0
    endloop
  endfacet
  facet normal -0 0 -1
    outer loop
      vertex 11.7632 75.985 0
      vertex 4.6 73.6 0
      vertex 11.6696 76.1111 0
    endloop
  endfacet
  facet normal 0 0 -1
    outer loop
      vertex 4.82673 14.0979 0
      vertex 11.5218 13.6123 0
      vertex 11.4689 13.4645 0
    endloop
  endfacet
  facet normal 0 -0 -1
    outer loop
      vertex 4.65682 74.7566 0
      vertex 11.6696 76.1111 0
      vertex 4.6 73.6 0
    endloop
  endfacet
  facet normal 0 0 -1
    outer loop
      vertex 5.1081 12.9746 0
      vertex 11.4689 13.4645 0
      vertex 11.4307 13.3121 0
    endloop
  endfacet
  facet normal -0 0 -1
    outer loop
      vertex 11.6696 76.1111 0
      vertex 4.65682 74.7566 0
      vertex 11.5889 76.2458 0
    endloop
  endfacet
  facet normal 0 0 -1
    outer loop
      vertex 5.1081 12.9746 0
      vertex 11.4307 13.3121 0
      vertex 11.4077 13.1568 0
    endloop
  endfacet
  facet normal -0 0 -1
    outer loop
      vertex 11.5889 76.2458 0
      vertex 4.65682 74.7566 0
      vertex 11.5218 76.3877 0
    endloop
  endfacet
  facet normal 0 0 -1
    outer loop
      vertex 5.49822 11.8843 0
      vertex 11.4077 13.1568 0
      vertex 11.4 13 0
    endloop
  endfacet
  facet normal 0 -0 -1
    outer loop
      vertex 4.82673 75.9021 0
      vertex 11.5218 76.3877 0
      vertex 4.65682 74.7566 0
    endloop
  endfacet
  facet normal 0 0 -1
    outer loop
      vertex 19.1832 32.2166 0
      vertex 35.8 22.8 0
      vertex 19.1834 32.215 0
    endloop
  endfacet
  facet normal 0 0 -1
    outer loop
      vertex 41 70 0
      vertex 19.1835 67.7865 0
      vertex 19.194 68 0
    endloop
  endfacet
  facet normal 0 0 -1
    outer loop
      vertex 19.1518 32.428 0
      vertex 35.8 22.8 0
      vertex 19.1832 32.2166 0
    endloop
  endfacet
  facet normal 0 0 -1
    outer loop
      vertex 41 70 0
      vertex 19.1834 67.785 0
      vertex 19.1835 67.7865 0
    endloop
  endfacet
  facet normal 0 0 -1
    outer loop
      vertex 19.0999 32.6354 0
      vertex 35.8 22.8 0
      vertex 19.1518 32.428 0
    endloop
  endfacet
  facet normal 0 0 -1
    outer loop
      vertex 41 70 0
      vertex 19.1832 67.7834 0
      vertex 19.1834 67.785 0
    endloop
  endfacet
  facet normal 0 0 -1
    outer loop
      vertex 19.0995 32.6369 0
      vertex 35.8 22.8 0
      vertex 19.0999 32.6354 0
    endloop
  endfacet
  facet normal 0 0 -1
    outer loop
      vertex 41 70 0
      vertex 19.1518 67.572 0
      vertex 19.1832 67.7834 0
    endloop
  endfacet
  facet normal 0 0 -1
    outer loop
      vertex 19.099 32.6384 0
      vertex 35.8 22.8 0
      vertex 19.0995 32.6369 0
    endloop
  endfacet
  facet normal 0 0 -1
    outer loop
      vertex 41 70 0
      vertex 19.0999 67.3646 0
      vertex 19.1518 67.572 0
    endloop
  endfacet
  facet normal 0 0 -1
    outer loop
      vertex 19.027 32.8396 0
      vertex 35.8 22.8 0
      vertex 19.099 32.6384 0
    endloop
  endfacet
  facet normal 0 0 -1
    outer loop
      vertex 41 70 0
      vertex 19.0995 67.3631 0
      vertex 19.0999 67.3646 0
    endloop
  endfacet
  facet normal 0 0 -1
    outer loop
      vertex 19.0263 32.841 0
      vertex 35.8 22.8 0
      vertex 19.027 32.8396 0
    endloop
  endfacet
  facet normal 0 0 -1
    outer loop
      vertex 41 70 0
      vertex 19.099 67.3616 0
      vertex 19.0995 67.3631 0
    endloop
  endfacet
  facet normal 0 0 -1
    outer loop
      vertex 18.9349 33.0342 0
      vertex 35.8 22.8 0
      vertex 19.0263 32.841 0
    endloop
  endfacet
  facet normal 0 0 -1
    outer loop
      vertex 41 70 0
      vertex 19.027 67.1604 0
      vertex 19.099 67.3616 0
    endloop
  endfacet
  facet normal 0 0 -1
    outer loop
      vertex 18.9341 33.0356 0
      vertex 35.8 22.8 0
      vertex 18.9349 33.0342 0
    endloop
  endfacet
  facet normal 0 0 -1
    outer loop
      vertex 41 70 0
      vertex 19.0263 67.159 0
      vertex 19.027 67.1604 0
    endloop
  endfacet
  facet normal 0 0 -1
    outer loop
      vertex 18.8242 33.2189 0
      vertex 35.8 22.8 0
      vertex 18.9341 33.0356 0
    endloop
  endfacet
  facet normal 0 0 -1
    outer loop
      vertex 41 70 0
      vertex 18.9349 66.9658 0
      vertex 19.0263 67.159 0
    endloop
  endfacet
  facet normal 0 0 -1
    outer loop
      vertex 35.8 22.8 0
      vertex 18.8242 33.2189 0
      vertex 41 70 0
    endloop
  endfacet
  facet normal 0 0 -1
    outer loop
      vertex 41 70 0
      vertex 18.9341 66.9644 0
      vertex 18.9349 66.9658 0
    endloop
  endfacet
  facet normal 0 0 -1
    outer loop
      vertex 18.6969 33.3906 0
      vertex 41 70 0
      vertex 18.8242 33.2189 0
    endloop
  endfacet
  facet normal 0 0 -1
    outer loop
      vertex 41 70 0
      vertex 18.8242 66.7811 0
      vertex 18.9341 66.9644 0
    endloop
  endfacet
  facet normal 0 0 -1
    outer loop
      vertex 18.696 33.3919 0
      vertex 41 70 0
      vertex 18.6969 33.3906 0
    endloop
  endfacet
  facet normal 0 0 -1
    outer loop
      vertex 41 70 0
      vertex 18.6969 66.6094 0
      vertex 18.8242 66.7811 0
    endloop
  endfacet
  facet normal 0 0 -1
    outer loop
      vertex 18.6949 33.393 0
      vertex 41 70 0
      vertex 18.696 33.3919 0
    endloop
  endfacet
  facet normal 0 0 -1
    outer loop
      vertex 41 70 0
      vertex 18.696 66.6081 0
      vertex 18.6969 66.6094 0
    endloop
  endfacet
  facet normal 0 0 -1
    outer loop
      vertex 18.5514 33.5514 0
      vertex 41 70 0
      vertex 18.6949 33.393 0
    endloop
  endfacet
  facet normal 0 0 -1
    outer loop
      vertex 41 70 0
      vertex 18.6949 66.607 0
      vertex 18.696 66.6081 0
    endloop
  endfacet
  facet normal 0 0 -1
    outer loop
      vertex 18.393 33.6949 0
      vertex 41 70 0
      vertex 18.5514 33.5514 0
    endloop
  endfacet
  facet normal 0 0 -1
    outer loop
      vertex 41 70 0
      vertex 18.5514 66.4486 0
      vertex 18.6949 66.607 0
    endloop
  endfacet
  facet normal 0 0 -1
    outer loop
      vertex 18.3919 33.696 0
      vertex 41 70 0
      vertex 18.393 33.6949 0
    endloop
  endfacet
  facet normal 0 0 -1
    outer loop
      vertex 41 70 0
      vertex 18.393 66.3051 0
      vertex 18.5514 66.4486 0
    endloop
  endfacet
  facet normal 0 0 -1
    outer loop
      vertex 18.3919 66.304 0
      vertex 41 70 0
      vertex 18.3919 33.696 0
    endloop
  endfacet
  facet normal 0 0 -1
    outer loop
      vertex 41 70 0
      vertex 18.3919 66.304 0
      vertex 18.393 66.3051 0
    endloop
  endfacet
  facet normal 0 0 -1
    outer loop
      vertex 18.3906 33.6969 0
      vertex 18.3919 66.304 0
      vertex 18.3919 33.696 0
    endloop
  endfacet
  facet normal 0 0 -1
    outer loop
      vertex 18.3906 33.6969 0
      vertex 18.3906 66.3031 0
      vertex 18.3919 66.304 0
    endloop
  endfacet
  facet normal 0 0 -1
    outer loop
      vertex 18.2189 33.8242 0
      vertex 18.3906 66.3031 0
      vertex 18.3906 33.6969 0
    endloop
  endfacet
  facet normal 0 0 -1
    outer loop
      vertex 18.2189 33.8242 0
      vertex 18.2189 66.1758 0
      vertex 18.3906 66.3031 0
    endloop
  endfacet
  facet normal 0 0 -1
    outer loop
      vertex 18.0356 33.9341 0
      vertex 18.2189 66.1758 0
      vertex 18.2189 33.8242 0
    endloop
  endfacet
  facet normal 0 0 -1
    outer loop
      vertex 18.0356 33.9341 0
      vertex 18.0356 66.0659 0
      vertex 18.2189 66.1758 0
    endloop
  endfacet
  facet normal 0 0 -1
    outer loop
      vertex 18.0342 33.9349 0
      vertex 18.0356 66.0659 0
      vertex 18.0356 33.9341 0
    endloop
  endfacet
  facet normal 0 0 -1
    outer loop
      vertex 18.0342 33.9349 0
      vertex 18.0342 66.0651 0
      vertex 18.0356 66.0659 0
    endloop
  endfacet
  facet normal 0 0 -1
    outer loop
      vertex 17.841 34.0263 0
      vertex 18.0342 66.0651 0
      vertex 18.0342 33.9349 0
    endloop
  endfacet
  facet normal 0 0 -1
    outer loop
      vertex 17.841 34.0263 0
      vertex 17.841 65.9737 0
      vertex 18.0342 66.0651 0
    endloop
  endfacet
  facet normal 0 0 -1
    outer loop
      vertex 17.8396 34.027 0
      vertex 17.841 65.9737 0
      vertex 17.841 34.0263 0
    endloop
  endfacet
  facet normal 0 0 -1
    outer loop
      vertex 17.8396 34.027 0
      vertex 17.8396 65.973 0
      vertex 17.841 65.9737 0
    endloop
  endfacet
  facet normal 0 0 -1
    outer loop
      vertex 17.6384 34.099 0
      vertex 17.8396 65.973 0
      vertex 17.8396 34.027 0
    endloop
  endfacet
  facet normal 0 0 -1
    outer loop
      vertex 17.6384 34.099 0
      vertex 17.6384 65.901 0
      vertex 17.8396 65.973 0
    endloop
  endfacet
  facet normal 0 0 -1
    outer loop
      vertex 17.6369 34.0995 0
      vertex 17.6384 65.901 0
      vertex 17.6384 34.099 0
    endloop
  endfacet
  facet normal 0 0 -1
    outer loop
      vertex 17.6369 34.0995 0
      vertex 17.6369 65.9005 0
      vertex 17.6384 65.901 0
    endloop
  endfacet
  facet normal 0 0 -1
    outer loop
      vertex 17.6354 34.0999 0
      vertex 17.6369 65.9005 0
      vertex 17.6369 34.0995 0
    endloop
  endfacet
  facet normal 0 0 -1
    outer loop
      vertex 17.6354 34.0999 0
      vertex 17.6354 65.9001 0
      vertex 17.6369 65.9005 0
    endloop
  endfacet
  facet normal 0 0 -1
    outer loop
      vertex 17.428 34.1518 0
      vertex 17.6354 65.9001 0
      vertex 17.6354 34.0999 0
    endloop
  endfacet
  facet normal 0 0 -1
    outer loop
      vertex 17.428 34.1518 0
      vertex 17.428 65.8482 0
      vertex 17.6354 65.9001 0
    endloop
  endfacet
  facet normal 0 0 -1
    outer loop
      vertex 17.2166 34.1832 0
      vertex 17.428 65.8482 0
      vertex 17.428 34.1518 0
    endloop
  endfacet
  facet normal 0 0 -1
    outer loop
      vertex 17.2166 34.1832 0
      vertex 17.2166 65.8168 0
      vertex 17.428 65.8482 0
    endloop
  endfacet
  facet normal 0 0 -1
    outer loop
      vertex 17.215 34.1834 0
      vertex 17.2166 65.8168 0
      vertex 17.2166 34.1832 0
    endloop
  endfacet
  facet normal 0 0 -1
    outer loop
      vertex 17.215 34.1834 0
      vertex 17.215 65.8166 0
      vertex 17.2166 65.8168 0
    endloop
  endfacet
  facet normal 0 0 -1
    outer loop
      vertex 17.2135 34.1835 0
      vertex 17.215 65.8166 0
      vertex 17.215 34.1834 0
    endloop
  endfacet
  facet normal 0 0 -1
    outer loop
      vertex 17.2135 34.1835 0
      vertex 17.2135 65.8165 0
      vertex 17.215 65.8166 0
    endloop
  endfacet
  facet normal 0 0 -1
    outer loop
      vertex 17 34.194 0
      vertex 17.2135 65.8165 0
      vertex 17.2135 34.1835 0
    endloop
  endfacet
  facet normal 0 0 -1
    outer loop
      vertex 17 34.194 0
      vertex 17 65.806 0
      vertex 17.2135 65.8165 0
    endloop
  endfacet
  facet normal 0 0 -1
    outer loop
      vertex 16.7865 34.1835 0
      vertex 17 65.806 0
      vertex 17 34.194 0
    endloop
  endfacet
  facet normal 0 0 -1
    outer loop
      vertex 16.7865 34.1835 0
      vertex 16.7865 65.8165 0
      vertex 17 65.806 0
    endloop
  endfacet
  facet normal 0 0 -1
    outer loop
      vertex 16.785 34.1834 0
      vertex 16.7865 65.8165 0
      vertex 16.7865 34.1835 0
    endloop
  endfacet
  facet normal 0 0 -1
    outer loop
      vertex 16.785 34.1834 0
      vertex 16.785 65.8166 0
      vertex 16.7865 65.8165 0
    endloop
  endfacet
  facet normal 0 0 -1
    outer loop
      vertex 16.7834 34.1832 0
      vertex 16.785 65.8166 0
      vertex 16.785 34.1834 0
    endloop
  endfacet
  facet normal 0 0 -1
    outer loop
      vertex 16.7834 34.1832 0
      vertex 16.7834 65.8168 0
      vertex 16.785 65.8166 0
    endloop
  endfacet
  facet normal 0 0 -1
    outer loop
      vertex 16.572 34.1518 0
      vertex 16.7834 65.8168 0
      vertex 16.7834 34.1832 0
    endloop
  endfacet
  facet normal 0 0 -1
    outer loop
      vertex 16.572 34.1518 0
      vertex 16.572 65.8482 0
      vertex 16.7834 65.8168 0
    endloop
  endfacet
  facet normal 0 0 -1
    outer loop
      vertex 16.3646 34.0999 0
      vertex 16.572 65.8482 0
      vertex 16.572 34.1518 0
    endloop
  endfacet
  facet normal 0 0 -1
    outer loop
      vertex 16.3646 34.0999 0
      vertex 16.3646 65.9001 0
      vertex 16.572 65.8482 0
    endloop
  endfacet
  facet normal 0 0 -1
    outer loop
      vertex 16.3631 34.0995 0
      vertex 16.3646 65.9001 0
      vertex 16.3646 34.0999 0
    endloop
  endfacet
  facet normal 0 0 -1
    outer loop
      vertex 16.3631 34.0995 0
      vertex 16.3631 65.9005 0
      vertex 16.3646 65.9001 0
    endloop
  endfacet
  facet normal 0 0 -1
    outer loop
      vertex 16.3616 34.099 0
      vertex 16.3631 65.9005 0
      vertex 16.3631 34.0995 0
    endloop
  endfacet
  facet normal 0 0 -1
    outer loop
      vertex 16.3616 34.099 0
      vertex 16.3616 65.901 0
      vertex 16.3631 65.9005 0
    endloop
  endfacet
  facet normal 0 0 -1
    outer loop
      vertex 16.1604 34.027 0
      vertex 16.3616 65.901 0
      vertex 16.3616 34.099 0
    endloop
  endfacet
  facet normal 0 0 -1
    outer loop
      vertex 16.1604 34.027 0
      vertex 16.1604 65.973 0
      vertex 16.3616 65.901 0
    endloop
  endfacet
  facet normal 0 0 -1
    outer loop
      vertex 16.159 34.0263 0
      vertex 16.1604 65.973 0
      vertex 16.1604 34.027 0
    endloop
  endfacet
  facet normal 0 0 -1
    outer loop
      vertex 16.159 34.0263 0
      vertex 16.159 65.9737 0
      vertex 16.1604 65.973 0
    endloop
  endfacet
  facet normal 0 0 -1
    outer loop
      vertex 15.9658 33.9349 0
      vertex 16.159 65.9737 0
      vertex 16.159 34.0263 0
    endloop
  endfacet
  facet normal 0 0 -1
    outer loop
      vertex 15.9658 33.9349 0
      vertex 15.9658 66.0651 0
      vertex 16.159 65.9737 0
    endloop
  endfacet
  facet normal 0 0 -1
    outer loop
      vertex 15.9644 33.9341 0
      vertex 15.9658 66.0651 0
      vertex 15.9658 33.9349 0
    endloop
  endfacet
  facet normal 0 0 -1
    outer loop
      vertex 15.9644 33.9341 0
      vertex 15.9644 66.0659 0
      vertex 15.9658 66.0651 0
    endloop
  endfacet
  facet normal 0 0 -1
    outer loop
      vertex 15.7811 33.8242 0
      vertex 15.9644 66.0659 0
      vertex 15.9644 33.9341 0
    endloop
  endfacet
  facet normal 0 0 -1
    outer loop
      vertex 15.7811 33.8242 0
      vertex 15.7811 66.1758 0
      vertex 15.9644 66.0659 0
    endloop
  endfacet
  facet normal 0 0 -1
    outer loop
      vertex 15.6094 33.6969 0
      vertex 15.7811 66.1758 0
      vertex 15.7811 33.8242 0
    endloop
  endfacet
  facet normal 0 0 -1
    outer loop
      vertex 15.6094 33.6969 0
      vertex 15.6094 66.3031 0
      vertex 15.7811 66.1758 0
    endloop
  endfacet
  facet normal 0 0 -1
    outer loop
      vertex 15.6081 33.696 0
      vertex 15.6094 66.3031 0
      vertex 15.6094 33.6969 0
    endloop
  endfacet
  facet normal 0 0 -1
    outer loop
      vertex 15.6081 33.696 0
      vertex 15.6081 66.304 0
      vertex 15.6094 66.3031 0
    endloop
  endfacet
  facet normal 0 0 -1
    outer loop
      vertex 15.607 33.6949 0
      vertex 15.6081 66.304 0
      vertex 15.6081 33.696 0
    endloop
  endfacet
  facet normal 0 0 -1
    outer loop
      vertex 15.607 33.6949 0
      vertex 15.607 66.3051 0
      vertex 15.6081 66.304 0
    endloop
  endfacet
  facet normal 0 0 -1
    outer loop
      vertex 15.4486 33.5514 0
      vertex 15.607 66.3051 0
      vertex 15.607 33.6949 0
    endloop
  endfacet
  facet normal 0 0 -1
    outer loop
      vertex 15.4486 33.5514 0
      vertex 15.4486 66.4486 0
      vertex 15.607 66.3051 0
    endloop
  endfacet
  facet normal 0 0 -1
    outer loop
      vertex 15.3051 33.393 0
      vertex 15.4486 66.4486 0
      vertex 15.4486 33.5514 0
    endloop
  endfacet
  facet normal 0 0 -1
    outer loop
      vertex 15.3051 33.393 0
      vertex 15.3051 66.607 0
      vertex 15.4486 66.4486 0
    endloop
  endfacet
  facet normal 0 0 -1
    outer loop
      vertex 15.304 33.3919 0
      vertex 15.3051 66.607 0
      vertex 15.3051 33.393 0
    endloop
  endfacet
  facet normal 0 0 -1
    outer loop
      vertex 15.304 33.3919 0
      vertex 15.304 66.6081 0
      vertex 15.3051 66.607 0
    endloop
  endfacet
  facet normal 0 0 -1
    outer loop
      vertex 15.3031 33.3906 0
      vertex 15.304 66.6081 0
      vertex 15.304 33.3919 0
    endloop
  endfacet
  facet normal 0 0 -1
    outer loop
      vertex 15.3031 33.3906 0
      vertex 15.3031 66.6094 0
      vertex 15.304 66.6081 0
    endloop
  endfacet
  facet normal 0 0 -1
    outer loop
      vertex 15.1758 33.2189 0
      vertex 15.3031 66.6094 0
      vertex 15.3031 33.3906 0
    endloop
  endfacet
  facet normal 0 0 -1
    outer loop
      vertex 15.1758 33.2189 0
      vertex 15.1758 66.7811 0
      vertex 15.3031 66.6094 0
    endloop
  endfacet
  facet normal 0 0 -1
    outer loop
      vertex 15.0659 33.0356 0
      vertex 15.1758 66.7811 0
      vertex 15.1758 33.2189 0
    endloop
  endfacet
  facet normal 0 0 -1
    outer loop
      vertex 15.0659 33.0356 0
      vertex 15.0659 66.9644 0
      vertex 15.1758 66.7811 0
    endloop
  endfacet
  facet normal 0 0 -1
    outer loop
      vertex 15.0651 33.0342 0
      vertex 15.0659 66.9644 0
      vertex 15.0659 33.0356 0
    endloop
  endfacet
  facet normal 0 0 -1
    outer loop
      vertex 15.0651 33.0342 0
      vertex 15.0651 66.9658 0
      vertex 15.0659 66.9644 0
    endloop
  endfacet
  facet normal 0 0 -1
    outer loop
      vertex 14.9737 32.841 0
      vertex 15.0651 66.9658 0
      vertex 15.0651 33.0342 0
    endloop
  endfacet
  facet normal 0 0 -1
    outer loop
      vertex 14.9737 32.841 0
      vertex 14.9737 67.159 0
      vertex 15.0651 66.9658 0
    endloop
  endfacet
  facet normal 0 0 -1
    outer loop
      vertex 14.973 32.8396 0
      vertex 14.9737 67.159 0
      vertex 14.9737 32.841 0
    endloop
  endfacet
  facet normal 0 0 -1
    outer loop
      vertex 14.973 32.8396 0
      vertex 14.973 67.1604 0
      vertex 14.9737 67.159 0
    endloop
  endfacet
  facet normal 0 0 -1
    outer loop
      vertex 14.901 32.6384 0
      vertex 14.973 67.1604 0
      vertex 14.973 32.8396 0
    endloop
  endfacet
  facet normal 0 0 -1
    outer loop
      vertex 14.901 32.6384 0
      vertex 14.901 67.3616 0
      vertex 14.973 67.1604 0
    endloop
  endfacet
  facet normal 0 0 -1
    outer loop
      vertex 14.9005 32.6369 0
      vertex 14.901 67.3616 0
      vertex 14.901 32.6384 0
    endloop
  endfacet
  facet normal 0 0 -1
    outer loop
      vertex 14.9005 32.6369 0
      vertex 14.9005 67.3631 0
      vertex 14.901 67.3616 0
    endloop
  endfacet
  facet normal 0 0 -1
    outer loop
      vertex 14.9001 32.6354 0
      vertex 14.9005 67.3631 0
      vertex 14.9005 32.6369 0
    endloop
  endfacet
  facet normal 0 0 -1
    outer loop
      vertex 14.9001 32.6354 0
      vertex 14.9001 67.3646 0
      vertex 14.9005 67.3631 0
    endloop
  endfacet
  facet normal 0 0 -1
    outer loop
      vertex 14.8482 32.428 0
      vertex 14.9001 67.3646 0
      vertex 14.9001 32.6354 0
    endloop
  endfacet
  facet normal 0 0 -1
    outer loop
      vertex 14.8482 32.428 0
      vertex 14.8482 67.572 0
      vertex 14.9001 67.3646 0
    endloop
  endfacet
  facet normal 0 0 -1
    outer loop
      vertex 14.8168 32.2166 0
      vertex 14.8482 67.572 0
      vertex 14.8482 32.428 0
    endloop
  endfacet
  facet normal 0 0 -1
    outer loop
      vertex 14.8168 32.2166 0
      vertex 14.8168 67.7834 0
      vertex 14.8482 67.572 0
    endloop
  endfacet
  facet normal 0 0 -1
    outer loop
      vertex 14.8166 32.215 0
      vertex 14.8168 67.7834 0
      vertex 14.8168 32.2166 0
    endloop
  endfacet
  facet normal 0 0 -1
    outer loop
      vertex 14.8166 32.215 0
      vertex 14.8166 67.785 0
      vertex 14.8168 67.7834 0
    endloop
  endfacet
  facet normal 0 0 -1
    outer loop
      vertex 14.8165 32.2135 0
      vertex 14.8166 67.785 0
      vertex 14.8166 32.215 0
    endloop
  endfacet
  facet normal 0 0 -1
    outer loop
      vertex 14.8165 32.2135 0
      vertex 14.8165 67.7865 0
      vertex 14.8166 67.785 0
    endloop
  endfacet
  facet normal 0 0 -1
    outer loop
      vertex 14.806 32 0
      vertex 14.8165 67.7865 0
      vertex 14.8165 32.2135 0
    endloop
  endfacet
  facet normal -0 0 -1
    outer loop
      vertex 14.8165 67.7865 0
      vertex 14.806 32 0
      vertex 14.806 68 0
    endloop
  endfacet
  facet normal 0 0 -1
    outer loop
      vertex 75.1832 32.2166 0
      vertex 85.4 16.4 0
      vertex 75.1834 32.215 0
    endloop
  endfacet
  facet normal 0 0 -1
    outer loop
      vertex 85.4 73.6 0
      vertex 75.1835 67.7865 0
      vertex 75.194 68 0
    endloop
  endfacet
  facet normal 0 0 -1
    outer loop
      vertex 75.1518 32.428 0
      vertex 85.4 16.4 0
      vertex 75.1832 32.2166 0
    endloop
  endfacet
  facet normal 0 0 -1
    outer loop
      vertex 85.4 73.6 0
      vertex 75.1834 67.785 0
      vertex 75.1835 67.7865 0
    endloop
  endfacet
  facet normal 0 0 -1
    outer loop
      vertex 75.0999 32.6354 0
      vertex 85.4 16.4 0
      vertex 75.1518 32.428 0
    endloop
  endfacet
  facet normal 0 0 -1
    outer loop
      vertex 85.4 73.6 0
      vertex 75.1832 67.7834 0
      vertex 75.1834 67.785 0
    endloop
  endfacet
  facet normal 0 0 -1
    outer loop
      vertex 75.0995 32.6369 0
      vertex 85.4 16.4 0
      vertex 75.0999 32.6354 0
    endloop
  endfacet
  facet normal 0 0 -1
    outer loop
      vertex 85.4 73.6 0
      vertex 75.1518 67.572 0
      vertex 75.1832 67.7834 0
    endloop
  endfacet
  facet normal 0 0 -1
    outer loop
      vertex 85.4 16.4 0
      vertex 75.0995 32.6369 0
      vertex 85.4 73.6 0
    endloop
  endfacet
  facet normal 0 0 -1
    outer loop
      vertex 85.4 73.6 0
      vertex 75.0999 67.3646 0
      vertex 75.1518 67.572 0
    endloop
  endfacet
  facet normal 0 0 -1
    outer loop
      vertex 75.099 32.6384 0
      vertex 85.4 73.6 0
      vertex 75.0995 32.6369 0
    endloop
  endfacet
  facet normal 0 0 -1
    outer loop
      vertex 85.4 73.6 0
      vertex 75.0995 67.3631 0
      vertex 75.0999 67.3646 0
    endloop
  endfacet
  facet normal 0 0 -1
    outer loop
      vertex 75.027 32.8396 0
      vertex 85.4 73.6 0
      vertex 75.099 32.6384 0
    endloop
  endfacet
  facet normal 0 0 -1
    outer loop
      vertex 85.4 73.6 0
      vertex 75.099 67.3616 0
      vertex 75.0995 67.3631 0
    endloop
  endfacet
  facet normal 0 0 -1
    outer loop
      vertex 75.0263 32.841 0
      vertex 85.4 73.6 0
      vertex 75.027 32.8396 0
    endloop
  endfacet
  facet normal 0 0 -1
    outer loop
      vertex 85.4 73.6 0
      vertex 75.027 67.1604 0
      vertex 75.099 67.3616 0
    endloop
  endfacet
  facet normal 0 0 -1
    outer loop
      vertex 74.9349 33.0342 0
      vertex 85.4 73.6 0
      vertex 75.0263 32.841 0
    endloop
  endfacet
  facet normal 0 0 -1
    outer loop
      vertex 85.4 73.6 0
      vertex 75.0263 67.159 0
      vertex 75.027 67.1604 0
    endloop
  endfacet
  facet normal 0 0 -1
    outer loop
      vertex 74.9341 33.0356 0
      vertex 85.4 73.6 0
      vertex 74.9349 33.0342 0
    endloop
  endfacet
  facet normal 0 0 -1
    outer loop
      vertex 85.4 73.6 0
      vertex 74.9349 66.9658 0
      vertex 75.0263 67.159 0
    endloop
  endfacet
  facet normal 0 0 -1
    outer loop
      vertex 74.8242 33.2189 0
      vertex 85.4 73.6 0
      vertex 74.9341 33.0356 0
    endloop
  endfacet
  facet normal 0 0 -1
    outer loop
      vertex 85.4 73.6 0
      vertex 74.9341 66.9644 0
      vertex 74.9349 66.9658 0
    endloop
  endfacet
  facet normal 0 0 -1
    outer loop
      vertex 74.6969 33.3906 0
      vertex 85.4 73.6 0
      vertex 74.8242 33.2189 0
    endloop
  endfacet
  facet normal 0 0 -1
    outer loop
      vertex 85.4 73.6 0
      vertex 74.8242 66.7811 0
      vertex 74.9341 66.9644 0
    endloop
  endfacet
  facet normal 0 0 -1
    outer loop
      vertex 74.696 33.3919 0
      vertex 85.4 73.6 0
      vertex 74.6969 33.3906 0
    endloop
  endfacet
  facet normal 0 0 -1
    outer loop
      vertex 85.4 73.6 0
      vertex 74.6969 66.6094 0
      vertex 74.8242 66.7811 0
    endloop
  endfacet
  facet normal 0 0 -1
    outer loop
      vertex 74.696 66.6081 0
      vertex 85.4 73.6 0
      vertex 74.696 33.3919 0
    endloop
  endfacet
  facet normal 0 0 -1
    outer loop
      vertex 85.4 73.6 0
      vertex 74.696 66.6081 0
      vertex 74.6969 66.6094 0
    endloop
  endfacet
  facet normal 0 0 -1
    outer loop
      vertex 74.6949 33.393 0
      vertex 74.696 66.6081 0
      vertex 74.696 33.3919 0
    endloop
  endfacet
  facet normal 0 0 -1
    outer loop
      vertex 74.6949 33.393 0
      vertex 74.6949 66.607 0
      vertex 74.696 66.6081 0
    endloop
  endfacet
  facet normal 0 0 -1
    outer loop
      vertex 74.5514 33.5514 0
      vertex 74.6949 66.607 0
      vertex 74.6949 33.393 0
    endloop
  endfacet
  facet normal 0 0 -1
    outer loop
      vertex 74.5514 33.5514 0
      vertex 74.5514 66.4486 0
      vertex 74.6949 66.607 0
    endloop
  endfacet
  facet normal 0 0 -1
    outer loop
      vertex 74.393 33.6949 0
      vertex 74.5514 66.4486 0
      vertex 74.5514 33.5514 0
    endloop
  endfacet
  facet normal 0 0 -1
    outer loop
      vertex 74.393 33.6949 0
      vertex 74.393 66.3051 0
      vertex 74.5514 66.4486 0
    endloop
  endfacet
  facet normal 0 0 -1
    outer loop
      vertex 74.3919 33.696 0
      vertex 74.393 66.3051 0
      vertex 74.393 33.6949 0
    endloop
  endfacet
  facet normal 0 0 -1
    outer loop
      vertex 74.3919 33.696 0
      vertex 74.3919 66.304 0
      vertex 74.393 66.3051 0
    endloop
  endfacet
  facet normal 0 0 -1
    outer loop
      vertex 74.3906 33.6969 0
      vertex 74.3919 66.304 0
      vertex 74.3919 33.696 0
    endloop
  endfacet
  facet normal 0 0 -1
    outer loop
      vertex 74.3906 33.6969 0
      vertex 74.3906 66.3031 0
      vertex 74.3919 66.304 0
    endloop
  endfacet
  facet normal 0 0 -1
    outer loop
      vertex 74.2189 33.8242 0
      vertex 74.3906 66.3031 0
      vertex 74.3906 33.6969 0
    endloop
  endfacet
  facet normal 0 0 -1
    outer loop
      vertex 74.2189 33.8242 0
      vertex 74.2189 66.1758 0
      vertex 74.3906 66.3031 0
    endloop
  endfacet
  facet normal 0 0 -1
    outer loop
      vertex 74.0356 33.9341 0
      vertex 74.2189 66.1758 0
      vertex 74.2189 33.8242 0
    endloop
  endfacet
  facet normal 0 0 -1
    outer loop
      vertex 74.0356 33.9341 0
      vertex 74.0356 66.0659 0
      vertex 74.2189 66.1758 0
    endloop
  endfacet
  facet normal 0 0 -1
    outer loop
      vertex 74.0342 33.9349 0
      vertex 74.0356 66.0659 0
      vertex 74.0356 33.9341 0
    endloop
  endfacet
  facet normal 0 0 -1
    outer loop
      vertex 74.0342 33.9349 0
      vertex 74.0342 66.0651 0
      vertex 74.0356 66.0659 0
    endloop
  endfacet
  facet normal 0 0 -1
    outer loop
      vertex 73.841 34.0263 0
      vertex 74.0342 66.0651 0
      vertex 74.0342 33.9349 0
    endloop
  endfacet
  facet normal 0 0 -1
    outer loop
      vertex 73.841 34.0263 0
      vertex 73.841 65.9737 0
      vertex 74.0342 66.0651 0
    endloop
  endfacet
  facet normal 0 0 -1
    outer loop
      vertex 73.8396 34.027 0
      vertex 73.841 65.9737 0
      vertex 73.841 34.0263 0
    endloop
  endfacet
  facet normal 0 0 -1
    outer loop
      vertex 73.8396 34.027 0
      vertex 73.8396 65.973 0
      vertex 73.841 65.9737 0
    endloop
  endfacet
  facet normal 0 0 -1
    outer loop
      vertex 73.6384 34.099 0
      vertex 73.8396 65.973 0
      vertex 73.8396 34.027 0
    endloop
  endfacet
  facet normal 0 0 -1
    outer loop
      vertex 73.6384 34.099 0
      vertex 73.6384 65.901 0
      vertex 73.8396 65.973 0
    endloop
  endfacet
  facet normal 0 0 -1
    outer loop
      vertex 73.6369 34.0995 0
      vertex 73.6384 65.901 0
      vertex 73.6384 34.099 0
    endloop
  endfacet
  facet normal 0 0 -1
    outer loop
      vertex 73.6369 34.0995 0
      vertex 73.6369 65.9005 0
      vertex 73.6384 65.901 0
    endloop
  endfacet
  facet normal 0 0 -1
    outer loop
      vertex 73.6354 34.0999 0
      vertex 73.6369 65.9005 0
      vertex 73.6369 34.0995 0
    endloop
  endfacet
  facet normal 0 0 -1
    outer loop
      vertex 73.6354 34.0999 0
      vertex 73.6354 65.9001 0
      vertex 73.6369 65.9005 0
    endloop
  endfacet
  facet normal 0 0 -1
    outer loop
      vertex 73.428 34.1518 0
      vertex 73.6354 65.9001 0
      vertex 73.6354 34.0999 0
    endloop
  endfacet
  facet normal 0 0 -1
    outer loop
      vertex 73.428 34.1518 0
      vertex 73.428 65.8482 0
      vertex 73.6354 65.9001 0
    endloop
  endfacet
  facet normal 0 0 -1
    outer loop
      vertex 73.2166 34.1832 0
      vertex 73.428 65.8482 0
      vertex 73.428 34.1518 0
    endloop
  endfacet
  facet normal 0 0 -1
    outer loop
      vertex 73.2166 34.1832 0
      vertex 73.2166 65.8168 0
      vertex 73.428 65.8482 0
    endloop
  endfacet
  facet normal 0 0 -1
    outer loop
      vertex 73.215 34.1834 0
      vertex 73.2166 65.8168 0
      vertex 73.2166 34.1832 0
    endloop
  endfacet
  facet normal 0 0 -1
    outer loop
      vertex 73.215 34.1834 0
      vertex 73.215 65.8166 0
      vertex 73.2166 65.8168 0
    endloop
  endfacet
  facet normal 0 0 -1
    outer loop
      vertex 73.2135 34.1835 0
      vertex 73.215 65.8166 0
      vertex 73.215 34.1834 0
    endloop
  endfacet
  facet normal 0 0 -1
    outer loop
      vertex 73.2135 34.1835 0
      vertex 73.2135 65.8165 0
      vertex 73.215 65.8166 0
    endloop
  endfacet
  facet normal 0 0 -1
    outer loop
      vertex 73 34.194 0
      vertex 73.2135 65.8165 0
      vertex 73.2135 34.1835 0
    endloop
  endfacet
  facet normal 0 0 -1
    outer loop
      vertex 73 34.194 0
      vertex 73 65.806 0
      vertex 73.2135 65.8165 0
    endloop
  endfacet
  facet normal 0 0 -1
    outer loop
      vertex 72.7865 34.1835 0
      vertex 73 65.806 0
      vertex 73 34.194 0
    endloop
  endfacet
  facet normal 0 0 -1
    outer loop
      vertex 72.7865 34.1835 0
      vertex 72.7865 65.8165 0
      vertex 73 65.806 0
    endloop
  endfacet
  facet normal 0 0 -1
    outer loop
      vertex 72.785 34.1834 0
      vertex 72.7865 65.8165 0
      vertex 72.7865 34.1835 0
    endloop
  endfacet
  facet normal 0 0 -1
    outer loop
      vertex 72.785 34.1834 0
      vertex 72.785 65.8166 0
      vertex 72.7865 65.8165 0
    endloop
  endfacet
  facet normal 0 0 -1
    outer loop
      vertex 72.7834 34.1832 0
      vertex 72.785 65.8166 0
      vertex 72.785 34.1834 0
    endloop
  endfacet
  facet normal 0 0 -1
    outer loop
      vertex 72.7834 34.1832 0
      vertex 72.7834 65.8168 0
      vertex 72.785 65.8166 0
    endloop
  endfacet
  facet normal 0 0 -1
    outer loop
      vertex 72.572 34.1518 0
      vertex 72.7834 65.8168 0
      vertex 72.7834 34.1832 0
    endloop
  endfacet
  facet normal 0 0 -1
    outer loop
      vertex 72.572 34.1518 0
      vertex 72.572 65.8482 0
      vertex 72.7834 65.8168 0
    endloop
  endfacet
  facet normal 0 0 -1
    outer loop
      vertex 72.3646 34.0999 0
      vertex 72.572 65.8482 0
      vertex 72.572 34.1518 0
    endloop
  endfacet
  facet normal 0 0 -1
    outer loop
      vertex 72.3646 34.0999 0
      vertex 72.3646 65.9001 0
      vertex 72.572 65.8482 0
    endloop
  endfacet
  facet normal 0 0 -1
    outer loop
      vertex 72.3631 34.0995 0
      vertex 72.3646 65.9001 0
      vertex 72.3646 34.0999 0
    endloop
  endfacet
  facet normal 0 0 -1
    outer loop
      vertex 72.3631 34.0995 0
      vertex 72.3631 65.9005 0
      vertex 72.3646 65.9001 0
    endloop
  endfacet
  facet normal 0 0 -1
    outer loop
      vertex 72.3616 34.099 0
      vertex 72.3631 65.9005 0
      vertex 72.3631 34.0995 0
    endloop
  endfacet
  facet normal 0 0 -1
    outer loop
      vertex 72.3616 34.099 0
      vertex 72.3616 65.901 0
      vertex 72.3631 65.9005 0
    endloop
  endfacet
  facet normal 0 0 -1
    outer loop
      vertex 72.1604 34.027 0
      vertex 72.3616 65.901 0
      vertex 72.3616 34.099 0
    endloop
  endfacet
  facet normal 0 0 -1
    outer loop
      vertex 72.1604 34.027 0
      vertex 72.1604 65.973 0
      vertex 72.3616 65.901 0
    endloop
  endfacet
  facet normal 0 0 -1
    outer loop
      vertex 72.159 34.0263 0
      vertex 72.1604 65.973 0
      vertex 72.1604 34.027 0
    endloop
  endfacet
  facet normal 0 0 -1
    outer loop
      vertex 72.159 34.0263 0
      vertex 72.159 65.9737 0
      vertex 72.1604 65.973 0
    endloop
  endfacet
  facet normal 0 0 -1
    outer loop
      vertex 71.9658 33.9349 0
      vertex 72.159 65.9737 0
      vertex 72.159 34.0263 0
    endloop
  endfacet
  facet normal 0 0 -1
    outer loop
      vertex 71.9658 33.9349 0
      vertex 71.9658 66.0651 0
      vertex 72.159 65.9737 0
    endloop
  endfacet
  facet normal 0 0 -1
    outer loop
      vertex 71.9644 33.9341 0
      vertex 71.9658 66.0651 0
      vertex 71.9658 33.9349 0
    endloop
  endfacet
  facet normal 0 0 -1
    outer loop
      vertex 71.9644 33.9341 0
      vertex 71.9644 66.0659 0
      vertex 71.9658 66.0651 0
    endloop
  endfacet
  facet normal 0 0 -1
    outer loop
      vertex 71.7811 33.8242 0
      vertex 71.9644 66.0659 0
      vertex 71.9644 33.9341 0
    endloop
  endfacet
  facet normal 0 0 -1
    outer loop
      vertex 71.7811 33.8242 0
      vertex 71.7811 66.1758 0
      vertex 71.9644 66.0659 0
    endloop
  endfacet
  facet normal 0 0 -1
    outer loop
      vertex 71.6094 33.6969 0
      vertex 71.7811 66.1758 0
      vertex 71.7811 33.8242 0
    endloop
  endfacet
  facet normal 0 0 -1
    outer loop
      vertex 71.6094 33.6969 0
      vertex 71.6094 66.3031 0
      vertex 71.7811 66.1758 0
    endloop
  endfacet
  facet normal 0 0 -1
    outer loop
      vertex 71.6081 33.696 0
      vertex 71.6094 66.3031 0
      vertex 71.6094 33.6969 0
    endloop
  endfacet
  facet normal 0 0 -1
    outer loop
      vertex 71.6081 33.696 0
      vertex 71.6081 66.304 0
      vertex 71.6094 66.3031 0
    endloop
  endfacet
  facet normal 0 0 -1
    outer loop
      vertex 49 70 0
      vertex 71.6081 33.696 0
      vertex 71.607 33.6949 0
    endloop
  endfacet
  facet normal 0 0 -1
    outer loop
      vertex 71.6081 33.696 0
      vertex 49 70 0
      vertex 71.6081 66.304 0
    endloop
  endfacet
  facet normal 0 0 -1
    outer loop
      vertex 49 70 0
      vertex 71.607 33.6949 0
      vertex 71.4486 33.5514 0
    endloop
  endfacet
  facet normal 0 0 -1
    outer loop
      vertex 71.6081 66.304 0
      vertex 49 70 0
      vertex 71.607 66.3051 0
    endloop
  endfacet
  facet normal 0 0 -1
    outer loop
      vertex 49 70 0
      vertex 71.4486 33.5514 0
      vertex 71.3051 33.393 0
    endloop
  endfacet
  facet normal 0 0 -1
    outer loop
      vertex 71.607 66.3051 0
      vertex 49 70 0
      vertex 71.4486 66.4486 0
    endloop
  endfacet
  facet normal 0 0 -1
    outer loop
      vertex 49 70 0
      vertex 71.3051 33.393 0
      vertex 71.304 33.3919 0
    endloop
  endfacet
  facet normal 0 0 -1
    outer loop
      vertex 71.4486 66.4486 0
      vertex 49 70 0
      vertex 71.3051 66.607 0
    endloop
  endfacet
  facet normal 0 0 -1
    outer loop
      vertex 49 70 0
      vertex 71.304 33.3919 0
      vertex 71.3031 33.3906 0
    endloop
  endfacet
  facet normal 0 0 -1
    outer loop
      vertex 71.3051 66.607 0
      vertex 49 70 0
      vertex 71.304 66.6081 0
    endloop
  endfacet
  facet normal 0 0 -1
    outer loop
      vertex 49 70 0
      vertex 71.3031 33.3906 0
      vertex 71.1758 33.2189 0
    endloop
  endfacet
  facet normal 0 0 -1
    outer loop
      vertex 71.304 66.6081 0
      vertex 49 70 0
      vertex 71.3031 66.6094 0
    endloop
  endfacet
  facet normal 0 0 -1
    outer loop
      vertex 54.2 22.8 0
      vertex 71.1758 33.2189 0
      vertex 71.0659 33.0356 0
    endloop
  endfacet
  facet normal 0 0 -1
    outer loop
      vertex 71.3031 66.6094 0
      vertex 49 70 0
      vertex 71.1758 66.7811 0
    endloop
  endfacet
  facet normal 0 0 -1
    outer loop
      vertex 54.2 22.8 0
      vertex 71.0659 33.0356 0
      vertex 71.0651 33.0342 0
    endloop
  endfacet
  facet normal 0 0 -1
    outer loop
      vertex 71.1758 66.7811 0
      vertex 49 70 0
      vertex 71.0659 66.9644 0
    endloop
  endfacet
  facet normal 0 0 -1
    outer loop
      vertex 54.2 22.8 0
      vertex 71.0651 33.0342 0
      vertex 70.9737 32.841 0
    endloop
  endfacet
  facet normal 0 0 -1
    outer loop
      vertex 71.0659 66.9644 0
      vertex 49 70 0
      vertex 71.0651 66.9658 0
    endloop
  endfacet
  facet normal 0 0 -1
    outer loop
      vertex 54.2 22.8 0
      vertex 70.9737 32.841 0
      vertex 70.973 32.8396 0
    endloop
  endfacet
  facet normal 0 0 -1
    outer loop
      vertex 71.0651 66.9658 0
      vertex 49 70 0
      vertex 70.9737 67.159 0
    endloop
  endfacet
  facet normal 0 0 -1
    outer loop
      vertex 54.2 22.8 0
      vertex 70.973 32.8396 0
      vertex 70.901 32.6384 0
    endloop
  endfacet
  facet normal 0 0 -1
    outer loop
      vertex 70.9737 67.159 0
      vertex 49 70 0
      vertex 70.973 67.1604 0
    endloop
  endfacet
  facet normal 0 0 -1
    outer loop
      vertex 54.2 22.8 0
      vertex 70.901 32.6384 0
      vertex 70.9005 32.6369 0
    endloop
  endfacet
  facet normal 0 0 -1
    outer loop
      vertex 70.973 67.1604 0
      vertex 49 70 0
      vertex 70.901 67.3616 0
    endloop
  endfacet
  facet normal 0 0 -1
    outer loop
      vertex 54.2 22.8 0
      vertex 70.9005 32.6369 0
      vertex 70.9001 32.6354 0
    endloop
  endfacet
  facet normal 0 0 -1
    outer loop
      vertex 70.901 67.3616 0
      vertex 49 70 0
      vertex 70.9005 67.3631 0
    endloop
  endfacet
  facet normal 0 0 -1
    outer loop
      vertex 54.2 22.8 0
      vertex 70.9001 32.6354 0
      vertex 70.8482 32.428 0
    endloop
  endfacet
  facet normal 0 0 -1
    outer loop
      vertex 70.9005 67.3631 0
      vertex 49 70 0
      vertex 70.9001 67.3646 0
    endloop
  endfacet
  facet normal 0 0 -1
    outer loop
      vertex 54.2 22.8 0
      vertex 70.8482 32.428 0
      vertex 70.8168 32.2166 0
    endloop
  endfacet
  facet normal 0 0 -1
    outer loop
      vertex 70.9001 67.3646 0
      vertex 49 70 0
      vertex 70.8482 67.572 0
    endloop
  endfacet
  facet normal 0 0 -1
    outer loop
      vertex 54.2 22.8 0
      vertex 70.8168 32.2166 0
      vertex 70.8166 32.215 0
    endloop
  endfacet
  facet normal 0 0 -1
    outer loop
      vertex 70.8482 67.572 0
      vertex 49 70 0
      vertex 70.8168 67.7834 0
    endloop
  endfacet
  facet normal 0 0 -1
    outer loop
      vertex 54.2 22.8 0
      vertex 70.8166 32.215 0
      vertex 70.8165 32.2135 0
    endloop
  endfacet
  facet normal 0 0 -1
    outer loop
      vertex 70.8168 67.7834 0
      vertex 49 70 0
      vertex 70.8166 67.785 0
    endloop
  endfacet
  facet normal 0 0 -1
    outer loop
      vertex 54.2 22.8 0
      vertex 70.8165 32.2135 0
      vertex 70.806 32 0
    endloop
  endfacet
  facet normal 0 0 -1
    outer loop
      vertex 70.8166 67.785 0
      vertex 49 70 0
      vertex 70.8165 67.7865 0
    endloop
  endfacet
  facet normal -0 0 -1
    outer loop
      vertex 85.1733 14.0979 0
      vertex 78.4782 13.6123 0
      vertex 85.3432 15.2434 0
    endloop
  endfacet
  facet normal 0 0 -1
    outer loop
      vertex 85.4 73.6 0
      vertex 78.5923 76.8432 0
      vertex 78.6 77 0
    endloop
  endfacet
  facet normal 0 0 -1
    outer loop
      vertex 78.4111 13.7542 0
      vertex 85.3432 15.2434 0
      vertex 78.4782 13.6123 0
    endloop
  endfacet
  facet normal 0 0 -1
    outer loop
      vertex 85.4 73.6 0
      vertex 78.5693 76.6879 0
      vertex 78.5923 76.8432 0
    endloop
  endfacet
  facet normal 0 0 -1
    outer loop
      vertex 75.1835 32.2135 0
      vertex 85.4 16.4 0
      vertex 75.194 32 0
    endloop
  endfacet
  facet normal 0 0 -1
    outer loop
      vertex 85.4 73.6 0
      vertex 78.5311 76.5355 0
      vertex 78.5693 76.6879 0
    endloop
  endfacet
  facet normal 0 0 -1
    outer loop
      vertex 78.3304 13.8889 0
      vertex 85.3432 15.2434 0
      vertex 78.4111 13.7542 0
    endloop
  endfacet
  facet normal 0 0 -1
    outer loop
      vertex 75.1834 32.215 0
      vertex 85.4 16.4 0
      vertex 75.1835 32.2135 0
    endloop
  endfacet
  facet normal -0 0 -1
    outer loop
      vertex 85.3432 15.2434 0
      vertex 78.3304 13.8889 0
      vertex 85.4 16.4 0
    endloop
  endfacet
  facet normal 0 0 -1
    outer loop
      vertex 85.4 73.6 0
      vertex 78.4782 76.3877 0
      vertex 78.5311 76.5355 0
    endloop
  endfacet
  facet normal 0 0 -1
    outer loop
      vertex 78.2368 14.015 0
      vertex 85.4 16.4 0
      vertex 78.3304 13.8889 0
    endloop
  endfacet
  facet normal 0 0 -1
    outer loop
      vertex 85.4 73.6 0
      vertex 78.4111 76.2458 0
      vertex 78.4782 76.3877 0
    endloop
  endfacet
  facet normal 0 0 -1
    outer loop
      vertex 78.1314 14.1314 0
      vertex 85.4 16.4 0
      vertex 78.2368 14.015 0
    endloop
  endfacet
  facet normal 0 0 -1
    outer loop
      vertex 75.1835 68.2135 0
      vertex 85.4 73.6 0
      vertex 75.194 68 0
    endloop
  endfacet
  facet normal 0 0 -1
    outer loop
      vertex 78.015 14.2368 0
      vertex 85.4 16.4 0
      vertex 78.1314 14.1314 0
    endloop
  endfacet
  facet normal 0 0 -1
    outer loop
      vertex 85.4 73.6 0
      vertex 78.3304 76.1111 0
      vertex 78.4111 76.2458 0
    endloop
  endfacet
  facet normal 0 0 -1
    outer loop
      vertex 77.8889 14.3304 0
      vertex 85.4 16.4 0
      vertex 78.015 14.2368 0
    endloop
  endfacet
  facet normal 0 0 -1
    outer loop
      vertex 85.4 73.6 0
      vertex 78.2368 75.985 0
      vertex 78.3304 76.1111 0
    endloop
  endfacet
  facet normal 0 0 -1
    outer loop
      vertex 77.7542 14.4111 0
      vertex 85.4 16.4 0
      vertex 77.8889 14.3304 0
    endloop
  endfacet
  facet normal 0 0 -1
    outer loop
      vertex 85.4 73.6 0
      vertex 78.1314 75.8686 0
      vertex 78.2368 75.985 0
    endloop
  endfacet
  facet normal 0 0 -1
    outer loop
      vertex 77.6123 14.4782 0
      vertex 85.4 16.4 0
      vertex 77.7542 14.4111 0
    endloop
  endfacet
  facet normal 0 0 -1
    outer loop
      vertex 75.1834 68.215 0
      vertex 85.4 73.6 0
      vertex 75.1835 68.2135 0
    endloop
  endfacet
  facet normal 0 0 -1
    outer loop
      vertex 77.4645 14.5311 0
      vertex 85.4 16.4 0
      vertex 77.6123 14.4782 0
    endloop
  endfacet
  facet normal 0 0 -1
    outer loop
      vertex 75.1832 68.2166 0
      vertex 85.4 73.6 0
      vertex 75.1834 68.215 0
    endloop
  endfacet
  facet normal 0 0 -1
    outer loop
      vertex 74.3919 30.304 0
      vertex 85.4 16.4 0
      vertex 77.4645 14.5311 0
    endloop
  endfacet
  facet normal 0 0 -1
    outer loop
      vertex 85.4 73.6 0
      vertex 78.015 75.7632 0
      vertex 78.1314 75.8686 0
    endloop
  endfacet
  facet normal 0 0 -1
    outer loop
      vertex 74.3906 30.3031 0
      vertex 77.4645 14.5311 0
      vertex 77.3121 14.5693 0
    endloop
  endfacet
  facet normal 0 0 -1
    outer loop
      vertex 75.1518 68.428 0
      vertex 85.4 73.6 0
      vertex 75.1832 68.2166 0
    endloop
  endfacet
  facet normal 0 0 -1
    outer loop
      vertex 74.2189 30.1758 0
      vertex 77.3121 14.5693 0
      vertex 77.1568 14.5923 0
    endloop
  endfacet
  facet normal 0 0 -1
    outer loop
      vertex 75.0999 68.6354 0
      vertex 85.4 73.6 0
      vertex 75.1518 68.428 0
    endloop
  endfacet
  facet normal 0 0 -1
    outer loop
      vertex 69.8 22.8 0
      vertex 77.1568 14.5923 0
      vertex 77 14.6 0
    endloop
  endfacet
  facet normal 0 0 -1
    outer loop
      vertex 85.4 73.6 0
      vertex 77.8889 75.6696 0
      vertex 78.015 75.7632 0
    endloop
  endfacet
  facet normal 0 0 -1
    outer loop
      vertex 69.8 22.8 0
      vertex 77 14.6 0
      vertex 76.8432 14.5923 0
    endloop
  endfacet
  facet normal 0 0 -1
    outer loop
      vertex 75.0995 68.6369 0
      vertex 85.4 73.6 0
      vertex 75.0999 68.6354 0
    endloop
  endfacet
  facet normal 0 0 -1
    outer loop
      vertex 69.8 22.8 0
      vertex 76.8432 14.5923 0
      vertex 76.6879 14.5693 0
    endloop
  endfacet
  facet normal 0 -0 -1
    outer loop
      vertex 77.7542 75.5889 0
      vertex 85.4 73.6 0
      vertex 75.0995 68.6369 0
    endloop
  endfacet
  facet normal 0 0 -1
    outer loop
      vertex 69.8 22.8 0
      vertex 76.6879 14.5693 0
      vertex 76.5355 14.5311 0
    endloop
  endfacet
  facet normal 0 0 -1
    outer loop
      vertex 85.4 73.6 0
      vertex 77.7542 75.5889 0
      vertex 77.8889 75.6696 0
    endloop
  endfacet
  facet normal 0 0 -1
    outer loop
      vertex 69.8 22.8 0
      vertex 76.5355 14.5311 0
      vertex 76.3877 14.4782 0
    endloop
  endfacet
  facet normal 0 0 -1
    outer loop
      vertex 75.099 68.6384 0
      vertex 77.7542 75.5889 0
      vertex 75.0995 68.6369 0
    endloop
  endfacet
  facet normal 0 0 -1
    outer loop
      vertex 69.8 22.8 0
      vertex 76.3877 14.4782 0
      vertex 76.2458 14.4111 0
    endloop
  endfacet
  facet normal 0 0 -1
    outer loop
      vertex 75.027 68.8396 0
      vertex 77.7542 75.5889 0
      vertex 75.099 68.6384 0
    endloop
  endfacet
  facet normal 0 0 -1
    outer loop
      vertex 69.8 22.8 0
      vertex 76.2458 14.4111 0
      vertex 76.1111 14.3304 0
    endloop
  endfacet
  facet normal 0 0 -1
    outer loop
      vertex 77.7542 75.5889 0
      vertex 75.027 68.8396 0
      vertex 77.6123 75.5218 0
    endloop
  endfacet
  facet normal 0 0 -1
    outer loop
      vertex 69.8 22.8 0
      vertex 76.1111 14.3304 0
      vertex 75.985 14.2368 0
    endloop
  endfacet
  facet normal 0 0 -1
    outer loop
      vertex 75.0263 68.841 0
      vertex 77.6123 75.5218 0
      vertex 75.027 68.8396 0
    endloop
  endfacet
  facet normal 0 0 -1
    outer loop
      vertex 69.8 22.8 0
      vertex 75.985 14.2368 0
      vertex 75.8686 14.1314 0
    endloop
  endfacet
  facet normal 0 0 -1
    outer loop
      vertex 74.9349 69.0342 0
      vertex 77.6123 75.5218 0
      vertex 75.0263 68.841 0
    endloop
  endfacet
  facet normal 0 0 -1
    outer loop
      vertex 69.8 22.8 0
      vertex 75.8686 14.1314 0
      vertex 75.7632 14.015 0
    endloop
  endfacet
  facet normal 0 0 -1
    outer loop
      vertex 77.6123 75.5218 0
      vertex 74.9349 69.0342 0
      vertex 77.4645 75.4689 0
    endloop
  endfacet
  facet normal 0 0 -1
    outer loop
      vertex 69.8 22.8 0
      vertex 75.7632 14.015 0
      vertex 75.6696 13.8889 0
    endloop
  endfacet
  facet normal 0 0 -1
    outer loop
      vertex 74.9341 69.0356 0
      vertex 77.4645 75.4689 0
      vertex 74.9349 69.0342 0
    endloop
  endfacet
  facet normal 0 0 -1
    outer loop
      vertex 69.8 22.8 0
      vertex 75.6696 13.8889 0
      vertex 75.5889 13.7542 0
    endloop
  endfacet
  facet normal 0 0 -1
    outer loop
      vertex 74.8242 69.2189 0
      vertex 77.4645 75.4689 0
      vertex 74.9341 69.0356 0
    endloop
  endfacet
  facet normal 0 0 -1
    outer loop
      vertex 69.8 22.8 0
      vertex 75.5889 13.7542 0
      vertex 75.5218 13.6123 0
    endloop
  endfacet
  facet normal 0 0 -1
    outer loop
      vertex 77.4645 75.4689 0
      vertex 74.8242 69.2189 0
      vertex 77.3121 75.4307 0
    endloop
  endfacet
  facet normal 0 0 -1
    outer loop
      vertex 69.8 22.8 0
      vertex 75.5218 13.6123 0
      vertex 75.4689 13.4645 0
    endloop
  endfacet
  facet normal 0 0 -1
    outer loop
      vertex 74.6969 69.3906 0
      vertex 77.3121 75.4307 0
      vertex 74.8242 69.2189 0
    endloop
  endfacet
  facet normal 0 0 -1
    outer loop
      vertex 69.8 22.8 0
      vertex 75.4689 13.4645 0
      vertex 75.4307 13.3121 0
    endloop
  endfacet
  facet normal 0 0 -1
    outer loop
      vertex 77.3121 75.4307 0
      vertex 74.6969 69.3906 0
      vertex 77.1568 75.4077 0
    endloop
  endfacet
  facet normal 0 0 -1
    outer loop
      vertex 69.8 7.2 0
      vertex 75.4307 13.3121 0
      vertex 75.4077 13.1568 0
    endloop
  endfacet
  facet normal 0 0 -1
    outer loop
      vertex 74.696 69.3919 0
      vertex 77.1568 75.4077 0
      vertex 74.6969 69.3906 0
    endloop
  endfacet
  facet normal 0 0 -1
    outer loop
      vertex 69.8 7.2 0
      vertex 75.4077 13.1568 0
      vertex 75.4 13 0
    endloop
  endfacet
  facet normal 0 0 -1
    outer loop
      vertex 74.6949 69.393 0
      vertex 77.1568 75.4077 0
      vertex 74.696 69.3919 0
    endloop
  endfacet
  facet normal 0 0 -1
    outer loop
      vertex 78.5311 13.4645 0
      vertex 84.8919 12.9746 0
      vertex 78.5693 13.3121 0
    endloop
  endfacet
  facet normal 0 0 -1
    outer loop
      vertex 84.8919 12.9746 0
      vertex 78.5311 13.4645 0
      vertex 85.1733 14.0979 0
    endloop
  endfacet
  facet normal 0 0 -1
    outer loop
      vertex 78.5693 13.3121 0
      vertex 84.8919 12.9746 0
      vertex 78.5923 13.1568 0
    endloop
  endfacet
  facet normal 0 0 -1
    outer loop
      vertex 78.4782 13.6123 0
      vertex 85.1733 14.0979 0
      vertex 78.5311 13.4645 0
    endloop
  endfacet
  facet normal 0 0 -1
    outer loop
      vertex 84.5018 11.8843 0
      vertex 78.5923 13.1568 0
      vertex 84.8919 12.9746 0
    endloop
  endfacet
  facet normal 0 0 -1
    outer loop
      vertex 85.4 73.6 0
      vertex 78.6 77 0
      vertex 85.3432 74.7566 0
    endloop
  endfacet
  facet normal 0 0 -1
    outer loop
      vertex 78.5923 13.1568 0
      vertex 84.5018 11.8843 0
      vertex 78.6 13 0
    endloop
  endfacet
  facet normal 0 0 -1
    outer loop
      vertex 85.3432 74.7566 0
      vertex 78.6 77 0
      vertex 85.1733 75.9021 0
    endloop
  endfacet
  facet normal 0 0 -1
    outer loop
      vertex 78.5923 12.8432 0
      vertex 84.5018 11.8843 0
      vertex 84.0067 10.8375 0
    endloop
  endfacet
  facet normal 0 0 -1
    outer loop
      vertex 85.1733 75.9021 0
      vertex 78.6 77 0
      vertex 84.8919 77.0254 0
    endloop
  endfacet
  facet normal 0 0 -1
    outer loop
      vertex 78.5311 12.5355 0
      vertex 84.0067 10.8375 0
      vertex 83.4113 9.84427 0
    endloop
  endfacet
  facet normal -0 0 -1
    outer loop
      vertex 84.8919 77.0254 0
      vertex 78.6 77 0
      vertex 84.5018 78.1157 0
    endloop
  endfacet
  facet normal 0 0 -1
    outer loop
      vertex 78.4111 12.2458 0
      vertex 83.4113 9.84427 0
      vertex 82.7215 8.91416 0
    endloop
  endfacet
  facet normal 0 0 -1
    outer loop
      vertex 78.5923 77.1568 0
      vertex 84.5018 78.1157 0
      vertex 78.6 77 0
    endloop
  endfacet
  facet normal 0 0 -1
    outer loop
      vertex 78.2368 11.985 0
      vertex 82.7215 8.91416 0
      vertex 81.9439 8.05614 0
    endloop
  endfacet
  facet normal -0 0 -1
    outer loop
      vertex 84.5018 78.1157 0
      vertex 78.5923 77.1568 0
      vertex 84.0067 79.1625 0
    endloop
  endfacet
  facet normal 0 0 -1
    outer loop
      vertex 78.015 11.7632 0
      vertex 81.9439 8.05614 0
      vertex 81.0858 7.27848 0
    endloop
  endfacet
  facet normal 0 0 -1
    outer loop
      vertex 78.5693 77.3121 0
      vertex 84.0067 79.1625 0
      vertex 78.5923 77.1568 0
    endloop
  endfacet
  facet normal 0 0 -1
    outer loop
      vertex 77.7542 11.5889 0
      vertex 81.0858 7.27848 0
      vertex 80.1557 6.58866 0
    endloop
  endfacet
  facet normal 0 0 -1
    outer loop
      vertex 78.5311 77.4645 0
      vertex 84.0067 79.1625 0
      vertex 78.5693 77.3121 0
    endloop
  endfacet
  facet normal 0 0 -1
    outer loop
      vertex 77.4645 11.4689 0
      vertex 80.1557 6.58866 0
      vertex 79.1625 5.99333 0
    endloop
  endfacet
  facet normal -0 0 -1
    outer loop
      vertex 84.0067 79.1625 0
      vertex 78.5311 77.4645 0
      vertex 83.4113 80.1557 0
    endloop
  endfacet
  facet normal 0 0 -1
    outer loop
      vertex 78.4782 77.6123 0
      vertex 83.4113 80.1557 0
      vertex 78.5311 77.4645 0
    endloop
  endfacet
  facet normal 0 0 -1
    outer loop
      vertex 84.5018 11.8843 0
      vertex 78.5923 12.8432 0
      vertex 78.6 13 0
    endloop
  endfacet
  facet normal 0 0 -1
    outer loop
      vertex 84.0067 10.8375 0
      vertex 78.5693 12.6879 0
      vertex 78.5923 12.8432 0
    endloop
  endfacet
  facet normal 0 0 -1
    outer loop
      vertex 84.0067 10.8375 0
      vertex 78.5311 12.5355 0
      vertex 78.5693 12.6879 0
    endloop
  endfacet
  facet normal 0 0 -1
    outer loop
      vertex 83.4113 9.84427 0
      vertex 78.4782 12.3877 0
      vertex 78.5311 12.5355 0
    endloop
  endfacet
  facet normal 0 0 -1
    outer loop
      vertex 83.4113 9.84427 0
      vertex 78.4111 12.2458 0
      vertex 78.4782 12.3877 0
    endloop
  endfacet
  facet normal 0 0 -1
    outer loop
      vertex 82.7215 8.91416 0
      vertex 78.3304 12.1111 0
      vertex 78.4111 12.2458 0
    endloop
  endfacet
  facet normal 0 0 -1
    outer loop
      vertex 82.7215 8.91416 0
      vertex 78.2368 11.985 0
      vertex 78.3304 12.1111 0
    endloop
  endfacet
  facet normal 0 0 -1
    outer loop
      vertex 81.9439 8.05614 0
      vertex 78.1314 11.8686 0
      vertex 78.2368 11.985 0
    endloop
  endfacet
  facet normal 0 0 -1
    outer loop
      vertex 77.1568 11.4077 0
      vertex 79.1625 5.99333 0
      vertex 78.1157 5.49822 0
    endloop
  endfacet
  facet normal 0 0 -1
    outer loop
      vertex 81.9439 8.05614 0
      vertex 78.015 11.7632 0
      vertex 78.1314 11.8686 0
    endloop
  endfacet
  facet normal 0 0 -1
    outer loop
      vertex 81.0858 7.27848 0
      vertex 77.8889 11.6696 0
      vertex 78.015 11.7632 0
    endloop
  endfacet
  facet normal 0 0 -1
    outer loop
      vertex 81.0858 7.27848 0
      vertex 77.7542 11.5889 0
      vertex 77.8889 11.6696 0
    endloop
  endfacet
  facet normal 0 0 -1
    outer loop
      vertex 80.1557 6.58866 0
      vertex 77.6123 11.5218 0
      vertex 77.7542 11.5889 0
    endloop
  endfacet
  facet normal 0 0 -1
    outer loop
      vertex 80.1557 6.58866 0
      vertex 77.4645 11.4689 0
      vertex 77.6123 11.5218 0
    endloop
  endfacet
  facet normal 0 0 -1
    outer loop
      vertex 79.1625 5.99333 0
      vertex 77.3121 11.4307 0
      vertex 77.4645 11.4689 0
    endloop
  endfacet
  facet normal 0 0 -1
    outer loop
      vertex 79.1625 5.99333 0
      vertex 77.1568 11.4077 0
      vertex 77.3121 11.4307 0
    endloop
  endfacet
  facet normal 0 0 -1
    outer loop
      vertex 76.8432 11.4077 0
      vertex 78.1157 5.49822 0
      vertex 77.0254 5.1081 0
    endloop
  endfacet
  facet normal 0 0 -1
    outer loop
      vertex 78.1157 5.49822 0
      vertex 77 11.4 0
      vertex 77.1568 11.4077 0
    endloop
  endfacet
  facet normal 0 0 -1
    outer loop
      vertex 78.1157 5.49822 0
      vertex 76.8432 11.4077 0
      vertex 77 11.4 0
    endloop
  endfacet
  facet normal 0 0 -1
    outer loop
      vertex 77.0254 5.1081 0
      vertex 76.6879 11.4307 0
      vertex 76.8432 11.4077 0
    endloop
  endfacet
  facet normal 0 0 -1
    outer loop
      vertex 77.0254 5.1081 0
      vertex 76.5355 11.4689 0
      vertex 76.6879 11.4307 0
    endloop
  endfacet
  facet normal 0 0 -1
    outer loop
      vertex 75.9021 4.82673 0
      vertex 76.5355 11.4689 0
      vertex 77.0254 5.1081 0
    endloop
  endfacet
  facet normal -0 0 -1
    outer loop
      vertex 76.5355 11.4689 0
      vertex 75.9021 4.82673 0
      vertex 76.3877 11.5218 0
    endloop
  endfacet
  facet normal 0 0 -1
    outer loop
      vertex 74.7566 4.65682 0
      vertex 76.3877 11.5218 0
      vertex 75.9021 4.82673 0
    endloop
  endfacet
  facet normal -0 0 -1
    outer loop
      vertex 76.3877 11.5218 0
      vertex 74.7566 4.65682 0
      vertex 76.2458 11.5889 0
    endloop
  endfacet
  facet normal -0 0 -1
    outer loop
      vertex 76.2458 11.5889 0
      vertex 74.7566 4.65682 0
      vertex 76.1111 11.6696 0
    endloop
  endfacet
  facet normal 0 0 -1
    outer loop
      vertex 73.6 4.6 0
      vertex 76.1111 11.6696 0
      vertex 74.7566 4.65682 0
    endloop
  endfacet
  facet normal -0 0 -1
    outer loop
      vertex 76.1111 11.6696 0
      vertex 73.6 4.6 0
      vertex 75.985 11.7632 0
    endloop
  endfacet
  facet normal 0 0 -1
    outer loop
      vertex 69.8 7.2 0
      vertex 75.985 11.7632 0
      vertex 73.6 4.6 0
    endloop
  endfacet
  facet normal -0 0 -1
    outer loop
      vertex 75.985 11.7632 0
      vertex 69.8 7.2 0
      vertex 75.8686 11.8686 0
    endloop
  endfacet
  facet normal -0 0 -1
    outer loop
      vertex 75.8686 11.8686 0
      vertex 69.8 7.2 0
      vertex 75.7632 11.985 0
    endloop
  endfacet
  facet normal -0 0 -1
    outer loop
      vertex 75.7632 11.985 0
      vertex 69.8 7.2 0
      vertex 75.6696 12.1111 0
    endloop
  endfacet
  facet normal -0 0 -1
    outer loop
      vertex 75.6696 12.1111 0
      vertex 69.8 7.2 0
      vertex 75.5889 12.2458 0
    endloop
  endfacet
  facet normal -0 0 -1
    outer loop
      vertex 75.5889 12.2458 0
      vertex 69.8 7.2 0
      vertex 75.5218 12.3877 0
    endloop
  endfacet
  facet normal 0 0 -1
    outer loop
      vertex 77.1568 75.4077 0
      vertex 74.6949 69.393 0
      vertex 77 75.4 0
    endloop
  endfacet
  facet normal 0 0 -1
    outer loop
      vertex 85.4 16.4 0
      vertex 75.1835 31.7865 0
      vertex 75.194 32 0
    endloop
  endfacet
  facet normal 0 0 -1
    outer loop
      vertex 85.4 16.4 0
      vertex 75.1834 31.785 0
      vertex 75.1835 31.7865 0
    endloop
  endfacet
  facet normal 0 0 -1
    outer loop
      vertex 85.4 16.4 0
      vertex 75.1832 31.7834 0
      vertex 75.1834 31.785 0
    endloop
  endfacet
  facet normal 0 0 -1
    outer loop
      vertex 85.4 16.4 0
      vertex 75.1518 31.572 0
      vertex 75.1832 31.7834 0
    endloop
  endfacet
  facet normal 0 0 -1
    outer loop
      vertex 85.4 16.4 0
      vertex 75.0999 31.3646 0
      vertex 75.1518 31.572 0
    endloop
  endfacet
  facet normal 0 0 -1
    outer loop
      vertex 85.4 16.4 0
      vertex 75.0995 31.3631 0
      vertex 75.0999 31.3646 0
    endloop
  endfacet
  facet normal 0 0 -1
    outer loop
      vertex 85.4 16.4 0
      vertex 75.099 31.3616 0
      vertex 75.0995 31.3631 0
    endloop
  endfacet
  facet normal 0 0 -1
    outer loop
      vertex 85.4 16.4 0
      vertex 75.027 31.1604 0
      vertex 75.099 31.3616 0
    endloop
  endfacet
  facet normal 0 0 -1
    outer loop
      vertex 85.4 16.4 0
      vertex 75.0263 31.159 0
      vertex 75.027 31.1604 0
    endloop
  endfacet
  facet normal 0 0 -1
    outer loop
      vertex 85.4 16.4 0
      vertex 74.9349 30.9658 0
      vertex 75.0263 31.159 0
    endloop
  endfacet
  facet normal 0 0 -1
    outer loop
      vertex 85.4 16.4 0
      vertex 74.9341 30.9644 0
      vertex 74.9349 30.9658 0
    endloop
  endfacet
  facet normal 0 0 -1
    outer loop
      vertex 85.4 16.4 0
      vertex 74.8242 30.7811 0
      vertex 74.9341 30.9644 0
    endloop
  endfacet
  facet normal -0 0 -1
    outer loop
      vertex 75.5218 12.3877 0
      vertex 69.8 7.2 0
      vertex 75.4689 12.5355 0
    endloop
  endfacet
  facet normal -0 0 -1
    outer loop
      vertex 75.4689 12.5355 0
      vertex 69.8 7.2 0
      vertex 75.4307 12.6879 0
    endloop
  endfacet
  facet normal -0 0 -1
    outer loop
      vertex 75.4307 12.6879 0
      vertex 69.8 7.2 0
      vertex 75.4077 12.8432 0
    endloop
  endfacet
  facet normal 0 0 -1
    outer loop
      vertex 85.4 16.4 0
      vertex 74.6969 30.6094 0
      vertex 74.8242 30.7811 0
    endloop
  endfacet
  facet normal 0 0 -1
    outer loop
      vertex 85.4 16.4 0
      vertex 74.696 30.6081 0
      vertex 74.6969 30.6094 0
    endloop
  endfacet
  facet normal 0 0 -1
    outer loop
      vertex 85.4 16.4 0
      vertex 74.6949 30.607 0
      vertex 74.696 30.6081 0
    endloop
  endfacet
  facet normal 0 0 -1
    outer loop
      vertex 85.4 16.4 0
      vertex 74.5514 30.4486 0
      vertex 74.6949 30.607 0
    endloop
  endfacet
  facet normal 0 0 -1
    outer loop
      vertex 77.1568 14.5923 0
      vertex 69.8 22.8 0
      vertex 74.0342 30.0651 0
    endloop
  endfacet
  facet normal 0 0 -1
    outer loop
      vertex 85.4 16.4 0
      vertex 74.393 30.3051 0
      vertex 74.5514 30.4486 0
    endloop
  endfacet
  facet normal 0 0 -1
    outer loop
      vertex 85.4 16.4 0
      vertex 74.3919 30.304 0
      vertex 74.393 30.3051 0
    endloop
  endfacet
  facet normal 0 0 -1
    outer loop
      vertex 77.4645 14.5311 0
      vertex 74.3906 30.3031 0
      vertex 74.3919 30.304 0
    endloop
  endfacet
  facet normal 0 0 -1
    outer loop
      vertex 77.3121 14.5693 0
      vertex 74.2189 30.1758 0
      vertex 74.3906 30.3031 0
    endloop
  endfacet
  facet normal 0 0 -1
    outer loop
      vertex 77.1568 14.5923 0
      vertex 74.0356 30.0659 0
      vertex 74.2189 30.1758 0
    endloop
  endfacet
  facet normal 0 0 -1
    outer loop
      vertex 77.1568 14.5923 0
      vertex 74.0342 30.0651 0
      vertex 74.0356 30.0659 0
    endloop
  endfacet
  facet normal 0 0 -1
    outer loop
      vertex 74.0342 30.0651 0
      vertex 69.8 22.8 0
      vertex 73.841 29.9737 0
    endloop
  endfacet
  facet normal 0 0 -1
    outer loop
      vertex 73.841 29.9737 0
      vertex 69.8 22.8 0
      vertex 73.8396 29.973 0
    endloop
  endfacet
  facet normal 0 0 -1
    outer loop
      vertex 73.8396 29.973 0
      vertex 69.8 22.8 0
      vertex 73.6384 29.901 0
    endloop
  endfacet
  facet normal 0 0 -1
    outer loop
      vertex 73.6384 29.901 0
      vertex 69.8 22.8 0
      vertex 73.6369 29.9005 0
    endloop
  endfacet
  facet normal -0 0 -1
    outer loop
      vertex 75.4077 12.8432 0
      vertex 69.8 7.2 0
      vertex 75.4 13 0
    endloop
  endfacet
  facet normal 0 0 -1
    outer loop
      vertex 73.6369 29.9005 0
      vertex 69.8 22.8 0
      vertex 73.6354 29.9001 0
    endloop
  endfacet
  facet normal 0 0 -1
    outer loop
      vertex 73.6354 29.9001 0
      vertex 69.8 22.8 0
      vertex 73.428 29.8482 0
    endloop
  endfacet
  facet normal 0 0 -1
    outer loop
      vertex 73.428 29.8482 0
      vertex 69.8 22.8 0
      vertex 73.2166 29.8168 0
    endloop
  endfacet
  facet normal 0 0 -1
    outer loop
      vertex 73.2166 29.8168 0
      vertex 69.8 22.8 0
      vertex 73.215 29.8166 0
    endloop
  endfacet
  facet normal 0 0 -1
    outer loop
      vertex 73.215 29.8166 0
      vertex 69.8 22.8 0
      vertex 73.2135 29.8165 0
    endloop
  endfacet
  facet normal 0 0 -1
    outer loop
      vertex 73.2135 29.8165 0
      vertex 69.8 22.8 0
      vertex 73 29.806 0
    endloop
  endfacet
  facet normal -0 0 -1
    outer loop
      vertex 73 29.806 0
      vertex 69.8 22.8 0
      vertex 72.7865 29.8165 0
    endloop
  endfacet
  facet normal -0 0 -1
    outer loop
      vertex 72.7865 29.8165 0
      vertex 69.8 22.8 0
      vertex 72.785 29.8166 0
    endloop
  endfacet
  facet normal -0 0 -1
    outer loop
      vertex 72.785 29.8166 0
      vertex 69.8 22.8 0
      vertex 72.7834 29.8168 0
    endloop
  endfacet
  facet normal -0 0 -1
    outer loop
      vertex 72.7834 29.8168 0
      vertex 69.8 22.8 0
      vertex 72.572 29.8482 0
    endloop
  endfacet
  facet normal -0 0 -1
    outer loop
      vertex 72.572 29.8482 0
      vertex 69.8 22.8 0
      vertex 72.3646 29.9001 0
    endloop
  endfacet
  facet normal -0 0 -1
    outer loop
      vertex 72.3646 29.9001 0
      vertex 69.8 22.8 0
      vertex 72.3631 29.9005 0
    endloop
  endfacet
  facet normal -0 0 -1
    outer loop
      vertex 72.3631 29.9005 0
      vertex 69.8 22.8 0
      vertex 72.3616 29.901 0
    endloop
  endfacet
  facet normal -0 0 -1
    outer loop
      vertex 72.3616 29.901 0
      vertex 69.8 22.8 0
      vertex 72.1604 29.973 0
    endloop
  endfacet
  facet normal -0 0 -1
    outer loop
      vertex 72.1604 29.973 0
      vertex 69.8 22.8 0
      vertex 72.159 29.9737 0
    endloop
  endfacet
  facet normal -0 0 -1
    outer loop
      vertex 72.159 29.9737 0
      vertex 69.8 22.8 0
      vertex 71.9658 30.0651 0
    endloop
  endfacet
  facet normal -0 0 -1
    outer loop
      vertex 71.9658 30.0651 0
      vertex 69.8 22.8 0
      vertex 71.9644 30.0659 0
    endloop
  endfacet
  facet normal -0 0 -1
    outer loop
      vertex 71.9644 30.0659 0
      vertex 69.8 22.8 0
      vertex 71.7811 30.1758 0
    endloop
  endfacet
  facet normal -0 0 -1
    outer loop
      vertex 71.7811 30.1758 0
      vertex 69.8 22.8 0
      vertex 71.6094 30.3031 0
    endloop
  endfacet
  facet normal -0 0 -1
    outer loop
      vertex 71.6094 30.3031 0
      vertex 69.8 22.8 0
      vertex 71.6081 30.304 0
    endloop
  endfacet
  facet normal -0 0 -1
    outer loop
      vertex 71.6081 30.304 0
      vertex 69.8 22.8 0
      vertex 71.607 30.3051 0
    endloop
  endfacet
  facet normal -0 0 -1
    outer loop
      vertex 71.607 30.3051 0
      vertex 69.8 22.8 0
      vertex 71.4486 30.4486 0
    endloop
  endfacet
  facet normal -0 0 -1
    outer loop
      vertex 71.4486 30.4486 0
      vertex 69.8 22.8 0
      vertex 71.3051 30.607 0
    endloop
  endfacet
  facet normal -0 0 -1
    outer loop
      vertex 71.3051 30.607 0
      vertex 69.8 22.8 0
      vertex 71.304 30.6081 0
    endloop
  endfacet
  facet normal -0 0 -1
    outer loop
      vertex 71.304 30.6081 0
      vertex 69.8 22.8 0
      vertex 71.3031 30.6094 0
    endloop
  endfacet
  facet normal -0 0 -1
    outer loop
      vertex 71.3031 30.6094 0
      vertex 69.8 22.8 0
      vertex 71.1758 30.7811 0
    endloop
  endfacet
  facet normal -0 0 -1
    outer loop
      vertex 71.1758 30.7811 0
      vertex 69.8 22.8 0
      vertex 71.0659 30.9644 0
    endloop
  endfacet
  facet normal -0 0 -1
    outer loop
      vertex 71.0659 30.9644 0
      vertex 69.8 22.8 0
      vertex 71.0651 30.9658 0
    endloop
  endfacet
  facet normal -0 0 -1
    outer loop
      vertex 71.0651 30.9658 0
      vertex 69.8 22.8 0
      vertex 70.9737 31.159 0
    endloop
  endfacet
  facet normal -0 0 -1
    outer loop
      vertex 70.9737 31.159 0
      vertex 69.8 22.8 0
      vertex 70.973 31.1604 0
    endloop
  endfacet
  facet normal -0 0 -1
    outer loop
      vertex 70.973 31.1604 0
      vertex 69.8 22.8 0
      vertex 70.901 31.3616 0
    endloop
  endfacet
  facet normal -0 0 -1
    outer loop
      vertex 70.901 31.3616 0
      vertex 69.8 22.8 0
      vertex 70.9005 31.3631 0
    endloop
  endfacet
  facet normal 0 0 -1
    outer loop
      vertex 54.2 22.8 0
      vertex 70.9005 31.3631 0
      vertex 69.8 22.8 0
    endloop
  endfacet
  facet normal -0 0 -1
    outer loop
      vertex 70.9005 31.3631 0
      vertex 54.2 22.8 0
      vertex 70.9001 31.3646 0
    endloop
  endfacet
  facet normal -0 0 -1
    outer loop
      vertex 70.9001 31.3646 0
      vertex 54.2 22.8 0
      vertex 70.8482 31.572 0
    endloop
  endfacet
  facet normal 0 0 1
    outer loop
      vertex 70.8166 31.785 0
      vertex 70.806 32 0
      vertex 70.8165 31.7865 0
    endloop
  endfacet
  facet normal -0 0 -1
    outer loop
      vertex 70.8168 31.7834 0
      vertex 54.2 22.8 0
      vertex 70.8166 31.785 0
    endloop
  endfacet
  facet normal -0 0 -1
    outer loop
      vertex 70.8482 31.572 0
      vertex 54.2 22.8 0
      vertex 70.8168 31.7834 0
    endloop
  endfacet
  facet normal -0 0 -1
    outer loop
      vertex 75.4307 13.3121 0
      vertex 69.8 7.2 0
      vertex 69.8 22.8 0
    endloop
  endfacet
  facet normal 0 0 -1
    outer loop
      vertex 73.6 4.6 0
      vertex 54.2 7.2 0
      vertex 69.8 7.2 0
    endloop
  endfacet
  facet normal 0 0 -1
    outer loop
      vertex 35.8 22.8 0
      vertex 54.2 22.8 0
      vertex 54.2 7.2 0
    endloop
  endfacet
  facet normal 0 0 -1
    outer loop
      vertex 54.2 22.8 0
      vertex 35.8 22.8 0
      vertex 49 70 0
    endloop
  endfacet
  facet normal -0 0 -1
    outer loop
      vertex 49 70 0
      vertex 35.8 22.8 0
      vertex 41 70 0
    endloop
  endfacet
  facet normal 0 0 -1
    outer loop
      vertex 35.8 22.8 0
      vertex 54.2 7.2 0
      vertex 35.8 7.2 0
    endloop
  endfacet
  facet normal 0 0 -1
    outer loop
      vertex 73.6 4.6 0
      vertex 35.8 7.2 0
      vertex 54.2 7.2 0
    endloop
  endfacet
  facet normal 0 0 -1
    outer loop
      vertex 16.4 4.6 0
      vertex 35.8 7.2 0
      vertex 73.6 4.6 0
    endloop
  endfacet
  facet normal 0 0 -1
    outer loop
      vertex 14.5923 13.1568 0
      vertex 20.2 7.2 0
      vertex 14.6 13 0
    endloop
  endfacet
  facet normal 0 0 -1
    outer loop
      vertex 20.2 22.8 0
      vertex 19.1835 31.7865 0
      vertex 19.194 32 0
    endloop
  endfacet
  facet normal 0 0 -1
    outer loop
      vertex 20.2 22.8 0
      vertex 19.1834 31.785 0
      vertex 19.1835 31.7865 0
    endloop
  endfacet
  facet normal 0 0 -1
    outer loop
      vertex 20.2 22.8 0
      vertex 19.1832 31.7834 0
      vertex 19.1834 31.785 0
    endloop
  endfacet
  facet normal 0 0 -1
    outer loop
      vertex 20.2 22.8 0
      vertex 19.1518 31.572 0
      vertex 19.1832 31.7834 0
    endloop
  endfacet
  facet normal 0 0 -1
    outer loop
      vertex 20.2 22.8 0
      vertex 19.0999 31.3646 0
      vertex 19.1518 31.572 0
    endloop
  endfacet
  facet normal 0 0 -1
    outer loop
      vertex 20.2 22.8 0
      vertex 19.0995 31.3631 0
      vertex 19.0999 31.3646 0
    endloop
  endfacet
  facet normal 0 0 -1
    outer loop
      vertex 20.2 22.8 0
      vertex 19.099 31.3616 0
      vertex 19.0995 31.3631 0
    endloop
  endfacet
  facet normal 0 0 -1
    outer loop
      vertex 20.2 22.8 0
      vertex 19.027 31.1604 0
      vertex 19.099 31.3616 0
    endloop
  endfacet
  facet normal 0 0 -1
    outer loop
      vertex 20.2 22.8 0
      vertex 19.0263 31.159 0
      vertex 19.027 31.1604 0
    endloop
  endfacet
  facet normal 0 0 -1
    outer loop
      vertex 20.2 22.8 0
      vertex 18.9349 30.9658 0
      vertex 19.0263 31.159 0
    endloop
  endfacet
  facet normal 0 0 -1
    outer loop
      vertex 20.2 22.8 0
      vertex 18.9341 30.9644 0
      vertex 18.9349 30.9658 0
    endloop
  endfacet
  facet normal 0 0 -1
    outer loop
      vertex 20.2 22.8 0
      vertex 18.8242 30.7811 0
      vertex 18.9341 30.9644 0
    endloop
  endfacet
  facet normal 0 0 -1
    outer loop
      vertex 20.2 22.8 0
      vertex 18.6969 30.6094 0
      vertex 18.8242 30.7811 0
    endloop
  endfacet
  facet normal 0 0 -1
    outer loop
      vertex 20.2 22.8 0
      vertex 18.696 30.6081 0
      vertex 18.6969 30.6094 0
    endloop
  endfacet
  facet normal 0 0 -1
    outer loop
      vertex 20.2 22.8 0
      vertex 18.6949 30.607 0
      vertex 18.696 30.6081 0
    endloop
  endfacet
  facet normal 0 0 -1
    outer loop
      vertex 20.2 22.8 0
      vertex 18.5514 30.4486 0
      vertex 18.6949 30.607 0
    endloop
  endfacet
  facet normal 0 0 -1
    outer loop
      vertex 20.2 22.8 0
      vertex 18.393 30.3051 0
      vertex 18.5514 30.4486 0
    endloop
  endfacet
  facet normal 0 0 -1
    outer loop
      vertex 20.2 22.8 0
      vertex 18.3919 30.304 0
      vertex 18.393 30.3051 0
    endloop
  endfacet
  facet normal 0 0 -1
    outer loop
      vertex 14.5693 13.3121 0
      vertex 20.2 7.2 0
      vertex 14.5923 13.1568 0
    endloop
  endfacet
  facet normal 0 0 -1
    outer loop
      vertex 20.2 22.8 0
      vertex 18.3906 30.3031 0
      vertex 18.3919 30.304 0
    endloop
  endfacet
  facet normal 0 0 -1
    outer loop
      vertex 20.2 22.8 0
      vertex 18.2189 30.1758 0
      vertex 18.3906 30.3031 0
    endloop
  endfacet
  facet normal 0 0 -1
    outer loop
      vertex 20.2 22.8 0
      vertex 18.0356 30.0659 0
      vertex 18.2189 30.1758 0
    endloop
  endfacet
  facet normal 0 0 -1
    outer loop
      vertex 20.2 22.8 0
      vertex 18.0342 30.0651 0
      vertex 18.0356 30.0659 0
    endloop
  endfacet
  facet normal 0 0 -1
    outer loop
      vertex 20.2 22.8 0
      vertex 17.841 29.9737 0
      vertex 18.0342 30.0651 0
    endloop
  endfacet
  facet normal 0 0 -1
    outer loop
      vertex 20.2 22.8 0
      vertex 17.8396 29.973 0
      vertex 17.841 29.9737 0
    endloop
  endfacet
  facet normal 0 0 -1
    outer loop
      vertex 20.2 22.8 0
      vertex 17.6384 29.901 0
      vertex 17.8396 29.973 0
    endloop
  endfacet
  facet normal 0 0 -1
    outer loop
      vertex 20.2 22.8 0
      vertex 17.6369 29.9005 0
      vertex 17.6384 29.901 0
    endloop
  endfacet
  facet normal 0 0 -1
    outer loop
      vertex 20.2 22.8 0
      vertex 17.6354 29.9001 0
      vertex 17.6369 29.9005 0
    endloop
  endfacet
  facet normal 0 0 -1
    outer loop
      vertex 20.2 22.8 0
      vertex 17.428 29.8482 0
      vertex 17.6354 29.9001 0
    endloop
  endfacet
  facet normal 0 0 -1
    outer loop
      vertex 20.2 22.8 0
      vertex 17.2166 29.8168 0
      vertex 17.428 29.8482 0
    endloop
  endfacet
  facet normal 0 0 -1
    outer loop
      vertex 20.2 22.8 0
      vertex 17.215 29.8166 0
      vertex 17.2166 29.8168 0
    endloop
  endfacet
  facet normal 0 0 -1
    outer loop
      vertex 20.2 22.8 0
      vertex 17.2135 29.8165 0
      vertex 17.215 29.8166 0
    endloop
  endfacet
  facet normal 0 0 -1
    outer loop
      vertex 20.2 22.8 0
      vertex 17 29.806 0
      vertex 17.2135 29.8165 0
    endloop
  endfacet
  facet normal 0 0 -1
    outer loop
      vertex 20.2 22.8 0
      vertex 16.7865 29.8165 0
      vertex 17 29.806 0
    endloop
  endfacet
  facet normal 0 0 -1
    outer loop
      vertex 20.2 22.8 0
      vertex 16.785 29.8166 0
      vertex 16.7865 29.8165 0
    endloop
  endfacet
  facet normal 0 0 -1
    outer loop
      vertex 20.2 22.8 0
      vertex 16.7834 29.8168 0
      vertex 16.785 29.8166 0
    endloop
  endfacet
  facet normal -0 0 -1
    outer loop
      vertex 35.8 7.2 0
      vertex 16.4 4.6 0
      vertex 20.2 7.2 0
    endloop
  endfacet
  facet normal 0 0 -1
    outer loop
      vertex 14.015 11.7632 0
      vertex 20.2 7.2 0
      vertex 16.4 4.6 0
    endloop
  endfacet
  facet normal 0 0 -1
    outer loop
      vertex 20.2 22.8 0
      vertex 16.572 29.8482 0
      vertex 16.7834 29.8168 0
    endloop
  endfacet
  facet normal 0 0 -1
    outer loop
      vertex 20.2 22.8 0
      vertex 16.3646 29.9001 0
      vertex 16.572 29.8482 0
    endloop
  endfacet
  facet normal 0 0 -1
    outer loop
      vertex 20.2 22.8 0
      vertex 16.3631 29.9005 0
      vertex 16.3646 29.9001 0
    endloop
  endfacet
  facet normal 0 0 -1
    outer loop
      vertex 20.2 22.8 0
      vertex 16.3616 29.901 0
      vertex 16.3631 29.9005 0
    endloop
  endfacet
  facet normal 0 0 -1
    outer loop
      vertex 20.2 22.8 0
      vertex 16.1604 29.973 0
      vertex 16.3616 29.901 0
    endloop
  endfacet
  facet normal 0 0 -1
    outer loop
      vertex 20.2 22.8 0
      vertex 16.159 29.9737 0
      vertex 16.1604 29.973 0
    endloop
  endfacet
  facet normal 0 0 -1
    outer loop
      vertex 20.2 22.8 0
      vertex 15.9658 30.0651 0
      vertex 16.159 29.9737 0
    endloop
  endfacet
  facet normal 0 0 -1
    outer loop
      vertex 13.6123 14.4782 0
      vertex 20.2 22.8 0
      vertex 13.7542 14.4111 0
    endloop
  endfacet
  facet normal 0 0 -1
    outer loop
      vertex 13.8889 14.3304 0
      vertex 20.2 22.8 0
      vertex 14.015 14.2368 0
    endloop
  endfacet
  facet normal 0 0 -1
    outer loop
      vertex 20.2 7.2 0
      vertex 14.5693 13.3121 0
      vertex 20.2 22.8 0
    endloop
  endfacet
  facet normal 0 0 -1
    outer loop
      vertex 14.5311 13.4645 0
      vertex 20.2 22.8 0
      vertex 14.5693 13.3121 0
    endloop
  endfacet
  facet normal 0 0 -1
    outer loop
      vertex 14.4782 13.6123 0
      vertex 20.2 22.8 0
      vertex 14.5311 13.4645 0
    endloop
  endfacet
  facet normal 0 0 -1
    outer loop
      vertex 14.4111 13.7542 0
      vertex 20.2 22.8 0
      vertex 14.4782 13.6123 0
    endloop
  endfacet
  facet normal 0 0 -1
    outer loop
      vertex 14.3304 13.8889 0
      vertex 20.2 22.8 0
      vertex 14.4111 13.7542 0
    endloop
  endfacet
  facet normal 0 0 -1
    outer loop
      vertex 14.2368 14.015 0
      vertex 20.2 22.8 0
      vertex 14.3304 13.8889 0
    endloop
  endfacet
  facet normal 0 0 -1
    outer loop
      vertex 13.8889 11.6696 0
      vertex 16.4 4.6 0
      vertex 15.2434 4.65682 0
    endloop
  endfacet
  facet normal 0 0 -1
    outer loop
      vertex 14.1314 14.1314 0
      vertex 20.2 22.8 0
      vertex 14.2368 14.015 0
    endloop
  endfacet
  facet normal 0 0 -1
    outer loop
      vertex 14.015 14.2368 0
      vertex 20.2 22.8 0
      vertex 14.1314 14.1314 0
    endloop
  endfacet
  facet normal 0 0 -1
    outer loop
      vertex 13.7542 14.4111 0
      vertex 20.2 22.8 0
      vertex 13.8889 14.3304 0
    endloop
  endfacet
  facet normal 0 0 -1
    outer loop
      vertex 13.4645 14.5311 0
      vertex 20.2 22.8 0
      vertex 13.6123 14.4782 0
    endloop
  endfacet
  facet normal 0 0 -1
    outer loop
      vertex 13.3121 14.5693 0
      vertex 20.2 22.8 0
      vertex 13.4645 14.5311 0
    endloop
  endfacet
  facet normal 0 0 -1
    outer loop
      vertex 13.1568 14.5923 0
      vertex 20.2 22.8 0
      vertex 13.3121 14.5693 0
    endloop
  endfacet
  facet normal 0 0 -1
    outer loop
      vertex 13 14.6 0
      vertex 20.2 22.8 0
      vertex 13.1568 14.5923 0
    endloop
  endfacet
  facet normal 0 0 -1
    outer loop
      vertex 12.8432 14.5923 0
      vertex 20.2 22.8 0
      vertex 13 14.6 0
    endloop
  endfacet
  facet normal -0 0 -1
    outer loop
      vertex 20.2 22.8 0
      vertex 12.8432 14.5923 0
      vertex 15.9658 30.0651 0
    endloop
  endfacet
  facet normal -0 0 -1
    outer loop
      vertex 15.9658 30.0651 0
      vertex 12.8432 14.5923 0
      vertex 15.9644 30.0659 0
    endloop
  endfacet
  facet normal -0 0 -1
    outer loop
      vertex 15.9644 30.0659 0
      vertex 12.8432 14.5923 0
      vertex 15.7811 30.1758 0
    endloop
  endfacet
  facet normal 0 0 -1
    outer loop
      vertex 12.6879 14.5693 0
      vertex 15.7811 30.1758 0
      vertex 12.8432 14.5923 0
    endloop
  endfacet
  facet normal -0 0 -1
    outer loop
      vertex 15.7811 30.1758 0
      vertex 12.6879 14.5693 0
      vertex 15.6094 30.3031 0
    endloop
  endfacet
  facet normal 0 0 -1
    outer loop
      vertex 4.6 16.4 0
      vertex 15.6081 30.304 0
      vertex 12.6879 14.5693 0
    endloop
  endfacet
  facet normal -0 0 -1
    outer loop
      vertex 15.6094 30.3031 0
      vertex 12.6879 14.5693 0
      vertex 15.6081 30.304 0
    endloop
  endfacet
  facet normal 0 0 -1
    outer loop
      vertex 20.2 7.2 0
      vertex 14.5923 12.8432 0
      vertex 14.6 13 0
    endloop
  endfacet
  facet normal 0 0 -1
    outer loop
      vertex 20.2 7.2 0
      vertex 14.5693 12.6879 0
      vertex 14.5923 12.8432 0
    endloop
  endfacet
  facet normal 0 0 -1
    outer loop
      vertex 20.2 7.2 0
      vertex 14.5311 12.5355 0
      vertex 14.5693 12.6879 0
    endloop
  endfacet
  facet normal 0 0 -1
    outer loop
      vertex 20.2 7.2 0
      vertex 14.4782 12.3877 0
      vertex 14.5311 12.5355 0
    endloop
  endfacet
  facet normal 0 0 -1
    outer loop
      vertex 20.2 7.2 0
      vertex 14.4111 12.2458 0
      vertex 14.4782 12.3877 0
    endloop
  endfacet
  facet normal 0 0 -1
    outer loop
      vertex 20.2 7.2 0
      vertex 14.3304 12.1111 0
      vertex 14.4111 12.2458 0
    endloop
  endfacet
  facet normal 0 0 -1
    outer loop
      vertex 20.2 7.2 0
      vertex 14.2368 11.985 0
      vertex 14.3304 12.1111 0
    endloop
  endfacet
  facet normal 0 0 -1
    outer loop
      vertex 20.2 7.2 0
      vertex 14.1314 11.8686 0
      vertex 14.2368 11.985 0
    endloop
  endfacet
  facet normal 0 0 -1
    outer loop
      vertex 13.6123 11.5218 0
      vertex 15.2434 4.65682 0
      vertex 14.0979 4.82673 0
    endloop
  endfacet
  facet normal 0 0 -1
    outer loop
      vertex 20.2 7.2 0
      vertex 14.015 11.7632 0
      vertex 14.1314 11.8686 0
    endloop
  endfacet
  facet normal 0 0 -1
    outer loop
      vertex 16.4 4.6 0
      vertex 13.8889 11.6696 0
      vertex 14.015 11.7632 0
    endloop
  endfacet
  facet normal 0 0 -1
    outer loop
      vertex 15.2434 4.65682 0
      vertex 13.7542 11.5889 0
      vertex 13.8889 11.6696 0
    endloop
  endfacet
  facet normal 0 0 -1
    outer loop
      vertex 15.2434 4.65682 0
      vertex 13.6123 11.5218 0
      vertex 13.7542 11.5889 0
    endloop
  endfacet
  facet normal 0 0 -1
    outer loop
      vertex 14.0979 4.82673 0
      vertex 13.4645 11.4689 0
      vertex 13.6123 11.5218 0
    endloop
  endfacet
  facet normal 0 0 -1
    outer loop
      vertex 12.9746 5.1081 0
      vertex 13.4645 11.4689 0
      vertex 14.0979 4.82673 0
    endloop
  endfacet
  facet normal 0 0 -1
    outer loop
      vertex 13.4645 11.4689 0
      vertex 12.9746 5.1081 0
      vertex 13.3121 11.4307 0
    endloop
  endfacet
  facet normal 0 0 -1
    outer loop
      vertex 13.3121 11.4307 0
      vertex 12.9746 5.1081 0
      vertex 13.1568 11.4077 0
    endloop
  endfacet
  facet normal 0 0 -1
    outer loop
      vertex 11.8843 5.49822 0
      vertex 13.1568 11.4077 0
      vertex 12.9746 5.1081 0
    endloop
  endfacet
  facet normal 0 0 -1
    outer loop
      vertex 13.1568 11.4077 0
      vertex 11.8843 5.49822 0
      vertex 13 11.4 0
    endloop
  endfacet
  facet normal -0 0 -1
    outer loop
      vertex 13 11.4 0
      vertex 11.8843 5.49822 0
      vertex 12.8432 11.4077 0
    endloop
  endfacet
  facet normal 0 0 -1
    outer loop
      vertex 10.8375 5.99333 0
      vertex 12.8432 11.4077 0
      vertex 11.8843 5.49822 0
    endloop
  endfacet
  facet normal -0 0 -1
    outer loop
      vertex 12.8432 11.4077 0
      vertex 10.8375 5.99333 0
      vertex 12.6879 11.4307 0
    endloop
  endfacet
  facet normal -0 0 -1
    outer loop
      vertex 12.6879 11.4307 0
      vertex 10.8375 5.99333 0
      vertex 12.5355 11.4689 0
    endloop
  endfacet
  facet normal 0 0 -1
    outer loop
      vertex 9.84427 6.58866 0
      vertex 12.5355 11.4689 0
      vertex 10.8375 5.99333 0
    endloop
  endfacet
  facet normal -0 0 -1
    outer loop
      vertex 12.5355 11.4689 0
      vertex 9.84427 6.58866 0
      vertex 12.3877 11.5218 0
    endloop
  endfacet
  facet normal -0 0 -1
    outer loop
      vertex 12.3877 11.5218 0
      vertex 9.84427 6.58866 0
      vertex 12.2458 11.5889 0
    endloop
  endfacet
  facet normal 0 0 -1
    outer loop
      vertex 8.91416 7.27848 0
      vertex 12.2458 11.5889 0
      vertex 9.84427 6.58866 0
    endloop
  endfacet
  facet normal -0 0 -1
    outer loop
      vertex 12.2458 11.5889 0
      vertex 8.91416 7.27848 0
      vertex 12.1111 11.6696 0
    endloop
  endfacet
  facet normal -0 0 -1
    outer loop
      vertex 12.1111 11.6696 0
      vertex 8.91416 7.27848 0
      vertex 11.985 11.7632 0
    endloop
  endfacet
  facet normal 0 0 -1
    outer loop
      vertex 8.05614 8.05614 0
      vertex 11.985 11.7632 0
      vertex 8.91416 7.27848 0
    endloop
  endfacet
  facet normal -0 0 -1
    outer loop
      vertex 11.985 11.7632 0
      vertex 8.05614 8.05614 0
      vertex 11.8686 11.8686 0
    endloop
  endfacet
  facet normal -0 0 -1
    outer loop
      vertex 11.8686 11.8686 0
      vertex 8.05614 8.05614 0
      vertex 11.7632 11.985 0
    endloop
  endfacet
  facet normal 0 0 -1
    outer loop
      vertex 7.27848 8.91416 0
      vertex 11.7632 11.985 0
      vertex 8.05614 8.05614 0
    endloop
  endfacet
  facet normal -0 0 -1
    outer loop
      vertex 11.7632 11.985 0
      vertex 7.27848 8.91416 0
      vertex 11.6696 12.1111 0
    endloop
  endfacet
  facet normal -0 0 -1
    outer loop
      vertex 11.5889 12.2458 0
      vertex 6.58866 9.84427 0
      vertex 11.5218 12.3877 0
    endloop
  endfacet
  facet normal 0 0 -1
    outer loop
      vertex 6.58866 9.84427 0
      vertex 11.5889 12.2458 0
      vertex 7.27848 8.91416 0
    endloop
  endfacet
  facet normal -0 0 -1
    outer loop
      vertex 11.6696 12.1111 0
      vertex 7.27848 8.91416 0
      vertex 11.5889 12.2458 0
    endloop
  endfacet
  facet normal 0 0 -1
    outer loop
      vertex 78.4111 77.7542 0
      vertex 83.4113 80.1557 0
      vertex 78.4782 77.6123 0
    endloop
  endfacet
  facet normal -0 0 -1
    outer loop
      vertex 83.4113 80.1557 0
      vertex 78.4111 77.7542 0
      vertex 82.7215 81.0858 0
    endloop
  endfacet
  facet normal 0 0 -1
    outer loop
      vertex 78.3304 77.8889 0
      vertex 82.7215 81.0858 0
      vertex 78.4111 77.7542 0
    endloop
  endfacet
  facet normal 0 0 -1
    outer loop
      vertex 78.2368 78.015 0
      vertex 82.7215 81.0858 0
      vertex 78.3304 77.8889 0
    endloop
  endfacet
  facet normal -0 0 -1
    outer loop
      vertex 82.7215 81.0858 0
      vertex 78.2368 78.015 0
      vertex 81.9439 81.9439 0
    endloop
  endfacet
  facet normal 0 0 -1
    outer loop
      vertex 78.1314 78.1314 0
      vertex 81.9439 81.9439 0
      vertex 78.2368 78.015 0
    endloop
  endfacet
  facet normal 0 0 -1
    outer loop
      vertex 78.015 78.2368 0
      vertex 81.9439 81.9439 0
      vertex 78.1314 78.1314 0
    endloop
  endfacet
  facet normal -0 0 -1
    outer loop
      vertex 81.9439 81.9439 0
      vertex 78.015 78.2368 0
      vertex 81.0858 82.7215 0
    endloop
  endfacet
  facet normal 0 0 -1
    outer loop
      vertex 77.8889 78.3304 0
      vertex 81.0858 82.7215 0
      vertex 78.015 78.2368 0
    endloop
  endfacet
  facet normal 0 0 -1
    outer loop
      vertex 77.7542 78.4111 0
      vertex 81.0858 82.7215 0
      vertex 77.8889 78.3304 0
    endloop
  endfacet
  facet normal -0 0 -1
    outer loop
      vertex 81.0858 82.7215 0
      vertex 77.7542 78.4111 0
      vertex 80.1557 83.4113 0
    endloop
  endfacet
  facet normal 0 0 -1
    outer loop
      vertex 77.6123 78.4782 0
      vertex 80.1557 83.4113 0
      vertex 77.7542 78.4111 0
    endloop
  endfacet
  facet normal 0 0 -1
    outer loop
      vertex 77.4645 78.5311 0
      vertex 80.1557 83.4113 0
      vertex 77.6123 78.4782 0
    endloop
  endfacet
  facet normal -0 0 -1
    outer loop
      vertex 80.1557 83.4113 0
      vertex 77.4645 78.5311 0
      vertex 79.1625 84.0067 0
    endloop
  endfacet
  facet normal 0 0 -1
    outer loop
      vertex 77.3121 78.5693 0
      vertex 79.1625 84.0067 0
      vertex 77.4645 78.5311 0
    endloop
  endfacet
  facet normal 0 0 -1
    outer loop
      vertex 77.1568 78.5923 0
      vertex 79.1625 84.0067 0
      vertex 77.3121 78.5693 0
    endloop
  endfacet
  facet normal -0 0 -1
    outer loop
      vertex 79.1625 84.0067 0
      vertex 77.1568 78.5923 0
      vertex 78.1157 84.5018 0
    endloop
  endfacet
  facet normal 0 0 -1
    outer loop
      vertex 77 78.6 0
      vertex 78.1157 84.5018 0
      vertex 77.1568 78.5923 0
    endloop
  endfacet
  facet normal 0 0 -1
    outer loop
      vertex 76.8432 78.5923 0
      vertex 78.1157 84.5018 0
      vertex 77 78.6 0
    endloop
  endfacet
  facet normal -0 0 -1
    outer loop
      vertex 78.1157 84.5018 0
      vertex 76.8432 78.5923 0
      vertex 77.0254 84.8919 0
    endloop
  endfacet
  facet normal 0 0 -1
    outer loop
      vertex 76.6879 78.5693 0
      vertex 77.0254 84.8919 0
      vertex 76.8432 78.5923 0
    endloop
  endfacet
  facet normal 0 0 -1
    outer loop
      vertex 76.5355 78.5311 0
      vertex 77.0254 84.8919 0
      vertex 76.6879 78.5693 0
    endloop
  endfacet
  facet normal 0 0 -1
    outer loop
      vertex 75.9021 85.1733 0
      vertex 76.5355 78.5311 0
      vertex 76.3877 78.4782 0
    endloop
  endfacet
  facet normal 0 0 -1
    outer loop
      vertex 74.7566 85.3432 0
      vertex 76.3877 78.4782 0
      vertex 76.2458 78.4111 0
    endloop
  endfacet
  facet normal 0 0 -1
    outer loop
      vertex 74.7566 85.3432 0
      vertex 76.2458 78.4111 0
      vertex 76.1111 78.3304 0
    endloop
  endfacet
  facet normal 0 0 -1
    outer loop
      vertex 73.6 85.4 0
      vertex 76.1111 78.3304 0
      vertex 75.985 78.2368 0
    endloop
  endfacet
  facet normal 0 0 -1
    outer loop
      vertex 76.5355 78.5311 0
      vertex 75.9021 85.1733 0
      vertex 77.0254 84.8919 0
    endloop
  endfacet
  facet normal 0 0 -1
    outer loop
      vertex 73.6 85.4 0
      vertex 75.985 78.2368 0
      vertex 75.8686 78.1314 0
    endloop
  endfacet
  facet normal 0 0 -1
    outer loop
      vertex 73.6 85.4 0
      vertex 75.8686 78.1314 0
      vertex 75.7632 78.015 0
    endloop
  endfacet
  facet normal 0 0 -1
    outer loop
      vertex 73.6 85.4 0
      vertex 75.7632 78.015 0
      vertex 75.6696 77.8889 0
    endloop
  endfacet
  facet normal 0 0 -1
    outer loop
      vertex 73.6 85.4 0
      vertex 75.6696 77.8889 0
      vertex 75.5889 77.7542 0
    endloop
  endfacet
  facet normal 0 0 -1
    outer loop
      vertex 73.6 85.4 0
      vertex 75.5889 77.7542 0
      vertex 75.5218 77.6123 0
    endloop
  endfacet
  facet normal 0 0 -1
    outer loop
      vertex 73.6 85.4 0
      vertex 75.5218 77.6123 0
      vertex 75.4689 77.4645 0
    endloop
  endfacet
  facet normal 0 0 -1
    outer loop
      vertex 73.6 85.4 0
      vertex 75.4689 77.4645 0
      vertex 75.4307 77.3121 0
    endloop
  endfacet
  facet normal 0 0 -1
    outer loop
      vertex 73.6 85.4 0
      vertex 75.4307 77.3121 0
      vertex 75.4077 77.1568 0
    endloop
  endfacet
  facet normal 0 0 -1
    outer loop
      vertex 74.5514 69.5514 0
      vertex 77 75.4 0
      vertex 74.6949 69.393 0
    endloop
  endfacet
  facet normal -0 0 -1
    outer loop
      vertex 77 75.4 0
      vertex 74.5514 69.5514 0
      vertex 76.8432 75.4077 0
    endloop
  endfacet
  facet normal 0 0 -1
    outer loop
      vertex 74.393 69.6949 0
      vertex 76.8432 75.4077 0
      vertex 74.5514 69.5514 0
    endloop
  endfacet
  facet normal 0 0 -1
    outer loop
      vertex 74.3919 69.696 0
      vertex 76.8432 75.4077 0
      vertex 74.393 69.6949 0
    endloop
  endfacet
  facet normal -0 0 -1
    outer loop
      vertex 76.8432 75.4077 0
      vertex 74.3919 69.696 0
      vertex 76.6879 75.4307 0
    endloop
  endfacet
  facet normal 0 0 -1
    outer loop
      vertex 74.3906 69.6969 0
      vertex 76.6879 75.4307 0
      vertex 74.3919 69.696 0
    endloop
  endfacet
  facet normal 0 0 -1
    outer loop
      vertex 74.2189 69.8242 0
      vertex 76.6879 75.4307 0
      vertex 74.3906 69.6969 0
    endloop
  endfacet
  facet normal -0 0 -1
    outer loop
      vertex 76.6879 75.4307 0
      vertex 74.2189 69.8242 0
      vertex 76.5355 75.4689 0
    endloop
  endfacet
  facet normal 0 0 -1
    outer loop
      vertex 74.0356 69.9341 0
      vertex 76.5355 75.4689 0
      vertex 74.2189 69.8242 0
    endloop
  endfacet
  facet normal 0 0 -1
    outer loop
      vertex 74.0342 69.9349 0
      vertex 76.5355 75.4689 0
      vertex 74.0356 69.9341 0
    endloop
  endfacet
  facet normal -0 0 -1
    outer loop
      vertex 76.5355 75.4689 0
      vertex 74.0342 69.9349 0
      vertex 76.3877 75.5218 0
    endloop
  endfacet
  facet normal 0 0 -1
    outer loop
      vertex 73.841 70.0263 0
      vertex 76.3877 75.5218 0
      vertex 74.0342 69.9349 0
    endloop
  endfacet
  facet normal 0 0 -1
    outer loop
      vertex 73.8396 70.027 0
      vertex 76.3877 75.5218 0
      vertex 73.841 70.0263 0
    endloop
  endfacet
  facet normal -0 0 -1
    outer loop
      vertex 76.3877 75.5218 0
      vertex 73.8396 70.027 0
      vertex 76.2458 75.5889 0
    endloop
  endfacet
  facet normal 0 0 -1
    outer loop
      vertex 73.6384 70.099 0
      vertex 76.2458 75.5889 0
      vertex 73.8396 70.027 0
    endloop
  endfacet
  facet normal 0 0 -1
    outer loop
      vertex 73.6369 70.0995 0
      vertex 76.2458 75.5889 0
      vertex 73.6384 70.099 0
    endloop
  endfacet
  facet normal -0 0 -1
    outer loop
      vertex 76.2458 75.5889 0
      vertex 73.6369 70.0995 0
      vertex 76.1111 75.6696 0
    endloop
  endfacet
  facet normal 0 0 -1
    outer loop
      vertex 73.6354 70.0999 0
      vertex 76.1111 75.6696 0
      vertex 73.6369 70.0995 0
    endloop
  endfacet
  facet normal 0 0 -1
    outer loop
      vertex 73.428 70.1518 0
      vertex 76.1111 75.6696 0
      vertex 73.6354 70.0999 0
    endloop
  endfacet
  facet normal -0 0 -1
    outer loop
      vertex 76.1111 75.6696 0
      vertex 73.428 70.1518 0
      vertex 75.985 75.7632 0
    endloop
  endfacet
  facet normal 0 0 -1
    outer loop
      vertex 73.2166 70.1832 0
      vertex 75.985 75.7632 0
      vertex 73.428 70.1518 0
    endloop
  endfacet
  facet normal -0 0 -1
    outer loop
      vertex 75.985 75.7632 0
      vertex 73.2166 70.1832 0
      vertex 75.8686 75.8686 0
    endloop
  endfacet
  facet normal 0 0 -1
    outer loop
      vertex 73.215 70.1834 0
      vertex 75.8686 75.8686 0
      vertex 73.2166 70.1832 0
    endloop
  endfacet
  facet normal 0 0 -1
    outer loop
      vertex 73.2135 70.1835 0
      vertex 75.8686 75.8686 0
      vertex 73.215 70.1834 0
    endloop
  endfacet
  facet normal -0 0 -1
    outer loop
      vertex 75.8686 75.8686 0
      vertex 73.2135 70.1835 0
      vertex 75.7632 75.985 0
    endloop
  endfacet
  facet normal 0 0 -1
    outer loop
      vertex 73 70.194 0
      vertex 75.7632 75.985 0
      vertex 73.2135 70.1835 0
    endloop
  endfacet
  facet normal -0 0 -1
    outer loop
      vertex 75.7632 75.985 0
      vertex 73 70.194 0
      vertex 75.6696 76.1111 0
    endloop
  endfacet
  facet normal 0 0 -1
    outer loop
      vertex 72.7865 70.1835 0
      vertex 75.6696 76.1111 0
      vertex 73 70.194 0
    endloop
  endfacet
  facet normal 0 0 -1
    outer loop
      vertex 72.785 70.1834 0
      vertex 75.6696 76.1111 0
      vertex 72.7865 70.1835 0
    endloop
  endfacet
  facet normal -0 0 -1
    outer loop
      vertex 75.6696 76.1111 0
      vertex 72.785 70.1834 0
      vertex 75.5889 76.2458 0
    endloop
  endfacet
  facet normal 0 0 -1
    outer loop
      vertex 72.7834 70.1832 0
      vertex 75.5889 76.2458 0
      vertex 72.785 70.1834 0
    endloop
  endfacet
  facet normal 0 0 -1
    outer loop
      vertex 72.572 70.1518 0
      vertex 75.5889 76.2458 0
      vertex 72.7834 70.1832 0
    endloop
  endfacet
  facet normal -0 0 -1
    outer loop
      vertex 75.5889 76.2458 0
      vertex 72.572 70.1518 0
      vertex 75.5218 76.3877 0
    endloop
  endfacet
  facet normal 0 0 -1
    outer loop
      vertex 76.3877 78.4782 0
      vertex 74.7566 85.3432 0
      vertex 75.9021 85.1733 0
    endloop
  endfacet
  facet normal 0 0 -1
    outer loop
      vertex 76.1111 78.3304 0
      vertex 73.6 85.4 0
      vertex 74.7566 85.3432 0
    endloop
  endfacet
  facet normal 0 0 -1
    outer loop
      vertex 72.3646 70.0999 0
      vertex 75.5218 76.3877 0
      vertex 72.572 70.1518 0
    endloop
  endfacet
  facet normal 0 0 -1
    outer loop
      vertex 72.3631 70.0995 0
      vertex 75.5218 76.3877 0
      vertex 72.3646 70.0999 0
    endloop
  endfacet
  facet normal -0 0 -1
    outer loop
      vertex 75.5218 76.3877 0
      vertex 72.3631 70.0995 0
      vertex 75.4689 76.5355 0
    endloop
  endfacet
  facet normal 0 0 -1
    outer loop
      vertex 72.3616 70.099 0
      vertex 75.4689 76.5355 0
      vertex 72.3631 70.0995 0
    endloop
  endfacet
  facet normal 0 0 -1
    outer loop
      vertex 72.1604 70.027 0
      vertex 75.4689 76.5355 0
      vertex 72.3616 70.099 0
    endloop
  endfacet
  facet normal -0 0 -1
    outer loop
      vertex 75.4689 76.5355 0
      vertex 72.1604 70.027 0
      vertex 75.4307 76.6879 0
    endloop
  endfacet
  facet normal 0 0 -1
    outer loop
      vertex 72.159 70.0263 0
      vertex 75.4307 76.6879 0
      vertex 72.1604 70.027 0
    endloop
  endfacet
  facet normal 0 0 -1
    outer loop
      vertex 71.9658 69.9349 0
      vertex 75.4307 76.6879 0
      vertex 72.159 70.0263 0
    endloop
  endfacet
  facet normal -0 0 -1
    outer loop
      vertex 75.4307 76.6879 0
      vertex 71.9658 69.9349 0
      vertex 75.4077 76.8432 0
    endloop
  endfacet
  facet normal 0 0 -1
    outer loop
      vertex 71.9644 69.9341 0
      vertex 75.4077 76.8432 0
      vertex 71.9658 69.9349 0
    endloop
  endfacet
  facet normal 0 0 -1
    outer loop
      vertex 71.7811 69.8242 0
      vertex 75.4077 76.8432 0
      vertex 71.9644 69.9341 0
    endloop
  endfacet
  facet normal -0 0 -1
    outer loop
      vertex 75.4077 76.8432 0
      vertex 71.7811 69.8242 0
      vertex 75.4 77 0
    endloop
  endfacet
  facet normal 0 0 -1
    outer loop
      vertex 71.6094 69.6969 0
      vertex 75.4 77 0
      vertex 71.7811 69.8242 0
    endloop
  endfacet
  facet normal 0 0 -1
    outer loop
      vertex 71.6081 69.696 0
      vertex 75.4 77 0
      vertex 71.6094 69.6969 0
    endloop
  endfacet
  facet normal -0 0 -1
    outer loop
      vertex 75.4 77 0
      vertex 71.6081 69.696 0
      vertex 75.4077 77.1568 0
    endloop
  endfacet
  facet normal 0 0 -1
    outer loop
      vertex 71.607 69.6949 0
      vertex 75.4077 77.1568 0
      vertex 71.6081 69.696 0
    endloop
  endfacet
  facet normal 0 0 -1
    outer loop
      vertex 71.4486 69.5514 0
      vertex 75.4077 77.1568 0
      vertex 71.607 69.6949 0
    endloop
  endfacet
  facet normal -0 0 -1
    outer loop
      vertex 75.4077 77.1568 0
      vertex 71.4486 69.5514 0
      vertex 73.6 85.4 0
    endloop
  endfacet
  facet normal 0 0 -1
    outer loop
      vertex 49 75 0
      vertex 71.4486 69.5514 0
      vertex 71.3051 69.393 0
    endloop
  endfacet
  facet normal 0 0 -1
    outer loop
      vertex 49 75 0
      vertex 71.3051 69.393 0
      vertex 71.304 69.3919 0
    endloop
  endfacet
  facet normal 0 0 -1
    outer loop
      vertex 49 75 0
      vertex 71.304 69.3919 0
      vertex 71.3031 69.3906 0
    endloop
  endfacet
  facet normal 0 0 -1
    outer loop
      vertex 49 75 0
      vertex 71.3031 69.3906 0
      vertex 71.1758 69.2189 0
    endloop
  endfacet
  facet normal 0 0 -1
    outer loop
      vertex 49 75 0
      vertex 71.1758 69.2189 0
      vertex 71.0659 69.0356 0
    endloop
  endfacet
  facet normal 0 0 -1
    outer loop
      vertex 49 75 0
      vertex 71.0659 69.0356 0
      vertex 71.0651 69.0342 0
    endloop
  endfacet
  facet normal 0 0 -1
    outer loop
      vertex 49 75 0
      vertex 71.0651 69.0342 0
      vertex 70.9737 68.841 0
    endloop
  endfacet
  facet normal 0 0 -1
    outer loop
      vertex 49 75 0
      vertex 70.9737 68.841 0
      vertex 70.973 68.8396 0
    endloop
  endfacet
  facet normal 0 0 -1
    outer loop
      vertex 49 75 0
      vertex 70.973 68.8396 0
      vertex 70.901 68.6384 0
    endloop
  endfacet
  facet normal 0 0 -1
    outer loop
      vertex 49 75 0
      vertex 70.901 68.6384 0
      vertex 70.9005 68.6369 0
    endloop
  endfacet
  facet normal 0 0 -1
    outer loop
      vertex 49 70 0
      vertex 70.9005 68.6369 0
      vertex 70.9001 68.6354 0
    endloop
  endfacet
  facet normal 0 0 -1
    outer loop
      vertex 49 70 0
      vertex 70.9001 68.6354 0
      vertex 70.8482 68.428 0
    endloop
  endfacet
  facet normal 0 0 1
    outer loop
      vertex 70.806 68 0
      vertex 70.8166 68.215 0
      vertex 70.8165 68.2135 0
    endloop
  endfacet
  facet normal -0 0 -1
    outer loop
      vertex 70.8166 31.785 0
      vertex 54.2 22.8 0
      vertex 70.806 32 0
    endloop
  endfacet
  facet normal -0 0 -1
    outer loop
      vertex 71.1758 33.2189 0
      vertex 54.2 22.8 0
      vertex 49 70 0
    endloop
  endfacet
  facet normal 0 0 -1
    outer loop
      vertex 70.8165 67.7865 0
      vertex 49 70 0
      vertex 70.806 68 0
    endloop
  endfacet
  facet normal 0 0 -1
    outer loop
      vertex 70.806 68 0
      vertex 49 70 0
      vertex 70.8166 68.215 0
    endloop
  endfacet
  facet normal 0 0 -1
    outer loop
      vertex 70.8166 68.215 0
      vertex 49 70 0
      vertex 70.8168 68.2166 0
    endloop
  endfacet
  facet normal 0 0 -1
    outer loop
      vertex 70.8168 68.2166 0
      vertex 49 70 0
      vertex 70.8482 68.428 0
    endloop
  endfacet
  facet normal 0 0 -1
    outer loop
      vertex 70.9005 68.6369 0
      vertex 49 70 0
      vertex 49 75 0
    endloop
  endfacet
  facet normal 0 0 -1
    outer loop
      vertex 71.4486 69.5514 0
      vertex 49 75 0
      vertex 73.6 85.4 0
    endloop
  endfacet
  facet normal 0 0 -1
    outer loop
      vertex 41 75 0
      vertex 73.6 85.4 0
      vertex 49 75 0
    endloop
  endfacet
  facet normal 0 0 -1
    outer loop
      vertex 19.1835 32.2135 0
      vertex 35.8 22.8 0
      vertex 19.194 32 0
    endloop
  endfacet
  facet normal 0 0 -1
    outer loop
      vertex 19.194 32 0
      vertex 35.8 22.8 0
      vertex 20.2 22.8 0
    endloop
  endfacet
  facet normal 0 0 -1
    outer loop
      vertex 19.1834 32.215 0
      vertex 35.8 22.8 0
      vertex 19.1835 32.2135 0
    endloop
  endfacet
  facet normal 0 0 -1
    outer loop
      vertex 19.1835 68.2135 0
      vertex 41 70 0
      vertex 19.194 68 0
    endloop
  endfacet
  facet normal 0 0 -1
    outer loop
      vertex 19.1834 68.215 0
      vertex 41 70 0
      vertex 19.1835 68.2135 0
    endloop
  endfacet
  facet normal 0 0 -1
    outer loop
      vertex 19.1832 68.2166 0
      vertex 41 70 0
      vertex 19.1834 68.215 0
    endloop
  endfacet
  facet normal 0 0 -1
    outer loop
      vertex 19.1518 68.428 0
      vertex 41 70 0
      vertex 19.1832 68.2166 0
    endloop
  endfacet
  facet normal 0 0 -1
    outer loop
      vertex 19.0999 68.6354 0
      vertex 41 70 0
      vertex 19.1518 68.428 0
    endloop
  endfacet
  facet normal 0 0 -1
    outer loop
      vertex 19.0995 68.6369 0
      vertex 41 70 0
      vertex 19.0999 68.6354 0
    endloop
  endfacet
  facet normal -0 0 -1
    outer loop
      vertex 41 70 0
      vertex 19.0995 68.6369 0
      vertex 41 75 0
    endloop
  endfacet
  facet normal 0 0 -1
    outer loop
      vertex 19.099 68.6384 0
      vertex 41 75 0
      vertex 19.0995 68.6369 0
    endloop
  endfacet
  facet normal 0 0 -1
    outer loop
      vertex 19.027 68.8396 0
      vertex 41 75 0
      vertex 19.099 68.6384 0
    endloop
  endfacet
  facet normal 0 0 -1
    outer loop
      vertex 19.0263 68.841 0
      vertex 41 75 0
      vertex 19.027 68.8396 0
    endloop
  endfacet
  facet normal 0 0 -1
    outer loop
      vertex 18.9349 69.0342 0
      vertex 41 75 0
      vertex 19.0263 68.841 0
    endloop
  endfacet
  facet normal 0 0 -1
    outer loop
      vertex 18.9341 69.0356 0
      vertex 41 75 0
      vertex 18.9349 69.0342 0
    endloop
  endfacet
  facet normal 0 0 -1
    outer loop
      vertex 18.8242 69.2189 0
      vertex 41 75 0
      vertex 18.9341 69.0356 0
    endloop
  endfacet
  facet normal 0 0 -1
    outer loop
      vertex 18.6969 69.3906 0
      vertex 41 75 0
      vertex 18.8242 69.2189 0
    endloop
  endfacet
  facet normal 0 0 -1
    outer loop
      vertex 18.696 69.3919 0
      vertex 41 75 0
      vertex 18.6969 69.3906 0
    endloop
  endfacet
  facet normal 0 0 -1
    outer loop
      vertex 18.6949 69.393 0
      vertex 41 75 0
      vertex 18.696 69.3919 0
    endloop
  endfacet
  facet normal 0 0 -1
    outer loop
      vertex 18.5514 69.5514 0
      vertex 41 75 0
      vertex 18.6949 69.393 0
    endloop
  endfacet
  facet normal -0 0 -1
    outer loop
      vertex 41 75 0
      vertex 18.5514 69.5514 0
      vertex 16.4 85.4 0
    endloop
  endfacet
  facet normal 0 0 -1
    outer loop
      vertex 14.5923 77.1568 0
      vertex 18.5514 69.5514 0
      vertex 18.393 69.6949 0
    endloop
  endfacet
  facet normal 0 0 -1
    outer loop
      vertex 14.5923 77.1568 0
      vertex 18.393 69.6949 0
      vertex 18.3919 69.696 0
    endloop
  endfacet
  facet normal 0 0 -1
    outer loop
      vertex 14.6 77 0
      vertex 18.3919 69.696 0
      vertex 18.3906 69.6969 0
    endloop
  endfacet
  facet normal 0 0 -1
    outer loop
      vertex 14.6 77 0
      vertex 18.3906 69.6969 0
      vertex 18.2189 69.8242 0
    endloop
  endfacet
  facet normal 0 0 -1
    outer loop
      vertex 14.6 77 0
      vertex 18.2189 69.8242 0
      vertex 18.0356 69.9341 0
    endloop
  endfacet
  facet normal 0 0 -1
    outer loop
      vertex 14.6 77 0
      vertex 18.0356 69.9341 0
      vertex 18.0342 69.9349 0
    endloop
  endfacet
  facet normal 0 0 -1
    outer loop
      vertex 14.6 77 0
      vertex 18.0342 69.9349 0
      vertex 17.841 70.0263 0
    endloop
  endfacet
  facet normal 0 0 -1
    outer loop
      vertex 14.6 77 0
      vertex 17.841 70.0263 0
      vertex 17.8396 70.027 0
    endloop
  endfacet
  facet normal 0 0 -1
    outer loop
      vertex 14.6 77 0
      vertex 17.8396 70.027 0
      vertex 17.6384 70.099 0
    endloop
  endfacet
  facet normal 0 0 -1
    outer loop
      vertex 14.6 77 0
      vertex 17.6384 70.099 0
      vertex 17.6369 70.0995 0
    endloop
  endfacet
  facet normal 0 0 -1
    outer loop
      vertex 14.6 77 0
      vertex 17.6369 70.0995 0
      vertex 17.6354 70.0999 0
    endloop
  endfacet
  facet normal 0 0 -1
    outer loop
      vertex 14.6 77 0
      vertex 17.6354 70.0999 0
      vertex 17.428 70.1518 0
    endloop
  endfacet
  facet normal 0 0 -1
    outer loop
      vertex 14.6 77 0
      vertex 17.428 70.1518 0
      vertex 17.2166 70.1832 0
    endloop
  endfacet
  facet normal 0 0 -1
    outer loop
      vertex 14.6 77 0
      vertex 17.2166 70.1832 0
      vertex 17.215 70.1834 0
    endloop
  endfacet
  facet normal 0 0 -1
    outer loop
      vertex 14.6 77 0
      vertex 17.215 70.1834 0
      vertex 17.2135 70.1835 0
    endloop
  endfacet
  facet normal 0 0 -1
    outer loop
      vertex 14.6 77 0
      vertex 17.2135 70.1835 0
      vertex 17 70.194 0
    endloop
  endfacet
  facet normal 0 0 -1
    outer loop
      vertex 14.6 77 0
      vertex 17 70.194 0
      vertex 16.7865 70.1835 0
    endloop
  endfacet
  facet normal 0 0 -1
    outer loop
      vertex 14.6 77 0
      vertex 16.7865 70.1835 0
      vertex 16.785 70.1834 0
    endloop
  endfacet
  facet normal 0 0 -1
    outer loop
      vertex 14.6 77 0
      vertex 16.785 70.1834 0
      vertex 16.7834 70.1832 0
    endloop
  endfacet
  facet normal 0 0 -1
    outer loop
      vertex 14.6 77 0
      vertex 16.7834 70.1832 0
      vertex 16.572 70.1518 0
    endloop
  endfacet
  facet normal 0 0 -1
    outer loop
      vertex 41 75 0
      vertex 16.4 85.4 0
      vertex 73.6 85.4 0
    endloop
  endfacet
  facet normal 0 0 -1
    outer loop
      vertex 14.6 77 0
      vertex 16.572 70.1518 0
      vertex 16.3646 70.0999 0
    endloop
  endfacet
  facet normal 0 0 -1
    outer loop
      vertex 14.6 77 0
      vertex 16.3646 70.0999 0
      vertex 16.3631 70.0995 0
    endloop
  endfacet
  facet normal 0 0 -1
    outer loop
      vertex 14.6 77 0
      vertex 16.3631 70.0995 0
      vertex 16.3616 70.099 0
    endloop
  endfacet
  facet normal 0 0 -1
    outer loop
      vertex 14.6 77 0
      vertex 16.3616 70.099 0
      vertex 16.1604 70.027 0
    endloop
  endfacet
  facet normal 0 0 -1
    outer loop
      vertex 14.6 77 0
      vertex 16.1604 70.027 0
      vertex 16.159 70.0263 0
    endloop
  endfacet
  facet normal 0 0 -1
    outer loop
      vertex 14.6 77 0
      vertex 16.159 70.0263 0
      vertex 15.9658 69.9349 0
    endloop
  endfacet
  facet normal 0 0 -1
    outer loop
      vertex 14.6 77 0
      vertex 15.9658 69.9349 0
      vertex 15.9644 69.9341 0
    endloop
  endfacet
  facet normal 0 0 -1
    outer loop
      vertex 14.6 77 0
      vertex 15.9644 69.9341 0
      vertex 15.7811 69.8242 0
    endloop
  endfacet
  facet normal 0 0 -1
    outer loop
      vertex 14.6 77 0
      vertex 15.7811 69.8242 0
      vertex 15.6094 69.6969 0
    endloop
  endfacet
  facet normal 0 0 -1
    outer loop
      vertex 14.6 77 0
      vertex 15.6094 69.6969 0
      vertex 15.6081 69.696 0
    endloop
  endfacet
  facet normal 0 0 -1
    outer loop
      vertex 14.6 77 0
      vertex 15.6081 69.696 0
      vertex 15.607 69.6949 0
    endloop
  endfacet
  facet normal 0 0 -1
    outer loop
      vertex 14.6 77 0
      vertex 15.607 69.6949 0
      vertex 15.4486 69.5514 0
    endloop
  endfacet
  facet normal 0 0 -1
    outer loop
      vertex 14.6 77 0
      vertex 15.4486 69.5514 0
      vertex 15.3051 69.393 0
    endloop
  endfacet
  facet normal 0 0 -1
    outer loop
      vertex 14.6 77 0
      vertex 15.3051 69.393 0
      vertex 15.304 69.3919 0
    endloop
  endfacet
  facet normal 0 0 -1
    outer loop
      vertex 14.6 77 0
      vertex 15.304 69.3919 0
      vertex 15.3031 69.3906 0
    endloop
  endfacet
  facet normal 0 0 -1
    outer loop
      vertex 18.3919 69.696 0
      vertex 14.6 77 0
      vertex 14.5923 77.1568 0
    endloop
  endfacet
  facet normal 0 0 -1
    outer loop
      vertex 14.6 77 0
      vertex 15.3031 69.3906 0
      vertex 15.1758 69.2189 0
    endloop
  endfacet
  facet normal 0 0 -1
    outer loop
      vertex 14.6 77 0
      vertex 15.1758 69.2189 0
      vertex 15.0659 69.0356 0
    endloop
  endfacet
  facet normal 0 0 -1
    outer loop
      vertex 14.6 77 0
      vertex 15.0659 69.0356 0
      vertex 15.0651 69.0342 0
    endloop
  endfacet
  facet normal 0 0 -1
    outer loop
      vertex 14.6 77 0
      vertex 15.0651 69.0342 0
      vertex 14.9737 68.841 0
    endloop
  endfacet
  facet normal 0 0 -1
    outer loop
      vertex 14.6 77 0
      vertex 14.9737 68.841 0
      vertex 14.973 68.8396 0
    endloop
  endfacet
  facet normal 0 0 -1
    outer loop
      vertex 14.6 77 0
      vertex 14.973 68.8396 0
      vertex 14.901 68.6384 0
    endloop
  endfacet
  facet normal 0 0 -1
    outer loop
      vertex 14.6 77 0
      vertex 14.901 68.6384 0
      vertex 14.9005 68.6369 0
    endloop
  endfacet
  facet normal 0 0 -1
    outer loop
      vertex 14.6 77 0
      vertex 14.9005 68.6369 0
      vertex 14.9001 68.6354 0
    endloop
  endfacet
  facet normal 0 0 -1
    outer loop
      vertex 14.6 77 0
      vertex 14.9001 68.6354 0
      vertex 14.8482 68.428 0
    endloop
  endfacet
  facet normal 0 0 -1
    outer loop
      vertex 14.6 77 0
      vertex 14.8482 68.428 0
      vertex 14.8168 68.2166 0
    endloop
  endfacet
  facet normal 0 0 -1
    outer loop
      vertex 14.6 77 0
      vertex 14.8168 68.2166 0
      vertex 14.8166 68.215 0
    endloop
  endfacet
  facet normal 0 0 -1
    outer loop
      vertex 14.6 77 0
      vertex 14.8166 68.215 0
      vertex 14.8165 68.2135 0
    endloop
  endfacet
  facet normal 0 0 -1
    outer loop
      vertex 14.6 77 0
      vertex 14.8165 68.2135 0
      vertex 14.806 68 0
    endloop
  endfacet
  facet normal 0 0 -1
    outer loop
      vertex 14.806 32 0
      vertex 14.6 77 0
      vertex 14.806 68 0
    endloop
  endfacet
  facet normal 0 0 -1
    outer loop
      vertex 18.5514 69.5514 0
      vertex 14.5923 77.1568 0
      vertex 16.4 85.4 0
    endloop
  endfacet
  facet normal 0 0 -1
    outer loop
      vertex 14.5693 77.3121 0
      vertex 16.4 85.4 0
      vertex 14.5923 77.1568 0
    endloop
  endfacet
  facet normal 0 0 -1
    outer loop
      vertex 14.5311 77.4645 0
      vertex 16.4 85.4 0
      vertex 14.5693 77.3121 0
    endloop
  endfacet
  facet normal 0 0 -1
    outer loop
      vertex 14.4782 77.6123 0
      vertex 16.4 85.4 0
      vertex 14.5311 77.4645 0
    endloop
  endfacet
  facet normal 0 0 -1
    outer loop
      vertex 14.4111 77.7542 0
      vertex 16.4 85.4 0
      vertex 14.4782 77.6123 0
    endloop
  endfacet
  facet normal 0 0 -1
    outer loop
      vertex 14.3304 77.8889 0
      vertex 16.4 85.4 0
      vertex 14.4111 77.7542 0
    endloop
  endfacet
  facet normal 0 0 -1
    outer loop
      vertex 14.2368 78.015 0
      vertex 16.4 85.4 0
      vertex 14.3304 77.8889 0
    endloop
  endfacet
  facet normal 0 0 -1
    outer loop
      vertex 14.1314 78.1314 0
      vertex 16.4 85.4 0
      vertex 14.2368 78.015 0
    endloop
  endfacet
  facet normal 0 0 -1
    outer loop
      vertex 14.015 78.2368 0
      vertex 16.4 85.4 0
      vertex 14.1314 78.1314 0
    endloop
  endfacet
  facet normal 0 0 -1
    outer loop
      vertex 13.8889 78.3304 0
      vertex 16.4 85.4 0
      vertex 14.015 78.2368 0
    endloop
  endfacet
  facet normal 0 0 -1
    outer loop
      vertex 16.4 85.4 0
      vertex 13.8889 78.3304 0
      vertex 15.2434 85.3432 0
    endloop
  endfacet
  facet normal 0 0 -1
    outer loop
      vertex 13.7542 78.4111 0
      vertex 15.2434 85.3432 0
      vertex 13.8889 78.3304 0
    endloop
  endfacet
  facet normal 0 0 -1
    outer loop
      vertex 13.6123 78.4782 0
      vertex 15.2434 85.3432 0
      vertex 13.7542 78.4111 0
    endloop
  endfacet
  facet normal 0 0 -1
    outer loop
      vertex 15.2434 85.3432 0
      vertex 13.6123 78.4782 0
      vertex 14.0979 85.1733 0
    endloop
  endfacet
  facet normal 0 0 -1
    outer loop
      vertex 13.4645 78.5311 0
      vertex 14.0979 85.1733 0
      vertex 13.6123 78.4782 0
    endloop
  endfacet
  facet normal 0 0 -1
    outer loop
      vertex 12.9746 84.8919 0
      vertex 13.4645 78.5311 0
      vertex 13.3121 78.5693 0
    endloop
  endfacet
  facet normal 0 0 -1
    outer loop
      vertex 12.9746 84.8919 0
      vertex 13.3121 78.5693 0
      vertex 13.1568 78.5923 0
    endloop
  endfacet
  facet normal 0 0 -1
    outer loop
      vertex 11.8843 84.5018 0
      vertex 13.1568 78.5923 0
      vertex 13 78.6 0
    endloop
  endfacet
  facet normal 0 0 -1
    outer loop
      vertex 13.4645 78.5311 0
      vertex 12.9746 84.8919 0
      vertex 14.0979 85.1733 0
    endloop
  endfacet
  facet normal 0 0 -1
    outer loop
      vertex 11.8843 84.5018 0
      vertex 13 78.6 0
      vertex 12.8432 78.5923 0
    endloop
  endfacet
  facet normal 0 0 -1
    outer loop
      vertex 10.8375 84.0067 0
      vertex 12.8432 78.5923 0
      vertex 12.6879 78.5693 0
    endloop
  endfacet
  facet normal 0 0 -1
    outer loop
      vertex 10.8375 84.0067 0
      vertex 12.6879 78.5693 0
      vertex 12.5355 78.5311 0
    endloop
  endfacet
  facet normal 0 0 -1
    outer loop
      vertex 9.84427 83.4113 0
      vertex 12.5355 78.5311 0
      vertex 12.3877 78.4782 0
    endloop
  endfacet
  facet normal 0 0 -1
    outer loop
      vertex 9.84427 83.4113 0
      vertex 12.3877 78.4782 0
      vertex 12.2458 78.4111 0
    endloop
  endfacet
  facet normal 0 0 -1
    outer loop
      vertex 8.91416 82.7215 0
      vertex 12.2458 78.4111 0
      vertex 12.1111 78.3304 0
    endloop
  endfacet
  facet normal 0 0 -1
    outer loop
      vertex 8.91416 82.7215 0
      vertex 12.1111 78.3304 0
      vertex 11.985 78.2368 0
    endloop
  endfacet
  facet normal 0 0 -1
    outer loop
      vertex 13.1568 78.5923 0
      vertex 11.8843 84.5018 0
      vertex 12.9746 84.8919 0
    endloop
  endfacet
  facet normal 0 0 -1
    outer loop
      vertex 8.05614 81.9439 0
      vertex 11.985 78.2368 0
      vertex 11.8686 78.1314 0
    endloop
  endfacet
  facet normal 0 0 -1
    outer loop
      vertex 8.05614 81.9439 0
      vertex 11.8686 78.1314 0
      vertex 11.7632 78.015 0
    endloop
  endfacet
  facet normal 0 0 -1
    outer loop
      vertex 7.27848 81.0858 0
      vertex 11.7632 78.015 0
      vertex 11.6696 77.8889 0
    endloop
  endfacet
  facet normal 0 0 -1
    outer loop
      vertex 7.27848 81.0858 0
      vertex 11.6696 77.8889 0
      vertex 11.5889 77.7542 0
    endloop
  endfacet
  facet normal 0 0 -1
    outer loop
      vertex 6.58866 80.1557 0
      vertex 11.5889 77.7542 0
      vertex 11.5218 77.6123 0
    endloop
  endfacet
  facet normal 0 0 -1
    outer loop
      vertex 6.58866 80.1557 0
      vertex 11.5218 77.6123 0
      vertex 11.4689 77.4645 0
    endloop
  endfacet
  facet normal 0 0 -1
    outer loop
      vertex 5.99333 79.1625 0
      vertex 11.4689 77.4645 0
      vertex 11.4307 77.3121 0
    endloop
  endfacet
  facet normal 0 0 -1
    outer loop
      vertex 5.99333 79.1625 0
      vertex 11.4307 77.3121 0
      vertex 11.4077 77.1568 0
    endloop
  endfacet
  facet normal 0 0 -1
    outer loop
      vertex 12.8432 78.5923 0
      vertex 10.8375 84.0067 0
      vertex 11.8843 84.5018 0
    endloop
  endfacet
  facet normal 0 0 -1
    outer loop
      vertex 5.49822 78.1157 0
      vertex 11.4077 77.1568 0
      vertex 11.4 77 0
    endloop
  endfacet
  facet normal -0 0 -1
    outer loop
      vertex 11.5218 76.3877 0
      vertex 4.82673 75.9021 0
      vertex 11.4689 76.5355 0
    endloop
  endfacet
  facet normal -0 0 -1
    outer loop
      vertex 11.5218 12.3877 0
      vertex 6.58866 9.84427 0
      vertex 11.4689 12.5355 0
    endloop
  endfacet
  facet normal 0 -0 -1
    outer loop
      vertex 5.1081 77.0254 0
      vertex 11.4689 76.5355 0
      vertex 4.82673 75.9021 0
    endloop
  endfacet
  facet normal 0 0 -1
    outer loop
      vertex 5.99333 10.8375 0
      vertex 11.4689 12.5355 0
      vertex 6.58866 9.84427 0
    endloop
  endfacet
  facet normal 0 0 -1
    outer loop
      vertex 11.4689 76.5355 0
      vertex 5.1081 77.0254 0
      vertex 11.4307 76.6879 0
    endloop
  endfacet
  facet normal -0 0 -1
    outer loop
      vertex 11.4689 12.5355 0
      vertex 5.99333 10.8375 0
      vertex 11.4307 12.6879 0
    endloop
  endfacet
  facet normal 0 0 -1
    outer loop
      vertex 12.5355 78.5311 0
      vertex 9.84427 83.4113 0
      vertex 10.8375 84.0067 0
    endloop
  endfacet
  facet normal -0 0 -1
    outer loop
      vertex 11.4307 12.6879 0
      vertex 5.99333 10.8375 0
      vertex 11.4077 12.8432 0
    endloop
  endfacet
  facet normal 0 0 -1
    outer loop
      vertex 12.2458 78.4111 0
      vertex 8.91416 82.7215 0
      vertex 9.84427 83.4113 0
    endloop
  endfacet
  facet normal 0 0 -1
    outer loop
      vertex 5.49822 11.8843 0
      vertex 11.4077 12.8432 0
      vertex 5.99333 10.8375 0
    endloop
  endfacet
  facet normal 0 0 -1
    outer loop
      vertex 11.985 78.2368 0
      vertex 8.05614 81.9439 0
      vertex 8.91416 82.7215 0
    endloop
  endfacet
  facet normal -0 0 -1
    outer loop
      vertex 11.4077 12.8432 0
      vertex 5.49822 11.8843 0
      vertex 11.4 13 0
    endloop
  endfacet
  facet normal 0 0 -1
    outer loop
      vertex 11.7632 78.015 0
      vertex 7.27848 81.0858 0
      vertex 8.05614 81.9439 0
    endloop
  endfacet
  facet normal 0 0 -1
    outer loop
      vertex 11.4077 13.1568 0
      vertex 5.49822 11.8843 0
      vertex 5.1081 12.9746 0
    endloop
  endfacet
  facet normal 0 0 -1
    outer loop
      vertex 11.5889 77.7542 0
      vertex 6.58866 80.1557 0
      vertex 7.27848 81.0858 0
    endloop
  endfacet
  facet normal -0 0 -1
    outer loop
      vertex 11.4689 13.4645 0
      vertex 5.1081 12.9746 0
      vertex 4.82673 14.0979 0
    endloop
  endfacet
  facet normal 0 0 -1
    outer loop
      vertex 11.4689 77.4645 0
      vertex 5.99333 79.1625 0
      vertex 6.58866 80.1557 0
    endloop
  endfacet
  facet normal 0 0 -1
    outer loop
      vertex 11.5218 13.6123 0
      vertex 4.82673 14.0979 0
      vertex 4.65682 15.2434 0
    endloop
  endfacet
  facet normal 0 0 -1
    outer loop
      vertex 11.4077 77.1568 0
      vertex 5.49822 78.1157 0
      vertex 5.99333 79.1625 0
    endloop
  endfacet
  facet normal 0 0 -1
    outer loop
      vertex 11.6696 13.8889 0
      vertex 4.65682 15.2434 0
      vertex 4.6 16.4 0
    endloop
  endfacet
  facet normal 0 0 -1
    outer loop
      vertex 11.4077 76.8432 0
      vertex 5.49822 78.1157 0
      vertex 11.4 77 0
    endloop
  endfacet
  facet normal 0 -0 -1
    outer loop
      vertex 5.49822 78.1157 0
      vertex 11.4077 76.8432 0
      vertex 5.1081 77.0254 0
    endloop
  endfacet
  facet normal 0 0 -1
    outer loop
      vertex 11.4307 76.6879 0
      vertex 5.1081 77.0254 0
      vertex 11.4077 76.8432 0
    endloop
  endfacet
  facet normal 0 0 1
    outer loop
      vertex 30.1508 64.8492 10
      vertex 15.5868 75.2716 10
      vertex 28.7668 63.3223 10
    endloop
  endfacet
  facet normal 0 0 1
    outer loop
      vertex 24.1011 47.9416 10
      vertex 16.0961 13.3049 10
      vertex 16.1111 13 10
    endloop
  endfacet
  facet normal -0 0 1
    outer loop
      vertex 15.5816 75.2645 10
      vertex 28.7668 63.3223 10
      vertex 15.5868 75.2716 10
    endloop
  endfacet
  facet normal 0 0 1
    outer loop
      vertex 24.1011 47.9416 10
      vertex 16.0513 13.6069 10
      vertex 16.0961 13.3049 10
    endloop
  endfacet
  facet normal -0 0 1
    outer loop
      vertex 15.4049 75.0263 10
      vertex 28.7668 63.3223 10
      vertex 15.5816 75.2645 10
    endloop
  endfacet
  facet normal 0 0 1
    outer loop
      vertex 24.1011 47.9416 10
      vertex 16.0492 13.6154 10
      vertex 16.0513 13.6069 10
    endloop
  endfacet
  facet normal -0 0 1
    outer loop
      vertex 15.1999 74.8001 10
      vertex 28.7668 63.3223 10
      vertex 15.4049 75.0263 10
    endloop
  endfacet
  facet normal 0 0 1
    outer loop
      vertex 24.1011 47.9416 10
      vertex 15.9771 13.9031 10
      vertex 16.0492 13.6154 10
    endloop
  endfacet
  facet normal -0 0 1
    outer loop
      vertex 14.9737 74.5951 10
      vertex 28.7668 63.3223 10
      vertex 15.1999 74.8001 10
    endloop
  endfacet
  facet normal 0 0 1
    outer loop
      vertex 24.1011 47.9416 10
      vertex 15.8772 14.1824 10
      vertex 15.9771 13.9031 10
    endloop
  endfacet
  facet normal 0 0 1
    outer loop
      vertex 28.7668 63.3223 10
      vertex 14.9737 74.5951 10
      vertex 27.5391 61.667 10
    endloop
  endfacet
  facet normal 0 0 1
    outer loop
      vertex 24.1011 47.9416 10
      vertex 15.8743 14.1906 10
      vertex 15.8772 14.1824 10
    endloop
  endfacet
  facet normal -0 0 1
    outer loop
      vertex 14.7354 74.4184 10
      vertex 27.5391 61.667 10
      vertex 14.9737 74.5951 10
    endloop
  endfacet
  facet normal 0 0 1
    outer loop
      vertex 24.1011 47.9416 10
      vertex 15.8706 14.1985 10
      vertex 15.8743 14.1906 10
    endloop
  endfacet
  facet normal -0 0 1
    outer loop
      vertex 14.7284 74.4132 10
      vertex 27.5391 61.667 10
      vertex 14.7354 74.4184 10
    endloop
  endfacet
  facet normal 0 0 1
    outer loop
      vertex 24.1011 47.9416 10
      vertex 15.7438 14.4666 10
      vertex 15.8706 14.1985 10
    endloop
  endfacet
  facet normal -0 0 1
    outer loop
      vertex 14.721 74.4087 10
      vertex 27.5391 61.667 10
      vertex 14.7284 74.4132 10
    endloop
  endfacet
  facet normal 0 0 1
    outer loop
      vertex 24.1011 47.9416 10
      vertex 15.5913 14.721 10
      vertex 15.7438 14.4666 10
    endloop
  endfacet
  facet normal -0 0 1
    outer loop
      vertex 14.4666 74.2562 10
      vertex 27.5391 61.667 10
      vertex 14.721 74.4087 10
    endloop
  endfacet
  facet normal 0 0 1
    outer loop
      vertex 24.1011 47.9416 10
      vertex 15.5868 14.7284 10
      vertex 15.5913 14.721 10
    endloop
  endfacet
  facet normal 0 0 1
    outer loop
      vertex 27.5391 61.667 10
      vertex 14.4666 74.2562 10
      vertex 26.4797 59.8993 10
    endloop
  endfacet
  facet normal 0 0 1
    outer loop
      vertex 24.1011 47.9416 10
      vertex 15.5816 14.7354 10
      vertex 15.5868 14.7284 10
    endloop
  endfacet
  facet normal -0 0 1
    outer loop
      vertex 14.1985 74.1294 10
      vertex 26.4797 59.8993 10
      vertex 14.4666 74.2562 10
    endloop
  endfacet
  facet normal 0 0 1
    outer loop
      vertex 24.1011 47.9416 10
      vertex 15.4049 14.9737 10
      vertex 15.5816 14.7354 10
    endloop
  endfacet
  facet normal -0 0 1
    outer loop
      vertex 14.1906 74.1257 10
      vertex 26.4797 59.8993 10
      vertex 14.1985 74.1294 10
    endloop
  endfacet
  facet normal 0 0 1
    outer loop
      vertex 24.1011 47.9416 10
      vertex 15.1999 15.1999 10
      vertex 15.4049 14.9737 10
    endloop
  endfacet
  facet normal -0 0 1
    outer loop
      vertex 14.1824 74.1228 10
      vertex 26.4797 59.8993 10
      vertex 14.1906 74.1257 10
    endloop
  endfacet
  facet normal 0 0 1
    outer loop
      vertex 24.1011 47.9416 10
      vertex 14.9737 15.4049 10
      vertex 15.1999 15.1999 10
    endloop
  endfacet
  facet normal -0 0 1
    outer loop
      vertex 13.9031 74.0229 10
      vertex 26.4797 59.8993 10
      vertex 14.1824 74.1228 10
    endloop
  endfacet
  facet normal 0 0 1
    outer loop
      vertex 24.1011 47.9416 10
      vertex 14.7354 15.5816 10
      vertex 14.9737 15.4049 10
    endloop
  endfacet
  facet normal 0 0 1
    outer loop
      vertex 26.4797 59.8993 10
      vertex 13.9031 74.0229 10
      vertex 25.5985 58.0364 10
    endloop
  endfacet
  facet normal 0 0 1
    outer loop
      vertex 24.1011 47.9416 10
      vertex 14.7284 15.5868 10
      vertex 14.7354 15.5816 10
    endloop
  endfacet
  facet normal -0 0 1
    outer loop
      vertex 13.6154 73.9508 10
      vertex 25.5985 58.0364 10
      vertex 13.9031 74.0229 10
    endloop
  endfacet
  facet normal 0 0 1
    outer loop
      vertex 24.1011 47.9416 10
      vertex 14.721 15.5913 10
      vertex 14.7284 15.5868 10
    endloop
  endfacet
  facet normal -0 0 1
    outer loop
      vertex 13.6069 73.9487 10
      vertex 25.5985 58.0364 10
      vertex 13.6154 73.9508 10
    endloop
  endfacet
  facet normal 0 0 1
    outer loop
      vertex 24.1011 47.9416 10
      vertex 14.4666 15.7438 10
      vertex 14.721 15.5913 10
    endloop
  endfacet
  facet normal -0 0 1
    outer loop
      vertex 13.3049 73.9039 10
      vertex 25.5985 58.0364 10
      vertex 13.6069 73.9487 10
    endloop
  endfacet
  facet normal 0 0 1
    outer loop
      vertex 24.1011 47.9416 10
      vertex 14.1985 15.8706 10
      vertex 14.4666 15.7438 10
    endloop
  endfacet
  facet normal -0 0 1
    outer loop
      vertex 13 73.8889 10
      vertex 25.5985 58.0364 10
      vertex 13.3049 73.9039 10
    endloop
  endfacet
  facet normal 0 0 1
    outer loop
      vertex 24.1011 47.9416 10
      vertex 14.1906 15.8743 10
      vertex 14.1985 15.8706 10
    endloop
  endfacet
  facet normal 0 0 1
    outer loop
      vertex 25.5985 58.0364 10
      vertex 13 73.8889 10
      vertex 24.9043 56.096 10
    endloop
  endfacet
  facet normal 0 0 1
    outer loop
      vertex 24.1011 47.9416 10
      vertex 14.1824 15.8772 10
      vertex 14.1906 15.8743 10
    endloop
  endfacet
  facet normal 0 0 1
    outer loop
      vertex 12.6951 73.9039 10
      vertex 24.9043 56.096 10
      vertex 13 73.8889 10
    endloop
  endfacet
  facet normal 0 0 1
    outer loop
      vertex 24.1011 47.9416 10
      vertex 13.9031 15.9771 10
      vertex 14.1824 15.8772 10
    endloop
  endfacet
  facet normal 0 0 1
    outer loop
      vertex 12.3931 73.9487 10
      vertex 24.9043 56.096 10
      vertex 12.6951 73.9039 10
    endloop
  endfacet
  facet normal 0 0 1
    outer loop
      vertex 24.1011 47.9416 10
      vertex 13.6154 16.0492 10
      vertex 13.9031 15.9771 10
    endloop
  endfacet
  facet normal 0 0 1
    outer loop
      vertex 24.9043 56.096 10
      vertex 12.3931 73.9487 10
      vertex 24.4035 54.0969 10
    endloop
  endfacet
  facet normal 0 0 1
    outer loop
      vertex 24.1011 47.9416 10
      vertex 13.6069 16.0513 10
      vertex 13.6154 16.0492 10
    endloop
  endfacet
  facet normal 0 0 1
    outer loop
      vertex 12.3846 73.9508 10
      vertex 24.4035 54.0969 10
      vertex 12.3931 73.9487 10
    endloop
  endfacet
  facet normal 0 0 1
    outer loop
      vertex 24.1011 47.9416 10
      vertex 13.3049 16.0961 10
      vertex 13.6069 16.0513 10
    endloop
  endfacet
  facet normal 0 0 1
    outer loop
      vertex 12.0969 74.0229 10
      vertex 24.4035 54.0969 10
      vertex 12.3846 73.9508 10
    endloop
  endfacet
  facet normal 0 0 1
    outer loop
      vertex 24.1011 47.9416 10
      vertex 13 16.1111 10
      vertex 13.3049 16.0961 10
    endloop
  endfacet
  facet normal -0 0 1
    outer loop
      vertex 0 74 10
      vertex 24.4035 54.0969 10
      vertex 12.0969 74.0229 10
    endloop
  endfacet
  facet normal 0 0 1
    outer loop
      vertex 24.1011 47.9416 10
      vertex 12.6951 16.0961 10
      vertex 13 16.1111 10
    endloop
  endfacet
  facet normal 0 0 1
    outer loop
      vertex 24.4035 54.0969 10
      vertex 0 74 10
      vertex 24.1011 52.0584 10
    endloop
  endfacet
  facet normal 0 0 1
    outer loop
      vertex 24.1011 47.9416 10
      vertex 12.3931 16.0513 10
      vertex 12.6951 16.0961 10
    endloop
  endfacet
  facet normal 0 0 1
    outer loop
      vertex 24.1011 52.0584 10
      vertex 0 74 10
      vertex 24 50 10
    endloop
  endfacet
  facet normal 0 0 1
    outer loop
      vertex 0 16 10
      vertex 24.1011 47.9416 10
      vertex 0 74 10
    endloop
  endfacet
  facet normal 0 0 1
    outer loop
      vertex 24 50 10
      vertex 0 74 10
      vertex 24.1011 47.9416 10
    endloop
  endfacet
  facet normal 0 -0 1
    outer loop
      vertex 12.0969 15.9771 10
      vertex 24.1011 47.9416 10
      vertex 0 16 10
    endloop
  endfacet
  facet normal 0 0 1
    outer loop
      vertex 0 74 10
      vertex 12.0969 74.0229 10
      vertex 11.8176 74.1228 10
    endloop
  endfacet
  facet normal 0 0 1
    outer loop
      vertex 24.1011 47.9416 10
      vertex 12.3846 16.0492 10
      vertex 12.3931 16.0513 10
    endloop
  endfacet
  facet normal 0 0 1
    outer loop
      vertex 0 74 10
      vertex 11.8176 74.1228 10
      vertex 11.8094 74.1257 10
    endloop
  endfacet
  facet normal 0 0 1
    outer loop
      vertex 24.1011 47.9416 10
      vertex 12.0969 15.9771 10
      vertex 12.3846 16.0492 10
    endloop
  endfacet
  facet normal 0 0 1
    outer loop
      vertex 0 74 10
      vertex 11.8094 74.1257 10
      vertex 11.8015 74.1294 10
    endloop
  endfacet
  facet normal 0 0 1
    outer loop
      vertex 12.0969 15.9771 10
      vertex 0 16 10
      vertex 11.8176 15.8772 10
    endloop
  endfacet
  facet normal 0 0 1
    outer loop
      vertex 0 74 10
      vertex 11.8015 74.1294 10
      vertex 11.5334 74.2562 10
    endloop
  endfacet
  facet normal 0 0 1
    outer loop
      vertex 11.8176 15.8772 10
      vertex 0 16 10
      vertex 11.8094 15.8743 10
    endloop
  endfacet
  facet normal 0 0 1
    outer loop
      vertex 0 74 10
      vertex 11.5334 74.2562 10
      vertex 11.279 74.4087 10
    endloop
  endfacet
  facet normal 0 0 1
    outer loop
      vertex 11.8094 15.8743 10
      vertex 0 16 10
      vertex 11.8015 15.8706 10
    endloop
  endfacet
  facet normal 0 0 1
    outer loop
      vertex 0 74 10
      vertex 11.279 74.4087 10
      vertex 11.2716 74.4132 10
    endloop
  endfacet
  facet normal 0 0 1
    outer loop
      vertex 11.8015 15.8706 10
      vertex 0 16 10
      vertex 11.5334 15.7438 10
    endloop
  endfacet
  facet normal 0 0 1
    outer loop
      vertex 0 74 10
      vertex 11.2716 74.4132 10
      vertex 11.2646 74.4184 10
    endloop
  endfacet
  facet normal 0 0 1
    outer loop
      vertex 11.5334 15.7438 10
      vertex 0 16 10
      vertex 11.279 15.5913 10
    endloop
  endfacet
  facet normal 0 0 1
    outer loop
      vertex 0 74 10
      vertex 11.2646 74.4184 10
      vertex 11.0263 74.5951 10
    endloop
  endfacet
  facet normal 0 0 1
    outer loop
      vertex 11.279 15.5913 10
      vertex 0 16 10
      vertex 11.2716 15.5868 10
    endloop
  endfacet
  facet normal 0 0 1
    outer loop
      vertex 0 74 10
      vertex 11.0263 74.5951 10
      vertex 10.8001 74.8001 10
    endloop
  endfacet
  facet normal 0 0 1
    outer loop
      vertex 11.2716 15.5868 10
      vertex 0 16 10
      vertex 11.2646 15.5816 10
    endloop
  endfacet
  facet normal 0 0 1
    outer loop
      vertex 0 74 10
      vertex 10.8001 74.8001 10
      vertex 10.5951 75.0263 10
    endloop
  endfacet
  facet normal 0 0 1
    outer loop
      vertex 11.2646 15.5816 10
      vertex 0 16 10
      vertex 11.0263 15.4049 10
    endloop
  endfacet
  facet normal 0 0 1
    outer loop
      vertex 0 74 10
      vertex 10.5951 75.0263 10
      vertex 10.4184 75.2645 10
    endloop
  endfacet
  facet normal 0 0 1
    outer loop
      vertex 11.0263 15.4049 10
      vertex 0 16 10
      vertex 10.8001 15.1999 10
    endloop
  endfacet
  facet normal 0 0 1
    outer loop
      vertex 0 74 10
      vertex 10.4184 75.2645 10
      vertex 10.4132 75.2716 10
    endloop
  endfacet
  facet normal 0 0 1
    outer loop
      vertex 10.8001 15.1999 10
      vertex 0 16 10
      vertex 10.5951 14.9737 10
    endloop
  endfacet
  facet normal 0 0 1
    outer loop
      vertex 0 74 10
      vertex 10.4132 75.2716 10
      vertex 10.4087 75.279 10
    endloop
  endfacet
  facet normal 0 0 1
    outer loop
      vertex 10.5951 14.9737 10
      vertex 0 16 10
      vertex 10.4184 14.7354 10
    endloop
  endfacet
  facet normal 0 0 1
    outer loop
      vertex 0 74 10
      vertex 10.4087 75.279 10
      vertex 10.2562 75.5334 10
    endloop
  endfacet
  facet normal 0 0 1
    outer loop
      vertex 10.4184 14.7354 10
      vertex 0 16 10
      vertex 10.4132 14.7284 10
    endloop
  endfacet
  facet normal 0 0 1
    outer loop
      vertex 0 74 10
      vertex 10.2562 75.5334 10
      vertex 10.1294 75.8015 10
    endloop
  endfacet
  facet normal 0 0 1
    outer loop
      vertex 10.4132 14.7284 10
      vertex 0 16 10
      vertex 10.4087 14.721 10
    endloop
  endfacet
  facet normal 0 0 1
    outer loop
      vertex 0 74 10
      vertex 10.1294 75.8015 10
      vertex 10.1257 75.8094 10
    endloop
  endfacet
  facet normal 0 0 1
    outer loop
      vertex 10.4087 14.721 10
      vertex 0 16 10
      vertex 10.2562 14.4666 10
    endloop
  endfacet
  facet normal 0 0 1
    outer loop
      vertex 0 74 10
      vertex 10.1257 75.8094 10
      vertex 10.1228 75.8176 10
    endloop
  endfacet
  facet normal 0 0 1
    outer loop
      vertex 10.2562 14.4666 10
      vertex 0 16 10
      vertex 10.1294 14.1985 10
    endloop
  endfacet
  facet normal 0 0 1
    outer loop
      vertex 0 74 10
      vertex 10.1228 75.8176 10
      vertex 10.0229 76.0969 10
    endloop
  endfacet
  facet normal 0 0 1
    outer loop
      vertex 10.1294 14.1985 10
      vertex 0 16 10
      vertex 10.1257 14.1906 10
    endloop
  endfacet
  facet normal 0 0 1
    outer loop
      vertex 0.0770435 75.5683 10
      vertex 10.0229 76.0969 10
      vertex 9.95079 76.3846 10
    endloop
  endfacet
  facet normal 0 0 1
    outer loop
      vertex 10.1257 14.1906 10
      vertex 0 16 10
      vertex 10.1228 14.1824 10
    endloop
  endfacet
  facet normal 0 0 1
    outer loop
      vertex 0.0770435 75.5683 10
      vertex 9.95079 76.3846 10
      vertex 9.94867 76.3931 10
    endloop
  endfacet
  facet normal 0 0 1
    outer loop
      vertex 10.1228 14.1824 10
      vertex 0 16 10
      vertex 10.0229 13.9031 10
    endloop
  endfacet
  facet normal 0 0 1
    outer loop
      vertex 0.307435 77.1214 10
      vertex 9.94867 76.3931 10
      vertex 9.90387 76.6951 10
    endloop
  endfacet
  facet normal -0 -0 1
    outer loop
      vertex 0.0770435 14.4317 10
      vertex 10.0229 13.9031 10
      vertex 0 16 10
    endloop
  endfacet
  facet normal 0 0 1
    outer loop
      vertex 0.307435 77.1214 10
      vertex 9.90387 76.6951 10
      vertex 9.88889 77 10
    endloop
  endfacet
  facet normal 0 0 1
    outer loop
      vertex 10.0229 13.9031 10
      vertex 0.0770435 14.4317 10
      vertex 9.95079 13.6154 10
    endloop
  endfacet
  facet normal 0 0 1
    outer loop
      vertex 33.333 32.5391 10
      vertex 35 22 10
      vertex 35.1007 31.4797 10
    endloop
  endfacet
  facet normal 0 0 1
    outer loop
      vertex 21 22 10
      vertex 33.333 32.5391 10
      vertex 31.6777 33.7668 10
    endloop
  endfacet
  facet normal 0 0 1
    outer loop
      vertex 21 22 10
      vertex 31.6777 33.7668 10
      vertex 30.1508 35.1508 10
    endloop
  endfacet
  facet normal 0 0 1
    outer loop
      vertex 21 22 10
      vertex 30.1508 35.1508 10
      vertex 28.7668 36.6777 10
    endloop
  endfacet
  facet normal 0 0 1
    outer loop
      vertex 21 22 10
      vertex 28.7668 36.6777 10
      vertex 27.5391 38.333 10
    endloop
  endfacet
  facet normal 0 0 1
    outer loop
      vertex 21 22 10
      vertex 27.5391 38.333 10
      vertex 26.4797 40.1007 10
    endloop
  endfacet
  facet normal 0 0 1
    outer loop
      vertex 21 22 10
      vertex 26.4797 40.1007 10
      vertex 25.5985 41.9636 10
    endloop
  endfacet
  facet normal 0 0 1
    outer loop
      vertex 33.333 32.5391 10
      vertex 21 22 10
      vertex 35 22 10
    endloop
  endfacet
  facet normal 0 0 1
    outer loop
      vertex 24.9043 43.904 10
      vertex 21 22 10
      vertex 25.5985 41.9636 10
    endloop
  endfacet
  facet normal 0 0 1
    outer loop
      vertex 24.4035 45.9031 10
      vertex 21 22 10
      vertex 24.9043 43.904 10
    endloop
  endfacet
  facet normal 0 0 1
    outer loop
      vertex 24.1011 47.9416 10
      vertex 21 22 10
      vertex 24.4035 45.9031 10
    endloop
  endfacet
  facet normal -0 0 1
    outer loop
      vertex 15.5913 75.279 10
      vertex 30.1508 64.8492 10
      vertex 15.7438 75.5334 10
    endloop
  endfacet
  facet normal 0 0 1
    outer loop
      vertex 49.0969 70.5965 10
      vertex 49 75 10
      vertex 49 70.6109 10
    endloop
  endfacet
  facet normal -0 0 1
    outer loop
      vertex 79.9771 76.0969 10
      vertex 89.923 75.5683 10
      vertex 80.0492 76.3846 10
    endloop
  endfacet
  facet normal 0 0 1
    outer loop
      vertex 90 16 10
      vertex 80.0961 13.3049 10
      vertex 80.1111 13 10
    endloop
  endfacet
  facet normal 0 0 1
    outer loop
      vertex 89.923 75.5683 10
      vertex 79.9771 76.0969 10
      vertex 90 74 10
    endloop
  endfacet
  facet normal 0 0 1
    outer loop
      vertex 90 16 10
      vertex 80.0513 13.6069 10
      vertex 80.0961 13.3049 10
    endloop
  endfacet
  facet normal -0 0 1
    outer loop
      vertex 79.8772 75.8176 10
      vertex 90 74 10
      vertex 79.9771 76.0969 10
    endloop
  endfacet
  facet normal 0 0 1
    outer loop
      vertex 90 16 10
      vertex 80.0492 13.6154 10
      vertex 80.0513 13.6069 10
    endloop
  endfacet
  facet normal -0 0 1
    outer loop
      vertex 79.8743 75.8094 10
      vertex 90 74 10
      vertex 79.8772 75.8176 10
    endloop
  endfacet
  facet normal 0 0 1
    outer loop
      vertex 90 16 10
      vertex 79.9771 13.9031 10
      vertex 80.0492 13.6154 10
    endloop
  endfacet
  facet normal -0 0 1
    outer loop
      vertex 79.8706 75.8015 10
      vertex 90 74 10
      vertex 79.8743 75.8094 10
    endloop
  endfacet
  facet normal 0 0 1
    outer loop
      vertex 90 16 10
      vertex 79.8772 14.1824 10
      vertex 79.9771 13.9031 10
    endloop
  endfacet
  facet normal -0 0 1
    outer loop
      vertex 79.7438 75.5334 10
      vertex 90 74 10
      vertex 79.8706 75.8015 10
    endloop
  endfacet
  facet normal 0 0 1
    outer loop
      vertex 90 16 10
      vertex 79.8743 14.1906 10
      vertex 79.8772 14.1824 10
    endloop
  endfacet
  facet normal -0 0 1
    outer loop
      vertex 79.5913 75.279 10
      vertex 90 74 10
      vertex 79.7438 75.5334 10
    endloop
  endfacet
  facet normal 0 0 1
    outer loop
      vertex 90 16 10
      vertex 79.8706 14.1985 10
      vertex 79.8743 14.1906 10
    endloop
  endfacet
  facet normal -0 0 1
    outer loop
      vertex 79.5868 75.2716 10
      vertex 90 74 10
      vertex 79.5913 75.279 10
    endloop
  endfacet
  facet normal 0 0 1
    outer loop
      vertex 90 16 10
      vertex 79.7438 14.4666 10
      vertex 79.8706 14.1985 10
    endloop
  endfacet
  facet normal -0 0 1
    outer loop
      vertex 79.5816 75.2645 10
      vertex 90 74 10
      vertex 79.5868 75.2716 10
    endloop
  endfacet
  facet normal 0 0 1
    outer loop
      vertex 90 16 10
      vertex 79.5913 14.721 10
      vertex 79.7438 14.4666 10
    endloop
  endfacet
  facet normal -0 0 1
    outer loop
      vertex 79.4049 75.0263 10
      vertex 90 74 10
      vertex 79.5816 75.2645 10
    endloop
  endfacet
  facet normal 0 0 1
    outer loop
      vertex 90 16 10
      vertex 79.5868 14.7284 10
      vertex 79.5913 14.721 10
    endloop
  endfacet
  facet normal -0 0 1
    outer loop
      vertex 79.1999 74.8001 10
      vertex 90 74 10
      vertex 79.4049 75.0263 10
    endloop
  endfacet
  facet normal 0 0 1
    outer loop
      vertex 90 16 10
      vertex 79.5816 14.7354 10
      vertex 79.5868 14.7284 10
    endloop
  endfacet
  facet normal -0 0 1
    outer loop
      vertex 78.9737 74.5951 10
      vertex 90 74 10
      vertex 79.1999 74.8001 10
    endloop
  endfacet
  facet normal 0 0 1
    outer loop
      vertex 90 16 10
      vertex 79.4049 14.9737 10
      vertex 79.5816 14.7354 10
    endloop
  endfacet
  facet normal -0 0 1
    outer loop
      vertex 78.7355 74.4184 10
      vertex 90 74 10
      vertex 78.9737 74.5951 10
    endloop
  endfacet
  facet normal 0 0 1
    outer loop
      vertex 90 16 10
      vertex 79.1999 15.1999 10
      vertex 79.4049 14.9737 10
    endloop
  endfacet
  facet normal 0 0 1
    outer loop
      vertex 65.8989 47.9416 10
      vertex 90 74 10
      vertex 66 50 10
    endloop
  endfacet
  facet normal 0 0 1
    outer loop
      vertex 90 16 10
      vertex 78.9737 15.4049 10
      vertex 79.1999 15.1999 10
    endloop
  endfacet
  facet normal -0 0 1
    outer loop
      vertex 78.7284 74.4132 10
      vertex 90 74 10
      vertex 78.7355 74.4184 10
    endloop
  endfacet
  facet normal -0 0 1
    outer loop
      vertex 65.5965 45.9031 10
      vertex 90 16 10
      vertex 65.8989 47.9416 10
    endloop
  endfacet
  facet normal -0 0 1
    outer loop
      vertex 78.721 74.4087 10
      vertex 90 74 10
      vertex 78.7284 74.4132 10
    endloop
  endfacet
  facet normal 0 0 1
    outer loop
      vertex 90 16 10
      vertex 78.7355 15.5816 10
      vertex 78.9737 15.4049 10
    endloop
  endfacet
  facet normal -0 0 1
    outer loop
      vertex 78.4666 74.2562 10
      vertex 90 74 10
      vertex 78.721 74.4087 10
    endloop
  endfacet
  facet normal 0 0 1
    outer loop
      vertex 90 16 10
      vertex 78.7284 15.5868 10
      vertex 78.7355 15.5816 10
    endloop
  endfacet
  facet normal -0 0 1
    outer loop
      vertex 78.1985 74.1294 10
      vertex 90 74 10
      vertex 78.4666 74.2562 10
    endloop
  endfacet
  facet normal -0 0 1
    outer loop
      vertex 65.0957 43.904 10
      vertex 90 16 10
      vertex 65.5965 45.9031 10
    endloop
  endfacet
  facet normal -0 0 1
    outer loop
      vertex 78.1906 74.1257 10
      vertex 90 74 10
      vertex 78.1985 74.1294 10
    endloop
  endfacet
  facet normal 0 0 1
    outer loop
      vertex 90 16 10
      vertex 78.721 15.5913 10
      vertex 78.7284 15.5868 10
    endloop
  endfacet
  facet normal -0 0 1
    outer loop
      vertex 78.1824 74.1228 10
      vertex 90 74 10
      vertex 78.1906 74.1257 10
    endloop
  endfacet
  facet normal 0 0 1
    outer loop
      vertex 90 16 10
      vertex 78.4666 15.7438 10
      vertex 78.721 15.5913 10
    endloop
  endfacet
  facet normal -0 0 1
    outer loop
      vertex 77.9031 74.0229 10
      vertex 90 74 10
      vertex 78.1824 74.1228 10
    endloop
  endfacet
  facet normal -0 -0 1
    outer loop
      vertex 69 22 10
      vertex 90 16 10
      vertex 65.0957 43.904 10
    endloop
  endfacet
  facet normal 0 0 1
    outer loop
      vertex 90 74 10
      vertex 77.9031 74.0229 10
      vertex 65.5965 54.0969 10
    endloop
  endfacet
  facet normal 0 0 1
    outer loop
      vertex 90 16 10
      vertex 78.1985 15.8706 10
      vertex 78.4666 15.7438 10
    endloop
  endfacet
  facet normal 0 0 1
    outer loop
      vertex 65.5965 54.0969 10
      vertex 77.9031 74.0229 10
      vertex 77.6154 73.9508 10
    endloop
  endfacet
  facet normal 0 0 1
    outer loop
      vertex 90 16 10
      vertex 78.1906 15.8743 10
      vertex 78.1985 15.8706 10
    endloop
  endfacet
  facet normal 0 0 1
    outer loop
      vertex 65.5965 54.0969 10
      vertex 77.6154 73.9508 10
      vertex 77.6069 73.9487 10
    endloop
  endfacet
  facet normal 0 0 1
    outer loop
      vertex 90 16 10
      vertex 78.1824 15.8772 10
      vertex 78.1906 15.8743 10
    endloop
  endfacet
  facet normal 0 0 1
    outer loop
      vertex 65.0957 56.096 10
      vertex 77.6069 73.9487 10
      vertex 77.3049 73.9039 10
    endloop
  endfacet
  facet normal 0 0 1
    outer loop
      vertex 90 16 10
      vertex 77.9031 15.9771 10
      vertex 78.1824 15.8772 10
    endloop
  endfacet
  facet normal 0 0 1
    outer loop
      vertex 65.0957 56.096 10
      vertex 77.3049 73.9039 10
      vertex 77 73.8889 10
    endloop
  endfacet
  facet normal 0 0 1
    outer loop
      vertex 90 16 10
      vertex 69 22 10
      vertex 77.9031 15.9771 10
    endloop
  endfacet
  facet normal 0 0 1
    outer loop
      vertex 64.4015 58.0364 10
      vertex 77 73.8889 10
      vertex 76.6951 73.9039 10
    endloop
  endfacet
  facet normal 0 0 1
    outer loop
      vertex 77.9031 15.9771 10
      vertex 69 22 10
      vertex 77.6154 16.0492 10
    endloop
  endfacet
  facet normal 0 0 1
    outer loop
      vertex 64.4015 58.0364 10
      vertex 76.6951 73.9039 10
      vertex 76.3931 73.9487 10
    endloop
  endfacet
  facet normal 0 0 1
    outer loop
      vertex 77.6154 16.0492 10
      vertex 69 22 10
      vertex 77.6069 16.0513 10
    endloop
  endfacet
  facet normal 0 0 1
    outer loop
      vertex 64.4015 58.0364 10
      vertex 76.3931 73.9487 10
      vertex 76.3846 73.9508 10
    endloop
  endfacet
  facet normal 0 0 1
    outer loop
      vertex 77.6069 16.0513 10
      vertex 69 22 10
      vertex 77.3049 16.0961 10
    endloop
  endfacet
  facet normal 0 0 1
    outer loop
      vertex 64.4015 58.0364 10
      vertex 76.3846 73.9508 10
      vertex 76.0969 74.0229 10
    endloop
  endfacet
  facet normal 0 0 1
    outer loop
      vertex 77.3049 16.0961 10
      vertex 69 22 10
      vertex 77 16.1111 10
    endloop
  endfacet
  facet normal 0 0 1
    outer loop
      vertex 63.5203 59.8993 10
      vertex 76.0969 74.0229 10
      vertex 75.8176 74.1228 10
    endloop
  endfacet
  facet normal 0 0 1
    outer loop
      vertex 77 16.1111 10
      vertex 69 22 10
      vertex 76.6951 16.0961 10
    endloop
  endfacet
  facet normal 0 0 1
    outer loop
      vertex 63.5203 59.8993 10
      vertex 75.8176 74.1228 10
      vertex 75.8094 74.1257 10
    endloop
  endfacet
  facet normal 0 0 1
    outer loop
      vertex 76.6951 16.0961 10
      vertex 69 22 10
      vertex 76.3931 16.0513 10
    endloop
  endfacet
  facet normal 0 0 1
    outer loop
      vertex 63.5203 59.8993 10
      vertex 75.8094 74.1257 10
      vertex 75.8015 74.1294 10
    endloop
  endfacet
  facet normal 0 0 1
    outer loop
      vertex 76.3931 16.0513 10
      vertex 69 22 10
      vertex 76.3846 16.0492 10
    endloop
  endfacet
  facet normal 0 0 1
    outer loop
      vertex 63.5203 59.8993 10
      vertex 75.8015 74.1294 10
      vertex 75.5334 74.2562 10
    endloop
  endfacet
  facet normal 0 0 1
    outer loop
      vertex 76.3846 16.0492 10
      vertex 69 22 10
      vertex 76.0969 15.9771 10
    endloop
  endfacet
  facet normal 0 0 1
    outer loop
      vertex 62.4609 61.667 10
      vertex 75.5334 74.2562 10
      vertex 75.279 74.4087 10
    endloop
  endfacet
  facet normal 0 0 1
    outer loop
      vertex 76.0969 15.9771 10
      vertex 69 22 10
      vertex 75.8176 15.8772 10
    endloop
  endfacet
  facet normal 0 0 1
    outer loop
      vertex 62.4609 61.667 10
      vertex 75.279 74.4087 10
      vertex 75.2716 74.4132 10
    endloop
  endfacet
  facet normal 0 0 1
    outer loop
      vertex 75.8176 15.8772 10
      vertex 69 22 10
      vertex 75.8094 15.8743 10
    endloop
  endfacet
  facet normal 0 0 1
    outer loop
      vertex 62.4609 61.667 10
      vertex 75.2716 74.4132 10
      vertex 75.2645 74.4184 10
    endloop
  endfacet
  facet normal 0 0 1
    outer loop
      vertex 75.8094 15.8743 10
      vertex 69 22 10
      vertex 75.8015 15.8706 10
    endloop
  endfacet
  facet normal 0 0 1
    outer loop
      vertex 62.4609 61.667 10
      vertex 75.2645 74.4184 10
      vertex 75.0263 74.5951 10
    endloop
  endfacet
  facet normal 0 0 1
    outer loop
      vertex 75.8015 15.8706 10
      vertex 69 22 10
      vertex 75.5334 15.7438 10
    endloop
  endfacet
  facet normal 0 0 1
    outer loop
      vertex 61.2332 63.3223 10
      vertex 75.0263 74.5951 10
      vertex 74.8001 74.8001 10
    endloop
  endfacet
  facet normal 0 0 1
    outer loop
      vertex 75.5334 15.7438 10
      vertex 69 22 10
      vertex 75.279 15.5913 10
    endloop
  endfacet
  facet normal 0 0 1
    outer loop
      vertex 61.2332 63.3223 10
      vertex 74.8001 74.8001 10
      vertex 74.5951 75.0263 10
    endloop
  endfacet
  facet normal 0 0 1
    outer loop
      vertex 75.279 15.5913 10
      vertex 69 22 10
      vertex 75.2716 15.5868 10
    endloop
  endfacet
  facet normal 0 0 1
    outer loop
      vertex 61.2332 63.3223 10
      vertex 74.5951 75.0263 10
      vertex 74.4184 75.2645 10
    endloop
  endfacet
  facet normal 0 0 1
    outer loop
      vertex 75.2716 15.5868 10
      vertex 69 22 10
      vertex 75.2645 15.5816 10
    endloop
  endfacet
  facet normal 0 0 1
    outer loop
      vertex 61.2332 63.3223 10
      vertex 74.4184 75.2645 10
      vertex 74.4132 75.2716 10
    endloop
  endfacet
  facet normal 0 0 1
    outer loop
      vertex 75.0263 15.4049 10
      vertex 69 22 10
      vertex 74.8001 15.1999 10
    endloop
  endfacet
  facet normal 0 0 1
    outer loop
      vertex 59.8492 64.8492 10
      vertex 74.4132 75.2716 10
      vertex 74.4087 75.279 10
    endloop
  endfacet
  facet normal 0 0 1
    outer loop
      vertex 74.8001 15.1999 10
      vertex 69 22 10
      vertex 74.5951 14.9737 10
    endloop
  endfacet
  facet normal 0 0 1
    outer loop
      vertex 59.8492 64.8492 10
      vertex 74.4087 75.279 10
      vertex 74.2562 75.5334 10
    endloop
  endfacet
  facet normal 0 0 1
    outer loop
      vertex 74.5951 14.9737 10
      vertex 69 22 10
      vertex 74.4184 14.7354 10
    endloop
  endfacet
  facet normal 0 0 1
    outer loop
      vertex 59.8492 64.8492 10
      vertex 74.2562 75.5334 10
      vertex 74.1294 75.8015 10
    endloop
  endfacet
  facet normal 0 0 1
    outer loop
      vertex 74.4184 14.7354 10
      vertex 69 22 10
      vertex 74.4132 14.7284 10
    endloop
  endfacet
  facet normal 0 0 1
    outer loop
      vertex 59.8492 64.8492 10
      vertex 74.1294 75.8015 10
      vertex 74.1257 75.8094 10
    endloop
  endfacet
  facet normal 0 0 1
    outer loop
      vertex 74.4132 14.7284 10
      vertex 69 22 10
      vertex 74.4087 14.721 10
    endloop
  endfacet
  facet normal 0 0 1
    outer loop
      vertex 58.3223 66.2332 10
      vertex 74.1257 75.8094 10
      vertex 74.1228 75.8176 10
    endloop
  endfacet
  facet normal 0 0 1
    outer loop
      vertex 74.4087 14.721 10
      vertex 69 22 10
      vertex 74.2562 14.4666 10
    endloop
  endfacet
  facet normal 0 0 1
    outer loop
      vertex 58.3223 66.2332 10
      vertex 74.1228 75.8176 10
      vertex 74.0229 76.0969 10
    endloop
  endfacet
  facet normal 0 0 1
    outer loop
      vertex 74.2562 14.4666 10
      vertex 69 22 10
      vertex 74.1294 14.1985 10
    endloop
  endfacet
  facet normal 0 0 1
    outer loop
      vertex 58.3223 66.2332 10
      vertex 74.0229 76.0969 10
      vertex 73.9508 76.3846 10
    endloop
  endfacet
  facet normal 0 0 1
    outer loop
      vertex 74.1294 14.1985 10
      vertex 69 22 10
      vertex 74.1257 14.1906 10
    endloop
  endfacet
  facet normal 0 0 1
    outer loop
      vertex 58.3223 66.2332 10
      vertex 73.9508 76.3846 10
      vertex 73.9487 76.3931 10
    endloop
  endfacet
  facet normal 0 0 1
    outer loop
      vertex 74.1257 14.1906 10
      vertex 69 22 10
      vertex 74.1228 14.1824 10
    endloop
  endfacet
  facet normal 0 0 1
    outer loop
      vertex 58.3223 66.2332 10
      vertex 73.9487 76.3931 10
      vertex 73.9039 76.6951 10
    endloop
  endfacet
  facet normal 0 0 1
    outer loop
      vertex 74.1228 14.1824 10
      vertex 69 22 10
      vertex 74.0229 13.9031 10
    endloop
  endfacet
  facet normal 0 0 1
    outer loop
      vertex 56.667 67.4609 10
      vertex 73.9039 76.6951 10
      vertex 73.8889 77 10
    endloop
  endfacet
  facet normal 0 0 1
    outer loop
      vertex 74.0229 13.9031 10
      vertex 69 22 10
      vertex 73.9508 13.6154 10
    endloop
  endfacet
  facet normal 0 0 1
    outer loop
      vertex 80.0513 76.3931 10
      vertex 89.6926 77.1214 10
      vertex 80.0961 76.6951 10
    endloop
  endfacet
  facet normal 0 0 1
    outer loop
      vertex 89.6926 77.1214 10
      vertex 80.0513 76.3931 10
      vertex 89.923 75.5683 10
    endloop
  endfacet
  facet normal 0 0 1
    outer loop
      vertex 80.0961 76.6951 10
      vertex 89.6926 77.1214 10
      vertex 80.1111 77 10
    endloop
  endfacet
  facet normal -0 0 1
    outer loop
      vertex 80.0492 76.3846 10
      vertex 89.923 75.5683 10
      vertex 80.0513 76.3931 10
    endloop
  endfacet
  facet normal 0 0 1
    outer loop
      vertex 80.1111 77 10
      vertex 89.6926 77.1214 10
      vertex 89.311 78.6446 10
    endloop
  endfacet
  facet normal 0 0 1
    outer loop
      vertex 90 16 10
      vertex 80.1111 13 10
      vertex 89.923 14.4317 10
    endloop
  endfacet
  facet normal 0 0 1
    outer loop
      vertex 80.0961 77.3049 10
      vertex 89.311 78.6446 10
      vertex 88.7821 80.1229 10
    endloop
  endfacet
  facet normal 0 0 1
    outer loop
      vertex 89.923 14.4317 10
      vertex 80.1111 13 10
      vertex 89.6926 12.8786 10
    endloop
  endfacet
  facet normal 0 0 1
    outer loop
      vertex 79.9771 77.9031 10
      vertex 88.7821 80.1229 10
      vertex 88.1107 81.5423 10
    endloop
  endfacet
  facet normal 0 0 1
    outer loop
      vertex 89.6926 12.8786 10
      vertex 80.1111 13 10
      vertex 89.311 11.3554 10
    endloop
  endfacet
  facet normal 0 0 1
    outer loop
      vertex 79.8743 78.1906 10
      vertex 88.1107 81.5423 10
      vertex 87.3035 82.8891 10
    endloop
  endfacet
  facet normal -0 0 1
    outer loop
      vertex 80.0961 12.6951 10
      vertex 89.311 11.3554 10
      vertex 80.1111 13 10
    endloop
  endfacet
  facet normal 0 0 1
    outer loop
      vertex 79.5913 78.721 10
      vertex 87.3035 82.8891 10
      vertex 86.3682 84.1503 10
    endloop
  endfacet
  facet normal 0 0 1
    outer loop
      vertex 89.311 11.3554 10
      vertex 80.0961 12.6951 10
      vertex 88.7821 9.87706 10
    endloop
  endfacet
  facet normal 0 0 1
    outer loop
      vertex 79.4049 78.9737 10
      vertex 86.3682 84.1503 10
      vertex 85.3137 85.3137 10
    endloop
  endfacet
  facet normal -0 0 1
    outer loop
      vertex 80.0513 12.3931 10
      vertex 88.7821 9.87706 10
      vertex 80.0961 12.6951 10
    endloop
  endfacet
  facet normal 0 0 1
    outer loop
      vertex 78.9737 79.4049 10
      vertex 85.3137 85.3137 10
      vertex 84.1503 86.3682 10
    endloop
  endfacet
  facet normal -0 0 1
    outer loop
      vertex 80.0492 12.3846 10
      vertex 88.7821 9.87706 10
      vertex 80.0513 12.3931 10
    endloop
  endfacet
  facet normal 0 0 1
    outer loop
      vertex 78.7284 79.5868 10
      vertex 84.1503 86.3682 10
      vertex 82.8891 87.3035 10
    endloop
  endfacet
  facet normal -0 0 1
    outer loop
      vertex 79.9771 12.0969 10
      vertex 88.7821 9.87706 10
      vertex 80.0492 12.3846 10
    endloop
  endfacet
  facet normal 0 0 1
    outer loop
      vertex 78.1906 79.8743 10
      vertex 82.8891 87.3035 10
      vertex 81.5423 88.1107 10
    endloop
  endfacet
  facet normal 0 0 1
    outer loop
      vertex 88.7821 9.87706 10
      vertex 79.9771 12.0969 10
      vertex 88.1107 8.45765 10
    endloop
  endfacet
  facet normal 0 0 1
    outer loop
      vertex 77.9031 79.9771 10
      vertex 81.5423 88.1107 10
      vertex 80.1229 88.7821 10
    endloop
  endfacet
  facet normal -0 0 1
    outer loop
      vertex 79.8772 11.8176 10
      vertex 88.1107 8.45765 10
      vertex 79.9771 12.0969 10
    endloop
  endfacet
  facet normal -0 0 1
    outer loop
      vertex 79.8743 11.8094 10
      vertex 88.1107 8.45765 10
      vertex 79.8772 11.8176 10
    endloop
  endfacet
  facet normal 0 0 1
    outer loop
      vertex 89.311 78.6446 10
      vertex 80.0961 77.3049 10
      vertex 80.1111 77 10
    endloop
  endfacet
  facet normal 0 0 1
    outer loop
      vertex 88.7821 80.1229 10
      vertex 80.0513 77.6069 10
      vertex 80.0961 77.3049 10
    endloop
  endfacet
  facet normal 0 0 1
    outer loop
      vertex 88.7821 80.1229 10
      vertex 80.0492 77.6154 10
      vertex 80.0513 77.6069 10
    endloop
  endfacet
  facet normal 0 0 1
    outer loop
      vertex 88.7821 80.1229 10
      vertex 79.9771 77.9031 10
      vertex 80.0492 77.6154 10
    endloop
  endfacet
  facet normal 0 0 1
    outer loop
      vertex 88.1107 81.5423 10
      vertex 79.8772 78.1824 10
      vertex 79.9771 77.9031 10
    endloop
  endfacet
  facet normal 0 0 1
    outer loop
      vertex 88.1107 81.5423 10
      vertex 79.8743 78.1906 10
      vertex 79.8772 78.1824 10
    endloop
  endfacet
  facet normal 0 0 1
    outer loop
      vertex 87.3035 82.8891 10
      vertex 79.8706 78.1985 10
      vertex 79.8743 78.1906 10
    endloop
  endfacet
  facet normal 0 0 1
    outer loop
      vertex 87.3035 82.8891 10
      vertex 79.7438 78.4666 10
      vertex 79.8706 78.1985 10
    endloop
  endfacet
  facet normal 0 0 1
    outer loop
      vertex 87.3035 82.8891 10
      vertex 79.5913 78.721 10
      vertex 79.7438 78.4666 10
    endloop
  endfacet
  facet normal 0 0 1
    outer loop
      vertex 86.3682 84.1503 10
      vertex 79.5868 78.7284 10
      vertex 79.5913 78.721 10
    endloop
  endfacet
  facet normal 0 0 1
    outer loop
      vertex 86.3682 84.1503 10
      vertex 79.5816 78.7355 10
      vertex 79.5868 78.7284 10
    endloop
  endfacet
  facet normal 0 0 1
    outer loop
      vertex 86.3682 84.1503 10
      vertex 79.4049 78.9737 10
      vertex 79.5816 78.7355 10
    endloop
  endfacet
  facet normal 0 0 1
    outer loop
      vertex 85.3137 85.3137 10
      vertex 79.1999 79.1999 10
      vertex 79.4049 78.9737 10
    endloop
  endfacet
  facet normal 0 0 1
    outer loop
      vertex 85.3137 85.3137 10
      vertex 78.9737 79.4049 10
      vertex 79.1999 79.1999 10
    endloop
  endfacet
  facet normal 0 0 1
    outer loop
      vertex 84.1503 86.3682 10
      vertex 78.7355 79.5816 10
      vertex 78.9737 79.4049 10
    endloop
  endfacet
  facet normal 0 0 1
    outer loop
      vertex 84.1503 86.3682 10
      vertex 78.7284 79.5868 10
      vertex 78.7355 79.5816 10
    endloop
  endfacet
  facet normal 0 0 1
    outer loop
      vertex 82.8891 87.3035 10
      vertex 78.721 79.5913 10
      vertex 78.7284 79.5868 10
    endloop
  endfacet
  facet normal 0 0 1
    outer loop
      vertex 77.3049 80.0961 10
      vertex 80.1229 88.7821 10
      vertex 78.6446 89.311 10
    endloop
  endfacet
  facet normal 0 0 1
    outer loop
      vertex 82.8891 87.3035 10
      vertex 78.4666 79.7438 10
      vertex 78.721 79.5913 10
    endloop
  endfacet
  facet normal 0 0 1
    outer loop
      vertex 82.8891 87.3035 10
      vertex 78.1985 79.8706 10
      vertex 78.4666 79.7438 10
    endloop
  endfacet
  facet normal 0 0 1
    outer loop
      vertex 82.8891 87.3035 10
      vertex 78.1906 79.8743 10
      vertex 78.1985 79.8706 10
    endloop
  endfacet
  facet normal 0 0 1
    outer loop
      vertex 81.5423 88.1107 10
      vertex 78.1824 79.8772 10
      vertex 78.1906 79.8743 10
    endloop
  endfacet
  facet normal 0 0 1
    outer loop
      vertex 81.5423 88.1107 10
      vertex 77.9031 79.9771 10
      vertex 78.1824 79.8772 10
    endloop
  endfacet
  facet normal 0 0 1
    outer loop
      vertex 80.1229 88.7821 10
      vertex 77.6154 80.0492 10
      vertex 77.9031 79.9771 10
    endloop
  endfacet
  facet normal 0 0 1
    outer loop
      vertex 80.1229 88.7821 10
      vertex 77.6069 80.0513 10
      vertex 77.6154 80.0492 10
    endloop
  endfacet
  facet normal 0 0 1
    outer loop
      vertex 80.1229 88.7821 10
      vertex 77.3049 80.0961 10
      vertex 77.6069 80.0513 10
    endloop
  endfacet
  facet normal 0 0 1
    outer loop
      vertex 77 80.1111 10
      vertex 78.6446 89.311 10
      vertex 77.1214 89.6926 10
    endloop
  endfacet
  facet normal 0 0 1
    outer loop
      vertex 78.6446 89.311 10
      vertex 77 80.1111 10
      vertex 77.3049 80.0961 10
    endloop
  endfacet
  facet normal 0 0 1
    outer loop
      vertex 77.1214 89.6926 10
      vertex 76.6951 80.0961 10
      vertex 77 80.1111 10
    endloop
  endfacet
  facet normal 0 0 1
    outer loop
      vertex 77.1214 89.6926 10
      vertex 76.3931 80.0513 10
      vertex 76.6951 80.0961 10
    endloop
  endfacet
  facet normal 0 0 1
    outer loop
      vertex 75.5683 89.923 10
      vertex 76.3931 80.0513 10
      vertex 77.1214 89.6926 10
    endloop
  endfacet
  facet normal 0 0 1
    outer loop
      vertex 76.3931 80.0513 10
      vertex 75.5683 89.923 10
      vertex 76.3846 80.0492 10
    endloop
  endfacet
  facet normal 0 0 1
    outer loop
      vertex 76.3846 80.0492 10
      vertex 75.5683 89.923 10
      vertex 76.0969 79.9771 10
    endloop
  endfacet
  facet normal 0 0 1
    outer loop
      vertex 74 90 10
      vertex 76.0969 79.9771 10
      vertex 75.5683 89.923 10
    endloop
  endfacet
  facet normal 0 0 1
    outer loop
      vertex 76.0969 79.9771 10
      vertex 74 90 10
      vertex 75.8176 79.8772 10
    endloop
  endfacet
  facet normal 0 0 1
    outer loop
      vertex 75.8176 79.8772 10
      vertex 74 90 10
      vertex 75.8094 79.8743 10
    endloop
  endfacet
  facet normal 0 0 1
    outer loop
      vertex 75.8094 79.8743 10
      vertex 74 90 10
      vertex 75.8015 79.8706 10
    endloop
  endfacet
  facet normal 0 0 1
    outer loop
      vertex 75.8015 79.8706 10
      vertex 74 90 10
      vertex 75.5334 79.7438 10
    endloop
  endfacet
  facet normal 0 0 1
    outer loop
      vertex 75.5334 79.7438 10
      vertex 74 90 10
      vertex 75.279 79.5913 10
    endloop
  endfacet
  facet normal 0 0 1
    outer loop
      vertex 75.279 79.5913 10
      vertex 74 90 10
      vertex 75.2716 79.5868 10
    endloop
  endfacet
  facet normal 0 0 1
    outer loop
      vertex 75.2716 79.5868 10
      vertex 74 90 10
      vertex 75.2645 79.5816 10
    endloop
  endfacet
  facet normal 0 0 1
    outer loop
      vertex 75.2645 79.5816 10
      vertex 74 90 10
      vertex 75.0263 79.4049 10
    endloop
  endfacet
  facet normal 0 0 1
    outer loop
      vertex 75.0263 79.4049 10
      vertex 74 90 10
      vertex 74.8001 79.1999 10
    endloop
  endfacet
  facet normal 0 0 1
    outer loop
      vertex 74.8001 79.1999 10
      vertex 74 90 10
      vertex 74.5951 78.9737 10
    endloop
  endfacet
  facet normal 0 0 1
    outer loop
      vertex 74.5951 78.9737 10
      vertex 74 90 10
      vertex 74.4184 78.7355 10
    endloop
  endfacet
  facet normal 0 0 1
    outer loop
      vertex 74.4184 78.7355 10
      vertex 74 90 10
      vertex 74.4132 78.7284 10
    endloop
  endfacet
  facet normal 0 0 1
    outer loop
      vertex 74.4132 78.7284 10
      vertex 74 90 10
      vertex 74.4087 78.721 10
    endloop
  endfacet
  facet normal 0 0 1
    outer loop
      vertex 74.4087 78.721 10
      vertex 74 90 10
      vertex 74.2562 78.4666 10
    endloop
  endfacet
  facet normal 0 0 1
    outer loop
      vertex 74.2562 78.4666 10
      vertex 74 90 10
      vertex 74.1294 78.1985 10
    endloop
  endfacet
  facet normal 0 0 1
    outer loop
      vertex 74.1294 78.1985 10
      vertex 74 90 10
      vertex 74.1257 78.1906 10
    endloop
  endfacet
  facet normal 0 0 1
    outer loop
      vertex 49 75 10
      vertex 74.1257 78.1906 10
      vertex 74 90 10
    endloop
  endfacet
  facet normal 0 0 1
    outer loop
      vertex 74.1257 78.1906 10
      vertex 49 75 10
      vertex 74.1228 78.1824 10
    endloop
  endfacet
  facet normal 0 0 1
    outer loop
      vertex 74.1228 78.1824 10
      vertex 49 75 10
      vertex 74.0229 77.9031 10
    endloop
  endfacet
  facet normal 0 0 1
    outer loop
      vertex 74.0229 77.9031 10
      vertex 49 75 10
      vertex 73.9508 77.6154 10
    endloop
  endfacet
  facet normal 0 0 1
    outer loop
      vertex 73.9508 77.6154 10
      vertex 49 75 10
      vertex 73.9487 77.6069 10
    endloop
  endfacet
  facet normal 0 -0 1
    outer loop
      vertex 54.8993 68.5203 10
      vertex 73.9487 77.6069 10
      vertex 49 75 10
    endloop
  endfacet
  facet normal 0 0 1
    outer loop
      vertex 69 8 10
      vertex 73.9487 13.6069 10
      vertex 69 22 10
    endloop
  endfacet
  facet normal 0 0 1
    outer loop
      vertex 73.9487 77.6069 10
      vertex 54.8993 68.5203 10
      vertex 73.9039 77.3049 10
    endloop
  endfacet
  facet normal 0 0 1
    outer loop
      vertex 90 74 10
      vertex 65.8989 47.9416 10
      vertex 90 16 10
    endloop
  endfacet
  facet normal 0 0 1
    outer loop
      vertex 90 74 10
      vertex 65.8989 52.0584 10
      vertex 66 50 10
    endloop
  endfacet
  facet normal 0 0 1
    outer loop
      vertex 90 74 10
      vertex 65.5965 54.0969 10
      vertex 65.8989 52.0584 10
    endloop
  endfacet
  facet normal 0 0 1
    outer loop
      vertex 77.6069 73.9487 10
      vertex 65.0957 56.096 10
      vertex 65.5965 54.0969 10
    endloop
  endfacet
  facet normal 0 0 1
    outer loop
      vertex 77 73.8889 10
      vertex 64.4015 58.0364 10
      vertex 65.0957 56.096 10
    endloop
  endfacet
  facet normal 0 0 1
    outer loop
      vertex 76.0969 74.0229 10
      vertex 63.5203 59.8993 10
      vertex 64.4015 58.0364 10
    endloop
  endfacet
  facet normal 0 0 1
    outer loop
      vertex 75.5334 74.2562 10
      vertex 62.4609 61.667 10
      vertex 63.5203 59.8993 10
    endloop
  endfacet
  facet normal 0 0 1
    outer loop
      vertex 75.0263 74.5951 10
      vertex 61.2332 63.3223 10
      vertex 62.4609 61.667 10
    endloop
  endfacet
  facet normal 0 0 1
    outer loop
      vertex 74.4132 75.2716 10
      vertex 59.8492 64.8492 10
      vertex 61.2332 63.3223 10
    endloop
  endfacet
  facet normal 0 0 1
    outer loop
      vertex 74.1257 75.8094 10
      vertex 58.3223 66.2332 10
      vertex 59.8492 64.8492 10
    endloop
  endfacet
  facet normal 0 0 1
    outer loop
      vertex 73.9039 76.6951 10
      vertex 56.667 67.4609 10
      vertex 58.3223 66.2332 10
    endloop
  endfacet
  facet normal 0 0 1
    outer loop
      vertex 73.9039 77.3049 10
      vertex 56.667 67.4609 10
      vertex 73.8889 77 10
    endloop
  endfacet
  facet normal 0 -0 1
    outer loop
      vertex 56.667 67.4609 10
      vertex 73.9039 77.3049 10
      vertex 54.8993 68.5203 10
    endloop
  endfacet
  facet normal 0 0 1
    outer loop
      vertex 54.8993 68.5203 10
      vertex 49 75 10
      vertex 53.0364 69.4015 10
    endloop
  endfacet
  facet normal 0 0 1
    outer loop
      vertex 53.0364 69.4015 10
      vertex 49 75 10
      vertex 51.096 70.0957 10
    endloop
  endfacet
  facet normal 0 0 1
    outer loop
      vertex 51.096 70.0957 10
      vertex 49 75 10
      vertex 49.0969 70.5965 10
    endloop
  endfacet
  facet normal 0 0 1
    outer loop
      vertex 74 90 10
      vertex 41 75 10
      vertex 49 75 10
    endloop
  endfacet
  facet normal 0 0 1
    outer loop
      vertex 41 75 10
      vertex 40.9031 70.5965 10
      vertex 41 70.6109 10
    endloop
  endfacet
  facet normal 0 0 1
    outer loop
      vertex 41 75 10
      vertex 38.904 70.0957 10
      vertex 40.9031 70.5965 10
    endloop
  endfacet
  facet normal 0 0 1
    outer loop
      vertex 41 75 10
      vertex 36.9636 69.4015 10
      vertex 38.904 70.0957 10
    endloop
  endfacet
  facet normal 0 0 1
    outer loop
      vertex 41 75 10
      vertex 35.1007 68.5203 10
      vertex 36.9636 69.4015 10
    endloop
  endfacet
  facet normal 0 0 1
    outer loop
      vertex 16.0513 77.6069 10
      vertex 35.1007 68.5203 10
      vertex 41 75 10
    endloop
  endfacet
  facet normal -0 -0 1
    outer loop
      vertex 16.0961 77.3049 10
      vertex 35.1007 68.5203 10
      vertex 16.0513 77.6069 10
    endloop
  endfacet
  facet normal -0 -0 1
    outer loop
      vertex 16.1111 77 10
      vertex 33.333 67.4609 10
      vertex 16.0961 77.3049 10
    endloop
  endfacet
  facet normal -0 0 1
    outer loop
      vertex 15.7438 75.5334 10
      vertex 30.1508 64.8492 10
      vertex 15.8706 75.8015 10
    endloop
  endfacet
  facet normal 0 0 1
    outer loop
      vertex 24.1011 47.9416 10
      vertex 16.1111 13 10
      vertex 21 22 10
    endloop
  endfacet
  facet normal -0 0 1
    outer loop
      vertex 15.5868 75.2716 10
      vertex 30.1508 64.8492 10
      vertex 15.5913 75.279 10
    endloop
  endfacet
  facet normal -0 0 1
    outer loop
      vertex 15.8706 75.8015 10
      vertex 30.1508 64.8492 10
      vertex 15.8743 75.8094 10
    endloop
  endfacet
  facet normal 0 0 1
    outer loop
      vertex 31.6777 66.2332 10
      vertex 15.8743 75.8094 10
      vertex 30.1508 64.8492 10
    endloop
  endfacet
  facet normal -0 0 1
    outer loop
      vertex 15.8743 75.8094 10
      vertex 31.6777 66.2332 10
      vertex 15.8772 75.8176 10
    endloop
  endfacet
  facet normal -0 0 1
    outer loop
      vertex 15.8772 75.8176 10
      vertex 31.6777 66.2332 10
      vertex 15.9771 76.0969 10
    endloop
  endfacet
  facet normal -0 0 1
    outer loop
      vertex 15.9771 76.0969 10
      vertex 31.6777 66.2332 10
      vertex 16.0492 76.3846 10
    endloop
  endfacet
  facet normal -0 0 1
    outer loop
      vertex 16.0492 76.3846 10
      vertex 31.6777 66.2332 10
      vertex 16.0513 76.3931 10
    endloop
  endfacet
  facet normal -0 0 1
    outer loop
      vertex 16.0513 76.3931 10
      vertex 31.6777 66.2332 10
      vertex 16.0961 76.6951 10
    endloop
  endfacet
  facet normal 0 0 1
    outer loop
      vertex 33.333 67.4609 10
      vertex 16.0961 76.6951 10
      vertex 31.6777 66.2332 10
    endloop
  endfacet
  facet normal -0 0 1
    outer loop
      vertex 16 90 10
      vertex 41 75 10
      vertex 74 90 10
    endloop
  endfacet
  facet normal -0 0 1
    outer loop
      vertex 16.0961 76.6951 10
      vertex 33.333 67.4609 10
      vertex 16.1111 77 10
    endloop
  endfacet
  facet normal 0 0 1
    outer loop
      vertex 35.1007 68.5203 10
      vertex 16.0961 77.3049 10
      vertex 33.333 67.4609 10
    endloop
  endfacet
  facet normal -0 0 1
    outer loop
      vertex 15.8743 78.1906 10
      vertex 41 75 10
      vertex 16 90 10
    endloop
  endfacet
  facet normal 0 0 1
    outer loop
      vertex 41 75 10
      vertex 16.0492 77.6154 10
      vertex 16.0513 77.6069 10
    endloop
  endfacet
  facet normal 0 0 1
    outer loop
      vertex 41 75 10
      vertex 15.9771 77.9031 10
      vertex 16.0492 77.6154 10
    endloop
  endfacet
  facet normal 0 0 1
    outer loop
      vertex 41 75 10
      vertex 15.8772 78.1824 10
      vertex 15.9771 77.9031 10
    endloop
  endfacet
  facet normal 0 0 1
    outer loop
      vertex 41 75 10
      vertex 15.8743 78.1906 10
      vertex 15.8772 78.1824 10
    endloop
  endfacet
  facet normal 0 0 1
    outer loop
      vertex 16 90 10
      vertex 15.8706 78.1985 10
      vertex 15.8743 78.1906 10
    endloop
  endfacet
  facet normal 0 0 1
    outer loop
      vertex 16 90 10
      vertex 15.7438 78.4666 10
      vertex 15.8706 78.1985 10
    endloop
  endfacet
  facet normal 0 0 1
    outer loop
      vertex 16 90 10
      vertex 15.5913 78.721 10
      vertex 15.7438 78.4666 10
    endloop
  endfacet
  facet normal 0 0 1
    outer loop
      vertex 16 90 10
      vertex 15.5868 78.7284 10
      vertex 15.5913 78.721 10
    endloop
  endfacet
  facet normal 0 0 1
    outer loop
      vertex 16 90 10
      vertex 15.5816 78.7355 10
      vertex 15.5868 78.7284 10
    endloop
  endfacet
  facet normal 0 0 1
    outer loop
      vertex 16 90 10
      vertex 15.4049 78.9737 10
      vertex 15.5816 78.7355 10
    endloop
  endfacet
  facet normal 0 0 1
    outer loop
      vertex 16 90 10
      vertex 15.1999 79.1999 10
      vertex 15.4049 78.9737 10
    endloop
  endfacet
  facet normal 0 0 1
    outer loop
      vertex 16 90 10
      vertex 14.9737 79.4049 10
      vertex 15.1999 79.1999 10
    endloop
  endfacet
  facet normal 0 0 1
    outer loop
      vertex 16 90 10
      vertex 14.7354 79.5816 10
      vertex 14.9737 79.4049 10
    endloop
  endfacet
  facet normal 0 0 1
    outer loop
      vertex 16 90 10
      vertex 14.7284 79.5868 10
      vertex 14.7354 79.5816 10
    endloop
  endfacet
  facet normal 0 0 1
    outer loop
      vertex 16 90 10
      vertex 14.721 79.5913 10
      vertex 14.7284 79.5868 10
    endloop
  endfacet
  facet normal 0 0 1
    outer loop
      vertex 16 90 10
      vertex 14.4666 79.7438 10
      vertex 14.721 79.5913 10
    endloop
  endfacet
  facet normal 0 0 1
    outer loop
      vertex 13.9031 79.9771 10
      vertex 16 90 10
      vertex 14.4317 89.923 10
    endloop
  endfacet
  facet normal 0 0 1
    outer loop
      vertex 16 90 10
      vertex 14.1985 79.8706 10
      vertex 14.4666 79.7438 10
    endloop
  endfacet
  facet normal 0 0 1
    outer loop
      vertex 16 90 10
      vertex 14.1906 79.8743 10
      vertex 14.1985 79.8706 10
    endloop
  endfacet
  facet normal 0 0 1
    outer loop
      vertex 16 90 10
      vertex 14.1824 79.8772 10
      vertex 14.1906 79.8743 10
    endloop
  endfacet
  facet normal 0 0 1
    outer loop
      vertex 16 90 10
      vertex 13.9031 79.9771 10
      vertex 14.1824 79.8772 10
    endloop
  endfacet
  facet normal 0 0 1
    outer loop
      vertex 14.4317 89.923 10
      vertex 13.6154 80.0492 10
      vertex 13.9031 79.9771 10
    endloop
  endfacet
  facet normal 0 0 1
    outer loop
      vertex 14.4317 89.923 10
      vertex 13.6069 80.0513 10
      vertex 13.6154 80.0492 10
    endloop
  endfacet
  facet normal -0 0 1
    outer loop
      vertex 12.8786 89.6926 10
      vertex 13.6069 80.0513 10
      vertex 14.4317 89.923 10
    endloop
  endfacet
  facet normal 0 0 1
    outer loop
      vertex 13.6069 80.0513 10
      vertex 12.8786 89.6926 10
      vertex 13.3049 80.0961 10
    endloop
  endfacet
  facet normal 0 0 1
    outer loop
      vertex 13.3049 80.0961 10
      vertex 12.8786 89.6926 10
      vertex 13 80.1111 10
    endloop
  endfacet
  facet normal -0 0 1
    outer loop
      vertex 11.3554 89.311 10
      vertex 13 80.1111 10
      vertex 12.8786 89.6926 10
    endloop
  endfacet
  facet normal 0 0 1
    outer loop
      vertex 13 80.1111 10
      vertex 11.3554 89.311 10
      vertex 12.6951 80.0961 10
    endloop
  endfacet
  facet normal -0 0 1
    outer loop
      vertex 9.87706 88.7821 10
      vertex 12.6951 80.0961 10
      vertex 11.3554 89.311 10
    endloop
  endfacet
  facet normal 0 0 1
    outer loop
      vertex 12.6951 80.0961 10
      vertex 9.87706 88.7821 10
      vertex 12.3931 80.0513 10
    endloop
  endfacet
  facet normal 0 0 1
    outer loop
      vertex 12.3931 80.0513 10
      vertex 9.87706 88.7821 10
      vertex 12.3846 80.0492 10
    endloop
  endfacet
  facet normal 0 0 1
    outer loop
      vertex 12.3846 80.0492 10
      vertex 9.87706 88.7821 10
      vertex 12.0969 79.9771 10
    endloop
  endfacet
  facet normal -0 0 1
    outer loop
      vertex 8.45765 88.1107 10
      vertex 12.0969 79.9771 10
      vertex 9.87706 88.7821 10
    endloop
  endfacet
  facet normal 0 0 1
    outer loop
      vertex 12.0969 79.9771 10
      vertex 8.45765 88.1107 10
      vertex 11.8176 79.8772 10
    endloop
  endfacet
  facet normal 0 0 1
    outer loop
      vertex 11.8176 79.8772 10
      vertex 8.45765 88.1107 10
      vertex 11.8094 79.8743 10
    endloop
  endfacet
  facet normal -0 0 1
    outer loop
      vertex 7.11088 87.3035 10
      vertex 11.8094 79.8743 10
      vertex 8.45765 88.1107 10
    endloop
  endfacet
  facet normal 0 0 1
    outer loop
      vertex 11.8094 79.8743 10
      vertex 7.11088 87.3035 10
      vertex 11.8015 79.8706 10
    endloop
  endfacet
  facet normal 0 0 1
    outer loop
      vertex 11.8015 79.8706 10
      vertex 7.11088 87.3035 10
      vertex 11.5334 79.7438 10
    endloop
  endfacet
  facet normal 0 0 1
    outer loop
      vertex 11.5334 79.7438 10
      vertex 7.11088 87.3035 10
      vertex 11.279 79.5913 10
    endloop
  endfacet
  facet normal 0 0 1
    outer loop
      vertex 11.279 79.5913 10
      vertex 7.11088 87.3035 10
      vertex 11.2716 79.5868 10
    endloop
  endfacet
  facet normal -0 0 1
    outer loop
      vertex 5.84971 86.3682 10
      vertex 11.2716 79.5868 10
      vertex 7.11088 87.3035 10
    endloop
  endfacet
  facet normal 0 0 1
    outer loop
      vertex 11.2716 79.5868 10
      vertex 5.84971 86.3682 10
      vertex 11.2646 79.5816 10
    endloop
  endfacet
  facet normal 0 0 1
    outer loop
      vertex 11.2646 79.5816 10
      vertex 5.84971 86.3682 10
      vertex 11.0263 79.4049 10
    endloop
  endfacet
  facet normal -0 0 1
    outer loop
      vertex 4.68629 85.3137 10
      vertex 11.0263 79.4049 10
      vertex 5.84971 86.3682 10
    endloop
  endfacet
  facet normal 0 0 1
    outer loop
      vertex 11.0263 79.4049 10
      vertex 4.68629 85.3137 10
      vertex 10.8001 79.1999 10
    endloop
  endfacet
  facet normal 0 0 1
    outer loop
      vertex 10.8001 79.1999 10
      vertex 4.68629 85.3137 10
      vertex 10.5951 78.9737 10
    endloop
  endfacet
  facet normal -0 0 1
    outer loop
      vertex 3.63183 84.1503 10
      vertex 10.5951 78.9737 10
      vertex 4.68629 85.3137 10
    endloop
  endfacet
  facet normal 0 0 1
    outer loop
      vertex 10.5951 78.9737 10
      vertex 3.63183 84.1503 10
      vertex 10.4184 78.7355 10
    endloop
  endfacet
  facet normal 0 0 1
    outer loop
      vertex 10.4184 78.7355 10
      vertex 3.63183 84.1503 10
      vertex 10.4132 78.7284 10
    endloop
  endfacet
  facet normal 0 0 1
    outer loop
      vertex 10.4132 78.7284 10
      vertex 3.63183 84.1503 10
      vertex 10.4087 78.721 10
    endloop
  endfacet
  facet normal -0 0 1
    outer loop
      vertex 2.69649 82.8891 10
      vertex 10.4087 78.721 10
      vertex 3.63183 84.1503 10
    endloop
  endfacet
  facet normal 0 0 1
    outer loop
      vertex 10.4087 78.721 10
      vertex 2.69649 82.8891 10
      vertex 10.2562 78.4666 10
    endloop
  endfacet
  facet normal -0 0 1
    outer loop
      vertex 1.88926 81.5423 10
      vertex 10.1257 78.1906 10
      vertex 2.69649 82.8891 10
    endloop
  endfacet
  facet normal 0 0 1
    outer loop
      vertex 10.1294 78.1985 10
      vertex 2.69649 82.8891 10
      vertex 10.1257 78.1906 10
    endloop
  endfacet
  facet normal 0 0 1
    outer loop
      vertex 10.2562 78.4666 10
      vertex 2.69649 82.8891 10
      vertex 10.1294 78.1985 10
    endloop
  endfacet
  facet normal 0 0 1
    outer loop
      vertex 88.1107 8.45765 10
      vertex 79.8743 11.8094 10
      vertex 87.3035 7.11088 10
    endloop
  endfacet
  facet normal -0 0 1
    outer loop
      vertex 79.8706 11.8015 10
      vertex 87.3035 7.11088 10
      vertex 79.8743 11.8094 10
    endloop
  endfacet
  facet normal -0 0 1
    outer loop
      vertex 79.7438 11.5334 10
      vertex 87.3035 7.11088 10
      vertex 79.8706 11.8015 10
    endloop
  endfacet
  facet normal -0 0 1
    outer loop
      vertex 79.5913 11.279 10
      vertex 87.3035 7.11088 10
      vertex 79.7438 11.5334 10
    endloop
  endfacet
  facet normal 0 0 1
    outer loop
      vertex 87.3035 7.11088 10
      vertex 79.5913 11.279 10
      vertex 86.3682 5.84971 10
    endloop
  endfacet
  facet normal -0 0 1
    outer loop
      vertex 79.5868 11.2716 10
      vertex 86.3682 5.84971 10
      vertex 79.5913 11.279 10
    endloop
  endfacet
  facet normal -0 0 1
    outer loop
      vertex 79.5816 11.2646 10
      vertex 86.3682 5.84971 10
      vertex 79.5868 11.2716 10
    endloop
  endfacet
  facet normal -0 0 1
    outer loop
      vertex 79.4049 11.0263 10
      vertex 86.3682 5.84971 10
      vertex 79.5816 11.2646 10
    endloop
  endfacet
  facet normal 0 0 1
    outer loop
      vertex 86.3682 5.84971 10
      vertex 79.4049 11.0263 10
      vertex 85.3137 4.68629 10
    endloop
  endfacet
  facet normal -0 0 1
    outer loop
      vertex 79.1999 10.8001 10
      vertex 85.3137 4.68629 10
      vertex 79.4049 11.0263 10
    endloop
  endfacet
  facet normal -0 0 1
    outer loop
      vertex 78.9737 10.5951 10
      vertex 85.3137 4.68629 10
      vertex 79.1999 10.8001 10
    endloop
  endfacet
  facet normal 0 0 1
    outer loop
      vertex 85.3137 4.68629 10
      vertex 78.9737 10.5951 10
      vertex 84.1503 3.63183 10
    endloop
  endfacet
  facet normal -0 0 1
    outer loop
      vertex 78.7355 10.4184 10
      vertex 84.1503 3.63183 10
      vertex 78.9737 10.5951 10
    endloop
  endfacet
  facet normal -0 0 1
    outer loop
      vertex 78.7284 10.4132 10
      vertex 84.1503 3.63183 10
      vertex 78.7355 10.4184 10
    endloop
  endfacet
  facet normal 0 0 1
    outer loop
      vertex 84.1503 3.63183 10
      vertex 78.7284 10.4132 10
      vertex 82.8891 2.69649 10
    endloop
  endfacet
  facet normal -0 0 1
    outer loop
      vertex 78.721 10.4087 10
      vertex 82.8891 2.69649 10
      vertex 78.7284 10.4132 10
    endloop
  endfacet
  facet normal -0 0 1
    outer loop
      vertex 78.4666 10.2562 10
      vertex 82.8891 2.69649 10
      vertex 78.721 10.4087 10
    endloop
  endfacet
  facet normal -0 0 1
    outer loop
      vertex 78.1985 10.1294 10
      vertex 82.8891 2.69649 10
      vertex 78.4666 10.2562 10
    endloop
  endfacet
  facet normal -0 0 1
    outer loop
      vertex 78.1906 10.1257 10
      vertex 82.8891 2.69649 10
      vertex 78.1985 10.1294 10
    endloop
  endfacet
  facet normal 0 0 1
    outer loop
      vertex 82.8891 2.69649 10
      vertex 78.1906 10.1257 10
      vertex 81.5423 1.88926 10
    endloop
  endfacet
  facet normal -0 0 1
    outer loop
      vertex 78.1824 10.1228 10
      vertex 81.5423 1.88926 10
      vertex 78.1906 10.1257 10
    endloop
  endfacet
  facet normal -0 0 1
    outer loop
      vertex 77.9031 10.0229 10
      vertex 81.5423 1.88926 10
      vertex 78.1824 10.1228 10
    endloop
  endfacet
  facet normal 0 0 1
    outer loop
      vertex 81.5423 1.88926 10
      vertex 77.9031 10.0229 10
      vertex 80.1229 1.21793 10
    endloop
  endfacet
  facet normal -0 0 1
    outer loop
      vertex 77.6154 9.95079 10
      vertex 80.1229 1.21793 10
      vertex 77.9031 10.0229 10
    endloop
  endfacet
  facet normal -0 0 1
    outer loop
      vertex 77.6069 9.94867 10
      vertex 80.1229 1.21793 10
      vertex 77.6154 9.95079 10
    endloop
  endfacet
  facet normal -0 0 1
    outer loop
      vertex 77.3049 9.90387 10
      vertex 80.1229 1.21793 10
      vertex 77.6069 9.94867 10
    endloop
  endfacet
  facet normal 0 0 1
    outer loop
      vertex 80.1229 1.21793 10
      vertex 77.3049 9.90387 10
      vertex 78.6446 0.688954 10
    endloop
  endfacet
  facet normal -0 0 1
    outer loop
      vertex 77 9.88889 10
      vertex 78.6446 0.688954 10
      vertex 77.3049 9.90387 10
    endloop
  endfacet
  facet normal 0 0 1
    outer loop
      vertex 78.6446 0.688954 10
      vertex 77 9.88889 10
      vertex 77.1214 0.307435 10
    endloop
  endfacet
  facet normal 0 0 1
    outer loop
      vertex 76.6951 9.90387 10
      vertex 77.1214 0.307435 10
      vertex 77 9.88889 10
    endloop
  endfacet
  facet normal 0 0 1
    outer loop
      vertex 76.3931 9.94867 10
      vertex 77.1214 0.307435 10
      vertex 76.6951 9.90387 10
    endloop
  endfacet
  facet normal 0 0 1
    outer loop
      vertex 75.5683 0.0770435 10
      vertex 76.3931 9.94867 10
      vertex 76.3846 9.95079 10
    endloop
  endfacet
  facet normal 0 0 1
    outer loop
      vertex 75.5683 0.0770435 10
      vertex 76.3846 9.95079 10
      vertex 76.0969 10.0229 10
    endloop
  endfacet
  facet normal 0 0 1
    outer loop
      vertex 74 0 10
      vertex 76.0969 10.0229 10
      vertex 75.8176 10.1228 10
    endloop
  endfacet
  facet normal 0 0 1
    outer loop
      vertex 74 0 10
      vertex 75.8176 10.1228 10
      vertex 75.8094 10.1257 10
    endloop
  endfacet
  facet normal 0 0 1
    outer loop
      vertex 74 0 10
      vertex 75.8094 10.1257 10
      vertex 75.8015 10.1294 10
    endloop
  endfacet
  facet normal 0 0 1
    outer loop
      vertex 76.3931 9.94867 10
      vertex 75.5683 0.0770435 10
      vertex 77.1214 0.307435 10
    endloop
  endfacet
  facet normal 0 0 1
    outer loop
      vertex 69 8 10
      vertex 75.8015 10.1294 10
      vertex 75.5334 10.2562 10
    endloop
  endfacet
  facet normal 0 0 1
    outer loop
      vertex 69 8 10
      vertex 75.5334 10.2562 10
      vertex 75.279 10.4087 10
    endloop
  endfacet
  facet normal 0 0 1
    outer loop
      vertex 69 8 10
      vertex 75.279 10.4087 10
      vertex 75.2716 10.4132 10
    endloop
  endfacet
  facet normal 0 0 1
    outer loop
      vertex 69 8 10
      vertex 75.2716 10.4132 10
      vertex 75.2645 10.4184 10
    endloop
  endfacet
  facet normal 0 0 1
    outer loop
      vertex 69 8 10
      vertex 75.2645 10.4184 10
      vertex 75.0263 10.5951 10
    endloop
  endfacet
  facet normal 0 0 1
    outer loop
      vertex 69 8 10
      vertex 75.0263 10.5951 10
      vertex 74.8001 10.8001 10
    endloop
  endfacet
  facet normal 0 0 1
    outer loop
      vertex 69 8 10
      vertex 74.8001 10.8001 10
      vertex 74.5951 11.0263 10
    endloop
  endfacet
  facet normal 0 0 1
    outer loop
      vertex 69 8 10
      vertex 74.5951 11.0263 10
      vertex 74.4184 11.2646 10
    endloop
  endfacet
  facet normal 0 0 1
    outer loop
      vertex 69 8 10
      vertex 74.4184 11.2646 10
      vertex 74.4132 11.2716 10
    endloop
  endfacet
  facet normal 0 0 1
    outer loop
      vertex 69 8 10
      vertex 74.4132 11.2716 10
      vertex 74.4087 11.279 10
    endloop
  endfacet
  facet normal 0 0 1
    outer loop
      vertex 69 8 10
      vertex 74.4087 11.279 10
      vertex 74.2562 11.5334 10
    endloop
  endfacet
  facet normal 0 0 1
    outer loop
      vertex 69 8 10
      vertex 74.2562 11.5334 10
      vertex 74.1294 11.8015 10
    endloop
  endfacet
  facet normal 0 0 1
    outer loop
      vertex 69 8 10
      vertex 74.1294 11.8015 10
      vertex 74.1257 11.8094 10
    endloop
  endfacet
  facet normal 0 0 1
    outer loop
      vertex 69 8 10
      vertex 74.1257 11.8094 10
      vertex 74.1228 11.8176 10
    endloop
  endfacet
  facet normal 0 0 1
    outer loop
      vertex 69 8 10
      vertex 74.1228 11.8176 10
      vertex 74.0229 12.0969 10
    endloop
  endfacet
  facet normal 0 0 1
    outer loop
      vertex 75.8015 10.1294 10
      vertex 69 8 10
      vertex 74 0 10
    endloop
  endfacet
  facet normal 0 0 1
    outer loop
      vertex 69 8 10
      vertex 74.0229 12.0969 10
      vertex 73.9508 12.3846 10
    endloop
  endfacet
  facet normal 0 0 1
    outer loop
      vertex 69 8 10
      vertex 73.9508 12.3846 10
      vertex 73.9487 12.3931 10
    endloop
  endfacet
  facet normal 0 0 1
    outer loop
      vertex 69 8 10
      vertex 73.9487 12.3931 10
      vertex 73.9039 12.6951 10
    endloop
  endfacet
  facet normal 0 0 1
    outer loop
      vertex 69 8 10
      vertex 73.9039 12.6951 10
      vertex 73.8889 13 10
    endloop
  endfacet
  facet normal 0 0 1
    outer loop
      vertex 73.9039 13.3049 10
      vertex 69 8 10
      vertex 73.8889 13 10
    endloop
  endfacet
  facet normal 0 0 1
    outer loop
      vertex 76.0969 10.0229 10
      vertex 74 0 10
      vertex 75.5683 0.0770435 10
    endloop
  endfacet
  facet normal -0 0 1
    outer loop
      vertex 55 8 10
      vertex 74 0 10
      vertex 69 8 10
    endloop
  endfacet
  facet normal -0 0 1
    outer loop
      vertex 51.096 29.9043 10
      vertex 55 22 10
      vertex 53.0364 30.5985 10
    endloop
  endfacet
  facet normal -0 0 1
    outer loop
      vertex 49.0969 29.4035 10
      vertex 55 22 10
      vertex 51.096 29.9043 10
    endloop
  endfacet
  facet normal -0 0 1
    outer loop
      vertex 47.0584 29.1011 10
      vertex 55 22 10
      vertex 49.0969 29.4035 10
    endloop
  endfacet
  facet normal -0 0 1
    outer loop
      vertex 45 29 10
      vertex 55 22 10
      vertex 47.0584 29.1011 10
    endloop
  endfacet
  facet normal 0 0 1
    outer loop
      vertex 35 22 10
      vertex 55 22 10
      vertex 45 29 10
    endloop
  endfacet
  facet normal 0 0 1
    outer loop
      vertex 35 22 10
      vertex 45 29 10
      vertex 42.9416 29.1011 10
    endloop
  endfacet
  facet normal 0 0 1
    outer loop
      vertex 35 22 10
      vertex 42.9416 29.1011 10
      vertex 40.9031 29.4035 10
    endloop
  endfacet
  facet normal 0 0 1
    outer loop
      vertex 35 22 10
      vertex 40.9031 29.4035 10
      vertex 38.904 29.9043 10
    endloop
  endfacet
  facet normal 0 0 1
    outer loop
      vertex 35 22 10
      vertex 38.904 29.9043 10
      vertex 36.9636 30.5985 10
    endloop
  endfacet
  facet normal 0 0 1
    outer loop
      vertex 35 22 10
      vertex 36.9636 30.5985 10
      vertex 35.1007 31.4797 10
    endloop
  endfacet
  facet normal 0 0 1
    outer loop
      vertex 55 22 10
      vertex 35 22 10
      vertex 55 8 10
    endloop
  endfacet
  facet normal 0 0 1
    outer loop
      vertex 35 8 10
      vertex 55 8 10
      vertex 35 22 10
    endloop
  endfacet
  facet normal -0 0 1
    outer loop
      vertex 35 8 10
      vertex 74 0 10
      vertex 55 8 10
    endloop
  endfacet
  facet normal 0 0 1
    outer loop
      vertex 16 0 10
      vertex 35 8 10
      vertex 21 8 10
    endloop
  endfacet
  facet normal 0 0 1
    outer loop
      vertex 21 22 10
      vertex 16.1111 13 10
      vertex 21 8 10
    endloop
  endfacet
  facet normal -0 0 1
    outer loop
      vertex 16.0961 12.6951 10
      vertex 21 8 10
      vertex 16.1111 13 10
    endloop
  endfacet
  facet normal -0 0 1
    outer loop
      vertex 16.0513 12.3931 10
      vertex 21 8 10
      vertex 16.0961 12.6951 10
    endloop
  endfacet
  facet normal -0 0 1
    outer loop
      vertex 16.0492 12.3846 10
      vertex 21 8 10
      vertex 16.0513 12.3931 10
    endloop
  endfacet
  facet normal 0 0 1
    outer loop
      vertex 35 8 10
      vertex 16 0 10
      vertex 74 0 10
    endloop
  endfacet
  facet normal -0 0 1
    outer loop
      vertex 15.9771 12.0969 10
      vertex 21 8 10
      vertex 16.0492 12.3846 10
    endloop
  endfacet
  facet normal -0 0 1
    outer loop
      vertex 15.8772 11.8176 10
      vertex 21 8 10
      vertex 15.9771 12.0969 10
    endloop
  endfacet
  facet normal -0 0 1
    outer loop
      vertex 15.8743 11.8094 10
      vertex 21 8 10
      vertex 15.8772 11.8176 10
    endloop
  endfacet
  facet normal -0 0 1
    outer loop
      vertex 15.8706 11.8015 10
      vertex 21 8 10
      vertex 15.8743 11.8094 10
    endloop
  endfacet
  facet normal -0 0 1
    outer loop
      vertex 15.7438 11.5334 10
      vertex 21 8 10
      vertex 15.8706 11.8015 10
    endloop
  endfacet
  facet normal -0 0 1
    outer loop
      vertex 15.5913 11.279 10
      vertex 21 8 10
      vertex 15.7438 11.5334 10
    endloop
  endfacet
  facet normal -0 0 1
    outer loop
      vertex 15.5868 11.2716 10
      vertex 21 8 10
      vertex 15.5913 11.279 10
    endloop
  endfacet
  facet normal -0 0 1
    outer loop
      vertex 15.5816 11.2646 10
      vertex 21 8 10
      vertex 15.5868 11.2716 10
    endloop
  endfacet
  facet normal -0 0 1
    outer loop
      vertex 15.4049 11.0263 10
      vertex 21 8 10
      vertex 15.5816 11.2646 10
    endloop
  endfacet
  facet normal -0 0 1
    outer loop
      vertex 15.1999 10.8001 10
      vertex 21 8 10
      vertex 15.4049 11.0263 10
    endloop
  endfacet
  facet normal -0 0 1
    outer loop
      vertex 14.9737 10.5951 10
      vertex 21 8 10
      vertex 15.1999 10.8001 10
    endloop
  endfacet
  facet normal -0 0 1
    outer loop
      vertex 14.7354 10.4184 10
      vertex 21 8 10
      vertex 14.9737 10.5951 10
    endloop
  endfacet
  facet normal -0 0 1
    outer loop
      vertex 14.7284 10.4132 10
      vertex 21 8 10
      vertex 14.7354 10.4184 10
    endloop
  endfacet
  facet normal -0 0 1
    outer loop
      vertex 14.721 10.4087 10
      vertex 21 8 10
      vertex 14.7284 10.4132 10
    endloop
  endfacet
  facet normal -0 0 1
    outer loop
      vertex 14.4666 10.2562 10
      vertex 21 8 10
      vertex 14.721 10.4087 10
    endloop
  endfacet
  facet normal -0 0 1
    outer loop
      vertex 14.1985 10.1294 10
      vertex 21 8 10
      vertex 14.4666 10.2562 10
    endloop
  endfacet
  facet normal 0 0 1
    outer loop
      vertex 21 8 10
      vertex 14.1985 10.1294 10
      vertex 16 0 10
    endloop
  endfacet
  facet normal -0 0 1
    outer loop
      vertex 14.1906 10.1257 10
      vertex 16 0 10
      vertex 14.1985 10.1294 10
    endloop
  endfacet
  facet normal -0 0 1
    outer loop
      vertex 14.1824 10.1228 10
      vertex 16 0 10
      vertex 14.1906 10.1257 10
    endloop
  endfacet
  facet normal -0 0 1
    outer loop
      vertex 13.9031 10.0229 10
      vertex 16 0 10
      vertex 14.1824 10.1228 10
    endloop
  endfacet
  facet normal 0 0 1
    outer loop
      vertex 16 0 10
      vertex 13.9031 10.0229 10
      vertex 14.4317 0.0770435 10
    endloop
  endfacet
  facet normal -0 0 1
    outer loop
      vertex 13.6154 9.95079 10
      vertex 14.4317 0.0770435 10
      vertex 13.9031 10.0229 10
    endloop
  endfacet
  facet normal -0 0 1
    outer loop
      vertex 13.6069 9.94867 10
      vertex 14.4317 0.0770435 10
      vertex 13.6154 9.95079 10
    endloop
  endfacet
  facet normal 0 0 1
    outer loop
      vertex 12.8786 0.307435 10
      vertex 13.6069 9.94867 10
      vertex 13.3049 9.90387 10
    endloop
  endfacet
  facet normal 0 0 1
    outer loop
      vertex 12.8786 0.307435 10
      vertex 13.3049 9.90387 10
      vertex 13 9.88889 10
    endloop
  endfacet
  facet normal 0 0 1
    outer loop
      vertex 13.6069 9.94867 10
      vertex 12.8786 0.307435 10
      vertex 14.4317 0.0770435 10
    endloop
  endfacet
  facet normal 0 0 1
    outer loop
      vertex 11.3554 0.688954 10
      vertex 13 9.88889 10
      vertex 12.6951 9.90387 10
    endloop
  endfacet
  facet normal 0 0 1
    outer loop
      vertex 9.87706 1.21793 10
      vertex 12.6951 9.90387 10
      vertex 12.3931 9.94867 10
    endloop
  endfacet
  facet normal 0 0 1
    outer loop
      vertex 9.87706 1.21793 10
      vertex 12.3931 9.94867 10
      vertex 12.3846 9.95079 10
    endloop
  endfacet
  facet normal 0 0 1
    outer loop
      vertex 9.87706 1.21793 10
      vertex 12.3846 9.95079 10
      vertex 12.0969 10.0229 10
    endloop
  endfacet
  facet normal 0 0 1
    outer loop
      vertex 8.45765 1.88926 10
      vertex 12.0969 10.0229 10
      vertex 11.8176 10.1228 10
    endloop
  endfacet
  facet normal 0 0 1
    outer loop
      vertex 8.45765 1.88926 10
      vertex 11.8176 10.1228 10
      vertex 11.8094 10.1257 10
    endloop
  endfacet
  facet normal 0 0 1
    outer loop
      vertex 7.11088 2.69649 10
      vertex 11.8094 10.1257 10
      vertex 11.8015 10.1294 10
    endloop
  endfacet
  facet normal 0 0 1
    outer loop
      vertex 7.11088 2.69649 10
      vertex 11.8015 10.1294 10
      vertex 11.5334 10.2562 10
    endloop
  endfacet
  facet normal 0 0 1
    outer loop
      vertex 13 9.88889 10
      vertex 11.3554 0.688954 10
      vertex 12.8786 0.307435 10
    endloop
  endfacet
  facet normal 0 0 1
    outer loop
      vertex 7.11088 2.69649 10
      vertex 11.5334 10.2562 10
      vertex 11.279 10.4087 10
    endloop
  endfacet
  facet normal 0 0 1
    outer loop
      vertex 7.11088 2.69649 10
      vertex 11.279 10.4087 10
      vertex 11.2716 10.4132 10
    endloop
  endfacet
  facet normal 0 0 1
    outer loop
      vertex 5.84971 3.63183 10
      vertex 11.2716 10.4132 10
      vertex 11.2646 10.4184 10
    endloop
  endfacet
  facet normal 0 0 1
    outer loop
      vertex 5.84971 3.63183 10
      vertex 11.2646 10.4184 10
      vertex 11.0263 10.5951 10
    endloop
  endfacet
  facet normal 0 0 1
    outer loop
      vertex 4.68629 4.68629 10
      vertex 11.0263 10.5951 10
      vertex 10.8001 10.8001 10
    endloop
  endfacet
  facet normal 0 0 1
    outer loop
      vertex 4.68629 4.68629 10
      vertex 10.8001 10.8001 10
      vertex 10.5951 11.0263 10
    endloop
  endfacet
  facet normal 0 0 1
    outer loop
      vertex 3.63183 5.84971 10
      vertex 10.5951 11.0263 10
      vertex 10.4184 11.2646 10
    endloop
  endfacet
  facet normal 0 0 1
    outer loop
      vertex 3.63183 5.84971 10
      vertex 10.4184 11.2646 10
      vertex 10.4132 11.2716 10
    endloop
  endfacet
  facet normal 0 0 1
    outer loop
      vertex 3.63183 5.84971 10
      vertex 10.4132 11.2716 10
      vertex 10.4087 11.279 10
    endloop
  endfacet
  facet normal 0 0 1
    outer loop
      vertex 2.69649 7.11088 10
      vertex 10.4087 11.279 10
      vertex 10.2562 11.5334 10
    endloop
  endfacet
  facet normal 0 0 1
    outer loop
      vertex 2.69649 7.11088 10
      vertex 10.2562 11.5334 10
      vertex 10.1294 11.8015 10
    endloop
  endfacet
  facet normal 0 0 1
    outer loop
      vertex 2.69649 7.11088 10
      vertex 10.1294 11.8015 10
      vertex 10.1257 11.8094 10
    endloop
  endfacet
  facet normal 0 0 1
    outer loop
      vertex 1.88926 8.45765 10
      vertex 10.1257 11.8094 10
      vertex 10.1228 11.8176 10
    endloop
  endfacet
  facet normal 0 0 1
    outer loop
      vertex 1.88926 8.45765 10
      vertex 10.1228 11.8176 10
      vertex 10.0229 12.0969 10
    endloop
  endfacet
  facet normal 0 0 1
    outer loop
      vertex 1.21793 9.87706 10
      vertex 10.0229 12.0969 10
      vertex 9.95079 12.3846 10
    endloop
  endfacet
  facet normal 0 0 1
    outer loop
      vertex 1.21793 9.87706 10
      vertex 9.95079 12.3846 10
      vertex 9.94867 12.3931 10
    endloop
  endfacet
  facet normal 0 0 1
    outer loop
      vertex 1.21793 9.87706 10
      vertex 9.94867 12.3931 10
      vertex 9.90387 12.6951 10
    endloop
  endfacet
  facet normal 0 0 1
    outer loop
      vertex 12.6951 9.90387 10
      vertex 9.87706 1.21793 10
      vertex 11.3554 0.688954 10
    endloop
  endfacet
  facet normal 0 0 1
    outer loop
      vertex 0.688954 11.3554 10
      vertex 9.90387 12.6951 10
      vertex 9.88889 13 10
    endloop
  endfacet
  facet normal 0 0 1
    outer loop
      vertex 9.95079 13.6154 10
      vertex 0.0770435 14.4317 10
      vertex 9.94867 13.6069 10
    endloop
  endfacet
  facet normal 0 0 1
    outer loop
      vertex 10.1257 78.1906 10
      vertex 1.88926 81.5423 10
      vertex 10.1228 78.1824 10
    endloop
  endfacet
  facet normal 0 -0 1
    outer loop
      vertex 0.307435 12.8786 10
      vertex 9.94867 13.6069 10
      vertex 0.0770435 14.4317 10
    endloop
  endfacet
  facet normal 0 0 1
    outer loop
      vertex 10.1228 78.1824 10
      vertex 1.88926 81.5423 10
      vertex 10.0229 77.9031 10
    endloop
  endfacet
  facet normal 0 0 1
    outer loop
      vertex 9.94867 13.6069 10
      vertex 0.307435 12.8786 10
      vertex 9.90387 13.3049 10
    endloop
  endfacet
  facet normal -0 0 1
    outer loop
      vertex 1.21793 80.1229 10
      vertex 10.0229 77.9031 10
      vertex 1.88926 81.5423 10
    endloop
  endfacet
  facet normal 0 0 1
    outer loop
      vertex 12.0969 10.0229 10
      vertex 8.45765 1.88926 10
      vertex 9.87706 1.21793 10
    endloop
  endfacet
  facet normal 0 0 1
    outer loop
      vertex 10.0229 77.9031 10
      vertex 1.21793 80.1229 10
      vertex 9.95079 77.6154 10
    endloop
  endfacet
  facet normal 0 0 1
    outer loop
      vertex 11.8094 10.1257 10
      vertex 7.11088 2.69649 10
      vertex 8.45765 1.88926 10
    endloop
  endfacet
  facet normal 0 0 1
    outer loop
      vertex 9.95079 77.6154 10
      vertex 1.21793 80.1229 10
      vertex 9.94867 77.6069 10
    endloop
  endfacet
  facet normal 0 0 1
    outer loop
      vertex 11.2716 10.4132 10
      vertex 5.84971 3.63183 10
      vertex 7.11088 2.69649 10
    endloop
  endfacet
  facet normal 0 0 1
    outer loop
      vertex 9.94867 77.6069 10
      vertex 1.21793 80.1229 10
      vertex 9.90387 77.3049 10
    endloop
  endfacet
  facet normal 0 0 1
    outer loop
      vertex 11.0263 10.5951 10
      vertex 4.68629 4.68629 10
      vertex 5.84971 3.63183 10
    endloop
  endfacet
  facet normal -0 0 1
    outer loop
      vertex 0.688954 78.6446 10
      vertex 9.90387 77.3049 10
      vertex 1.21793 80.1229 10
    endloop
  endfacet
  facet normal 0 0 1
    outer loop
      vertex 10.5951 11.0263 10
      vertex 3.63183 5.84971 10
      vertex 4.68629 4.68629 10
    endloop
  endfacet
  facet normal 0 0 1
    outer loop
      vertex 9.90387 77.3049 10
      vertex 0.688954 78.6446 10
      vertex 9.88889 77 10
    endloop
  endfacet
  facet normal 0 0 1
    outer loop
      vertex 10.4087 11.279 10
      vertex 2.69649 7.11088 10
      vertex 3.63183 5.84971 10
    endloop
  endfacet
  facet normal -0 0 1
    outer loop
      vertex 0.307435 77.1214 10
      vertex 9.88889 77 10
      vertex 0.688954 78.6446 10
    endloop
  endfacet
  facet normal 0 0 1
    outer loop
      vertex 10.1257 11.8094 10
      vertex 1.88926 8.45765 10
      vertex 2.69649 7.11088 10
    endloop
  endfacet
  facet normal 0 0 1
    outer loop
      vertex 9.94867 76.3931 10
      vertex 0.307435 77.1214 10
      vertex 0.0770435 75.5683 10
    endloop
  endfacet
  facet normal 0 0 1
    outer loop
      vertex 10.0229 12.0969 10
      vertex 1.21793 9.87706 10
      vertex 1.88926 8.45765 10
    endloop
  endfacet
  facet normal 0 0 1
    outer loop
      vertex 10.0229 76.0969 10
      vertex 0.0770435 75.5683 10
      vertex 0 74 10
    endloop
  endfacet
  facet normal 0 0 1
    outer loop
      vertex 9.90387 12.6951 10
      vertex 0.688954 11.3554 10
      vertex 1.21793 9.87706 10
    endloop
  endfacet
  facet normal 0 0 1
    outer loop
      vertex 9.88889 13 10
      vertex 0.307435 12.8786 10
      vertex 0.688954 11.3554 10
    endloop
  endfacet
  facet normal 0 0 1
    outer loop
      vertex 9.90387 13.3049 10
      vertex 0.307435 12.8786 10
      vertex 9.88889 13 10
    endloop
  endfacet
  facet normal 0 0 1
    outer loop
      vertex 73.9487 13.6069 10
      vertex 69 8 10
      vertex 73.9039 13.3049 10
    endloop
  endfacet
  facet normal 0 0 1
    outer loop
      vertex 73.9508 13.6154 10
      vertex 69 22 10
      vertex 73.9487 13.6069 10
    endloop
  endfacet
  facet normal 0 0 1
    outer loop
      vertex 75.2645 15.5816 10
      vertex 69 22 10
      vertex 75.0263 15.4049 10
    endloop
  endfacet
  facet normal -0 0 1
    outer loop
      vertex 64.4015 41.9636 10
      vertex 69 22 10
      vertex 65.0957 43.904 10
    endloop
  endfacet
  facet normal -0 0 1
    outer loop
      vertex 63.5203 40.1007 10
      vertex 69 22 10
      vertex 64.4015 41.9636 10
    endloop
  endfacet
  facet normal -0 0 1
    outer loop
      vertex 62.4609 38.333 10
      vertex 69 22 10
      vertex 63.5203 40.1007 10
    endloop
  endfacet
  facet normal -0 0 1
    outer loop
      vertex 61.2332 36.6777 10
      vertex 69 22 10
      vertex 62.4609 38.333 10
    endloop
  endfacet
  facet normal -0 0 1
    outer loop
      vertex 59.8492 35.1508 10
      vertex 69 22 10
      vertex 61.2332 36.6777 10
    endloop
  endfacet
  facet normal -0 0 1
    outer loop
      vertex 58.3223 33.7668 10
      vertex 69 22 10
      vertex 59.8492 35.1508 10
    endloop
  endfacet
  facet normal -0 0 1
    outer loop
      vertex 56.667 32.5391 10
      vertex 69 22 10
      vertex 58.3223 33.7668 10
    endloop
  endfacet
  facet normal 0 0 1
    outer loop
      vertex 56.667 32.5391 10
      vertex 55 22 10
      vertex 69 22 10
    endloop
  endfacet
  facet normal -0 0 1
    outer loop
      vertex 53.0364 30.5985 10
      vertex 55 22 10
      vertex 54.8993 31.4797 10
    endloop
  endfacet
  facet normal -0 0 1
    outer loop
      vertex 54.8993 31.4797 10
      vertex 55 22 10
      vertex 56.667 32.5391 10
    endloop
  endfacet
  facet normal 0.336908 -0.941538 0
    outer loop
      vertex 78.6446 0.688954 0
      vertex 80.1229 1.21793 10
      vertex 78.6446 0.688954 10
    endloop
  endfacet
  facet normal 0.336908 -0.941538 0
    outer loop
      vertex 80.1229 1.21793 10
      vertex 78.6446 0.688954 0
      vertex 80.1229 1.21793 0
    endloop
  endfacet
  facet normal -0.989176 0.146737 0
    outer loop
      vertex 0.0770435 75.5683 0
      vertex 0.307435 77.1214 10
      vertex 0.307435 77.1214 0
    endloop
  endfacet
  facet normal -0.989176 0.146737 0
    outer loop
      vertex 0.307435 77.1214 10
      vertex 0.0770435 75.5683 0
      vertex 0.0770435 75.5683 10
    endloop
  endfacet
  facet normal -0.941538 0.336908 0
    outer loop
      vertex 0.688954 78.6446 0
      vertex 1.21793 80.1229 10
      vertex 1.21793 80.1229 0
    endloop
  endfacet
  facet normal -0.941538 0.336908 0
    outer loop
      vertex 1.21793 80.1229 10
      vertex 0.688954 78.6446 0
      vertex 0.688954 78.6446 10
    endloop
  endfacet
  facet normal -0.514106 -0.857727 0
    outer loop
      vertex 7.11088 2.69649 0
      vertex 8.45765 1.88926 10
      vertex 7.11088 2.69649 10
    endloop
  endfacet
  facet normal -0.514106 -0.857727 -0
    outer loop
      vertex 8.45765 1.88926 10
      vertex 7.11088 2.69649 0
      vertex 8.45765 1.88926 0
    endloop
  endfacet
  facet normal 0.146743 0.989175 -0
    outer loop
      vertex 77.1214 89.6926 0
      vertex 75.5683 89.923 10
      vertex 77.1214 89.6926 10
    endloop
  endfacet
  facet normal 0.146743 0.989175 0
    outer loop
      vertex 75.5683 89.923 10
      vertex 77.1214 89.6926 0
      vertex 75.5683 89.923 0
    endloop
  endfacet
  facet normal -0.59568 0.803222 0
    outer loop
      vertex 7.11088 87.3035 0
      vertex 5.84971 86.3682 10
      vertex 7.11088 87.3035 10
    endloop
  endfacet
  facet normal -0.59568 0.803222 0
    outer loop
      vertex 5.84971 86.3682 10
      vertex 7.11088 87.3035 0
      vertex 5.84971 86.3682 0
    endloop
  endfacet
  facet normal -0.970035 0.242967 0
    outer loop
      vertex 0.307435 77.1214 0
      vertex 0.688954 78.6446 10
      vertex 0.688954 78.6446 0
    endloop
  endfacet
  facet normal -0.970035 0.242967 0
    outer loop
      vertex 0.688954 78.6446 10
      vertex 0.307435 77.1214 0
      vertex 0.307435 77.1214 10
    endloop
  endfacet
  facet normal 0.427594 0.903971 -0
    outer loop
      vertex 81.5423 88.1107 0
      vertex 80.1229 88.7821 10
      vertex 81.5423 88.1107 10
    endloop
  endfacet
  facet normal 0.427594 0.903971 0
    outer loop
      vertex 80.1229 88.7821 10
      vertex 81.5423 88.1107 0
      vertex 80.1229 88.7821 0
    endloop
  endfacet
  facet normal -0.903988 0.427557 0
    outer loop
      vertex 1.21793 80.1229 0
      vertex 1.88926 81.5423 10
      vertex 1.88926 81.5423 0
    endloop
  endfacet
  facet normal -0.903988 0.427557 0
    outer loop
      vertex 1.88926 81.5423 10
      vertex 1.21793 80.1229 0
      vertex 1.21793 80.1229 10
    endloop
  endfacet
  facet normal -1 0 0
    outer loop
      vertex 0 16 0
      vertex 0 74 10
      vertex 0 74 0
    endloop
  endfacet
  facet normal -1 -0 0
    outer loop
      vertex 0 74 10
      vertex 0 16 0
      vertex 0 16 10
    endloop
  endfacet
  facet normal -0.998796 0.0490663 0
    outer loop
      vertex 0 74 0
      vertex 0.0770435 75.5683 10
      vertex 0.0770435 75.5683 0
    endloop
  endfacet
  facet normal -0.998796 0.0490663 0
    outer loop
      vertex 0.0770435 75.5683 10
      vertex 0 74 0
      vertex 0 74 10
    endloop
  endfacet
  facet normal 0.740939 -0.671572 0
    outer loop
      vertex 85.3137 4.68629 10
      vertex 86.3682 5.84971 0
      vertex 86.3682 5.84971 10
    endloop
  endfacet
  facet normal 0.740939 -0.671572 0
    outer loop
      vertex 86.3682 5.84971 0
      vertex 85.3137 4.68629 10
      vertex 85.3137 4.68629 0
    endloop
  endfacet
  facet normal -0.514092 0.857735 0
    outer loop
      vertex 8.45765 88.1107 0
      vertex 7.11088 87.3035 10
      vertex 8.45765 88.1107 10
    endloop
  endfacet
  facet normal -0.514092 0.857735 0
    outer loop
      vertex 7.11088 87.3035 10
      vertex 8.45765 88.1107 0
      vertex 7.11088 87.3035 0
    endloop
  endfacet
  facet normal -0.671572 0.740939 0
    outer loop
      vertex 5.84971 86.3682 0
      vertex 4.68629 85.3137 10
      vertex 5.84971 86.3682 10
    endloop
  endfacet
  facet normal -0.671572 0.740939 0
    outer loop
      vertex 4.68629 85.3137 10
      vertex 5.84971 86.3682 0
      vertex 4.68629 85.3137 0
    endloop
  endfacet
  facet normal -0.427591 0.903972 0
    outer loop
      vertex 9.87706 88.7821 0
      vertex 8.45765 88.1107 10
      vertex 9.87706 88.7821 10
    endloop
  endfacet
  facet normal -0.427591 0.903972 0
    outer loop
      vertex 8.45765 88.1107 10
      vertex 9.87706 88.7821 0
      vertex 8.45765 88.1107 0
    endloop
  endfacet
  facet normal -0.336853 -0.941557 0
    outer loop
      vertex 36.9636 30.5985 10
      vertex 38.904 29.9043 21
      vertex 36.9636 30.5985 21
    endloop
  endfacet
  facet normal -0.336853 -0.941557 -0
    outer loop
      vertex 38.904 29.9043 21
      vertex 36.9636 30.5985 10
      vertex 38.904 29.9043 10
    endloop
  endfacet
  facet normal 0.989175 0.146739 0
    outer loop
      vertex 65.8989 52.0584 21
      vertex 65.5965 54.0969 10
      vertex 65.5965 54.0969 21
    endloop
  endfacet
  facet normal 0.989175 0.146739 0
    outer loop
      vertex 65.5965 54.0969 10
      vertex 65.8989 52.0584 21
      vertex 65.8989 52.0584 10
    endloop
  endfacet
  facet normal 0.998796 0.0490567 0
    outer loop
      vertex 66 50 21
      vertex 65.8989 52.0584 10
      vertex 65.8989 52.0584 21
    endloop
  endfacet
  facet normal 0.998796 0.0490567 0
    outer loop
      vertex 65.8989 52.0584 10
      vertex 66 50 21
      vertex 66 50 10
    endloop
  endfacet
  facet normal 0.970025 0.243004 0
    outer loop
      vertex 65.5965 54.0969 21
      vertex 65.0957 56.096 10
      vertex 65.0957 56.096 21
    endloop
  endfacet
  facet normal 0.970025 0.243004 0
    outer loop
      vertex 65.0957 56.096 10
      vertex 65.5965 54.0969 21
      vertex 65.5965 54.0969 10
    endloop
  endfacet
  facet normal -0.989175 0.146739 0
    outer loop
      vertex 24.1011 52.0584 10
      vertex 24.4035 54.0969 21
      vertex 24.4035 54.0969 10
    endloop
  endfacet
  facet normal -0.989175 0.146739 0
    outer loop
      vertex 24.4035 54.0969 21
      vertex 24.1011 52.0584 10
      vertex 24.1011 52.0584 21
    endloop
  endfacet
  facet normal -0.243004 -0.970025 0
    outer loop
      vertex 38.904 29.9043 10
      vertex 40.9031 29.4035 21
      vertex 38.904 29.9043 21
    endloop
  endfacet
  facet normal -0.243004 -0.970025 -0
    outer loop
      vertex 40.9031 29.4035 21
      vertex 38.904 29.9043 10
      vertex 40.9031 29.4035 10
    endloop
  endfacet
  facet normal 0.336853 0.941557 -0
    outer loop
      vertex 53.0364 69.4015 10
      vertex 51.096 70.0957 21
      vertex 53.0364 69.4015 21
    endloop
  endfacet
  facet normal 0.336853 0.941557 0
    outer loop
      vertex 51.096 70.0957 21
      vertex 53.0364 69.4015 10
      vertex 51.096 70.0957 10
    endloop
  endfacet
  facet normal -0.51406 0.857754 0
    outer loop
      vertex 35.1007 68.5203 10
      vertex 33.333 67.4609 21
      vertex 35.1007 68.5203 21
    endloop
  endfacet
  facet normal -0.51406 0.857754 0
    outer loop
      vertex 33.333 67.4609 21
      vertex 35.1007 68.5203 10
      vertex 33.333 67.4609 10
    endloop
  endfacet
  facet normal -0.903968 -0.4276 0
    outer loop
      vertex 26.4797 40.1007 10
      vertex 25.5985 41.9636 21
      vertex 25.5985 41.9636 10
    endloop
  endfacet
  facet normal -0.903968 -0.4276 0
    outer loop
      vertex 25.5985 41.9636 21
      vertex 26.4797 40.1007 10
      vertex 26.4797 40.1007 21
    endloop
  endfacet
  facet normal -0.243004 0.970025 0
    outer loop
      vertex 40.9031 70.5965 10
      vertex 38.904 70.0957 21
      vertex 40.9031 70.5965 21
    endloop
  endfacet
  facet normal -0.243004 0.970025 0
    outer loop
      vertex 38.904 70.0957 21
      vertex 40.9031 70.5965 10
      vertex 38.904 70.0957 10
    endloop
  endfacet
  facet normal -0.857754 -0.51406 0
    outer loop
      vertex 27.5391 38.333 10
      vertex 26.4797 40.1007 21
      vertex 26.4797 40.1007 10
    endloop
  endfacet
  facet normal -0.857754 -0.51406 0
    outer loop
      vertex 26.4797 40.1007 21
      vertex 27.5391 38.333 10
      vertex 27.5391 38.333 21
    endloop
  endfacet
  facet normal 0.243004 -0.970025 0
    outer loop
      vertex 49.0969 29.4035 10
      vertex 51.096 29.9043 21
      vertex 49.0969 29.4035 21
    endloop
  endfacet
  facet normal 0.243004 -0.970025 0
    outer loop
      vertex 51.096 29.9043 21
      vertex 49.0969 29.4035 10
      vertex 51.096 29.9043 10
    endloop
  endfacet
  facet normal -0.595714 -0.803197 0
    outer loop
      vertex 31.6777 33.7668 10
      vertex 33.333 32.5391 21
      vertex 31.6777 33.7668 21
    endloop
  endfacet
  facet normal -0.595714 -0.803197 -0
    outer loop
      vertex 33.333 32.5391 21
      vertex 31.6777 33.7668 10
      vertex 33.333 32.5391 10
    endloop
  endfacet
  facet normal 0.51406 -0.857754 0
    outer loop
      vertex 54.8993 31.4797 10
      vertex 56.667 32.5391 21
      vertex 54.8993 31.4797 21
    endloop
  endfacet
  facet normal 0.51406 -0.857754 0
    outer loop
      vertex 56.667 32.5391 21
      vertex 54.8993 31.4797 10
      vertex 56.667 32.5391 10
    endloop
  endfacet
  facet normal 0.803197 -0.595714 0
    outer loop
      vertex 61.2332 36.6777 21
      vertex 62.4609 38.333 10
      vertex 62.4609 38.333 21
    endloop
  endfacet
  facet normal 0.803197 -0.595714 0
    outer loop
      vertex 62.4609 38.333 10
      vertex 61.2332 36.6777 21
      vertex 61.2332 36.6777 10
    endloop
  endfacet
  facet normal 0.146739 0.989175 0.000251552
    outer loop
      vertex 49.0969 70.5965 21
      vertex 49 70.6109 20.9
      vertex 47.0584 70.8989 21
    endloop
  endfacet
  facet normal 0.146993 0.989138 -0
    outer loop
      vertex 49.0969 70.5965 10
      vertex 49 70.6109 20.9
      vertex 49.0969 70.5965 21
    endloop
  endfacet
  facet normal 0.146993 0.989138 0
    outer loop
      vertex 49 70.6109 20.9
      vertex 49.0969 70.5965 10
      vertex 49 70.6109 10
    endloop
  endfacet
  facet normal 0.146726 0.989177 0
    outer loop
      vertex 47.0584 70.8989 21
      vertex 49 70.6109 20.9
      vertex 47.0584 70.8989 20.9
    endloop
  endfacet
  facet normal -0.595714 0.803197 0
    outer loop
      vertex 33.333 67.4609 10
      vertex 31.6777 66.2332 21
      vertex 33.333 67.4609 21
    endloop
  endfacet
  facet normal -0.595714 0.803197 0
    outer loop
      vertex 31.6777 66.2332 21
      vertex 33.333 67.4609 10
      vertex 31.6777 66.2332 10
    endloop
  endfacet
  facet normal -0.803197 0.595714 0
    outer loop
      vertex 27.5391 61.667 10
      vertex 28.7668 63.3223 21
      vertex 28.7668 63.3223 10
    endloop
  endfacet
  facet normal -0.803197 0.595714 0
    outer loop
      vertex 28.7668 63.3223 21
      vertex 27.5391 61.667 10
      vertex 27.5391 61.667 21
    endloop
  endfacet
  facet normal 0.989175 -0.146739 0
    outer loop
      vertex 65.5965 45.9031 21
      vertex 65.8989 47.9416 10
      vertex 65.8989 47.9416 21
    endloop
  endfacet
  facet normal 0.989175 -0.146739 0
    outer loop
      vertex 65.8989 47.9416 10
      vertex 65.5965 45.9031 21
      vertex 65.5965 45.9031 10
    endloop
  endfacet
  facet normal -0.941557 0.336853 0
    outer loop
      vertex 24.9043 56.096 10
      vertex 25.5985 58.0364 21
      vertex 25.5985 58.0364 10
    endloop
  endfacet
  facet normal -0.941557 0.336853 0
    outer loop
      vertex 25.5985 58.0364 21
      vertex 24.9043 56.096 10
      vertex 24.9043 56.096 21
    endloop
  endfacet
  facet normal 0.4276 0.903968 -0
    outer loop
      vertex 54.8993 68.5203 10
      vertex 53.0364 69.4015 21
      vertex 54.8993 68.5203 21
    endloop
  endfacet
  facet normal 0.4276 0.903968 0
    outer loop
      vertex 53.0364 69.4015 21
      vertex 54.8993 68.5203 10
      vertex 53.0364 69.4015 10
    endloop
  endfacet
  facet normal -0.941557 -0.336853 0
    outer loop
      vertex 25.5985 41.9636 10
      vertex 24.9043 43.904 21
      vertex 24.9043 43.904 10
    endloop
  endfacet
  facet normal -0.941557 -0.336853 0
    outer loop
      vertex 24.9043 43.904 21
      vertex 25.5985 41.9636 10
      vertex 25.5985 41.9636 21
    endloop
  endfacet
  facet normal 0.970025 -0.243004 0
    outer loop
      vertex 65.0957 43.904 21
      vertex 65.5965 45.9031 10
      vertex 65.5965 45.9031 21
    endloop
  endfacet
  facet normal 0.970025 -0.243004 0
    outer loop
      vertex 65.5965 45.9031 10
      vertex 65.0957 43.904 21
      vertex 65.0957 43.904 10
    endloop
  endfacet
  facet normal -0.0490567 0.998796 0
    outer loop
      vertex 45 71 20.9
      vertex 42.9416 70.8989 21
      vertex 45 71 21
    endloop
  endfacet
  facet normal -0.0490567 0.998796 0
    outer loop
      vertex 42.9416 70.8989 21
      vertex 45 71 20.9
      vertex 42.9416 70.8989 20.9
    endloop
  endfacet
  facet normal 0.671585 0.740927 -0
    outer loop
      vertex 59.8492 64.8492 10
      vertex 58.3223 66.2332 21
      vertex 59.8492 64.8492 21
    endloop
  endfacet
  facet normal 0.671585 0.740927 0
    outer loop
      vertex 58.3223 66.2332 21
      vertex 59.8492 64.8492 10
      vertex 58.3223 66.2332 10
    endloop
  endfacet
  facet normal -0.4276 0.903968 0
    outer loop
      vertex 36.9636 69.4015 10
      vertex 35.1007 68.5203 21
      vertex 36.9636 69.4015 21
    endloop
  endfacet
  facet normal -0.4276 0.903968 0
    outer loop
      vertex 35.1007 68.5203 21
      vertex 36.9636 69.4015 10
      vertex 35.1007 68.5203 10
    endloop
  endfacet
  facet normal -0.671585 0.740927 0
    outer loop
      vertex 31.6777 66.2332 10
      vertex 30.1508 64.8492 21
      vertex 31.6777 66.2332 21
    endloop
  endfacet
  facet normal -0.671585 0.740927 0
    outer loop
      vertex 30.1508 64.8492 21
      vertex 31.6777 66.2332 10
      vertex 30.1508 64.8492 10
    endloop
  endfacet
  facet normal 0.336853 -0.941557 0
    outer loop
      vertex 51.096 29.9043 10
      vertex 53.0364 30.5985 21
      vertex 51.096 29.9043 21
    endloop
  endfacet
  facet normal 0.336853 -0.941557 0
    outer loop
      vertex 53.0364 30.5985 21
      vertex 51.096 29.9043 10
      vertex 53.0364 30.5985 10
    endloop
  endfacet
  facet normal -0.336853 0.941557 0
    outer loop
      vertex 38.904 70.0957 10
      vertex 36.9636 69.4015 21
      vertex 38.904 70.0957 21
    endloop
  endfacet
  facet normal -0.336853 0.941557 0
    outer loop
      vertex 36.9636 69.4015 21
      vertex 38.904 70.0957 10
      vertex 36.9636 69.4015 10
    endloop
  endfacet
  facet normal 0.803197 0.595714 0
    outer loop
      vertex 62.4609 61.667 21
      vertex 61.2332 63.3223 10
      vertex 61.2332 63.3223 21
    endloop
  endfacet
  facet normal 0.803197 0.595714 0
    outer loop
      vertex 61.2332 63.3223 10
      vertex 62.4609 61.667 21
      vertex 62.4609 61.667 10
    endloop
  endfacet
  facet normal -0.857754 0.51406 0
    outer loop
      vertex 26.4797 59.8993 10
      vertex 27.5391 61.667 21
      vertex 27.5391 61.667 10
    endloop
  endfacet
  facet normal -0.857754 0.51406 0
    outer loop
      vertex 27.5391 61.667 21
      vertex 26.4797 59.8993 10
      vertex 26.4797 59.8993 21
    endloop
  endfacet
  facet normal 0.998796 -0.0490567 0
    outer loop
      vertex 65.8989 47.9416 21
      vertex 66 50 10
      vertex 66 50 21
    endloop
  endfacet
  facet normal 0.998796 -0.0490567 0
    outer loop
      vertex 66 50 10
      vertex 65.8989 47.9416 21
      vertex 65.8989 47.9416 10
    endloop
  endfacet
  facet normal 0.903968 -0.4276 0
    outer loop
      vertex 63.5203 40.1007 21
      vertex 64.4015 41.9636 10
      vertex 64.4015 41.9636 21
    endloop
  endfacet
  facet normal 0.903968 -0.4276 0
    outer loop
      vertex 64.4015 41.9636 10
      vertex 63.5203 40.1007 21
      vertex 63.5203 40.1007 10
    endloop
  endfacet
  facet normal 0.857754 0.51406 0
    outer loop
      vertex 63.5203 59.8993 21
      vertex 62.4609 61.667 10
      vertex 62.4609 61.667 21
    endloop
  endfacet
  facet normal 0.857754 0.51406 0
    outer loop
      vertex 62.4609 61.667 10
      vertex 63.5203 59.8993 21
      vertex 63.5203 59.8993 10
    endloop
  endfacet
  facet normal 0 0 1
    outer loop
      vertex 64 50 21
      vertex 66 50 21
      vertex 65.8989 52.0584 21
    endloop
  endfacet
  facet normal 0 0 1
    outer loop
      vertex 63.9085 51.8623 21
      vertex 65.8989 52.0584 21
      vertex 65.5965 54.0969 21
    endloop
  endfacet
  facet normal 0 0 1
    outer loop
      vertex 66 50 21
      vertex 64 50 21
      vertex 65.8989 47.9416 21
    endloop
  endfacet
  facet normal 0 0 1
    outer loop
      vertex 63.6349 53.7067 21
      vertex 65.5965 54.0969 21
      vertex 65.0957 56.096 21
    endloop
  endfacet
  facet normal -0 0 1
    outer loop
      vertex 63.9085 48.1377 21
      vertex 65.8989 47.9416 21
      vertex 64 50 21
    endloop
  endfacet
  facet normal 0 0 1
    outer loop
      vertex 63.1819 55.5154 21
      vertex 65.0957 56.096 21
      vertex 64.4015 58.0364 21
    endloop
  endfacet
  facet normal 0 0 1
    outer loop
      vertex 65.8989 47.9416 21
      vertex 63.9085 48.1377 21
      vertex 65.5965 45.9031 21
    endloop
  endfacet
  facet normal -0 0 1
    outer loop
      vertex 63.6349 46.2933 21
      vertex 65.5965 45.9031 21
      vertex 63.9085 48.1377 21
    endloop
  endfacet
  facet normal 0 0 1
    outer loop
      vertex 65.8989 52.0584 21
      vertex 63.9085 51.8623 21
      vertex 64 50 21
    endloop
  endfacet
  facet normal 0 0 1
    outer loop
      vertex 65.5965 54.0969 21
      vertex 63.6349 53.7067 21
      vertex 63.9085 51.8623 21
    endloop
  endfacet
  facet normal 0 0 1
    outer loop
      vertex 62.5537 57.271 21
      vertex 64.4015 58.0364 21
      vertex 63.5203 59.8993 21
    endloop
  endfacet
  facet normal 0 0 1
    outer loop
      vertex 65.0957 56.096 21
      vertex 63.1819 55.5154 21
      vertex 63.6349 53.7067 21
    endloop
  endfacet
  facet normal 0 0 1
    outer loop
      vertex 64.4015 58.0364 21
      vertex 62.5537 57.271 21
      vertex 63.1819 55.5154 21
    endloop
  endfacet
  facet normal 0 0 1
    outer loop
      vertex 61.7565 58.9565 21
      vertex 63.5203 59.8993 21
      vertex 62.4609 61.667 21
    endloop
  endfacet
  facet normal 0 0 1
    outer loop
      vertex 63.5203 59.8993 21
      vertex 61.7565 58.9565 21
      vertex 62.5537 57.271 21
    endloop
  endfacet
  facet normal 0 0 1
    outer loop
      vertex 60.7979 60.5558 21
      vertex 62.4609 61.667 21
      vertex 61.2332 63.3223 21
    endloop
  endfacet
  facet normal 0 0 1
    outer loop
      vertex 62.4609 61.667 21
      vertex 60.7979 60.5558 21
      vertex 61.7565 58.9565 21
    endloop
  endfacet
  facet normal 0 0 1
    outer loop
      vertex 59.6872 62.0535 21
      vertex 61.2332 63.3223 21
      vertex 59.8492 64.8492 21
    endloop
  endfacet
  facet normal 0 0 1
    outer loop
      vertex 61.2332 63.3223 21
      vertex 59.6872 62.0535 21
      vertex 60.7979 60.5558 21
    endloop
  endfacet
  facet normal 0 0 1
    outer loop
      vertex 59.8492 64.8492 21
      vertex 58.435 63.435 21
      vertex 59.6872 62.0535 21
    endloop
  endfacet
  facet normal 0 0 1
    outer loop
      vertex 58.3223 66.2332 21
      vertex 58.435 63.435 21
      vertex 59.8492 64.8492 21
    endloop
  endfacet
  facet normal 0 0 1
    outer loop
      vertex 58.3223 66.2332 21
      vertex 57.0535 64.6872 21
      vertex 58.435 63.435 21
    endloop
  endfacet
  facet normal 0 0 1
    outer loop
      vertex 56.667 67.4609 21
      vertex 57.0535 64.6872 21
      vertex 58.3223 66.2332 21
    endloop
  endfacet
  facet normal 0 0 1
    outer loop
      vertex 56.667 67.4609 21
      vertex 55.5558 65.7979 21
      vertex 57.0535 64.6872 21
    endloop
  endfacet
  facet normal 0 0 1
    outer loop
      vertex 54.8993 68.5203 21
      vertex 55.5558 65.7979 21
      vertex 56.667 67.4609 21
    endloop
  endfacet
  facet normal 0 0 1
    outer loop
      vertex 54.8993 68.5203 21
      vertex 53.9565 66.7565 21
      vertex 55.5558 65.7979 21
    endloop
  endfacet
  facet normal 0 0 1
    outer loop
      vertex 53.0364 69.4015 21
      vertex 53.9565 66.7565 21
      vertex 54.8993 68.5203 21
    endloop
  endfacet
  facet normal 0 0 1
    outer loop
      vertex 53.0364 69.4015 21
      vertex 52.271 67.5537 21
      vertex 53.9565 66.7565 21
    endloop
  endfacet
  facet normal 0 0 1
    outer loop
      vertex 51.096 70.0957 21
      vertex 52.271 67.5537 21
      vertex 53.0364 69.4015 21
    endloop
  endfacet
  facet normal 0 0 1
    outer loop
      vertex 51.096 70.0957 21
      vertex 50.5154 68.1819 21
      vertex 52.271 67.5537 21
    endloop
  endfacet
  facet normal 0 0 1
    outer loop
      vertex 49.0969 70.5965 21
      vertex 50.5154 68.1819 21
      vertex 51.096 70.0957 21
    endloop
  endfacet
  facet normal 0 0 1
    outer loop
      vertex 49.0969 70.5965 21
      vertex 48.7067 68.6349 21
      vertex 50.5154 68.1819 21
    endloop
  endfacet
  facet normal 0 0 1
    outer loop
      vertex 47.0584 70.8989 21
      vertex 48.7067 68.6349 21
      vertex 49.0969 70.5965 21
    endloop
  endfacet
  facet normal 0 0 1
    outer loop
      vertex 47.0584 70.8989 21
      vertex 46.8623 68.9085 21
      vertex 48.7067 68.6349 21
    endloop
  endfacet
  facet normal 0 0 1
    outer loop
      vertex 45 71 21
      vertex 46.8623 68.9085 21
      vertex 47.0584 70.8989 21
    endloop
  endfacet
  facet normal 0 0 1
    outer loop
      vertex 45 71 21
      vertex 45 69 21
      vertex 46.8623 68.9085 21
    endloop
  endfacet
  facet normal 0 0 1
    outer loop
      vertex 45 71 21
      vertex 43.1377 68.9085 21
      vertex 45 69 21
    endloop
  endfacet
  facet normal -0 0 1
    outer loop
      vertex 42.9416 70.8989 21
      vertex 43.1377 68.9085 21
      vertex 45 71 21
    endloop
  endfacet
  facet normal 0 0 1
    outer loop
      vertex 42.9416 70.8989 21
      vertex 41.2933 68.6349 21
      vertex 43.1377 68.9085 21
    endloop
  endfacet
  facet normal -0 0 1
    outer loop
      vertex 40.9031 70.5965 21
      vertex 41.2933 68.6349 21
      vertex 42.9416 70.8989 21
    endloop
  endfacet
  facet normal 0 0 1
    outer loop
      vertex 40.9031 70.5965 21
      vertex 39.4846 68.1819 21
      vertex 41.2933 68.6349 21
    endloop
  endfacet
  facet normal -0 0 1
    outer loop
      vertex 38.904 70.0957 21
      vertex 39.4846 68.1819 21
      vertex 40.9031 70.5965 21
    endloop
  endfacet
  facet normal 0 0 1
    outer loop
      vertex 38.904 70.0957 21
      vertex 37.729 67.5537 21
      vertex 39.4846 68.1819 21
    endloop
  endfacet
  facet normal -0 0 1
    outer loop
      vertex 36.9636 69.4015 21
      vertex 37.729 67.5537 21
      vertex 38.904 70.0957 21
    endloop
  endfacet
  facet normal 0 0 1
    outer loop
      vertex 36.9636 69.4015 21
      vertex 36.0435 66.7565 21
      vertex 37.729 67.5537 21
    endloop
  endfacet
  facet normal -0 0 1
    outer loop
      vertex 35.1007 68.5203 21
      vertex 36.0435 66.7565 21
      vertex 36.9636 69.4015 21
    endloop
  endfacet
  facet normal 0 0 1
    outer loop
      vertex 35.1007 68.5203 21
      vertex 34.4442 65.7979 21
      vertex 36.0435 66.7565 21
    endloop
  endfacet
  facet normal -0 0 1
    outer loop
      vertex 33.333 67.4609 21
      vertex 34.4442 65.7979 21
      vertex 35.1007 68.5203 21
    endloop
  endfacet
  facet normal 0 0 1
    outer loop
      vertex 33.333 67.4609 21
      vertex 32.9465 64.6872 21
      vertex 34.4442 65.7979 21
    endloop
  endfacet
  facet normal -0 0 1
    outer loop
      vertex 31.6777 66.2332 21
      vertex 32.9465 64.6872 21
      vertex 33.333 67.4609 21
    endloop
  endfacet
  facet normal 0 0 1
    outer loop
      vertex 31.6777 66.2332 21
      vertex 31.565 63.435 21
      vertex 32.9465 64.6872 21
    endloop
  endfacet
  facet normal -0 0 1
    outer loop
      vertex 30.1508 64.8492 21
      vertex 31.565 63.435 21
      vertex 31.6777 66.2332 21
    endloop
  endfacet
  facet normal 0 0 1
    outer loop
      vertex 31.565 63.435 21
      vertex 30.1508 64.8492 21
      vertex 30.3128 62.0535 21
    endloop
  endfacet
  facet normal -0 0 1
    outer loop
      vertex 28.7668 63.3223 21
      vertex 30.3128 62.0535 21
      vertex 30.1508 64.8492 21
    endloop
  endfacet
  facet normal 0 0 1
    outer loop
      vertex 30.3128 62.0535 21
      vertex 28.7668 63.3223 21
      vertex 29.2021 60.5558 21
    endloop
  endfacet
  facet normal -0 0 1
    outer loop
      vertex 27.5391 61.667 21
      vertex 29.2021 60.5558 21
      vertex 28.7668 63.3223 21
    endloop
  endfacet
  facet normal 0 0 1
    outer loop
      vertex 29.2021 60.5558 21
      vertex 27.5391 61.667 21
      vertex 28.2435 58.9565 21
    endloop
  endfacet
  facet normal -0 0 1
    outer loop
      vertex 26.4797 59.8993 21
      vertex 28.2435 58.9565 21
      vertex 27.5391 61.667 21
    endloop
  endfacet
  facet normal 0 0 1
    outer loop
      vertex 28.2435 58.9565 21
      vertex 26.4797 59.8993 21
      vertex 27.4463 57.271 21
    endloop
  endfacet
  facet normal -0 0 1
    outer loop
      vertex 25.5985 58.0364 21
      vertex 27.4463 57.271 21
      vertex 26.4797 59.8993 21
    endloop
  endfacet
  facet normal 0 0 1
    outer loop
      vertex 27.4463 57.271 21
      vertex 25.5985 58.0364 21
      vertex 26.8181 55.5154 21
    endloop
  endfacet
  facet normal -0 0 1
    outer loop
      vertex 24.9043 56.096 21
      vertex 26.8181 55.5154 21
      vertex 25.5985 58.0364 21
    endloop
  endfacet
  facet normal 0 0 1
    outer loop
      vertex 26.8181 55.5154 21
      vertex 24.9043 56.096 21
      vertex 26.3651 53.7067 21
    endloop
  endfacet
  facet normal -0 0 1
    outer loop
      vertex 24.4035 54.0969 21
      vertex 26.3651 53.7067 21
      vertex 24.9043 56.096 21
    endloop
  endfacet
  facet normal 0 0 1
    outer loop
      vertex 65.5965 45.9031 21
      vertex 63.6349 46.2933 21
      vertex 65.0957 43.904 21
    endloop
  endfacet
  facet normal -0 0 1
    outer loop
      vertex 63.1819 44.4846 21
      vertex 65.0957 43.904 21
      vertex 63.6349 46.2933 21
    endloop
  endfacet
  facet normal 0 0 1
    outer loop
      vertex 65.0957 43.904 21
      vertex 63.1819 44.4846 21
      vertex 64.4015 41.9636 21
    endloop
  endfacet
  facet normal -0 0 1
    outer loop
      vertex 62.5537 42.729 21
      vertex 64.4015 41.9636 21
      vertex 63.1819 44.4846 21
    endloop
  endfacet
  facet normal 0 0 1
    outer loop
      vertex 64.4015 41.9636 21
      vertex 62.5537 42.729 21
      vertex 63.5203 40.1007 21
    endloop
  endfacet
  facet normal -0 0 1
    outer loop
      vertex 61.7565 41.0435 21
      vertex 63.5203 40.1007 21
      vertex 62.5537 42.729 21
    endloop
  endfacet
  facet normal 0 0 1
    outer loop
      vertex 63.5203 40.1007 21
      vertex 61.7565 41.0435 21
      vertex 62.4609 38.333 21
    endloop
  endfacet
  facet normal -0 0 1
    outer loop
      vertex 60.7979 39.4442 21
      vertex 62.4609 38.333 21
      vertex 61.7565 41.0435 21
    endloop
  endfacet
  facet normal 0 0 1
    outer loop
      vertex 62.4609 38.333 21
      vertex 60.7979 39.4442 21
      vertex 61.2332 36.6777 21
    endloop
  endfacet
  facet normal -0 0 1
    outer loop
      vertex 59.6872 37.9465 21
      vertex 61.2332 36.6777 21
      vertex 60.7979 39.4442 21
    endloop
  endfacet
  facet normal 0 0 1
    outer loop
      vertex 61.2332 36.6777 21
      vertex 59.6872 37.9465 21
      vertex 59.8492 35.1508 21
    endloop
  endfacet
  facet normal -0 0 1
    outer loop
      vertex 58.435 36.565 21
      vertex 59.8492 35.1508 21
      vertex 59.6872 37.9465 21
    endloop
  endfacet
  facet normal 0 0 1
    outer loop
      vertex 58.435 36.565 21
      vertex 58.3223 33.7668 21
      vertex 59.8492 35.1508 21
    endloop
  endfacet
  facet normal -0 0 1
    outer loop
      vertex 57.0535 35.3128 21
      vertex 58.3223 33.7668 21
      vertex 58.435 36.565 21
    endloop
  endfacet
  facet normal 0 0 1
    outer loop
      vertex 57.0535 35.3128 21
      vertex 56.667 32.5391 21
      vertex 58.3223 33.7668 21
    endloop
  endfacet
  facet normal -0 0 1
    outer loop
      vertex 55.5558 34.2021 21
      vertex 56.667 32.5391 21
      vertex 57.0535 35.3128 21
    endloop
  endfacet
  facet normal 0 0 1
    outer loop
      vertex 55.5558 34.2021 21
      vertex 54.8993 31.4797 21
      vertex 56.667 32.5391 21
    endloop
  endfacet
  facet normal -0 0 1
    outer loop
      vertex 53.9565 33.2435 21
      vertex 54.8993 31.4797 21
      vertex 55.5558 34.2021 21
    endloop
  endfacet
  facet normal 0 0 1
    outer loop
      vertex 53.9565 33.2435 21
      vertex 53.0364 30.5985 21
      vertex 54.8993 31.4797 21
    endloop
  endfacet
  facet normal -0 0 1
    outer loop
      vertex 52.271 32.4463 21
      vertex 53.0364 30.5985 21
      vertex 53.9565 33.2435 21
    endloop
  endfacet
  facet normal 0 0 1
    outer loop
      vertex 52.271 32.4463 21
      vertex 51.096 29.9043 21
      vertex 53.0364 30.5985 21
    endloop
  endfacet
  facet normal -0 0 1
    outer loop
      vertex 50.5154 31.8181 21
      vertex 51.096 29.9043 21
      vertex 52.271 32.4463 21
    endloop
  endfacet
  facet normal 0 0 1
    outer loop
      vertex 50.5154 31.8181 21
      vertex 49.0969 29.4035 21
      vertex 51.096 29.9043 21
    endloop
  endfacet
  facet normal -0 0 1
    outer loop
      vertex 48.7067 31.3651 21
      vertex 49.0969 29.4035 21
      vertex 50.5154 31.8181 21
    endloop
  endfacet
  facet normal 0 0 1
    outer loop
      vertex 48.7067 31.3651 21
      vertex 47.0584 29.1011 21
      vertex 49.0969 29.4035 21
    endloop
  endfacet
  facet normal -0 0 1
    outer loop
      vertex 46.8623 31.0915 21
      vertex 47.0584 29.1011 21
      vertex 48.7067 31.3651 21
    endloop
  endfacet
  facet normal -0 0 1
    outer loop
      vertex 45 31 21
      vertex 47.0584 29.1011 21
      vertex 46.8623 31.0915 21
    endloop
  endfacet
  facet normal 0 0 1
    outer loop
      vertex 45 31 21
      vertex 45 29 21
      vertex 47.0584 29.1011 21
    endloop
  endfacet
  facet normal 0 0 1
    outer loop
      vertex 43.1377 31.0915 21
      vertex 45 29 21
      vertex 45 31 21
    endloop
  endfacet
  facet normal 0 0 1
    outer loop
      vertex 43.1377 31.0915 21
      vertex 42.9416 29.1011 21
      vertex 45 29 21
    endloop
  endfacet
  facet normal 0 0 1
    outer loop
      vertex 41.2933 31.3651 21
      vertex 42.9416 29.1011 21
      vertex 43.1377 31.0915 21
    endloop
  endfacet
  facet normal 0 0 1
    outer loop
      vertex 41.2933 31.3651 21
      vertex 40.9031 29.4035 21
      vertex 42.9416 29.1011 21
    endloop
  endfacet
  facet normal 0 0 1
    outer loop
      vertex 39.4846 31.8181 21
      vertex 40.9031 29.4035 21
      vertex 41.2933 31.3651 21
    endloop
  endfacet
  facet normal 0 0 1
    outer loop
      vertex 39.4846 31.8181 21
      vertex 38.904 29.9043 21
      vertex 40.9031 29.4035 21
    endloop
  endfacet
  facet normal 0 0 1
    outer loop
      vertex 37.729 32.4463 21
      vertex 38.904 29.9043 21
      vertex 39.4846 31.8181 21
    endloop
  endfacet
  facet normal 0 0 1
    outer loop
      vertex 37.729 32.4463 21
      vertex 36.9636 30.5985 21
      vertex 38.904 29.9043 21
    endloop
  endfacet
  facet normal 0 0 1
    outer loop
      vertex 36.0435 33.2435 21
      vertex 36.9636 30.5985 21
      vertex 37.729 32.4463 21
    endloop
  endfacet
  facet normal 0 0 1
    outer loop
      vertex 36.0435 33.2435 21
      vertex 35.1007 31.4797 21
      vertex 36.9636 30.5985 21
    endloop
  endfacet
  facet normal 0 0 1
    outer loop
      vertex 34.4442 34.2021 21
      vertex 35.1007 31.4797 21
      vertex 36.0435 33.2435 21
    endloop
  endfacet
  facet normal 0 0 1
    outer loop
      vertex 34.4442 34.2021 21
      vertex 33.333 32.5391 21
      vertex 35.1007 31.4797 21
    endloop
  endfacet
  facet normal 0 0 1
    outer loop
      vertex 32.9465 35.3128 21
      vertex 33.333 32.5391 21
      vertex 34.4442 34.2021 21
    endloop
  endfacet
  facet normal 0 0 1
    outer loop
      vertex 32.9465 35.3128 21
      vertex 31.6777 33.7668 21
      vertex 33.333 32.5391 21
    endloop
  endfacet
  facet normal 0 0 1
    outer loop
      vertex 31.565 36.565 21
      vertex 31.6777 33.7668 21
      vertex 32.9465 35.3128 21
    endloop
  endfacet
  facet normal 0 0 1
    outer loop
      vertex 30.1508 35.1508 21
      vertex 31.565 36.565 21
      vertex 30.3128 37.9465 21
    endloop
  endfacet
  facet normal 0 0 1
    outer loop
      vertex 31.565 36.565 21
      vertex 30.1508 35.1508 21
      vertex 31.6777 33.7668 21
    endloop
  endfacet
  facet normal 0 0 1
    outer loop
      vertex 28.7668 36.6777 21
      vertex 30.3128 37.9465 21
      vertex 29.2021 39.4442 21
    endloop
  endfacet
  facet normal 0 0 1
    outer loop
      vertex 30.3128 37.9465 21
      vertex 28.7668 36.6777 21
      vertex 30.1508 35.1508 21
    endloop
  endfacet
  facet normal 0 0 1
    outer loop
      vertex 27.5391 38.333 21
      vertex 29.2021 39.4442 21
      vertex 28.2435 41.0435 21
    endloop
  endfacet
  facet normal 0 0 1
    outer loop
      vertex 29.2021 39.4442 21
      vertex 27.5391 38.333 21
      vertex 28.7668 36.6777 21
    endloop
  endfacet
  facet normal 0 0 1
    outer loop
      vertex 26.4797 40.1007 21
      vertex 28.2435 41.0435 21
      vertex 27.4463 42.729 21
    endloop
  endfacet
  facet normal 0 0 1
    outer loop
      vertex 25.5985 41.9636 21
      vertex 27.4463 42.729 21
      vertex 26.8181 44.4846 21
    endloop
  endfacet
  facet normal 0 0 1
    outer loop
      vertex 28.2435 41.0435 21
      vertex 26.4797 40.1007 21
      vertex 27.5391 38.333 21
    endloop
  endfacet
  facet normal 0 0 1
    outer loop
      vertex 24.9043 43.904 21
      vertex 26.8181 44.4846 21
      vertex 26.3651 46.2933 21
    endloop
  endfacet
  facet normal 0 0 1
    outer loop
      vertex 24.4035 45.9031 21
      vertex 26.3651 46.2933 21
      vertex 26.0915 48.1377 21
    endloop
  endfacet
  facet normal 0 0 1
    outer loop
      vertex 24.1011 47.9416 21
      vertex 26.0915 48.1377 21
      vertex 26 50 21
    endloop
  endfacet
  facet normal 0 0 1
    outer loop
      vertex 26.3651 53.7067 21
      vertex 24.4035 54.0969 21
      vertex 26.0915 51.8623 21
    endloop
  endfacet
  facet normal 0 0 1
    outer loop
      vertex 27.4463 42.729 21
      vertex 25.5985 41.9636 21
      vertex 26.4797 40.1007 21
    endloop
  endfacet
  facet normal -0 0 1
    outer loop
      vertex 24.1011 52.0584 21
      vertex 26.0915 51.8623 21
      vertex 24.4035 54.0969 21
    endloop
  endfacet
  facet normal 0 0 1
    outer loop
      vertex 26.8181 44.4846 21
      vertex 24.9043 43.904 21
      vertex 25.5985 41.9636 21
    endloop
  endfacet
  facet normal 0 0 1
    outer loop
      vertex 26.0915 51.8623 21
      vertex 24.1011 52.0584 21
      vertex 26 50 21
    endloop
  endfacet
  facet normal 0 0 1
    outer loop
      vertex 26.3651 46.2933 21
      vertex 24.4035 45.9031 21
      vertex 24.9043 43.904 21
    endloop
  endfacet
  facet normal 0 0 1
    outer loop
      vertex 24 50 21
      vertex 26 50 21
      vertex 24.1011 52.0584 21
    endloop
  endfacet
  facet normal 0 0 1
    outer loop
      vertex 26.0915 48.1377 21
      vertex 24.1011 47.9416 21
      vertex 24.4035 45.9031 21
    endloop
  endfacet
  facet normal 0 0 1
    outer loop
      vertex 26 50 21
      vertex 24 50 21
      vertex 24.1011 47.9416 21
    endloop
  endfacet
  facet normal -0.671585 -0.740927 0
    outer loop
      vertex 30.1508 35.1508 10
      vertex 31.6777 33.7668 21
      vertex 30.1508 35.1508 21
    endloop
  endfacet
  facet normal -0.671585 -0.740927 -0
    outer loop
      vertex 31.6777 33.7668 21
      vertex 30.1508 35.1508 10
      vertex 31.6777 33.7668 10
    endloop
  endfacet
  facet normal 0.595714 0.803197 -0
    outer loop
      vertex 58.3223 66.2332 10
      vertex 56.667 67.4609 21
      vertex 58.3223 66.2332 21
    endloop
  endfacet
  facet normal 0.595714 0.803197 0
    outer loop
      vertex 56.667 67.4609 21
      vertex 58.3223 66.2332 10
      vertex 56.667 67.4609 10
    endloop
  endfacet
  facet normal -0.51406 -0.857754 0
    outer loop
      vertex 33.333 32.5391 10
      vertex 35.1007 31.4797 21
      vertex 33.333 32.5391 21
    endloop
  endfacet
  facet normal -0.51406 -0.857754 -0
    outer loop
      vertex 35.1007 31.4797 21
      vertex 33.333 32.5391 10
      vertex 35.1007 31.4797 10
    endloop
  endfacet
  facet normal 0.51406 0.857754 -0
    outer loop
      vertex 56.667 67.4609 10
      vertex 54.8993 68.5203 21
      vertex 56.667 67.4609 21
    endloop
  endfacet
  facet normal 0.51406 0.857754 0
    outer loop
      vertex 54.8993 68.5203 21
      vertex 56.667 67.4609 10
      vertex 54.8993 68.5203 10
    endloop
  endfacet
  facet normal 0.146739 -0.989175 0
    outer loop
      vertex 47.0584 29.1011 10
      vertex 49.0969 29.4035 21
      vertex 47.0584 29.1011 21
    endloop
  endfacet
  facet normal 0.146739 -0.989175 0
    outer loop
      vertex 49.0969 29.4035 21
      vertex 47.0584 29.1011 10
      vertex 49.0969 29.4035 10
    endloop
  endfacet
  facet normal 0.941557 0.336853 0
    outer loop
      vertex 65.0957 56.096 21
      vertex 64.4015 58.0364 10
      vertex 64.4015 58.0364 21
    endloop
  endfacet
  facet normal 0.941557 0.336853 0
    outer loop
      vertex 64.4015 58.0364 10
      vertex 65.0957 56.096 21
      vertex 65.0957 56.096 10
    endloop
  endfacet
  facet normal 0.857754 -0.51406 0
    outer loop
      vertex 62.4609 38.333 21
      vertex 63.5203 40.1007 10
      vertex 63.5203 40.1007 21
    endloop
  endfacet
  facet normal 0.857754 -0.51406 0
    outer loop
      vertex 63.5203 40.1007 10
      vertex 62.4609 38.333 21
      vertex 62.4609 38.333 10
    endloop
  endfacet
  facet normal -0.998796 -0.0490567 0
    outer loop
      vertex 24.1011 47.9416 10
      vertex 24 50 21
      vertex 24 50 10
    endloop
  endfacet
  facet normal -0.998796 -0.0490567 0
    outer loop
      vertex 24 50 21
      vertex 24.1011 47.9416 10
      vertex 24.1011 47.9416 21
    endloop
  endfacet
  facet normal 0.941557 -0.336853 0
    outer loop
      vertex 64.4015 41.9636 21
      vertex 65.0957 43.904 10
      vertex 65.0957 43.904 21
    endloop
  endfacet
  facet normal 0.941557 -0.336853 0
    outer loop
      vertex 65.0957 43.904 10
      vertex 64.4015 41.9636 21
      vertex 64.4015 41.9636 10
    endloop
  endfacet
  facet normal 0.740927 0.671585 0
    outer loop
      vertex 61.2332 63.3223 21
      vertex 59.8492 64.8492 10
      vertex 59.8492 64.8492 21
    endloop
  endfacet
  facet normal 0.740927 0.671585 0
    outer loop
      vertex 59.8492 64.8492 10
      vertex 61.2332 63.3223 21
      vertex 61.2332 63.3223 10
    endloop
  endfacet
  facet normal 0.0490567 0.998796 -0
    outer loop
      vertex 47.0584 70.8989 20.9
      vertex 45 71 21
      vertex 47.0584 70.8989 21
    endloop
  endfacet
  facet normal 0.0490567 0.998796 0
    outer loop
      vertex 45 71 21
      vertex 47.0584 70.8989 20.9
      vertex 45 71 20.9
    endloop
  endfacet
  facet normal 0.903968 0.4276 0
    outer loop
      vertex 64.4015 58.0364 21
      vertex 63.5203 59.8993 10
      vertex 63.5203 59.8993 21
    endloop
  endfacet
  facet normal 0.903968 0.4276 0
    outer loop
      vertex 63.5203 59.8993 10
      vertex 64.4015 58.0364 21
      vertex 64.4015 58.0364 10
    endloop
  endfacet
  facet normal -0.146739 -0.989175 0
    outer loop
      vertex 40.9031 29.4035 10
      vertex 42.9416 29.1011 21
      vertex 40.9031 29.4035 21
    endloop
  endfacet
  facet normal -0.146739 -0.989175 -0
    outer loop
      vertex 42.9416 29.1011 21
      vertex 40.9031 29.4035 10
      vertex 42.9416 29.1011 10
    endloop
  endfacet
  facet normal 0.671585 -0.740927 0
    outer loop
      vertex 58.3223 33.7668 10
      vertex 59.8492 35.1508 21
      vertex 58.3223 33.7668 21
    endloop
  endfacet
  facet normal 0.671585 -0.740927 0
    outer loop
      vertex 59.8492 35.1508 21
      vertex 58.3223 33.7668 10
      vertex 59.8492 35.1508 10
    endloop
  endfacet
  facet normal -0.0490567 -0.998796 0
    outer loop
      vertex 42.9416 29.1011 10
      vertex 45 29 21
      vertex 42.9416 29.1011 21
    endloop
  endfacet
  facet normal -0.0490567 -0.998796 -0
    outer loop
      vertex 45 29 21
      vertex 42.9416 29.1011 10
      vertex 45 29 10
    endloop
  endfacet
  facet normal -0.740927 0.671585 0
    outer loop
      vertex 28.7668 63.3223 10
      vertex 30.1508 64.8492 21
      vertex 30.1508 64.8492 10
    endloop
  endfacet
  facet normal -0.740927 0.671585 0
    outer loop
      vertex 30.1508 64.8492 21
      vertex 28.7668 63.3223 10
      vertex 28.7668 63.3223 21
    endloop
  endfacet
  facet normal -0.146726 0.989177 0
    outer loop
      vertex 41 70.6109 20.9
      vertex 42.9416 70.8989 21
      vertex 42.9416 70.8989 20.9
    endloop
  endfacet
  facet normal -0.146739 0.989175 0.000251552
    outer loop
      vertex 42.9416 70.8989 21
      vertex 41 70.6109 20.9
      vertex 40.9031 70.5965 21
    endloop
  endfacet
  facet normal -0.146993 0.989138 0
    outer loop
      vertex 40.9031 70.5965 10
      vertex 41 70.6109 20.9
      vertex 41 70.6109 10
    endloop
  endfacet
  facet normal -0.146993 0.989138 0
    outer loop
      vertex 41 70.6109 20.9
      vertex 40.9031 70.5965 10
      vertex 40.9031 70.5965 21
    endloop
  endfacet
  facet normal -0.903968 0.4276 0
    outer loop
      vertex 25.5985 58.0364 10
      vertex 26.4797 59.8993 21
      vertex 26.4797 59.8993 10
    endloop
  endfacet
  facet normal -0.903968 0.4276 0
    outer loop
      vertex 26.4797 59.8993 21
      vertex 25.5985 58.0364 10
      vertex 25.5985 58.0364 21
    endloop
  endfacet
  facet normal -0.970025 0.243004 0
    outer loop
      vertex 24.4035 54.0969 10
      vertex 24.9043 56.096 21
      vertex 24.9043 56.096 10
    endloop
  endfacet
  facet normal -0.970025 0.243004 0
    outer loop
      vertex 24.9043 56.096 21
      vertex 24.4035 54.0969 10
      vertex 24.4035 54.0969 21
    endloop
  endfacet
  facet normal 0.243004 0.970025 -0
    outer loop
      vertex 51.096 70.0957 10
      vertex 49.0969 70.5965 21
      vertex 51.096 70.0957 21
    endloop
  endfacet
  facet normal 0.243004 0.970025 0
    outer loop
      vertex 49.0969 70.5965 21
      vertex 51.096 70.0957 10
      vertex 49.0969 70.5965 10
    endloop
  endfacet
  facet normal -0.970025 -0.243004 0
    outer loop
      vertex 24.9043 43.904 10
      vertex 24.4035 45.9031 21
      vertex 24.4035 45.9031 10
    endloop
  endfacet
  facet normal -0.970025 -0.243004 0
    outer loop
      vertex 24.4035 45.9031 21
      vertex 24.9043 43.904 10
      vertex 24.9043 43.904 21
    endloop
  endfacet
  facet normal -0.4276 -0.903968 0
    outer loop
      vertex 35.1007 31.4797 10
      vertex 36.9636 30.5985 21
      vertex 35.1007 31.4797 21
    endloop
  endfacet
  facet normal -0.4276 -0.903968 -0
    outer loop
      vertex 36.9636 30.5985 21
      vertex 35.1007 31.4797 10
      vertex 36.9636 30.5985 10
    endloop
  endfacet
  facet normal -0.740927 -0.671585 0
    outer loop
      vertex 30.1508 35.1508 10
      vertex 28.7668 36.6777 21
      vertex 28.7668 36.6777 10
    endloop
  endfacet
  facet normal -0.740927 -0.671585 0
    outer loop
      vertex 28.7668 36.6777 21
      vertex 30.1508 35.1508 10
      vertex 30.1508 35.1508 21
    endloop
  endfacet
  facet normal 0.4276 -0.903968 0
    outer loop
      vertex 53.0364 30.5985 10
      vertex 54.8993 31.4797 21
      vertex 53.0364 30.5985 21
    endloop
  endfacet
  facet normal 0.4276 -0.903968 0
    outer loop
      vertex 54.8993 31.4797 21
      vertex 53.0364 30.5985 10
      vertex 54.8993 31.4797 10
    endloop
  endfacet
  facet normal 0.0490567 -0.998796 0
    outer loop
      vertex 45 29 10
      vertex 47.0584 29.1011 21
      vertex 45 29 21
    endloop
  endfacet
  facet normal 0.0490567 -0.998796 0
    outer loop
      vertex 47.0584 29.1011 21
      vertex 45 29 10
      vertex 47.0584 29.1011 10
    endloop
  endfacet
  facet normal -0.989175 -0.146739 0
    outer loop
      vertex 24.4035 45.9031 10
      vertex 24.1011 47.9416 21
      vertex 24.1011 47.9416 10
    endloop
  endfacet
  facet normal -0.989175 -0.146739 0
    outer loop
      vertex 24.1011 47.9416 21
      vertex 24.4035 45.9031 10
      vertex 24.4035 45.9031 21
    endloop
  endfacet
  facet normal 0.595714 -0.803197 0
    outer loop
      vertex 56.667 32.5391 10
      vertex 58.3223 33.7668 21
      vertex 56.667 32.5391 21
    endloop
  endfacet
  facet normal 0.595714 -0.803197 0
    outer loop
      vertex 58.3223 33.7668 21
      vertex 56.667 32.5391 10
      vertex 58.3223 33.7668 10
    endloop
  endfacet
  facet normal -0.803197 -0.595714 0
    outer loop
      vertex 28.7668 36.6777 10
      vertex 27.5391 38.333 21
      vertex 27.5391 38.333 10
    endloop
  endfacet
  facet normal -0.803197 -0.595714 0
    outer loop
      vertex 27.5391 38.333 21
      vertex 28.7668 36.6777 10
      vertex 28.7668 36.6777 21
    endloop
  endfacet
  facet normal -0.998796 0.0490567 0
    outer loop
      vertex 24 50 10
      vertex 24.1011 52.0584 21
      vertex 24.1011 52.0584 10
    endloop
  endfacet
  facet normal -0.998796 0.0490567 0
    outer loop
      vertex 24.1011 52.0584 21
      vertex 24 50 10
      vertex 24 50 21
    endloop
  endfacet
  facet normal 0.740927 -0.671585 0
    outer loop
      vertex 59.8492 35.1508 21
      vertex 61.2332 36.6777 10
      vertex 61.2332 36.6777 21
    endloop
  endfacet
  facet normal 0.740927 -0.671585 0
    outer loop
      vertex 61.2332 36.6777 10
      vertex 59.8492 35.1508 21
      vertex 59.8492 35.1508 10
    endloop
  endfacet
  facet normal -0.998791 -0.0491633 0
    outer loop
      vertex 38.15 50 1
      vertex 38.1348 50.3088 4.2
      vertex 38.1348 50.3088 1
    endloop
  endfacet
  facet normal -0.998791 -0.0491633 0
    outer loop
      vertex 38.1348 50.3088 4.2
      vertex 38.15 50 1
      vertex 38.15 50 4.2
    endloop
  endfacet
  facet normal -0.514353 0.857579 0
    outer loop
      vertex 36.75 47.3809 1
      vertex 36.4849 47.2219 4.2
      vertex 36.75 47.3809 4.2
    endloop
  endfacet
  facet normal -0.514353 0.857579 0
    outer loop
      vertex 36.4849 47.2219 4.2
      vertex 36.75 47.3809 1
      vertex 36.4849 47.2219 1
    endloop
  endfacet
  facet normal 0.803288 0.595591 0
    outer loop
      vertex 32.565 48.0017 4.2
      vertex 32.3809 48.25 1
      vertex 32.3809 48.25 4.2
    endloop
  endfacet
  facet normal 0.803288 0.595591 0
    outer loop
      vertex 32.3809 48.25 1
      vertex 32.565 48.0017 4.2
      vertex 32.565 48.0017 1
    endloop
  endfacet
  facet normal -0.803288 -0.595591 0
    outer loop
      vertex 37.6191 51.75 1
      vertex 37.435 51.9983 4.2
      vertex 37.435 51.9983 1
    endloop
  endfacet
  facet normal -0.803288 -0.595591 0
    outer loop
      vertex 37.435 51.9983 4.2
      vertex 37.6191 51.75 1
      vertex 37.6191 51.75 4.2
    endloop
  endfacet
  facet normal 0.514353 -0.857579 0
    outer loop
      vertex 33.25 52.6191 1
      vertex 33.5151 52.7781 4.2
      vertex 33.25 52.6191 4.2
    endloop
  endfacet
  facet normal 0.514353 -0.857579 0
    outer loop
      vertex 33.5151 52.7781 4.2
      vertex 33.25 52.6191 1
      vertex 33.5151 52.7781 1
    endloop
  endfacet
  facet normal 0.242916 0.970047 -0
    outer loop
      vertex 34.3855 46.9105 1
      vertex 34.0856 46.9856 4.2
      vertex 34.3855 46.9105 4.2
    endloop
  endfacet
  facet normal 0.242916 0.970047 0
    outer loop
      vertex 34.0856 46.9856 4.2
      vertex 34.3855 46.9105 1
      vertex 34.0856 46.9856 1
    endloop
  endfacet
  facet normal -0.970047 -0.242916 0
    outer loop
      vertex 38.0895 50.6145 1
      vertex 38.0144 50.9144 4.2
      vertex 38.0144 50.9144 1
    endloop
  endfacet
  facet normal -0.970047 -0.242916 0
    outer loop
      vertex 38.0144 50.9144 4.2
      vertex 38.0895 50.6145 1
      vertex 38.0895 50.6145 4.2
    endloop
  endfacet
  facet normal -0.998791 0.0491633 0
    outer loop
      vertex 38.1348 49.6912 1
      vertex 38.15 50 4.2
      vertex 38.15 50 1
    endloop
  endfacet
  facet normal -0.998791 0.0491633 0
    outer loop
      vertex 38.15 50 4.2
      vertex 38.1348 49.6912 1
      vertex 38.1348 49.6912 4.2
    endloop
  endfacet
  facet normal 0.9415 0.337012 0
    outer loop
      vertex 32.0898 48.7945 4.2
      vertex 31.9856 49.0856 1
      vertex 31.9856 49.0856 4.2
    endloop
  endfacet
  facet normal 0.9415 0.337012 0
    outer loop
      vertex 31.9856 49.0856 1
      vertex 32.0898 48.7945 4.2
      vertex 32.0898 48.7945 1
    endloop
  endfacet
  facet normal 0.970047 -0.242916 0
    outer loop
      vertex 31.9105 50.6145 4.2
      vertex 31.9856 50.9144 1
      vertex 31.9856 50.9144 4.2
    endloop
  endfacet
  facet normal 0.970047 -0.242916 0
    outer loop
      vertex 31.9856 50.9144 1
      vertex 31.9105 50.6145 4.2
      vertex 31.9105 50.6145 1
    endloop
  endfacet
  facet normal 0.427433 -0.904047 0
    outer loop
      vertex 33.5151 52.7781 1
      vertex 33.7945 52.9102 4.2
      vertex 33.5151 52.7781 4.2
    endloop
  endfacet
  facet normal 0.427433 -0.904047 0
    outer loop
      vertex 33.7945 52.9102 4.2
      vertex 33.5151 52.7781 1
      vertex 33.7945 52.9102 1
    endloop
  endfacet
  facet normal -0.0491633 -0.998791 0
    outer loop
      vertex 35 53.15 1
      vertex 35.3088 53.1348 4.2
      vertex 35 53.15 4.2
    endloop
  endfacet
  facet normal -0.0491633 -0.998791 -0
    outer loop
      vertex 35.3088 53.1348 4.2
      vertex 35 53.15 1
      vertex 35.3088 53.1348 1
    endloop
  endfacet
  facet normal 0.514353 0.857579 -0
    outer loop
      vertex 33.5151 47.2219 1
      vertex 33.25 47.3809 4.2
      vertex 33.5151 47.2219 4.2
    endloop
  endfacet
  facet normal 0.514353 0.857579 0
    outer loop
      vertex 33.25 47.3809 4.2
      vertex 33.5151 47.2219 1
      vertex 33.25 47.3809 1
    endloop
  endfacet
  facet normal 0.9415 -0.337012 0
    outer loop
      vertex 31.9856 50.9144 4.2
      vertex 32.0898 51.2055 1
      vertex 32.0898 51.2055 4.2
    endloop
  endfacet
  facet normal 0.9415 -0.337012 0
    outer loop
      vertex 32.0898 51.2055 1
      vertex 31.9856 50.9144 4.2
      vertex 31.9856 50.9144 1
    endloop
  endfacet
  facet normal 0.427433 0.904047 -0
    outer loop
      vertex 33.7945 47.0898 1
      vertex 33.5151 47.2219 4.2
      vertex 33.7945 47.0898 4.2
    endloop
  endfacet
  facet normal 0.427433 0.904047 0
    outer loop
      vertex 33.5151 47.2219 4.2
      vertex 33.7945 47.0898 1
      vertex 33.5151 47.2219 1
    endloop
  endfacet
  facet normal 0.0491633 0.998791 -0
    outer loop
      vertex 35 46.85 1
      vertex 34.6912 46.8652 4.2
      vertex 35 46.85 4.2
    endloop
  endfacet
  facet normal 0.0491633 0.998791 0
    outer loop
      vertex 34.6912 46.8652 4.2
      vertex 35 46.85 1
      vertex 34.6912 46.8652 1
    endloop
  endfacet
  facet normal -0.857579 0.514353 0
    outer loop
      vertex 37.6191 48.25 1
      vertex 37.7781 48.5151 4.2
      vertex 37.7781 48.5151 1
    endloop
  endfacet
  facet normal -0.857579 0.514353 0
    outer loop
      vertex 37.7781 48.5151 4.2
      vertex 37.6191 48.25 1
      vertex 37.6191 48.25 4.2
    endloop
  endfacet
  facet normal -0.904047 0.427433 0
    outer loop
      vertex 37.7781 48.5151 1
      vertex 37.9102 48.7945 4.2
      vertex 37.9102 48.7945 1
    endloop
  endfacet
  facet normal -0.904047 0.427433 0
    outer loop
      vertex 37.9102 48.7945 4.2
      vertex 37.7781 48.5151 1
      vertex 37.7781 48.5151 4.2
    endloop
  endfacet
  facet normal -0.989198 -0.146584 0
    outer loop
      vertex 38.1348 50.3088 1
      vertex 38.0895 50.6145 4.2
      vertex 38.0895 50.6145 1
    endloop
  endfacet
  facet normal -0.989198 -0.146584 0
    outer loop
      vertex 38.0895 50.6145 4.2
      vertex 38.1348 50.3088 1
      vertex 38.1348 50.3088 4.2
    endloop
  endfacet
  facet normal 0.741022 0.671481 0
    outer loop
      vertex 32.7726 47.7726 4.2
      vertex 32.565 48.0017 1
      vertex 32.565 48.0017 4.2
    endloop
  endfacet
  facet normal 0.741022 0.671481 0
    outer loop
      vertex 32.565 48.0017 1
      vertex 32.7726 47.7726 4.2
      vertex 32.7726 47.7726 1
    endloop
  endfacet
  facet normal -0.741022 0.671481 0
    outer loop
      vertex 37.2274 47.7726 1
      vertex 37.435 48.0017 4.2
      vertex 37.435 48.0017 1
    endloop
  endfacet
  facet normal -0.741022 0.671481 0
    outer loop
      vertex 37.435 48.0017 4.2
      vertex 37.2274 47.7726 1
      vertex 37.2274 47.7726 4.2
    endloop
  endfacet
  facet normal -0.904047 -0.427433 0
    outer loop
      vertex 37.9102 51.2055 1
      vertex 37.7781 51.4849 4.2
      vertex 37.7781 51.4849 1
    endloop
  endfacet
  facet normal -0.904047 -0.427433 0
    outer loop
      vertex 37.7781 51.4849 4.2
      vertex 37.9102 51.2055 1
      vertex 37.9102 51.2055 4.2
    endloop
  endfacet
  facet normal -0.337012 -0.9415 0
    outer loop
      vertex 35.9144 53.0144 1
      vertex 36.2055 52.9102 4.2
      vertex 35.9144 53.0144 4.2
    endloop
  endfacet
  facet normal -0.337012 -0.9415 -0
    outer loop
      vertex 36.2055 52.9102 4.2
      vertex 35.9144 53.0144 1
      vertex 36.2055 52.9102 1
    endloop
  endfacet
  facet normal 0.989198 0.146584 0
    outer loop
      vertex 31.9105 49.3855 4.2
      vertex 31.8652 49.6912 1
      vertex 31.8652 49.6912 4.2
    endloop
  endfacet
  facet normal 0.989198 0.146584 0
    outer loop
      vertex 31.8652 49.6912 1
      vertex 31.9105 49.3855 4.2
      vertex 31.9105 49.3855 1
    endloop
  endfacet
  facet normal 0.671481 0.741022 -0
    outer loop
      vertex 33.0017 47.565 1
      vertex 32.7726 47.7726 4.2
      vertex 33.0017 47.565 4.2
    endloop
  endfacet
  facet normal 0.671481 0.741022 0
    outer loop
      vertex 32.7726 47.7726 4.2
      vertex 33.0017 47.565 1
      vertex 32.7726 47.7726 1
    endloop
  endfacet
  facet normal -0.857579 -0.514353 0
    outer loop
      vertex 37.7781 51.4849 1
      vertex 37.6191 51.75 4.2
      vertex 37.6191 51.75 1
    endloop
  endfacet
  facet normal -0.857579 -0.514353 0
    outer loop
      vertex 37.6191 51.75 4.2
      vertex 37.7781 51.4849 1
      vertex 37.7781 51.4849 4.2
    endloop
  endfacet
  facet normal -0.970047 0.242916 0
    outer loop
      vertex 38.0144 49.0856 1
      vertex 38.0895 49.3855 4.2
      vertex 38.0895 49.3855 1
    endloop
  endfacet
  facet normal -0.970047 0.242916 0
    outer loop
      vertex 38.0895 49.3855 4.2
      vertex 38.0144 49.0856 1
      vertex 38.0144 49.0856 4.2
    endloop
  endfacet
  facet normal 0.904047 -0.427433 0
    outer loop
      vertex 32.0898 51.2055 4.2
      vertex 32.2219 51.4849 1
      vertex 32.2219 51.4849 4.2
    endloop
  endfacet
  facet normal 0.904047 -0.427433 0
    outer loop
      vertex 32.2219 51.4849 1
      vertex 32.0898 51.2055 4.2
      vertex 32.0898 51.2055 1
    endloop
  endfacet
  facet normal 0.242916 -0.970047 0
    outer loop
      vertex 34.0856 53.0144 1
      vertex 34.3855 53.0895 4.2
      vertex 34.0856 53.0144 4.2
    endloop
  endfacet
  facet normal 0.242916 -0.970047 0
    outer loop
      vertex 34.3855 53.0895 4.2
      vertex 34.0856 53.0144 1
      vertex 34.3855 53.0895 1
    endloop
  endfacet
  facet normal -0.146584 -0.989198 0
    outer loop
      vertex 35.3088 53.1348 1
      vertex 35.6145 53.0895 4.2
      vertex 35.3088 53.1348 4.2
    endloop
  endfacet
  facet normal -0.146584 -0.989198 -0
    outer loop
      vertex 35.6145 53.0895 4.2
      vertex 35.3088 53.1348 1
      vertex 35.6145 53.0895 1
    endloop
  endfacet
  facet normal -0.595591 0.803288 0
    outer loop
      vertex 36.9983 47.565 1
      vertex 36.75 47.3809 4.2
      vertex 36.9983 47.565 4.2
    endloop
  endfacet
  facet normal -0.595591 0.803288 0
    outer loop
      vertex 36.75 47.3809 4.2
      vertex 36.9983 47.565 1
      vertex 36.75 47.3809 1
    endloop
  endfacet
  facet normal 0 0 1
    outer loop
      vertex 38.1348 50.3088 1
      vertex 38.1348 49.6912 1
      vertex 38.15 50 1
    endloop
  endfacet
  facet normal 0 0 1
    outer loop
      vertex 38.0895 50.6145 1
      vertex 38.1348 49.6912 1
      vertex 38.1348 50.3088 1
    endloop
  endfacet
  facet normal 0 0 1
    outer loop
      vertex 38.0895 50.6145 1
      vertex 38.0895 49.3855 1
      vertex 38.1348 49.6912 1
    endloop
  endfacet
  facet normal 0 0 1
    outer loop
      vertex 38.0144 50.9144 1
      vertex 38.0895 49.3855 1
      vertex 38.0895 50.6145 1
    endloop
  endfacet
  facet normal 0 0 1
    outer loop
      vertex 38.0144 50.9144 1
      vertex 38.0144 49.0856 1
      vertex 38.0895 49.3855 1
    endloop
  endfacet
  facet normal 0 0 1
    outer loop
      vertex 37.9102 51.2055 1
      vertex 38.0144 49.0856 1
      vertex 38.0144 50.9144 1
    endloop
  endfacet
  facet normal 0 0 1
    outer loop
      vertex 37.9102 51.2055 1
      vertex 37.9102 48.7945 1
      vertex 38.0144 49.0856 1
    endloop
  endfacet
  facet normal 0 0 1
    outer loop
      vertex 37.7781 51.4849 1
      vertex 37.9102 48.7945 1
      vertex 37.9102 51.2055 1
    endloop
  endfacet
  facet normal 0 0 1
    outer loop
      vertex 37.7781 51.4849 1
      vertex 37.7781 48.5151 1
      vertex 37.9102 48.7945 1
    endloop
  endfacet
  facet normal 0 0 1
    outer loop
      vertex 37.6191 51.75 1
      vertex 37.7781 48.5151 1
      vertex 37.7781 51.4849 1
    endloop
  endfacet
  facet normal 0 0 1
    outer loop
      vertex 37.6191 51.75 1
      vertex 37.6191 48.25 1
      vertex 37.7781 48.5151 1
    endloop
  endfacet
  facet normal 0 0 1
    outer loop
      vertex 37.435 51.9983 1
      vertex 37.6191 48.25 1
      vertex 37.6191 51.75 1
    endloop
  endfacet
  facet normal 0 0 1
    outer loop
      vertex 37.435 51.9983 1
      vertex 37.435 48.0017 1
      vertex 37.6191 48.25 1
    endloop
  endfacet
  facet normal 0 0 1
    outer loop
      vertex 37.2274 52.2274 1
      vertex 37.435 48.0017 1
      vertex 37.435 51.9983 1
    endloop
  endfacet
  facet normal 0 0 1
    outer loop
      vertex 37.2274 52.2274 1
      vertex 37.2274 47.7726 1
      vertex 37.435 48.0017 1
    endloop
  endfacet
  facet normal 0 0 1
    outer loop
      vertex 36.9983 52.435 1
      vertex 37.2274 47.7726 1
      vertex 37.2274 52.2274 1
    endloop
  endfacet
  facet normal 0 0 1
    outer loop
      vertex 36.9983 52.435 1
      vertex 36.9983 47.565 1
      vertex 37.2274 47.7726 1
    endloop
  endfacet
  facet normal 0 0 1
    outer loop
      vertex 36.75 52.6191 1
      vertex 36.9983 47.565 1
      vertex 36.9983 52.435 1
    endloop
  endfacet
  facet normal 0 0 1
    outer loop
      vertex 36.75 52.6191 1
      vertex 36.75 47.3809 1
      vertex 36.9983 47.565 1
    endloop
  endfacet
  facet normal 0 0 1
    outer loop
      vertex 36.4849 52.7781 1
      vertex 36.75 47.3809 1
      vertex 36.75 52.6191 1
    endloop
  endfacet
  facet normal 0 0 1
    outer loop
      vertex 36.4849 52.7781 1
      vertex 36.4849 47.2219 1
      vertex 36.75 47.3809 1
    endloop
  endfacet
  facet normal 0 0 1
    outer loop
      vertex 36.2055 52.9102 1
      vertex 36.4849 47.2219 1
      vertex 36.4849 52.7781 1
    endloop
  endfacet
  facet normal 0 0 1
    outer loop
      vertex 36.2055 52.9102 1
      vertex 36.2055 47.0898 1
      vertex 36.4849 47.2219 1
    endloop
  endfacet
  facet normal 0 0 1
    outer loop
      vertex 35.9144 53.0144 1
      vertex 36.2055 47.0898 1
      vertex 36.2055 52.9102 1
    endloop
  endfacet
  facet normal 0 0 1
    outer loop
      vertex 35.9144 53.0144 1
      vertex 35.9144 46.9856 1
      vertex 36.2055 47.0898 1
    endloop
  endfacet
  facet normal 0 0 1
    outer loop
      vertex 35.6145 53.0895 1
      vertex 35.9144 46.9856 1
      vertex 35.9144 53.0144 1
    endloop
  endfacet
  facet normal 0 0 1
    outer loop
      vertex 35.6145 53.0895 1
      vertex 35.6145 46.9105 1
      vertex 35.9144 46.9856 1
    endloop
  endfacet
  facet normal 0 0 1
    outer loop
      vertex 35.3088 53.1348 1
      vertex 35.6145 46.9105 1
      vertex 35.6145 53.0895 1
    endloop
  endfacet
  facet normal 0 0 1
    outer loop
      vertex 35.3088 53.1348 1
      vertex 35.3088 46.8652 1
      vertex 35.6145 46.9105 1
    endloop
  endfacet
  facet normal 0 0 1
    outer loop
      vertex 35 53.15 1
      vertex 35.3088 46.8652 1
      vertex 35.3088 53.1348 1
    endloop
  endfacet
  facet normal 0 0 1
    outer loop
      vertex 35 53.15 1
      vertex 35 46.85 1
      vertex 35.3088 46.8652 1
    endloop
  endfacet
  facet normal -0 0 1
    outer loop
      vertex 34.6912 53.1348 1
      vertex 35 46.85 1
      vertex 35 53.15 1
    endloop
  endfacet
  facet normal 0 0 1
    outer loop
      vertex 34.6912 53.1348 1
      vertex 34.6912 46.8652 1
      vertex 35 46.85 1
    endloop
  endfacet
  facet normal -0 0 1
    outer loop
      vertex 34.3855 53.0895 1
      vertex 34.6912 46.8652 1
      vertex 34.6912 53.1348 1
    endloop
  endfacet
  facet normal 0 0 1
    outer loop
      vertex 34.3855 53.0895 1
      vertex 34.3855 46.9105 1
      vertex 34.6912 46.8652 1
    endloop
  endfacet
  facet normal -0 0 1
    outer loop
      vertex 34.0856 53.0144 1
      vertex 34.3855 46.9105 1
      vertex 34.3855 53.0895 1
    endloop
  endfacet
  facet normal 0 0 1
    outer loop
      vertex 34.0856 53.0144 1
      vertex 34.0856 46.9856 1
      vertex 34.3855 46.9105 1
    endloop
  endfacet
  facet normal -0 0 1
    outer loop
      vertex 33.7945 52.9102 1
      vertex 34.0856 46.9856 1
      vertex 34.0856 53.0144 1
    endloop
  endfacet
  facet normal 0 0 1
    outer loop
      vertex 33.7945 52.9102 1
      vertex 33.7945 47.0898 1
      vertex 34.0856 46.9856 1
    endloop
  endfacet
  facet normal -0 0 1
    outer loop
      vertex 33.5151 52.7781 1
      vertex 33.7945 47.0898 1
      vertex 33.7945 52.9102 1
    endloop
  endfacet
  facet normal 0 0 1
    outer loop
      vertex 33.5151 52.7781 1
      vertex 33.5151 47.2219 1
      vertex 33.7945 47.0898 1
    endloop
  endfacet
  facet normal -0 0 1
    outer loop
      vertex 33.25 52.6191 1
      vertex 33.5151 47.2219 1
      vertex 33.5151 52.7781 1
    endloop
  endfacet
  facet normal 0 0 1
    outer loop
      vertex 33.25 52.6191 1
      vertex 33.25 47.3809 1
      vertex 33.5151 47.2219 1
    endloop
  endfacet
  facet normal -0 0 1
    outer loop
      vertex 33.0017 52.435 1
      vertex 33.25 47.3809 1
      vertex 33.25 52.6191 1
    endloop
  endfacet
  facet normal 0 0 1
    outer loop
      vertex 33.0017 52.435 1
      vertex 33.0017 47.565 1
      vertex 33.25 47.3809 1
    endloop
  endfacet
  facet normal -0 0 1
    outer loop
      vertex 32.7726 52.2274 1
      vertex 33.0017 47.565 1
      vertex 33.0017 52.435 1
    endloop
  endfacet
  facet normal 0 0 1
    outer loop
      vertex 32.7726 52.2274 1
      vertex 32.7726 47.7726 1
      vertex 33.0017 47.565 1
    endloop
  endfacet
  facet normal -0 0 1
    outer loop
      vertex 32.565 51.9983 1
      vertex 32.7726 47.7726 1
      vertex 32.7726 52.2274 1
    endloop
  endfacet
  facet normal 0 0 1
    outer loop
      vertex 32.565 51.9983 1
      vertex 32.565 48.0017 1
      vertex 32.7726 47.7726 1
    endloop
  endfacet
  facet normal -0 0 1
    outer loop
      vertex 32.3809 51.75 1
      vertex 32.565 48.0017 1
      vertex 32.565 51.9983 1
    endloop
  endfacet
  facet normal 0 0 1
    outer loop
      vertex 32.3809 51.75 1
      vertex 32.3809 48.25 1
      vertex 32.565 48.0017 1
    endloop
  endfacet
  facet normal -0 0 1
    outer loop
      vertex 32.2219 51.4849 1
      vertex 32.3809 48.25 1
      vertex 32.3809 51.75 1
    endloop
  endfacet
  facet normal 0 0 1
    outer loop
      vertex 32.2219 51.4849 1
      vertex 32.2219 48.5151 1
      vertex 32.3809 48.25 1
    endloop
  endfacet
  facet normal -0 0 1
    outer loop
      vertex 32.0898 51.2055 1
      vertex 32.2219 48.5151 1
      vertex 32.2219 51.4849 1
    endloop
  endfacet
  facet normal 0 0 1
    outer loop
      vertex 32.0898 51.2055 1
      vertex 32.0898 48.7945 1
      vertex 32.2219 48.5151 1
    endloop
  endfacet
  facet normal -0 0 1
    outer loop
      vertex 31.9856 50.9144 1
      vertex 32.0898 48.7945 1
      vertex 32.0898 51.2055 1
    endloop
  endfacet
  facet normal 0 0 1
    outer loop
      vertex 31.9856 50.9144 1
      vertex 31.9856 49.0856 1
      vertex 32.0898 48.7945 1
    endloop
  endfacet
  facet normal -0 0 1
    outer loop
      vertex 31.9105 50.6145 1
      vertex 31.9856 49.0856 1
      vertex 31.9856 50.9144 1
    endloop
  endfacet
  facet normal 0 0 1
    outer loop
      vertex 31.9105 50.6145 1
      vertex 31.9105 49.3855 1
      vertex 31.9856 49.0856 1
    endloop
  endfacet
  facet normal -0 0 1
    outer loop
      vertex 31.8652 50.3088 1
      vertex 31.9105 49.3855 1
      vertex 31.9105 50.6145 1
    endloop
  endfacet
  facet normal 0 0 1
    outer loop
      vertex 31.8652 50.3088 1
      vertex 31.8652 49.6912 1
      vertex 31.9105 49.3855 1
    endloop
  endfacet
  facet normal 0 -0 1
    outer loop
      vertex 31.8652 49.6912 1
      vertex 31.8652 50.3088 1
      vertex 31.85 50 1
    endloop
  endfacet
  facet normal -0.427433 0.904047 0
    outer loop
      vertex 36.4849 47.2219 1
      vertex 36.2055 47.0898 4.2
      vertex 36.4849 47.2219 4.2
    endloop
  endfacet
  facet normal -0.427433 0.904047 0
    outer loop
      vertex 36.2055 47.0898 4.2
      vertex 36.4849 47.2219 1
      vertex 36.2055 47.0898 1
    endloop
  endfacet
  facet normal 0.741022 -0.671481 0
    outer loop
      vertex 32.565 51.9983 4.2
      vertex 32.7726 52.2274 1
      vertex 32.7726 52.2274 4.2
    endloop
  endfacet
  facet normal 0.741022 -0.671481 0
    outer loop
      vertex 32.7726 52.2274 1
      vertex 32.565 51.9983 4.2
      vertex 32.565 51.9983 1
    endloop
  endfacet
  facet normal -0.337012 0.9415 0
    outer loop
      vertex 36.2055 47.0898 1
      vertex 35.9144 46.9856 4.2
      vertex 36.2055 47.0898 4.2
    endloop
  endfacet
  facet normal -0.337012 0.9415 0
    outer loop
      vertex 35.9144 46.9856 4.2
      vertex 36.2055 47.0898 1
      vertex 35.9144 46.9856 1
    endloop
  endfacet
  facet normal -0.9415 -0.337012 0
    outer loop
      vertex 38.0144 50.9144 1
      vertex 37.9102 51.2055 4.2
      vertex 37.9102 51.2055 1
    endloop
  endfacet
  facet normal -0.9415 -0.337012 0
    outer loop
      vertex 37.9102 51.2055 4.2
      vertex 38.0144 50.9144 1
      vertex 38.0144 50.9144 4.2
    endloop
  endfacet
  facet normal -0.671481 -0.741022 0
    outer loop
      vertex 36.9983 52.435 1
      vertex 37.2274 52.2274 4.2
      vertex 36.9983 52.435 4.2
    endloop
  endfacet
  facet normal -0.671481 -0.741022 -0
    outer loop
      vertex 37.2274 52.2274 4.2
      vertex 36.9983 52.435 1
      vertex 37.2274 52.2274 1
    endloop
  endfacet
  facet normal 0.998791 0.0491633 0
    outer loop
      vertex 31.8652 49.6912 4.2
      vertex 31.85 50 1
      vertex 31.85 50 4.2
    endloop
  endfacet
  facet normal 0.998791 0.0491633 0
    outer loop
      vertex 31.85 50 1
      vertex 31.8652 49.6912 4.2
      vertex 31.8652 49.6912 1
    endloop
  endfacet
  facet normal 0.146584 -0.989198 0
    outer loop
      vertex 34.3855 53.0895 1
      vertex 34.6912 53.1348 4.2
      vertex 34.3855 53.0895 4.2
    endloop
  endfacet
  facet normal 0.146584 -0.989198 0
    outer loop
      vertex 34.6912 53.1348 4.2
      vertex 34.3855 53.0895 1
      vertex 34.6912 53.1348 1
    endloop
  endfacet
  facet normal -0.427433 -0.904047 0
    outer loop
      vertex 36.2055 52.9102 1
      vertex 36.4849 52.7781 4.2
      vertex 36.2055 52.9102 4.2
    endloop
  endfacet
  facet normal -0.427433 -0.904047 -0
    outer loop
      vertex 36.4849 52.7781 4.2
      vertex 36.2055 52.9102 1
      vertex 36.4849 52.7781 1
    endloop
  endfacet
  facet normal -0.741022 -0.671481 0
    outer loop
      vertex 37.435 51.9983 1
      vertex 37.2274 52.2274 4.2
      vertex 37.2274 52.2274 1
    endloop
  endfacet
  facet normal -0.741022 -0.671481 0
    outer loop
      vertex 37.2274 52.2274 4.2
      vertex 37.435 51.9983 1
      vertex 37.435 51.9983 4.2
    endloop
  endfacet
  facet normal -0.595591 -0.803288 0
    outer loop
      vertex 36.75 52.6191 1
      vertex 36.9983 52.435 4.2
      vertex 36.75 52.6191 4.2
    endloop
  endfacet
  facet normal -0.595591 -0.803288 -0
    outer loop
      vertex 36.9983 52.435 4.2
      vertex 36.75 52.6191 1
      vertex 36.9983 52.435 1
    endloop
  endfacet
  facet normal 0.671481 -0.741022 0
    outer loop
      vertex 32.7726 52.2274 1
      vertex 33.0017 52.435 4.2
      vertex 32.7726 52.2274 4.2
    endloop
  endfacet
  facet normal 0.671481 -0.741022 0
    outer loop
      vertex 33.0017 52.435 4.2
      vertex 32.7726 52.2274 1
      vertex 33.0017 52.435 1
    endloop
  endfacet
  facet normal -0.514353 -0.857579 0
    outer loop
      vertex 36.4849 52.7781 1
      vertex 36.75 52.6191 4.2
      vertex 36.4849 52.7781 4.2
    endloop
  endfacet
  facet normal -0.514353 -0.857579 -0
    outer loop
      vertex 36.75 52.6191 4.2
      vertex 36.4849 52.7781 1
      vertex 36.75 52.6191 1
    endloop
  endfacet
  facet normal 0.904047 0.427433 0
    outer loop
      vertex 32.2219 48.5151 4.2
      vertex 32.0898 48.7945 1
      vertex 32.0898 48.7945 4.2
    endloop
  endfacet
  facet normal 0.904047 0.427433 0
    outer loop
      vertex 32.0898 48.7945 1
      vertex 32.2219 48.5151 4.2
      vertex 32.2219 48.5151 1
    endloop
  endfacet
  facet normal -0.242916 -0.970047 0
    outer loop
      vertex 35.6145 53.0895 1
      vertex 35.9144 53.0144 4.2
      vertex 35.6145 53.0895 4.2
    endloop
  endfacet
  facet normal -0.242916 -0.970047 -0
    outer loop
      vertex 35.9144 53.0144 4.2
      vertex 35.6145 53.0895 1
      vertex 35.9144 53.0144 1
    endloop
  endfacet
  facet normal 0.337012 -0.9415 0
    outer loop
      vertex 33.7945 52.9102 1
      vertex 34.0856 53.0144 4.2
      vertex 33.7945 52.9102 4.2
    endloop
  endfacet
  facet normal 0.337012 -0.9415 0
    outer loop
      vertex 34.0856 53.0144 4.2
      vertex 33.7945 52.9102 1
      vertex 34.0856 53.0144 1
    endloop
  endfacet
  facet normal 0.857579 0.514353 0
    outer loop
      vertex 32.3809 48.25 4.2
      vertex 32.2219 48.5151 1
      vertex 32.2219 48.5151 4.2
    endloop
  endfacet
  facet normal 0.857579 0.514353 0
    outer loop
      vertex 32.2219 48.5151 1
      vertex 32.3809 48.25 4.2
      vertex 32.3809 48.25 1
    endloop
  endfacet
  facet normal -0.0491633 0.998791 0
    outer loop
      vertex 35.3088 46.8652 1
      vertex 35 46.85 4.2
      vertex 35.3088 46.8652 4.2
    endloop
  endfacet
  facet normal -0.0491633 0.998791 0
    outer loop
      vertex 35 46.85 4.2
      vertex 35.3088 46.8652 1
      vertex 35 46.85 1
    endloop
  endfacet
  facet normal 0.998791 -0.0491633 0
    outer loop
      vertex 31.85 50 4.2
      vertex 31.8652 50.3088 1
      vertex 31.8652 50.3088 4.2
    endloop
  endfacet
  facet normal 0.998791 -0.0491633 0
    outer loop
      vertex 31.8652 50.3088 1
      vertex 31.85 50 4.2
      vertex 31.85 50 1
    endloop
  endfacet
  facet normal -0.146584 0.989198 0
    outer loop
      vertex 35.6145 46.9105 1
      vertex 35.3088 46.8652 4.2
      vertex 35.6145 46.9105 4.2
    endloop
  endfacet
  facet normal -0.146584 0.989198 0
    outer loop
      vertex 35.3088 46.8652 4.2
      vertex 35.6145 46.9105 1
      vertex 35.3088 46.8652 1
    endloop
  endfacet
  facet normal -0.242916 0.970047 0
    outer loop
      vertex 35.9144 46.9856 1
      vertex 35.6145 46.9105 4.2
      vertex 35.9144 46.9856 4.2
    endloop
  endfacet
  facet normal -0.242916 0.970047 0
    outer loop
      vertex 35.6145 46.9105 4.2
      vertex 35.9144 46.9856 1
      vertex 35.6145 46.9105 1
    endloop
  endfacet
  facet normal -0.803288 0.595591 0
    outer loop
      vertex 37.435 48.0017 1
      vertex 37.6191 48.25 4.2
      vertex 37.6191 48.25 1
    endloop
  endfacet
  facet normal -0.803288 0.595591 0
    outer loop
      vertex 37.6191 48.25 4.2
      vertex 37.435 48.0017 1
      vertex 37.435 48.0017 4.2
    endloop
  endfacet
  facet normal 0.989198 -0.146584 0
    outer loop
      vertex 31.8652 50.3088 4.2
      vertex 31.9105 50.6145 1
      vertex 31.9105 50.6145 4.2
    endloop
  endfacet
  facet normal 0.989198 -0.146584 0
    outer loop
      vertex 31.9105 50.6145 1
      vertex 31.8652 50.3088 4.2
      vertex 31.8652 50.3088 1
    endloop
  endfacet
  facet normal 0.970047 0.242916 0
    outer loop
      vertex 31.9856 49.0856 4.2
      vertex 31.9105 49.3855 1
      vertex 31.9105 49.3855 4.2
    endloop
  endfacet
  facet normal 0.970047 0.242916 0
    outer loop
      vertex 31.9105 49.3855 1
      vertex 31.9856 49.0856 4.2
      vertex 31.9856 49.0856 1
    endloop
  endfacet
  facet normal 0.0491633 -0.998791 0
    outer loop
      vertex 34.6912 53.1348 1
      vertex 35 53.15 4.2
      vertex 34.6912 53.1348 4.2
    endloop
  endfacet
  facet normal 0.0491633 -0.998791 0
    outer loop
      vertex 35 53.15 4.2
      vertex 34.6912 53.1348 1
      vertex 35 53.15 1
    endloop
  endfacet
  facet normal -0.671481 0.741022 0
    outer loop
      vertex 37.2274 47.7726 1
      vertex 36.9983 47.565 4.2
      vertex 37.2274 47.7726 4.2
    endloop
  endfacet
  facet normal -0.671481 0.741022 0
    outer loop
      vertex 36.9983 47.565 4.2
      vertex 37.2274 47.7726 1
      vertex 36.9983 47.565 1
    endloop
  endfacet
  facet normal 0.595591 -0.803288 0
    outer loop
      vertex 33.0017 52.435 1
      vertex 33.25 52.6191 4.2
      vertex 33.0017 52.435 4.2
    endloop
  endfacet
  facet normal 0.595591 -0.803288 0
    outer loop
      vertex 33.25 52.6191 4.2
      vertex 33.0017 52.435 1
      vertex 33.25 52.6191 1
    endloop
  endfacet
  facet normal 0.146584 0.989198 -0
    outer loop
      vertex 34.6912 46.8652 1
      vertex 34.3855 46.9105 4.2
      vertex 34.6912 46.8652 4.2
    endloop
  endfacet
  facet normal 0.146584 0.989198 0
    outer loop
      vertex 34.3855 46.9105 4.2
      vertex 34.6912 46.8652 1
      vertex 34.3855 46.9105 1
    endloop
  endfacet
  facet normal 0 0 -1
    outer loop
      vertex 38.1348 49.6912 4.2
      vertex 38.1348 50.3088 4.2
      vertex 38.15 50 4.2
    endloop
  endfacet
  facet normal 0 0 -1
    outer loop
      vertex 38.0895 49.3855 4.2
      vertex 38.1348 50.3088 4.2
      vertex 38.1348 49.6912 4.2
    endloop
  endfacet
  facet normal 0 0 -1
    outer loop
      vertex 38.0895 49.3855 4.2
      vertex 38.0895 50.6145 4.2
      vertex 38.1348 50.3088 4.2
    endloop
  endfacet
  facet normal 0 0 -1
    outer loop
      vertex 38.0144 49.0856 4.2
      vertex 38.0895 50.6145 4.2
      vertex 38.0895 49.3855 4.2
    endloop
  endfacet
  facet normal 0 0 -1
    outer loop
      vertex 38.0144 49.0856 4.2
      vertex 38.0144 50.9144 4.2
      vertex 38.0895 50.6145 4.2
    endloop
  endfacet
  facet normal 0 0 -1
    outer loop
      vertex 37.9102 48.7945 4.2
      vertex 38.0144 50.9144 4.2
      vertex 38.0144 49.0856 4.2
    endloop
  endfacet
  facet normal 0 0 -1
    outer loop
      vertex 37.9102 48.7945 4.2
      vertex 37.9102 51.2055 4.2
      vertex 38.0144 50.9144 4.2
    endloop
  endfacet
  facet normal 0 0 -1
    outer loop
      vertex 37.7781 48.5151 4.2
      vertex 37.9102 51.2055 4.2
      vertex 37.9102 48.7945 4.2
    endloop
  endfacet
  facet normal 0 0 -1
    outer loop
      vertex 37.7781 48.5151 4.2
      vertex 37.7781 51.4849 4.2
      vertex 37.9102 51.2055 4.2
    endloop
  endfacet
  facet normal 0 0 -1
    outer loop
      vertex 37.6191 48.25 4.2
      vertex 37.7781 51.4849 4.2
      vertex 37.7781 48.5151 4.2
    endloop
  endfacet
  facet normal 0 0 -1
    outer loop
      vertex 37.6191 48.25 4.2
      vertex 37.6191 51.75 4.2
      vertex 37.7781 51.4849 4.2
    endloop
  endfacet
  facet normal 0 0 -1
    outer loop
      vertex 37.435 48.0017 4.2
      vertex 37.6191 51.75 4.2
      vertex 37.6191 48.25 4.2
    endloop
  endfacet
  facet normal 0 0 -1
    outer loop
      vertex 37.435 48.0017 4.2
      vertex 37.435 51.9983 4.2
      vertex 37.6191 51.75 4.2
    endloop
  endfacet
  facet normal 0 0 -1
    outer loop
      vertex 37.2274 47.7726 4.2
      vertex 37.435 51.9983 4.2
      vertex 37.435 48.0017 4.2
    endloop
  endfacet
  facet normal 0 0 -1
    outer loop
      vertex 37.2274 47.7726 4.2
      vertex 37.2274 52.2274 4.2
      vertex 37.435 51.9983 4.2
    endloop
  endfacet
  facet normal 0 0 -1
    outer loop
      vertex 36.9983 47.565 4.2
      vertex 37.2274 52.2274 4.2
      vertex 37.2274 47.7726 4.2
    endloop
  endfacet
  facet normal 0 0 -1
    outer loop
      vertex 36.9983 47.565 4.2
      vertex 36.9983 52.435 4.2
      vertex 37.2274 52.2274 4.2
    endloop
  endfacet
  facet normal 0 0 -1
    outer loop
      vertex 36.75 47.3809 4.2
      vertex 36.9983 52.435 4.2
      vertex 36.9983 47.565 4.2
    endloop
  endfacet
  facet normal 0 0 -1
    outer loop
      vertex 36.75 47.3809 4.2
      vertex 36.75 52.6191 4.2
      vertex 36.9983 52.435 4.2
    endloop
  endfacet
  facet normal 0 0 -1
    outer loop
      vertex 36.4849 47.2219 4.2
      vertex 36.75 52.6191 4.2
      vertex 36.75 47.3809 4.2
    endloop
  endfacet
  facet normal 0 0 -1
    outer loop
      vertex 36.4849 47.2219 4.2
      vertex 36.4849 52.7781 4.2
      vertex 36.75 52.6191 4.2
    endloop
  endfacet
  facet normal 0 0 -1
    outer loop
      vertex 36.2055 47.0898 4.2
      vertex 36.4849 52.7781 4.2
      vertex 36.4849 47.2219 4.2
    endloop
  endfacet
  facet normal 0 0 -1
    outer loop
      vertex 36.2055 47.0898 4.2
      vertex 36.2055 52.9102 4.2
      vertex 36.4849 52.7781 4.2
    endloop
  endfacet
  facet normal 0 0 -1
    outer loop
      vertex 35.9144 46.9856 4.2
      vertex 36.2055 52.9102 4.2
      vertex 36.2055 47.0898 4.2
    endloop
  endfacet
  facet normal 0 0 -1
    outer loop
      vertex 35.9144 46.9856 4.2
      vertex 35.9144 53.0144 4.2
      vertex 36.2055 52.9102 4.2
    endloop
  endfacet
  facet normal 0 0 -1
    outer loop
      vertex 35.6145 46.9105 4.2
      vertex 35.9144 53.0144 4.2
      vertex 35.9144 46.9856 4.2
    endloop
  endfacet
  facet normal 0 0 -1
    outer loop
      vertex 35.6145 46.9105 4.2
      vertex 35.6145 53.0895 4.2
      vertex 35.9144 53.0144 4.2
    endloop
  endfacet
  facet normal 0 0 -1
    outer loop
      vertex 35.3088 46.8652 4.2
      vertex 35.6145 53.0895 4.2
      vertex 35.6145 46.9105 4.2
    endloop
  endfacet
  facet normal 0 0 -1
    outer loop
      vertex 35.3088 46.8652 4.2
      vertex 35.3088 53.1348 4.2
      vertex 35.6145 53.0895 4.2
    endloop
  endfacet
  facet normal 0 0 -1
    outer loop
      vertex 35 46.85 4.2
      vertex 35.3088 53.1348 4.2
      vertex 35.3088 46.8652 4.2
    endloop
  endfacet
  facet normal 0 0 -1
    outer loop
      vertex 35 46.85 4.2
      vertex 35 53.15 4.2
      vertex 35.3088 53.1348 4.2
    endloop
  endfacet
  facet normal 0 0 -1
    outer loop
      vertex 34.6912 46.8652 4.2
      vertex 35 53.15 4.2
      vertex 35 46.85 4.2
    endloop
  endfacet
  facet normal 0 0 -1
    outer loop
      vertex 34.6912 46.8652 4.2
      vertex 34.6912 53.1348 4.2
      vertex 35 53.15 4.2
    endloop
  endfacet
  facet normal 0 0 -1
    outer loop
      vertex 34.3855 46.9105 4.2
      vertex 34.6912 53.1348 4.2
      vertex 34.6912 46.8652 4.2
    endloop
  endfacet
  facet normal 0 0 -1
    outer loop
      vertex 34.3855 46.9105 4.2
      vertex 34.3855 53.0895 4.2
      vertex 34.6912 53.1348 4.2
    endloop
  endfacet
  facet normal 0 0 -1
    outer loop
      vertex 34.0856 46.9856 4.2
      vertex 34.3855 53.0895 4.2
      vertex 34.3855 46.9105 4.2
    endloop
  endfacet
  facet normal 0 0 -1
    outer loop
      vertex 34.0856 46.9856 4.2
      vertex 34.0856 53.0144 4.2
      vertex 34.3855 53.0895 4.2
    endloop
  endfacet
  facet normal 0 0 -1
    outer loop
      vertex 33.7945 47.0898 4.2
      vertex 34.0856 53.0144 4.2
      vertex 34.0856 46.9856 4.2
    endloop
  endfacet
  facet normal 0 0 -1
    outer loop
      vertex 33.7945 47.0898 4.2
      vertex 33.7945 52.9102 4.2
      vertex 34.0856 53.0144 4.2
    endloop
  endfacet
  facet normal 0 0 -1
    outer loop
      vertex 33.5151 47.2219 4.2
      vertex 33.7945 52.9102 4.2
      vertex 33.7945 47.0898 4.2
    endloop
  endfacet
  facet normal 0 0 -1
    outer loop
      vertex 33.5151 47.2219 4.2
      vertex 33.5151 52.7781 4.2
      vertex 33.7945 52.9102 4.2
    endloop
  endfacet
  facet normal 0 0 -1
    outer loop
      vertex 33.25 47.3809 4.2
      vertex 33.5151 52.7781 4.2
      vertex 33.5151 47.2219 4.2
    endloop
  endfacet
  facet normal 0 0 -1
    outer loop
      vertex 33.25 47.3809 4.2
      vertex 33.25 52.6191 4.2
      vertex 33.5151 52.7781 4.2
    endloop
  endfacet
  facet normal 0 0 -1
    outer loop
      vertex 33.0017 47.565 4.2
      vertex 33.25 52.6191 4.2
      vertex 33.25 47.3809 4.2
    endloop
  endfacet
  facet normal 0 0 -1
    outer loop
      vertex 33.0017 47.565 4.2
      vertex 33.0017 52.435 4.2
      vertex 33.25 52.6191 4.2
    endloop
  endfacet
  facet normal 0 0 -1
    outer loop
      vertex 32.7726 47.7726 4.2
      vertex 33.0017 52.435 4.2
      vertex 33.0017 47.565 4.2
    endloop
  endfacet
  facet normal 0 0 -1
    outer loop
      vertex 32.7726 47.7726 4.2
      vertex 32.7726 52.2274 4.2
      vertex 33.0017 52.435 4.2
    endloop
  endfacet
  facet normal 0 0 -1
    outer loop
      vertex 32.565 48.0017 4.2
      vertex 32.7726 52.2274 4.2
      vertex 32.7726 47.7726 4.2
    endloop
  endfacet
  facet normal 0 0 -1
    outer loop
      vertex 32.565 48.0017 4.2
      vertex 32.565 51.9983 4.2
      vertex 32.7726 52.2274 4.2
    endloop
  endfacet
  facet normal 0 0 -1
    outer loop
      vertex 32.3809 48.25 4.2
      vertex 32.565 51.9983 4.2
      vertex 32.565 48.0017 4.2
    endloop
  endfacet
  facet normal 0 0 -1
    outer loop
      vertex 32.3809 48.25 4.2
      vertex 32.3809 51.75 4.2
      vertex 32.565 51.9983 4.2
    endloop
  endfacet
  facet normal 0 0 -1
    outer loop
      vertex 32.2219 48.5151 4.2
      vertex 32.3809 51.75 4.2
      vertex 32.3809 48.25 4.2
    endloop
  endfacet
  facet normal 0 0 -1
    outer loop
      vertex 32.2219 48.5151 4.2
      vertex 32.2219 51.4849 4.2
      vertex 32.3809 51.75 4.2
    endloop
  endfacet
  facet normal 0 0 -1
    outer loop
      vertex 32.0898 48.7945 4.2
      vertex 32.2219 51.4849 4.2
      vertex 32.2219 48.5151 4.2
    endloop
  endfacet
  facet normal 0 0 -1
    outer loop
      vertex 32.0898 48.7945 4.2
      vertex 32.0898 51.2055 4.2
      vertex 32.2219 51.4849 4.2
    endloop
  endfacet
  facet normal 0 0 -1
    outer loop
      vertex 31.9856 49.0856 4.2
      vertex 32.0898 51.2055 4.2
      vertex 32.0898 48.7945 4.2
    endloop
  endfacet
  facet normal 0 0 -1
    outer loop
      vertex 31.9856 49.0856 4.2
      vertex 31.9856 50.9144 4.2
      vertex 32.0898 51.2055 4.2
    endloop
  endfacet
  facet normal 0 0 -1
    outer loop
      vertex 31.9105 49.3855 4.2
      vertex 31.9856 50.9144 4.2
      vertex 31.9856 49.0856 4.2
    endloop
  endfacet
  facet normal 0 0 -1
    outer loop
      vertex 31.9105 49.3855 4.2
      vertex 31.9105 50.6145 4.2
      vertex 31.9856 50.9144 4.2
    endloop
  endfacet
  facet normal 0 0 -1
    outer loop
      vertex 31.8652 49.6912 4.2
      vertex 31.9105 50.6145 4.2
      vertex 31.9105 49.3855 4.2
    endloop
  endfacet
  facet normal 0 0 -1
    outer loop
      vertex 31.8652 49.6912 4.2
      vertex 31.8652 50.3088 4.2
      vertex 31.9105 50.6145 4.2
    endloop
  endfacet
  facet normal 0 -0 -1
    outer loop
      vertex 31.8652 50.3088 4.2
      vertex 31.8652 49.6912 4.2
      vertex 31.85 50 4.2
    endloop
  endfacet
  facet normal -0.9415 0.337012 0
    outer loop
      vertex 37.9102 48.7945 1
      vertex 38.0144 49.0856 4.2
      vertex 38.0144 49.0856 1
    endloop
  endfacet
  facet normal -0.9415 0.337012 0
    outer loop
      vertex 38.0144 49.0856 4.2
      vertex 37.9102 48.7945 1
      vertex 37.9102 48.7945 4.2
    endloop
  endfacet
  facet normal -0.989198 0.146584 0
    outer loop
      vertex 38.0895 49.3855 1
      vertex 38.1348 49.6912 4.2
      vertex 38.1348 49.6912 1
    endloop
  endfacet
  facet normal -0.989198 0.146584 0
    outer loop
      vertex 38.1348 49.6912 4.2
      vertex 38.0895 49.3855 1
      vertex 38.0895 49.3855 4.2
    endloop
  endfacet
  facet normal 0.857579 -0.514353 0
    outer loop
      vertex 32.2219 51.4849 4.2
      vertex 32.3809 51.75 1
      vertex 32.3809 51.75 4.2
    endloop
  endfacet
  facet normal 0.857579 -0.514353 0
    outer loop
      vertex 32.3809 51.75 1
      vertex 32.2219 51.4849 4.2
      vertex 32.2219 51.4849 1
    endloop
  endfacet
  facet normal 0.595591 0.803288 -0
    outer loop
      vertex 33.25 47.3809 1
      vertex 33.0017 47.565 4.2
      vertex 33.25 47.3809 4.2
    endloop
  endfacet
  facet normal 0.595591 0.803288 0
    outer loop
      vertex 33.0017 47.565 4.2
      vertex 33.25 47.3809 1
      vertex 33.0017 47.565 1
    endloop
  endfacet
  facet normal 0.803288 -0.595591 0
    outer loop
      vertex 32.3809 51.75 4.2
      vertex 32.565 51.9983 1
      vertex 32.565 51.9983 4.2
    endloop
  endfacet
  facet normal 0.803288 -0.595591 0
    outer loop
      vertex 32.565 51.9983 1
      vertex 32.3809 51.75 4.2
      vertex 32.3809 51.75 1
    endloop
  endfacet
  facet normal 0.337012 0.9415 -0
    outer loop
      vertex 34.0856 46.9856 1
      vertex 33.7945 47.0898 4.2
      vertex 34.0856 46.9856 4.2
    endloop
  endfacet
  facet normal 0.337012 0.9415 0
    outer loop
      vertex 33.7945 47.0898 4.2
      vertex 34.0856 46.9856 1
      vertex 33.7945 47.0898 1
    endloop
  endfacet
  facet normal 0.989198 -0.146584 0
    outer loop
      vertex 51.8652 50.3088 4.2
      vertex 51.9105 50.6145 1
      vertex 51.9105 50.6145 4.2
    endloop
  endfacet
  facet normal 0.989198 -0.146584 0
    outer loop
      vertex 51.9105 50.6145 1
      vertex 51.8652 50.3088 4.2
      vertex 51.8652 50.3088 1
    endloop
  endfacet
  facet normal -0.989198 -0.146584 0
    outer loop
      vertex 58.1348 50.3088 1
      vertex 58.0895 50.6145 4.2
      vertex 58.0895 50.6145 1
    endloop
  endfacet
  facet normal -0.989198 -0.146584 0
    outer loop
      vertex 58.0895 50.6145 4.2
      vertex 58.1348 50.3088 1
      vertex 58.1348 50.3088 4.2
    endloop
  endfacet
  facet normal -0.998791 -0.0491633 0
    outer loop
      vertex 58.15 50 1
      vertex 58.1348 50.3088 4.2
      vertex 58.1348 50.3088 1
    endloop
  endfacet
  facet normal -0.998791 -0.0491633 0
    outer loop
      vertex 58.1348 50.3088 4.2
      vertex 58.15 50 1
      vertex 58.15 50 4.2
    endloop
  endfacet
  facet normal -0.970047 -0.242916 0
    outer loop
      vertex 58.0895 50.6145 1
      vertex 58.0144 50.9144 4.2
      vertex 58.0144 50.9144 1
    endloop
  endfacet
  facet normal -0.970047 -0.242916 0
    outer loop
      vertex 58.0144 50.9144 4.2
      vertex 58.0895 50.6145 1
      vertex 58.0895 50.6145 4.2
    endloop
  endfacet
  facet normal -0.671481 -0.741022 0
    outer loop
      vertex 56.9983 52.435 1
      vertex 57.2274 52.2274 4.2
      vertex 56.9983 52.435 4.2
    endloop
  endfacet
  facet normal -0.671481 -0.741022 -0
    outer loop
      vertex 57.2274 52.2274 4.2
      vertex 56.9983 52.435 1
      vertex 57.2274 52.2274 1
    endloop
  endfacet
  facet normal 0.146584 -0.989198 0
    outer loop
      vertex 54.3855 53.0895 1
      vertex 54.6912 53.1348 4.2
      vertex 54.3855 53.0895 4.2
    endloop
  endfacet
  facet normal 0.146584 -0.989198 0
    outer loop
      vertex 54.6912 53.1348 4.2
      vertex 54.3855 53.0895 1
      vertex 54.6912 53.1348 1
    endloop
  endfacet
  facet normal -0.803288 -0.595591 0
    outer loop
      vertex 57.6191 51.75 1
      vertex 57.435 51.9983 4.2
      vertex 57.435 51.9983 1
    endloop
  endfacet
  facet normal -0.803288 -0.595591 0
    outer loop
      vertex 57.435 51.9983 4.2
      vertex 57.6191 51.75 1
      vertex 57.6191 51.75 4.2
    endloop
  endfacet
  facet normal -0.595591 -0.803288 0
    outer loop
      vertex 56.75 52.6191 1
      vertex 56.9983 52.435 4.2
      vertex 56.75 52.6191 4.2
    endloop
  endfacet
  facet normal -0.595591 -0.803288 -0
    outer loop
      vertex 56.9983 52.435 4.2
      vertex 56.75 52.6191 1
      vertex 56.9983 52.435 1
    endloop
  endfacet
  facet normal 0.904047 -0.427433 0
    outer loop
      vertex 52.0898 51.2055 4.2
      vertex 52.2219 51.4849 1
      vertex 52.2219 51.4849 4.2
    endloop
  endfacet
  facet normal 0.904047 -0.427433 0
    outer loop
      vertex 52.2219 51.4849 1
      vertex 52.0898 51.2055 4.2
      vertex 52.0898 51.2055 1
    endloop
  endfacet
  facet normal -0.998791 0.0491633 0
    outer loop
      vertex 58.1348 49.6912 1
      vertex 58.15 50 4.2
      vertex 58.15 50 1
    endloop
  endfacet
  facet normal -0.998791 0.0491633 0
    outer loop
      vertex 58.15 50 4.2
      vertex 58.1348 49.6912 1
      vertex 58.1348 49.6912 4.2
    endloop
  endfacet
  facet normal 0.242916 -0.970047 0
    outer loop
      vertex 54.0856 53.0144 1
      vertex 54.3855 53.0895 4.2
      vertex 54.0856 53.0144 4.2
    endloop
  endfacet
  facet normal 0.242916 -0.970047 0
    outer loop
      vertex 54.3855 53.0895 4.2
      vertex 54.0856 53.0144 1
      vertex 54.3855 53.0895 1
    endloop
  endfacet
  facet normal -0.427433 -0.904047 0
    outer loop
      vertex 56.2055 52.9102 1
      vertex 56.4849 52.7781 4.2
      vertex 56.2055 52.9102 4.2
    endloop
  endfacet
  facet normal -0.427433 -0.904047 -0
    outer loop
      vertex 56.4849 52.7781 4.2
      vertex 56.2055 52.9102 1
      vertex 56.4849 52.7781 1
    endloop
  endfacet
  facet normal 0.803288 -0.595591 0
    outer loop
      vertex 52.3809 51.75 4.2
      vertex 52.565 51.9983 1
      vertex 52.565 51.9983 4.2
    endloop
  endfacet
  facet normal 0.803288 -0.595591 0
    outer loop
      vertex 52.565 51.9983 1
      vertex 52.3809 51.75 4.2
      vertex 52.3809 51.75 1
    endloop
  endfacet
  facet normal 0.904047 0.427433 0
    outer loop
      vertex 52.2219 48.5151 4.2
      vertex 52.0898 48.7945 1
      vertex 52.0898 48.7945 4.2
    endloop
  endfacet
  facet normal 0.904047 0.427433 0
    outer loop
      vertex 52.0898 48.7945 1
      vertex 52.2219 48.5151 4.2
      vertex 52.2219 48.5151 1
    endloop
  endfacet
  facet normal 0.427433 -0.904047 0
    outer loop
      vertex 53.5151 52.7781 1
      vertex 53.7945 52.9102 4.2
      vertex 53.5151 52.7781 4.2
    endloop
  endfacet
  facet normal 0.427433 -0.904047 0
    outer loop
      vertex 53.7945 52.9102 4.2
      vertex 53.5151 52.7781 1
      vertex 53.7945 52.9102 1
    endloop
  endfacet
  facet normal -0.671481 0.741022 0
    outer loop
      vertex 57.2274 47.7726 1
      vertex 56.9983 47.565 4.2
      vertex 57.2274 47.7726 4.2
    endloop
  endfacet
  facet normal -0.671481 0.741022 0
    outer loop
      vertex 56.9983 47.565 4.2
      vertex 57.2274 47.7726 1
      vertex 56.9983 47.565 1
    endloop
  endfacet
  facet normal 0.671481 0.741022 -0
    outer loop
      vertex 53.0017 47.565 1
      vertex 52.7726 47.7726 4.2
      vertex 53.0017 47.565 4.2
    endloop
  endfacet
  facet normal 0.671481 0.741022 0
    outer loop
      vertex 52.7726 47.7726 4.2
      vertex 53.0017 47.565 1
      vertex 52.7726 47.7726 1
    endloop
  endfacet
  facet normal -0.427433 0.904047 0
    outer loop
      vertex 56.4849 47.2219 1
      vertex 56.2055 47.0898 4.2
      vertex 56.4849 47.2219 4.2
    endloop
  endfacet
  facet normal -0.427433 0.904047 0
    outer loop
      vertex 56.2055 47.0898 4.2
      vertex 56.4849 47.2219 1
      vertex 56.2055 47.0898 1
    endloop
  endfacet
  facet normal 0.0491633 0.998791 -0
    outer loop
      vertex 55 46.85 1
      vertex 54.6912 46.8652 4.2
      vertex 55 46.85 4.2
    endloop
  endfacet
  facet normal 0.0491633 0.998791 0
    outer loop
      vertex 54.6912 46.8652 4.2
      vertex 55 46.85 1
      vertex 54.6912 46.8652 1
    endloop
  endfacet
  facet normal -0.337012 0.9415 0
    outer loop
      vertex 56.2055 47.0898 1
      vertex 55.9144 46.9856 4.2
      vertex 56.2055 47.0898 4.2
    endloop
  endfacet
  facet normal -0.337012 0.9415 0
    outer loop
      vertex 55.9144 46.9856 4.2
      vertex 56.2055 47.0898 1
      vertex 55.9144 46.9856 1
    endloop
  endfacet
  facet normal -0.0491633 -0.998791 0
    outer loop
      vertex 55 53.15 1
      vertex 55.3088 53.1348 4.2
      vertex 55 53.15 4.2
    endloop
  endfacet
  facet normal -0.0491633 -0.998791 -0
    outer loop
      vertex 55.3088 53.1348 4.2
      vertex 55 53.15 1
      vertex 55.3088 53.1348 1
    endloop
  endfacet
  facet normal 0.989198 0.146584 0
    outer loop
      vertex 51.9105 49.3855 4.2
      vertex 51.8652 49.6912 1
      vertex 51.8652 49.6912 4.2
    endloop
  endfacet
  facet normal 0.989198 0.146584 0
    outer loop
      vertex 51.8652 49.6912 1
      vertex 51.9105 49.3855 4.2
      vertex 51.9105 49.3855 1
    endloop
  endfacet
  facet normal 0.970047 -0.242916 0
    outer loop
      vertex 51.9105 50.6145 4.2
      vertex 51.9856 50.9144 1
      vertex 51.9856 50.9144 4.2
    endloop
  endfacet
  facet normal 0.970047 -0.242916 0
    outer loop
      vertex 51.9856 50.9144 1
      vertex 51.9105 50.6145 4.2
      vertex 51.9105 50.6145 1
    endloop
  endfacet
  facet normal 0.0491633 -0.998791 0
    outer loop
      vertex 54.6912 53.1348 1
      vertex 55 53.15 4.2
      vertex 54.6912 53.1348 4.2
    endloop
  endfacet
  facet normal 0.0491633 -0.998791 0
    outer loop
      vertex 55 53.15 4.2
      vertex 54.6912 53.1348 1
      vertex 55 53.15 1
    endloop
  endfacet
  facet normal -0.242916 0.970047 0
    outer loop
      vertex 55.9144 46.9856 1
      vertex 55.6145 46.9105 4.2
      vertex 55.9144 46.9856 4.2
    endloop
  endfacet
  facet normal -0.242916 0.970047 0
    outer loop
      vertex 55.6145 46.9105 4.2
      vertex 55.9144 46.9856 1
      vertex 55.6145 46.9105 1
    endloop
  endfacet
  facet normal -0.857579 0.514353 0
    outer loop
      vertex 57.6191 48.25 1
      vertex 57.7781 48.5151 4.2
      vertex 57.7781 48.5151 1
    endloop
  endfacet
  facet normal -0.857579 0.514353 0
    outer loop
      vertex 57.7781 48.5151 4.2
      vertex 57.6191 48.25 1
      vertex 57.6191 48.25 4.2
    endloop
  endfacet
  facet normal 0.514353 -0.857579 0
    outer loop
      vertex 53.25 52.6191 1
      vertex 53.5151 52.7781 4.2
      vertex 53.25 52.6191 4.2
    endloop
  endfacet
  facet normal 0.514353 -0.857579 0
    outer loop
      vertex 53.5151 52.7781 4.2
      vertex 53.25 52.6191 1
      vertex 53.5151 52.7781 1
    endloop
  endfacet
  facet normal 0.9415 -0.337012 0
    outer loop
      vertex 51.9856 50.9144 4.2
      vertex 52.0898 51.2055 1
      vertex 52.0898 51.2055 4.2
    endloop
  endfacet
  facet normal 0.9415 -0.337012 0
    outer loop
      vertex 52.0898 51.2055 1
      vertex 51.9856 50.9144 4.2
      vertex 51.9856 50.9144 1
    endloop
  endfacet
  facet normal -0.0491633 0.998791 0
    outer loop
      vertex 55.3088 46.8652 1
      vertex 55 46.85 4.2
      vertex 55.3088 46.8652 4.2
    endloop
  endfacet
  facet normal -0.0491633 0.998791 0
    outer loop
      vertex 55 46.85 4.2
      vertex 55.3088 46.8652 1
      vertex 55 46.85 1
    endloop
  endfacet
  facet normal -0.337012 -0.9415 0
    outer loop
      vertex 55.9144 53.0144 1
      vertex 56.2055 52.9102 4.2
      vertex 55.9144 53.0144 4.2
    endloop
  endfacet
  facet normal -0.337012 -0.9415 -0
    outer loop
      vertex 56.2055 52.9102 4.2
      vertex 55.9144 53.0144 1
      vertex 56.2055 52.9102 1
    endloop
  endfacet
  facet normal -0.595591 0.803288 0
    outer loop
      vertex 56.9983 47.565 1
      vertex 56.75 47.3809 4.2
      vertex 56.9983 47.565 4.2
    endloop
  endfacet
  facet normal -0.595591 0.803288 0
    outer loop
      vertex 56.75 47.3809 4.2
      vertex 56.9983 47.565 1
      vertex 56.75 47.3809 1
    endloop
  endfacet
  facet normal -0.514353 0.857579 0
    outer loop
      vertex 56.75 47.3809 1
      vertex 56.4849 47.2219 4.2
      vertex 56.75 47.3809 4.2
    endloop
  endfacet
  facet normal -0.514353 0.857579 0
    outer loop
      vertex 56.4849 47.2219 4.2
      vertex 56.75 47.3809 1
      vertex 56.4849 47.2219 1
    endloop
  endfacet
  facet normal -0.970047 0.242916 0
    outer loop
      vertex 58.0144 49.0856 1
      vertex 58.0895 49.3855 4.2
      vertex 58.0895 49.3855 1
    endloop
  endfacet
  facet normal -0.970047 0.242916 0
    outer loop
      vertex 58.0895 49.3855 4.2
      vertex 58.0144 49.0856 1
      vertex 58.0144 49.0856 4.2
    endloop
  endfacet
  facet normal 0.337012 -0.9415 0
    outer loop
      vertex 53.7945 52.9102 1
      vertex 54.0856 53.0144 4.2
      vertex 53.7945 52.9102 4.2
    endloop
  endfacet
  facet normal 0.337012 -0.9415 0
    outer loop
      vertex 54.0856 53.0144 4.2
      vertex 53.7945 52.9102 1
      vertex 54.0856 53.0144 1
    endloop
  endfacet
  facet normal -0.904047 -0.427433 0
    outer loop
      vertex 57.9102 51.2055 1
      vertex 57.7781 51.4849 4.2
      vertex 57.7781 51.4849 1
    endloop
  endfacet
  facet normal -0.904047 -0.427433 0
    outer loop
      vertex 57.7781 51.4849 4.2
      vertex 57.9102 51.2055 1
      vertex 57.9102 51.2055 4.2
    endloop
  endfacet
  facet normal 0.970047 0.242916 0
    outer loop
      vertex 51.9856 49.0856 4.2
      vertex 51.9105 49.3855 1
      vertex 51.9105 49.3855 4.2
    endloop
  endfacet
  facet normal 0.970047 0.242916 0
    outer loop
      vertex 51.9105 49.3855 1
      vertex 51.9856 49.0856 4.2
      vertex 51.9856 49.0856 1
    endloop
  endfacet
  facet normal 0.9415 0.337012 0
    outer loop
      vertex 52.0898 48.7945 4.2
      vertex 51.9856 49.0856 1
      vertex 51.9856 49.0856 4.2
    endloop
  endfacet
  facet normal 0.9415 0.337012 0
    outer loop
      vertex 51.9856 49.0856 1
      vertex 52.0898 48.7945 4.2
      vertex 52.0898 48.7945 1
    endloop
  endfacet
  facet normal 0 0 1
    outer loop
      vertex 58.1348 50.3088 1
      vertex 58.1348 49.6912 1
      vertex 58.15 50 1
    endloop
  endfacet
  facet normal 0 0 1
    outer loop
      vertex 58.0895 50.6145 1
      vertex 58.1348 49.6912 1
      vertex 58.1348 50.3088 1
    endloop
  endfacet
  facet normal 0 0 1
    outer loop
      vertex 58.0895 50.6145 1
      vertex 58.0895 49.3855 1
      vertex 58.1348 49.6912 1
    endloop
  endfacet
  facet normal 0 0 1
    outer loop
      vertex 58.0144 50.9144 1
      vertex 58.0895 49.3855 1
      vertex 58.0895 50.6145 1
    endloop
  endfacet
  facet normal 0 0 1
    outer loop
      vertex 58.0144 50.9144 1
      vertex 58.0144 49.0856 1
      vertex 58.0895 49.3855 1
    endloop
  endfacet
  facet normal 0 0 1
    outer loop
      vertex 57.9102 51.2055 1
      vertex 58.0144 49.0856 1
      vertex 58.0144 50.9144 1
    endloop
  endfacet
  facet normal 0 0 1
    outer loop
      vertex 57.9102 51.2055 1
      vertex 57.9102 48.7945 1
      vertex 58.0144 49.0856 1
    endloop
  endfacet
  facet normal 0 0 1
    outer loop
      vertex 57.7781 51.4849 1
      vertex 57.9102 48.7945 1
      vertex 57.9102 51.2055 1
    endloop
  endfacet
  facet normal 0 0 1
    outer loop
      vertex 57.7781 51.4849 1
      vertex 57.7781 48.5151 1
      vertex 57.9102 48.7945 1
    endloop
  endfacet
  facet normal 0 0 1
    outer loop
      vertex 57.6191 51.75 1
      vertex 57.7781 48.5151 1
      vertex 57.7781 51.4849 1
    endloop
  endfacet
  facet normal 0 0 1
    outer loop
      vertex 57.6191 51.75 1
      vertex 57.6191 48.25 1
      vertex 57.7781 48.5151 1
    endloop
  endfacet
  facet normal 0 0 1
    outer loop
      vertex 57.435 51.9983 1
      vertex 57.6191 48.25 1
      vertex 57.6191 51.75 1
    endloop
  endfacet
  facet normal 0 0 1
    outer loop
      vertex 57.435 51.9983 1
      vertex 57.435 48.0017 1
      vertex 57.6191 48.25 1
    endloop
  endfacet
  facet normal 0 0 1
    outer loop
      vertex 57.2274 52.2274 1
      vertex 57.435 48.0017 1
      vertex 57.435 51.9983 1
    endloop
  endfacet
  facet normal 0 0 1
    outer loop
      vertex 57.2274 52.2274 1
      vertex 57.2274 47.7726 1
      vertex 57.435 48.0017 1
    endloop
  endfacet
  facet normal 0 0 1
    outer loop
      vertex 56.9983 52.435 1
      vertex 57.2274 47.7726 1
      vertex 57.2274 52.2274 1
    endloop
  endfacet
  facet normal 0 0 1
    outer loop
      vertex 56.9983 52.435 1
      vertex 56.9983 47.565 1
      vertex 57.2274 47.7726 1
    endloop
  endfacet
  facet normal 0 0 1
    outer loop
      vertex 56.75 52.6191 1
      vertex 56.9983 47.565 1
      vertex 56.9983 52.435 1
    endloop
  endfacet
  facet normal 0 0 1
    outer loop
      vertex 56.75 52.6191 1
      vertex 56.75 47.3809 1
      vertex 56.9983 47.565 1
    endloop
  endfacet
  facet normal 0 0 1
    outer loop
      vertex 56.4849 52.7781 1
      vertex 56.75 47.3809 1
      vertex 56.75 52.6191 1
    endloop
  endfacet
  facet normal 0 0 1
    outer loop
      vertex 56.4849 52.7781 1
      vertex 56.4849 47.2219 1
      vertex 56.75 47.3809 1
    endloop
  endfacet
  facet normal 0 0 1
    outer loop
      vertex 56.2055 52.9102 1
      vertex 56.4849 47.2219 1
      vertex 56.4849 52.7781 1
    endloop
  endfacet
  facet normal 0 0 1
    outer loop
      vertex 56.2055 52.9102 1
      vertex 56.2055 47.0898 1
      vertex 56.4849 47.2219 1
    endloop
  endfacet
  facet normal 0 0 1
    outer loop
      vertex 55.9144 53.0144 1
      vertex 56.2055 47.0898 1
      vertex 56.2055 52.9102 1
    endloop
  endfacet
  facet normal 0 0 1
    outer loop
      vertex 55.9144 53.0144 1
      vertex 55.9144 46.9856 1
      vertex 56.2055 47.0898 1
    endloop
  endfacet
  facet normal 0 0 1
    outer loop
      vertex 55.6145 53.0895 1
      vertex 55.9144 46.9856 1
      vertex 55.9144 53.0144 1
    endloop
  endfacet
  facet normal 0 0 1
    outer loop
      vertex 55.6145 53.0895 1
      vertex 55.6145 46.9105 1
      vertex 55.9144 46.9856 1
    endloop
  endfacet
  facet normal 0 0 1
    outer loop
      vertex 55.3088 53.1348 1
      vertex 55.6145 46.9105 1
      vertex 55.6145 53.0895 1
    endloop
  endfacet
  facet normal 0 0 1
    outer loop
      vertex 55.3088 53.1348 1
      vertex 55.3088 46.8652 1
      vertex 55.6145 46.9105 1
    endloop
  endfacet
  facet normal 0 0 1
    outer loop
      vertex 55 53.15 1
      vertex 55.3088 46.8652 1
      vertex 55.3088 53.1348 1
    endloop
  endfacet
  facet normal 0 0 1
    outer loop
      vertex 55 53.15 1
      vertex 55 46.85 1
      vertex 55.3088 46.8652 1
    endloop
  endfacet
  facet normal -0 0 1
    outer loop
      vertex 54.6912 53.1348 1
      vertex 55 46.85 1
      vertex 55 53.15 1
    endloop
  endfacet
  facet normal 0 0 1
    outer loop
      vertex 54.6912 53.1348 1
      vertex 54.6912 46.8652 1
      vertex 55 46.85 1
    endloop
  endfacet
  facet normal -0 0 1
    outer loop
      vertex 54.3855 53.0895 1
      vertex 54.6912 46.8652 1
      vertex 54.6912 53.1348 1
    endloop
  endfacet
  facet normal 0 0 1
    outer loop
      vertex 54.3855 53.0895 1
      vertex 54.3855 46.9105 1
      vertex 54.6912 46.8652 1
    endloop
  endfacet
  facet normal -0 0 1
    outer loop
      vertex 54.0856 53.0144 1
      vertex 54.3855 46.9105 1
      vertex 54.3855 53.0895 1
    endloop
  endfacet
  facet normal 0 0 1
    outer loop
      vertex 54.0856 53.0144 1
      vertex 54.0856 46.9856 1
      vertex 54.3855 46.9105 1
    endloop
  endfacet
  facet normal -0 0 1
    outer loop
      vertex 53.7945 52.9102 1
      vertex 54.0856 46.9856 1
      vertex 54.0856 53.0144 1
    endloop
  endfacet
  facet normal 0 0 1
    outer loop
      vertex 53.7945 52.9102 1
      vertex 53.7945 47.0898 1
      vertex 54.0856 46.9856 1
    endloop
  endfacet
  facet normal -0 0 1
    outer loop
      vertex 53.5151 52.7781 1
      vertex 53.7945 47.0898 1
      vertex 53.7945 52.9102 1
    endloop
  endfacet
  facet normal 0 0 1
    outer loop
      vertex 53.5151 52.7781 1
      vertex 53.5151 47.2219 1
      vertex 53.7945 47.0898 1
    endloop
  endfacet
  facet normal -0 0 1
    outer loop
      vertex 53.25 52.6191 1
      vertex 53.5151 47.2219 1
      vertex 53.5151 52.7781 1
    endloop
  endfacet
  facet normal 0 0 1
    outer loop
      vertex 53.25 52.6191 1
      vertex 53.25 47.3809 1
      vertex 53.5151 47.2219 1
    endloop
  endfacet
  facet normal -0 0 1
    outer loop
      vertex 53.0017 52.435 1
      vertex 53.25 47.3809 1
      vertex 53.25 52.6191 1
    endloop
  endfacet
  facet normal 0 0 1
    outer loop
      vertex 53.0017 52.435 1
      vertex 53.0017 47.565 1
      vertex 53.25 47.3809 1
    endloop
  endfacet
  facet normal -0 0 1
    outer loop
      vertex 52.7726 52.2274 1
      vertex 53.0017 47.565 1
      vertex 53.0017 52.435 1
    endloop
  endfacet
  facet normal 0 0 1
    outer loop
      vertex 52.7726 52.2274 1
      vertex 52.7726 47.7726 1
      vertex 53.0017 47.565 1
    endloop
  endfacet
  facet normal -0 0 1
    outer loop
      vertex 52.565 51.9983 1
      vertex 52.7726 47.7726 1
      vertex 52.7726 52.2274 1
    endloop
  endfacet
  facet normal 0 0 1
    outer loop
      vertex 52.565 51.9983 1
      vertex 52.565 48.0017 1
      vertex 52.7726 47.7726 1
    endloop
  endfacet
  facet normal -0 0 1
    outer loop
      vertex 52.3809 51.75 1
      vertex 52.565 48.0017 1
      vertex 52.565 51.9983 1
    endloop
  endfacet
  facet normal 0 0 1
    outer loop
      vertex 52.3809 51.75 1
      vertex 52.3809 48.25 1
      vertex 52.565 48.0017 1
    endloop
  endfacet
  facet normal -0 0 1
    outer loop
      vertex 52.2219 51.4849 1
      vertex 52.3809 48.25 1
      vertex 52.3809 51.75 1
    endloop
  endfacet
  facet normal 0 0 1
    outer loop
      vertex 52.2219 51.4849 1
      vertex 52.2219 48.5151 1
      vertex 52.3809 48.25 1
    endloop
  endfacet
  facet normal -0 0 1
    outer loop
      vertex 52.0898 51.2055 1
      vertex 52.2219 48.5151 1
      vertex 52.2219 51.4849 1
    endloop
  endfacet
  facet normal 0 0 1
    outer loop
      vertex 52.0898 51.2055 1
      vertex 52.0898 48.7945 1
      vertex 52.2219 48.5151 1
    endloop
  endfacet
  facet normal -0 0 1
    outer loop
      vertex 51.9856 50.9144 1
      vertex 52.0898 48.7945 1
      vertex 52.0898 51.2055 1
    endloop
  endfacet
  facet normal 0 0 1
    outer loop
      vertex 51.9856 50.9144 1
      vertex 51.9856 49.0856 1
      vertex 52.0898 48.7945 1
    endloop
  endfacet
  facet normal -0 0 1
    outer loop
      vertex 51.9105 50.6145 1
      vertex 51.9856 49.0856 1
      vertex 51.9856 50.9144 1
    endloop
  endfacet
  facet normal 0 0 1
    outer loop
      vertex 51.9105 50.6145 1
      vertex 51.9105 49.3855 1
      vertex 51.9856 49.0856 1
    endloop
  endfacet
  facet normal -0 0 1
    outer loop
      vertex 51.8652 50.3088 1
      vertex 51.9105 49.3855 1
      vertex 51.9105 50.6145 1
    endloop
  endfacet
  facet normal 0 0 1
    outer loop
      vertex 51.8652 50.3088 1
      vertex 51.8652 49.6912 1
      vertex 51.9105 49.3855 1
    endloop
  endfacet
  facet normal 0 -0 1
    outer loop
      vertex 51.8652 49.6912 1
      vertex 51.8652 50.3088 1
      vertex 51.85 50 1
    endloop
  endfacet
  facet normal -0.803288 0.595591 0
    outer loop
      vertex 57.435 48.0017 1
      vertex 57.6191 48.25 4.2
      vertex 57.6191 48.25 1
    endloop
  endfacet
  facet normal -0.803288 0.595591 0
    outer loop
      vertex 57.6191 48.25 4.2
      vertex 57.435 48.0017 1
      vertex 57.435 48.0017 4.2
    endloop
  endfacet
  facet normal -0.9415 -0.337012 0
    outer loop
      vertex 58.0144 50.9144 1
      vertex 57.9102 51.2055 4.2
      vertex 57.9102 51.2055 1
    endloop
  endfacet
  facet normal -0.9415 -0.337012 0
    outer loop
      vertex 57.9102 51.2055 4.2
      vertex 58.0144 50.9144 1
      vertex 58.0144 50.9144 4.2
    endloop
  endfacet
  facet normal -0.514353 -0.857579 0
    outer loop
      vertex 56.4849 52.7781 1
      vertex 56.75 52.6191 4.2
      vertex 56.4849 52.7781 4.2
    endloop
  endfacet
  facet normal -0.514353 -0.857579 -0
    outer loop
      vertex 56.75 52.6191 4.2
      vertex 56.4849 52.7781 1
      vertex 56.75 52.6191 1
    endloop
  endfacet
  facet normal 0.242916 0.970047 -0
    outer loop
      vertex 54.3855 46.9105 1
      vertex 54.0856 46.9856 4.2
      vertex 54.3855 46.9105 4.2
    endloop
  endfacet
  facet normal 0.242916 0.970047 0
    outer loop
      vertex 54.0856 46.9856 4.2
      vertex 54.3855 46.9105 1
      vertex 54.0856 46.9856 1
    endloop
  endfacet
  facet normal 0.595591 -0.803288 0
    outer loop
      vertex 53.0017 52.435 1
      vertex 53.25 52.6191 4.2
      vertex 53.0017 52.435 4.2
    endloop
  endfacet
  facet normal 0.595591 -0.803288 0
    outer loop
      vertex 53.25 52.6191 4.2
      vertex 53.0017 52.435 1
      vertex 53.25 52.6191 1
    endloop
  endfacet
  facet normal 0.741022 0.671481 0
    outer loop
      vertex 52.7726 47.7726 4.2
      vertex 52.565 48.0017 1
      vertex 52.565 48.0017 4.2
    endloop
  endfacet
  facet normal 0.741022 0.671481 0
    outer loop
      vertex 52.565 48.0017 1
      vertex 52.7726 47.7726 4.2
      vertex 52.7726 47.7726 1
    endloop
  endfacet
  facet normal -0.857579 -0.514353 0
    outer loop
      vertex 57.7781 51.4849 1
      vertex 57.6191 51.75 4.2
      vertex 57.6191 51.75 1
    endloop
  endfacet
  facet normal -0.857579 -0.514353 0
    outer loop
      vertex 57.6191 51.75 4.2
      vertex 57.7781 51.4849 1
      vertex 57.7781 51.4849 4.2
    endloop
  endfacet
  facet normal -0.989198 0.146584 0
    outer loop
      vertex 58.0895 49.3855 1
      vertex 58.1348 49.6912 4.2
      vertex 58.1348 49.6912 1
    endloop
  endfacet
  facet normal -0.989198 0.146584 0
    outer loop
      vertex 58.1348 49.6912 4.2
      vertex 58.0895 49.3855 1
      vertex 58.0895 49.3855 4.2
    endloop
  endfacet
  facet normal 0.146584 0.989198 -0
    outer loop
      vertex 54.6912 46.8652 1
      vertex 54.3855 46.9105 4.2
      vertex 54.6912 46.8652 4.2
    endloop
  endfacet
  facet normal 0.146584 0.989198 0
    outer loop
      vertex 54.3855 46.9105 4.2
      vertex 54.6912 46.8652 1
      vertex 54.3855 46.9105 1
    endloop
  endfacet
  facet normal 0.337012 0.9415 -0
    outer loop
      vertex 54.0856 46.9856 1
      vertex 53.7945 47.0898 4.2
      vertex 54.0856 46.9856 4.2
    endloop
  endfacet
  facet normal 0.337012 0.9415 0
    outer loop
      vertex 53.7945 47.0898 4.2
      vertex 54.0856 46.9856 1
      vertex 53.7945 47.0898 1
    endloop
  endfacet
  facet normal 0.671481 -0.741022 0
    outer loop
      vertex 52.7726 52.2274 1
      vertex 53.0017 52.435 4.2
      vertex 52.7726 52.2274 4.2
    endloop
  endfacet
  facet normal 0.671481 -0.741022 0
    outer loop
      vertex 53.0017 52.435 4.2
      vertex 52.7726 52.2274 1
      vertex 53.0017 52.435 1
    endloop
  endfacet
  facet normal -0.741022 -0.671481 0
    outer loop
      vertex 57.435 51.9983 1
      vertex 57.2274 52.2274 4.2
      vertex 57.2274 52.2274 1
    endloop
  endfacet
  facet normal -0.741022 -0.671481 0
    outer loop
      vertex 57.2274 52.2274 4.2
      vertex 57.435 51.9983 1
      vertex 57.435 51.9983 4.2
    endloop
  endfacet
  facet normal -0.146584 -0.989198 0
    outer loop
      vertex 55.3088 53.1348 1
      vertex 55.6145 53.0895 4.2
      vertex 55.3088 53.1348 4.2
    endloop
  endfacet
  facet normal -0.146584 -0.989198 -0
    outer loop
      vertex 55.6145 53.0895 4.2
      vertex 55.3088 53.1348 1
      vertex 55.6145 53.0895 1
    endloop
  endfacet
  facet normal 0.741022 -0.671481 0
    outer loop
      vertex 52.565 51.9983 4.2
      vertex 52.7726 52.2274 1
      vertex 52.7726 52.2274 4.2
    endloop
  endfacet
  facet normal 0.741022 -0.671481 0
    outer loop
      vertex 52.7726 52.2274 1
      vertex 52.565 51.9983 4.2
      vertex 52.565 51.9983 1
    endloop
  endfacet
  facet normal -0.146584 0.989198 0
    outer loop
      vertex 55.6145 46.9105 1
      vertex 55.3088 46.8652 4.2
      vertex 55.6145 46.9105 4.2
    endloop
  endfacet
  facet normal -0.146584 0.989198 0
    outer loop
      vertex 55.3088 46.8652 4.2
      vertex 55.6145 46.9105 1
      vertex 55.3088 46.8652 1
    endloop
  endfacet
  facet normal 0.595591 0.803288 -0
    outer loop
      vertex 53.25 47.3809 1
      vertex 53.0017 47.565 4.2
      vertex 53.25 47.3809 4.2
    endloop
  endfacet
  facet normal 0.595591 0.803288 0
    outer loop
      vertex 53.0017 47.565 4.2
      vertex 53.25 47.3809 1
      vertex 53.0017 47.565 1
    endloop
  endfacet
  facet normal 0.514353 0.857579 -0
    outer loop
      vertex 53.5151 47.2219 1
      vertex 53.25 47.3809 4.2
      vertex 53.5151 47.2219 4.2
    endloop
  endfacet
  facet normal 0.514353 0.857579 0
    outer loop
      vertex 53.25 47.3809 4.2
      vertex 53.5151 47.2219 1
      vertex 53.25 47.3809 1
    endloop
  endfacet
  facet normal 0 0 -1
    outer loop
      vertex 58.1348 49.6912 4.2
      vertex 58.1348 50.3088 4.2
      vertex 58.15 50 4.2
    endloop
  endfacet
  facet normal 0 0 -1
    outer loop
      vertex 58.0895 49.3855 4.2
      vertex 58.1348 50.3088 4.2
      vertex 58.1348 49.6912 4.2
    endloop
  endfacet
  facet normal 0 0 -1
    outer loop
      vertex 58.0895 49.3855 4.2
      vertex 58.0895 50.6145 4.2
      vertex 58.1348 50.3088 4.2
    endloop
  endfacet
  facet normal 0 0 -1
    outer loop
      vertex 58.0144 49.0856 4.2
      vertex 58.0895 50.6145 4.2
      vertex 58.0895 49.3855 4.2
    endloop
  endfacet
  facet normal 0 0 -1
    outer loop
      vertex 58.0144 49.0856 4.2
      vertex 58.0144 50.9144 4.2
      vertex 58.0895 50.6145 4.2
    endloop
  endfacet
  facet normal 0 0 -1
    outer loop
      vertex 57.9102 48.7945 4.2
      vertex 58.0144 50.9144 4.2
      vertex 58.0144 49.0856 4.2
    endloop
  endfacet
  facet normal 0 0 -1
    outer loop
      vertex 57.9102 48.7945 4.2
      vertex 57.9102 51.2055 4.2
      vertex 58.0144 50.9144 4.2
    endloop
  endfacet
  facet normal 0 0 -1
    outer loop
      vertex 57.7781 48.5151 4.2
      vertex 57.9102 51.2055 4.2
      vertex 57.9102 48.7945 4.2
    endloop
  endfacet
  facet normal 0 0 -1
    outer loop
      vertex 57.7781 48.5151 4.2
      vertex 57.7781 51.4849 4.2
      vertex 57.9102 51.2055 4.2
    endloop
  endfacet
  facet normal 0 0 -1
    outer loop
      vertex 57.6191 48.25 4.2
      vertex 57.7781 51.4849 4.2
      vertex 57.7781 48.5151 4.2
    endloop
  endfacet
  facet normal 0 0 -1
    outer loop
      vertex 57.6191 48.25 4.2
      vertex 57.6191 51.75 4.2
      vertex 57.7781 51.4849 4.2
    endloop
  endfacet
  facet normal 0 0 -1
    outer loop
      vertex 57.435 48.0017 4.2
      vertex 57.6191 51.75 4.2
      vertex 57.6191 48.25 4.2
    endloop
  endfacet
  facet normal 0 0 -1
    outer loop
      vertex 57.435 48.0017 4.2
      vertex 57.435 51.9983 4.2
      vertex 57.6191 51.75 4.2
    endloop
  endfacet
  facet normal 0 0 -1
    outer loop
      vertex 57.2274 47.7726 4.2
      vertex 57.435 51.9983 4.2
      vertex 57.435 48.0017 4.2
    endloop
  endfacet
  facet normal 0 0 -1
    outer loop
      vertex 57.2274 47.7726 4.2
      vertex 57.2274 52.2274 4.2
      vertex 57.435 51.9983 4.2
    endloop
  endfacet
  facet normal 0 0 -1
    outer loop
      vertex 56.9983 47.565 4.2
      vertex 57.2274 52.2274 4.2
      vertex 57.2274 47.7726 4.2
    endloop
  endfacet
  facet normal 0 0 -1
    outer loop
      vertex 56.9983 47.565 4.2
      vertex 56.9983 52.435 4.2
      vertex 57.2274 52.2274 4.2
    endloop
  endfacet
  facet normal 0 0 -1
    outer loop
      vertex 56.75 47.3809 4.2
      vertex 56.9983 52.435 4.2
      vertex 56.9983 47.565 4.2
    endloop
  endfacet
  facet normal 0 0 -1
    outer loop
      vertex 56.75 47.3809 4.2
      vertex 56.75 52.6191 4.2
      vertex 56.9983 52.435 4.2
    endloop
  endfacet
  facet normal 0 0 -1
    outer loop
      vertex 56.4849 47.2219 4.2
      vertex 56.75 52.6191 4.2
      vertex 56.75 47.3809 4.2
    endloop
  endfacet
  facet normal 0 0 -1
    outer loop
      vertex 56.4849 47.2219 4.2
      vertex 56.4849 52.7781 4.2
      vertex 56.75 52.6191 4.2
    endloop
  endfacet
  facet normal 0 0 -1
    outer loop
      vertex 56.2055 47.0898 4.2
      vertex 56.4849 52.7781 4.2
      vertex 56.4849 47.2219 4.2
    endloop
  endfacet
  facet normal 0 0 -1
    outer loop
      vertex 56.2055 47.0898 4.2
      vertex 56.2055 52.9102 4.2
      vertex 56.4849 52.7781 4.2
    endloop
  endfacet
  facet normal 0 0 -1
    outer loop
      vertex 55.9144 46.9856 4.2
      vertex 56.2055 52.9102 4.2
      vertex 56.2055 47.0898 4.2
    endloop
  endfacet
  facet normal 0 0 -1
    outer loop
      vertex 55.9144 46.9856 4.2
      vertex 55.9144 53.0144 4.2
      vertex 56.2055 52.9102 4.2
    endloop
  endfacet
  facet normal 0 0 -1
    outer loop
      vertex 55.6145 46.9105 4.2
      vertex 55.9144 53.0144 4.2
      vertex 55.9144 46.9856 4.2
    endloop
  endfacet
  facet normal 0 0 -1
    outer loop
      vertex 55.6145 46.9105 4.2
      vertex 55.6145 53.0895 4.2
      vertex 55.9144 53.0144 4.2
    endloop
  endfacet
  facet normal 0 0 -1
    outer loop
      vertex 55.3088 46.8652 4.2
      vertex 55.6145 53.0895 4.2
      vertex 55.6145 46.9105 4.2
    endloop
  endfacet
  facet normal 0 0 -1
    outer loop
      vertex 55.3088 46.8652 4.2
      vertex 55.3088 53.1348 4.2
      vertex 55.6145 53.0895 4.2
    endloop
  endfacet
  facet normal 0 0 -1
    outer loop
      vertex 55 46.85 4.2
      vertex 55.3088 53.1348 4.2
      vertex 55.3088 46.8652 4.2
    endloop
  endfacet
  facet normal 0 0 -1
    outer loop
      vertex 55 46.85 4.2
      vertex 55 53.15 4.2
      vertex 55.3088 53.1348 4.2
    endloop
  endfacet
  facet normal 0 0 -1
    outer loop
      vertex 54.6912 46.8652 4.2
      vertex 55 53.15 4.2
      vertex 55 46.85 4.2
    endloop
  endfacet
  facet normal 0 0 -1
    outer loop
      vertex 54.6912 46.8652 4.2
      vertex 54.6912 53.1348 4.2
      vertex 55 53.15 4.2
    endloop
  endfacet
  facet normal 0 0 -1
    outer loop
      vertex 54.3855 46.9105 4.2
      vertex 54.6912 53.1348 4.2
      vertex 54.6912 46.8652 4.2
    endloop
  endfacet
  facet normal 0 0 -1
    outer loop
      vertex 54.3855 46.9105 4.2
      vertex 54.3855 53.0895 4.2
      vertex 54.6912 53.1348 4.2
    endloop
  endfacet
  facet normal 0 0 -1
    outer loop
      vertex 54.0856 46.9856 4.2
      vertex 54.3855 53.0895 4.2
      vertex 54.3855 46.9105 4.2
    endloop
  endfacet
  facet normal 0 0 -1
    outer loop
      vertex 54.0856 46.9856 4.2
      vertex 54.0856 53.0144 4.2
      vertex 54.3855 53.0895 4.2
    endloop
  endfacet
  facet normal 0 0 -1
    outer loop
      vertex 53.7945 47.0898 4.2
      vertex 54.0856 53.0144 4.2
      vertex 54.0856 46.9856 4.2
    endloop
  endfacet
  facet normal 0 0 -1
    outer loop
      vertex 53.7945 47.0898 4.2
      vertex 53.7945 52.9102 4.2
      vertex 54.0856 53.0144 4.2
    endloop
  endfacet
  facet normal 0 0 -1
    outer loop
      vertex 53.5151 47.2219 4.2
      vertex 53.7945 52.9102 4.2
      vertex 53.7945 47.0898 4.2
    endloop
  endfacet
  facet normal 0 0 -1
    outer loop
      vertex 53.5151 47.2219 4.2
      vertex 53.5151 52.7781 4.2
      vertex 53.7945 52.9102 4.2
    endloop
  endfacet
  facet normal 0 0 -1
    outer loop
      vertex 53.25 47.3809 4.2
      vertex 53.5151 52.7781 4.2
      vertex 53.5151 47.2219 4.2
    endloop
  endfacet
  facet normal 0 0 -1
    outer loop
      vertex 53.25 47.3809 4.2
      vertex 53.25 52.6191 4.2
      vertex 53.5151 52.7781 4.2
    endloop
  endfacet
  facet normal 0 0 -1
    outer loop
      vertex 53.0017 47.565 4.2
      vertex 53.25 52.6191 4.2
      vertex 53.25 47.3809 4.2
    endloop
  endfacet
  facet normal 0 0 -1
    outer loop
      vertex 53.0017 47.565 4.2
      vertex 53.0017 52.435 4.2
      vertex 53.25 52.6191 4.2
    endloop
  endfacet
  facet normal 0 0 -1
    outer loop
      vertex 52.7726 47.7726 4.2
      vertex 53.0017 52.435 4.2
      vertex 53.0017 47.565 4.2
    endloop
  endfacet
  facet normal 0 0 -1
    outer loop
      vertex 52.7726 47.7726 4.2
      vertex 52.7726 52.2274 4.2
      vertex 53.0017 52.435 4.2
    endloop
  endfacet
  facet normal 0 0 -1
    outer loop
      vertex 52.565 48.0017 4.2
      vertex 52.7726 52.2274 4.2
      vertex 52.7726 47.7726 4.2
    endloop
  endfacet
  facet normal 0 0 -1
    outer loop
      vertex 52.565 48.0017 4.2
      vertex 52.565 51.9983 4.2
      vertex 52.7726 52.2274 4.2
    endloop
  endfacet
  facet normal 0 0 -1
    outer loop
      vertex 52.3809 48.25 4.2
      vertex 52.565 51.9983 4.2
      vertex 52.565 48.0017 4.2
    endloop
  endfacet
  facet normal 0 0 -1
    outer loop
      vertex 52.3809 48.25 4.2
      vertex 52.3809 51.75 4.2
      vertex 52.565 51.9983 4.2
    endloop
  endfacet
  facet normal 0 0 -1
    outer loop
      vertex 52.2219 48.5151 4.2
      vertex 52.3809 51.75 4.2
      vertex 52.3809 48.25 4.2
    endloop
  endfacet
  facet normal 0 0 -1
    outer loop
      vertex 52.2219 48.5151 4.2
      vertex 52.2219 51.4849 4.2
      vertex 52.3809 51.75 4.2
    endloop
  endfacet
  facet normal 0 0 -1
    outer loop
      vertex 52.0898 48.7945 4.2
      vertex 52.2219 51.4849 4.2
      vertex 52.2219 48.5151 4.2
    endloop
  endfacet
  facet normal 0 0 -1
    outer loop
      vertex 52.0898 48.7945 4.2
      vertex 52.0898 51.2055 4.2
      vertex 52.2219 51.4849 4.2
    endloop
  endfacet
  facet normal 0 0 -1
    outer loop
      vertex 51.9856 49.0856 4.2
      vertex 52.0898 51.2055 4.2
      vertex 52.0898 48.7945 4.2
    endloop
  endfacet
  facet normal 0 0 -1
    outer loop
      vertex 51.9856 49.0856 4.2
      vertex 51.9856 50.9144 4.2
      vertex 52.0898 51.2055 4.2
    endloop
  endfacet
  facet normal 0 0 -1
    outer loop
      vertex 51.9105 49.3855 4.2
      vertex 51.9856 50.9144 4.2
      vertex 51.9856 49.0856 4.2
    endloop
  endfacet
  facet normal 0 0 -1
    outer loop
      vertex 51.9105 49.3855 4.2
      vertex 51.9105 50.6145 4.2
      vertex 51.9856 50.9144 4.2
    endloop
  endfacet
  facet normal 0 0 -1
    outer loop
      vertex 51.8652 49.6912 4.2
      vertex 51.9105 50.6145 4.2
      vertex 51.9105 49.3855 4.2
    endloop
  endfacet
  facet normal 0 0 -1
    outer loop
      vertex 51.8652 49.6912 4.2
      vertex 51.8652 50.3088 4.2
      vertex 51.9105 50.6145 4.2
    endloop
  endfacet
  facet normal 0 -0 -1
    outer loop
      vertex 51.8652 50.3088 4.2
      vertex 51.8652 49.6912 4.2
      vertex 51.85 50 4.2
    endloop
  endfacet
  facet normal 0.803288 0.595591 0
    outer loop
      vertex 52.565 48.0017 4.2
      vertex 52.3809 48.25 1
      vertex 52.3809 48.25 4.2
    endloop
  endfacet
  facet normal 0.803288 0.595591 0
    outer loop
      vertex 52.3809 48.25 1
      vertex 52.565 48.0017 4.2
      vertex 52.565 48.0017 1
    endloop
  endfacet
  facet normal -0.9415 0.337012 0
    outer loop
      vertex 57.9102 48.7945 1
      vertex 58.0144 49.0856 4.2
      vertex 58.0144 49.0856 1
    endloop
  endfacet
  facet normal -0.9415 0.337012 0
    outer loop
      vertex 58.0144 49.0856 4.2
      vertex 57.9102 48.7945 1
      vertex 57.9102 48.7945 4.2
    endloop
  endfacet
  facet normal -0.242916 -0.970047 0
    outer loop
      vertex 55.6145 53.0895 1
      vertex 55.9144 53.0144 4.2
      vertex 55.6145 53.0895 4.2
    endloop
  endfacet
  facet normal -0.242916 -0.970047 -0
    outer loop
      vertex 55.9144 53.0144 4.2
      vertex 55.6145 53.0895 1
      vertex 55.9144 53.0144 1
    endloop
  endfacet
  facet normal 0.427433 0.904047 -0
    outer loop
      vertex 53.7945 47.0898 1
      vertex 53.5151 47.2219 4.2
      vertex 53.7945 47.0898 4.2
    endloop
  endfacet
  facet normal 0.427433 0.904047 0
    outer loop
      vertex 53.5151 47.2219 4.2
      vertex 53.7945 47.0898 1
      vertex 53.5151 47.2219 1
    endloop
  endfacet
  facet normal -0.904047 0.427433 0
    outer loop
      vertex 57.7781 48.5151 1
      vertex 57.9102 48.7945 4.2
      vertex 57.9102 48.7945 1
    endloop
  endfacet
  facet normal -0.904047 0.427433 0
    outer loop
      vertex 57.9102 48.7945 4.2
      vertex 57.7781 48.5151 1
      vertex 57.7781 48.5151 4.2
    endloop
  endfacet
  facet normal 0.998791 -0.0491633 0
    outer loop
      vertex 51.85 50 4.2
      vertex 51.8652 50.3088 1
      vertex 51.8652 50.3088 4.2
    endloop
  endfacet
  facet normal 0.998791 -0.0491633 0
    outer loop
      vertex 51.8652 50.3088 1
      vertex 51.85 50 4.2
      vertex 51.85 50 1
    endloop
  endfacet
  facet normal 0.998791 0.0491633 0
    outer loop
      vertex 51.8652 49.6912 4.2
      vertex 51.85 50 1
      vertex 51.85 50 4.2
    endloop
  endfacet
  facet normal 0.998791 0.0491633 0
    outer loop
      vertex 51.85 50 1
      vertex 51.8652 49.6912 4.2
      vertex 51.8652 49.6912 1
    endloop
  endfacet
  facet normal -0.741022 0.671481 0
    outer loop
      vertex 57.2274 47.7726 1
      vertex 57.435 48.0017 4.2
      vertex 57.435 48.0017 1
    endloop
  endfacet
  facet normal -0.741022 0.671481 0
    outer loop
      vertex 57.435 48.0017 4.2
      vertex 57.2274 47.7726 1
      vertex 57.2274 47.7726 4.2
    endloop
  endfacet
  facet normal 0.857579 0.514353 0
    outer loop
      vertex 52.3809 48.25 4.2
      vertex 52.2219 48.5151 1
      vertex 52.2219 48.5151 4.2
    endloop
  endfacet
  facet normal 0.857579 0.514353 0
    outer loop
      vertex 52.2219 48.5151 1
      vertex 52.3809 48.25 4.2
      vertex 52.3809 48.25 1
    endloop
  endfacet
  facet normal 0.857579 -0.514353 0
    outer loop
      vertex 52.2219 51.4849 4.2
      vertex 52.3809 51.75 1
      vertex 52.3809 51.75 4.2
    endloop
  endfacet
  facet normal 0.857579 -0.514353 0
    outer loop
      vertex 52.3809 51.75 1
      vertex 52.2219 51.4849 4.2
      vertex 52.2219 51.4849 1
    endloop
  endfacet
  facet normal -1 0 0
    outer loop
      vertex 35 8 8.6
      vertex 35 22 10
      vertex 35 22 8.6
    endloop
  endfacet
  facet normal -1 -0 0
    outer loop
      vertex 35 22 10
      vertex 35 8 8.6
      vertex 35 8 10
    endloop
  endfacet
  facet normal 1 -0 0
    outer loop
      vertex 21 8 10
      vertex 21 22 8.6
      vertex 21 22 10
    endloop
  endfacet
  facet normal 1 0 0
    outer loop
      vertex 21 22 8.6
      vertex 21 8 10
      vertex 21 8 8.6
    endloop
  endfacet
  facet normal 0 -1 0
    outer loop
      vertex 21 22 8.6
      vertex 35 22 10
      vertex 21 22 10
    endloop
  endfacet
  facet normal 0 -1 -0
    outer loop
      vertex 35 22 10
      vertex 21 22 8.6
      vertex 35 22 8.6
    endloop
  endfacet
  facet normal 0 1 -0
    outer loop
      vertex 35 8 8.6
      vertex 21 8 10
      vertex 35 8 10
    endloop
  endfacet
  facet normal 0 1 0
    outer loop
      vertex 21 8 10
      vertex 35 8 8.6
      vertex 21 8 8.6
    endloop
  endfacet
  facet normal -1 0 0
    outer loop
      vertex 35.8 7.2 0
      vertex 35.8 22.8 8.6
      vertex 35.8 22.8 0
    endloop
  endfacet
  facet normal -1 -0 0
    outer loop
      vertex 35.8 22.8 8.6
      vertex 35.8 7.2 0
      vertex 35.8 7.2 8.6
    endloop
  endfacet
  facet normal 0 0 -1
    outer loop
      vertex 35.8 7.2 8.6
      vertex 35 8 8.6
      vertex 35.8 22.8 8.6
    endloop
  endfacet
  facet normal 0 0 -1
    outer loop
      vertex 35.8 7.2 8.6
      vertex 21 8 8.6
      vertex 35 8 8.6
    endloop
  endfacet
  facet normal -0 0 -1
    outer loop
      vertex 21 8 8.6
      vertex 20.2 7.2 8.6
      vertex 21 22 8.6
    endloop
  endfacet
  facet normal 0 0 -1
    outer loop
      vertex 20.2 7.2 8.6
      vertex 21 8 8.6
      vertex 35.8 7.2 8.6
    endloop
  endfacet
  facet normal 0 0 -1
    outer loop
      vertex 35 22 8.6
      vertex 35.8 22.8 8.6
      vertex 35 8 8.6
    endloop
  endfacet
  facet normal 0 0 -1
    outer loop
      vertex 21 22 8.6
      vertex 35.8 22.8 8.6
      vertex 35 22 8.6
    endloop
  endfacet
  facet normal 0 0 -1
    outer loop
      vertex 21 22 8.6
      vertex 20.2 22.8 8.6
      vertex 35.8 22.8 8.6
    endloop
  endfacet
  facet normal 0 0 -1
    outer loop
      vertex 20.2 22.8 8.6
      vertex 21 22 8.6
      vertex 20.2 7.2 8.6
    endloop
  endfacet
  facet normal 1 -0 0
    outer loop
      vertex 20.2 7.2 8.6
      vertex 20.2 22.8 0
      vertex 20.2 22.8 8.6
    endloop
  endfacet
  facet normal 1 0 0
    outer loop
      vertex 20.2 22.8 0
      vertex 20.2 7.2 8.6
      vertex 20.2 7.2 0
    endloop
  endfacet
  facet normal 0 -1 0
    outer loop
      vertex 20.2 22.8 0
      vertex 35.8 22.8 8.6
      vertex 20.2 22.8 8.6
    endloop
  endfacet
  facet normal 0 -1 -0
    outer loop
      vertex 35.8 22.8 8.6
      vertex 20.2 22.8 0
      vertex 35.8 22.8 0
    endloop
  endfacet
  facet normal 0 1 -0
    outer loop
      vertex 35.8 7.2 0
      vertex 20.2 7.2 8.6
      vertex 35.8 7.2 8.6
    endloop
  endfacet
  facet normal 0 1 0
    outer loop
      vertex 20.2 7.2 8.6
      vertex 35.8 7.2 0
      vertex 20.2 7.2 0
    endloop
  endfacet
  facet normal -1 0 0
    outer loop
      vertex 69 8 8.6
      vertex 69 22 10
      vertex 69 22 8.6
    endloop
  endfacet
  facet normal -1 -0 0
    outer loop
      vertex 69 22 10
      vertex 69 8 8.6
      vertex 69 8 10
    endloop
  endfacet
  facet normal 1 -0 0
    outer loop
      vertex 55 8 10
      vertex 55 22 8.6
      vertex 55 22 10
    endloop
  endfacet
  facet normal 1 0 0
    outer loop
      vertex 55 22 8.6
      vertex 55 8 10
      vertex 55 8 8.6
    endloop
  endfacet
  facet normal 0 -1 0
    outer loop
      vertex 55 22 8.6
      vertex 69 22 10
      vertex 55 22 10
    endloop
  endfacet
  facet normal 0 -1 -0
    outer loop
      vertex 69 22 10
      vertex 55 22 8.6
      vertex 69 22 8.6
    endloop
  endfacet
  facet normal 0 1 -0
    outer loop
      vertex 69 8 8.6
      vertex 55 8 10
      vertex 69 8 10
    endloop
  endfacet
  facet normal 0 1 0
    outer loop
      vertex 55 8 10
      vertex 69 8 8.6
      vertex 55 8 8.6
    endloop
  endfacet
  facet normal -1 0 0
    outer loop
      vertex 69.8 7.2 0
      vertex 69.8 22.8 8.6
      vertex 69.8 22.8 0
    endloop
  endfacet
  facet normal -1 -0 0
    outer loop
      vertex 69.8 22.8 8.6
      vertex 69.8 7.2 0
      vertex 69.8 7.2 8.6
    endloop
  endfacet
  facet normal 0 0 -1
    outer loop
      vertex 69.8 7.2 8.6
      vertex 69 8 8.6
      vertex 69.8 22.8 8.6
    endloop
  endfacet
  facet normal 0 0 -1
    outer loop
      vertex 69.8 7.2 8.6
      vertex 55 8 8.6
      vertex 69 8 8.6
    endloop
  endfacet
  facet normal -0 0 -1
    outer loop
      vertex 55 8 8.6
      vertex 54.2 7.2 8.6
      vertex 55 22 8.6
    endloop
  endfacet
  facet normal 0 0 -1
    outer loop
      vertex 54.2 7.2 8.6
      vertex 55 8 8.6
      vertex 69.8 7.2 8.6
    endloop
  endfacet
  facet normal 0 0 -1
    outer loop
      vertex 69 22 8.6
      vertex 69.8 22.8 8.6
      vertex 69 8 8.6
    endloop
  endfacet
  facet normal 0 0 -1
    outer loop
      vertex 55 22 8.6
      vertex 69.8 22.8 8.6
      vertex 69 22 8.6
    endloop
  endfacet
  facet normal 0 0 -1
    outer loop
      vertex 55 22 8.6
      vertex 54.2 22.8 8.6
      vertex 69.8 22.8 8.6
    endloop
  endfacet
  facet normal 0 0 -1
    outer loop
      vertex 54.2 22.8 8.6
      vertex 55 22 8.6
      vertex 54.2 7.2 8.6
    endloop
  endfacet
  facet normal 1 -0 0
    outer loop
      vertex 54.2 7.2 8.6
      vertex 54.2 22.8 0
      vertex 54.2 22.8 8.6
    endloop
  endfacet
  facet normal 1 0 0
    outer loop
      vertex 54.2 22.8 0
      vertex 54.2 7.2 8.6
      vertex 54.2 7.2 0
    endloop
  endfacet
  facet normal 0 -1 0
    outer loop
      vertex 54.2 22.8 0
      vertex 69.8 22.8 8.6
      vertex 54.2 22.8 8.6
    endloop
  endfacet
  facet normal 0 -1 -0
    outer loop
      vertex 69.8 22.8 8.6
      vertex 54.2 22.8 0
      vertex 69.8 22.8 0
    endloop
  endfacet
  facet normal 0 1 -0
    outer loop
      vertex 69.8 7.2 0
      vertex 54.2 7.2 8.6
      vertex 69.8 7.2 8.6
    endloop
  endfacet
  facet normal 0 1 0
    outer loop
      vertex 54.2 7.2 8.6
      vertex 69.8 7.2 0
      vertex 54.2 7.2 0
    endloop
  endfacet
  facet normal -0.98921 -0.146502 0
    outer loop
      vertex 18.5923 32.1568 0.99
      vertex 18.5693 32.3121 3.5
      vertex 18.5693 32.3121 0.99
    endloop
  endfacet
  facet normal -0.98921 -0.146502 0
    outer loop
      vertex 18.5693 32.3121 3.5
      vertex 18.5923 32.1568 0.99
      vertex 18.5923 32.1568 3.5
    endloop
  endfacet
  facet normal -0.998796 -0.049048 0
    outer loop
      vertex 18.6 32 0.99
      vertex 18.5923 32.1568 3.5
      vertex 18.5923 32.1568 0.99
    endloop
  endfacet
  facet normal -0.998796 -0.049048 0
    outer loop
      vertex 18.5923 32.1568 3.5
      vertex 18.6 32 0.99
      vertex 18.6 32 3.5
    endloop
  endfacet
  facet normal -0.969993 -0.243135 0
    outer loop
      vertex 18.5693 32.3121 0.99
      vertex 18.5311 32.4645 3.5
      vertex 18.5311 32.4645 0.99
    endloop
  endfacet
  facet normal -0.969993 -0.243135 0
    outer loop
      vertex 18.5311 32.4645 3.5
      vertex 18.5693 32.3121 0.99
      vertex 18.5693 32.3121 3.5
    endloop
  endfacet
  facet normal -0.427484 -0.904023 0
    outer loop
      vertex 17.6123 33.4782 0.99
      vertex 17.7542 33.4111 3.5
      vertex 17.6123 33.4782 3.5
    endloop
  endfacet
  facet normal -0.427484 -0.904023 -0
    outer loop
      vertex 17.7542 33.4111 3.5
      vertex 17.6123 33.4782 0.99
      vertex 17.7542 33.4111 0.99
    endloop
  endfacet
  facet normal 0.243135 0.969993 -0
    outer loop
      vertex 16.6879 30.4307 0.99
      vertex 16.5355 30.4689 3.5
      vertex 16.6879 30.4307 3.5
    endloop
  endfacet
  facet normal 0.243135 0.969993 0
    outer loop
      vertex 16.5355 30.4689 3.5
      vertex 16.6879 30.4307 0.99
      vertex 16.5355 30.4689 0.99
    endloop
  endfacet
  facet normal 0.85783 0.513934 0
    outer loop
      vertex 15.6696 31.1111 3.5
      vertex 15.5889 31.2458 0.99
      vertex 15.5889 31.2458 3.5
    endloop
  endfacet
  facet normal 0.85783 0.513934 0
    outer loop
      vertex 15.5889 31.2458 0.99
      vertex 15.6696 31.1111 3.5
      vertex 15.6696 31.1111 0.99
    endloop
  endfacet
  facet normal -0.146502 0.98921 0
    outer loop
      vertex 17.3121 30.4307 0.99
      vertex 17.1568 30.4077 3.5
      vertex 17.3121 30.4307 3.5
    endloop
  endfacet
  facet normal -0.146502 0.98921 0
    outer loop
      vertex 17.1568 30.4077 3.5
      vertex 17.3121 30.4307 0.99
      vertex 17.1568 30.4077 0.99
    endloop
  endfacet
  facet normal -0.741264 -0.671213 0
    outer loop
      vertex 18.2368 33.015 0.99
      vertex 18.1314 33.1314 3.5
      vertex 18.1314 33.1314 0.99
    endloop
  endfacet
  facet normal -0.741264 -0.671213 0
    outer loop
      vertex 18.1314 33.1314 3.5
      vertex 18.2368 33.015 0.99
      vertex 18.2368 33.015 3.5
    endloop
  endfacet
  facet normal 0.513934 -0.85783 0
    outer loop
      vertex 16.1111 33.3304 0.99
      vertex 16.2458 33.4111 3.5
      vertex 16.1111 33.3304 3.5
    endloop
  endfacet
  facet normal 0.513934 -0.85783 0
    outer loop
      vertex 16.2458 33.4111 3.5
      vertex 16.1111 33.3304 0.99
      vertex 16.2458 33.4111 0.99
    endloop
  endfacet
  facet normal -0.741264 0.671213 0
    outer loop
      vertex 18.1314 30.8686 0.99
      vertex 18.2368 30.985 3.5
      vertex 18.2368 30.985 0.99
    endloop
  endfacet
  facet normal -0.741264 0.671213 0
    outer loop
      vertex 18.2368 30.985 3.5
      vertex 18.1314 30.8686 0.99
      vertex 18.1314 30.8686 3.5
    endloop
  endfacet
  facet normal -0.513934 0.85783 0
    outer loop
      vertex 17.8889 30.6696 0.99
      vertex 17.7542 30.5889 3.5
      vertex 17.8889 30.6696 3.5
    endloop
  endfacet
  facet normal -0.513934 0.85783 0
    outer loop
      vertex 17.7542 30.5889 3.5
      vertex 17.8889 30.6696 0.99
      vertex 17.7542 30.5889 0.99
    endloop
  endfacet
  facet normal -0.243135 -0.969993 0
    outer loop
      vertex 17.3121 33.5693 0.99
      vertex 17.4645 33.5311 3.5
      vertex 17.3121 33.5693 3.5
    endloop
  endfacet
  facet normal -0.243135 -0.969993 -0
    outer loop
      vertex 17.4645 33.5311 3.5
      vertex 17.3121 33.5693 0.99
      vertex 17.4645 33.5311 0.99
    endloop
  endfacet
  facet normal 0.98921 -0.146502 0
    outer loop
      vertex 15.4077 32.1568 3.5
      vertex 15.4307 32.3121 0.99
      vertex 15.4307 32.3121 3.5
    endloop
  endfacet
  facet normal 0.98921 -0.146502 0
    outer loop
      vertex 15.4307 32.3121 0.99
      vertex 15.4077 32.1568 3.5
      vertex 15.4077 32.1568 0.99
    endloop
  endfacet
  facet normal -0.85783 -0.513934 0
    outer loop
      vertex 18.4111 32.7542 0.99
      vertex 18.3304 32.8889 3.5
      vertex 18.3304 32.8889 0.99
    endloop
  endfacet
  facet normal -0.85783 -0.513934 0
    outer loop
      vertex 18.3304 32.8889 3.5
      vertex 18.4111 32.7542 0.99
      vertex 18.4111 32.7542 3.5
    endloop
  endfacet
  facet normal -0.969993 0.243135 0
    outer loop
      vertex 18.5311 31.5355 0.99
      vertex 18.5693 31.6879 3.5
      vertex 18.5693 31.6879 0.99
    endloop
  endfacet
  facet normal -0.969993 0.243135 0
    outer loop
      vertex 18.5693 31.6879 3.5
      vertex 18.5311 31.5355 0.99
      vertex 18.5311 31.5355 3.5
    endloop
  endfacet
  facet normal 0.146502 0.98921 -0
    outer loop
      vertex 16.8432 30.4077 0.99
      vertex 16.6879 30.4307 3.5
      vertex 16.8432 30.4077 3.5
    endloop
  endfacet
  facet normal 0.146502 0.98921 0
    outer loop
      vertex 16.6879 30.4307 3.5
      vertex 16.8432 30.4077 0.99
      vertex 16.6879 30.4307 0.99
    endloop
  endfacet
  facet normal 0.998796 0.049048 0
    outer loop
      vertex 15.4077 31.8432 3.5
      vertex 15.4 32 0.99
      vertex 15.4 32 3.5
    endloop
  endfacet
  facet normal 0.998796 0.049048 0
    outer loop
      vertex 15.4 32 0.99
      vertex 15.4077 31.8432 3.5
      vertex 15.4077 31.8432 0.99
    endloop
  endfacet
  facet normal -0.146502 -0.98921 0
    outer loop
      vertex 17.1568 33.5923 0.99
      vertex 17.3121 33.5693 3.5
      vertex 17.1568 33.5923 3.5
    endloop
  endfacet
  facet normal -0.146502 -0.98921 -0
    outer loop
      vertex 17.3121 33.5693 3.5
      vertex 17.1568 33.5923 0.99
      vertex 17.3121 33.5693 0.99
    endloop
  endfacet
  facet normal -0.941511 -0.336982 0
    outer loop
      vertex 18.5311 32.4645 0.99
      vertex 18.4782 32.6123 3.5
      vertex 18.4782 32.6123 0.99
    endloop
  endfacet
  facet normal -0.941511 -0.336982 0
    outer loop
      vertex 18.4782 32.6123 3.5
      vertex 18.5311 32.4645 0.99
      vertex 18.5311 32.4645 3.5
    endloop
  endfacet
  facet normal -0.671213 -0.741264 0
    outer loop
      vertex 18.015 33.2368 0.99
      vertex 18.1314 33.1314 3.5
      vertex 18.015 33.2368 3.5
    endloop
  endfacet
  facet normal -0.671213 -0.741264 -0
    outer loop
      vertex 18.1314 33.1314 3.5
      vertex 18.015 33.2368 0.99
      vertex 18.1314 33.1314 0.99
    endloop
  endfacet
  facet normal 0.741264 -0.671213 0
    outer loop
      vertex 15.7632 33.015 3.5
      vertex 15.8686 33.1314 0.99
      vertex 15.8686 33.1314 3.5
    endloop
  endfacet
  facet normal 0.741264 -0.671213 0
    outer loop
      vertex 15.8686 33.1314 0.99
      vertex 15.7632 33.015 3.5
      vertex 15.7632 33.015 0.99
    endloop
  endfacet
  facet normal 0.969993 0.243135 0
    outer loop
      vertex 15.4689 31.5355 3.5
      vertex 15.4307 31.6879 0.99
      vertex 15.4307 31.6879 3.5
    endloop
  endfacet
  facet normal 0.969993 0.243135 0
    outer loop
      vertex 15.4307 31.6879 0.99
      vertex 15.4689 31.5355 3.5
      vertex 15.4689 31.5355 0.99
    endloop
  endfacet
  facet normal 0.336982 -0.941511 0
    outer loop
      vertex 16.3877 33.4782 0.99
      vertex 16.5355 33.5311 3.5
      vertex 16.3877 33.4782 3.5
    endloop
  endfacet
  facet normal 0.336982 -0.941511 0
    outer loop
      vertex 16.5355 33.5311 3.5
      vertex 16.3877 33.4782 0.99
      vertex 16.5355 33.5311 0.99
    endloop
  endfacet
  facet normal 0.941511 0.336982 0
    outer loop
      vertex 15.5218 31.3877 3.5
      vertex 15.4689 31.5355 0.99
      vertex 15.4689 31.5355 3.5
    endloop
  endfacet
  facet normal 0.941511 0.336982 0
    outer loop
      vertex 15.4689 31.5355 0.99
      vertex 15.5218 31.3877 3.5
      vertex 15.5218 31.3877 0.99
    endloop
  endfacet
  facet normal -0.336982 -0.941511 0
    outer loop
      vertex 17.4645 33.5311 0.99
      vertex 17.6123 33.4782 3.5
      vertex 17.4645 33.5311 3.5
    endloop
  endfacet
  facet normal -0.336982 -0.941511 -0
    outer loop
      vertex 17.6123 33.4782 3.5
      vertex 17.4645 33.5311 0.99
      vertex 17.6123 33.4782 0.99
    endloop
  endfacet
  facet normal 0.80297 -0.596019 0
    outer loop
      vertex 15.6696 32.8889 3.5
      vertex 15.7632 33.015 0.99
      vertex 15.7632 33.015 3.5
    endloop
  endfacet
  facet normal 0.80297 -0.596019 0
    outer loop
      vertex 15.7632 33.015 0.99
      vertex 15.6696 32.8889 3.5
      vertex 15.6696 32.8889 0.99
    endloop
  endfacet
  facet normal -0.80297 -0.596019 0
    outer loop
      vertex 18.3304 32.8889 0.99
      vertex 18.2368 33.015 3.5
      vertex 18.2368 33.015 0.99
    endloop
  endfacet
  facet normal -0.80297 -0.596019 0
    outer loop
      vertex 18.2368 33.015 3.5
      vertex 18.3304 32.8889 0.99
      vertex 18.3304 32.8889 3.5
    endloop
  endfacet
  facet normal 0.969993 -0.243135 0
    outer loop
      vertex 15.4307 32.3121 3.5
      vertex 15.4689 32.4645 0.99
      vertex 15.4689 32.4645 3.5
    endloop
  endfacet
  facet normal 0.969993 -0.243135 0
    outer loop
      vertex 15.4689 32.4645 0.99
      vertex 15.4307 32.3121 3.5
      vertex 15.4307 32.3121 0.99
    endloop
  endfacet
  facet normal 0.671213 -0.741264 0
    outer loop
      vertex 15.8686 33.1314 0.99
      vertex 15.985 33.2368 3.5
      vertex 15.8686 33.1314 3.5
    endloop
  endfacet
  facet normal 0.671213 -0.741264 0
    outer loop
      vertex 15.985 33.2368 3.5
      vertex 15.8686 33.1314 0.99
      vertex 15.985 33.2368 0.99
    endloop
  endfacet
  facet normal -0.427484 0.904023 0
    outer loop
      vertex 17.7542 30.5889 0.99
      vertex 17.6123 30.5218 3.5
      vertex 17.7542 30.5889 3.5
    endloop
  endfacet
  facet normal -0.427484 0.904023 0
    outer loop
      vertex 17.6123 30.5218 3.5
      vertex 17.7542 30.5889 0.99
      vertex 17.6123 30.5218 0.99
    endloop
  endfacet
  facet normal 0.243135 -0.969993 0
    outer loop
      vertex 16.5355 33.5311 0.99
      vertex 16.6879 33.5693 3.5
      vertex 16.5355 33.5311 3.5
    endloop
  endfacet
  facet normal 0.243135 -0.969993 0
    outer loop
      vertex 16.6879 33.5693 3.5
      vertex 16.5355 33.5311 0.99
      vertex 16.6879 33.5693 0.99
    endloop
  endfacet
  facet normal 0.941511 -0.336982 0
    outer loop
      vertex 15.4689 32.4645 3.5
      vertex 15.5218 32.6123 0.99
      vertex 15.5218 32.6123 3.5
    endloop
  endfacet
  facet normal 0.941511 -0.336982 0
    outer loop
      vertex 15.5218 32.6123 0.99
      vertex 15.4689 32.4645 3.5
      vertex 15.4689 32.4645 0.99
    endloop
  endfacet
  facet normal -0.513934 -0.85783 0
    outer loop
      vertex 17.7542 33.4111 0.99
      vertex 17.8889 33.3304 3.5
      vertex 17.7542 33.4111 3.5
    endloop
  endfacet
  facet normal -0.513934 -0.85783 -0
    outer loop
      vertex 17.8889 33.3304 3.5
      vertex 17.7542 33.4111 0.99
      vertex 17.8889 33.3304 0.99
    endloop
  endfacet
  facet normal 0.513934 0.85783 -0
    outer loop
      vertex 16.2458 30.5889 0.99
      vertex 16.1111 30.6696 3.5
      vertex 16.2458 30.5889 3.5
    endloop
  endfacet
  facet normal 0.513934 0.85783 0
    outer loop
      vertex 16.1111 30.6696 3.5
      vertex 16.2458 30.5889 0.99
      vertex 16.1111 30.6696 0.99
    endloop
  endfacet
  facet normal 0.596019 -0.80297 0
    outer loop
      vertex 15.985 33.2368 0.99
      vertex 16.1111 33.3304 3.5
      vertex 15.985 33.2368 3.5
    endloop
  endfacet
  facet normal 0.596019 -0.80297 0
    outer loop
      vertex 16.1111 33.3304 3.5
      vertex 15.985 33.2368 0.99
      vertex 16.1111 33.3304 0.99
    endloop
  endfacet
  facet normal 0.049048 -0.998796 0
    outer loop
      vertex 16.8432 33.5923 0.99
      vertex 17 33.6 3.5
      vertex 16.8432 33.5923 3.5
    endloop
  endfacet
  facet normal 0.049048 -0.998796 0
    outer loop
      vertex 17 33.6 3.5
      vertex 16.8432 33.5923 0.99
      vertex 17 33.6 0.99
    endloop
  endfacet
  facet normal -0.049048 0.998796 0
    outer loop
      vertex 17.1568 30.4077 0.99
      vertex 17 30.4 3.5
      vertex 17.1568 30.4077 3.5
    endloop
  endfacet
  facet normal -0.049048 0.998796 0
    outer loop
      vertex 17 30.4 3.5
      vertex 17.1568 30.4077 0.99
      vertex 17 30.4 0.99
    endloop
  endfacet
  facet normal -0.941511 0.336982 0
    outer loop
      vertex 18.4782 31.3877 0.99
      vertex 18.5311 31.5355 3.5
      vertex 18.5311 31.5355 0.99
    endloop
  endfacet
  facet normal -0.941511 0.336982 0
    outer loop
      vertex 18.5311 31.5355 3.5
      vertex 18.4782 31.3877 0.99
      vertex 18.4782 31.3877 3.5
    endloop
  endfacet
  facet normal -0.80297 0.596019 0
    outer loop
      vertex 18.2368 30.985 0.99
      vertex 18.3304 31.1111 3.5
      vertex 18.3304 31.1111 0.99
    endloop
  endfacet
  facet normal -0.80297 0.596019 0
    outer loop
      vertex 18.3304 31.1111 3.5
      vertex 18.2368 30.985 0.99
      vertex 18.2368 30.985 3.5
    endloop
  endfacet
  facet normal -0.98921 0.146502 0
    outer loop
      vertex 18.5693 31.6879 0.99
      vertex 18.5923 31.8432 3.5
      vertex 18.5923 31.8432 0.99
    endloop
  endfacet
  facet normal -0.98921 0.146502 0
    outer loop
      vertex 18.5923 31.8432 3.5
      vertex 18.5693 31.6879 0.99
      vertex 18.5693 31.6879 3.5
    endloop
  endfacet
  facet normal 0.85783 -0.513934 0
    outer loop
      vertex 15.5889 32.7542 3.5
      vertex 15.6696 32.8889 0.99
      vertex 15.6696 32.8889 3.5
    endloop
  endfacet
  facet normal 0.85783 -0.513934 0
    outer loop
      vertex 15.6696 32.8889 0.99
      vertex 15.5889 32.7542 3.5
      vertex 15.5889 32.7542 0.99
    endloop
  endfacet
  facet normal 0.336982 0.941511 -0
    outer loop
      vertex 16.5355 30.4689 0.99
      vertex 16.3877 30.5218 3.5
      vertex 16.5355 30.4689 3.5
    endloop
  endfacet
  facet normal 0.336982 0.941511 0
    outer loop
      vertex 16.3877 30.5218 3.5
      vertex 16.5355 30.4689 0.99
      vertex 16.3877 30.5218 0.99
    endloop
  endfacet
  facet normal -0.904023 -0.427484 0
    outer loop
      vertex 18.4782 32.6123 0.99
      vertex 18.4111 32.7542 3.5
      vertex 18.4111 32.7542 0.99
    endloop
  endfacet
  facet normal -0.904023 -0.427484 0
    outer loop
      vertex 18.4111 32.7542 3.5
      vertex 18.4782 32.6123 0.99
      vertex 18.4782 32.6123 3.5
    endloop
  endfacet
  facet normal 0.427484 -0.904023 0
    outer loop
      vertex 16.2458 33.4111 0.99
      vertex 16.3877 33.4782 3.5
      vertex 16.2458 33.4111 3.5
    endloop
  endfacet
  facet normal 0.427484 -0.904023 0
    outer loop
      vertex 16.3877 33.4782 3.5
      vertex 16.2458 33.4111 0.99
      vertex 16.3877 33.4782 0.99
    endloop
  endfacet
  facet normal -0.596019 0.80297 0
    outer loop
      vertex 18.015 30.7632 0.99
      vertex 17.8889 30.6696 3.5
      vertex 18.015 30.7632 3.5
    endloop
  endfacet
  facet normal -0.596019 0.80297 0
    outer loop
      vertex 17.8889 30.6696 3.5
      vertex 18.015 30.7632 0.99
      vertex 17.8889 30.6696 0.99
    endloop
  endfacet
  facet normal -0.596019 -0.80297 0
    outer loop
      vertex 17.8889 33.3304 0.99
      vertex 18.015 33.2368 3.5
      vertex 17.8889 33.3304 3.5
    endloop
  endfacet
  facet normal -0.596019 -0.80297 -0
    outer loop
      vertex 18.015 33.2368 3.5
      vertex 17.8889 33.3304 0.99
      vertex 18.015 33.2368 0.99
    endloop
  endfacet
  facet normal 0.671213 0.741264 -0
    outer loop
      vertex 15.985 30.7632 0.99
      vertex 15.8686 30.8686 3.5
      vertex 15.985 30.7632 3.5
    endloop
  endfacet
  facet normal 0.671213 0.741264 0
    outer loop
      vertex 15.8686 30.8686 3.5
      vertex 15.985 30.7632 0.99
      vertex 15.8686 30.8686 0.99
    endloop
  endfacet
  facet normal -0.998796 0.049048 0
    outer loop
      vertex 18.5923 31.8432 0.99
      vertex 18.6 32 3.5
      vertex 18.6 32 0.99
    endloop
  endfacet
  facet normal -0.998796 0.049048 0
    outer loop
      vertex 18.6 32 3.5
      vertex 18.5923 31.8432 0.99
      vertex 18.5923 31.8432 3.5
    endloop
  endfacet
  facet normal 0.80297 0.596019 0
    outer loop
      vertex 15.7632 30.985 3.5
      vertex 15.6696 31.1111 0.99
      vertex 15.6696 31.1111 3.5
    endloop
  endfacet
  facet normal 0.80297 0.596019 0
    outer loop
      vertex 15.6696 31.1111 0.99
      vertex 15.7632 30.985 3.5
      vertex 15.7632 30.985 0.99
    endloop
  endfacet
  facet normal 0.904023 0.427484 0
    outer loop
      vertex 15.5889 31.2458 3.5
      vertex 15.5218 31.3877 0.99
      vertex 15.5218 31.3877 3.5
    endloop
  endfacet
  facet normal 0.904023 0.427484 0
    outer loop
      vertex 15.5218 31.3877 0.99
      vertex 15.5889 31.2458 3.5
      vertex 15.5889 31.2458 0.99
    endloop
  endfacet
  facet normal -0.049048 -0.998796 0
    outer loop
      vertex 17 33.6 0.99
      vertex 17.1568 33.5923 3.5
      vertex 17 33.6 3.5
    endloop
  endfacet
  facet normal -0.049048 -0.998796 -0
    outer loop
      vertex 17.1568 33.5923 3.5
      vertex 17 33.6 0.99
      vertex 17.1568 33.5923 0.99
    endloop
  endfacet
  facet normal 0.427484 0.904023 -0
    outer loop
      vertex 16.3877 30.5218 0.99
      vertex 16.2458 30.5889 3.5
      vertex 16.3877 30.5218 3.5
    endloop
  endfacet
  facet normal 0.427484 0.904023 0
    outer loop
      vertex 16.2458 30.5889 3.5
      vertex 16.3877 30.5218 0.99
      vertex 16.2458 30.5889 0.99
    endloop
  endfacet
  facet normal 0.146502 -0.98921 0
    outer loop
      vertex 16.6879 33.5693 0.99
      vertex 16.8432 33.5923 3.5
      vertex 16.6879 33.5693 3.5
    endloop
  endfacet
  facet normal 0.146502 -0.98921 0
    outer loop
      vertex 16.8432 33.5923 3.5
      vertex 16.6879 33.5693 0.99
      vertex 16.8432 33.5923 0.99
    endloop
  endfacet
  facet normal 0.98921 0.146502 0
    outer loop
      vertex 15.4307 31.6879 3.5
      vertex 15.4077 31.8432 0.99
      vertex 15.4077 31.8432 3.5
    endloop
  endfacet
  facet normal 0.98921 0.146502 0
    outer loop
      vertex 15.4077 31.8432 0.99
      vertex 15.4307 31.6879 3.5
      vertex 15.4307 31.6879 0.99
    endloop
  endfacet
  facet normal -0.336982 0.941511 0
    outer loop
      vertex 17.6123 30.5218 0.99
      vertex 17.4645 30.4689 3.5
      vertex 17.6123 30.5218 3.5
    endloop
  endfacet
  facet normal -0.336982 0.941511 0
    outer loop
      vertex 17.4645 30.4689 3.5
      vertex 17.6123 30.5218 0.99
      vertex 17.4645 30.4689 0.99
    endloop
  endfacet
  facet normal -0.243135 0.969993 0
    outer loop
      vertex 17.4645 30.4689 0.99
      vertex 17.3121 30.4307 3.5
      vertex 17.4645 30.4689 3.5
    endloop
  endfacet
  facet normal -0.243135 0.969993 0
    outer loop
      vertex 17.3121 30.4307 3.5
      vertex 17.4645 30.4689 0.99
      vertex 17.3121 30.4307 0.99
    endloop
  endfacet
  facet normal 0.904023 -0.427484 0
    outer loop
      vertex 15.5218 32.6123 3.5
      vertex 15.5889 32.7542 0.99
      vertex 15.5889 32.7542 3.5
    endloop
  endfacet
  facet normal 0.904023 -0.427484 0
    outer loop
      vertex 15.5889 32.7542 0.99
      vertex 15.5218 32.6123 3.5
      vertex 15.5218 32.6123 0.99
    endloop
  endfacet
  facet normal 0.741264 0.671213 0
    outer loop
      vertex 15.8686 30.8686 3.5
      vertex 15.7632 30.985 0.99
      vertex 15.7632 30.985 3.5
    endloop
  endfacet
  facet normal 0.741264 0.671213 0
    outer loop
      vertex 15.7632 30.985 0.99
      vertex 15.8686 30.8686 3.5
      vertex 15.8686 30.8686 0.99
    endloop
  endfacet
  facet normal 0.596019 0.80297 -0
    outer loop
      vertex 16.1111 30.6696 0.99
      vertex 15.985 30.7632 3.5
      vertex 16.1111 30.6696 3.5
    endloop
  endfacet
  facet normal 0.596019 0.80297 0
    outer loop
      vertex 15.985 30.7632 3.5
      vertex 16.1111 30.6696 0.99
      vertex 15.985 30.7632 0.99
    endloop
  endfacet
  facet normal -0.904023 0.427484 0
    outer loop
      vertex 18.4111 31.2458 0.99
      vertex 18.4782 31.3877 3.5
      vertex 18.4782 31.3877 0.99
    endloop
  endfacet
  facet normal -0.904023 0.427484 0
    outer loop
      vertex 18.4782 31.3877 3.5
      vertex 18.4111 31.2458 0.99
      vertex 18.4111 31.2458 3.5
    endloop
  endfacet
  facet normal -0.85783 0.513934 0
    outer loop
      vertex 18.3304 31.1111 0.99
      vertex 18.4111 31.2458 3.5
      vertex 18.4111 31.2458 0.99
    endloop
  endfacet
  facet normal -0.85783 0.513934 0
    outer loop
      vertex 18.4111 31.2458 3.5
      vertex 18.3304 31.1111 0.99
      vertex 18.3304 31.1111 3.5
    endloop
  endfacet
  facet normal 0.049048 0.998796 -0
    outer loop
      vertex 17 30.4 0.99
      vertex 16.8432 30.4077 3.5
      vertex 17 30.4 3.5
    endloop
  endfacet
  facet normal 0.049048 0.998796 0
    outer loop
      vertex 16.8432 30.4077 3.5
      vertex 17 30.4 0.99
      vertex 16.8432 30.4077 0.99
    endloop
  endfacet
  facet normal 0 0 -1
    outer loop
      vertex 18.5923 31.8432 3.5
      vertex 18.5923 32.1568 3.5
      vertex 18.6 32 3.5
    endloop
  endfacet
  facet normal 0 0 -1
    outer loop
      vertex 18.5693 31.6879 3.5
      vertex 18.5923 32.1568 3.5
      vertex 18.5923 31.8432 3.5
    endloop
  endfacet
  facet normal 0 0 -1
    outer loop
      vertex 18.5693 31.6879 3.5
      vertex 18.5693 32.3121 3.5
      vertex 18.5923 32.1568 3.5
    endloop
  endfacet
  facet normal 0 0 -1
    outer loop
      vertex 18.5311 31.5355 3.5
      vertex 18.5693 32.3121 3.5
      vertex 18.5693 31.6879 3.5
    endloop
  endfacet
  facet normal 0 0 -1
    outer loop
      vertex 18.5311 31.5355 3.5
      vertex 18.5311 32.4645 3.5
      vertex 18.5693 32.3121 3.5
    endloop
  endfacet
  facet normal 0 0 -1
    outer loop
      vertex 18.4782 31.3877 3.5
      vertex 18.5311 32.4645 3.5
      vertex 18.5311 31.5355 3.5
    endloop
  endfacet
  facet normal 0 0 -1
    outer loop
      vertex 18.4782 31.3877 3.5
      vertex 18.4782 32.6123 3.5
      vertex 18.5311 32.4645 3.5
    endloop
  endfacet
  facet normal 0 0 -1
    outer loop
      vertex 18.4111 31.2458 3.5
      vertex 18.4782 32.6123 3.5
      vertex 18.4782 31.3877 3.5
    endloop
  endfacet
  facet normal 0 0 -1
    outer loop
      vertex 18.4111 31.2458 3.5
      vertex 18.4111 32.7542 3.5
      vertex 18.4782 32.6123 3.5
    endloop
  endfacet
  facet normal 0 0 -1
    outer loop
      vertex 18.3304 31.1111 3.5
      vertex 18.4111 32.7542 3.5
      vertex 18.4111 31.2458 3.5
    endloop
  endfacet
  facet normal 0 0 -1
    outer loop
      vertex 18.3304 31.1111 3.5
      vertex 18.3304 32.8889 3.5
      vertex 18.4111 32.7542 3.5
    endloop
  endfacet
  facet normal 0 0 -1
    outer loop
      vertex 18.2368 30.985 3.5
      vertex 18.3304 32.8889 3.5
      vertex 18.3304 31.1111 3.5
    endloop
  endfacet
  facet normal 0 0 -1
    outer loop
      vertex 18.2368 30.985 3.5
      vertex 18.2368 33.015 3.5
      vertex 18.3304 32.8889 3.5
    endloop
  endfacet
  facet normal 0 0 -1
    outer loop
      vertex 18.1314 30.8686 3.5
      vertex 18.2368 33.015 3.5
      vertex 18.2368 30.985 3.5
    endloop
  endfacet
  facet normal 0 0 -1
    outer loop
      vertex 18.1314 30.8686 3.5
      vertex 18.1314 33.1314 3.5
      vertex 18.2368 33.015 3.5
    endloop
  endfacet
  facet normal 0 0 -1
    outer loop
      vertex 18.015 30.7632 3.5
      vertex 18.1314 33.1314 3.5
      vertex 18.1314 30.8686 3.5
    endloop
  endfacet
  facet normal 0 0 -1
    outer loop
      vertex 18.015 30.7632 3.5
      vertex 18.015 33.2368 3.5
      vertex 18.1314 33.1314 3.5
    endloop
  endfacet
  facet normal 0 0 -1
    outer loop
      vertex 17.8889 30.6696 3.5
      vertex 18.015 33.2368 3.5
      vertex 18.015 30.7632 3.5
    endloop
  endfacet
  facet normal 0 0 -1
    outer loop
      vertex 17.8889 30.6696 3.5
      vertex 17.8889 33.3304 3.5
      vertex 18.015 33.2368 3.5
    endloop
  endfacet
  facet normal 0 0 -1
    outer loop
      vertex 17.7542 30.5889 3.5
      vertex 17.8889 33.3304 3.5
      vertex 17.8889 30.6696 3.5
    endloop
  endfacet
  facet normal 0 0 -1
    outer loop
      vertex 17.7542 30.5889 3.5
      vertex 17.7542 33.4111 3.5
      vertex 17.8889 33.3304 3.5
    endloop
  endfacet
  facet normal 0 0 -1
    outer loop
      vertex 17.6123 30.5218 3.5
      vertex 17.7542 33.4111 3.5
      vertex 17.7542 30.5889 3.5
    endloop
  endfacet
  facet normal 0 0 -1
    outer loop
      vertex 17.6123 30.5218 3.5
      vertex 17.6123 33.4782 3.5
      vertex 17.7542 33.4111 3.5
    endloop
  endfacet
  facet normal 0 0 -1
    outer loop
      vertex 17.4645 30.4689 3.5
      vertex 17.6123 33.4782 3.5
      vertex 17.6123 30.5218 3.5
    endloop
  endfacet
  facet normal 0 0 -1
    outer loop
      vertex 17.4645 30.4689 3.5
      vertex 17.4645 33.5311 3.5
      vertex 17.6123 33.4782 3.5
    endloop
  endfacet
  facet normal 0 0 -1
    outer loop
      vertex 17.3121 30.4307 3.5
      vertex 17.4645 33.5311 3.5
      vertex 17.4645 30.4689 3.5
    endloop
  endfacet
  facet normal 0 0 -1
    outer loop
      vertex 17.3121 30.4307 3.5
      vertex 17.3121 33.5693 3.5
      vertex 17.4645 33.5311 3.5
    endloop
  endfacet
  facet normal 0 0 -1
    outer loop
      vertex 17.1568 30.4077 3.5
      vertex 17.3121 33.5693 3.5
      vertex 17.3121 30.4307 3.5
    endloop
  endfacet
  facet normal 0 0 -1
    outer loop
      vertex 17.1568 30.4077 3.5
      vertex 17.1568 33.5923 3.5
      vertex 17.3121 33.5693 3.5
    endloop
  endfacet
  facet normal 0 0 -1
    outer loop
      vertex 17 30.4 3.5
      vertex 17.1568 33.5923 3.5
      vertex 17.1568 30.4077 3.5
    endloop
  endfacet
  facet normal 0 0 -1
    outer loop
      vertex 17 30.4 3.5
      vertex 17 33.6 3.5
      vertex 17.1568 33.5923 3.5
    endloop
  endfacet
  facet normal 0 0 -1
    outer loop
      vertex 16.8432 30.4077 3.5
      vertex 17 33.6 3.5
      vertex 17 30.4 3.5
    endloop
  endfacet
  facet normal 0 0 -1
    outer loop
      vertex 16.8432 30.4077 3.5
      vertex 16.8432 33.5923 3.5
      vertex 17 33.6 3.5
    endloop
  endfacet
  facet normal 0 0 -1
    outer loop
      vertex 16.6879 30.4307 3.5
      vertex 16.8432 33.5923 3.5
      vertex 16.8432 30.4077 3.5
    endloop
  endfacet
  facet normal 0 0 -1
    outer loop
      vertex 16.6879 30.4307 3.5
      vertex 16.6879 33.5693 3.5
      vertex 16.8432 33.5923 3.5
    endloop
  endfacet
  facet normal 0 0 -1
    outer loop
      vertex 16.5355 30.4689 3.5
      vertex 16.6879 33.5693 3.5
      vertex 16.6879 30.4307 3.5
    endloop
  endfacet
  facet normal 0 0 -1
    outer loop
      vertex 16.5355 30.4689 3.5
      vertex 16.5355 33.5311 3.5
      vertex 16.6879 33.5693 3.5
    endloop
  endfacet
  facet normal 0 0 -1
    outer loop
      vertex 16.3877 30.5218 3.5
      vertex 16.5355 33.5311 3.5
      vertex 16.5355 30.4689 3.5
    endloop
  endfacet
  facet normal 0 0 -1
    outer loop
      vertex 16.3877 30.5218 3.5
      vertex 16.3877 33.4782 3.5
      vertex 16.5355 33.5311 3.5
    endloop
  endfacet
  facet normal 0 0 -1
    outer loop
      vertex 16.2458 30.5889 3.5
      vertex 16.3877 33.4782 3.5
      vertex 16.3877 30.5218 3.5
    endloop
  endfacet
  facet normal 0 0 -1
    outer loop
      vertex 16.2458 30.5889 3.5
      vertex 16.2458 33.4111 3.5
      vertex 16.3877 33.4782 3.5
    endloop
  endfacet
  facet normal 0 0 -1
    outer loop
      vertex 16.1111 30.6696 3.5
      vertex 16.2458 33.4111 3.5
      vertex 16.2458 30.5889 3.5
    endloop
  endfacet
  facet normal 0 0 -1
    outer loop
      vertex 16.1111 30.6696 3.5
      vertex 16.1111 33.3304 3.5
      vertex 16.2458 33.4111 3.5
    endloop
  endfacet
  facet normal 0 0 -1
    outer loop
      vertex 15.985 30.7632 3.5
      vertex 16.1111 33.3304 3.5
      vertex 16.1111 30.6696 3.5
    endloop
  endfacet
  facet normal 0 0 -1
    outer loop
      vertex 15.985 30.7632 3.5
      vertex 15.985 33.2368 3.5
      vertex 16.1111 33.3304 3.5
    endloop
  endfacet
  facet normal 0 0 -1
    outer loop
      vertex 15.8686 30.8686 3.5
      vertex 15.985 33.2368 3.5
      vertex 15.985 30.7632 3.5
    endloop
  endfacet
  facet normal 0 0 -1
    outer loop
      vertex 15.8686 30.8686 3.5
      vertex 15.8686 33.1314 3.5
      vertex 15.985 33.2368 3.5
    endloop
  endfacet
  facet normal 0 0 -1
    outer loop
      vertex 15.7632 30.985 3.5
      vertex 15.8686 33.1314 3.5
      vertex 15.8686 30.8686 3.5
    endloop
  endfacet
  facet normal 0 0 -1
    outer loop
      vertex 15.7632 30.985 3.5
      vertex 15.7632 33.015 3.5
      vertex 15.8686 33.1314 3.5
    endloop
  endfacet
  facet normal 0 0 -1
    outer loop
      vertex 15.6696 31.1111 3.5
      vertex 15.7632 33.015 3.5
      vertex 15.7632 30.985 3.5
    endloop
  endfacet
  facet normal 0 0 -1
    outer loop
      vertex 15.6696 31.1111 3.5
      vertex 15.6696 32.8889 3.5
      vertex 15.7632 33.015 3.5
    endloop
  endfacet
  facet normal 0 0 -1
    outer loop
      vertex 15.5889 31.2458 3.5
      vertex 15.6696 32.8889 3.5
      vertex 15.6696 31.1111 3.5
    endloop
  endfacet
  facet normal 0 0 -1
    outer loop
      vertex 15.5889 31.2458 3.5
      vertex 15.5889 32.7542 3.5
      vertex 15.6696 32.8889 3.5
    endloop
  endfacet
  facet normal 0 0 -1
    outer loop
      vertex 15.5218 31.3877 3.5
      vertex 15.5889 32.7542 3.5
      vertex 15.5889 31.2458 3.5
    endloop
  endfacet
  facet normal 0 0 -1
    outer loop
      vertex 15.5218 31.3877 3.5
      vertex 15.5218 32.6123 3.5
      vertex 15.5889 32.7542 3.5
    endloop
  endfacet
  facet normal 0 0 -1
    outer loop
      vertex 15.4689 31.5355 3.5
      vertex 15.5218 32.6123 3.5
      vertex 15.5218 31.3877 3.5
    endloop
  endfacet
  facet normal 0 0 -1
    outer loop
      vertex 15.4689 31.5355 3.5
      vertex 15.4689 32.4645 3.5
      vertex 15.5218 32.6123 3.5
    endloop
  endfacet
  facet normal 0 0 -1
    outer loop
      vertex 15.4307 31.6879 3.5
      vertex 15.4689 32.4645 3.5
      vertex 15.4689 31.5355 3.5
    endloop
  endfacet
  facet normal 0 0 -1
    outer loop
      vertex 15.4307 31.6879 3.5
      vertex 15.4307 32.3121 3.5
      vertex 15.4689 32.4645 3.5
    endloop
  endfacet
  facet normal 0 0 -1
    outer loop
      vertex 15.4077 31.8432 3.5
      vertex 15.4307 32.3121 3.5
      vertex 15.4307 31.6879 3.5
    endloop
  endfacet
  facet normal 0 0 -1
    outer loop
      vertex 15.4077 31.8432 3.5
      vertex 15.4077 32.1568 3.5
      vertex 15.4307 32.3121 3.5
    endloop
  endfacet
  facet normal 0 -0 -1
    outer loop
      vertex 15.4077 32.1568 3.5
      vertex 15.4077 31.8432 3.5
      vertex 15.4 32 3.5
    endloop
  endfacet
  facet normal 0.998796 -0.049048 0
    outer loop
      vertex 15.4 32 3.5
      vertex 15.4077 32.1568 0.99
      vertex 15.4077 32.1568 3.5
    endloop
  endfacet
  facet normal 0.998796 -0.049048 0
    outer loop
      vertex 15.4077 32.1568 0.99
      vertex 15.4 32 3.5
      vertex 15.4 32 0.99
    endloop
  endfacet
  facet normal -0.671213 0.741264 0
    outer loop
      vertex 18.1314 30.8686 0.99
      vertex 18.015 30.7632 3.5
      vertex 18.1314 30.8686 3.5
    endloop
  endfacet
  facet normal -0.671213 0.741264 0
    outer loop
      vertex 18.015 30.7632 3.5
      vertex 18.1314 30.8686 0.99
      vertex 18.015 30.7632 0.99
    endloop
  endfacet
  facet normal -0.856731 -0.0421343 -0.514039
    outer loop
      vertex 19.1835 32.2135 0
      vertex 19.194 32 0
      vertex 18.6 32 0.99
    endloop
  endfacet
  facet normal 0.208553 0.832027 -0.514039
    outer loop
      vertex 16.3646 29.9001 0
      vertex 16.5355 30.4689 0.99
      vertex 16.6879 30.4307 0.99
    endloop
  endfacet
  facet normal 0.22098 0.828677 -0.514259
    outer loop
      vertex 16.5355 30.4689 0.99
      vertex 16.3646 29.9001 0
      vertex 16.3631 29.9005 0
    endloop
  endfacet
  facet normal -0.208553 -0.832027 -0.514039
    outer loop
      vertex 17.6354 34.0999 0
      vertex 17.4645 33.5311 0.99
      vertex 17.3121 33.5693 0.99
    endloop
  endfacet
  facet normal -0.22098 -0.828677 -0.514259
    outer loop
      vertex 17.4645 33.5311 0.99
      vertex 17.6354 34.0999 0
      vertex 17.6369 34.0995 0
    endloop
  endfacet
  facet normal -0.832027 0.208553 -0.514039
    outer loop
      vertex 19.0999 31.3646 0
      vertex 18.5311 31.5355 0.99
      vertex 18.5693 31.6879 0.99
    endloop
  endfacet
  facet normal -0.828677 0.22098 -0.514259
    outer loop
      vertex 18.5311 31.5355 0.99
      vertex 19.0999 31.3646 0
      vertex 19.0995 31.3631 0
    endloop
  endfacet
  facet normal -0.735835 0.440845 -0.514007
    outer loop
      vertex 18.9349 30.9658 0
      vertex 18.3304 31.1111 0.99
      vertex 18.4111 31.2458 0.99
    endloop
  endfacet
  facet normal -0.743536 0.424878 -0.516366
    outer loop
      vertex 18.3304 31.1111 0.99
      vertex 18.9349 30.9658 0
      vertex 18.9341 30.9644 0
    endloop
  endfacet
  facet normal -0.705625 -0.48851 -0.513275
    outer loop
      vertex 18.6969 33.3906 0
      vertex 18.2368 33.015 0.99
      vertex 18.696 33.3919 0
    endloop
  endfacet
  facet normal -0.688753 -0.511239 -0.514057
    outer loop
      vertex 18.2368 33.015 0.99
      vertex 18.6969 33.3906 0
      vertex 18.3304 32.8889 0.99
    endloop
  endfacet
  facet normal -0.289005 0.807609 -0.514047
    outer loop
      vertex 17.8396 29.973 0
      vertex 17.6384 29.901 0
      vertex 17.6123 30.5218 0.99
    endloop
  endfacet
  facet normal -0.735696 0.441097 -0.513989
    outer loop
      vertex 18.9341 30.9644 0
      vertex 18.8242 30.7811 0
      vertex 18.3304 31.1111 0.99
    endloop
  endfacet
  facet normal -0.510881 -0.689067 -0.513992
    outer loop
      vertex 18.2189 33.8242 0
      vertex 18.3906 33.6969 0
      vertex 17.8889 33.3304 0.99
    endloop
  endfacet
  facet normal 0.366828 -0.775395 -0.514004
    outer loop
      vertex 16.159 34.0263 0
      vertex 16.2458 33.4111 0.99
      vertex 15.9658 33.9349 0
    endloop
  endfacet
  facet normal 0.635704 -0.575906 -0.514016
    outer loop
      vertex 15.4486 33.5514 0
      vertex 15.8686 33.1314 0.99
      vertex 15.3051 33.393 0
    endloop
  endfacet
  facet normal 0.705625 -0.48851 -0.513275
    outer loop
      vertex 15.7632 33.015 0.99
      vertex 15.3031 33.3906 0
      vertex 15.304 33.3919 0
    endloop
  endfacet
  facet normal 0.688753 -0.511239 -0.514057
    outer loop
      vertex 15.3031 33.3906 0
      vertex 15.7632 33.015 0.99
      vertex 15.6696 32.8889 0.99
    endloop
  endfacet
  facet normal 0.106371 0.850964 -0.514339
    outer loop
      vertex 16.7834 29.8168 0
      vertex 16.8432 30.4077 0.99
      vertex 16.785 29.8166 0
    endloop
  endfacet
  facet normal 0.125665 0.848511 -0.51404
    outer loop
      vertex 16.8432 30.4077 0.99
      vertex 16.7834 29.8168 0
      vertex 16.6879 30.4307 0.99
    endloop
  endfacet
  facet normal 0.688753 0.511239 -0.514057
    outer loop
      vertex 15.7632 30.985 0.99
      vertex 15.3031 30.6094 0
      vertex 15.6696 31.1111 0.99
    endloop
  endfacet
  facet normal 0.705625 0.48851 -0.513275
    outer loop
      vertex 15.3031 30.6094 0
      vertex 15.7632 30.985 0.99
      vertex 15.304 30.6081 0
    endloop
  endfacet
  facet normal 0.855722 -0.0570482 -0.514281
    outer loop
      vertex 15.4077 32.1568 0.99
      vertex 14.8165 32.2135 0
      vertex 14.8166 32.215 0
    endloop
  endfacet
  facet normal 0.85674 -0.042072 -0.51403
    outer loop
      vertex 14.8165 32.2135 0
      vertex 15.4077 32.1568 0.99
      vertex 15.4 32 0.99
    endloop
  endfacet
  facet normal 0.575906 -0.635704 -0.514016
    outer loop
      vertex 15.607 33.6949 0
      vertex 15.8686 33.1314 0.99
      vertex 15.4486 33.5514 0
    endloop
  endfacet
  facet normal 0.441097 0.735696 -0.513989
    outer loop
      vertex 16.1111 30.6696 0.99
      vertex 15.9644 30.0659 0
      vertex 15.7811 30.1758 0
    endloop
  endfacet
  facet normal -0.0421343 -0.856731 -0.514039
    outer loop
      vertex 17 34.194 0
      vertex 17.2135 34.1835 0
      vertex 17 33.6 0.99
    endloop
  endfacet
  facet normal -0.856731 0.0421343 -0.514039
    outer loop
      vertex 19.194 32 0
      vertex 19.1835 31.7865 0
      vertex 18.6 32 0.99
    endloop
  endfacet
  facet normal 0.807609 -0.289005 -0.514047
    outer loop
      vertex 14.973 32.8396 0
      vertex 15.5218 32.6123 0.99
      vertex 14.901 32.6384 0
    endloop
  endfacet
  facet normal 0.510881 0.689067 -0.513992
    outer loop
      vertex 16.1111 30.6696 0.99
      vertex 15.7811 30.1758 0
      vertex 15.6094 30.3031 0
    endloop
  endfacet
  facet normal 0.635808 0.575723 -0.514094
    outer loop
      vertex 15.8686 30.8686 0.99
      vertex 15.304 30.6081 0
      vertex 15.7632 30.985 0.99
    endloop
  endfacet
  facet normal 0.609189 0.609189 -0.507719
    outer loop
      vertex 15.304 30.6081 0
      vertex 15.8686 30.8686 0.99
      vertex 15.3051 30.607 0
    endloop
  endfacet
  facet normal -0.609189 0.609189 -0.507719
    outer loop
      vertex 18.3919 30.304 0
      vertex 18.1314 30.8686 0.99
      vertex 18.393 30.3051 0
    endloop
  endfacet
  facet normal -0.575723 0.635808 -0.514094
    outer loop
      vertex 18.1314 30.8686 0.99
      vertex 18.3919 30.304 0
      vertex 18.015 30.7632 0.99
    endloop
  endfacet
  facet normal -0.0421343 0.856731 -0.514039
    outer loop
      vertex 17 30.4 0.99
      vertex 17.2135 29.8165 0
      vertex 17 29.806 0
    endloop
  endfacet
  facet normal -0.832135 0.208234 -0.513993
    outer loop
      vertex 19.1518 31.572 0
      vertex 19.0999 31.3646 0
      vertex 18.5693 31.6879 0.99
    endloop
  endfacet
  facet normal 0.856731 -0.0421343 -0.514039
    outer loop
      vertex 14.8165 32.2135 0
      vertex 15.4 32 0.99
      vertex 14.806 32 0
    endloop
  endfacet
  facet normal 0.208234 0.832135 -0.513993
    outer loop
      vertex 16.6879 30.4307 0.99
      vertex 16.572 29.8482 0
      vertex 16.3646 29.9001 0
    endloop
  endfacet
  facet normal -0.775395 -0.366828 -0.514004
    outer loop
      vertex 18.9349 33.0342 0
      vertex 19.0263 32.841 0
      vertex 18.4111 32.7542 0.99
    endloop
  endfacet
  facet normal -0.575906 0.635704 -0.514016
    outer loop
      vertex 18.5514 30.4486 0
      vertex 18.393 30.3051 0
      vertex 18.1314 30.8686 0.99
    endloop
  endfacet
  facet normal -0.609189 -0.609189 -0.507719
    outer loop
      vertex 18.696 33.3919 0
      vertex 18.1314 33.1314 0.99
      vertex 18.6949 33.393 0
    endloop
  endfacet
  facet normal -0.635808 -0.575723 -0.514094
    outer loop
      vertex 18.1314 33.1314 0.99
      vertex 18.696 33.3919 0
      vertex 18.2368 33.015 0.99
    endloop
  endfacet
  facet normal 0.828677 -0.22098 -0.514259
    outer loop
      vertex 15.4689 32.4645 0.99
      vertex 14.9001 32.6354 0
      vertex 14.9005 32.6369 0
    endloop
  endfacet
  facet normal 0.832027 -0.208553 -0.514039
    outer loop
      vertex 14.9001 32.6354 0
      vertex 15.4689 32.4645 0.99
      vertex 15.4307 32.3121 0.99
    endloop
  endfacet
  facet normal -0.384324 0.768649 -0.511345
    outer loop
      vertex 17.8396 29.973 0
      vertex 17.7542 30.5889 0.99
      vertex 17.841 29.9737 0
    endloop
  endfacet
  facet normal -0.366679 0.775437 -0.514046
    outer loop
      vertex 17.7542 30.5889 0.99
      vertex 17.8396 29.973 0
      vertex 17.6123 30.5218 0.99
    endloop
  endfacet
  facet normal 0.0421343 0.856731 -0.514039
    outer loop
      vertex 17 30.4 0.99
      vertex 17 29.806 0
      vertex 16.7865 29.8165 0
    endloop
  endfacet
  facet normal 0.424878 -0.743536 -0.516366
    outer loop
      vertex 15.9658 33.9349 0
      vertex 16.1111 33.3304 0.99
      vertex 15.9644 33.9341 0
    endloop
  endfacet
  facet normal 0.440845 -0.735835 -0.514007
    outer loop
      vertex 16.1111 33.3304 0.99
      vertex 15.9658 33.9349 0
      vertex 16.2458 33.4111 0.99
    endloop
  endfacet
  facet normal 0.81233 -0.270777 -0.516527
    outer loop
      vertex 15.5218 32.6123 0.99
      vertex 14.9005 32.6369 0
      vertex 14.901 32.6384 0
    endloop
  endfacet
  facet normal 0.807609 -0.289056 -0.514018
    outer loop
      vertex 14.9005 32.6369 0
      vertex 15.5218 32.6123 0.99
      vertex 15.4689 32.4645 0.99
    endloop
  endfacet
  facet normal -0.289056 -0.807609 -0.514018
    outer loop
      vertex 17.6369 34.0995 0
      vertex 17.6123 33.4782 0.99
      vertex 17.4645 33.5311 0.99
    endloop
  endfacet
  facet normal -0.270777 -0.81233 -0.516527
    outer loop
      vertex 17.6123 33.4782 0.99
      vertex 17.6369 34.0995 0
      vertex 17.6384 34.099 0
    endloop
  endfacet
  facet normal -0.688753 0.511239 -0.514057
    outer loop
      vertex 18.6969 30.6094 0
      vertex 18.2368 30.985 0.99
      vertex 18.3304 31.1111 0.99
    endloop
  endfacet
  facet normal -0.705625 0.48851 -0.513275
    outer loop
      vertex 18.2368 30.985 0.99
      vertex 18.6969 30.6094 0
      vertex 18.696 30.6081 0
    endloop
  endfacet
  facet normal 0.743536 -0.424878 -0.516366
    outer loop
      vertex 15.6696 32.8889 0.99
      vertex 15.0651 33.0342 0
      vertex 15.0659 33.0356 0
    endloop
  endfacet
  facet normal 0.735835 -0.440845 -0.514007
    outer loop
      vertex 15.0651 33.0342 0
      vertex 15.6696 32.8889 0.99
      vertex 15.5889 32.7542 0.99
    endloop
  endfacet
  facet normal -0.366828 -0.775395 -0.514004
    outer loop
      vertex 17.841 34.0263 0
      vertex 18.0342 33.9349 0
      vertex 17.7542 33.4111 0.99
    endloop
  endfacet
  facet normal 0.289056 0.807609 -0.514018
    outer loop
      vertex 16.3631 29.9005 0
      vertex 16.3877 30.5218 0.99
      vertex 16.5355 30.4689 0.99
    endloop
  endfacet
  facet normal 0.270777 0.81233 -0.516527
    outer loop
      vertex 16.3877 30.5218 0.99
      vertex 16.3631 29.9005 0
      vertex 16.3616 29.901 0
    endloop
  endfacet
  facet normal 0.832135 -0.208234 -0.513993
    outer loop
      vertex 14.9001 32.6354 0
      vertex 15.4307 32.3121 0.99
      vertex 14.8482 32.428 0
    endloop
  endfacet
  facet normal -0.22098 0.828677 -0.514259
    outer loop
      vertex 17.6354 29.9001 0
      vertex 17.4645 30.4689 0.99
      vertex 17.6369 29.9005 0
    endloop
  endfacet
  facet normal -0.208553 0.832027 -0.514039
    outer loop
      vertex 17.4645 30.4689 0.99
      vertex 17.6354 29.9001 0
      vertex 17.3121 30.4307 0.99
    endloop
  endfacet
  facet normal -0.208234 -0.832135 -0.513993
    outer loop
      vertex 17.428 34.1518 0
      vertex 17.6354 34.0999 0
      vertex 17.3121 33.5693 0.99
    endloop
  endfacet
  facet normal 0.440845 0.735835 -0.514007
    outer loop
      vertex 15.9658 30.0651 0
      vertex 16.1111 30.6696 0.99
      vertex 16.2458 30.5889 0.99
    endloop
  endfacet
  facet normal 0.424878 0.743536 -0.516366
    outer loop
      vertex 16.1111 30.6696 0.99
      vertex 15.9658 30.0651 0
      vertex 15.9644 30.0659 0
    endloop
  endfacet
  facet normal -0.270777 0.81233 -0.516527
    outer loop
      vertex 17.6369 29.9005 0
      vertex 17.6123 30.5218 0.99
      vertex 17.6384 29.901 0
    endloop
  endfacet
  facet normal -0.289056 0.807609 -0.514018
    outer loop
      vertex 17.6123 30.5218 0.99
      vertex 17.6369 29.9005 0
      vertex 17.4645 30.4689 0.99
    endloop
  endfacet
  facet normal -0.768649 -0.384324 -0.511345
    outer loop
      vertex 19.027 32.8396 0
      vertex 18.4111 32.7542 0.99
      vertex 19.0263 32.841 0
    endloop
  endfacet
  facet normal -0.775437 -0.366679 -0.514046
    outer loop
      vertex 18.4111 32.7542 0.99
      vertex 19.027 32.8396 0
      vertex 18.4782 32.6123 0.99
    endloop
  endfacet
  facet normal 0.735696 -0.441097 -0.513989
    outer loop
      vertex 15.1758 33.2189 0
      vertex 15.6696 32.8889 0.99
      vertex 15.0659 33.0356 0
    endloop
  endfacet
  facet normal 0.126029 0.848487 -0.51399
    outer loop
      vertex 16.6879 30.4307 0.99
      vertex 16.7834 29.8168 0
      vertex 16.572 29.8482 0
    endloop
  endfacet
  facet normal -0.48851 0.705625 -0.513275
    outer loop
      vertex 18.3906 30.3031 0
      vertex 18.015 30.7632 0.99
      vertex 18.3919 30.304 0
    endloop
  endfacet
  facet normal -0.511239 0.688753 -0.514057
    outer loop
      vertex 18.015 30.7632 0.99
      vertex 18.3906 30.3031 0
      vertex 17.8889 30.6696 0.99
    endloop
  endfacet
  facet normal 0.48851 -0.705625 -0.513275
    outer loop
      vertex 15.6094 33.6969 0
      vertex 15.985 33.2368 0.99
      vertex 15.6081 33.696 0
    endloop
  endfacet
  facet normal 0.511239 -0.688753 -0.514057
    outer loop
      vertex 15.985 33.2368 0.99
      vertex 15.6094 33.6969 0
      vertex 16.1111 33.3304 0.99
    endloop
  endfacet
  facet normal -0.511239 -0.688753 -0.514057
    outer loop
      vertex 18.3906 33.6969 0
      vertex 18.015 33.2368 0.99
      vertex 17.8889 33.3304 0.99
    endloop
  endfacet
  facet normal -0.48851 -0.705625 -0.513275
    outer loop
      vertex 18.015 33.2368 0.99
      vertex 18.3906 33.6969 0
      vertex 18.3919 33.696 0
    endloop
  endfacet
  facet normal 0.366828 0.775395 -0.514004
    outer loop
      vertex 16.2458 30.5889 0.99
      vertex 16.159 29.9737 0
      vertex 15.9658 30.0651 0
    endloop
  endfacet
  facet normal 0.609189 -0.609189 -0.507719
    outer loop
      vertex 15.6081 33.696 0
      vertex 15.8686 33.1314 0.99
      vertex 15.607 33.6949 0
    endloop
  endfacet
  facet normal 0.575723 -0.635808 -0.514094
    outer loop
      vertex 15.8686 33.1314 0.99
      vertex 15.6081 33.696 0
      vertex 15.985 33.2368 0.99
    endloop
  endfacet
  facet normal 0.575906 0.635704 -0.514016
    outer loop
      vertex 15.8686 30.8686 0.99
      vertex 15.607 30.3051 0
      vertex 15.4486 30.4486 0
    endloop
  endfacet
  facet normal -0.81233 -0.270777 -0.516527
    outer loop
      vertex 19.0995 32.6369 0
      vertex 18.4782 32.6123 0.99
      vertex 19.099 32.6384 0
    endloop
  endfacet
  facet normal -0.807609 -0.289056 -0.514018
    outer loop
      vertex 18.4782 32.6123 0.99
      vertex 19.0995 32.6369 0
      vertex 18.5311 32.4645 0.99
    endloop
  endfacet
  facet normal 0.635704 0.575906 -0.514016
    outer loop
      vertex 15.8686 30.8686 0.99
      vertex 15.4486 30.4486 0
      vertex 15.3051 30.607 0
    endloop
  endfacet
  facet normal 0.689067 -0.510881 -0.513992
    outer loop
      vertex 15.3031 33.3906 0
      vertex 15.6696 32.8889 0.99
      vertex 15.1758 33.2189 0
    endloop
  endfacet
  facet normal -0.828677 -0.22098 -0.514259
    outer loop
      vertex 19.0999 32.6354 0
      vertex 18.5311 32.4645 0.99
      vertex 19.0995 32.6369 0
    endloop
  endfacet
  facet normal -0.832027 -0.208553 -0.514039
    outer loop
      vertex 18.5311 32.4645 0.99
      vertex 19.0999 32.6354 0
      vertex 18.5693 32.3121 0.99
    endloop
  endfacet
  facet normal -0.635704 0.575906 -0.514016
    outer loop
      vertex 18.6949 30.607 0
      vertex 18.5514 30.4486 0
      vertex 18.1314 30.8686 0.99
    endloop
  endfacet
  facet normal -0.126029 -0.848487 -0.51399
    outer loop
      vertex 17.428 34.1518 0
      vertex 17.3121 33.5693 0.99
      vertex 17.2166 34.1832 0
    endloop
  endfacet
  facet normal 0.848487 -0.126029 -0.51399
    outer loop
      vertex 14.8482 32.428 0
      vertex 15.4307 32.3121 0.99
      vertex 14.8168 32.2166 0
    endloop
  endfacet
  facet normal -0.366679 -0.775437 -0.514046
    outer loop
      vertex 17.8396 34.027 0
      vertex 17.7542 33.4111 0.99
      vertex 17.6123 33.4782 0.99
    endloop
  endfacet
  facet normal -0.384324 -0.768649 -0.511345
    outer loop
      vertex 17.7542 33.4111 0.99
      vertex 17.8396 34.027 0
      vertex 17.841 34.0263 0
    endloop
  endfacet
  facet normal 0.735696 0.441097 -0.513989
    outer loop
      vertex 15.6696 31.1111 0.99
      vertex 15.1758 30.7811 0
      vertex 15.0659 30.9644 0
    endloop
  endfacet
  facet normal -0.289005 -0.807609 -0.514047
    outer loop
      vertex 17.6384 34.099 0
      vertex 17.8396 34.027 0
      vertex 17.6123 33.4782 0.99
    endloop
  endfacet
  facet normal 0.689067 0.510881 -0.513992
    outer loop
      vertex 15.6696 31.1111 0.99
      vertex 15.3031 30.6094 0
      vertex 15.1758 30.7811 0
    endloop
  endfacet
  facet normal -0.575906 -0.635704 -0.514016
    outer loop
      vertex 18.393 33.6949 0
      vertex 18.5514 33.5514 0
      vertex 18.1314 33.1314 0.99
    endloop
  endfacet
  facet normal -0.510881 0.689067 -0.513992
    outer loop
      vertex 18.3906 30.3031 0
      vertex 18.2189 30.1758 0
      vertex 17.8889 30.6696 0.99
    endloop
  endfacet
  facet normal -0.424878 0.743536 -0.516366
    outer loop
      vertex 18.0342 30.0651 0
      vertex 17.8889 30.6696 0.99
      vertex 18.0356 30.0659 0
    endloop
  endfacet
  facet normal -0.440845 0.735835 -0.514007
    outer loop
      vertex 17.8889 30.6696 0.99
      vertex 18.0342 30.0651 0
      vertex 17.7542 30.5889 0.99
    endloop
  endfacet
  facet normal -0.850964 -0.106371 -0.514339
    outer loop
      vertex 18.5923 32.1568 0.99
      vertex 19.1832 32.2166 0
      vertex 19.1834 32.215 0
    endloop
  endfacet
  facet normal -0.848511 -0.125665 -0.51404
    outer loop
      vertex 19.1832 32.2166 0
      vertex 18.5923 32.1568 0.99
      vertex 18.5693 32.3121 0.99
    endloop
  endfacet
  facet normal -0.807609 -0.289005 -0.514047
    outer loop
      vertex 19.027 32.8396 0
      vertex 19.099 32.6384 0
      vertex 18.4782 32.6123 0.99
    endloop
  endfacet
  facet normal 0.289005 -0.807609 -0.514047
    outer loop
      vertex 16.3616 34.099 0
      vertex 16.3877 33.4782 0.99
      vertex 16.1604 34.027 0
    endloop
  endfacet
  facet normal 0.848487 0.126029 -0.51399
    outer loop
      vertex 15.4307 31.6879 0.99
      vertex 14.8482 31.572 0
      vertex 14.8168 31.7834 0
    endloop
  endfacet
  facet normal 0.0421343 -0.856731 -0.514039
    outer loop
      vertex 17 34.194 0
      vertex 17 33.6 0.99
      vertex 16.7865 34.1835 0
    endloop
  endfacet
  facet normal -0.848487 0.126029 -0.51399
    outer loop
      vertex 19.1832 31.7834 0
      vertex 19.1518 31.572 0
      vertex 18.5693 31.6879 0.99
    endloop
  endfacet
  facet normal 0.768649 -0.384324 -0.511345
    outer loop
      vertex 15.5889 32.7542 0.99
      vertex 14.973 32.8396 0
      vertex 14.9737 32.841 0
    endloop
  endfacet
  facet normal 0.775437 -0.366679 -0.514046
    outer loop
      vertex 14.973 32.8396 0
      vertex 15.5889 32.7542 0.99
      vertex 15.5218 32.6123 0.99
    endloop
  endfacet
  facet normal -0.689067 0.510881 -0.513992
    outer loop
      vertex 18.8242 30.7811 0
      vertex 18.6969 30.6094 0
      vertex 18.3304 31.1111 0.99
    endloop
  endfacet
  facet normal -0.635808 0.575723 -0.514094
    outer loop
      vertex 18.696 30.6081 0
      vertex 18.1314 30.8686 0.99
      vertex 18.2368 30.985 0.99
    endloop
  endfacet
  facet normal -0.609189 0.609189 -0.507719
    outer loop
      vertex 18.1314 30.8686 0.99
      vertex 18.696 30.6081 0
      vertex 18.6949 30.607 0
    endloop
  endfacet
  facet normal -0.0570482 0.855722 -0.514281
    outer loop
      vertex 17.2135 29.8165 0
      vertex 17.1568 30.4077 0.99
      vertex 17.215 29.8166 0
    endloop
  endfacet
  facet normal -0.042072 0.85674 -0.51403
    outer loop
      vertex 17.1568 30.4077 0.99
      vertex 17.2135 29.8165 0
      vertex 17 30.4 0.99
    endloop
  endfacet
  facet normal 0.832135 0.208234 -0.513993
    outer loop
      vertex 15.4307 31.6879 0.99
      vertex 14.9001 31.3646 0
      vertex 14.8482 31.572 0
    endloop
  endfacet
  facet normal 0.832027 0.208553 -0.514039
    outer loop
      vertex 15.4689 31.5355 0.99
      vertex 14.9001 31.3646 0
      vertex 15.4307 31.6879 0.99
    endloop
  endfacet
  facet normal 0.828677 0.22098 -0.514259
    outer loop
      vertex 14.9001 31.3646 0
      vertex 15.4689 31.5355 0.99
      vertex 14.9005 31.3631 0
    endloop
  endfacet
  facet normal -0.575723 -0.635808 -0.514094
    outer loop
      vertex 18.3919 33.696 0
      vertex 18.1314 33.1314 0.99
      vertex 18.015 33.2368 0.99
    endloop
  endfacet
  facet normal -0.609189 -0.609189 -0.507719
    outer loop
      vertex 18.1314 33.1314 0.99
      vertex 18.3919 33.696 0
      vertex 18.393 33.6949 0
    endloop
  endfacet
  facet normal 0.848511 -0.125665 -0.51404
    outer loop
      vertex 15.4077 32.1568 0.99
      vertex 14.8168 32.2166 0
      vertex 15.4307 32.3121 0.99
    endloop
  endfacet
  facet normal 0.850964 -0.106371 -0.514339
    outer loop
      vertex 14.8168 32.2166 0
      vertex 15.4077 32.1568 0.99
      vertex 14.8166 32.215 0
    endloop
  endfacet
  facet normal -0.441097 -0.735696 -0.513989
    outer loop
      vertex 18.0356 33.9341 0
      vertex 18.2189 33.8242 0
      vertex 17.8889 33.3304 0.99
    endloop
  endfacet
  facet normal -0.775395 0.366828 -0.514004
    outer loop
      vertex 19.0263 31.159 0
      vertex 18.9349 30.9658 0
      vertex 18.4111 31.2458 0.99
    endloop
  endfacet
  facet normal -0.125665 0.848511 -0.51404
    outer loop
      vertex 17.2166 29.8168 0
      vertex 17.1568 30.4077 0.99
      vertex 17.3121 30.4307 0.99
    endloop
  endfacet
  facet normal -0.106371 0.850964 -0.514339
    outer loop
      vertex 17.1568 30.4077 0.99
      vertex 17.2166 29.8168 0
      vertex 17.215 29.8166 0
    endloop
  endfacet
  facet normal 0.126029 -0.848487 -0.51399
    outer loop
      vertex 16.7834 34.1832 0
      vertex 16.6879 33.5693 0.99
      vertex 16.572 34.1518 0
    endloop
  endfacet
  facet normal 0.22098 -0.828677 -0.514259
    outer loop
      vertex 16.3646 34.0999 0
      vertex 16.5355 33.5311 0.99
      vertex 16.3631 34.0995 0
    endloop
  endfacet
  facet normal 0.208553 -0.832027 -0.514039
    outer loop
      vertex 16.5355 33.5311 0.99
      vertex 16.3646 34.0999 0
      vertex 16.6879 33.5693 0.99
    endloop
  endfacet
  facet normal 0.366679 0.775437 -0.514046
    outer loop
      vertex 16.1604 29.973 0
      vertex 16.2458 30.5889 0.99
      vertex 16.3877 30.5218 0.99
    endloop
  endfacet
  facet normal 0.384324 0.768649 -0.511345
    outer loop
      vertex 16.2458 30.5889 0.99
      vertex 16.1604 29.973 0
      vertex 16.159 29.9737 0
    endloop
  endfacet
  facet normal 0.208234 -0.832135 -0.513993
    outer loop
      vertex 16.572 34.1518 0
      vertex 16.6879 33.5693 0.99
      vertex 16.3646 34.0999 0
    endloop
  endfacet
  facet normal 0.609189 -0.609189 -0.507719
    outer loop
      vertex 15.8686 33.1314 0.99
      vertex 15.304 33.3919 0
      vertex 15.3051 33.393 0
    endloop
  endfacet
  facet normal 0.635808 -0.575723 -0.514094
    outer loop
      vertex 15.304 33.3919 0
      vertex 15.8686 33.1314 0.99
      vertex 15.7632 33.015 0.99
    endloop
  endfacet
  facet normal 0.575723 0.635808 -0.514094
    outer loop
      vertex 15.6081 30.304 0
      vertex 15.8686 30.8686 0.99
      vertex 15.985 30.7632 0.99
    endloop
  endfacet
  facet normal 0.609189 0.609189 -0.507719
    outer loop
      vertex 15.8686 30.8686 0.99
      vertex 15.6081 30.304 0
      vertex 15.607 30.3051 0
    endloop
  endfacet
  facet normal 0.441097 -0.735696 -0.513989
    outer loop
      vertex 15.9644 33.9341 0
      vertex 16.1111 33.3304 0.99
      vertex 15.7811 33.8242 0
    endloop
  endfacet
  facet normal 0.510881 -0.689067 -0.513992
    outer loop
      vertex 15.7811 33.8242 0
      vertex 16.1111 33.3304 0.99
      vertex 15.6094 33.6969 0
    endloop
  endfacet
  facet normal 0.270777 -0.81233 -0.516527
    outer loop
      vertex 16.3631 34.0995 0
      vertex 16.3877 33.4782 0.99
      vertex 16.3616 34.099 0
    endloop
  endfacet
  facet normal 0.289056 -0.807609 -0.514018
    outer loop
      vertex 16.3877 33.4782 0.99
      vertex 16.3631 34.0995 0
      vertex 16.5355 33.5311 0.99
    endloop
  endfacet
  facet normal 0.384324 -0.768649 -0.511345
    outer loop
      vertex 16.1604 34.027 0
      vertex 16.2458 33.4111 0.99
      vertex 16.159 34.0263 0
    endloop
  endfacet
  facet normal 0.366679 -0.775437 -0.514046
    outer loop
      vertex 16.2458 33.4111 0.99
      vertex 16.1604 34.027 0
      vertex 16.3877 33.4782 0.99
    endloop
  endfacet
  facet normal -0.735696 -0.441097 -0.513989
    outer loop
      vertex 18.8242 33.2189 0
      vertex 18.9341 33.0356 0
      vertex 18.3304 32.8889 0.99
    endloop
  endfacet
  facet normal -0.366828 0.775395 -0.514004
    outer loop
      vertex 18.0342 30.0651 0
      vertex 17.841 29.9737 0
      vertex 17.7542 30.5889 0.99
    endloop
  endfacet
  facet normal -0.635704 -0.575906 -0.514016
    outer loop
      vertex 18.5514 33.5514 0
      vertex 18.6949 33.393 0
      vertex 18.1314 33.1314 0.99
    endloop
  endfacet
  facet normal -0.832135 -0.208234 -0.513993
    outer loop
      vertex 19.0999 32.6354 0
      vertex 19.1518 32.428 0
      vertex 18.5693 32.3121 0.99
    endloop
  endfacet
  facet normal -0.848487 -0.126029 -0.51399
    outer loop
      vertex 19.1518 32.428 0
      vertex 19.1832 32.2166 0
      vertex 18.5693 32.3121 0.99
    endloop
  endfacet
  facet normal -0.743536 -0.424878 -0.516366
    outer loop
      vertex 18.9349 33.0342 0
      vertex 18.3304 32.8889 0.99
      vertex 18.9341 33.0356 0
    endloop
  endfacet
  facet normal -0.735835 -0.440845 -0.514007
    outer loop
      vertex 18.3304 32.8889 0.99
      vertex 18.9349 33.0342 0
      vertex 18.4111 32.7542 0.99
    endloop
  endfacet
  facet normal -0.689067 -0.510881 -0.513992
    outer loop
      vertex 18.6969 33.3906 0
      vertex 18.8242 33.2189 0
      vertex 18.3304 32.8889 0.99
    endloop
  endfacet
  facet normal -0.855722 -0.0570482 -0.514281
    outer loop
      vertex 19.1835 32.2135 0
      vertex 18.5923 32.1568 0.99
      vertex 19.1834 32.215 0
    endloop
  endfacet
  facet normal -0.85674 -0.042072 -0.51403
    outer loop
      vertex 18.5923 32.1568 0.99
      vertex 19.1835 32.2135 0
      vertex 18.6 32 0.99
    endloop
  endfacet
  facet normal -0.440845 -0.735835 -0.514007
    outer loop
      vertex 18.0342 33.9349 0
      vertex 17.8889 33.3304 0.99
      vertex 17.7542 33.4111 0.99
    endloop
  endfacet
  facet normal -0.424878 -0.743536 -0.516366
    outer loop
      vertex 17.8889 33.3304 0.99
      vertex 18.0342 33.9349 0
      vertex 18.0356 33.9341 0
    endloop
  endfacet
  facet normal -0.042072 -0.85674 -0.51403
    outer loop
      vertex 17.2135 34.1835 0
      vertex 17.1568 33.5923 0.99
      vertex 17 33.6 0.99
    endloop
  endfacet
  facet normal -0.0570482 -0.855722 -0.514281
    outer loop
      vertex 17.1568 33.5923 0.99
      vertex 17.2135 34.1835 0
      vertex 17.215 34.1834 0
    endloop
  endfacet
  facet normal -0.208234 0.832135 -0.513993
    outer loop
      vertex 17.6354 29.9001 0
      vertex 17.428 29.8482 0
      vertex 17.3121 30.4307 0.99
    endloop
  endfacet
  facet normal -0.106371 -0.850964 -0.514339
    outer loop
      vertex 17.2166 34.1832 0
      vertex 17.1568 33.5923 0.99
      vertex 17.215 34.1834 0
    endloop
  endfacet
  facet normal -0.125665 -0.848511 -0.51404
    outer loop
      vertex 17.1568 33.5923 0.99
      vertex 17.2166 34.1832 0
      vertex 17.3121 33.5693 0.99
    endloop
  endfacet
  facet normal 0.775395 -0.366828 -0.514004
    outer loop
      vertex 15.0651 33.0342 0
      vertex 15.5889 32.7542 0.99
      vertex 14.9737 32.841 0
    endloop
  endfacet
  facet normal -0.850964 0.106371 -0.514339
    outer loop
      vertex 19.1832 31.7834 0
      vertex 18.5923 31.8432 0.99
      vertex 19.1834 31.785 0
    endloop
  endfacet
  facet normal -0.848511 0.125665 -0.51404
    outer loop
      vertex 18.5923 31.8432 0.99
      vertex 19.1832 31.7834 0
      vertex 18.5693 31.6879 0.99
    endloop
  endfacet
  facet normal -0.85674 0.042072 -0.51403
    outer loop
      vertex 19.1835 31.7865 0
      vertex 18.5923 31.8432 0.99
      vertex 18.6 32 0.99
    endloop
  endfacet
  facet normal -0.855722 0.0570482 -0.514281
    outer loop
      vertex 18.5923 31.8432 0.99
      vertex 19.1835 31.7865 0
      vertex 19.1834 31.785 0
    endloop
  endfacet
  facet normal 0.807609 0.289056 -0.514018
    outer loop
      vertex 15.5218 31.3877 0.99
      vertex 14.9005 31.3631 0
      vertex 15.4689 31.5355 0.99
    endloop
  endfacet
  facet normal 0.81233 0.270777 -0.516527
    outer loop
      vertex 14.9005 31.3631 0
      vertex 15.5218 31.3877 0.99
      vertex 14.901 31.3616 0
    endloop
  endfacet
  facet normal 0.735835 0.440845 -0.514007
    outer loop
      vertex 15.6696 31.1111 0.99
      vertex 15.0651 30.9658 0
      vertex 15.5889 31.2458 0.99
    endloop
  endfacet
  facet normal 0.743536 0.424878 -0.516366
    outer loop
      vertex 15.0651 30.9658 0
      vertex 15.6696 31.1111 0.99
      vertex 15.0659 30.9644 0
    endloop
  endfacet
  facet normal -0.126029 0.848487 -0.51399
    outer loop
      vertex 17.3121 30.4307 0.99
      vertex 17.428 29.8482 0
      vertex 17.2166 29.8168 0
    endloop
  endfacet
  facet normal 0.856731 0.0421343 -0.514039
    outer loop
      vertex 15.4 32 0.99
      vertex 14.8165 31.7865 0
      vertex 14.806 32 0
    endloop
  endfacet
  facet normal 0.775395 0.366828 -0.514004
    outer loop
      vertex 15.5889 31.2458 0.99
      vertex 15.0651 30.9658 0
      vertex 14.9737 31.159 0
    endloop
  endfacet
  facet normal 0.125665 -0.848511 -0.51404
    outer loop
      vertex 16.7834 34.1832 0
      vertex 16.8432 33.5923 0.99
      vertex 16.6879 33.5693 0.99
    endloop
  endfacet
  facet normal 0.106371 -0.850964 -0.514339
    outer loop
      vertex 16.8432 33.5923 0.99
      vertex 16.7834 34.1832 0
      vertex 16.785 34.1834 0
    endloop
  endfacet
  facet normal 0.289005 0.807609 -0.514047
    outer loop
      vertex 16.3877 30.5218 0.99
      vertex 16.3616 29.901 0
      vertex 16.1604 29.973 0
    endloop
  endfacet
  facet normal -0.775437 0.366679 -0.514046
    outer loop
      vertex 19.027 31.1604 0
      vertex 18.4111 31.2458 0.99
      vertex 18.4782 31.3877 0.99
    endloop
  endfacet
  facet normal -0.768649 0.384324 -0.511345
    outer loop
      vertex 18.4111 31.2458 0.99
      vertex 19.027 31.1604 0
      vertex 19.0263 31.159 0
    endloop
  endfacet
  facet normal 0.0570482 -0.855722 -0.514281
    outer loop
      vertex 16.7865 34.1835 0
      vertex 16.8432 33.5923 0.99
      vertex 16.785 34.1834 0
    endloop
  endfacet
  facet normal 0.042072 -0.85674 -0.51403
    outer loop
      vertex 16.8432 33.5923 0.99
      vertex 16.7865 34.1835 0
      vertex 17 33.6 0.99
    endloop
  endfacet
  facet normal 0.775437 0.366679 -0.514046
    outer loop
      vertex 15.5889 31.2458 0.99
      vertex 14.973 31.1604 0
      vertex 15.5218 31.3877 0.99
    endloop
  endfacet
  facet normal 0.768649 0.384324 -0.511345
    outer loop
      vertex 14.973 31.1604 0
      vertex 15.5889 31.2458 0.99
      vertex 14.9737 31.159 0
    endloop
  endfacet
  facet normal 0.807609 0.289005 -0.514047
    outer loop
      vertex 15.5218 31.3877 0.99
      vertex 14.973 31.1604 0
      vertex 14.901 31.3616 0
    endloop
  endfacet
  facet normal -0.441097 0.735696 -0.513989
    outer loop
      vertex 18.2189 30.1758 0
      vertex 18.0356 30.0659 0
      vertex 17.8889 30.6696 0.99
    endloop
  endfacet
  facet normal 0.511239 0.688753 -0.514057
    outer loop
      vertex 15.6094 30.3031 0
      vertex 15.985 30.7632 0.99
      vertex 16.1111 30.6696 0.99
    endloop
  endfacet
  facet normal 0.48851 0.705625 -0.513275
    outer loop
      vertex 15.985 30.7632 0.99
      vertex 15.6094 30.3031 0
      vertex 15.6081 30.304 0
    endloop
  endfacet
  facet normal 0.042072 0.85674 -0.51403
    outer loop
      vertex 16.7865 29.8165 0
      vertex 16.8432 30.4077 0.99
      vertex 17 30.4 0.99
    endloop
  endfacet
  facet normal 0.0570482 0.855722 -0.514281
    outer loop
      vertex 16.8432 30.4077 0.99
      vertex 16.7865 29.8165 0
      vertex 16.785 29.8166 0
    endloop
  endfacet
  facet normal -0.807609 0.289005 -0.514047
    outer loop
      vertex 19.099 31.3616 0
      vertex 19.027 31.1604 0
      vertex 18.4782 31.3877 0.99
    endloop
  endfacet
  facet normal -0.807609 0.289056 -0.514018
    outer loop
      vertex 19.0995 31.3631 0
      vertex 18.4782 31.3877 0.99
      vertex 18.5311 31.5355 0.99
    endloop
  endfacet
  facet normal -0.81233 0.270777 -0.516527
    outer loop
      vertex 18.4782 31.3877 0.99
      vertex 19.0995 31.3631 0
      vertex 19.099 31.3616 0
    endloop
  endfacet
  facet normal 0.85674 0.042072 -0.51403
    outer loop
      vertex 15.4077 31.8432 0.99
      vertex 14.8165 31.7865 0
      vertex 15.4 32 0.99
    endloop
  endfacet
  facet normal 0.855722 0.0570482 -0.514281
    outer loop
      vertex 14.8165 31.7865 0
      vertex 15.4077 31.8432 0.99
      vertex 14.8166 31.785 0
    endloop
  endfacet
  facet normal 0.850964 0.106371 -0.514339
    outer loop
      vertex 15.4077 31.8432 0.99
      vertex 14.8168 31.7834 0
      vertex 14.8166 31.785 0
    endloop
  endfacet
  facet normal 0.848511 0.125665 -0.51404
    outer loop
      vertex 14.8168 31.7834 0
      vertex 15.4077 31.8432 0.99
      vertex 15.4307 31.6879 0.99
    endloop
  endfacet
  facet normal -0.98921 -0.146502 0
    outer loop
      vertex 74.5923 32.1568 0.99
      vertex 74.5693 32.3121 3.5
      vertex 74.5693 32.3121 0.99
    endloop
  endfacet
  facet normal -0.98921 -0.146502 0
    outer loop
      vertex 74.5693 32.3121 3.5
      vertex 74.5923 32.1568 0.99
      vertex 74.5923 32.1568 3.5
    endloop
  endfacet
  facet normal -0.998796 -0.049048 0
    outer loop
      vertex 74.6 32 0.99
      vertex 74.5923 32.1568 3.5
      vertex 74.5923 32.1568 0.99
    endloop
  endfacet
  facet normal -0.998796 -0.049048 0
    outer loop
      vertex 74.5923 32.1568 3.5
      vertex 74.6 32 0.99
      vertex 74.6 32 3.5
    endloop
  endfacet
  facet normal -0.969993 -0.243135 0
    outer loop
      vertex 74.5693 32.3121 0.99
      vertex 74.5311 32.4645 3.5
      vertex 74.5311 32.4645 0.99
    endloop
  endfacet
  facet normal -0.969993 -0.243135 0
    outer loop
      vertex 74.5311 32.4645 3.5
      vertex 74.5693 32.3121 0.99
      vertex 74.5693 32.3121 3.5
    endloop
  endfacet
  facet normal -0.427484 -0.904023 0
    outer loop
      vertex 73.6123 33.4782 0.99
      vertex 73.7542 33.4111 3.5
      vertex 73.6123 33.4782 3.5
    endloop
  endfacet
  facet normal -0.427484 -0.904023 -0
    outer loop
      vertex 73.7542 33.4111 3.5
      vertex 73.6123 33.4782 0.99
      vertex 73.7542 33.4111 0.99
    endloop
  endfacet
  facet normal 0.243135 0.969993 -0
    outer loop
      vertex 72.6879 30.4307 0.99
      vertex 72.5355 30.4689 3.5
      vertex 72.6879 30.4307 3.5
    endloop
  endfacet
  facet normal 0.243135 0.969993 0
    outer loop
      vertex 72.5355 30.4689 3.5
      vertex 72.6879 30.4307 0.99
      vertex 72.5355 30.4689 0.99
    endloop
  endfacet
  facet normal 0.85783 0.513934 0
    outer loop
      vertex 71.6696 31.1111 3.5
      vertex 71.5889 31.2458 0.99
      vertex 71.5889 31.2458 3.5
    endloop
  endfacet
  facet normal 0.85783 0.513934 0
    outer loop
      vertex 71.5889 31.2458 0.99
      vertex 71.6696 31.1111 3.5
      vertex 71.6696 31.1111 0.99
    endloop
  endfacet
  facet normal -0.146502 0.98921 0
    outer loop
      vertex 73.3121 30.4307 0.99
      vertex 73.1568 30.4077 3.5
      vertex 73.3121 30.4307 3.5
    endloop
  endfacet
  facet normal -0.146502 0.98921 0
    outer loop
      vertex 73.1568 30.4077 3.5
      vertex 73.3121 30.4307 0.99
      vertex 73.1568 30.4077 0.99
    endloop
  endfacet
  facet normal -0.741264 -0.671213 0
    outer loop
      vertex 74.2368 33.015 0.99
      vertex 74.1314 33.1314 3.5
      vertex 74.1314 33.1314 0.99
    endloop
  endfacet
  facet normal -0.741264 -0.671213 0
    outer loop
      vertex 74.1314 33.1314 3.5
      vertex 74.2368 33.015 0.99
      vertex 74.2368 33.015 3.5
    endloop
  endfacet
  facet normal 0.513934 -0.85783 0
    outer loop
      vertex 72.1111 33.3304 0.99
      vertex 72.2458 33.4111 3.5
      vertex 72.1111 33.3304 3.5
    endloop
  endfacet
  facet normal 0.513934 -0.85783 0
    outer loop
      vertex 72.2458 33.4111 3.5
      vertex 72.1111 33.3304 0.99
      vertex 72.2458 33.4111 0.99
    endloop
  endfacet
  facet normal -0.741264 0.671213 0
    outer loop
      vertex 74.1314 30.8686 0.99
      vertex 74.2368 30.985 3.5
      vertex 74.2368 30.985 0.99
    endloop
  endfacet
  facet normal -0.741264 0.671213 0
    outer loop
      vertex 74.2368 30.985 3.5
      vertex 74.1314 30.8686 0.99
      vertex 74.1314 30.8686 3.5
    endloop
  endfacet
  facet normal -0.513934 0.85783 0
    outer loop
      vertex 73.8889 30.6696 0.99
      vertex 73.7542 30.5889 3.5
      vertex 73.8889 30.6696 3.5
    endloop
  endfacet
  facet normal -0.513934 0.85783 0
    outer loop
      vertex 73.7542 30.5889 3.5
      vertex 73.8889 30.6696 0.99
      vertex 73.7542 30.5889 0.99
    endloop
  endfacet
  facet normal -0.243135 -0.969993 0
    outer loop
      vertex 73.3121 33.5693 0.99
      vertex 73.4645 33.5311 3.5
      vertex 73.3121 33.5693 3.5
    endloop
  endfacet
  facet normal -0.243135 -0.969993 -0
    outer loop
      vertex 73.4645 33.5311 3.5
      vertex 73.3121 33.5693 0.99
      vertex 73.4645 33.5311 0.99
    endloop
  endfacet
  facet normal 0.98921 -0.146502 0
    outer loop
      vertex 71.4077 32.1568 3.5
      vertex 71.4307 32.3121 0.99
      vertex 71.4307 32.3121 3.5
    endloop
  endfacet
  facet normal 0.98921 -0.146502 0
    outer loop
      vertex 71.4307 32.3121 0.99
      vertex 71.4077 32.1568 3.5
      vertex 71.4077 32.1568 0.99
    endloop
  endfacet
  facet normal -0.85783 -0.513934 0
    outer loop
      vertex 74.4111 32.7542 0.99
      vertex 74.3304 32.8889 3.5
      vertex 74.3304 32.8889 0.99
    endloop
  endfacet
  facet normal -0.85783 -0.513934 0
    outer loop
      vertex 74.3304 32.8889 3.5
      vertex 74.4111 32.7542 0.99
      vertex 74.4111 32.7542 3.5
    endloop
  endfacet
  facet normal -0.969993 0.243135 0
    outer loop
      vertex 74.5311 31.5355 0.99
      vertex 74.5693 31.6879 3.5
      vertex 74.5693 31.6879 0.99
    endloop
  endfacet
  facet normal -0.969993 0.243135 0
    outer loop
      vertex 74.5693 31.6879 3.5
      vertex 74.5311 31.5355 0.99
      vertex 74.5311 31.5355 3.5
    endloop
  endfacet
  facet normal 0.146502 0.98921 -0
    outer loop
      vertex 72.8432 30.4077 0.99
      vertex 72.6879 30.4307 3.5
      vertex 72.8432 30.4077 3.5
    endloop
  endfacet
  facet normal 0.146502 0.98921 0
    outer loop
      vertex 72.6879 30.4307 3.5
      vertex 72.8432 30.4077 0.99
      vertex 72.6879 30.4307 0.99
    endloop
  endfacet
  facet normal 0.998796 0.049048 0
    outer loop
      vertex 71.4077 31.8432 3.5
      vertex 71.4 32 0.99
      vertex 71.4 32 3.5
    endloop
  endfacet
  facet normal 0.998796 0.049048 0
    outer loop
      vertex 71.4 32 0.99
      vertex 71.4077 31.8432 3.5
      vertex 71.4077 31.8432 0.99
    endloop
  endfacet
  facet normal -0.146502 -0.98921 0
    outer loop
      vertex 73.1568 33.5923 0.99
      vertex 73.3121 33.5693 3.5
      vertex 73.1568 33.5923 3.5
    endloop
  endfacet
  facet normal -0.146502 -0.98921 -0
    outer loop
      vertex 73.3121 33.5693 3.5
      vertex 73.1568 33.5923 0.99
      vertex 73.3121 33.5693 0.99
    endloop
  endfacet
  facet normal -0.941511 -0.336982 0
    outer loop
      vertex 74.5311 32.4645 0.99
      vertex 74.4782 32.6123 3.5
      vertex 74.4782 32.6123 0.99
    endloop
  endfacet
  facet normal -0.941511 -0.336982 0
    outer loop
      vertex 74.4782 32.6123 3.5
      vertex 74.5311 32.4645 0.99
      vertex 74.5311 32.4645 3.5
    endloop
  endfacet
  facet normal -0.671213 -0.741264 0
    outer loop
      vertex 74.015 33.2368 0.99
      vertex 74.1314 33.1314 3.5
      vertex 74.015 33.2368 3.5
    endloop
  endfacet
  facet normal -0.671213 -0.741264 -0
    outer loop
      vertex 74.1314 33.1314 3.5
      vertex 74.015 33.2368 0.99
      vertex 74.1314 33.1314 0.99
    endloop
  endfacet
  facet normal 0.741264 -0.671213 0
    outer loop
      vertex 71.7632 33.015 3.5
      vertex 71.8686 33.1314 0.99
      vertex 71.8686 33.1314 3.5
    endloop
  endfacet
  facet normal 0.741264 -0.671213 0
    outer loop
      vertex 71.8686 33.1314 0.99
      vertex 71.7632 33.015 3.5
      vertex 71.7632 33.015 0.99
    endloop
  endfacet
  facet normal 0.969993 0.243135 0
    outer loop
      vertex 71.4689 31.5355 3.5
      vertex 71.4307 31.6879 0.99
      vertex 71.4307 31.6879 3.5
    endloop
  endfacet
  facet normal 0.969993 0.243135 0
    outer loop
      vertex 71.4307 31.6879 0.99
      vertex 71.4689 31.5355 3.5
      vertex 71.4689 31.5355 0.99
    endloop
  endfacet
  facet normal 0.336982 -0.941511 0
    outer loop
      vertex 72.3877 33.4782 0.99
      vertex 72.5355 33.5311 3.5
      vertex 72.3877 33.4782 3.5
    endloop
  endfacet
  facet normal 0.336982 -0.941511 0
    outer loop
      vertex 72.5355 33.5311 3.5
      vertex 72.3877 33.4782 0.99
      vertex 72.5355 33.5311 0.99
    endloop
  endfacet
  facet normal 0.941511 0.336982 0
    outer loop
      vertex 71.5218 31.3877 3.5
      vertex 71.4689 31.5355 0.99
      vertex 71.4689 31.5355 3.5
    endloop
  endfacet
  facet normal 0.941511 0.336982 0
    outer loop
      vertex 71.4689 31.5355 0.99
      vertex 71.5218 31.3877 3.5
      vertex 71.5218 31.3877 0.99
    endloop
  endfacet
  facet normal -0.336982 -0.941511 0
    outer loop
      vertex 73.4645 33.5311 0.99
      vertex 73.6123 33.4782 3.5
      vertex 73.4645 33.5311 3.5
    endloop
  endfacet
  facet normal -0.336982 -0.941511 -0
    outer loop
      vertex 73.6123 33.4782 3.5
      vertex 73.4645 33.5311 0.99
      vertex 73.6123 33.4782 0.99
    endloop
  endfacet
  facet normal 0.80297 -0.596019 0
    outer loop
      vertex 71.6696 32.8889 3.5
      vertex 71.7632 33.015 0.99
      vertex 71.7632 33.015 3.5
    endloop
  endfacet
  facet normal 0.80297 -0.596019 0
    outer loop
      vertex 71.7632 33.015 0.99
      vertex 71.6696 32.8889 3.5
      vertex 71.6696 32.8889 0.99
    endloop
  endfacet
  facet normal -0.80297 -0.596019 0
    outer loop
      vertex 74.3304 32.8889 0.99
      vertex 74.2368 33.015 3.5
      vertex 74.2368 33.015 0.99
    endloop
  endfacet
  facet normal -0.80297 -0.596019 0
    outer loop
      vertex 74.2368 33.015 3.5
      vertex 74.3304 32.8889 0.99
      vertex 74.3304 32.8889 3.5
    endloop
  endfacet
  facet normal 0.969993 -0.243135 0
    outer loop
      vertex 71.4307 32.3121 3.5
      vertex 71.4689 32.4645 0.99
      vertex 71.4689 32.4645 3.5
    endloop
  endfacet
  facet normal 0.969993 -0.243135 0
    outer loop
      vertex 71.4689 32.4645 0.99
      vertex 71.4307 32.3121 3.5
      vertex 71.4307 32.3121 0.99
    endloop
  endfacet
  facet normal 0.671213 -0.741264 0
    outer loop
      vertex 71.8686 33.1314 0.99
      vertex 71.985 33.2368 3.5
      vertex 71.8686 33.1314 3.5
    endloop
  endfacet
  facet normal 0.671213 -0.741264 0
    outer loop
      vertex 71.985 33.2368 3.5
      vertex 71.8686 33.1314 0.99
      vertex 71.985 33.2368 0.99
    endloop
  endfacet
  facet normal -0.427484 0.904023 0
    outer loop
      vertex 73.7542 30.5889 0.99
      vertex 73.6123 30.5218 3.5
      vertex 73.7542 30.5889 3.5
    endloop
  endfacet
  facet normal -0.427484 0.904023 0
    outer loop
      vertex 73.6123 30.5218 3.5
      vertex 73.7542 30.5889 0.99
      vertex 73.6123 30.5218 0.99
    endloop
  endfacet
  facet normal 0.243135 -0.969993 0
    outer loop
      vertex 72.5355 33.5311 0.99
      vertex 72.6879 33.5693 3.5
      vertex 72.5355 33.5311 3.5
    endloop
  endfacet
  facet normal 0.243135 -0.969993 0
    outer loop
      vertex 72.6879 33.5693 3.5
      vertex 72.5355 33.5311 0.99
      vertex 72.6879 33.5693 0.99
    endloop
  endfacet
  facet normal 0.941511 -0.336982 0
    outer loop
      vertex 71.4689 32.4645 3.5
      vertex 71.5218 32.6123 0.99
      vertex 71.5218 32.6123 3.5
    endloop
  endfacet
  facet normal 0.941511 -0.336982 0
    outer loop
      vertex 71.5218 32.6123 0.99
      vertex 71.4689 32.4645 3.5
      vertex 71.4689 32.4645 0.99
    endloop
  endfacet
  facet normal -0.513934 -0.85783 0
    outer loop
      vertex 73.7542 33.4111 0.99
      vertex 73.8889 33.3304 3.5
      vertex 73.7542 33.4111 3.5
    endloop
  endfacet
  facet normal -0.513934 -0.85783 -0
    outer loop
      vertex 73.8889 33.3304 3.5
      vertex 73.7542 33.4111 0.99
      vertex 73.8889 33.3304 0.99
    endloop
  endfacet
  facet normal 0.513934 0.85783 -0
    outer loop
      vertex 72.2458 30.5889 0.99
      vertex 72.1111 30.6696 3.5
      vertex 72.2458 30.5889 3.5
    endloop
  endfacet
  facet normal 0.513934 0.85783 0
    outer loop
      vertex 72.1111 30.6696 3.5
      vertex 72.2458 30.5889 0.99
      vertex 72.1111 30.6696 0.99
    endloop
  endfacet
  facet normal 0.596019 -0.80297 0
    outer loop
      vertex 71.985 33.2368 0.99
      vertex 72.1111 33.3304 3.5
      vertex 71.985 33.2368 3.5
    endloop
  endfacet
  facet normal 0.596019 -0.80297 0
    outer loop
      vertex 72.1111 33.3304 3.5
      vertex 71.985 33.2368 0.99
      vertex 72.1111 33.3304 0.99
    endloop
  endfacet
  facet normal 0.049048 -0.998796 0
    outer loop
      vertex 72.8432 33.5923 0.99
      vertex 73 33.6 3.5
      vertex 72.8432 33.5923 3.5
    endloop
  endfacet
  facet normal 0.049048 -0.998796 0
    outer loop
      vertex 73 33.6 3.5
      vertex 72.8432 33.5923 0.99
      vertex 73 33.6 0.99
    endloop
  endfacet
  facet normal -0.049048 0.998796 0
    outer loop
      vertex 73.1568 30.4077 0.99
      vertex 73 30.4 3.5
      vertex 73.1568 30.4077 3.5
    endloop
  endfacet
  facet normal -0.049048 0.998796 0
    outer loop
      vertex 73 30.4 3.5
      vertex 73.1568 30.4077 0.99
      vertex 73 30.4 0.99
    endloop
  endfacet
  facet normal -0.941511 0.336982 0
    outer loop
      vertex 74.4782 31.3877 0.99
      vertex 74.5311 31.5355 3.5
      vertex 74.5311 31.5355 0.99
    endloop
  endfacet
  facet normal -0.941511 0.336982 0
    outer loop
      vertex 74.5311 31.5355 3.5
      vertex 74.4782 31.3877 0.99
      vertex 74.4782 31.3877 3.5
    endloop
  endfacet
  facet normal -0.80297 0.596019 0
    outer loop
      vertex 74.2368 30.985 0.99
      vertex 74.3304 31.1111 3.5
      vertex 74.3304 31.1111 0.99
    endloop
  endfacet
  facet normal -0.80297 0.596019 0
    outer loop
      vertex 74.3304 31.1111 3.5
      vertex 74.2368 30.985 0.99
      vertex 74.2368 30.985 3.5
    endloop
  endfacet
  facet normal -0.98921 0.146502 0
    outer loop
      vertex 74.5693 31.6879 0.99
      vertex 74.5923 31.8432 3.5
      vertex 74.5923 31.8432 0.99
    endloop
  endfacet
  facet normal -0.98921 0.146502 0
    outer loop
      vertex 74.5923 31.8432 3.5
      vertex 74.5693 31.6879 0.99
      vertex 74.5693 31.6879 3.5
    endloop
  endfacet
  facet normal 0.85783 -0.513934 0
    outer loop
      vertex 71.5889 32.7542 3.5
      vertex 71.6696 32.8889 0.99
      vertex 71.6696 32.8889 3.5
    endloop
  endfacet
  facet normal 0.85783 -0.513934 0
    outer loop
      vertex 71.6696 32.8889 0.99
      vertex 71.5889 32.7542 3.5
      vertex 71.5889 32.7542 0.99
    endloop
  endfacet
  facet normal 0.336982 0.941511 -0
    outer loop
      vertex 72.5355 30.4689 0.99
      vertex 72.3877 30.5218 3.5
      vertex 72.5355 30.4689 3.5
    endloop
  endfacet
  facet normal 0.336982 0.941511 0
    outer loop
      vertex 72.3877 30.5218 3.5
      vertex 72.5355 30.4689 0.99
      vertex 72.3877 30.5218 0.99
    endloop
  endfacet
  facet normal -0.904023 -0.427484 0
    outer loop
      vertex 74.4782 32.6123 0.99
      vertex 74.4111 32.7542 3.5
      vertex 74.4111 32.7542 0.99
    endloop
  endfacet
  facet normal -0.904023 -0.427484 0
    outer loop
      vertex 74.4111 32.7542 3.5
      vertex 74.4782 32.6123 0.99
      vertex 74.4782 32.6123 3.5
    endloop
  endfacet
  facet normal 0.427484 -0.904023 0
    outer loop
      vertex 72.2458 33.4111 0.99
      vertex 72.3877 33.4782 3.5
      vertex 72.2458 33.4111 3.5
    endloop
  endfacet
  facet normal 0.427484 -0.904023 0
    outer loop
      vertex 72.3877 33.4782 3.5
      vertex 72.2458 33.4111 0.99
      vertex 72.3877 33.4782 0.99
    endloop
  endfacet
  facet normal -0.596019 0.80297 0
    outer loop
      vertex 74.015 30.7632 0.99
      vertex 73.8889 30.6696 3.5
      vertex 74.015 30.7632 3.5
    endloop
  endfacet
  facet normal -0.596019 0.80297 0
    outer loop
      vertex 73.8889 30.6696 3.5
      vertex 74.015 30.7632 0.99
      vertex 73.8889 30.6696 0.99
    endloop
  endfacet
  facet normal -0.596019 -0.80297 0
    outer loop
      vertex 73.8889 33.3304 0.99
      vertex 74.015 33.2368 3.5
      vertex 73.8889 33.3304 3.5
    endloop
  endfacet
  facet normal -0.596019 -0.80297 -0
    outer loop
      vertex 74.015 33.2368 3.5
      vertex 73.8889 33.3304 0.99
      vertex 74.015 33.2368 0.99
    endloop
  endfacet
  facet normal 0.671213 0.741264 -0
    outer loop
      vertex 71.985 30.7632 0.99
      vertex 71.8686 30.8686 3.5
      vertex 71.985 30.7632 3.5
    endloop
  endfacet
  facet normal 0.671213 0.741264 0
    outer loop
      vertex 71.8686 30.8686 3.5
      vertex 71.985 30.7632 0.99
      vertex 71.8686 30.8686 0.99
    endloop
  endfacet
  facet normal -0.998796 0.049048 0
    outer loop
      vertex 74.5923 31.8432 0.99
      vertex 74.6 32 3.5
      vertex 74.6 32 0.99
    endloop
  endfacet
  facet normal -0.998796 0.049048 0
    outer loop
      vertex 74.6 32 3.5
      vertex 74.5923 31.8432 0.99
      vertex 74.5923 31.8432 3.5
    endloop
  endfacet
  facet normal 0.80297 0.596019 0
    outer loop
      vertex 71.7632 30.985 3.5
      vertex 71.6696 31.1111 0.99
      vertex 71.6696 31.1111 3.5
    endloop
  endfacet
  facet normal 0.80297 0.596019 0
    outer loop
      vertex 71.6696 31.1111 0.99
      vertex 71.7632 30.985 3.5
      vertex 71.7632 30.985 0.99
    endloop
  endfacet
  facet normal 0.904023 0.427484 0
    outer loop
      vertex 71.5889 31.2458 3.5
      vertex 71.5218 31.3877 0.99
      vertex 71.5218 31.3877 3.5
    endloop
  endfacet
  facet normal 0.904023 0.427484 0
    outer loop
      vertex 71.5218 31.3877 0.99
      vertex 71.5889 31.2458 3.5
      vertex 71.5889 31.2458 0.99
    endloop
  endfacet
  facet normal -0.049048 -0.998796 0
    outer loop
      vertex 73 33.6 0.99
      vertex 73.1568 33.5923 3.5
      vertex 73 33.6 3.5
    endloop
  endfacet
  facet normal -0.049048 -0.998796 -0
    outer loop
      vertex 73.1568 33.5923 3.5
      vertex 73 33.6 0.99
      vertex 73.1568 33.5923 0.99
    endloop
  endfacet
  facet normal 0.427484 0.904023 -0
    outer loop
      vertex 72.3877 30.5218 0.99
      vertex 72.2458 30.5889 3.5
      vertex 72.3877 30.5218 3.5
    endloop
  endfacet
  facet normal 0.427484 0.904023 0
    outer loop
      vertex 72.2458 30.5889 3.5
      vertex 72.3877 30.5218 0.99
      vertex 72.2458 30.5889 0.99
    endloop
  endfacet
  facet normal 0.146502 -0.98921 0
    outer loop
      vertex 72.6879 33.5693 0.99
      vertex 72.8432 33.5923 3.5
      vertex 72.6879 33.5693 3.5
    endloop
  endfacet
  facet normal 0.146502 -0.98921 0
    outer loop
      vertex 72.8432 33.5923 3.5
      vertex 72.6879 33.5693 0.99
      vertex 72.8432 33.5923 0.99
    endloop
  endfacet
  facet normal 0.98921 0.146502 0
    outer loop
      vertex 71.4307 31.6879 3.5
      vertex 71.4077 31.8432 0.99
      vertex 71.4077 31.8432 3.5
    endloop
  endfacet
  facet normal 0.98921 0.146502 0
    outer loop
      vertex 71.4077 31.8432 0.99
      vertex 71.4307 31.6879 3.5
      vertex 71.4307 31.6879 0.99
    endloop
  endfacet
  facet normal -0.336982 0.941511 0
    outer loop
      vertex 73.6123 30.5218 0.99
      vertex 73.4645 30.4689 3.5
      vertex 73.6123 30.5218 3.5
    endloop
  endfacet
  facet normal -0.336982 0.941511 0
    outer loop
      vertex 73.4645 30.4689 3.5
      vertex 73.6123 30.5218 0.99
      vertex 73.4645 30.4689 0.99
    endloop
  endfacet
  facet normal -0.243135 0.969993 0
    outer loop
      vertex 73.4645 30.4689 0.99
      vertex 73.3121 30.4307 3.5
      vertex 73.4645 30.4689 3.5
    endloop
  endfacet
  facet normal -0.243135 0.969993 0
    outer loop
      vertex 73.3121 30.4307 3.5
      vertex 73.4645 30.4689 0.99
      vertex 73.3121 30.4307 0.99
    endloop
  endfacet
  facet normal 0.904023 -0.427484 0
    outer loop
      vertex 71.5218 32.6123 3.5
      vertex 71.5889 32.7542 0.99
      vertex 71.5889 32.7542 3.5
    endloop
  endfacet
  facet normal 0.904023 -0.427484 0
    outer loop
      vertex 71.5889 32.7542 0.99
      vertex 71.5218 32.6123 3.5
      vertex 71.5218 32.6123 0.99
    endloop
  endfacet
  facet normal 0.741264 0.671213 0
    outer loop
      vertex 71.8686 30.8686 3.5
      vertex 71.7632 30.985 0.99
      vertex 71.7632 30.985 3.5
    endloop
  endfacet
  facet normal 0.741264 0.671213 0
    outer loop
      vertex 71.7632 30.985 0.99
      vertex 71.8686 30.8686 3.5
      vertex 71.8686 30.8686 0.99
    endloop
  endfacet
  facet normal 0.596019 0.80297 -0
    outer loop
      vertex 72.1111 30.6696 0.99
      vertex 71.985 30.7632 3.5
      vertex 72.1111 30.6696 3.5
    endloop
  endfacet
  facet normal 0.596019 0.80297 0
    outer loop
      vertex 71.985 30.7632 3.5
      vertex 72.1111 30.6696 0.99
      vertex 71.985 30.7632 0.99
    endloop
  endfacet
  facet normal -0.904023 0.427484 0
    outer loop
      vertex 74.4111 31.2458 0.99
      vertex 74.4782 31.3877 3.5
      vertex 74.4782 31.3877 0.99
    endloop
  endfacet
  facet normal -0.904023 0.427484 0
    outer loop
      vertex 74.4782 31.3877 3.5
      vertex 74.4111 31.2458 0.99
      vertex 74.4111 31.2458 3.5
    endloop
  endfacet
  facet normal -0.85783 0.513934 0
    outer loop
      vertex 74.3304 31.1111 0.99
      vertex 74.4111 31.2458 3.5
      vertex 74.4111 31.2458 0.99
    endloop
  endfacet
  facet normal -0.85783 0.513934 0
    outer loop
      vertex 74.4111 31.2458 3.5
      vertex 74.3304 31.1111 0.99
      vertex 74.3304 31.1111 3.5
    endloop
  endfacet
  facet normal 0.049048 0.998796 -0
    outer loop
      vertex 73 30.4 0.99
      vertex 72.8432 30.4077 3.5
      vertex 73 30.4 3.5
    endloop
  endfacet
  facet normal 0.049048 0.998796 0
    outer loop
      vertex 72.8432 30.4077 3.5
      vertex 73 30.4 0.99
      vertex 72.8432 30.4077 0.99
    endloop
  endfacet
  facet normal 0 0 -1
    outer loop
      vertex 74.5923 31.8432 3.5
      vertex 74.5923 32.1568 3.5
      vertex 74.6 32 3.5
    endloop
  endfacet
  facet normal 0 0 -1
    outer loop
      vertex 74.5693 31.6879 3.5
      vertex 74.5923 32.1568 3.5
      vertex 74.5923 31.8432 3.5
    endloop
  endfacet
  facet normal 0 0 -1
    outer loop
      vertex 74.5693 31.6879 3.5
      vertex 74.5693 32.3121 3.5
      vertex 74.5923 32.1568 3.5
    endloop
  endfacet
  facet normal 0 0 -1
    outer loop
      vertex 74.5311 31.5355 3.5
      vertex 74.5693 32.3121 3.5
      vertex 74.5693 31.6879 3.5
    endloop
  endfacet
  facet normal 0 0 -1
    outer loop
      vertex 74.5311 31.5355 3.5
      vertex 74.5311 32.4645 3.5
      vertex 74.5693 32.3121 3.5
    endloop
  endfacet
  facet normal 0 0 -1
    outer loop
      vertex 74.4782 31.3877 3.5
      vertex 74.5311 32.4645 3.5
      vertex 74.5311 31.5355 3.5
    endloop
  endfacet
  facet normal 0 0 -1
    outer loop
      vertex 74.4782 31.3877 3.5
      vertex 74.4782 32.6123 3.5
      vertex 74.5311 32.4645 3.5
    endloop
  endfacet
  facet normal 0 0 -1
    outer loop
      vertex 74.4111 31.2458 3.5
      vertex 74.4782 32.6123 3.5
      vertex 74.4782 31.3877 3.5
    endloop
  endfacet
  facet normal 0 0 -1
    outer loop
      vertex 74.4111 31.2458 3.5
      vertex 74.4111 32.7542 3.5
      vertex 74.4782 32.6123 3.5
    endloop
  endfacet
  facet normal 0 0 -1
    outer loop
      vertex 74.3304 31.1111 3.5
      vertex 74.4111 32.7542 3.5
      vertex 74.4111 31.2458 3.5
    endloop
  endfacet
  facet normal 0 0 -1
    outer loop
      vertex 74.3304 31.1111 3.5
      vertex 74.3304 32.8889 3.5
      vertex 74.4111 32.7542 3.5
    endloop
  endfacet
  facet normal 0 0 -1
    outer loop
      vertex 74.2368 30.985 3.5
      vertex 74.3304 32.8889 3.5
      vertex 74.3304 31.1111 3.5
    endloop
  endfacet
  facet normal 0 0 -1
    outer loop
      vertex 74.2368 30.985 3.5
      vertex 74.2368 33.015 3.5
      vertex 74.3304 32.8889 3.5
    endloop
  endfacet
  facet normal 0 0 -1
    outer loop
      vertex 74.1314 30.8686 3.5
      vertex 74.2368 33.015 3.5
      vertex 74.2368 30.985 3.5
    endloop
  endfacet
  facet normal 0 0 -1
    outer loop
      vertex 74.1314 30.8686 3.5
      vertex 74.1314 33.1314 3.5
      vertex 74.2368 33.015 3.5
    endloop
  endfacet
  facet normal 0 0 -1
    outer loop
      vertex 74.015 30.7632 3.5
      vertex 74.1314 33.1314 3.5
      vertex 74.1314 30.8686 3.5
    endloop
  endfacet
  facet normal 0 0 -1
    outer loop
      vertex 74.015 30.7632 3.5
      vertex 74.015 33.2368 3.5
      vertex 74.1314 33.1314 3.5
    endloop
  endfacet
  facet normal 0 0 -1
    outer loop
      vertex 73.8889 30.6696 3.5
      vertex 74.015 33.2368 3.5
      vertex 74.015 30.7632 3.5
    endloop
  endfacet
  facet normal 0 0 -1
    outer loop
      vertex 73.8889 30.6696 3.5
      vertex 73.8889 33.3304 3.5
      vertex 74.015 33.2368 3.5
    endloop
  endfacet
  facet normal 0 0 -1
    outer loop
      vertex 73.7542 30.5889 3.5
      vertex 73.8889 33.3304 3.5
      vertex 73.8889 30.6696 3.5
    endloop
  endfacet
  facet normal 0 0 -1
    outer loop
      vertex 73.7542 30.5889 3.5
      vertex 73.7542 33.4111 3.5
      vertex 73.8889 33.3304 3.5
    endloop
  endfacet
  facet normal 0 0 -1
    outer loop
      vertex 73.6123 30.5218 3.5
      vertex 73.7542 33.4111 3.5
      vertex 73.7542 30.5889 3.5
    endloop
  endfacet
  facet normal 0 0 -1
    outer loop
      vertex 73.6123 30.5218 3.5
      vertex 73.6123 33.4782 3.5
      vertex 73.7542 33.4111 3.5
    endloop
  endfacet
  facet normal 0 0 -1
    outer loop
      vertex 73.4645 30.4689 3.5
      vertex 73.6123 33.4782 3.5
      vertex 73.6123 30.5218 3.5
    endloop
  endfacet
  facet normal 0 0 -1
    outer loop
      vertex 73.4645 30.4689 3.5
      vertex 73.4645 33.5311 3.5
      vertex 73.6123 33.4782 3.5
    endloop
  endfacet
  facet normal 0 0 -1
    outer loop
      vertex 73.3121 30.4307 3.5
      vertex 73.4645 33.5311 3.5
      vertex 73.4645 30.4689 3.5
    endloop
  endfacet
  facet normal 0 0 -1
    outer loop
      vertex 73.3121 30.4307 3.5
      vertex 73.3121 33.5693 3.5
      vertex 73.4645 33.5311 3.5
    endloop
  endfacet
  facet normal 0 0 -1
    outer loop
      vertex 73.1568 30.4077 3.5
      vertex 73.3121 33.5693 3.5
      vertex 73.3121 30.4307 3.5
    endloop
  endfacet
  facet normal 0 0 -1
    outer loop
      vertex 73.1568 30.4077 3.5
      vertex 73.1568 33.5923 3.5
      vertex 73.3121 33.5693 3.5
    endloop
  endfacet
  facet normal 0 0 -1
    outer loop
      vertex 73 30.4 3.5
      vertex 73.1568 33.5923 3.5
      vertex 73.1568 30.4077 3.5
    endloop
  endfacet
  facet normal 0 0 -1
    outer loop
      vertex 73 30.4 3.5
      vertex 73 33.6 3.5
      vertex 73.1568 33.5923 3.5
    endloop
  endfacet
  facet normal 0 0 -1
    outer loop
      vertex 72.8432 30.4077 3.5
      vertex 73 33.6 3.5
      vertex 73 30.4 3.5
    endloop
  endfacet
  facet normal 0 0 -1
    outer loop
      vertex 72.8432 30.4077 3.5
      vertex 72.8432 33.5923 3.5
      vertex 73 33.6 3.5
    endloop
  endfacet
  facet normal 0 0 -1
    outer loop
      vertex 72.6879 30.4307 3.5
      vertex 72.8432 33.5923 3.5
      vertex 72.8432 30.4077 3.5
    endloop
  endfacet
  facet normal 0 0 -1
    outer loop
      vertex 72.6879 30.4307 3.5
      vertex 72.6879 33.5693 3.5
      vertex 72.8432 33.5923 3.5
    endloop
  endfacet
  facet normal 0 0 -1
    outer loop
      vertex 72.5355 30.4689 3.5
      vertex 72.6879 33.5693 3.5
      vertex 72.6879 30.4307 3.5
    endloop
  endfacet
  facet normal 0 0 -1
    outer loop
      vertex 72.5355 30.4689 3.5
      vertex 72.5355 33.5311 3.5
      vertex 72.6879 33.5693 3.5
    endloop
  endfacet
  facet normal 0 0 -1
    outer loop
      vertex 72.3877 30.5218 3.5
      vertex 72.5355 33.5311 3.5
      vertex 72.5355 30.4689 3.5
    endloop
  endfacet
  facet normal 0 0 -1
    outer loop
      vertex 72.3877 30.5218 3.5
      vertex 72.3877 33.4782 3.5
      vertex 72.5355 33.5311 3.5
    endloop
  endfacet
  facet normal 0 0 -1
    outer loop
      vertex 72.2458 30.5889 3.5
      vertex 72.3877 33.4782 3.5
      vertex 72.3877 30.5218 3.5
    endloop
  endfacet
  facet normal 0 0 -1
    outer loop
      vertex 72.2458 30.5889 3.5
      vertex 72.2458 33.4111 3.5
      vertex 72.3877 33.4782 3.5
    endloop
  endfacet
  facet normal 0 0 -1
    outer loop
      vertex 72.1111 30.6696 3.5
      vertex 72.2458 33.4111 3.5
      vertex 72.2458 30.5889 3.5
    endloop
  endfacet
  facet normal 0 0 -1
    outer loop
      vertex 72.1111 30.6696 3.5
      vertex 72.1111 33.3304 3.5
      vertex 72.2458 33.4111 3.5
    endloop
  endfacet
  facet normal 0 0 -1
    outer loop
      vertex 71.985 30.7632 3.5
      vertex 72.1111 33.3304 3.5
      vertex 72.1111 30.6696 3.5
    endloop
  endfacet
  facet normal 0 0 -1
    outer loop
      vertex 71.985 30.7632 3.5
      vertex 71.985 33.2368 3.5
      vertex 72.1111 33.3304 3.5
    endloop
  endfacet
  facet normal 0 0 -1
    outer loop
      vertex 71.8686 30.8686 3.5
      vertex 71.985 33.2368 3.5
      vertex 71.985 30.7632 3.5
    endloop
  endfacet
  facet normal 0 0 -1
    outer loop
      vertex 71.8686 30.8686 3.5
      vertex 71.8686 33.1314 3.5
      vertex 71.985 33.2368 3.5
    endloop
  endfacet
  facet normal 0 0 -1
    outer loop
      vertex 71.7632 30.985 3.5
      vertex 71.8686 33.1314 3.5
      vertex 71.8686 30.8686 3.5
    endloop
  endfacet
  facet normal 0 0 -1
    outer loop
      vertex 71.7632 30.985 3.5
      vertex 71.7632 33.015 3.5
      vertex 71.8686 33.1314 3.5
    endloop
  endfacet
  facet normal 0 0 -1
    outer loop
      vertex 71.6696 31.1111 3.5
      vertex 71.7632 33.015 3.5
      vertex 71.7632 30.985 3.5
    endloop
  endfacet
  facet normal 0 0 -1
    outer loop
      vertex 71.6696 31.1111 3.5
      vertex 71.6696 32.8889 3.5
      vertex 71.7632 33.015 3.5
    endloop
  endfacet
  facet normal 0 0 -1
    outer loop
      vertex 71.5889 31.2458 3.5
      vertex 71.6696 32.8889 3.5
      vertex 71.6696 31.1111 3.5
    endloop
  endfacet
  facet normal 0 0 -1
    outer loop
      vertex 71.5889 31.2458 3.5
      vertex 71.5889 32.7542 3.5
      vertex 71.6696 32.8889 3.5
    endloop
  endfacet
  facet normal 0 0 -1
    outer loop
      vertex 71.5218 31.3877 3.5
      vertex 71.5889 32.7542 3.5
      vertex 71.5889 31.2458 3.5
    endloop
  endfacet
  facet normal 0 0 -1
    outer loop
      vertex 71.5218 31.3877 3.5
      vertex 71.5218 32.6123 3.5
      vertex 71.5889 32.7542 3.5
    endloop
  endfacet
  facet normal 0 0 -1
    outer loop
      vertex 71.4689 31.5355 3.5
      vertex 71.5218 32.6123 3.5
      vertex 71.5218 31.3877 3.5
    endloop
  endfacet
  facet normal 0 0 -1
    outer loop
      vertex 71.4689 31.5355 3.5
      vertex 71.4689 32.4645 3.5
      vertex 71.5218 32.6123 3.5
    endloop
  endfacet
  facet normal 0 0 -1
    outer loop
      vertex 71.4307 31.6879 3.5
      vertex 71.4689 32.4645 3.5
      vertex 71.4689 31.5355 3.5
    endloop
  endfacet
  facet normal 0 0 -1
    outer loop
      vertex 71.4307 31.6879 3.5
      vertex 71.4307 32.3121 3.5
      vertex 71.4689 32.4645 3.5
    endloop
  endfacet
  facet normal 0 0 -1
    outer loop
      vertex 71.4077 31.8432 3.5
      vertex 71.4307 32.3121 3.5
      vertex 71.4307 31.6879 3.5
    endloop
  endfacet
  facet normal 0 0 -1
    outer loop
      vertex 71.4077 31.8432 3.5
      vertex 71.4077 32.1568 3.5
      vertex 71.4307 32.3121 3.5
    endloop
  endfacet
  facet normal 0 -0 -1
    outer loop
      vertex 71.4077 32.1568 3.5
      vertex 71.4077 31.8432 3.5
      vertex 71.4 32 3.5
    endloop
  endfacet
  facet normal 0.998796 -0.049048 0
    outer loop
      vertex 71.4 32 3.5
      vertex 71.4077 32.1568 0.99
      vertex 71.4077 32.1568 3.5
    endloop
  endfacet
  facet normal 0.998796 -0.049048 0
    outer loop
      vertex 71.4077 32.1568 0.99
      vertex 71.4 32 3.5
      vertex 71.4 32 0.99
    endloop
  endfacet
  facet normal -0.671213 0.741264 0
    outer loop
      vertex 74.1314 30.8686 0.99
      vertex 74.015 30.7632 3.5
      vertex 74.1314 30.8686 3.5
    endloop
  endfacet
  facet normal -0.671213 0.741264 0
    outer loop
      vertex 74.015 30.7632 3.5
      vertex 74.1314 30.8686 0.99
      vertex 74.015 30.7632 0.99
    endloop
  endfacet
  facet normal -0.856731 -0.0421343 -0.514039
    outer loop
      vertex 75.1835 32.2135 0
      vertex 75.194 32 0
      vertex 74.6 32 0.99
    endloop
  endfacet
  facet normal 0.208553 0.832027 -0.514039
    outer loop
      vertex 72.3646 29.9001 0
      vertex 72.5355 30.4689 0.99
      vertex 72.6879 30.4307 0.99
    endloop
  endfacet
  facet normal 0.22098 0.828677 -0.514259
    outer loop
      vertex 72.5355 30.4689 0.99
      vertex 72.3646 29.9001 0
      vertex 72.3631 29.9005 0
    endloop
  endfacet
  facet normal -0.208553 -0.832027 -0.514039
    outer loop
      vertex 73.6354 34.0999 0
      vertex 73.4645 33.5311 0.99
      vertex 73.3121 33.5693 0.99
    endloop
  endfacet
  facet normal -0.22098 -0.828677 -0.514259
    outer loop
      vertex 73.4645 33.5311 0.99
      vertex 73.6354 34.0999 0
      vertex 73.6369 34.0995 0
    endloop
  endfacet
  facet normal -0.832027 0.208553 -0.514039
    outer loop
      vertex 75.0999 31.3646 0
      vertex 74.5311 31.5355 0.99
      vertex 74.5693 31.6879 0.99
    endloop
  endfacet
  facet normal -0.828677 0.22098 -0.514259
    outer loop
      vertex 74.5311 31.5355 0.99
      vertex 75.0999 31.3646 0
      vertex 75.0995 31.3631 0
    endloop
  endfacet
  facet normal -0.735835 0.440845 -0.514007
    outer loop
      vertex 74.9349 30.9658 0
      vertex 74.3304 31.1111 0.99
      vertex 74.4111 31.2458 0.99
    endloop
  endfacet
  facet normal -0.743536 0.424878 -0.516366
    outer loop
      vertex 74.3304 31.1111 0.99
      vertex 74.9349 30.9658 0
      vertex 74.9341 30.9644 0
    endloop
  endfacet
  facet normal -0.705625 -0.48851 -0.513275
    outer loop
      vertex 74.6969 33.3906 0
      vertex 74.2368 33.015 0.99
      vertex 74.696 33.3919 0
    endloop
  endfacet
  facet normal -0.688753 -0.511239 -0.514057
    outer loop
      vertex 74.2368 33.015 0.99
      vertex 74.6969 33.3906 0
      vertex 74.3304 32.8889 0.99
    endloop
  endfacet
  facet normal -0.289005 0.807609 -0.514047
    outer loop
      vertex 73.8396 29.973 0
      vertex 73.6384 29.901 0
      vertex 73.6123 30.5218 0.99
    endloop
  endfacet
  facet normal -0.735696 0.441097 -0.513989
    outer loop
      vertex 74.9341 30.9644 0
      vertex 74.8242 30.7811 0
      vertex 74.3304 31.1111 0.99
    endloop
  endfacet
  facet normal -0.510881 -0.689067 -0.513992
    outer loop
      vertex 74.2189 33.8242 0
      vertex 74.3906 33.6969 0
      vertex 73.8889 33.3304 0.99
    endloop
  endfacet
  facet normal 0.366828 -0.775395 -0.514004
    outer loop
      vertex 72.159 34.0263 0
      vertex 72.2458 33.4111 0.99
      vertex 71.9658 33.9349 0
    endloop
  endfacet
  facet normal 0.635704 -0.575906 -0.514016
    outer loop
      vertex 71.4486 33.5514 0
      vertex 71.8686 33.1314 0.99
      vertex 71.3051 33.393 0
    endloop
  endfacet
  facet normal 0.705625 -0.48851 -0.513275
    outer loop
      vertex 71.7632 33.015 0.99
      vertex 71.3031 33.3906 0
      vertex 71.304 33.3919 0
    endloop
  endfacet
  facet normal 0.688753 -0.511239 -0.514057
    outer loop
      vertex 71.3031 33.3906 0
      vertex 71.7632 33.015 0.99
      vertex 71.6696 32.8889 0.99
    endloop
  endfacet
  facet normal 0.106371 0.850964 -0.514339
    outer loop
      vertex 72.7834 29.8168 0
      vertex 72.8432 30.4077 0.99
      vertex 72.785 29.8166 0
    endloop
  endfacet
  facet normal 0.125665 0.848511 -0.51404
    outer loop
      vertex 72.8432 30.4077 0.99
      vertex 72.7834 29.8168 0
      vertex 72.6879 30.4307 0.99
    endloop
  endfacet
  facet normal 0.688753 0.511239 -0.514057
    outer loop
      vertex 71.7632 30.985 0.99
      vertex 71.3031 30.6094 0
      vertex 71.6696 31.1111 0.99
    endloop
  endfacet
  facet normal 0.705625 0.48851 -0.513275
    outer loop
      vertex 71.3031 30.6094 0
      vertex 71.7632 30.985 0.99
      vertex 71.304 30.6081 0
    endloop
  endfacet
  facet normal 0.855722 -0.0570482 -0.514281
    outer loop
      vertex 71.4077 32.1568 0.99
      vertex 70.8165 32.2135 0
      vertex 70.8166 32.215 0
    endloop
  endfacet
  facet normal 0.85674 -0.042072 -0.51403
    outer loop
      vertex 70.8165 32.2135 0
      vertex 71.4077 32.1568 0.99
      vertex 71.4 32 0.99
    endloop
  endfacet
  facet normal 0.575906 -0.635704 -0.514016
    outer loop
      vertex 71.607 33.6949 0
      vertex 71.8686 33.1314 0.99
      vertex 71.4486 33.5514 0
    endloop
  endfacet
  facet normal 0.441097 0.735696 -0.513989
    outer loop
      vertex 72.1111 30.6696 0.99
      vertex 71.9644 30.0659 0
      vertex 71.7811 30.1758 0
    endloop
  endfacet
  facet normal -0.0421343 -0.856731 -0.514039
    outer loop
      vertex 73 34.194 0
      vertex 73.2135 34.1835 0
      vertex 73 33.6 0.99
    endloop
  endfacet
  facet normal -0.856731 0.0421343 -0.514039
    outer loop
      vertex 75.194 32 0
      vertex 75.1835 31.7865 0
      vertex 74.6 32 0.99
    endloop
  endfacet
  facet normal 0.807609 -0.289005 -0.514047
    outer loop
      vertex 70.973 32.8396 0
      vertex 71.5218 32.6123 0.99
      vertex 70.901 32.6384 0
    endloop
  endfacet
  facet normal 0.510881 0.689067 -0.513992
    outer loop
      vertex 72.1111 30.6696 0.99
      vertex 71.7811 30.1758 0
      vertex 71.6094 30.3031 0
    endloop
  endfacet
  facet normal 0.635808 0.575723 -0.514094
    outer loop
      vertex 71.8686 30.8686 0.99
      vertex 71.304 30.6081 0
      vertex 71.7632 30.985 0.99
    endloop
  endfacet
  facet normal 0.609189 0.609189 -0.507719
    outer loop
      vertex 71.304 30.6081 0
      vertex 71.8686 30.8686 0.99
      vertex 71.3051 30.607 0
    endloop
  endfacet
  facet normal -0.609189 0.609189 -0.507719
    outer loop
      vertex 74.3919 30.304 0
      vertex 74.1314 30.8686 0.99
      vertex 74.393 30.3051 0
    endloop
  endfacet
  facet normal -0.575723 0.635808 -0.514094
    outer loop
      vertex 74.1314 30.8686 0.99
      vertex 74.3919 30.304 0
      vertex 74.015 30.7632 0.99
    endloop
  endfacet
  facet normal -0.0421343 0.856731 -0.514039
    outer loop
      vertex 73 30.4 0.99
      vertex 73.2135 29.8165 0
      vertex 73 29.806 0
    endloop
  endfacet
  facet normal -0.832135 0.208234 -0.513993
    outer loop
      vertex 75.1518 31.572 0
      vertex 75.0999 31.3646 0
      vertex 74.5693 31.6879 0.99
    endloop
  endfacet
  facet normal 0.856731 -0.0421343 -0.514039
    outer loop
      vertex 70.8165 32.2135 0
      vertex 71.4 32 0.99
      vertex 70.806 32 0
    endloop
  endfacet
  facet normal 0.208234 0.832135 -0.513993
    outer loop
      vertex 72.6879 30.4307 0.99
      vertex 72.572 29.8482 0
      vertex 72.3646 29.9001 0
    endloop
  endfacet
  facet normal -0.775395 -0.366828 -0.514004
    outer loop
      vertex 74.9349 33.0342 0
      vertex 75.0263 32.841 0
      vertex 74.4111 32.7542 0.99
    endloop
  endfacet
  facet normal -0.575906 0.635704 -0.514016
    outer loop
      vertex 74.5514 30.4486 0
      vertex 74.393 30.3051 0
      vertex 74.1314 30.8686 0.99
    endloop
  endfacet
  facet normal -0.609189 -0.609189 -0.507719
    outer loop
      vertex 74.696 33.3919 0
      vertex 74.1314 33.1314 0.99
      vertex 74.6949 33.393 0
    endloop
  endfacet
  facet normal -0.635808 -0.575723 -0.514094
    outer loop
      vertex 74.1314 33.1314 0.99
      vertex 74.696 33.3919 0
      vertex 74.2368 33.015 0.99
    endloop
  endfacet
  facet normal 0.828677 -0.22098 -0.514259
    outer loop
      vertex 71.4689 32.4645 0.99
      vertex 70.9001 32.6354 0
      vertex 70.9005 32.6369 0
    endloop
  endfacet
  facet normal 0.832027 -0.208553 -0.514039
    outer loop
      vertex 70.9001 32.6354 0
      vertex 71.4689 32.4645 0.99
      vertex 71.4307 32.3121 0.99
    endloop
  endfacet
  facet normal -0.384324 0.768649 -0.511345
    outer loop
      vertex 73.8396 29.973 0
      vertex 73.7542 30.5889 0.99
      vertex 73.841 29.9737 0
    endloop
  endfacet
  facet normal -0.366679 0.775437 -0.514046
    outer loop
      vertex 73.7542 30.5889 0.99
      vertex 73.8396 29.973 0
      vertex 73.6123 30.5218 0.99
    endloop
  endfacet
  facet normal 0.0421343 0.856731 -0.514039
    outer loop
      vertex 73 30.4 0.99
      vertex 73 29.806 0
      vertex 72.7865 29.8165 0
    endloop
  endfacet
  facet normal 0.424878 -0.743536 -0.516366
    outer loop
      vertex 71.9658 33.9349 0
      vertex 72.1111 33.3304 0.99
      vertex 71.9644 33.9341 0
    endloop
  endfacet
  facet normal 0.440845 -0.735835 -0.514007
    outer loop
      vertex 72.1111 33.3304 0.99
      vertex 71.9658 33.9349 0
      vertex 72.2458 33.4111 0.99
    endloop
  endfacet
  facet normal 0.81233 -0.270777 -0.516527
    outer loop
      vertex 71.5218 32.6123 0.99
      vertex 70.9005 32.6369 0
      vertex 70.901 32.6384 0
    endloop
  endfacet
  facet normal 0.807609 -0.289056 -0.514018
    outer loop
      vertex 70.9005 32.6369 0
      vertex 71.5218 32.6123 0.99
      vertex 71.4689 32.4645 0.99
    endloop
  endfacet
  facet normal -0.289056 -0.807609 -0.514018
    outer loop
      vertex 73.6369 34.0995 0
      vertex 73.6123 33.4782 0.99
      vertex 73.4645 33.5311 0.99
    endloop
  endfacet
  facet normal -0.270777 -0.81233 -0.516527
    outer loop
      vertex 73.6123 33.4782 0.99
      vertex 73.6369 34.0995 0
      vertex 73.6384 34.099 0
    endloop
  endfacet
  facet normal -0.688753 0.511239 -0.514057
    outer loop
      vertex 74.6969 30.6094 0
      vertex 74.2368 30.985 0.99
      vertex 74.3304 31.1111 0.99
    endloop
  endfacet
  facet normal -0.705625 0.48851 -0.513275
    outer loop
      vertex 74.2368 30.985 0.99
      vertex 74.6969 30.6094 0
      vertex 74.696 30.6081 0
    endloop
  endfacet
  facet normal 0.743536 -0.424878 -0.516366
    outer loop
      vertex 71.6696 32.8889 0.99
      vertex 71.0651 33.0342 0
      vertex 71.0659 33.0356 0
    endloop
  endfacet
  facet normal 0.735835 -0.440845 -0.514007
    outer loop
      vertex 71.0651 33.0342 0
      vertex 71.6696 32.8889 0.99
      vertex 71.5889 32.7542 0.99
    endloop
  endfacet
  facet normal -0.366828 -0.775395 -0.514004
    outer loop
      vertex 73.841 34.0263 0
      vertex 74.0342 33.9349 0
      vertex 73.7542 33.4111 0.99
    endloop
  endfacet
  facet normal 0.289056 0.807609 -0.514018
    outer loop
      vertex 72.3631 29.9005 0
      vertex 72.3877 30.5218 0.99
      vertex 72.5355 30.4689 0.99
    endloop
  endfacet
  facet normal 0.270777 0.81233 -0.516527
    outer loop
      vertex 72.3877 30.5218 0.99
      vertex 72.3631 29.9005 0
      vertex 72.3616 29.901 0
    endloop
  endfacet
  facet normal 0.832135 -0.208234 -0.513993
    outer loop
      vertex 70.9001 32.6354 0
      vertex 71.4307 32.3121 0.99
      vertex 70.8482 32.428 0
    endloop
  endfacet
  facet normal -0.22098 0.828677 -0.514259
    outer loop
      vertex 73.6354 29.9001 0
      vertex 73.4645 30.4689 0.99
      vertex 73.6369 29.9005 0
    endloop
  endfacet
  facet normal -0.208553 0.832027 -0.514039
    outer loop
      vertex 73.4645 30.4689 0.99
      vertex 73.6354 29.9001 0
      vertex 73.3121 30.4307 0.99
    endloop
  endfacet
  facet normal -0.208234 -0.832135 -0.513993
    outer loop
      vertex 73.428 34.1518 0
      vertex 73.6354 34.0999 0
      vertex 73.3121 33.5693 0.99
    endloop
  endfacet
  facet normal 0.440845 0.735835 -0.514007
    outer loop
      vertex 71.9658 30.0651 0
      vertex 72.1111 30.6696 0.99
      vertex 72.2458 30.5889 0.99
    endloop
  endfacet
  facet normal 0.424878 0.743536 -0.516366
    outer loop
      vertex 72.1111 30.6696 0.99
      vertex 71.9658 30.0651 0
      vertex 71.9644 30.0659 0
    endloop
  endfacet
  facet normal -0.270777 0.81233 -0.516527
    outer loop
      vertex 73.6369 29.9005 0
      vertex 73.6123 30.5218 0.99
      vertex 73.6384 29.901 0
    endloop
  endfacet
  facet normal -0.289056 0.807609 -0.514018
    outer loop
      vertex 73.6123 30.5218 0.99
      vertex 73.6369 29.9005 0
      vertex 73.4645 30.4689 0.99
    endloop
  endfacet
  facet normal -0.768649 -0.384324 -0.511345
    outer loop
      vertex 75.027 32.8396 0
      vertex 74.4111 32.7542 0.99
      vertex 75.0263 32.841 0
    endloop
  endfacet
  facet normal -0.775437 -0.366679 -0.514046
    outer loop
      vertex 74.4111 32.7542 0.99
      vertex 75.027 32.8396 0
      vertex 74.4782 32.6123 0.99
    endloop
  endfacet
  facet normal 0.735696 -0.441097 -0.513989
    outer loop
      vertex 71.1758 33.2189 0
      vertex 71.6696 32.8889 0.99
      vertex 71.0659 33.0356 0
    endloop
  endfacet
  facet normal 0.126029 0.848487 -0.51399
    outer loop
      vertex 72.6879 30.4307 0.99
      vertex 72.7834 29.8168 0
      vertex 72.572 29.8482 0
    endloop
  endfacet
  facet normal -0.48851 0.705625 -0.513275
    outer loop
      vertex 74.3906 30.3031 0
      vertex 74.015 30.7632 0.99
      vertex 74.3919 30.304 0
    endloop
  endfacet
  facet normal -0.511239 0.688753 -0.514057
    outer loop
      vertex 74.015 30.7632 0.99
      vertex 74.3906 30.3031 0
      vertex 73.8889 30.6696 0.99
    endloop
  endfacet
  facet normal 0.48851 -0.705625 -0.513275
    outer loop
      vertex 71.6094 33.6969 0
      vertex 71.985 33.2368 0.99
      vertex 71.6081 33.696 0
    endloop
  endfacet
  facet normal 0.511239 -0.688753 -0.514057
    outer loop
      vertex 71.985 33.2368 0.99
      vertex 71.6094 33.6969 0
      vertex 72.1111 33.3304 0.99
    endloop
  endfacet
  facet normal -0.511239 -0.688753 -0.514057
    outer loop
      vertex 74.3906 33.6969 0
      vertex 74.015 33.2368 0.99
      vertex 73.8889 33.3304 0.99
    endloop
  endfacet
  facet normal -0.48851 -0.705625 -0.513275
    outer loop
      vertex 74.015 33.2368 0.99
      vertex 74.3906 33.6969 0
      vertex 74.3919 33.696 0
    endloop
  endfacet
  facet normal 0.366828 0.775395 -0.514004
    outer loop
      vertex 72.2458 30.5889 0.99
      vertex 72.159 29.9737 0
      vertex 71.9658 30.0651 0
    endloop
  endfacet
  facet normal 0.609189 -0.609189 -0.507719
    outer loop
      vertex 71.6081 33.696 0
      vertex 71.8686 33.1314 0.99
      vertex 71.607 33.6949 0
    endloop
  endfacet
  facet normal 0.575723 -0.635808 -0.514094
    outer loop
      vertex 71.8686 33.1314 0.99
      vertex 71.6081 33.696 0
      vertex 71.985 33.2368 0.99
    endloop
  endfacet
  facet normal 0.575906 0.635704 -0.514016
    outer loop
      vertex 71.8686 30.8686 0.99
      vertex 71.607 30.3051 0
      vertex 71.4486 30.4486 0
    endloop
  endfacet
  facet normal -0.81233 -0.270777 -0.516527
    outer loop
      vertex 75.0995 32.6369 0
      vertex 74.4782 32.6123 0.99
      vertex 75.099 32.6384 0
    endloop
  endfacet
  facet normal -0.807609 -0.289056 -0.514018
    outer loop
      vertex 74.4782 32.6123 0.99
      vertex 75.0995 32.6369 0
      vertex 74.5311 32.4645 0.99
    endloop
  endfacet
  facet normal 0.635704 0.575906 -0.514016
    outer loop
      vertex 71.8686 30.8686 0.99
      vertex 71.4486 30.4486 0
      vertex 71.3051 30.607 0
    endloop
  endfacet
  facet normal 0.689067 -0.510881 -0.513992
    outer loop
      vertex 71.3031 33.3906 0
      vertex 71.6696 32.8889 0.99
      vertex 71.1758 33.2189 0
    endloop
  endfacet
  facet normal -0.828677 -0.22098 -0.514259
    outer loop
      vertex 75.0999 32.6354 0
      vertex 74.5311 32.4645 0.99
      vertex 75.0995 32.6369 0
    endloop
  endfacet
  facet normal -0.832027 -0.208553 -0.514039
    outer loop
      vertex 74.5311 32.4645 0.99
      vertex 75.0999 32.6354 0
      vertex 74.5693 32.3121 0.99
    endloop
  endfacet
  facet normal -0.635704 0.575906 -0.514016
    outer loop
      vertex 74.6949 30.607 0
      vertex 74.5514 30.4486 0
      vertex 74.1314 30.8686 0.99
    endloop
  endfacet
  facet normal -0.126029 -0.848487 -0.51399
    outer loop
      vertex 73.428 34.1518 0
      vertex 73.3121 33.5693 0.99
      vertex 73.2166 34.1832 0
    endloop
  endfacet
  facet normal 0.848487 -0.126029 -0.51399
    outer loop
      vertex 70.8482 32.428 0
      vertex 71.4307 32.3121 0.99
      vertex 70.8168 32.2166 0
    endloop
  endfacet
  facet normal -0.366679 -0.775437 -0.514046
    outer loop
      vertex 73.8396 34.027 0
      vertex 73.7542 33.4111 0.99
      vertex 73.6123 33.4782 0.99
    endloop
  endfacet
  facet normal -0.384324 -0.768649 -0.511345
    outer loop
      vertex 73.7542 33.4111 0.99
      vertex 73.8396 34.027 0
      vertex 73.841 34.0263 0
    endloop
  endfacet
  facet normal 0.735696 0.441097 -0.513989
    outer loop
      vertex 71.6696 31.1111 0.99
      vertex 71.1758 30.7811 0
      vertex 71.0659 30.9644 0
    endloop
  endfacet
  facet normal -0.289005 -0.807609 -0.514047
    outer loop
      vertex 73.6384 34.099 0
      vertex 73.8396 34.027 0
      vertex 73.6123 33.4782 0.99
    endloop
  endfacet
  facet normal 0.689067 0.510881 -0.513992
    outer loop
      vertex 71.6696 31.1111 0.99
      vertex 71.3031 30.6094 0
      vertex 71.1758 30.7811 0
    endloop
  endfacet
  facet normal -0.575906 -0.635704 -0.514016
    outer loop
      vertex 74.393 33.6949 0
      vertex 74.5514 33.5514 0
      vertex 74.1314 33.1314 0.99
    endloop
  endfacet
  facet normal -0.510881 0.689067 -0.513992
    outer loop
      vertex 74.3906 30.3031 0
      vertex 74.2189 30.1758 0
      vertex 73.8889 30.6696 0.99
    endloop
  endfacet
  facet normal -0.424878 0.743536 -0.516366
    outer loop
      vertex 74.0342 30.0651 0
      vertex 73.8889 30.6696 0.99
      vertex 74.0356 30.0659 0
    endloop
  endfacet
  facet normal -0.440845 0.735835 -0.514007
    outer loop
      vertex 73.8889 30.6696 0.99
      vertex 74.0342 30.0651 0
      vertex 73.7542 30.5889 0.99
    endloop
  endfacet
  facet normal -0.850964 -0.106371 -0.514339
    outer loop
      vertex 74.5923 32.1568 0.99
      vertex 75.1832 32.2166 0
      vertex 75.1834 32.215 0
    endloop
  endfacet
  facet normal -0.848511 -0.125665 -0.51404
    outer loop
      vertex 75.1832 32.2166 0
      vertex 74.5923 32.1568 0.99
      vertex 74.5693 32.3121 0.99
    endloop
  endfacet
  facet normal -0.807609 -0.289005 -0.514047
    outer loop
      vertex 75.027 32.8396 0
      vertex 75.099 32.6384 0
      vertex 74.4782 32.6123 0.99
    endloop
  endfacet
  facet normal 0.289005 -0.807609 -0.514047
    outer loop
      vertex 72.3616 34.099 0
      vertex 72.3877 33.4782 0.99
      vertex 72.1604 34.027 0
    endloop
  endfacet
  facet normal 0.848487 0.126029 -0.51399
    outer loop
      vertex 71.4307 31.6879 0.99
      vertex 70.8482 31.572 0
      vertex 70.8168 31.7834 0
    endloop
  endfacet
  facet normal 0.0421343 -0.856731 -0.514039
    outer loop
      vertex 73 34.194 0
      vertex 73 33.6 0.99
      vertex 72.7865 34.1835 0
    endloop
  endfacet
  facet normal -0.848487 0.126029 -0.51399
    outer loop
      vertex 75.1832 31.7834 0
      vertex 75.1518 31.572 0
      vertex 74.5693 31.6879 0.99
    endloop
  endfacet
  facet normal 0.768649 -0.384324 -0.511345
    outer loop
      vertex 71.5889 32.7542 0.99
      vertex 70.973 32.8396 0
      vertex 70.9737 32.841 0
    endloop
  endfacet
  facet normal 0.775437 -0.366679 -0.514046
    outer loop
      vertex 70.973 32.8396 0
      vertex 71.5889 32.7542 0.99
      vertex 71.5218 32.6123 0.99
    endloop
  endfacet
  facet normal -0.689067 0.510881 -0.513992
    outer loop
      vertex 74.8242 30.7811 0
      vertex 74.6969 30.6094 0
      vertex 74.3304 31.1111 0.99
    endloop
  endfacet
  facet normal -0.635808 0.575723 -0.514094
    outer loop
      vertex 74.696 30.6081 0
      vertex 74.1314 30.8686 0.99
      vertex 74.2368 30.985 0.99
    endloop
  endfacet
  facet normal -0.609189 0.609189 -0.507719
    outer loop
      vertex 74.1314 30.8686 0.99
      vertex 74.696 30.6081 0
      vertex 74.6949 30.607 0
    endloop
  endfacet
  facet normal -0.0570482 0.855722 -0.514281
    outer loop
      vertex 73.2135 29.8165 0
      vertex 73.1568 30.4077 0.99
      vertex 73.215 29.8166 0
    endloop
  endfacet
  facet normal -0.042072 0.85674 -0.51403
    outer loop
      vertex 73.1568 30.4077 0.99
      vertex 73.2135 29.8165 0
      vertex 73 30.4 0.99
    endloop
  endfacet
  facet normal 0.832135 0.208234 -0.513993
    outer loop
      vertex 71.4307 31.6879 0.99
      vertex 70.9001 31.3646 0
      vertex 70.8482 31.572 0
    endloop
  endfacet
  facet normal 0.832027 0.208553 -0.514039
    outer loop
      vertex 71.4689 31.5355 0.99
      vertex 70.9001 31.3646 0
      vertex 71.4307 31.6879 0.99
    endloop
  endfacet
  facet normal 0.828677 0.22098 -0.514259
    outer loop
      vertex 70.9001 31.3646 0
      vertex 71.4689 31.5355 0.99
      vertex 70.9005 31.3631 0
    endloop
  endfacet
  facet normal -0.575723 -0.635808 -0.514094
    outer loop
      vertex 74.3919 33.696 0
      vertex 74.1314 33.1314 0.99
      vertex 74.015 33.2368 0.99
    endloop
  endfacet
  facet normal -0.609189 -0.609189 -0.507719
    outer loop
      vertex 74.1314 33.1314 0.99
      vertex 74.3919 33.696 0
      vertex 74.393 33.6949 0
    endloop
  endfacet
  facet normal 0.848511 -0.125665 -0.51404
    outer loop
      vertex 71.4077 32.1568 0.99
      vertex 70.8168 32.2166 0
      vertex 71.4307 32.3121 0.99
    endloop
  endfacet
  facet normal 0.850964 -0.106371 -0.514339
    outer loop
      vertex 70.8168 32.2166 0
      vertex 71.4077 32.1568 0.99
      vertex 70.8166 32.215 0
    endloop
  endfacet
  facet normal -0.441097 -0.735696 -0.513989
    outer loop
      vertex 74.0356 33.9341 0
      vertex 74.2189 33.8242 0
      vertex 73.8889 33.3304 0.99
    endloop
  endfacet
  facet normal -0.775395 0.366828 -0.514004
    outer loop
      vertex 75.0263 31.159 0
      vertex 74.9349 30.9658 0
      vertex 74.4111 31.2458 0.99
    endloop
  endfacet
  facet normal -0.125665 0.848511 -0.51404
    outer loop
      vertex 73.2166 29.8168 0
      vertex 73.1568 30.4077 0.99
      vertex 73.3121 30.4307 0.99
    endloop
  endfacet
  facet normal -0.106371 0.850964 -0.514339
    outer loop
      vertex 73.1568 30.4077 0.99
      vertex 73.2166 29.8168 0
      vertex 73.215 29.8166 0
    endloop
  endfacet
  facet normal 0.126029 -0.848487 -0.51399
    outer loop
      vertex 72.7834 34.1832 0
      vertex 72.6879 33.5693 0.99
      vertex 72.572 34.1518 0
    endloop
  endfacet
  facet normal 0.22098 -0.828677 -0.514259
    outer loop
      vertex 72.3646 34.0999 0
      vertex 72.5355 33.5311 0.99
      vertex 72.3631 34.0995 0
    endloop
  endfacet
  facet normal 0.208553 -0.832027 -0.514039
    outer loop
      vertex 72.5355 33.5311 0.99
      vertex 72.3646 34.0999 0
      vertex 72.6879 33.5693 0.99
    endloop
  endfacet
  facet normal 0.366679 0.775437 -0.514046
    outer loop
      vertex 72.1604 29.973 0
      vertex 72.2458 30.5889 0.99
      vertex 72.3877 30.5218 0.99
    endloop
  endfacet
  facet normal 0.384324 0.768649 -0.511345
    outer loop
      vertex 72.2458 30.5889 0.99
      vertex 72.1604 29.973 0
      vertex 72.159 29.9737 0
    endloop
  endfacet
  facet normal 0.208234 -0.832135 -0.513993
    outer loop
      vertex 72.572 34.1518 0
      vertex 72.6879 33.5693 0.99
      vertex 72.3646 34.0999 0
    endloop
  endfacet
  facet normal 0.609189 -0.609189 -0.507719
    outer loop
      vertex 71.8686 33.1314 0.99
      vertex 71.304 33.3919 0
      vertex 71.3051 33.393 0
    endloop
  endfacet
  facet normal 0.635808 -0.575723 -0.514094
    outer loop
      vertex 71.304 33.3919 0
      vertex 71.8686 33.1314 0.99
      vertex 71.7632 33.015 0.99
    endloop
  endfacet
  facet normal 0.575723 0.635808 -0.514094
    outer loop
      vertex 71.6081 30.304 0
      vertex 71.8686 30.8686 0.99
      vertex 71.985 30.7632 0.99
    endloop
  endfacet
  facet normal 0.609189 0.609189 -0.507719
    outer loop
      vertex 71.8686 30.8686 0.99
      vertex 71.6081 30.304 0
      vertex 71.607 30.3051 0
    endloop
  endfacet
  facet normal 0.441097 -0.735696 -0.513989
    outer loop
      vertex 71.9644 33.9341 0
      vertex 72.1111 33.3304 0.99
      vertex 71.7811 33.8242 0
    endloop
  endfacet
  facet normal 0.510881 -0.689067 -0.513992
    outer loop
      vertex 71.7811 33.8242 0
      vertex 72.1111 33.3304 0.99
      vertex 71.6094 33.6969 0
    endloop
  endfacet
  facet normal 0.270777 -0.81233 -0.516527
    outer loop
      vertex 72.3631 34.0995 0
      vertex 72.3877 33.4782 0.99
      vertex 72.3616 34.099 0
    endloop
  endfacet
  facet normal 0.289056 -0.807609 -0.514018
    outer loop
      vertex 72.3877 33.4782 0.99
      vertex 72.3631 34.0995 0
      vertex 72.5355 33.5311 0.99
    endloop
  endfacet
  facet normal 0.384324 -0.768649 -0.511345
    outer loop
      vertex 72.1604 34.027 0
      vertex 72.2458 33.4111 0.99
      vertex 72.159 34.0263 0
    endloop
  endfacet
  facet normal 0.366679 -0.775437 -0.514046
    outer loop
      vertex 72.2458 33.4111 0.99
      vertex 72.1604 34.027 0
      vertex 72.3877 33.4782 0.99
    endloop
  endfacet
  facet normal -0.735696 -0.441097 -0.513989
    outer loop
      vertex 74.8242 33.2189 0
      vertex 74.9341 33.0356 0
      vertex 74.3304 32.8889 0.99
    endloop
  endfacet
  facet normal -0.366828 0.775395 -0.514004
    outer loop
      vertex 74.0342 30.0651 0
      vertex 73.841 29.9737 0
      vertex 73.7542 30.5889 0.99
    endloop
  endfacet
  facet normal -0.635704 -0.575906 -0.514016
    outer loop
      vertex 74.5514 33.5514 0
      vertex 74.6949 33.393 0
      vertex 74.1314 33.1314 0.99
    endloop
  endfacet
  facet normal -0.832135 -0.208234 -0.513993
    outer loop
      vertex 75.0999 32.6354 0
      vertex 75.1518 32.428 0
      vertex 74.5693 32.3121 0.99
    endloop
  endfacet
  facet normal -0.848487 -0.126029 -0.51399
    outer loop
      vertex 75.1518 32.428 0
      vertex 75.1832 32.2166 0
      vertex 74.5693 32.3121 0.99
    endloop
  endfacet
  facet normal -0.743536 -0.424878 -0.516366
    outer loop
      vertex 74.9349 33.0342 0
      vertex 74.3304 32.8889 0.99
      vertex 74.9341 33.0356 0
    endloop
  endfacet
  facet normal -0.735835 -0.440845 -0.514007
    outer loop
      vertex 74.3304 32.8889 0.99
      vertex 74.9349 33.0342 0
      vertex 74.4111 32.7542 0.99
    endloop
  endfacet
  facet normal -0.689067 -0.510881 -0.513992
    outer loop
      vertex 74.6969 33.3906 0
      vertex 74.8242 33.2189 0
      vertex 74.3304 32.8889 0.99
    endloop
  endfacet
  facet normal -0.855722 -0.0570482 -0.514281
    outer loop
      vertex 75.1835 32.2135 0
      vertex 74.5923 32.1568 0.99
      vertex 75.1834 32.215 0
    endloop
  endfacet
  facet normal -0.85674 -0.042072 -0.51403
    outer loop
      vertex 74.5923 32.1568 0.99
      vertex 75.1835 32.2135 0
      vertex 74.6 32 0.99
    endloop
  endfacet
  facet normal -0.440845 -0.735835 -0.514007
    outer loop
      vertex 74.0342 33.9349 0
      vertex 73.8889 33.3304 0.99
      vertex 73.7542 33.4111 0.99
    endloop
  endfacet
  facet normal -0.424878 -0.743536 -0.516366
    outer loop
      vertex 73.8889 33.3304 0.99
      vertex 74.0342 33.9349 0
      vertex 74.0356 33.9341 0
    endloop
  endfacet
  facet normal -0.042072 -0.85674 -0.51403
    outer loop
      vertex 73.2135 34.1835 0
      vertex 73.1568 33.5923 0.99
      vertex 73 33.6 0.99
    endloop
  endfacet
  facet normal -0.0570482 -0.855722 -0.514281
    outer loop
      vertex 73.1568 33.5923 0.99
      vertex 73.2135 34.1835 0
      vertex 73.215 34.1834 0
    endloop
  endfacet
  facet normal -0.208234 0.832135 -0.513993
    outer loop
      vertex 73.6354 29.9001 0
      vertex 73.428 29.8482 0
      vertex 73.3121 30.4307 0.99
    endloop
  endfacet
  facet normal -0.106371 -0.850964 -0.514339
    outer loop
      vertex 73.2166 34.1832 0
      vertex 73.1568 33.5923 0.99
      vertex 73.215 34.1834 0
    endloop
  endfacet
  facet normal -0.125665 -0.848511 -0.51404
    outer loop
      vertex 73.1568 33.5923 0.99
      vertex 73.2166 34.1832 0
      vertex 73.3121 33.5693 0.99
    endloop
  endfacet
  facet normal 0.775395 -0.366828 -0.514004
    outer loop
      vertex 71.0651 33.0342 0
      vertex 71.5889 32.7542 0.99
      vertex 70.9737 32.841 0
    endloop
  endfacet
  facet normal -0.850964 0.106371 -0.514339
    outer loop
      vertex 75.1832 31.7834 0
      vertex 74.5923 31.8432 0.99
      vertex 75.1834 31.785 0
    endloop
  endfacet
  facet normal -0.848511 0.125665 -0.51404
    outer loop
      vertex 74.5923 31.8432 0.99
      vertex 75.1832 31.7834 0
      vertex 74.5693 31.6879 0.99
    endloop
  endfacet
  facet normal -0.85674 0.042072 -0.51403
    outer loop
      vertex 75.1835 31.7865 0
      vertex 74.5923 31.8432 0.99
      vertex 74.6 32 0.99
    endloop
  endfacet
  facet normal -0.855722 0.0570482 -0.514281
    outer loop
      vertex 74.5923 31.8432 0.99
      vertex 75.1835 31.7865 0
      vertex 75.1834 31.785 0
    endloop
  endfacet
  facet normal 0.807609 0.289056 -0.514018
    outer loop
      vertex 71.5218 31.3877 0.99
      vertex 70.9005 31.3631 0
      vertex 71.4689 31.5355 0.99
    endloop
  endfacet
  facet normal 0.81233 0.270777 -0.516527
    outer loop
      vertex 70.9005 31.3631 0
      vertex 71.5218 31.3877 0.99
      vertex 70.901 31.3616 0
    endloop
  endfacet
  facet normal 0.735835 0.440845 -0.514007
    outer loop
      vertex 71.6696 31.1111 0.99
      vertex 71.0651 30.9658 0
      vertex 71.5889 31.2458 0.99
    endloop
  endfacet
  facet normal 0.743536 0.424878 -0.516366
    outer loop
      vertex 71.0651 30.9658 0
      vertex 71.6696 31.1111 0.99
      vertex 71.0659 30.9644 0
    endloop
  endfacet
  facet normal -0.126029 0.848487 -0.51399
    outer loop
      vertex 73.3121 30.4307 0.99
      vertex 73.428 29.8482 0
      vertex 73.2166 29.8168 0
    endloop
  endfacet
  facet normal 0.856731 0.0421343 -0.514039
    outer loop
      vertex 71.4 32 0.99
      vertex 70.8165 31.7865 0
      vertex 70.806 32 0
    endloop
  endfacet
  facet normal 0.775395 0.366828 -0.514004
    outer loop
      vertex 71.5889 31.2458 0.99
      vertex 71.0651 30.9658 0
      vertex 70.9737 31.159 0
    endloop
  endfacet
  facet normal 0.125665 -0.848511 -0.51404
    outer loop
      vertex 72.7834 34.1832 0
      vertex 72.8432 33.5923 0.99
      vertex 72.6879 33.5693 0.99
    endloop
  endfacet
  facet normal 0.106371 -0.850964 -0.514339
    outer loop
      vertex 72.8432 33.5923 0.99
      vertex 72.7834 34.1832 0
      vertex 72.785 34.1834 0
    endloop
  endfacet
  facet normal 0.289005 0.807609 -0.514047
    outer loop
      vertex 72.3877 30.5218 0.99
      vertex 72.3616 29.901 0
      vertex 72.1604 29.973 0
    endloop
  endfacet
  facet normal -0.775437 0.366679 -0.514046
    outer loop
      vertex 75.027 31.1604 0
      vertex 74.4111 31.2458 0.99
      vertex 74.4782 31.3877 0.99
    endloop
  endfacet
  facet normal -0.768649 0.384324 -0.511345
    outer loop
      vertex 74.4111 31.2458 0.99
      vertex 75.027 31.1604 0
      vertex 75.0263 31.159 0
    endloop
  endfacet
  facet normal 0.0570482 -0.855722 -0.514281
    outer loop
      vertex 72.7865 34.1835 0
      vertex 72.8432 33.5923 0.99
      vertex 72.785 34.1834 0
    endloop
  endfacet
  facet normal 0.042072 -0.85674 -0.51403
    outer loop
      vertex 72.8432 33.5923 0.99
      vertex 72.7865 34.1835 0
      vertex 73 33.6 0.99
    endloop
  endfacet
  facet normal 0.775437 0.366679 -0.514046
    outer loop
      vertex 71.5889 31.2458 0.99
      vertex 70.973 31.1604 0
      vertex 71.5218 31.3877 0.99
    endloop
  endfacet
  facet normal 0.768649 0.384324 -0.511345
    outer loop
      vertex 70.973 31.1604 0
      vertex 71.5889 31.2458 0.99
      vertex 70.9737 31.159 0
    endloop
  endfacet
  facet normal 0.807609 0.289005 -0.514047
    outer loop
      vertex 71.5218 31.3877 0.99
      vertex 70.973 31.1604 0
      vertex 70.901 31.3616 0
    endloop
  endfacet
  facet normal -0.441097 0.735696 -0.513989
    outer loop
      vertex 74.2189 30.1758 0
      vertex 74.0356 30.0659 0
      vertex 73.8889 30.6696 0.99
    endloop
  endfacet
  facet normal 0.511239 0.688753 -0.514057
    outer loop
      vertex 71.6094 30.3031 0
      vertex 71.985 30.7632 0.99
      vertex 72.1111 30.6696 0.99
    endloop
  endfacet
  facet normal 0.48851 0.705625 -0.513275
    outer loop
      vertex 71.985 30.7632 0.99
      vertex 71.6094 30.3031 0
      vertex 71.6081 30.304 0
    endloop
  endfacet
  facet normal 0.042072 0.85674 -0.51403
    outer loop
      vertex 72.7865 29.8165 0
      vertex 72.8432 30.4077 0.99
      vertex 73 30.4 0.99
    endloop
  endfacet
  facet normal 0.0570482 0.855722 -0.514281
    outer loop
      vertex 72.8432 30.4077 0.99
      vertex 72.7865 29.8165 0
      vertex 72.785 29.8166 0
    endloop
  endfacet
  facet normal -0.807609 0.289005 -0.514047
    outer loop
      vertex 75.099 31.3616 0
      vertex 75.027 31.1604 0
      vertex 74.4782 31.3877 0.99
    endloop
  endfacet
  facet normal -0.807609 0.289056 -0.514018
    outer loop
      vertex 75.0995 31.3631 0
      vertex 74.4782 31.3877 0.99
      vertex 74.5311 31.5355 0.99
    endloop
  endfacet
  facet normal -0.81233 0.270777 -0.516527
    outer loop
      vertex 74.4782 31.3877 0.99
      vertex 75.0995 31.3631 0
      vertex 75.099 31.3616 0
    endloop
  endfacet
  facet normal 0.85674 0.042072 -0.51403
    outer loop
      vertex 71.4077 31.8432 0.99
      vertex 70.8165 31.7865 0
      vertex 71.4 32 0.99
    endloop
  endfacet
  facet normal 0.855722 0.0570482 -0.514281
    outer loop
      vertex 70.8165 31.7865 0
      vertex 71.4077 31.8432 0.99
      vertex 70.8166 31.785 0
    endloop
  endfacet
  facet normal 0.850964 0.106371 -0.514339
    outer loop
      vertex 71.4077 31.8432 0.99
      vertex 70.8168 31.7834 0
      vertex 70.8166 31.785 0
    endloop
  endfacet
  facet normal 0.848511 0.125665 -0.51404
    outer loop
      vertex 70.8168 31.7834 0
      vertex 71.4077 31.8432 0.99
      vertex 71.4307 31.6879 0.99
    endloop
  endfacet
  facet normal -0.98921 -0.146502 0
    outer loop
      vertex 18.5923 68.1568 0.99
      vertex 18.5693 68.3121 3.5
      vertex 18.5693 68.3121 0.99
    endloop
  endfacet
  facet normal -0.98921 -0.146502 0
    outer loop
      vertex 18.5693 68.3121 3.5
      vertex 18.5923 68.1568 0.99
      vertex 18.5923 68.1568 3.5
    endloop
  endfacet
  facet normal -0.998796 -0.049048 0
    outer loop
      vertex 18.6 68 0.99
      vertex 18.5923 68.1568 3.5
      vertex 18.5923 68.1568 0.99
    endloop
  endfacet
  facet normal -0.998796 -0.049048 0
    outer loop
      vertex 18.5923 68.1568 3.5
      vertex 18.6 68 0.99
      vertex 18.6 68 3.5
    endloop
  endfacet
  facet normal -0.969993 -0.243135 0
    outer loop
      vertex 18.5693 68.3121 0.99
      vertex 18.5311 68.4645 3.5
      vertex 18.5311 68.4645 0.99
    endloop
  endfacet
  facet normal -0.969993 -0.243135 0
    outer loop
      vertex 18.5311 68.4645 3.5
      vertex 18.5693 68.3121 0.99
      vertex 18.5693 68.3121 3.5
    endloop
  endfacet
  facet normal -0.427484 -0.904023 0
    outer loop
      vertex 17.6123 69.4782 0.99
      vertex 17.7542 69.4111 3.5
      vertex 17.6123 69.4782 3.5
    endloop
  endfacet
  facet normal -0.427484 -0.904023 -0
    outer loop
      vertex 17.7542 69.4111 3.5
      vertex 17.6123 69.4782 0.99
      vertex 17.7542 69.4111 0.99
    endloop
  endfacet
  facet normal 0.243135 0.969993 -0
    outer loop
      vertex 16.6879 66.4307 0.99
      vertex 16.5355 66.4689 3.5
      vertex 16.6879 66.4307 3.5
    endloop
  endfacet
  facet normal 0.243135 0.969993 0
    outer loop
      vertex 16.5355 66.4689 3.5
      vertex 16.6879 66.4307 0.99
      vertex 16.5355 66.4689 0.99
    endloop
  endfacet
  facet normal 0.85783 0.513934 0
    outer loop
      vertex 15.6696 67.1111 3.5
      vertex 15.5889 67.2458 0.99
      vertex 15.5889 67.2458 3.5
    endloop
  endfacet
  facet normal 0.85783 0.513934 0
    outer loop
      vertex 15.5889 67.2458 0.99
      vertex 15.6696 67.1111 3.5
      vertex 15.6696 67.1111 0.99
    endloop
  endfacet
  facet normal -0.146502 0.98921 0
    outer loop
      vertex 17.3121 66.4307 0.99
      vertex 17.1568 66.4077 3.5
      vertex 17.3121 66.4307 3.5
    endloop
  endfacet
  facet normal -0.146502 0.98921 0
    outer loop
      vertex 17.1568 66.4077 3.5
      vertex 17.3121 66.4307 0.99
      vertex 17.1568 66.4077 0.99
    endloop
  endfacet
  facet normal -0.741264 -0.671213 0
    outer loop
      vertex 18.2368 69.015 0.99
      vertex 18.1314 69.1314 3.5
      vertex 18.1314 69.1314 0.99
    endloop
  endfacet
  facet normal -0.741264 -0.671213 0
    outer loop
      vertex 18.1314 69.1314 3.5
      vertex 18.2368 69.015 0.99
      vertex 18.2368 69.015 3.5
    endloop
  endfacet
  facet normal 0.513934 -0.85783 0
    outer loop
      vertex 16.1111 69.3304 0.99
      vertex 16.2458 69.4111 3.5
      vertex 16.1111 69.3304 3.5
    endloop
  endfacet
  facet normal 0.513934 -0.85783 0
    outer loop
      vertex 16.2458 69.4111 3.5
      vertex 16.1111 69.3304 0.99
      vertex 16.2458 69.4111 0.99
    endloop
  endfacet
  facet normal -0.741264 0.671213 0
    outer loop
      vertex 18.1314 66.8686 0.99
      vertex 18.2368 66.985 3.5
      vertex 18.2368 66.985 0.99
    endloop
  endfacet
  facet normal -0.741264 0.671213 0
    outer loop
      vertex 18.2368 66.985 3.5
      vertex 18.1314 66.8686 0.99
      vertex 18.1314 66.8686 3.5
    endloop
  endfacet
  facet normal -0.513934 0.85783 0
    outer loop
      vertex 17.8889 66.6696 0.99
      vertex 17.7542 66.5889 3.5
      vertex 17.8889 66.6696 3.5
    endloop
  endfacet
  facet normal -0.513934 0.85783 0
    outer loop
      vertex 17.7542 66.5889 3.5
      vertex 17.8889 66.6696 0.99
      vertex 17.7542 66.5889 0.99
    endloop
  endfacet
  facet normal -0.243135 -0.969993 0
    outer loop
      vertex 17.3121 69.5693 0.99
      vertex 17.4645 69.5311 3.5
      vertex 17.3121 69.5693 3.5
    endloop
  endfacet
  facet normal -0.243135 -0.969993 -0
    outer loop
      vertex 17.4645 69.5311 3.5
      vertex 17.3121 69.5693 0.99
      vertex 17.4645 69.5311 0.99
    endloop
  endfacet
  facet normal 0.98921 -0.146502 0
    outer loop
      vertex 15.4077 68.1568 3.5
      vertex 15.4307 68.3121 0.99
      vertex 15.4307 68.3121 3.5
    endloop
  endfacet
  facet normal 0.98921 -0.146502 0
    outer loop
      vertex 15.4307 68.3121 0.99
      vertex 15.4077 68.1568 3.5
      vertex 15.4077 68.1568 0.99
    endloop
  endfacet
  facet normal -0.85783 -0.513934 0
    outer loop
      vertex 18.4111 68.7542 0.99
      vertex 18.3304 68.8889 3.5
      vertex 18.3304 68.8889 0.99
    endloop
  endfacet
  facet normal -0.85783 -0.513934 0
    outer loop
      vertex 18.3304 68.8889 3.5
      vertex 18.4111 68.7542 0.99
      vertex 18.4111 68.7542 3.5
    endloop
  endfacet
  facet normal -0.969993 0.243135 0
    outer loop
      vertex 18.5311 67.5355 0.99
      vertex 18.5693 67.6879 3.5
      vertex 18.5693 67.6879 0.99
    endloop
  endfacet
  facet normal -0.969993 0.243135 0
    outer loop
      vertex 18.5693 67.6879 3.5
      vertex 18.5311 67.5355 0.99
      vertex 18.5311 67.5355 3.5
    endloop
  endfacet
  facet normal 0.146502 0.98921 -0
    outer loop
      vertex 16.8432 66.4077 0.99
      vertex 16.6879 66.4307 3.5
      vertex 16.8432 66.4077 3.5
    endloop
  endfacet
  facet normal 0.146502 0.98921 0
    outer loop
      vertex 16.6879 66.4307 3.5
      vertex 16.8432 66.4077 0.99
      vertex 16.6879 66.4307 0.99
    endloop
  endfacet
  facet normal 0.998796 0.049048 0
    outer loop
      vertex 15.4077 67.8432 3.5
      vertex 15.4 68 0.99
      vertex 15.4 68 3.5
    endloop
  endfacet
  facet normal 0.998796 0.049048 0
    outer loop
      vertex 15.4 68 0.99
      vertex 15.4077 67.8432 3.5
      vertex 15.4077 67.8432 0.99
    endloop
  endfacet
  facet normal -0.146502 -0.98921 0
    outer loop
      vertex 17.1568 69.5923 0.99
      vertex 17.3121 69.5693 3.5
      vertex 17.1568 69.5923 3.5
    endloop
  endfacet
  facet normal -0.146502 -0.98921 -0
    outer loop
      vertex 17.3121 69.5693 3.5
      vertex 17.1568 69.5923 0.99
      vertex 17.3121 69.5693 0.99
    endloop
  endfacet
  facet normal -0.941511 -0.336982 0
    outer loop
      vertex 18.5311 68.4645 0.99
      vertex 18.4782 68.6123 3.5
      vertex 18.4782 68.6123 0.99
    endloop
  endfacet
  facet normal -0.941511 -0.336982 0
    outer loop
      vertex 18.4782 68.6123 3.5
      vertex 18.5311 68.4645 0.99
      vertex 18.5311 68.4645 3.5
    endloop
  endfacet
  facet normal -0.671213 -0.741264 0
    outer loop
      vertex 18.015 69.2368 0.99
      vertex 18.1314 69.1314 3.5
      vertex 18.015 69.2368 3.5
    endloop
  endfacet
  facet normal -0.671213 -0.741264 -0
    outer loop
      vertex 18.1314 69.1314 3.5
      vertex 18.015 69.2368 0.99
      vertex 18.1314 69.1314 0.99
    endloop
  endfacet
  facet normal 0.741264 -0.671213 0
    outer loop
      vertex 15.7632 69.015 3.5
      vertex 15.8686 69.1314 0.99
      vertex 15.8686 69.1314 3.5
    endloop
  endfacet
  facet normal 0.741264 -0.671213 0
    outer loop
      vertex 15.8686 69.1314 0.99
      vertex 15.7632 69.015 3.5
      vertex 15.7632 69.015 0.99
    endloop
  endfacet
  facet normal 0.969993 0.243135 0
    outer loop
      vertex 15.4689 67.5355 3.5
      vertex 15.4307 67.6879 0.99
      vertex 15.4307 67.6879 3.5
    endloop
  endfacet
  facet normal 0.969993 0.243135 0
    outer loop
      vertex 15.4307 67.6879 0.99
      vertex 15.4689 67.5355 3.5
      vertex 15.4689 67.5355 0.99
    endloop
  endfacet
  facet normal 0.336982 -0.941511 0
    outer loop
      vertex 16.3877 69.4782 0.99
      vertex 16.5355 69.5311 3.5
      vertex 16.3877 69.4782 3.5
    endloop
  endfacet
  facet normal 0.336982 -0.941511 0
    outer loop
      vertex 16.5355 69.5311 3.5
      vertex 16.3877 69.4782 0.99
      vertex 16.5355 69.5311 0.99
    endloop
  endfacet
  facet normal 0.941511 0.336982 0
    outer loop
      vertex 15.5218 67.3877 3.5
      vertex 15.4689 67.5355 0.99
      vertex 15.4689 67.5355 3.5
    endloop
  endfacet
  facet normal 0.941511 0.336982 0
    outer loop
      vertex 15.4689 67.5355 0.99
      vertex 15.5218 67.3877 3.5
      vertex 15.5218 67.3877 0.99
    endloop
  endfacet
  facet normal -0.336982 -0.941511 0
    outer loop
      vertex 17.4645 69.5311 0.99
      vertex 17.6123 69.4782 3.5
      vertex 17.4645 69.5311 3.5
    endloop
  endfacet
  facet normal -0.336982 -0.941511 -0
    outer loop
      vertex 17.6123 69.4782 3.5
      vertex 17.4645 69.5311 0.99
      vertex 17.6123 69.4782 0.99
    endloop
  endfacet
  facet normal 0.80297 -0.596019 0
    outer loop
      vertex 15.6696 68.8889 3.5
      vertex 15.7632 69.015 0.99
      vertex 15.7632 69.015 3.5
    endloop
  endfacet
  facet normal 0.80297 -0.596019 0
    outer loop
      vertex 15.7632 69.015 0.99
      vertex 15.6696 68.8889 3.5
      vertex 15.6696 68.8889 0.99
    endloop
  endfacet
  facet normal -0.80297 -0.596019 0
    outer loop
      vertex 18.3304 68.8889 0.99
      vertex 18.2368 69.015 3.5
      vertex 18.2368 69.015 0.99
    endloop
  endfacet
  facet normal -0.80297 -0.596019 0
    outer loop
      vertex 18.2368 69.015 3.5
      vertex 18.3304 68.8889 0.99
      vertex 18.3304 68.8889 3.5
    endloop
  endfacet
  facet normal 0.969993 -0.243135 0
    outer loop
      vertex 15.4307 68.3121 3.5
      vertex 15.4689 68.4645 0.99
      vertex 15.4689 68.4645 3.5
    endloop
  endfacet
  facet normal 0.969993 -0.243135 0
    outer loop
      vertex 15.4689 68.4645 0.99
      vertex 15.4307 68.3121 3.5
      vertex 15.4307 68.3121 0.99
    endloop
  endfacet
  facet normal 0.671213 -0.741264 0
    outer loop
      vertex 15.8686 69.1314 0.99
      vertex 15.985 69.2368 3.5
      vertex 15.8686 69.1314 3.5
    endloop
  endfacet
  facet normal 0.671213 -0.741264 0
    outer loop
      vertex 15.985 69.2368 3.5
      vertex 15.8686 69.1314 0.99
      vertex 15.985 69.2368 0.99
    endloop
  endfacet
  facet normal -0.427484 0.904023 0
    outer loop
      vertex 17.7542 66.5889 0.99
      vertex 17.6123 66.5218 3.5
      vertex 17.7542 66.5889 3.5
    endloop
  endfacet
  facet normal -0.427484 0.904023 0
    outer loop
      vertex 17.6123 66.5218 3.5
      vertex 17.7542 66.5889 0.99
      vertex 17.6123 66.5218 0.99
    endloop
  endfacet
  facet normal 0.243135 -0.969993 0
    outer loop
      vertex 16.5355 69.5311 0.99
      vertex 16.6879 69.5693 3.5
      vertex 16.5355 69.5311 3.5
    endloop
  endfacet
  facet normal 0.243135 -0.969993 0
    outer loop
      vertex 16.6879 69.5693 3.5
      vertex 16.5355 69.5311 0.99
      vertex 16.6879 69.5693 0.99
    endloop
  endfacet
  facet normal 0.941511 -0.336982 0
    outer loop
      vertex 15.4689 68.4645 3.5
      vertex 15.5218 68.6123 0.99
      vertex 15.5218 68.6123 3.5
    endloop
  endfacet
  facet normal 0.941511 -0.336982 0
    outer loop
      vertex 15.5218 68.6123 0.99
      vertex 15.4689 68.4645 3.5
      vertex 15.4689 68.4645 0.99
    endloop
  endfacet
  facet normal -0.513934 -0.85783 0
    outer loop
      vertex 17.7542 69.4111 0.99
      vertex 17.8889 69.3304 3.5
      vertex 17.7542 69.4111 3.5
    endloop
  endfacet
  facet normal -0.513934 -0.85783 -0
    outer loop
      vertex 17.8889 69.3304 3.5
      vertex 17.7542 69.4111 0.99
      vertex 17.8889 69.3304 0.99
    endloop
  endfacet
  facet normal 0.513934 0.85783 -0
    outer loop
      vertex 16.2458 66.5889 0.99
      vertex 16.1111 66.6696 3.5
      vertex 16.2458 66.5889 3.5
    endloop
  endfacet
  facet normal 0.513934 0.85783 0
    outer loop
      vertex 16.1111 66.6696 3.5
      vertex 16.2458 66.5889 0.99
      vertex 16.1111 66.6696 0.99
    endloop
  endfacet
  facet normal 0.596019 -0.80297 0
    outer loop
      vertex 15.985 69.2368 0.99
      vertex 16.1111 69.3304 3.5
      vertex 15.985 69.2368 3.5
    endloop
  endfacet
  facet normal 0.596019 -0.80297 0
    outer loop
      vertex 16.1111 69.3304 3.5
      vertex 15.985 69.2368 0.99
      vertex 16.1111 69.3304 0.99
    endloop
  endfacet
  facet normal 0.049048 -0.998796 0
    outer loop
      vertex 16.8432 69.5923 0.99
      vertex 17 69.6 3.5
      vertex 16.8432 69.5923 3.5
    endloop
  endfacet
  facet normal 0.049048 -0.998796 0
    outer loop
      vertex 17 69.6 3.5
      vertex 16.8432 69.5923 0.99
      vertex 17 69.6 0.99
    endloop
  endfacet
  facet normal -0.049048 0.998796 0
    outer loop
      vertex 17.1568 66.4077 0.99
      vertex 17 66.4 3.5
      vertex 17.1568 66.4077 3.5
    endloop
  endfacet
  facet normal -0.049048 0.998796 0
    outer loop
      vertex 17 66.4 3.5
      vertex 17.1568 66.4077 0.99
      vertex 17 66.4 0.99
    endloop
  endfacet
  facet normal -0.941511 0.336982 0
    outer loop
      vertex 18.4782 67.3877 0.99
      vertex 18.5311 67.5355 3.5
      vertex 18.5311 67.5355 0.99
    endloop
  endfacet
  facet normal -0.941511 0.336982 0
    outer loop
      vertex 18.5311 67.5355 3.5
      vertex 18.4782 67.3877 0.99
      vertex 18.4782 67.3877 3.5
    endloop
  endfacet
  facet normal -0.80297 0.596019 0
    outer loop
      vertex 18.2368 66.985 0.99
      vertex 18.3304 67.1111 3.5
      vertex 18.3304 67.1111 0.99
    endloop
  endfacet
  facet normal -0.80297 0.596019 0
    outer loop
      vertex 18.3304 67.1111 3.5
      vertex 18.2368 66.985 0.99
      vertex 18.2368 66.985 3.5
    endloop
  endfacet
  facet normal -0.98921 0.146502 0
    outer loop
      vertex 18.5693 67.6879 0.99
      vertex 18.5923 67.8432 3.5
      vertex 18.5923 67.8432 0.99
    endloop
  endfacet
  facet normal -0.98921 0.146502 0
    outer loop
      vertex 18.5923 67.8432 3.5
      vertex 18.5693 67.6879 0.99
      vertex 18.5693 67.6879 3.5
    endloop
  endfacet
  facet normal 0.85783 -0.513934 0
    outer loop
      vertex 15.5889 68.7542 3.5
      vertex 15.6696 68.8889 0.99
      vertex 15.6696 68.8889 3.5
    endloop
  endfacet
  facet normal 0.85783 -0.513934 0
    outer loop
      vertex 15.6696 68.8889 0.99
      vertex 15.5889 68.7542 3.5
      vertex 15.5889 68.7542 0.99
    endloop
  endfacet
  facet normal 0.336982 0.941511 -0
    outer loop
      vertex 16.5355 66.4689 0.99
      vertex 16.3877 66.5218 3.5
      vertex 16.5355 66.4689 3.5
    endloop
  endfacet
  facet normal 0.336982 0.941511 0
    outer loop
      vertex 16.3877 66.5218 3.5
      vertex 16.5355 66.4689 0.99
      vertex 16.3877 66.5218 0.99
    endloop
  endfacet
  facet normal -0.904023 -0.427484 0
    outer loop
      vertex 18.4782 68.6123 0.99
      vertex 18.4111 68.7542 3.5
      vertex 18.4111 68.7542 0.99
    endloop
  endfacet
  facet normal -0.904023 -0.427484 0
    outer loop
      vertex 18.4111 68.7542 3.5
      vertex 18.4782 68.6123 0.99
      vertex 18.4782 68.6123 3.5
    endloop
  endfacet
  facet normal 0.427484 -0.904023 0
    outer loop
      vertex 16.2458 69.4111 0.99
      vertex 16.3877 69.4782 3.5
      vertex 16.2458 69.4111 3.5
    endloop
  endfacet
  facet normal 0.427484 -0.904023 0
    outer loop
      vertex 16.3877 69.4782 3.5
      vertex 16.2458 69.4111 0.99
      vertex 16.3877 69.4782 0.99
    endloop
  endfacet
  facet normal -0.596019 0.80297 0
    outer loop
      vertex 18.015 66.7632 0.99
      vertex 17.8889 66.6696 3.5
      vertex 18.015 66.7632 3.5
    endloop
  endfacet
  facet normal -0.596019 0.80297 0
    outer loop
      vertex 17.8889 66.6696 3.5
      vertex 18.015 66.7632 0.99
      vertex 17.8889 66.6696 0.99
    endloop
  endfacet
  facet normal -0.596019 -0.80297 0
    outer loop
      vertex 17.8889 69.3304 0.99
      vertex 18.015 69.2368 3.5
      vertex 17.8889 69.3304 3.5
    endloop
  endfacet
  facet normal -0.596019 -0.80297 -0
    outer loop
      vertex 18.015 69.2368 3.5
      vertex 17.8889 69.3304 0.99
      vertex 18.015 69.2368 0.99
    endloop
  endfacet
  facet normal 0.671213 0.741264 -0
    outer loop
      vertex 15.985 66.7632 0.99
      vertex 15.8686 66.8686 3.5
      vertex 15.985 66.7632 3.5
    endloop
  endfacet
  facet normal 0.671213 0.741264 0
    outer loop
      vertex 15.8686 66.8686 3.5
      vertex 15.985 66.7632 0.99
      vertex 15.8686 66.8686 0.99
    endloop
  endfacet
  facet normal -0.998796 0.049048 0
    outer loop
      vertex 18.5923 67.8432 0.99
      vertex 18.6 68 3.5
      vertex 18.6 68 0.99
    endloop
  endfacet
  facet normal -0.998796 0.049048 0
    outer loop
      vertex 18.6 68 3.5
      vertex 18.5923 67.8432 0.99
      vertex 18.5923 67.8432 3.5
    endloop
  endfacet
  facet normal 0.80297 0.596019 0
    outer loop
      vertex 15.7632 66.985 3.5
      vertex 15.6696 67.1111 0.99
      vertex 15.6696 67.1111 3.5
    endloop
  endfacet
  facet normal 0.80297 0.596019 0
    outer loop
      vertex 15.6696 67.1111 0.99
      vertex 15.7632 66.985 3.5
      vertex 15.7632 66.985 0.99
    endloop
  endfacet
  facet normal 0.904023 0.427484 0
    outer loop
      vertex 15.5889 67.2458 3.5
      vertex 15.5218 67.3877 0.99
      vertex 15.5218 67.3877 3.5
    endloop
  endfacet
  facet normal 0.904023 0.427484 0
    outer loop
      vertex 15.5218 67.3877 0.99
      vertex 15.5889 67.2458 3.5
      vertex 15.5889 67.2458 0.99
    endloop
  endfacet
  facet normal -0.049048 -0.998796 0
    outer loop
      vertex 17 69.6 0.99
      vertex 17.1568 69.5923 3.5
      vertex 17 69.6 3.5
    endloop
  endfacet
  facet normal -0.049048 -0.998796 -0
    outer loop
      vertex 17.1568 69.5923 3.5
      vertex 17 69.6 0.99
      vertex 17.1568 69.5923 0.99
    endloop
  endfacet
  facet normal 0.427484 0.904023 -0
    outer loop
      vertex 16.3877 66.5218 0.99
      vertex 16.2458 66.5889 3.5
      vertex 16.3877 66.5218 3.5
    endloop
  endfacet
  facet normal 0.427484 0.904023 0
    outer loop
      vertex 16.2458 66.5889 3.5
      vertex 16.3877 66.5218 0.99
      vertex 16.2458 66.5889 0.99
    endloop
  endfacet
  facet normal 0.146502 -0.98921 0
    outer loop
      vertex 16.6879 69.5693 0.99
      vertex 16.8432 69.5923 3.5
      vertex 16.6879 69.5693 3.5
    endloop
  endfacet
  facet normal 0.146502 -0.98921 0
    outer loop
      vertex 16.8432 69.5923 3.5
      vertex 16.6879 69.5693 0.99
      vertex 16.8432 69.5923 0.99
    endloop
  endfacet
  facet normal 0.98921 0.146502 0
    outer loop
      vertex 15.4307 67.6879 3.5
      vertex 15.4077 67.8432 0.99
      vertex 15.4077 67.8432 3.5
    endloop
  endfacet
  facet normal 0.98921 0.146502 0
    outer loop
      vertex 15.4077 67.8432 0.99
      vertex 15.4307 67.6879 3.5
      vertex 15.4307 67.6879 0.99
    endloop
  endfacet
  facet normal -0.336982 0.941511 0
    outer loop
      vertex 17.6123 66.5218 0.99
      vertex 17.4645 66.4689 3.5
      vertex 17.6123 66.5218 3.5
    endloop
  endfacet
  facet normal -0.336982 0.941511 0
    outer loop
      vertex 17.4645 66.4689 3.5
      vertex 17.6123 66.5218 0.99
      vertex 17.4645 66.4689 0.99
    endloop
  endfacet
  facet normal -0.243135 0.969993 0
    outer loop
      vertex 17.4645 66.4689 0.99
      vertex 17.3121 66.4307 3.5
      vertex 17.4645 66.4689 3.5
    endloop
  endfacet
  facet normal -0.243135 0.969993 0
    outer loop
      vertex 17.3121 66.4307 3.5
      vertex 17.4645 66.4689 0.99
      vertex 17.3121 66.4307 0.99
    endloop
  endfacet
  facet normal 0.904023 -0.427484 0
    outer loop
      vertex 15.5218 68.6123 3.5
      vertex 15.5889 68.7542 0.99
      vertex 15.5889 68.7542 3.5
    endloop
  endfacet
  facet normal 0.904023 -0.427484 0
    outer loop
      vertex 15.5889 68.7542 0.99
      vertex 15.5218 68.6123 3.5
      vertex 15.5218 68.6123 0.99
    endloop
  endfacet
  facet normal 0.741264 0.671213 0
    outer loop
      vertex 15.8686 66.8686 3.5
      vertex 15.7632 66.985 0.99
      vertex 15.7632 66.985 3.5
    endloop
  endfacet
  facet normal 0.741264 0.671213 0
    outer loop
      vertex 15.7632 66.985 0.99
      vertex 15.8686 66.8686 3.5
      vertex 15.8686 66.8686 0.99
    endloop
  endfacet
  facet normal 0.596019 0.80297 -0
    outer loop
      vertex 16.1111 66.6696 0.99
      vertex 15.985 66.7632 3.5
      vertex 16.1111 66.6696 3.5
    endloop
  endfacet
  facet normal 0.596019 0.80297 0
    outer loop
      vertex 15.985 66.7632 3.5
      vertex 16.1111 66.6696 0.99
      vertex 15.985 66.7632 0.99
    endloop
  endfacet
  facet normal -0.904023 0.427484 0
    outer loop
      vertex 18.4111 67.2458 0.99
      vertex 18.4782 67.3877 3.5
      vertex 18.4782 67.3877 0.99
    endloop
  endfacet
  facet normal -0.904023 0.427484 0
    outer loop
      vertex 18.4782 67.3877 3.5
      vertex 18.4111 67.2458 0.99
      vertex 18.4111 67.2458 3.5
    endloop
  endfacet
  facet normal -0.85783 0.513934 0
    outer loop
      vertex 18.3304 67.1111 0.99
      vertex 18.4111 67.2458 3.5
      vertex 18.4111 67.2458 0.99
    endloop
  endfacet
  facet normal -0.85783 0.513934 0
    outer loop
      vertex 18.4111 67.2458 3.5
      vertex 18.3304 67.1111 0.99
      vertex 18.3304 67.1111 3.5
    endloop
  endfacet
  facet normal 0.049048 0.998796 -0
    outer loop
      vertex 17 66.4 0.99
      vertex 16.8432 66.4077 3.5
      vertex 17 66.4 3.5
    endloop
  endfacet
  facet normal 0.049048 0.998796 0
    outer loop
      vertex 16.8432 66.4077 3.5
      vertex 17 66.4 0.99
      vertex 16.8432 66.4077 0.99
    endloop
  endfacet
  facet normal 0 0 -1
    outer loop
      vertex 18.5923 67.8432 3.5
      vertex 18.5923 68.1568 3.5
      vertex 18.6 68 3.5
    endloop
  endfacet
  facet normal 0 0 -1
    outer loop
      vertex 18.5693 67.6879 3.5
      vertex 18.5923 68.1568 3.5
      vertex 18.5923 67.8432 3.5
    endloop
  endfacet
  facet normal 0 0 -1
    outer loop
      vertex 18.5693 67.6879 3.5
      vertex 18.5693 68.3121 3.5
      vertex 18.5923 68.1568 3.5
    endloop
  endfacet
  facet normal 0 0 -1
    outer loop
      vertex 18.5311 67.5355 3.5
      vertex 18.5693 68.3121 3.5
      vertex 18.5693 67.6879 3.5
    endloop
  endfacet
  facet normal 0 0 -1
    outer loop
      vertex 18.5311 67.5355 3.5
      vertex 18.5311 68.4645 3.5
      vertex 18.5693 68.3121 3.5
    endloop
  endfacet
  facet normal 0 0 -1
    outer loop
      vertex 18.4782 67.3877 3.5
      vertex 18.5311 68.4645 3.5
      vertex 18.5311 67.5355 3.5
    endloop
  endfacet
  facet normal 0 0 -1
    outer loop
      vertex 18.4782 67.3877 3.5
      vertex 18.4782 68.6123 3.5
      vertex 18.5311 68.4645 3.5
    endloop
  endfacet
  facet normal 0 0 -1
    outer loop
      vertex 18.4111 67.2458 3.5
      vertex 18.4782 68.6123 3.5
      vertex 18.4782 67.3877 3.5
    endloop
  endfacet
  facet normal 0 0 -1
    outer loop
      vertex 18.4111 67.2458 3.5
      vertex 18.4111 68.7542 3.5
      vertex 18.4782 68.6123 3.5
    endloop
  endfacet
  facet normal 0 0 -1
    outer loop
      vertex 18.3304 67.1111 3.5
      vertex 18.4111 68.7542 3.5
      vertex 18.4111 67.2458 3.5
    endloop
  endfacet
  facet normal 0 0 -1
    outer loop
      vertex 18.3304 67.1111 3.5
      vertex 18.3304 68.8889 3.5
      vertex 18.4111 68.7542 3.5
    endloop
  endfacet
  facet normal 0 0 -1
    outer loop
      vertex 18.2368 66.985 3.5
      vertex 18.3304 68.8889 3.5
      vertex 18.3304 67.1111 3.5
    endloop
  endfacet
  facet normal 0 0 -1
    outer loop
      vertex 18.2368 66.985 3.5
      vertex 18.2368 69.015 3.5
      vertex 18.3304 68.8889 3.5
    endloop
  endfacet
  facet normal 0 0 -1
    outer loop
      vertex 18.1314 66.8686 3.5
      vertex 18.2368 69.015 3.5
      vertex 18.2368 66.985 3.5
    endloop
  endfacet
  facet normal 0 0 -1
    outer loop
      vertex 18.1314 66.8686 3.5
      vertex 18.1314 69.1314 3.5
      vertex 18.2368 69.015 3.5
    endloop
  endfacet
  facet normal 0 0 -1
    outer loop
      vertex 18.015 66.7632 3.5
      vertex 18.1314 69.1314 3.5
      vertex 18.1314 66.8686 3.5
    endloop
  endfacet
  facet normal 0 0 -1
    outer loop
      vertex 18.015 66.7632 3.5
      vertex 18.015 69.2368 3.5
      vertex 18.1314 69.1314 3.5
    endloop
  endfacet
  facet normal 0 0 -1
    outer loop
      vertex 17.8889 66.6696 3.5
      vertex 18.015 69.2368 3.5
      vertex 18.015 66.7632 3.5
    endloop
  endfacet
  facet normal 0 0 -1
    outer loop
      vertex 17.8889 66.6696 3.5
      vertex 17.8889 69.3304 3.5
      vertex 18.015 69.2368 3.5
    endloop
  endfacet
  facet normal 0 0 -1
    outer loop
      vertex 17.7542 66.5889 3.5
      vertex 17.8889 69.3304 3.5
      vertex 17.8889 66.6696 3.5
    endloop
  endfacet
  facet normal 0 0 -1
    outer loop
      vertex 17.7542 66.5889 3.5
      vertex 17.7542 69.4111 3.5
      vertex 17.8889 69.3304 3.5
    endloop
  endfacet
  facet normal 0 0 -1
    outer loop
      vertex 17.6123 66.5218 3.5
      vertex 17.7542 69.4111 3.5
      vertex 17.7542 66.5889 3.5
    endloop
  endfacet
  facet normal 0 0 -1
    outer loop
      vertex 17.6123 66.5218 3.5
      vertex 17.6123 69.4782 3.5
      vertex 17.7542 69.4111 3.5
    endloop
  endfacet
  facet normal 0 0 -1
    outer loop
      vertex 17.4645 66.4689 3.5
      vertex 17.6123 69.4782 3.5
      vertex 17.6123 66.5218 3.5
    endloop
  endfacet
  facet normal 0 0 -1
    outer loop
      vertex 17.4645 66.4689 3.5
      vertex 17.4645 69.5311 3.5
      vertex 17.6123 69.4782 3.5
    endloop
  endfacet
  facet normal 0 0 -1
    outer loop
      vertex 17.3121 66.4307 3.5
      vertex 17.4645 69.5311 3.5
      vertex 17.4645 66.4689 3.5
    endloop
  endfacet
  facet normal 0 0 -1
    outer loop
      vertex 17.3121 66.4307 3.5
      vertex 17.3121 69.5693 3.5
      vertex 17.4645 69.5311 3.5
    endloop
  endfacet
  facet normal 0 0 -1
    outer loop
      vertex 17.1568 66.4077 3.5
      vertex 17.3121 69.5693 3.5
      vertex 17.3121 66.4307 3.5
    endloop
  endfacet
  facet normal 0 0 -1
    outer loop
      vertex 17.1568 66.4077 3.5
      vertex 17.1568 69.5923 3.5
      vertex 17.3121 69.5693 3.5
    endloop
  endfacet
  facet normal 0 0 -1
    outer loop
      vertex 17 66.4 3.5
      vertex 17.1568 69.5923 3.5
      vertex 17.1568 66.4077 3.5
    endloop
  endfacet
  facet normal 0 0 -1
    outer loop
      vertex 17 66.4 3.5
      vertex 17 69.6 3.5
      vertex 17.1568 69.5923 3.5
    endloop
  endfacet
  facet normal 0 0 -1
    outer loop
      vertex 16.8432 66.4077 3.5
      vertex 17 69.6 3.5
      vertex 17 66.4 3.5
    endloop
  endfacet
  facet normal 0 0 -1
    outer loop
      vertex 16.8432 66.4077 3.5
      vertex 16.8432 69.5923 3.5
      vertex 17 69.6 3.5
    endloop
  endfacet
  facet normal 0 0 -1
    outer loop
      vertex 16.6879 66.4307 3.5
      vertex 16.8432 69.5923 3.5
      vertex 16.8432 66.4077 3.5
    endloop
  endfacet
  facet normal 0 0 -1
    outer loop
      vertex 16.6879 66.4307 3.5
      vertex 16.6879 69.5693 3.5
      vertex 16.8432 69.5923 3.5
    endloop
  endfacet
  facet normal 0 0 -1
    outer loop
      vertex 16.5355 66.4689 3.5
      vertex 16.6879 69.5693 3.5
      vertex 16.6879 66.4307 3.5
    endloop
  endfacet
  facet normal 0 0 -1
    outer loop
      vertex 16.5355 66.4689 3.5
      vertex 16.5355 69.5311 3.5
      vertex 16.6879 69.5693 3.5
    endloop
  endfacet
  facet normal 0 0 -1
    outer loop
      vertex 16.3877 66.5218 3.5
      vertex 16.5355 69.5311 3.5
      vertex 16.5355 66.4689 3.5
    endloop
  endfacet
  facet normal 0 0 -1
    outer loop
      vertex 16.3877 66.5218 3.5
      vertex 16.3877 69.4782 3.5
      vertex 16.5355 69.5311 3.5
    endloop
  endfacet
  facet normal 0 0 -1
    outer loop
      vertex 16.2458 66.5889 3.5
      vertex 16.3877 69.4782 3.5
      vertex 16.3877 66.5218 3.5
    endloop
  endfacet
  facet normal 0 0 -1
    outer loop
      vertex 16.2458 66.5889 3.5
      vertex 16.2458 69.4111 3.5
      vertex 16.3877 69.4782 3.5
    endloop
  endfacet
  facet normal 0 0 -1
    outer loop
      vertex 16.1111 66.6696 3.5
      vertex 16.2458 69.4111 3.5
      vertex 16.2458 66.5889 3.5
    endloop
  endfacet
  facet normal 0 0 -1
    outer loop
      vertex 16.1111 66.6696 3.5
      vertex 16.1111 69.3304 3.5
      vertex 16.2458 69.4111 3.5
    endloop
  endfacet
  facet normal 0 0 -1
    outer loop
      vertex 15.985 66.7632 3.5
      vertex 16.1111 69.3304 3.5
      vertex 16.1111 66.6696 3.5
    endloop
  endfacet
  facet normal 0 0 -1
    outer loop
      vertex 15.985 66.7632 3.5
      vertex 15.985 69.2368 3.5
      vertex 16.1111 69.3304 3.5
    endloop
  endfacet
  facet normal 0 0 -1
    outer loop
      vertex 15.8686 66.8686 3.5
      vertex 15.985 69.2368 3.5
      vertex 15.985 66.7632 3.5
    endloop
  endfacet
  facet normal 0 0 -1
    outer loop
      vertex 15.8686 66.8686 3.5
      vertex 15.8686 69.1314 3.5
      vertex 15.985 69.2368 3.5
    endloop
  endfacet
  facet normal 0 0 -1
    outer loop
      vertex 15.7632 66.985 3.5
      vertex 15.8686 69.1314 3.5
      vertex 15.8686 66.8686 3.5
    endloop
  endfacet
  facet normal 0 0 -1
    outer loop
      vertex 15.7632 66.985 3.5
      vertex 15.7632 69.015 3.5
      vertex 15.8686 69.1314 3.5
    endloop
  endfacet
  facet normal 0 0 -1
    outer loop
      vertex 15.6696 67.1111 3.5
      vertex 15.7632 69.015 3.5
      vertex 15.7632 66.985 3.5
    endloop
  endfacet
  facet normal 0 0 -1
    outer loop
      vertex 15.6696 67.1111 3.5
      vertex 15.6696 68.8889 3.5
      vertex 15.7632 69.015 3.5
    endloop
  endfacet
  facet normal 0 0 -1
    outer loop
      vertex 15.5889 67.2458 3.5
      vertex 15.6696 68.8889 3.5
      vertex 15.6696 67.1111 3.5
    endloop
  endfacet
  facet normal 0 0 -1
    outer loop
      vertex 15.5889 67.2458 3.5
      vertex 15.5889 68.7542 3.5
      vertex 15.6696 68.8889 3.5
    endloop
  endfacet
  facet normal 0 0 -1
    outer loop
      vertex 15.5218 67.3877 3.5
      vertex 15.5889 68.7542 3.5
      vertex 15.5889 67.2458 3.5
    endloop
  endfacet
  facet normal 0 0 -1
    outer loop
      vertex 15.5218 67.3877 3.5
      vertex 15.5218 68.6123 3.5
      vertex 15.5889 68.7542 3.5
    endloop
  endfacet
  facet normal 0 0 -1
    outer loop
      vertex 15.4689 67.5355 3.5
      vertex 15.5218 68.6123 3.5
      vertex 15.5218 67.3877 3.5
    endloop
  endfacet
  facet normal 0 0 -1
    outer loop
      vertex 15.4689 67.5355 3.5
      vertex 15.4689 68.4645 3.5
      vertex 15.5218 68.6123 3.5
    endloop
  endfacet
  facet normal 0 0 -1
    outer loop
      vertex 15.4307 67.6879 3.5
      vertex 15.4689 68.4645 3.5
      vertex 15.4689 67.5355 3.5
    endloop
  endfacet
  facet normal 0 0 -1
    outer loop
      vertex 15.4307 67.6879 3.5
      vertex 15.4307 68.3121 3.5
      vertex 15.4689 68.4645 3.5
    endloop
  endfacet
  facet normal 0 0 -1
    outer loop
      vertex 15.4077 67.8432 3.5
      vertex 15.4307 68.3121 3.5
      vertex 15.4307 67.6879 3.5
    endloop
  endfacet
  facet normal 0 0 -1
    outer loop
      vertex 15.4077 67.8432 3.5
      vertex 15.4077 68.1568 3.5
      vertex 15.4307 68.3121 3.5
    endloop
  endfacet
  facet normal 0 -0 -1
    outer loop
      vertex 15.4077 68.1568 3.5
      vertex 15.4077 67.8432 3.5
      vertex 15.4 68 3.5
    endloop
  endfacet
  facet normal 0.998796 -0.049048 0
    outer loop
      vertex 15.4 68 3.5
      vertex 15.4077 68.1568 0.99
      vertex 15.4077 68.1568 3.5
    endloop
  endfacet
  facet normal 0.998796 -0.049048 0
    outer loop
      vertex 15.4077 68.1568 0.99
      vertex 15.4 68 3.5
      vertex 15.4 68 0.99
    endloop
  endfacet
  facet normal -0.671213 0.741264 0
    outer loop
      vertex 18.1314 66.8686 0.99
      vertex 18.015 66.7632 3.5
      vertex 18.1314 66.8686 3.5
    endloop
  endfacet
  facet normal -0.671213 0.741264 0
    outer loop
      vertex 18.015 66.7632 3.5
      vertex 18.1314 66.8686 0.99
      vertex 18.015 66.7632 0.99
    endloop
  endfacet
  facet normal -0.856731 -0.0421343 -0.514039
    outer loop
      vertex 19.1835 68.2135 0
      vertex 19.194 68 0
      vertex 18.6 68 0.99
    endloop
  endfacet
  facet normal 0.208553 0.832027 -0.514039
    outer loop
      vertex 16.3646 65.9001 0
      vertex 16.5355 66.4689 0.99
      vertex 16.6879 66.4307 0.99
    endloop
  endfacet
  facet normal 0.22098 0.828677 -0.514259
    outer loop
      vertex 16.5355 66.4689 0.99
      vertex 16.3646 65.9001 0
      vertex 16.3631 65.9005 0
    endloop
  endfacet
  facet normal -0.208553 -0.832027 -0.514039
    outer loop
      vertex 17.6354 70.0999 0
      vertex 17.4645 69.5311 0.99
      vertex 17.3121 69.5693 0.99
    endloop
  endfacet
  facet normal -0.22098 -0.828677 -0.514259
    outer loop
      vertex 17.4645 69.5311 0.99
      vertex 17.6354 70.0999 0
      vertex 17.6369 70.0995 0
    endloop
  endfacet
  facet normal -0.832027 0.208553 -0.514039
    outer loop
      vertex 19.0999 67.3646 0
      vertex 18.5311 67.5355 0.99
      vertex 18.5693 67.6879 0.99
    endloop
  endfacet
  facet normal -0.828677 0.22098 -0.514259
    outer loop
      vertex 18.5311 67.5355 0.99
      vertex 19.0999 67.3646 0
      vertex 19.0995 67.3631 0
    endloop
  endfacet
  facet normal -0.735835 0.440845 -0.514007
    outer loop
      vertex 18.9349 66.9658 0
      vertex 18.3304 67.1111 0.99
      vertex 18.4111 67.2458 0.99
    endloop
  endfacet
  facet normal -0.743536 0.424878 -0.516366
    outer loop
      vertex 18.3304 67.1111 0.99
      vertex 18.9349 66.9658 0
      vertex 18.9341 66.9644 0
    endloop
  endfacet
  facet normal -0.705625 -0.48851 -0.513275
    outer loop
      vertex 18.6969 69.3906 0
      vertex 18.2368 69.015 0.99
      vertex 18.696 69.3919 0
    endloop
  endfacet
  facet normal -0.688753 -0.511239 -0.514057
    outer loop
      vertex 18.2368 69.015 0.99
      vertex 18.6969 69.3906 0
      vertex 18.3304 68.8889 0.99
    endloop
  endfacet
  facet normal -0.289005 0.807609 -0.514047
    outer loop
      vertex 17.8396 65.973 0
      vertex 17.6384 65.901 0
      vertex 17.6123 66.5218 0.99
    endloop
  endfacet
  facet normal -0.735696 0.441097 -0.513989
    outer loop
      vertex 18.9341 66.9644 0
      vertex 18.8242 66.7811 0
      vertex 18.3304 67.1111 0.99
    endloop
  endfacet
  facet normal -0.510881 -0.689067 -0.513992
    outer loop
      vertex 18.2189 69.8242 0
      vertex 18.3906 69.6969 0
      vertex 17.8889 69.3304 0.99
    endloop
  endfacet
  facet normal 0.366828 -0.775395 -0.514004
    outer loop
      vertex 16.159 70.0263 0
      vertex 16.2458 69.4111 0.99
      vertex 15.9658 69.9349 0
    endloop
  endfacet
  facet normal 0.635704 -0.575906 -0.514016
    outer loop
      vertex 15.4486 69.5514 0
      vertex 15.8686 69.1314 0.99
      vertex 15.3051 69.393 0
    endloop
  endfacet
  facet normal 0.705625 -0.48851 -0.513275
    outer loop
      vertex 15.7632 69.015 0.99
      vertex 15.3031 69.3906 0
      vertex 15.304 69.3919 0
    endloop
  endfacet
  facet normal 0.688753 -0.511239 -0.514057
    outer loop
      vertex 15.3031 69.3906 0
      vertex 15.7632 69.015 0.99
      vertex 15.6696 68.8889 0.99
    endloop
  endfacet
  facet normal 0.106371 0.850964 -0.514339
    outer loop
      vertex 16.7834 65.8168 0
      vertex 16.8432 66.4077 0.99
      vertex 16.785 65.8166 0
    endloop
  endfacet
  facet normal 0.125665 0.848511 -0.51404
    outer loop
      vertex 16.8432 66.4077 0.99
      vertex 16.7834 65.8168 0
      vertex 16.6879 66.4307 0.99
    endloop
  endfacet
  facet normal 0.688753 0.511239 -0.514057
    outer loop
      vertex 15.7632 66.985 0.99
      vertex 15.3031 66.6094 0
      vertex 15.6696 67.1111 0.99
    endloop
  endfacet
  facet normal 0.705625 0.48851 -0.513275
    outer loop
      vertex 15.3031 66.6094 0
      vertex 15.7632 66.985 0.99
      vertex 15.304 66.6081 0
    endloop
  endfacet
  facet normal 0.855722 -0.0570482 -0.514281
    outer loop
      vertex 15.4077 68.1568 0.99
      vertex 14.8165 68.2135 0
      vertex 14.8166 68.215 0
    endloop
  endfacet
  facet normal 0.85674 -0.042072 -0.51403
    outer loop
      vertex 14.8165 68.2135 0
      vertex 15.4077 68.1568 0.99
      vertex 15.4 68 0.99
    endloop
  endfacet
  facet normal 0.575906 -0.635704 -0.514016
    outer loop
      vertex 15.607 69.6949 0
      vertex 15.8686 69.1314 0.99
      vertex 15.4486 69.5514 0
    endloop
  endfacet
  facet normal 0.441097 0.735696 -0.513989
    outer loop
      vertex 16.1111 66.6696 0.99
      vertex 15.9644 66.0659 0
      vertex 15.7811 66.1758 0
    endloop
  endfacet
  facet normal -0.0421343 -0.856731 -0.514039
    outer loop
      vertex 17 70.194 0
      vertex 17.2135 70.1835 0
      vertex 17 69.6 0.99
    endloop
  endfacet
  facet normal -0.856731 0.0421343 -0.514039
    outer loop
      vertex 19.194 68 0
      vertex 19.1835 67.7865 0
      vertex 18.6 68 0.99
    endloop
  endfacet
  facet normal 0.807609 -0.289005 -0.514047
    outer loop
      vertex 14.973 68.8396 0
      vertex 15.5218 68.6123 0.99
      vertex 14.901 68.6384 0
    endloop
  endfacet
  facet normal 0.510881 0.689067 -0.513992
    outer loop
      vertex 16.1111 66.6696 0.99
      vertex 15.7811 66.1758 0
      vertex 15.6094 66.3031 0
    endloop
  endfacet
  facet normal 0.635808 0.575723 -0.514094
    outer loop
      vertex 15.8686 66.8686 0.99
      vertex 15.304 66.6081 0
      vertex 15.7632 66.985 0.99
    endloop
  endfacet
  facet normal 0.609189 0.609189 -0.507719
    outer loop
      vertex 15.304 66.6081 0
      vertex 15.8686 66.8686 0.99
      vertex 15.3051 66.607 0
    endloop
  endfacet
  facet normal -0.609189 0.609189 -0.507719
    outer loop
      vertex 18.3919 66.304 0
      vertex 18.1314 66.8686 0.99
      vertex 18.393 66.3051 0
    endloop
  endfacet
  facet normal -0.575723 0.635808 -0.514094
    outer loop
      vertex 18.1314 66.8686 0.99
      vertex 18.3919 66.304 0
      vertex 18.015 66.7632 0.99
    endloop
  endfacet
  facet normal -0.0421343 0.856731 -0.514039
    outer loop
      vertex 17 66.4 0.99
      vertex 17.2135 65.8165 0
      vertex 17 65.806 0
    endloop
  endfacet
  facet normal -0.832135 0.208234 -0.513993
    outer loop
      vertex 19.1518 67.572 0
      vertex 19.0999 67.3646 0
      vertex 18.5693 67.6879 0.99
    endloop
  endfacet
  facet normal 0.856731 -0.0421343 -0.514039
    outer loop
      vertex 14.8165 68.2135 0
      vertex 15.4 68 0.99
      vertex 14.806 68 0
    endloop
  endfacet
  facet normal 0.208234 0.832135 -0.513993
    outer loop
      vertex 16.6879 66.4307 0.99
      vertex 16.572 65.8482 0
      vertex 16.3646 65.9001 0
    endloop
  endfacet
  facet normal -0.775395 -0.366828 -0.514004
    outer loop
      vertex 18.9349 69.0342 0
      vertex 19.0263 68.841 0
      vertex 18.4111 68.7542 0.99
    endloop
  endfacet
  facet normal -0.575906 0.635704 -0.514016
    outer loop
      vertex 18.5514 66.4486 0
      vertex 18.393 66.3051 0
      vertex 18.1314 66.8686 0.99
    endloop
  endfacet
  facet normal -0.609189 -0.609189 -0.507719
    outer loop
      vertex 18.696 69.3919 0
      vertex 18.1314 69.1314 0.99
      vertex 18.6949 69.393 0
    endloop
  endfacet
  facet normal -0.635808 -0.575723 -0.514094
    outer loop
      vertex 18.1314 69.1314 0.99
      vertex 18.696 69.3919 0
      vertex 18.2368 69.015 0.99
    endloop
  endfacet
  facet normal 0.828677 -0.22098 -0.514259
    outer loop
      vertex 15.4689 68.4645 0.99
      vertex 14.9001 68.6354 0
      vertex 14.9005 68.6369 0
    endloop
  endfacet
  facet normal 0.832027 -0.208553 -0.514039
    outer loop
      vertex 14.9001 68.6354 0
      vertex 15.4689 68.4645 0.99
      vertex 15.4307 68.3121 0.99
    endloop
  endfacet
  facet normal -0.384324 0.768649 -0.511345
    outer loop
      vertex 17.8396 65.973 0
      vertex 17.7542 66.5889 0.99
      vertex 17.841 65.9737 0
    endloop
  endfacet
  facet normal -0.366679 0.775437 -0.514046
    outer loop
      vertex 17.7542 66.5889 0.99
      vertex 17.8396 65.973 0
      vertex 17.6123 66.5218 0.99
    endloop
  endfacet
  facet normal 0.0421343 0.856731 -0.514039
    outer loop
      vertex 17 66.4 0.99
      vertex 17 65.806 0
      vertex 16.7865 65.8165 0
    endloop
  endfacet
  facet normal 0.424878 -0.743536 -0.516366
    outer loop
      vertex 15.9658 69.9349 0
      vertex 16.1111 69.3304 0.99
      vertex 15.9644 69.9341 0
    endloop
  endfacet
  facet normal 0.440845 -0.735835 -0.514007
    outer loop
      vertex 16.1111 69.3304 0.99
      vertex 15.9658 69.9349 0
      vertex 16.2458 69.4111 0.99
    endloop
  endfacet
  facet normal 0.81233 -0.270777 -0.516527
    outer loop
      vertex 15.5218 68.6123 0.99
      vertex 14.9005 68.6369 0
      vertex 14.901 68.6384 0
    endloop
  endfacet
  facet normal 0.807609 -0.289056 -0.514018
    outer loop
      vertex 14.9005 68.6369 0
      vertex 15.5218 68.6123 0.99
      vertex 15.4689 68.4645 0.99
    endloop
  endfacet
  facet normal -0.289056 -0.807609 -0.514018
    outer loop
      vertex 17.6369 70.0995 0
      vertex 17.6123 69.4782 0.99
      vertex 17.4645 69.5311 0.99
    endloop
  endfacet
  facet normal -0.270777 -0.81233 -0.516527
    outer loop
      vertex 17.6123 69.4782 0.99
      vertex 17.6369 70.0995 0
      vertex 17.6384 70.099 0
    endloop
  endfacet
  facet normal -0.688753 0.511239 -0.514057
    outer loop
      vertex 18.6969 66.6094 0
      vertex 18.2368 66.985 0.99
      vertex 18.3304 67.1111 0.99
    endloop
  endfacet
  facet normal -0.705625 0.48851 -0.513275
    outer loop
      vertex 18.2368 66.985 0.99
      vertex 18.6969 66.6094 0
      vertex 18.696 66.6081 0
    endloop
  endfacet
  facet normal 0.743536 -0.424878 -0.516366
    outer loop
      vertex 15.6696 68.8889 0.99
      vertex 15.0651 69.0342 0
      vertex 15.0659 69.0356 0
    endloop
  endfacet
  facet normal 0.735835 -0.440845 -0.514007
    outer loop
      vertex 15.0651 69.0342 0
      vertex 15.6696 68.8889 0.99
      vertex 15.5889 68.7542 0.99
    endloop
  endfacet
  facet normal -0.366828 -0.775395 -0.514004
    outer loop
      vertex 17.841 70.0263 0
      vertex 18.0342 69.9349 0
      vertex 17.7542 69.4111 0.99
    endloop
  endfacet
  facet normal 0.289056 0.807609 -0.514018
    outer loop
      vertex 16.3631 65.9005 0
      vertex 16.3877 66.5218 0.99
      vertex 16.5355 66.4689 0.99
    endloop
  endfacet
  facet normal 0.270777 0.81233 -0.516527
    outer loop
      vertex 16.3877 66.5218 0.99
      vertex 16.3631 65.9005 0
      vertex 16.3616 65.901 0
    endloop
  endfacet
  facet normal 0.832135 -0.208234 -0.513993
    outer loop
      vertex 14.9001 68.6354 0
      vertex 15.4307 68.3121 0.99
      vertex 14.8482 68.428 0
    endloop
  endfacet
  facet normal -0.22098 0.828677 -0.514259
    outer loop
      vertex 17.6354 65.9001 0
      vertex 17.4645 66.4689 0.99
      vertex 17.6369 65.9005 0
    endloop
  endfacet
  facet normal -0.208553 0.832027 -0.514039
    outer loop
      vertex 17.4645 66.4689 0.99
      vertex 17.6354 65.9001 0
      vertex 17.3121 66.4307 0.99
    endloop
  endfacet
  facet normal -0.208234 -0.832135 -0.513993
    outer loop
      vertex 17.428 70.1518 0
      vertex 17.6354 70.0999 0
      vertex 17.3121 69.5693 0.99
    endloop
  endfacet
  facet normal 0.440845 0.735835 -0.514007
    outer loop
      vertex 15.9658 66.0651 0
      vertex 16.1111 66.6696 0.99
      vertex 16.2458 66.5889 0.99
    endloop
  endfacet
  facet normal 0.424878 0.743536 -0.516366
    outer loop
      vertex 16.1111 66.6696 0.99
      vertex 15.9658 66.0651 0
      vertex 15.9644 66.0659 0
    endloop
  endfacet
  facet normal -0.270777 0.81233 -0.516527
    outer loop
      vertex 17.6369 65.9005 0
      vertex 17.6123 66.5218 0.99
      vertex 17.6384 65.901 0
    endloop
  endfacet
  facet normal -0.289056 0.807609 -0.514018
    outer loop
      vertex 17.6123 66.5218 0.99
      vertex 17.6369 65.9005 0
      vertex 17.4645 66.4689 0.99
    endloop
  endfacet
  facet normal -0.768649 -0.384324 -0.511345
    outer loop
      vertex 19.027 68.8396 0
      vertex 18.4111 68.7542 0.99
      vertex 19.0263 68.841 0
    endloop
  endfacet
  facet normal -0.775437 -0.366679 -0.514046
    outer loop
      vertex 18.4111 68.7542 0.99
      vertex 19.027 68.8396 0
      vertex 18.4782 68.6123 0.99
    endloop
  endfacet
  facet normal 0.735696 -0.441097 -0.513989
    outer loop
      vertex 15.1758 69.2189 0
      vertex 15.6696 68.8889 0.99
      vertex 15.0659 69.0356 0
    endloop
  endfacet
  facet normal 0.126029 0.848487 -0.51399
    outer loop
      vertex 16.6879 66.4307 0.99
      vertex 16.7834 65.8168 0
      vertex 16.572 65.8482 0
    endloop
  endfacet
  facet normal -0.48851 0.705625 -0.513275
    outer loop
      vertex 18.3906 66.3031 0
      vertex 18.015 66.7632 0.99
      vertex 18.3919 66.304 0
    endloop
  endfacet
  facet normal -0.511239 0.688753 -0.514057
    outer loop
      vertex 18.015 66.7632 0.99
      vertex 18.3906 66.3031 0
      vertex 17.8889 66.6696 0.99
    endloop
  endfacet
  facet normal 0.48851 -0.705625 -0.513275
    outer loop
      vertex 15.6094 69.6969 0
      vertex 15.985 69.2368 0.99
      vertex 15.6081 69.696 0
    endloop
  endfacet
  facet normal 0.511239 -0.688753 -0.514057
    outer loop
      vertex 15.985 69.2368 0.99
      vertex 15.6094 69.6969 0
      vertex 16.1111 69.3304 0.99
    endloop
  endfacet
  facet normal -0.511239 -0.688753 -0.514057
    outer loop
      vertex 18.3906 69.6969 0
      vertex 18.015 69.2368 0.99
      vertex 17.8889 69.3304 0.99
    endloop
  endfacet
  facet normal -0.48851 -0.705625 -0.513275
    outer loop
      vertex 18.015 69.2368 0.99
      vertex 18.3906 69.6969 0
      vertex 18.3919 69.696 0
    endloop
  endfacet
  facet normal 0.366828 0.775395 -0.514004
    outer loop
      vertex 16.2458 66.5889 0.99
      vertex 16.159 65.9737 0
      vertex 15.9658 66.0651 0
    endloop
  endfacet
  facet normal 0.609189 -0.609189 -0.507719
    outer loop
      vertex 15.6081 69.696 0
      vertex 15.8686 69.1314 0.99
      vertex 15.607 69.6949 0
    endloop
  endfacet
  facet normal 0.575723 -0.635808 -0.514094
    outer loop
      vertex 15.8686 69.1314 0.99
      vertex 15.6081 69.696 0
      vertex 15.985 69.2368 0.99
    endloop
  endfacet
  facet normal 0.575906 0.635704 -0.514016
    outer loop
      vertex 15.8686 66.8686 0.99
      vertex 15.607 66.3051 0
      vertex 15.4486 66.4486 0
    endloop
  endfacet
  facet normal -0.81233 -0.270777 -0.516527
    outer loop
      vertex 19.0995 68.6369 0
      vertex 18.4782 68.6123 0.99
      vertex 19.099 68.6384 0
    endloop
  endfacet
  facet normal -0.807609 -0.289056 -0.514018
    outer loop
      vertex 18.4782 68.6123 0.99
      vertex 19.0995 68.6369 0
      vertex 18.5311 68.4645 0.99
    endloop
  endfacet
  facet normal 0.635704 0.575906 -0.514016
    outer loop
      vertex 15.8686 66.8686 0.99
      vertex 15.4486 66.4486 0
      vertex 15.3051 66.607 0
    endloop
  endfacet
  facet normal 0.689067 -0.510881 -0.513992
    outer loop
      vertex 15.3031 69.3906 0
      vertex 15.6696 68.8889 0.99
      vertex 15.1758 69.2189 0
    endloop
  endfacet
  facet normal -0.828677 -0.22098 -0.514259
    outer loop
      vertex 19.0999 68.6354 0
      vertex 18.5311 68.4645 0.99
      vertex 19.0995 68.6369 0
    endloop
  endfacet
  facet normal -0.832027 -0.208553 -0.514039
    outer loop
      vertex 18.5311 68.4645 0.99
      vertex 19.0999 68.6354 0
      vertex 18.5693 68.3121 0.99
    endloop
  endfacet
  facet normal -0.635704 0.575906 -0.514016
    outer loop
      vertex 18.6949 66.607 0
      vertex 18.5514 66.4486 0
      vertex 18.1314 66.8686 0.99
    endloop
  endfacet
  facet normal -0.126029 -0.848487 -0.51399
    outer loop
      vertex 17.428 70.1518 0
      vertex 17.3121 69.5693 0.99
      vertex 17.2166 70.1832 0
    endloop
  endfacet
  facet normal 0.848487 -0.126029 -0.51399
    outer loop
      vertex 14.8482 68.428 0
      vertex 15.4307 68.3121 0.99
      vertex 14.8168 68.2166 0
    endloop
  endfacet
  facet normal -0.366679 -0.775437 -0.514046
    outer loop
      vertex 17.8396 70.027 0
      vertex 17.7542 69.4111 0.99
      vertex 17.6123 69.4782 0.99
    endloop
  endfacet
  facet normal -0.384324 -0.768649 -0.511345
    outer loop
      vertex 17.7542 69.4111 0.99
      vertex 17.8396 70.027 0
      vertex 17.841 70.0263 0
    endloop
  endfacet
  facet normal 0.735696 0.441097 -0.513989
    outer loop
      vertex 15.6696 67.1111 0.99
      vertex 15.1758 66.7811 0
      vertex 15.0659 66.9644 0
    endloop
  endfacet
  facet normal -0.289005 -0.807609 -0.514047
    outer loop
      vertex 17.6384 70.099 0
      vertex 17.8396 70.027 0
      vertex 17.6123 69.4782 0.99
    endloop
  endfacet
  facet normal 0.689067 0.510881 -0.513992
    outer loop
      vertex 15.6696 67.1111 0.99
      vertex 15.3031 66.6094 0
      vertex 15.1758 66.7811 0
    endloop
  endfacet
  facet normal -0.575906 -0.635704 -0.514016
    outer loop
      vertex 18.393 69.6949 0
      vertex 18.5514 69.5514 0
      vertex 18.1314 69.1314 0.99
    endloop
  endfacet
  facet normal -0.510881 0.689067 -0.513992
    outer loop
      vertex 18.3906 66.3031 0
      vertex 18.2189 66.1758 0
      vertex 17.8889 66.6696 0.99
    endloop
  endfacet
  facet normal -0.424878 0.743536 -0.516366
    outer loop
      vertex 18.0342 66.0651 0
      vertex 17.8889 66.6696 0.99
      vertex 18.0356 66.0659 0
    endloop
  endfacet
  facet normal -0.440845 0.735835 -0.514007
    outer loop
      vertex 17.8889 66.6696 0.99
      vertex 18.0342 66.0651 0
      vertex 17.7542 66.5889 0.99
    endloop
  endfacet
  facet normal -0.850964 -0.106371 -0.514339
    outer loop
      vertex 18.5923 68.1568 0.99
      vertex 19.1832 68.2166 0
      vertex 19.1834 68.215 0
    endloop
  endfacet
  facet normal -0.848511 -0.125665 -0.51404
    outer loop
      vertex 19.1832 68.2166 0
      vertex 18.5923 68.1568 0.99
      vertex 18.5693 68.3121 0.99
    endloop
  endfacet
  facet normal -0.807609 -0.289005 -0.514047
    outer loop
      vertex 19.027 68.8396 0
      vertex 19.099 68.6384 0
      vertex 18.4782 68.6123 0.99
    endloop
  endfacet
  facet normal 0.289005 -0.807609 -0.514047
    outer loop
      vertex 16.3616 70.099 0
      vertex 16.3877 69.4782 0.99
      vertex 16.1604 70.027 0
    endloop
  endfacet
  facet normal 0.848487 0.126029 -0.51399
    outer loop
      vertex 15.4307 67.6879 0.99
      vertex 14.8482 67.572 0
      vertex 14.8168 67.7834 0
    endloop
  endfacet
  facet normal 0.0421343 -0.856731 -0.514039
    outer loop
      vertex 17 70.194 0
      vertex 17 69.6 0.99
      vertex 16.7865 70.1835 0
    endloop
  endfacet
  facet normal -0.848487 0.126029 -0.51399
    outer loop
      vertex 19.1832 67.7834 0
      vertex 19.1518 67.572 0
      vertex 18.5693 67.6879 0.99
    endloop
  endfacet
  facet normal 0.768649 -0.384324 -0.511345
    outer loop
      vertex 15.5889 68.7542 0.99
      vertex 14.973 68.8396 0
      vertex 14.9737 68.841 0
    endloop
  endfacet
  facet normal 0.775437 -0.366679 -0.514046
    outer loop
      vertex 14.973 68.8396 0
      vertex 15.5889 68.7542 0.99
      vertex 15.5218 68.6123 0.99
    endloop
  endfacet
  facet normal -0.689067 0.510881 -0.513992
    outer loop
      vertex 18.8242 66.7811 0
      vertex 18.6969 66.6094 0
      vertex 18.3304 67.1111 0.99
    endloop
  endfacet
  facet normal -0.635808 0.575723 -0.514094
    outer loop
      vertex 18.696 66.6081 0
      vertex 18.1314 66.8686 0.99
      vertex 18.2368 66.985 0.99
    endloop
  endfacet
  facet normal -0.609189 0.609189 -0.507719
    outer loop
      vertex 18.1314 66.8686 0.99
      vertex 18.696 66.6081 0
      vertex 18.6949 66.607 0
    endloop
  endfacet
  facet normal -0.0570482 0.855722 -0.514281
    outer loop
      vertex 17.2135 65.8165 0
      vertex 17.1568 66.4077 0.99
      vertex 17.215 65.8166 0
    endloop
  endfacet
  facet normal -0.042072 0.85674 -0.51403
    outer loop
      vertex 17.1568 66.4077 0.99
      vertex 17.2135 65.8165 0
      vertex 17 66.4 0.99
    endloop
  endfacet
  facet normal 0.832135 0.208234 -0.513993
    outer loop
      vertex 15.4307 67.6879 0.99
      vertex 14.9001 67.3646 0
      vertex 14.8482 67.572 0
    endloop
  endfacet
  facet normal 0.832027 0.208553 -0.514039
    outer loop
      vertex 15.4689 67.5355 0.99
      vertex 14.9001 67.3646 0
      vertex 15.4307 67.6879 0.99
    endloop
  endfacet
  facet normal 0.828677 0.22098 -0.514259
    outer loop
      vertex 14.9001 67.3646 0
      vertex 15.4689 67.5355 0.99
      vertex 14.9005 67.3631 0
    endloop
  endfacet
  facet normal -0.575723 -0.635808 -0.514094
    outer loop
      vertex 18.3919 69.696 0
      vertex 18.1314 69.1314 0.99
      vertex 18.015 69.2368 0.99
    endloop
  endfacet
  facet normal -0.609189 -0.609189 -0.507719
    outer loop
      vertex 18.1314 69.1314 0.99
      vertex 18.3919 69.696 0
      vertex 18.393 69.6949 0
    endloop
  endfacet
  facet normal 0.848511 -0.125665 -0.51404
    outer loop
      vertex 15.4077 68.1568 0.99
      vertex 14.8168 68.2166 0
      vertex 15.4307 68.3121 0.99
    endloop
  endfacet
  facet normal 0.850964 -0.106371 -0.514339
    outer loop
      vertex 14.8168 68.2166 0
      vertex 15.4077 68.1568 0.99
      vertex 14.8166 68.215 0
    endloop
  endfacet
  facet normal -0.441097 -0.735696 -0.513989
    outer loop
      vertex 18.0356 69.9341 0
      vertex 18.2189 69.8242 0
      vertex 17.8889 69.3304 0.99
    endloop
  endfacet
  facet normal -0.775395 0.366828 -0.514004
    outer loop
      vertex 19.0263 67.159 0
      vertex 18.9349 66.9658 0
      vertex 18.4111 67.2458 0.99
    endloop
  endfacet
  facet normal -0.125665 0.848511 -0.51404
    outer loop
      vertex 17.2166 65.8168 0
      vertex 17.1568 66.4077 0.99
      vertex 17.3121 66.4307 0.99
    endloop
  endfacet
  facet normal -0.106371 0.850964 -0.514339
    outer loop
      vertex 17.1568 66.4077 0.99
      vertex 17.2166 65.8168 0
      vertex 17.215 65.8166 0
    endloop
  endfacet
  facet normal 0.126029 -0.848487 -0.51399
    outer loop
      vertex 16.7834 70.1832 0
      vertex 16.6879 69.5693 0.99
      vertex 16.572 70.1518 0
    endloop
  endfacet
  facet normal 0.22098 -0.828677 -0.514259
    outer loop
      vertex 16.3646 70.0999 0
      vertex 16.5355 69.5311 0.99
      vertex 16.3631 70.0995 0
    endloop
  endfacet
  facet normal 0.208553 -0.832027 -0.514039
    outer loop
      vertex 16.5355 69.5311 0.99
      vertex 16.3646 70.0999 0
      vertex 16.6879 69.5693 0.99
    endloop
  endfacet
  facet normal 0.366679 0.775437 -0.514046
    outer loop
      vertex 16.1604 65.973 0
      vertex 16.2458 66.5889 0.99
      vertex 16.3877 66.5218 0.99
    endloop
  endfacet
  facet normal 0.384324 0.768649 -0.511345
    outer loop
      vertex 16.2458 66.5889 0.99
      vertex 16.1604 65.973 0
      vertex 16.159 65.9737 0
    endloop
  endfacet
  facet normal 0.208234 -0.832135 -0.513993
    outer loop
      vertex 16.572 70.1518 0
      vertex 16.6879 69.5693 0.99
      vertex 16.3646 70.0999 0
    endloop
  endfacet
  facet normal 0.609189 -0.609189 -0.507719
    outer loop
      vertex 15.8686 69.1314 0.99
      vertex 15.304 69.3919 0
      vertex 15.3051 69.393 0
    endloop
  endfacet
  facet normal 0.635808 -0.575723 -0.514094
    outer loop
      vertex 15.304 69.3919 0
      vertex 15.8686 69.1314 0.99
      vertex 15.7632 69.015 0.99
    endloop
  endfacet
  facet normal 0.575723 0.635808 -0.514094
    outer loop
      vertex 15.6081 66.304 0
      vertex 15.8686 66.8686 0.99
      vertex 15.985 66.7632 0.99
    endloop
  endfacet
  facet normal 0.609189 0.609189 -0.507719
    outer loop
      vertex 15.8686 66.8686 0.99
      vertex 15.6081 66.304 0
      vertex 15.607 66.3051 0
    endloop
  endfacet
  facet normal 0.441097 -0.735696 -0.513989
    outer loop
      vertex 15.9644 69.9341 0
      vertex 16.1111 69.3304 0.99
      vertex 15.7811 69.8242 0
    endloop
  endfacet
  facet normal 0.510881 -0.689067 -0.513992
    outer loop
      vertex 15.7811 69.8242 0
      vertex 16.1111 69.3304 0.99
      vertex 15.6094 69.6969 0
    endloop
  endfacet
  facet normal 0.270777 -0.81233 -0.516527
    outer loop
      vertex 16.3631 70.0995 0
      vertex 16.3877 69.4782 0.99
      vertex 16.3616 70.099 0
    endloop
  endfacet
  facet normal 0.289056 -0.807609 -0.514018
    outer loop
      vertex 16.3877 69.4782 0.99
      vertex 16.3631 70.0995 0
      vertex 16.5355 69.5311 0.99
    endloop
  endfacet
  facet normal 0.384324 -0.768649 -0.511345
    outer loop
      vertex 16.1604 70.027 0
      vertex 16.2458 69.4111 0.99
      vertex 16.159 70.0263 0
    endloop
  endfacet
  facet normal 0.366679 -0.775437 -0.514046
    outer loop
      vertex 16.2458 69.4111 0.99
      vertex 16.1604 70.027 0
      vertex 16.3877 69.4782 0.99
    endloop
  endfacet
  facet normal -0.735696 -0.441097 -0.513989
    outer loop
      vertex 18.8242 69.2189 0
      vertex 18.9341 69.0356 0
      vertex 18.3304 68.8889 0.99
    endloop
  endfacet
  facet normal -0.366828 0.775395 -0.514004
    outer loop
      vertex 18.0342 66.0651 0
      vertex 17.841 65.9737 0
      vertex 17.7542 66.5889 0.99
    endloop
  endfacet
  facet normal -0.635704 -0.575906 -0.514016
    outer loop
      vertex 18.5514 69.5514 0
      vertex 18.6949 69.393 0
      vertex 18.1314 69.1314 0.99
    endloop
  endfacet
  facet normal -0.832135 -0.208234 -0.513993
    outer loop
      vertex 19.0999 68.6354 0
      vertex 19.1518 68.428 0
      vertex 18.5693 68.3121 0.99
    endloop
  endfacet
  facet normal -0.848487 -0.126029 -0.51399
    outer loop
      vertex 19.1518 68.428 0
      vertex 19.1832 68.2166 0
      vertex 18.5693 68.3121 0.99
    endloop
  endfacet
  facet normal -0.743536 -0.424878 -0.516366
    outer loop
      vertex 18.9349 69.0342 0
      vertex 18.3304 68.8889 0.99
      vertex 18.9341 69.0356 0
    endloop
  endfacet
  facet normal -0.735835 -0.440845 -0.514007
    outer loop
      vertex 18.3304 68.8889 0.99
      vertex 18.9349 69.0342 0
      vertex 18.4111 68.7542 0.99
    endloop
  endfacet
  facet normal -0.689067 -0.510881 -0.513992
    outer loop
      vertex 18.6969 69.3906 0
      vertex 18.8242 69.2189 0
      vertex 18.3304 68.8889 0.99
    endloop
  endfacet
  facet normal -0.855722 -0.0570482 -0.514281
    outer loop
      vertex 19.1835 68.2135 0
      vertex 18.5923 68.1568 0.99
      vertex 19.1834 68.215 0
    endloop
  endfacet
  facet normal -0.85674 -0.042072 -0.51403
    outer loop
      vertex 18.5923 68.1568 0.99
      vertex 19.1835 68.2135 0
      vertex 18.6 68 0.99
    endloop
  endfacet
  facet normal -0.440845 -0.735835 -0.514007
    outer loop
      vertex 18.0342 69.9349 0
      vertex 17.8889 69.3304 0.99
      vertex 17.7542 69.4111 0.99
    endloop
  endfacet
  facet normal -0.424878 -0.743536 -0.516366
    outer loop
      vertex 17.8889 69.3304 0.99
      vertex 18.0342 69.9349 0
      vertex 18.0356 69.9341 0
    endloop
  endfacet
  facet normal -0.042072 -0.85674 -0.51403
    outer loop
      vertex 17.2135 70.1835 0
      vertex 17.1568 69.5923 0.99
      vertex 17 69.6 0.99
    endloop
  endfacet
  facet normal -0.0570482 -0.855722 -0.514281
    outer loop
      vertex 17.1568 69.5923 0.99
      vertex 17.2135 70.1835 0
      vertex 17.215 70.1834 0
    endloop
  endfacet
  facet normal -0.208234 0.832135 -0.513993
    outer loop
      vertex 17.6354 65.9001 0
      vertex 17.428 65.8482 0
      vertex 17.3121 66.4307 0.99
    endloop
  endfacet
  facet normal -0.106371 -0.850964 -0.514339
    outer loop
      vertex 17.2166 70.1832 0
      vertex 17.1568 69.5923 0.99
      vertex 17.215 70.1834 0
    endloop
  endfacet
  facet normal -0.125665 -0.848511 -0.51404
    outer loop
      vertex 17.1568 69.5923 0.99
      vertex 17.2166 70.1832 0
      vertex 17.3121 69.5693 0.99
    endloop
  endfacet
  facet normal 0.775395 -0.366828 -0.514004
    outer loop
      vertex 15.0651 69.0342 0
      vertex 15.5889 68.7542 0.99
      vertex 14.9737 68.841 0
    endloop
  endfacet
  facet normal -0.850964 0.106371 -0.514339
    outer loop
      vertex 19.1832 67.7834 0
      vertex 18.5923 67.8432 0.99
      vertex 19.1834 67.785 0
    endloop
  endfacet
  facet normal -0.848511 0.125665 -0.51404
    outer loop
      vertex 18.5923 67.8432 0.99
      vertex 19.1832 67.7834 0
      vertex 18.5693 67.6879 0.99
    endloop
  endfacet
  facet normal -0.85674 0.042072 -0.51403
    outer loop
      vertex 19.1835 67.7865 0
      vertex 18.5923 67.8432 0.99
      vertex 18.6 68 0.99
    endloop
  endfacet
  facet normal -0.855722 0.0570482 -0.514281
    outer loop
      vertex 18.5923 67.8432 0.99
      vertex 19.1835 67.7865 0
      vertex 19.1834 67.785 0
    endloop
  endfacet
  facet normal 0.807609 0.289056 -0.514018
    outer loop
      vertex 15.5218 67.3877 0.99
      vertex 14.9005 67.3631 0
      vertex 15.4689 67.5355 0.99
    endloop
  endfacet
  facet normal 0.81233 0.270777 -0.516527
    outer loop
      vertex 14.9005 67.3631 0
      vertex 15.5218 67.3877 0.99
      vertex 14.901 67.3616 0
    endloop
  endfacet
  facet normal 0.735835 0.440845 -0.514007
    outer loop
      vertex 15.6696 67.1111 0.99
      vertex 15.0651 66.9658 0
      vertex 15.5889 67.2458 0.99
    endloop
  endfacet
  facet normal 0.743536 0.424878 -0.516366
    outer loop
      vertex 15.0651 66.9658 0
      vertex 15.6696 67.1111 0.99
      vertex 15.0659 66.9644 0
    endloop
  endfacet
  facet normal -0.126029 0.848487 -0.51399
    outer loop
      vertex 17.3121 66.4307 0.99
      vertex 17.428 65.8482 0
      vertex 17.2166 65.8168 0
    endloop
  endfacet
  facet normal 0.856731 0.0421343 -0.514039
    outer loop
      vertex 15.4 68 0.99
      vertex 14.8165 67.7865 0
      vertex 14.806 68 0
    endloop
  endfacet
  facet normal 0.775395 0.366828 -0.514004
    outer loop
      vertex 15.5889 67.2458 0.99
      vertex 15.0651 66.9658 0
      vertex 14.9737 67.159 0
    endloop
  endfacet
  facet normal 0.125665 -0.848511 -0.51404
    outer loop
      vertex 16.7834 70.1832 0
      vertex 16.8432 69.5923 0.99
      vertex 16.6879 69.5693 0.99
    endloop
  endfacet
  facet normal 0.106371 -0.850964 -0.514339
    outer loop
      vertex 16.8432 69.5923 0.99
      vertex 16.7834 70.1832 0
      vertex 16.785 70.1834 0
    endloop
  endfacet
  facet normal 0.289005 0.807609 -0.514047
    outer loop
      vertex 16.3877 66.5218 0.99
      vertex 16.3616 65.901 0
      vertex 16.1604 65.973 0
    endloop
  endfacet
  facet normal -0.775437 0.366679 -0.514046
    outer loop
      vertex 19.027 67.1604 0
      vertex 18.4111 67.2458 0.99
      vertex 18.4782 67.3877 0.99
    endloop
  endfacet
  facet normal -0.768649 0.384324 -0.511345
    outer loop
      vertex 18.4111 67.2458 0.99
      vertex 19.027 67.1604 0
      vertex 19.0263 67.159 0
    endloop
  endfacet
  facet normal 0.0570482 -0.855722 -0.514281
    outer loop
      vertex 16.7865 70.1835 0
      vertex 16.8432 69.5923 0.99
      vertex 16.785 70.1834 0
    endloop
  endfacet
  facet normal 0.042072 -0.85674 -0.51403
    outer loop
      vertex 16.8432 69.5923 0.99
      vertex 16.7865 70.1835 0
      vertex 17 69.6 0.99
    endloop
  endfacet
  facet normal 0.775437 0.366679 -0.514046
    outer loop
      vertex 15.5889 67.2458 0.99
      vertex 14.973 67.1604 0
      vertex 15.5218 67.3877 0.99
    endloop
  endfacet
  facet normal 0.768649 0.384324 -0.511345
    outer loop
      vertex 14.973 67.1604 0
      vertex 15.5889 67.2458 0.99
      vertex 14.9737 67.159 0
    endloop
  endfacet
  facet normal 0.807609 0.289005 -0.514047
    outer loop
      vertex 15.5218 67.3877 0.99
      vertex 14.973 67.1604 0
      vertex 14.901 67.3616 0
    endloop
  endfacet
  facet normal -0.441097 0.735696 -0.513989
    outer loop
      vertex 18.2189 66.1758 0
      vertex 18.0356 66.0659 0
      vertex 17.8889 66.6696 0.99
    endloop
  endfacet
  facet normal 0.511239 0.688753 -0.514057
    outer loop
      vertex 15.6094 66.3031 0
      vertex 15.985 66.7632 0.99
      vertex 16.1111 66.6696 0.99
    endloop
  endfacet
  facet normal 0.48851 0.705625 -0.513275
    outer loop
      vertex 15.985 66.7632 0.99
      vertex 15.6094 66.3031 0
      vertex 15.6081 66.304 0
    endloop
  endfacet
  facet normal 0.042072 0.85674 -0.51403
    outer loop
      vertex 16.7865 65.8165 0
      vertex 16.8432 66.4077 0.99
      vertex 17 66.4 0.99
    endloop
  endfacet
  facet normal 0.0570482 0.855722 -0.514281
    outer loop
      vertex 16.8432 66.4077 0.99
      vertex 16.7865 65.8165 0
      vertex 16.785 65.8166 0
    endloop
  endfacet
  facet normal -0.807609 0.289005 -0.514047
    outer loop
      vertex 19.099 67.3616 0
      vertex 19.027 67.1604 0
      vertex 18.4782 67.3877 0.99
    endloop
  endfacet
  facet normal -0.807609 0.289056 -0.514018
    outer loop
      vertex 19.0995 67.3631 0
      vertex 18.4782 67.3877 0.99
      vertex 18.5311 67.5355 0.99
    endloop
  endfacet
  facet normal -0.81233 0.270777 -0.516527
    outer loop
      vertex 18.4782 67.3877 0.99
      vertex 19.0995 67.3631 0
      vertex 19.099 67.3616 0
    endloop
  endfacet
  facet normal 0.85674 0.042072 -0.51403
    outer loop
      vertex 15.4077 67.8432 0.99
      vertex 14.8165 67.7865 0
      vertex 15.4 68 0.99
    endloop
  endfacet
  facet normal 0.855722 0.0570482 -0.514281
    outer loop
      vertex 14.8165 67.7865 0
      vertex 15.4077 67.8432 0.99
      vertex 14.8166 67.785 0
    endloop
  endfacet
  facet normal 0.850964 0.106371 -0.514339
    outer loop
      vertex 15.4077 67.8432 0.99
      vertex 14.8168 67.7834 0
      vertex 14.8166 67.785 0
    endloop
  endfacet
  facet normal 0.848511 0.125665 -0.51404
    outer loop
      vertex 14.8168 67.7834 0
      vertex 15.4077 67.8432 0.99
      vertex 15.4307 67.6879 0.99
    endloop
  endfacet
  facet normal -0.98921 -0.146502 0
    outer loop
      vertex 74.5923 68.1568 0.99
      vertex 74.5693 68.3121 3.5
      vertex 74.5693 68.3121 0.99
    endloop
  endfacet
  facet normal -0.98921 -0.146502 0
    outer loop
      vertex 74.5693 68.3121 3.5
      vertex 74.5923 68.1568 0.99
      vertex 74.5923 68.1568 3.5
    endloop
  endfacet
  facet normal -0.998796 -0.049048 0
    outer loop
      vertex 74.6 68 0.99
      vertex 74.5923 68.1568 3.5
      vertex 74.5923 68.1568 0.99
    endloop
  endfacet
  facet normal -0.998796 -0.049048 0
    outer loop
      vertex 74.5923 68.1568 3.5
      vertex 74.6 68 0.99
      vertex 74.6 68 3.5
    endloop
  endfacet
  facet normal -0.969993 -0.243135 0
    outer loop
      vertex 74.5693 68.3121 0.99
      vertex 74.5311 68.4645 3.5
      vertex 74.5311 68.4645 0.99
    endloop
  endfacet
  facet normal -0.969993 -0.243135 0
    outer loop
      vertex 74.5311 68.4645 3.5
      vertex 74.5693 68.3121 0.99
      vertex 74.5693 68.3121 3.5
    endloop
  endfacet
  facet normal -0.427484 -0.904023 0
    outer loop
      vertex 73.6123 69.4782 0.99
      vertex 73.7542 69.4111 3.5
      vertex 73.6123 69.4782 3.5
    endloop
  endfacet
  facet normal -0.427484 -0.904023 -0
    outer loop
      vertex 73.7542 69.4111 3.5
      vertex 73.6123 69.4782 0.99
      vertex 73.7542 69.4111 0.99
    endloop
  endfacet
  facet normal 0.243135 0.969993 -0
    outer loop
      vertex 72.6879 66.4307 0.99
      vertex 72.5355 66.4689 3.5
      vertex 72.6879 66.4307 3.5
    endloop
  endfacet
  facet normal 0.243135 0.969993 0
    outer loop
      vertex 72.5355 66.4689 3.5
      vertex 72.6879 66.4307 0.99
      vertex 72.5355 66.4689 0.99
    endloop
  endfacet
  facet normal 0.85783 0.513934 0
    outer loop
      vertex 71.6696 67.1111 3.5
      vertex 71.5889 67.2458 0.99
      vertex 71.5889 67.2458 3.5
    endloop
  endfacet
  facet normal 0.85783 0.513934 0
    outer loop
      vertex 71.5889 67.2458 0.99
      vertex 71.6696 67.1111 3.5
      vertex 71.6696 67.1111 0.99
    endloop
  endfacet
  facet normal -0.146502 0.98921 0
    outer loop
      vertex 73.3121 66.4307 0.99
      vertex 73.1568 66.4077 3.5
      vertex 73.3121 66.4307 3.5
    endloop
  endfacet
  facet normal -0.146502 0.98921 0
    outer loop
      vertex 73.1568 66.4077 3.5
      vertex 73.3121 66.4307 0.99
      vertex 73.1568 66.4077 0.99
    endloop
  endfacet
  facet normal -0.741264 -0.671213 0
    outer loop
      vertex 74.2368 69.015 0.99
      vertex 74.1314 69.1314 3.5
      vertex 74.1314 69.1314 0.99
    endloop
  endfacet
  facet normal -0.741264 -0.671213 0
    outer loop
      vertex 74.1314 69.1314 3.5
      vertex 74.2368 69.015 0.99
      vertex 74.2368 69.015 3.5
    endloop
  endfacet
  facet normal 0.513934 -0.85783 0
    outer loop
      vertex 72.1111 69.3304 0.99
      vertex 72.2458 69.4111 3.5
      vertex 72.1111 69.3304 3.5
    endloop
  endfacet
  facet normal 0.513934 -0.85783 0
    outer loop
      vertex 72.2458 69.4111 3.5
      vertex 72.1111 69.3304 0.99
      vertex 72.2458 69.4111 0.99
    endloop
  endfacet
  facet normal -0.741264 0.671213 0
    outer loop
      vertex 74.1314 66.8686 0.99
      vertex 74.2368 66.985 3.5
      vertex 74.2368 66.985 0.99
    endloop
  endfacet
  facet normal -0.741264 0.671213 0
    outer loop
      vertex 74.2368 66.985 3.5
      vertex 74.1314 66.8686 0.99
      vertex 74.1314 66.8686 3.5
    endloop
  endfacet
  facet normal -0.513934 0.85783 0
    outer loop
      vertex 73.8889 66.6696 0.99
      vertex 73.7542 66.5889 3.5
      vertex 73.8889 66.6696 3.5
    endloop
  endfacet
  facet normal -0.513934 0.85783 0
    outer loop
      vertex 73.7542 66.5889 3.5
      vertex 73.8889 66.6696 0.99
      vertex 73.7542 66.5889 0.99
    endloop
  endfacet
  facet normal -0.243135 -0.969993 0
    outer loop
      vertex 73.3121 69.5693 0.99
      vertex 73.4645 69.5311 3.5
      vertex 73.3121 69.5693 3.5
    endloop
  endfacet
  facet normal -0.243135 -0.969993 -0
    outer loop
      vertex 73.4645 69.5311 3.5
      vertex 73.3121 69.5693 0.99
      vertex 73.4645 69.5311 0.99
    endloop
  endfacet
  facet normal 0.98921 -0.146502 0
    outer loop
      vertex 71.4077 68.1568 3.5
      vertex 71.4307 68.3121 0.99
      vertex 71.4307 68.3121 3.5
    endloop
  endfacet
  facet normal 0.98921 -0.146502 0
    outer loop
      vertex 71.4307 68.3121 0.99
      vertex 71.4077 68.1568 3.5
      vertex 71.4077 68.1568 0.99
    endloop
  endfacet
  facet normal -0.85783 -0.513934 0
    outer loop
      vertex 74.4111 68.7542 0.99
      vertex 74.3304 68.8889 3.5
      vertex 74.3304 68.8889 0.99
    endloop
  endfacet
  facet normal -0.85783 -0.513934 0
    outer loop
      vertex 74.3304 68.8889 3.5
      vertex 74.4111 68.7542 0.99
      vertex 74.4111 68.7542 3.5
    endloop
  endfacet
  facet normal -0.969993 0.243135 0
    outer loop
      vertex 74.5311 67.5355 0.99
      vertex 74.5693 67.6879 3.5
      vertex 74.5693 67.6879 0.99
    endloop
  endfacet
  facet normal -0.969993 0.243135 0
    outer loop
      vertex 74.5693 67.6879 3.5
      vertex 74.5311 67.5355 0.99
      vertex 74.5311 67.5355 3.5
    endloop
  endfacet
  facet normal 0.146502 0.98921 -0
    outer loop
      vertex 72.8432 66.4077 0.99
      vertex 72.6879 66.4307 3.5
      vertex 72.8432 66.4077 3.5
    endloop
  endfacet
  facet normal 0.146502 0.98921 0
    outer loop
      vertex 72.6879 66.4307 3.5
      vertex 72.8432 66.4077 0.99
      vertex 72.6879 66.4307 0.99
    endloop
  endfacet
  facet normal 0.998796 0.049048 0
    outer loop
      vertex 71.4077 67.8432 3.5
      vertex 71.4 68 0.99
      vertex 71.4 68 3.5
    endloop
  endfacet
  facet normal 0.998796 0.049048 0
    outer loop
      vertex 71.4 68 0.99
      vertex 71.4077 67.8432 3.5
      vertex 71.4077 67.8432 0.99
    endloop
  endfacet
  facet normal -0.146502 -0.98921 0
    outer loop
      vertex 73.1568 69.5923 0.99
      vertex 73.3121 69.5693 3.5
      vertex 73.1568 69.5923 3.5
    endloop
  endfacet
  facet normal -0.146502 -0.98921 -0
    outer loop
      vertex 73.3121 69.5693 3.5
      vertex 73.1568 69.5923 0.99
      vertex 73.3121 69.5693 0.99
    endloop
  endfacet
  facet normal -0.941511 -0.336982 0
    outer loop
      vertex 74.5311 68.4645 0.99
      vertex 74.4782 68.6123 3.5
      vertex 74.4782 68.6123 0.99
    endloop
  endfacet
  facet normal -0.941511 -0.336982 0
    outer loop
      vertex 74.4782 68.6123 3.5
      vertex 74.5311 68.4645 0.99
      vertex 74.5311 68.4645 3.5
    endloop
  endfacet
  facet normal -0.671213 -0.741264 0
    outer loop
      vertex 74.015 69.2368 0.99
      vertex 74.1314 69.1314 3.5
      vertex 74.015 69.2368 3.5
    endloop
  endfacet
  facet normal -0.671213 -0.741264 -0
    outer loop
      vertex 74.1314 69.1314 3.5
      vertex 74.015 69.2368 0.99
      vertex 74.1314 69.1314 0.99
    endloop
  endfacet
  facet normal 0.741264 -0.671213 0
    outer loop
      vertex 71.7632 69.015 3.5
      vertex 71.8686 69.1314 0.99
      vertex 71.8686 69.1314 3.5
    endloop
  endfacet
  facet normal 0.741264 -0.671213 0
    outer loop
      vertex 71.8686 69.1314 0.99
      vertex 71.7632 69.015 3.5
      vertex 71.7632 69.015 0.99
    endloop
  endfacet
  facet normal 0.969993 0.243135 0
    outer loop
      vertex 71.4689 67.5355 3.5
      vertex 71.4307 67.6879 0.99
      vertex 71.4307 67.6879 3.5
    endloop
  endfacet
  facet normal 0.969993 0.243135 0
    outer loop
      vertex 71.4307 67.6879 0.99
      vertex 71.4689 67.5355 3.5
      vertex 71.4689 67.5355 0.99
    endloop
  endfacet
  facet normal 0.336982 -0.941511 0
    outer loop
      vertex 72.3877 69.4782 0.99
      vertex 72.5355 69.5311 3.5
      vertex 72.3877 69.4782 3.5
    endloop
  endfacet
  facet normal 0.336982 -0.941511 0
    outer loop
      vertex 72.5355 69.5311 3.5
      vertex 72.3877 69.4782 0.99
      vertex 72.5355 69.5311 0.99
    endloop
  endfacet
  facet normal 0.941511 0.336982 0
    outer loop
      vertex 71.5218 67.3877 3.5
      vertex 71.4689 67.5355 0.99
      vertex 71.4689 67.5355 3.5
    endloop
  endfacet
  facet normal 0.941511 0.336982 0
    outer loop
      vertex 71.4689 67.5355 0.99
      vertex 71.5218 67.3877 3.5
      vertex 71.5218 67.3877 0.99
    endloop
  endfacet
  facet normal -0.336982 -0.941511 0
    outer loop
      vertex 73.4645 69.5311 0.99
      vertex 73.6123 69.4782 3.5
      vertex 73.4645 69.5311 3.5
    endloop
  endfacet
  facet normal -0.336982 -0.941511 -0
    outer loop
      vertex 73.6123 69.4782 3.5
      vertex 73.4645 69.5311 0.99
      vertex 73.6123 69.4782 0.99
    endloop
  endfacet
  facet normal 0.80297 -0.596019 0
    outer loop
      vertex 71.6696 68.8889 3.5
      vertex 71.7632 69.015 0.99
      vertex 71.7632 69.015 3.5
    endloop
  endfacet
  facet normal 0.80297 -0.596019 0
    outer loop
      vertex 71.7632 69.015 0.99
      vertex 71.6696 68.8889 3.5
      vertex 71.6696 68.8889 0.99
    endloop
  endfacet
  facet normal -0.80297 -0.596019 0
    outer loop
      vertex 74.3304 68.8889 0.99
      vertex 74.2368 69.015 3.5
      vertex 74.2368 69.015 0.99
    endloop
  endfacet
  facet normal -0.80297 -0.596019 0
    outer loop
      vertex 74.2368 69.015 3.5
      vertex 74.3304 68.8889 0.99
      vertex 74.3304 68.8889 3.5
    endloop
  endfacet
  facet normal 0.969993 -0.243135 0
    outer loop
      vertex 71.4307 68.3121 3.5
      vertex 71.4689 68.4645 0.99
      vertex 71.4689 68.4645 3.5
    endloop
  endfacet
  facet normal 0.969993 -0.243135 0
    outer loop
      vertex 71.4689 68.4645 0.99
      vertex 71.4307 68.3121 3.5
      vertex 71.4307 68.3121 0.99
    endloop
  endfacet
  facet normal 0.671213 -0.741264 0
    outer loop
      vertex 71.8686 69.1314 0.99
      vertex 71.985 69.2368 3.5
      vertex 71.8686 69.1314 3.5
    endloop
  endfacet
  facet normal 0.671213 -0.741264 0
    outer loop
      vertex 71.985 69.2368 3.5
      vertex 71.8686 69.1314 0.99
      vertex 71.985 69.2368 0.99
    endloop
  endfacet
  facet normal -0.427484 0.904023 0
    outer loop
      vertex 73.7542 66.5889 0.99
      vertex 73.6123 66.5218 3.5
      vertex 73.7542 66.5889 3.5
    endloop
  endfacet
  facet normal -0.427484 0.904023 0
    outer loop
      vertex 73.6123 66.5218 3.5
      vertex 73.7542 66.5889 0.99
      vertex 73.6123 66.5218 0.99
    endloop
  endfacet
  facet normal 0.243135 -0.969993 0
    outer loop
      vertex 72.5355 69.5311 0.99
      vertex 72.6879 69.5693 3.5
      vertex 72.5355 69.5311 3.5
    endloop
  endfacet
  facet normal 0.243135 -0.969993 0
    outer loop
      vertex 72.6879 69.5693 3.5
      vertex 72.5355 69.5311 0.99
      vertex 72.6879 69.5693 0.99
    endloop
  endfacet
  facet normal 0.941511 -0.336982 0
    outer loop
      vertex 71.4689 68.4645 3.5
      vertex 71.5218 68.6123 0.99
      vertex 71.5218 68.6123 3.5
    endloop
  endfacet
  facet normal 0.941511 -0.336982 0
    outer loop
      vertex 71.5218 68.6123 0.99
      vertex 71.4689 68.4645 3.5
      vertex 71.4689 68.4645 0.99
    endloop
  endfacet
  facet normal -0.513934 -0.85783 0
    outer loop
      vertex 73.7542 69.4111 0.99
      vertex 73.8889 69.3304 3.5
      vertex 73.7542 69.4111 3.5
    endloop
  endfacet
  facet normal -0.513934 -0.85783 -0
    outer loop
      vertex 73.8889 69.3304 3.5
      vertex 73.7542 69.4111 0.99
      vertex 73.8889 69.3304 0.99
    endloop
  endfacet
  facet normal 0.513934 0.85783 -0
    outer loop
      vertex 72.2458 66.5889 0.99
      vertex 72.1111 66.6696 3.5
      vertex 72.2458 66.5889 3.5
    endloop
  endfacet
  facet normal 0.513934 0.85783 0
    outer loop
      vertex 72.1111 66.6696 3.5
      vertex 72.2458 66.5889 0.99
      vertex 72.1111 66.6696 0.99
    endloop
  endfacet
  facet normal 0.596019 -0.80297 0
    outer loop
      vertex 71.985 69.2368 0.99
      vertex 72.1111 69.3304 3.5
      vertex 71.985 69.2368 3.5
    endloop
  endfacet
  facet normal 0.596019 -0.80297 0
    outer loop
      vertex 72.1111 69.3304 3.5
      vertex 71.985 69.2368 0.99
      vertex 72.1111 69.3304 0.99
    endloop
  endfacet
  facet normal 0.049048 -0.998796 0
    outer loop
      vertex 72.8432 69.5923 0.99
      vertex 73 69.6 3.5
      vertex 72.8432 69.5923 3.5
    endloop
  endfacet
  facet normal 0.049048 -0.998796 0
    outer loop
      vertex 73 69.6 3.5
      vertex 72.8432 69.5923 0.99
      vertex 73 69.6 0.99
    endloop
  endfacet
  facet normal -0.049048 0.998796 0
    outer loop
      vertex 73.1568 66.4077 0.99
      vertex 73 66.4 3.5
      vertex 73.1568 66.4077 3.5
    endloop
  endfacet
  facet normal -0.049048 0.998796 0
    outer loop
      vertex 73 66.4 3.5
      vertex 73.1568 66.4077 0.99
      vertex 73 66.4 0.99
    endloop
  endfacet
  facet normal -0.941511 0.336982 0
    outer loop
      vertex 74.4782 67.3877 0.99
      vertex 74.5311 67.5355 3.5
      vertex 74.5311 67.5355 0.99
    endloop
  endfacet
  facet normal -0.941511 0.336982 0
    outer loop
      vertex 74.5311 67.5355 3.5
      vertex 74.4782 67.3877 0.99
      vertex 74.4782 67.3877 3.5
    endloop
  endfacet
  facet normal -0.80297 0.596019 0
    outer loop
      vertex 74.2368 66.985 0.99
      vertex 74.3304 67.1111 3.5
      vertex 74.3304 67.1111 0.99
    endloop
  endfacet
  facet normal -0.80297 0.596019 0
    outer loop
      vertex 74.3304 67.1111 3.5
      vertex 74.2368 66.985 0.99
      vertex 74.2368 66.985 3.5
    endloop
  endfacet
  facet normal -0.98921 0.146502 0
    outer loop
      vertex 74.5693 67.6879 0.99
      vertex 74.5923 67.8432 3.5
      vertex 74.5923 67.8432 0.99
    endloop
  endfacet
  facet normal -0.98921 0.146502 0
    outer loop
      vertex 74.5923 67.8432 3.5
      vertex 74.5693 67.6879 0.99
      vertex 74.5693 67.6879 3.5
    endloop
  endfacet
  facet normal 0.85783 -0.513934 0
    outer loop
      vertex 71.5889 68.7542 3.5
      vertex 71.6696 68.8889 0.99
      vertex 71.6696 68.8889 3.5
    endloop
  endfacet
  facet normal 0.85783 -0.513934 0
    outer loop
      vertex 71.6696 68.8889 0.99
      vertex 71.5889 68.7542 3.5
      vertex 71.5889 68.7542 0.99
    endloop
  endfacet
  facet normal 0.336982 0.941511 -0
    outer loop
      vertex 72.5355 66.4689 0.99
      vertex 72.3877 66.5218 3.5
      vertex 72.5355 66.4689 3.5
    endloop
  endfacet
  facet normal 0.336982 0.941511 0
    outer loop
      vertex 72.3877 66.5218 3.5
      vertex 72.5355 66.4689 0.99
      vertex 72.3877 66.5218 0.99
    endloop
  endfacet
  facet normal -0.904023 -0.427484 0
    outer loop
      vertex 74.4782 68.6123 0.99
      vertex 74.4111 68.7542 3.5
      vertex 74.4111 68.7542 0.99
    endloop
  endfacet
  facet normal -0.904023 -0.427484 0
    outer loop
      vertex 74.4111 68.7542 3.5
      vertex 74.4782 68.6123 0.99
      vertex 74.4782 68.6123 3.5
    endloop
  endfacet
  facet normal 0.427484 -0.904023 0
    outer loop
      vertex 72.2458 69.4111 0.99
      vertex 72.3877 69.4782 3.5
      vertex 72.2458 69.4111 3.5
    endloop
  endfacet
  facet normal 0.427484 -0.904023 0
    outer loop
      vertex 72.3877 69.4782 3.5
      vertex 72.2458 69.4111 0.99
      vertex 72.3877 69.4782 0.99
    endloop
  endfacet
  facet normal -0.596019 0.80297 0
    outer loop
      vertex 74.015 66.7632 0.99
      vertex 73.8889 66.6696 3.5
      vertex 74.015 66.7632 3.5
    endloop
  endfacet
  facet normal -0.596019 0.80297 0
    outer loop
      vertex 73.8889 66.6696 3.5
      vertex 74.015 66.7632 0.99
      vertex 73.8889 66.6696 0.99
    endloop
  endfacet
  facet normal -0.596019 -0.80297 0
    outer loop
      vertex 73.8889 69.3304 0.99
      vertex 74.015 69.2368 3.5
      vertex 73.8889 69.3304 3.5
    endloop
  endfacet
  facet normal -0.596019 -0.80297 -0
    outer loop
      vertex 74.015 69.2368 3.5
      vertex 73.8889 69.3304 0.99
      vertex 74.015 69.2368 0.99
    endloop
  endfacet
  facet normal 0.671213 0.741264 -0
    outer loop
      vertex 71.985 66.7632 0.99
      vertex 71.8686 66.8686 3.5
      vertex 71.985 66.7632 3.5
    endloop
  endfacet
  facet normal 0.671213 0.741264 0
    outer loop
      vertex 71.8686 66.8686 3.5
      vertex 71.985 66.7632 0.99
      vertex 71.8686 66.8686 0.99
    endloop
  endfacet
  facet normal -0.998796 0.049048 0
    outer loop
      vertex 74.5923 67.8432 0.99
      vertex 74.6 68 3.5
      vertex 74.6 68 0.99
    endloop
  endfacet
  facet normal -0.998796 0.049048 0
    outer loop
      vertex 74.6 68 3.5
      vertex 74.5923 67.8432 0.99
      vertex 74.5923 67.8432 3.5
    endloop
  endfacet
  facet normal 0.80297 0.596019 0
    outer loop
      vertex 71.7632 66.985 3.5
      vertex 71.6696 67.1111 0.99
      vertex 71.6696 67.1111 3.5
    endloop
  endfacet
  facet normal 0.80297 0.596019 0
    outer loop
      vertex 71.6696 67.1111 0.99
      vertex 71.7632 66.985 3.5
      vertex 71.7632 66.985 0.99
    endloop
  endfacet
  facet normal 0.904023 0.427484 0
    outer loop
      vertex 71.5889 67.2458 3.5
      vertex 71.5218 67.3877 0.99
      vertex 71.5218 67.3877 3.5
    endloop
  endfacet
  facet normal 0.904023 0.427484 0
    outer loop
      vertex 71.5218 67.3877 0.99
      vertex 71.5889 67.2458 3.5
      vertex 71.5889 67.2458 0.99
    endloop
  endfacet
  facet normal -0.049048 -0.998796 0
    outer loop
      vertex 73 69.6 0.99
      vertex 73.1568 69.5923 3.5
      vertex 73 69.6 3.5
    endloop
  endfacet
  facet normal -0.049048 -0.998796 -0
    outer loop
      vertex 73.1568 69.5923 3.5
      vertex 73 69.6 0.99
      vertex 73.1568 69.5923 0.99
    endloop
  endfacet
  facet normal 0.427484 0.904023 -0
    outer loop
      vertex 72.3877 66.5218 0.99
      vertex 72.2458 66.5889 3.5
      vertex 72.3877 66.5218 3.5
    endloop
  endfacet
  facet normal 0.427484 0.904023 0
    outer loop
      vertex 72.2458 66.5889 3.5
      vertex 72.3877 66.5218 0.99
      vertex 72.2458 66.5889 0.99
    endloop
  endfacet
  facet normal 0.146502 -0.98921 0
    outer loop
      vertex 72.6879 69.5693 0.99
      vertex 72.8432 69.5923 3.5
      vertex 72.6879 69.5693 3.5
    endloop
  endfacet
  facet normal 0.146502 -0.98921 0
    outer loop
      vertex 72.8432 69.5923 3.5
      vertex 72.6879 69.5693 0.99
      vertex 72.8432 69.5923 0.99
    endloop
  endfacet
  facet normal 0.98921 0.146502 0
    outer loop
      vertex 71.4307 67.6879 3.5
      vertex 71.4077 67.8432 0.99
      vertex 71.4077 67.8432 3.5
    endloop
  endfacet
  facet normal 0.98921 0.146502 0
    outer loop
      vertex 71.4077 67.8432 0.99
      vertex 71.4307 67.6879 3.5
      vertex 71.4307 67.6879 0.99
    endloop
  endfacet
  facet normal -0.336982 0.941511 0
    outer loop
      vertex 73.6123 66.5218 0.99
      vertex 73.4645 66.4689 3.5
      vertex 73.6123 66.5218 3.5
    endloop
  endfacet
  facet normal -0.336982 0.941511 0
    outer loop
      vertex 73.4645 66.4689 3.5
      vertex 73.6123 66.5218 0.99
      vertex 73.4645 66.4689 0.99
    endloop
  endfacet
  facet normal -0.243135 0.969993 0
    outer loop
      vertex 73.4645 66.4689 0.99
      vertex 73.3121 66.4307 3.5
      vertex 73.4645 66.4689 3.5
    endloop
  endfacet
  facet normal -0.243135 0.969993 0
    outer loop
      vertex 73.3121 66.4307 3.5
      vertex 73.4645 66.4689 0.99
      vertex 73.3121 66.4307 0.99
    endloop
  endfacet
  facet normal 0.904023 -0.427484 0
    outer loop
      vertex 71.5218 68.6123 3.5
      vertex 71.5889 68.7542 0.99
      vertex 71.5889 68.7542 3.5
    endloop
  endfacet
  facet normal 0.904023 -0.427484 0
    outer loop
      vertex 71.5889 68.7542 0.99
      vertex 71.5218 68.6123 3.5
      vertex 71.5218 68.6123 0.99
    endloop
  endfacet
  facet normal 0.741264 0.671213 0
    outer loop
      vertex 71.8686 66.8686 3.5
      vertex 71.7632 66.985 0.99
      vertex 71.7632 66.985 3.5
    endloop
  endfacet
  facet normal 0.741264 0.671213 0
    outer loop
      vertex 71.7632 66.985 0.99
      vertex 71.8686 66.8686 3.5
      vertex 71.8686 66.8686 0.99
    endloop
  endfacet
  facet normal 0.596019 0.80297 -0
    outer loop
      vertex 72.1111 66.6696 0.99
      vertex 71.985 66.7632 3.5
      vertex 72.1111 66.6696 3.5
    endloop
  endfacet
  facet normal 0.596019 0.80297 0
    outer loop
      vertex 71.985 66.7632 3.5
      vertex 72.1111 66.6696 0.99
      vertex 71.985 66.7632 0.99
    endloop
  endfacet
  facet normal -0.904023 0.427484 0
    outer loop
      vertex 74.4111 67.2458 0.99
      vertex 74.4782 67.3877 3.5
      vertex 74.4782 67.3877 0.99
    endloop
  endfacet
  facet normal -0.904023 0.427484 0
    outer loop
      vertex 74.4782 67.3877 3.5
      vertex 74.4111 67.2458 0.99
      vertex 74.4111 67.2458 3.5
    endloop
  endfacet
  facet normal -0.85783 0.513934 0
    outer loop
      vertex 74.3304 67.1111 0.99
      vertex 74.4111 67.2458 3.5
      vertex 74.4111 67.2458 0.99
    endloop
  endfacet
  facet normal -0.85783 0.513934 0
    outer loop
      vertex 74.4111 67.2458 3.5
      vertex 74.3304 67.1111 0.99
      vertex 74.3304 67.1111 3.5
    endloop
  endfacet
  facet normal 0.049048 0.998796 -0
    outer loop
      vertex 73 66.4 0.99
      vertex 72.8432 66.4077 3.5
      vertex 73 66.4 3.5
    endloop
  endfacet
  facet normal 0.049048 0.998796 0
    outer loop
      vertex 72.8432 66.4077 3.5
      vertex 73 66.4 0.99
      vertex 72.8432 66.4077 0.99
    endloop
  endfacet
  facet normal 0 0 -1
    outer loop
      vertex 74.5923 67.8432 3.5
      vertex 74.5923 68.1568 3.5
      vertex 74.6 68 3.5
    endloop
  endfacet
  facet normal 0 0 -1
    outer loop
      vertex 74.5693 67.6879 3.5
      vertex 74.5923 68.1568 3.5
      vertex 74.5923 67.8432 3.5
    endloop
  endfacet
  facet normal 0 0 -1
    outer loop
      vertex 74.5693 67.6879 3.5
      vertex 74.5693 68.3121 3.5
      vertex 74.5923 68.1568 3.5
    endloop
  endfacet
  facet normal 0 0 -1
    outer loop
      vertex 74.5311 67.5355 3.5
      vertex 74.5693 68.3121 3.5
      vertex 74.5693 67.6879 3.5
    endloop
  endfacet
  facet normal 0 0 -1
    outer loop
      vertex 74.5311 67.5355 3.5
      vertex 74.5311 68.4645 3.5
      vertex 74.5693 68.3121 3.5
    endloop
  endfacet
  facet normal 0 0 -1
    outer loop
      vertex 74.4782 67.3877 3.5
      vertex 74.5311 68.4645 3.5
      vertex 74.5311 67.5355 3.5
    endloop
  endfacet
  facet normal 0 0 -1
    outer loop
      vertex 74.4782 67.3877 3.5
      vertex 74.4782 68.6123 3.5
      vertex 74.5311 68.4645 3.5
    endloop
  endfacet
  facet normal 0 0 -1
    outer loop
      vertex 74.4111 67.2458 3.5
      vertex 74.4782 68.6123 3.5
      vertex 74.4782 67.3877 3.5
    endloop
  endfacet
  facet normal 0 0 -1
    outer loop
      vertex 74.4111 67.2458 3.5
      vertex 74.4111 68.7542 3.5
      vertex 74.4782 68.6123 3.5
    endloop
  endfacet
  facet normal 0 0 -1
    outer loop
      vertex 74.3304 67.1111 3.5
      vertex 74.4111 68.7542 3.5
      vertex 74.4111 67.2458 3.5
    endloop
  endfacet
  facet normal 0 0 -1
    outer loop
      vertex 74.3304 67.1111 3.5
      vertex 74.3304 68.8889 3.5
      vertex 74.4111 68.7542 3.5
    endloop
  endfacet
  facet normal 0 0 -1
    outer loop
      vertex 74.2368 66.985 3.5
      vertex 74.3304 68.8889 3.5
      vertex 74.3304 67.1111 3.5
    endloop
  endfacet
  facet normal 0 0 -1
    outer loop
      vertex 74.2368 66.985 3.5
      vertex 74.2368 69.015 3.5
      vertex 74.3304 68.8889 3.5
    endloop
  endfacet
  facet normal 0 0 -1
    outer loop
      vertex 74.1314 66.8686 3.5
      vertex 74.2368 69.015 3.5
      vertex 74.2368 66.985 3.5
    endloop
  endfacet
  facet normal 0 0 -1
    outer loop
      vertex 74.1314 66.8686 3.5
      vertex 74.1314 69.1314 3.5
      vertex 74.2368 69.015 3.5
    endloop
  endfacet
  facet normal 0 0 -1
    outer loop
      vertex 74.015 66.7632 3.5
      vertex 74.1314 69.1314 3.5
      vertex 74.1314 66.8686 3.5
    endloop
  endfacet
  facet normal 0 0 -1
    outer loop
      vertex 74.015 66.7632 3.5
      vertex 74.015 69.2368 3.5
      vertex 74.1314 69.1314 3.5
    endloop
  endfacet
  facet normal 0 0 -1
    outer loop
      vertex 73.8889 66.6696 3.5
      vertex 74.015 69.2368 3.5
      vertex 74.015 66.7632 3.5
    endloop
  endfacet
  facet normal 0 0 -1
    outer loop
      vertex 73.8889 66.6696 3.5
      vertex 73.8889 69.3304 3.5
      vertex 74.015 69.2368 3.5
    endloop
  endfacet
  facet normal 0 0 -1
    outer loop
      vertex 73.7542 66.5889 3.5
      vertex 73.8889 69.3304 3.5
      vertex 73.8889 66.6696 3.5
    endloop
  endfacet
  facet normal 0 0 -1
    outer loop
      vertex 73.7542 66.5889 3.5
      vertex 73.7542 69.4111 3.5
      vertex 73.8889 69.3304 3.5
    endloop
  endfacet
  facet normal 0 0 -1
    outer loop
      vertex 73.6123 66.5218 3.5
      vertex 73.7542 69.4111 3.5
      vertex 73.7542 66.5889 3.5
    endloop
  endfacet
  facet normal 0 0 -1
    outer loop
      vertex 73.6123 66.5218 3.5
      vertex 73.6123 69.4782 3.5
      vertex 73.7542 69.4111 3.5
    endloop
  endfacet
  facet normal 0 0 -1
    outer loop
      vertex 73.4645 66.4689 3.5
      vertex 73.6123 69.4782 3.5
      vertex 73.6123 66.5218 3.5
    endloop
  endfacet
  facet normal 0 0 -1
    outer loop
      vertex 73.4645 66.4689 3.5
      vertex 73.4645 69.5311 3.5
      vertex 73.6123 69.4782 3.5
    endloop
  endfacet
  facet normal 0 0 -1
    outer loop
      vertex 73.3121 66.4307 3.5
      vertex 73.4645 69.5311 3.5
      vertex 73.4645 66.4689 3.5
    endloop
  endfacet
  facet normal 0 0 -1
    outer loop
      vertex 73.3121 66.4307 3.5
      vertex 73.3121 69.5693 3.5
      vertex 73.4645 69.5311 3.5
    endloop
  endfacet
  facet normal 0 0 -1
    outer loop
      vertex 73.1568 66.4077 3.5
      vertex 73.3121 69.5693 3.5
      vertex 73.3121 66.4307 3.5
    endloop
  endfacet
  facet normal 0 0 -1
    outer loop
      vertex 73.1568 66.4077 3.5
      vertex 73.1568 69.5923 3.5
      vertex 73.3121 69.5693 3.5
    endloop
  endfacet
  facet normal 0 0 -1
    outer loop
      vertex 73 66.4 3.5
      vertex 73.1568 69.5923 3.5
      vertex 73.1568 66.4077 3.5
    endloop
  endfacet
  facet normal 0 0 -1
    outer loop
      vertex 73 66.4 3.5
      vertex 73 69.6 3.5
      vertex 73.1568 69.5923 3.5
    endloop
  endfacet
  facet normal 0 0 -1
    outer loop
      vertex 72.8432 66.4077 3.5
      vertex 73 69.6 3.5
      vertex 73 66.4 3.5
    endloop
  endfacet
  facet normal 0 0 -1
    outer loop
      vertex 72.8432 66.4077 3.5
      vertex 72.8432 69.5923 3.5
      vertex 73 69.6 3.5
    endloop
  endfacet
  facet normal 0 0 -1
    outer loop
      vertex 72.6879 66.4307 3.5
      vertex 72.8432 69.5923 3.5
      vertex 72.8432 66.4077 3.5
    endloop
  endfacet
  facet normal 0 0 -1
    outer loop
      vertex 72.6879 66.4307 3.5
      vertex 72.6879 69.5693 3.5
      vertex 72.8432 69.5923 3.5
    endloop
  endfacet
  facet normal 0 0 -1
    outer loop
      vertex 72.5355 66.4689 3.5
      vertex 72.6879 69.5693 3.5
      vertex 72.6879 66.4307 3.5
    endloop
  endfacet
  facet normal 0 0 -1
    outer loop
      vertex 72.5355 66.4689 3.5
      vertex 72.5355 69.5311 3.5
      vertex 72.6879 69.5693 3.5
    endloop
  endfacet
  facet normal 0 0 -1
    outer loop
      vertex 72.3877 66.5218 3.5
      vertex 72.5355 69.5311 3.5
      vertex 72.5355 66.4689 3.5
    endloop
  endfacet
  facet normal 0 0 -1
    outer loop
      vertex 72.3877 66.5218 3.5
      vertex 72.3877 69.4782 3.5
      vertex 72.5355 69.5311 3.5
    endloop
  endfacet
  facet normal 0 0 -1
    outer loop
      vertex 72.2458 66.5889 3.5
      vertex 72.3877 69.4782 3.5
      vertex 72.3877 66.5218 3.5
    endloop
  endfacet
  facet normal 0 0 -1
    outer loop
      vertex 72.2458 66.5889 3.5
      vertex 72.2458 69.4111 3.5
      vertex 72.3877 69.4782 3.5
    endloop
  endfacet
  facet normal 0 0 -1
    outer loop
      vertex 72.1111 66.6696 3.5
      vertex 72.2458 69.4111 3.5
      vertex 72.2458 66.5889 3.5
    endloop
  endfacet
  facet normal 0 0 -1
    outer loop
      vertex 72.1111 66.6696 3.5
      vertex 72.1111 69.3304 3.5
      vertex 72.2458 69.4111 3.5
    endloop
  endfacet
  facet normal 0 0 -1
    outer loop
      vertex 71.985 66.7632 3.5
      vertex 72.1111 69.3304 3.5
      vertex 72.1111 66.6696 3.5
    endloop
  endfacet
  facet normal 0 0 -1
    outer loop
      vertex 71.985 66.7632 3.5
      vertex 71.985 69.2368 3.5
      vertex 72.1111 69.3304 3.5
    endloop
  endfacet
  facet normal 0 0 -1
    outer loop
      vertex 71.8686 66.8686 3.5
      vertex 71.985 69.2368 3.5
      vertex 71.985 66.7632 3.5
    endloop
  endfacet
  facet normal 0 0 -1
    outer loop
      vertex 71.8686 66.8686 3.5
      vertex 71.8686 69.1314 3.5
      vertex 71.985 69.2368 3.5
    endloop
  endfacet
  facet normal 0 0 -1
    outer loop
      vertex 71.7632 66.985 3.5
      vertex 71.8686 69.1314 3.5
      vertex 71.8686 66.8686 3.5
    endloop
  endfacet
  facet normal 0 0 -1
    outer loop
      vertex 71.7632 66.985 3.5
      vertex 71.7632 69.015 3.5
      vertex 71.8686 69.1314 3.5
    endloop
  endfacet
  facet normal 0 0 -1
    outer loop
      vertex 71.6696 67.1111 3.5
      vertex 71.7632 69.015 3.5
      vertex 71.7632 66.985 3.5
    endloop
  endfacet
  facet normal 0 0 -1
    outer loop
      vertex 71.6696 67.1111 3.5
      vertex 71.6696 68.8889 3.5
      vertex 71.7632 69.015 3.5
    endloop
  endfacet
  facet normal 0 0 -1
    outer loop
      vertex 71.5889 67.2458 3.5
      vertex 71.6696 68.8889 3.5
      vertex 71.6696 67.1111 3.5
    endloop
  endfacet
  facet normal 0 0 -1
    outer loop
      vertex 71.5889 67.2458 3.5
      vertex 71.5889 68.7542 3.5
      vertex 71.6696 68.8889 3.5
    endloop
  endfacet
  facet normal 0 0 -1
    outer loop
      vertex 71.5218 67.3877 3.5
      vertex 71.5889 68.7542 3.5
      vertex 71.5889 67.2458 3.5
    endloop
  endfacet
  facet normal 0 0 -1
    outer loop
      vertex 71.5218 67.3877 3.5
      vertex 71.5218 68.6123 3.5
      vertex 71.5889 68.7542 3.5
    endloop
  endfacet
  facet normal 0 0 -1
    outer loop
      vertex 71.4689 67.5355 3.5
      vertex 71.5218 68.6123 3.5
      vertex 71.5218 67.3877 3.5
    endloop
  endfacet
  facet normal 0 0 -1
    outer loop
      vertex 71.4689 67.5355 3.5
      vertex 71.4689 68.4645 3.5
      vertex 71.5218 68.6123 3.5
    endloop
  endfacet
  facet normal 0 0 -1
    outer loop
      vertex 71.4307 67.6879 3.5
      vertex 71.4689 68.4645 3.5
      vertex 71.4689 67.5355 3.5
    endloop
  endfacet
  facet normal 0 0 -1
    outer loop
      vertex 71.4307 67.6879 3.5
      vertex 71.4307 68.3121 3.5
      vertex 71.4689 68.4645 3.5
    endloop
  endfacet
  facet normal 0 0 -1
    outer loop
      vertex 71.4077 67.8432 3.5
      vertex 71.4307 68.3121 3.5
      vertex 71.4307 67.6879 3.5
    endloop
  endfacet
  facet normal 0 0 -1
    outer loop
      vertex 71.4077 67.8432 3.5
      vertex 71.4077 68.1568 3.5
      vertex 71.4307 68.3121 3.5
    endloop
  endfacet
  facet normal 0 -0 -1
    outer loop
      vertex 71.4077 68.1568 3.5
      vertex 71.4077 67.8432 3.5
      vertex 71.4 68 3.5
    endloop
  endfacet
  facet normal 0.998796 -0.049048 0
    outer loop
      vertex 71.4 68 3.5
      vertex 71.4077 68.1568 0.99
      vertex 71.4077 68.1568 3.5
    endloop
  endfacet
  facet normal 0.998796 -0.049048 0
    outer loop
      vertex 71.4077 68.1568 0.99
      vertex 71.4 68 3.5
      vertex 71.4 68 0.99
    endloop
  endfacet
  facet normal -0.671213 0.741264 0
    outer loop
      vertex 74.1314 66.8686 0.99
      vertex 74.015 66.7632 3.5
      vertex 74.1314 66.8686 3.5
    endloop
  endfacet
  facet normal -0.671213 0.741264 0
    outer loop
      vertex 74.015 66.7632 3.5
      vertex 74.1314 66.8686 0.99
      vertex 74.015 66.7632 0.99
    endloop
  endfacet
  facet normal -0.856731 -0.0421343 -0.514039
    outer loop
      vertex 75.1835 68.2135 0
      vertex 75.194 68 0
      vertex 74.6 68 0.99
    endloop
  endfacet
  facet normal 0.208553 0.832027 -0.514039
    outer loop
      vertex 72.3646 65.9001 0
      vertex 72.5355 66.4689 0.99
      vertex 72.6879 66.4307 0.99
    endloop
  endfacet
  facet normal 0.22098 0.828677 -0.514259
    outer loop
      vertex 72.5355 66.4689 0.99
      vertex 72.3646 65.9001 0
      vertex 72.3631 65.9005 0
    endloop
  endfacet
  facet normal -0.208553 -0.832027 -0.514039
    outer loop
      vertex 73.6354 70.0999 0
      vertex 73.4645 69.5311 0.99
      vertex 73.3121 69.5693 0.99
    endloop
  endfacet
  facet normal -0.22098 -0.828677 -0.514259
    outer loop
      vertex 73.4645 69.5311 0.99
      vertex 73.6354 70.0999 0
      vertex 73.6369 70.0995 0
    endloop
  endfacet
  facet normal -0.832027 0.208553 -0.514039
    outer loop
      vertex 75.0999 67.3646 0
      vertex 74.5311 67.5355 0.99
      vertex 74.5693 67.6879 0.99
    endloop
  endfacet
  facet normal -0.828677 0.22098 -0.514259
    outer loop
      vertex 74.5311 67.5355 0.99
      vertex 75.0999 67.3646 0
      vertex 75.0995 67.3631 0
    endloop
  endfacet
  facet normal -0.735835 0.440845 -0.514007
    outer loop
      vertex 74.9349 66.9658 0
      vertex 74.3304 67.1111 0.99
      vertex 74.4111 67.2458 0.99
    endloop
  endfacet
  facet normal -0.743536 0.424878 -0.516366
    outer loop
      vertex 74.3304 67.1111 0.99
      vertex 74.9349 66.9658 0
      vertex 74.9341 66.9644 0
    endloop
  endfacet
  facet normal -0.705625 -0.48851 -0.513275
    outer loop
      vertex 74.6969 69.3906 0
      vertex 74.2368 69.015 0.99
      vertex 74.696 69.3919 0
    endloop
  endfacet
  facet normal -0.688753 -0.511239 -0.514057
    outer loop
      vertex 74.2368 69.015 0.99
      vertex 74.6969 69.3906 0
      vertex 74.3304 68.8889 0.99
    endloop
  endfacet
  facet normal -0.289005 0.807609 -0.514047
    outer loop
      vertex 73.8396 65.973 0
      vertex 73.6384 65.901 0
      vertex 73.6123 66.5218 0.99
    endloop
  endfacet
  facet normal -0.735696 0.441097 -0.513989
    outer loop
      vertex 74.9341 66.9644 0
      vertex 74.8242 66.7811 0
      vertex 74.3304 67.1111 0.99
    endloop
  endfacet
  facet normal -0.510881 -0.689067 -0.513992
    outer loop
      vertex 74.2189 69.8242 0
      vertex 74.3906 69.6969 0
      vertex 73.8889 69.3304 0.99
    endloop
  endfacet
  facet normal 0.366828 -0.775395 -0.514004
    outer loop
      vertex 72.159 70.0263 0
      vertex 72.2458 69.4111 0.99
      vertex 71.9658 69.9349 0
    endloop
  endfacet
  facet normal 0.635704 -0.575906 -0.514016
    outer loop
      vertex 71.4486 69.5514 0
      vertex 71.8686 69.1314 0.99
      vertex 71.3051 69.393 0
    endloop
  endfacet
  facet normal 0.705625 -0.48851 -0.513275
    outer loop
      vertex 71.7632 69.015 0.99
      vertex 71.3031 69.3906 0
      vertex 71.304 69.3919 0
    endloop
  endfacet
  facet normal 0.688753 -0.511239 -0.514057
    outer loop
      vertex 71.3031 69.3906 0
      vertex 71.7632 69.015 0.99
      vertex 71.6696 68.8889 0.99
    endloop
  endfacet
  facet normal 0.106371 0.850964 -0.514339
    outer loop
      vertex 72.7834 65.8168 0
      vertex 72.8432 66.4077 0.99
      vertex 72.785 65.8166 0
    endloop
  endfacet
  facet normal 0.125665 0.848511 -0.51404
    outer loop
      vertex 72.8432 66.4077 0.99
      vertex 72.7834 65.8168 0
      vertex 72.6879 66.4307 0.99
    endloop
  endfacet
  facet normal 0.688753 0.511239 -0.514057
    outer loop
      vertex 71.7632 66.985 0.99
      vertex 71.3031 66.6094 0
      vertex 71.6696 67.1111 0.99
    endloop
  endfacet
  facet normal 0.705625 0.48851 -0.513275
    outer loop
      vertex 71.3031 66.6094 0
      vertex 71.7632 66.985 0.99
      vertex 71.304 66.6081 0
    endloop
  endfacet
  facet normal 0.855722 -0.0570482 -0.514281
    outer loop
      vertex 71.4077 68.1568 0.99
      vertex 70.8165 68.2135 0
      vertex 70.8166 68.215 0
    endloop
  endfacet
  facet normal 0.85674 -0.042072 -0.51403
    outer loop
      vertex 70.8165 68.2135 0
      vertex 71.4077 68.1568 0.99
      vertex 71.4 68 0.99
    endloop
  endfacet
  facet normal 0.575906 -0.635704 -0.514016
    outer loop
      vertex 71.607 69.6949 0
      vertex 71.8686 69.1314 0.99
      vertex 71.4486 69.5514 0
    endloop
  endfacet
  facet normal 0.441097 0.735696 -0.513989
    outer loop
      vertex 72.1111 66.6696 0.99
      vertex 71.9644 66.0659 0
      vertex 71.7811 66.1758 0
    endloop
  endfacet
  facet normal -0.0421343 -0.856731 -0.514039
    outer loop
      vertex 73 70.194 0
      vertex 73.2135 70.1835 0
      vertex 73 69.6 0.99
    endloop
  endfacet
  facet normal -0.856731 0.0421343 -0.514039
    outer loop
      vertex 75.194 68 0
      vertex 75.1835 67.7865 0
      vertex 74.6 68 0.99
    endloop
  endfacet
  facet normal 0.807609 -0.289005 -0.514047
    outer loop
      vertex 70.973 68.8396 0
      vertex 71.5218 68.6123 0.99
      vertex 70.901 68.6384 0
    endloop
  endfacet
  facet normal 0.510881 0.689067 -0.513992
    outer loop
      vertex 72.1111 66.6696 0.99
      vertex 71.7811 66.1758 0
      vertex 71.6094 66.3031 0
    endloop
  endfacet
  facet normal 0.635808 0.575723 -0.514094
    outer loop
      vertex 71.8686 66.8686 0.99
      vertex 71.304 66.6081 0
      vertex 71.7632 66.985 0.99
    endloop
  endfacet
  facet normal 0.609189 0.609189 -0.507719
    outer loop
      vertex 71.304 66.6081 0
      vertex 71.8686 66.8686 0.99
      vertex 71.3051 66.607 0
    endloop
  endfacet
  facet normal -0.609189 0.609189 -0.507719
    outer loop
      vertex 74.3919 66.304 0
      vertex 74.1314 66.8686 0.99
      vertex 74.393 66.3051 0
    endloop
  endfacet
  facet normal -0.575723 0.635808 -0.514094
    outer loop
      vertex 74.1314 66.8686 0.99
      vertex 74.3919 66.304 0
      vertex 74.015 66.7632 0.99
    endloop
  endfacet
  facet normal -0.0421343 0.856731 -0.514039
    outer loop
      vertex 73 66.4 0.99
      vertex 73.2135 65.8165 0
      vertex 73 65.806 0
    endloop
  endfacet
  facet normal -0.832135 0.208234 -0.513993
    outer loop
      vertex 75.1518 67.572 0
      vertex 75.0999 67.3646 0
      vertex 74.5693 67.6879 0.99
    endloop
  endfacet
  facet normal 0.856731 -0.0421343 -0.514039
    outer loop
      vertex 70.8165 68.2135 0
      vertex 71.4 68 0.99
      vertex 70.806 68 0
    endloop
  endfacet
  facet normal 0.208234 0.832135 -0.513993
    outer loop
      vertex 72.6879 66.4307 0.99
      vertex 72.572 65.8482 0
      vertex 72.3646 65.9001 0
    endloop
  endfacet
  facet normal -0.775395 -0.366828 -0.514004
    outer loop
      vertex 74.9349 69.0342 0
      vertex 75.0263 68.841 0
      vertex 74.4111 68.7542 0.99
    endloop
  endfacet
  facet normal -0.575906 0.635704 -0.514016
    outer loop
      vertex 74.5514 66.4486 0
      vertex 74.393 66.3051 0
      vertex 74.1314 66.8686 0.99
    endloop
  endfacet
  facet normal -0.609189 -0.609189 -0.507719
    outer loop
      vertex 74.696 69.3919 0
      vertex 74.1314 69.1314 0.99
      vertex 74.6949 69.393 0
    endloop
  endfacet
  facet normal -0.635808 -0.575723 -0.514094
    outer loop
      vertex 74.1314 69.1314 0.99
      vertex 74.696 69.3919 0
      vertex 74.2368 69.015 0.99
    endloop
  endfacet
  facet normal 0.828677 -0.22098 -0.514259
    outer loop
      vertex 71.4689 68.4645 0.99
      vertex 70.9001 68.6354 0
      vertex 70.9005 68.6369 0
    endloop
  endfacet
  facet normal 0.832027 -0.208553 -0.514039
    outer loop
      vertex 70.9001 68.6354 0
      vertex 71.4689 68.4645 0.99
      vertex 71.4307 68.3121 0.99
    endloop
  endfacet
  facet normal -0.384324 0.768649 -0.511345
    outer loop
      vertex 73.8396 65.973 0
      vertex 73.7542 66.5889 0.99
      vertex 73.841 65.9737 0
    endloop
  endfacet
  facet normal -0.366679 0.775437 -0.514046
    outer loop
      vertex 73.7542 66.5889 0.99
      vertex 73.8396 65.973 0
      vertex 73.6123 66.5218 0.99
    endloop
  endfacet
  facet normal 0.0421343 0.856731 -0.514039
    outer loop
      vertex 73 66.4 0.99
      vertex 73 65.806 0
      vertex 72.7865 65.8165 0
    endloop
  endfacet
  facet normal 0.424878 -0.743536 -0.516366
    outer loop
      vertex 71.9658 69.9349 0
      vertex 72.1111 69.3304 0.99
      vertex 71.9644 69.9341 0
    endloop
  endfacet
  facet normal 0.440845 -0.735835 -0.514007
    outer loop
      vertex 72.1111 69.3304 0.99
      vertex 71.9658 69.9349 0
      vertex 72.2458 69.4111 0.99
    endloop
  endfacet
  facet normal 0.81233 -0.270777 -0.516527
    outer loop
      vertex 71.5218 68.6123 0.99
      vertex 70.9005 68.6369 0
      vertex 70.901 68.6384 0
    endloop
  endfacet
  facet normal 0.807609 -0.289056 -0.514018
    outer loop
      vertex 70.9005 68.6369 0
      vertex 71.5218 68.6123 0.99
      vertex 71.4689 68.4645 0.99
    endloop
  endfacet
  facet normal -0.289056 -0.807609 -0.514018
    outer loop
      vertex 73.6369 70.0995 0
      vertex 73.6123 69.4782 0.99
      vertex 73.4645 69.5311 0.99
    endloop
  endfacet
  facet normal -0.270777 -0.81233 -0.516527
    outer loop
      vertex 73.6123 69.4782 0.99
      vertex 73.6369 70.0995 0
      vertex 73.6384 70.099 0
    endloop
  endfacet
  facet normal -0.688753 0.511239 -0.514057
    outer loop
      vertex 74.6969 66.6094 0
      vertex 74.2368 66.985 0.99
      vertex 74.3304 67.1111 0.99
    endloop
  endfacet
  facet normal -0.705625 0.48851 -0.513275
    outer loop
      vertex 74.2368 66.985 0.99
      vertex 74.6969 66.6094 0
      vertex 74.696 66.6081 0
    endloop
  endfacet
  facet normal 0.743536 -0.424878 -0.516366
    outer loop
      vertex 71.6696 68.8889 0.99
      vertex 71.0651 69.0342 0
      vertex 71.0659 69.0356 0
    endloop
  endfacet
  facet normal 0.735835 -0.440845 -0.514007
    outer loop
      vertex 71.0651 69.0342 0
      vertex 71.6696 68.8889 0.99
      vertex 71.5889 68.7542 0.99
    endloop
  endfacet
  facet normal -0.366828 -0.775395 -0.514004
    outer loop
      vertex 73.841 70.0263 0
      vertex 74.0342 69.9349 0
      vertex 73.7542 69.4111 0.99
    endloop
  endfacet
  facet normal 0.289056 0.807609 -0.514018
    outer loop
      vertex 72.3631 65.9005 0
      vertex 72.3877 66.5218 0.99
      vertex 72.5355 66.4689 0.99
    endloop
  endfacet
  facet normal 0.270777 0.81233 -0.516527
    outer loop
      vertex 72.3877 66.5218 0.99
      vertex 72.3631 65.9005 0
      vertex 72.3616 65.901 0
    endloop
  endfacet
  facet normal 0.832135 -0.208234 -0.513993
    outer loop
      vertex 70.9001 68.6354 0
      vertex 71.4307 68.3121 0.99
      vertex 70.8482 68.428 0
    endloop
  endfacet
  facet normal -0.22098 0.828677 -0.514259
    outer loop
      vertex 73.6354 65.9001 0
      vertex 73.4645 66.4689 0.99
      vertex 73.6369 65.9005 0
    endloop
  endfacet
  facet normal -0.208553 0.832027 -0.514039
    outer loop
      vertex 73.4645 66.4689 0.99
      vertex 73.6354 65.9001 0
      vertex 73.3121 66.4307 0.99
    endloop
  endfacet
  facet normal -0.208234 -0.832135 -0.513993
    outer loop
      vertex 73.428 70.1518 0
      vertex 73.6354 70.0999 0
      vertex 73.3121 69.5693 0.99
    endloop
  endfacet
  facet normal 0.440845 0.735835 -0.514007
    outer loop
      vertex 71.9658 66.0651 0
      vertex 72.1111 66.6696 0.99
      vertex 72.2458 66.5889 0.99
    endloop
  endfacet
  facet normal 0.424878 0.743536 -0.516366
    outer loop
      vertex 72.1111 66.6696 0.99
      vertex 71.9658 66.0651 0
      vertex 71.9644 66.0659 0
    endloop
  endfacet
  facet normal -0.270777 0.81233 -0.516527
    outer loop
      vertex 73.6369 65.9005 0
      vertex 73.6123 66.5218 0.99
      vertex 73.6384 65.901 0
    endloop
  endfacet
  facet normal -0.289056 0.807609 -0.514018
    outer loop
      vertex 73.6123 66.5218 0.99
      vertex 73.6369 65.9005 0
      vertex 73.4645 66.4689 0.99
    endloop
  endfacet
  facet normal -0.768649 -0.384324 -0.511345
    outer loop
      vertex 75.027 68.8396 0
      vertex 74.4111 68.7542 0.99
      vertex 75.0263 68.841 0
    endloop
  endfacet
  facet normal -0.775437 -0.366679 -0.514046
    outer loop
      vertex 74.4111 68.7542 0.99
      vertex 75.027 68.8396 0
      vertex 74.4782 68.6123 0.99
    endloop
  endfacet
  facet normal 0.735696 -0.441097 -0.513989
    outer loop
      vertex 71.1758 69.2189 0
      vertex 71.6696 68.8889 0.99
      vertex 71.0659 69.0356 0
    endloop
  endfacet
  facet normal 0.126029 0.848487 -0.51399
    outer loop
      vertex 72.6879 66.4307 0.99
      vertex 72.7834 65.8168 0
      vertex 72.572 65.8482 0
    endloop
  endfacet
  facet normal -0.48851 0.705625 -0.513275
    outer loop
      vertex 74.3906 66.3031 0
      vertex 74.015 66.7632 0.99
      vertex 74.3919 66.304 0
    endloop
  endfacet
  facet normal -0.511239 0.688753 -0.514057
    outer loop
      vertex 74.015 66.7632 0.99
      vertex 74.3906 66.3031 0
      vertex 73.8889 66.6696 0.99
    endloop
  endfacet
  facet normal 0.48851 -0.705625 -0.513275
    outer loop
      vertex 71.6094 69.6969 0
      vertex 71.985 69.2368 0.99
      vertex 71.6081 69.696 0
    endloop
  endfacet
  facet normal 0.511239 -0.688753 -0.514057
    outer loop
      vertex 71.985 69.2368 0.99
      vertex 71.6094 69.6969 0
      vertex 72.1111 69.3304 0.99
    endloop
  endfacet
  facet normal -0.511239 -0.688753 -0.514057
    outer loop
      vertex 74.3906 69.6969 0
      vertex 74.015 69.2368 0.99
      vertex 73.8889 69.3304 0.99
    endloop
  endfacet
  facet normal -0.48851 -0.705625 -0.513275
    outer loop
      vertex 74.015 69.2368 0.99
      vertex 74.3906 69.6969 0
      vertex 74.3919 69.696 0
    endloop
  endfacet
  facet normal 0.366828 0.775395 -0.514004
    outer loop
      vertex 72.2458 66.5889 0.99
      vertex 72.159 65.9737 0
      vertex 71.9658 66.0651 0
    endloop
  endfacet
  facet normal 0.609189 -0.609189 -0.507719
    outer loop
      vertex 71.6081 69.696 0
      vertex 71.8686 69.1314 0.99
      vertex 71.607 69.6949 0
    endloop
  endfacet
  facet normal 0.575723 -0.635808 -0.514094
    outer loop
      vertex 71.8686 69.1314 0.99
      vertex 71.6081 69.696 0
      vertex 71.985 69.2368 0.99
    endloop
  endfacet
  facet normal 0.575906 0.635704 -0.514016
    outer loop
      vertex 71.8686 66.8686 0.99
      vertex 71.607 66.3051 0
      vertex 71.4486 66.4486 0
    endloop
  endfacet
  facet normal -0.81233 -0.270777 -0.516527
    outer loop
      vertex 75.0995 68.6369 0
      vertex 74.4782 68.6123 0.99
      vertex 75.099 68.6384 0
    endloop
  endfacet
  facet normal -0.807609 -0.289056 -0.514018
    outer loop
      vertex 74.4782 68.6123 0.99
      vertex 75.0995 68.6369 0
      vertex 74.5311 68.4645 0.99
    endloop
  endfacet
  facet normal 0.635704 0.575906 -0.514016
    outer loop
      vertex 71.8686 66.8686 0.99
      vertex 71.4486 66.4486 0
      vertex 71.3051 66.607 0
    endloop
  endfacet
  facet normal 0.689067 -0.510881 -0.513992
    outer loop
      vertex 71.3031 69.3906 0
      vertex 71.6696 68.8889 0.99
      vertex 71.1758 69.2189 0
    endloop
  endfacet
  facet normal -0.828677 -0.22098 -0.514259
    outer loop
      vertex 75.0999 68.6354 0
      vertex 74.5311 68.4645 0.99
      vertex 75.0995 68.6369 0
    endloop
  endfacet
  facet normal -0.832027 -0.208553 -0.514039
    outer loop
      vertex 74.5311 68.4645 0.99
      vertex 75.0999 68.6354 0
      vertex 74.5693 68.3121 0.99
    endloop
  endfacet
  facet normal -0.635704 0.575906 -0.514016
    outer loop
      vertex 74.6949 66.607 0
      vertex 74.5514 66.4486 0
      vertex 74.1314 66.8686 0.99
    endloop
  endfacet
  facet normal -0.126029 -0.848487 -0.51399
    outer loop
      vertex 73.428 70.1518 0
      vertex 73.3121 69.5693 0.99
      vertex 73.2166 70.1832 0
    endloop
  endfacet
  facet normal 0.848487 -0.126029 -0.51399
    outer loop
      vertex 70.8482 68.428 0
      vertex 71.4307 68.3121 0.99
      vertex 70.8168 68.2166 0
    endloop
  endfacet
  facet normal -0.366679 -0.775437 -0.514046
    outer loop
      vertex 73.8396 70.027 0
      vertex 73.7542 69.4111 0.99
      vertex 73.6123 69.4782 0.99
    endloop
  endfacet
  facet normal -0.384324 -0.768649 -0.511345
    outer loop
      vertex 73.7542 69.4111 0.99
      vertex 73.8396 70.027 0
      vertex 73.841 70.0263 0
    endloop
  endfacet
  facet normal 0.735696 0.441097 -0.513989
    outer loop
      vertex 71.6696 67.1111 0.99
      vertex 71.1758 66.7811 0
      vertex 71.0659 66.9644 0
    endloop
  endfacet
  facet normal -0.289005 -0.807609 -0.514047
    outer loop
      vertex 73.6384 70.099 0
      vertex 73.8396 70.027 0
      vertex 73.6123 69.4782 0.99
    endloop
  endfacet
  facet normal 0.689067 0.510881 -0.513992
    outer loop
      vertex 71.6696 67.1111 0.99
      vertex 71.3031 66.6094 0
      vertex 71.1758 66.7811 0
    endloop
  endfacet
  facet normal -0.575906 -0.635704 -0.514016
    outer loop
      vertex 74.393 69.6949 0
      vertex 74.5514 69.5514 0
      vertex 74.1314 69.1314 0.99
    endloop
  endfacet
  facet normal -0.510881 0.689067 -0.513992
    outer loop
      vertex 74.3906 66.3031 0
      vertex 74.2189 66.1758 0
      vertex 73.8889 66.6696 0.99
    endloop
  endfacet
  facet normal -0.424878 0.743536 -0.516366
    outer loop
      vertex 74.0342 66.0651 0
      vertex 73.8889 66.6696 0.99
      vertex 74.0356 66.0659 0
    endloop
  endfacet
  facet normal -0.440845 0.735835 -0.514007
    outer loop
      vertex 73.8889 66.6696 0.99
      vertex 74.0342 66.0651 0
      vertex 73.7542 66.5889 0.99
    endloop
  endfacet
  facet normal -0.850964 -0.106371 -0.514339
    outer loop
      vertex 74.5923 68.1568 0.99
      vertex 75.1832 68.2166 0
      vertex 75.1834 68.215 0
    endloop
  endfacet
  facet normal -0.848511 -0.125665 -0.51404
    outer loop
      vertex 75.1832 68.2166 0
      vertex 74.5923 68.1568 0.99
      vertex 74.5693 68.3121 0.99
    endloop
  endfacet
  facet normal -0.807609 -0.289005 -0.514047
    outer loop
      vertex 75.027 68.8396 0
      vertex 75.099 68.6384 0
      vertex 74.4782 68.6123 0.99
    endloop
  endfacet
  facet normal 0.289005 -0.807609 -0.514047
    outer loop
      vertex 72.3616 70.099 0
      vertex 72.3877 69.4782 0.99
      vertex 72.1604 70.027 0
    endloop
  endfacet
  facet normal 0.848487 0.126029 -0.51399
    outer loop
      vertex 71.4307 67.6879 0.99
      vertex 70.8482 67.572 0
      vertex 70.8168 67.7834 0
    endloop
  endfacet
  facet normal 0.0421343 -0.856731 -0.514039
    outer loop
      vertex 73 70.194 0
      vertex 73 69.6 0.99
      vertex 72.7865 70.1835 0
    endloop
  endfacet
  facet normal -0.848487 0.126029 -0.51399
    outer loop
      vertex 75.1832 67.7834 0
      vertex 75.1518 67.572 0
      vertex 74.5693 67.6879 0.99
    endloop
  endfacet
  facet normal 0.768649 -0.384324 -0.511345
    outer loop
      vertex 71.5889 68.7542 0.99
      vertex 70.973 68.8396 0
      vertex 70.9737 68.841 0
    endloop
  endfacet
  facet normal 0.775437 -0.366679 -0.514046
    outer loop
      vertex 70.973 68.8396 0
      vertex 71.5889 68.7542 0.99
      vertex 71.5218 68.6123 0.99
    endloop
  endfacet
  facet normal -0.689067 0.510881 -0.513992
    outer loop
      vertex 74.8242 66.7811 0
      vertex 74.6969 66.6094 0
      vertex 74.3304 67.1111 0.99
    endloop
  endfacet
  facet normal -0.635808 0.575723 -0.514094
    outer loop
      vertex 74.696 66.6081 0
      vertex 74.1314 66.8686 0.99
      vertex 74.2368 66.985 0.99
    endloop
  endfacet
  facet normal -0.609189 0.609189 -0.507719
    outer loop
      vertex 74.1314 66.8686 0.99
      vertex 74.696 66.6081 0
      vertex 74.6949 66.607 0
    endloop
  endfacet
  facet normal -0.0570482 0.855722 -0.514281
    outer loop
      vertex 73.2135 65.8165 0
      vertex 73.1568 66.4077 0.99
      vertex 73.215 65.8166 0
    endloop
  endfacet
  facet normal -0.042072 0.85674 -0.51403
    outer loop
      vertex 73.1568 66.4077 0.99
      vertex 73.2135 65.8165 0
      vertex 73 66.4 0.99
    endloop
  endfacet
  facet normal 0.832135 0.208234 -0.513993
    outer loop
      vertex 71.4307 67.6879 0.99
      vertex 70.9001 67.3646 0
      vertex 70.8482 67.572 0
    endloop
  endfacet
  facet normal 0.832027 0.208553 -0.514039
    outer loop
      vertex 71.4689 67.5355 0.99
      vertex 70.9001 67.3646 0
      vertex 71.4307 67.6879 0.99
    endloop
  endfacet
  facet normal 0.828677 0.22098 -0.514259
    outer loop
      vertex 70.9001 67.3646 0
      vertex 71.4689 67.5355 0.99
      vertex 70.9005 67.3631 0
    endloop
  endfacet
  facet normal -0.575723 -0.635808 -0.514094
    outer loop
      vertex 74.3919 69.696 0
      vertex 74.1314 69.1314 0.99
      vertex 74.015 69.2368 0.99
    endloop
  endfacet
  facet normal -0.609189 -0.609189 -0.507719
    outer loop
      vertex 74.1314 69.1314 0.99
      vertex 74.3919 69.696 0
      vertex 74.393 69.6949 0
    endloop
  endfacet
  facet normal 0.848511 -0.125665 -0.51404
    outer loop
      vertex 71.4077 68.1568 0.99
      vertex 70.8168 68.2166 0
      vertex 71.4307 68.3121 0.99
    endloop
  endfacet
  facet normal 0.850964 -0.106371 -0.514339
    outer loop
      vertex 70.8168 68.2166 0
      vertex 71.4077 68.1568 0.99
      vertex 70.8166 68.215 0
    endloop
  endfacet
  facet normal -0.441097 -0.735696 -0.513989
    outer loop
      vertex 74.0356 69.9341 0
      vertex 74.2189 69.8242 0
      vertex 73.8889 69.3304 0.99
    endloop
  endfacet
  facet normal -0.775395 0.366828 -0.514004
    outer loop
      vertex 75.0263 67.159 0
      vertex 74.9349 66.9658 0
      vertex 74.4111 67.2458 0.99
    endloop
  endfacet
  facet normal -0.125665 0.848511 -0.51404
    outer loop
      vertex 73.2166 65.8168 0
      vertex 73.1568 66.4077 0.99
      vertex 73.3121 66.4307 0.99
    endloop
  endfacet
  facet normal -0.106371 0.850964 -0.514339
    outer loop
      vertex 73.1568 66.4077 0.99
      vertex 73.2166 65.8168 0
      vertex 73.215 65.8166 0
    endloop
  endfacet
  facet normal 0.126029 -0.848487 -0.51399
    outer loop
      vertex 72.7834 70.1832 0
      vertex 72.6879 69.5693 0.99
      vertex 72.572 70.1518 0
    endloop
  endfacet
  facet normal 0.22098 -0.828677 -0.514259
    outer loop
      vertex 72.3646 70.0999 0
      vertex 72.5355 69.5311 0.99
      vertex 72.3631 70.0995 0
    endloop
  endfacet
  facet normal 0.208553 -0.832027 -0.514039
    outer loop
      vertex 72.5355 69.5311 0.99
      vertex 72.3646 70.0999 0
      vertex 72.6879 69.5693 0.99
    endloop
  endfacet
  facet normal 0.366679 0.775437 -0.514046
    outer loop
      vertex 72.1604 65.973 0
      vertex 72.2458 66.5889 0.99
      vertex 72.3877 66.5218 0.99
    endloop
  endfacet
  facet normal 0.384324 0.768649 -0.511345
    outer loop
      vertex 72.2458 66.5889 0.99
      vertex 72.1604 65.973 0
      vertex 72.159 65.9737 0
    endloop
  endfacet
  facet normal 0.208234 -0.832135 -0.513993
    outer loop
      vertex 72.572 70.1518 0
      vertex 72.6879 69.5693 0.99
      vertex 72.3646 70.0999 0
    endloop
  endfacet
  facet normal 0.609189 -0.609189 -0.507719
    outer loop
      vertex 71.8686 69.1314 0.99
      vertex 71.304 69.3919 0
      vertex 71.3051 69.393 0
    endloop
  endfacet
  facet normal 0.635808 -0.575723 -0.514094
    outer loop
      vertex 71.304 69.3919 0
      vertex 71.8686 69.1314 0.99
      vertex 71.7632 69.015 0.99
    endloop
  endfacet
  facet normal 0.575723 0.635808 -0.514094
    outer loop
      vertex 71.6081 66.304 0
      vertex 71.8686 66.8686 0.99
      vertex 71.985 66.7632 0.99
    endloop
  endfacet
  facet normal 0.609189 0.609189 -0.507719
    outer loop
      vertex 71.8686 66.8686 0.99
      vertex 71.6081 66.304 0
      vertex 71.607 66.3051 0
    endloop
  endfacet
  facet normal 0.441097 -0.735696 -0.513989
    outer loop
      vertex 71.9644 69.9341 0
      vertex 72.1111 69.3304 0.99
      vertex 71.7811 69.8242 0
    endloop
  endfacet
  facet normal 0.510881 -0.689067 -0.513992
    outer loop
      vertex 71.7811 69.8242 0
      vertex 72.1111 69.3304 0.99
      vertex 71.6094 69.6969 0
    endloop
  endfacet
  facet normal 0.270777 -0.81233 -0.516527
    outer loop
      vertex 72.3631 70.0995 0
      vertex 72.3877 69.4782 0.99
      vertex 72.3616 70.099 0
    endloop
  endfacet
  facet normal 0.289056 -0.807609 -0.514018
    outer loop
      vertex 72.3877 69.4782 0.99
      vertex 72.3631 70.0995 0
      vertex 72.5355 69.5311 0.99
    endloop
  endfacet
  facet normal 0.384324 -0.768649 -0.511345
    outer loop
      vertex 72.1604 70.027 0
      vertex 72.2458 69.4111 0.99
      vertex 72.159 70.0263 0
    endloop
  endfacet
  facet normal 0.366679 -0.775437 -0.514046
    outer loop
      vertex 72.2458 69.4111 0.99
      vertex 72.1604 70.027 0
      vertex 72.3877 69.4782 0.99
    endloop
  endfacet
  facet normal -0.735696 -0.441097 -0.513989
    outer loop
      vertex 74.8242 69.2189 0
      vertex 74.9341 69.0356 0
      vertex 74.3304 68.8889 0.99
    endloop
  endfacet
  facet normal -0.366828 0.775395 -0.514004
    outer loop
      vertex 74.0342 66.0651 0
      vertex 73.841 65.9737 0
      vertex 73.7542 66.5889 0.99
    endloop
  endfacet
  facet normal -0.635704 -0.575906 -0.514016
    outer loop
      vertex 74.5514 69.5514 0
      vertex 74.6949 69.393 0
      vertex 74.1314 69.1314 0.99
    endloop
  endfacet
  facet normal -0.832135 -0.208234 -0.513993
    outer loop
      vertex 75.0999 68.6354 0
      vertex 75.1518 68.428 0
      vertex 74.5693 68.3121 0.99
    endloop
  endfacet
  facet normal -0.848487 -0.126029 -0.51399
    outer loop
      vertex 75.1518 68.428 0
      vertex 75.1832 68.2166 0
      vertex 74.5693 68.3121 0.99
    endloop
  endfacet
  facet normal -0.743536 -0.424878 -0.516366
    outer loop
      vertex 74.9349 69.0342 0
      vertex 74.3304 68.8889 0.99
      vertex 74.9341 69.0356 0
    endloop
  endfacet
  facet normal -0.735835 -0.440845 -0.514007
    outer loop
      vertex 74.3304 68.8889 0.99
      vertex 74.9349 69.0342 0
      vertex 74.4111 68.7542 0.99
    endloop
  endfacet
  facet normal -0.689067 -0.510881 -0.513992
    outer loop
      vertex 74.6969 69.3906 0
      vertex 74.8242 69.2189 0
      vertex 74.3304 68.8889 0.99
    endloop
  endfacet
  facet normal -0.855722 -0.0570482 -0.514281
    outer loop
      vertex 75.1835 68.2135 0
      vertex 74.5923 68.1568 0.99
      vertex 75.1834 68.215 0
    endloop
  endfacet
  facet normal -0.85674 -0.042072 -0.51403
    outer loop
      vertex 74.5923 68.1568 0.99
      vertex 75.1835 68.2135 0
      vertex 74.6 68 0.99
    endloop
  endfacet
  facet normal -0.440845 -0.735835 -0.514007
    outer loop
      vertex 74.0342 69.9349 0
      vertex 73.8889 69.3304 0.99
      vertex 73.7542 69.4111 0.99
    endloop
  endfacet
  facet normal -0.424878 -0.743536 -0.516366
    outer loop
      vertex 73.8889 69.3304 0.99
      vertex 74.0342 69.9349 0
      vertex 74.0356 69.9341 0
    endloop
  endfacet
  facet normal -0.042072 -0.85674 -0.51403
    outer loop
      vertex 73.2135 70.1835 0
      vertex 73.1568 69.5923 0.99
      vertex 73 69.6 0.99
    endloop
  endfacet
  facet normal -0.0570482 -0.855722 -0.514281
    outer loop
      vertex 73.1568 69.5923 0.99
      vertex 73.2135 70.1835 0
      vertex 73.215 70.1834 0
    endloop
  endfacet
  facet normal -0.208234 0.832135 -0.513993
    outer loop
      vertex 73.6354 65.9001 0
      vertex 73.428 65.8482 0
      vertex 73.3121 66.4307 0.99
    endloop
  endfacet
  facet normal -0.106371 -0.850964 -0.514339
    outer loop
      vertex 73.2166 70.1832 0
      vertex 73.1568 69.5923 0.99
      vertex 73.215 70.1834 0
    endloop
  endfacet
  facet normal -0.125665 -0.848511 -0.51404
    outer loop
      vertex 73.1568 69.5923 0.99
      vertex 73.2166 70.1832 0
      vertex 73.3121 69.5693 0.99
    endloop
  endfacet
  facet normal 0.775395 -0.366828 -0.514004
    outer loop
      vertex 71.0651 69.0342 0
      vertex 71.5889 68.7542 0.99
      vertex 70.9737 68.841 0
    endloop
  endfacet
  facet normal -0.850964 0.106371 -0.514339
    outer loop
      vertex 75.1832 67.7834 0
      vertex 74.5923 67.8432 0.99
      vertex 75.1834 67.785 0
    endloop
  endfacet
  facet normal -0.848511 0.125665 -0.51404
    outer loop
      vertex 74.5923 67.8432 0.99
      vertex 75.1832 67.7834 0
      vertex 74.5693 67.6879 0.99
    endloop
  endfacet
  facet normal -0.85674 0.042072 -0.51403
    outer loop
      vertex 75.1835 67.7865 0
      vertex 74.5923 67.8432 0.99
      vertex 74.6 68 0.99
    endloop
  endfacet
  facet normal -0.855722 0.0570482 -0.514281
    outer loop
      vertex 74.5923 67.8432 0.99
      vertex 75.1835 67.7865 0
      vertex 75.1834 67.785 0
    endloop
  endfacet
  facet normal 0.807609 0.289056 -0.514018
    outer loop
      vertex 71.5218 67.3877 0.99
      vertex 70.9005 67.3631 0
      vertex 71.4689 67.5355 0.99
    endloop
  endfacet
  facet normal 0.81233 0.270777 -0.516527
    outer loop
      vertex 70.9005 67.3631 0
      vertex 71.5218 67.3877 0.99
      vertex 70.901 67.3616 0
    endloop
  endfacet
  facet normal 0.735835 0.440845 -0.514007
    outer loop
      vertex 71.6696 67.1111 0.99
      vertex 71.0651 66.9658 0
      vertex 71.5889 67.2458 0.99
    endloop
  endfacet
  facet normal 0.743536 0.424878 -0.516366
    outer loop
      vertex 71.0651 66.9658 0
      vertex 71.6696 67.1111 0.99
      vertex 71.0659 66.9644 0
    endloop
  endfacet
  facet normal -0.126029 0.848487 -0.51399
    outer loop
      vertex 73.3121 66.4307 0.99
      vertex 73.428 65.8482 0
      vertex 73.2166 65.8168 0
    endloop
  endfacet
  facet normal 0.856731 0.0421343 -0.514039
    outer loop
      vertex 71.4 68 0.99
      vertex 70.8165 67.7865 0
      vertex 70.806 68 0
    endloop
  endfacet
  facet normal 0.775395 0.366828 -0.514004
    outer loop
      vertex 71.5889 67.2458 0.99
      vertex 71.0651 66.9658 0
      vertex 70.9737 67.159 0
    endloop
  endfacet
  facet normal 0.125665 -0.848511 -0.51404
    outer loop
      vertex 72.7834 70.1832 0
      vertex 72.8432 69.5923 0.99
      vertex 72.6879 69.5693 0.99
    endloop
  endfacet
  facet normal 0.106371 -0.850964 -0.514339
    outer loop
      vertex 72.8432 69.5923 0.99
      vertex 72.7834 70.1832 0
      vertex 72.785 70.1834 0
    endloop
  endfacet
  facet normal 0.289005 0.807609 -0.514047
    outer loop
      vertex 72.3877 66.5218 0.99
      vertex 72.3616 65.901 0
      vertex 72.1604 65.973 0
    endloop
  endfacet
  facet normal -0.775437 0.366679 -0.514046
    outer loop
      vertex 75.027 67.1604 0
      vertex 74.4111 67.2458 0.99
      vertex 74.4782 67.3877 0.99
    endloop
  endfacet
  facet normal -0.768649 0.384324 -0.511345
    outer loop
      vertex 74.4111 67.2458 0.99
      vertex 75.027 67.1604 0
      vertex 75.0263 67.159 0
    endloop
  endfacet
  facet normal 0.0570482 -0.855722 -0.514281
    outer loop
      vertex 72.7865 70.1835 0
      vertex 72.8432 69.5923 0.99
      vertex 72.785 70.1834 0
    endloop
  endfacet
  facet normal 0.042072 -0.85674 -0.51403
    outer loop
      vertex 72.8432 69.5923 0.99
      vertex 72.7865 70.1835 0
      vertex 73 69.6 0.99
    endloop
  endfacet
  facet normal 0.775437 0.366679 -0.514046
    outer loop
      vertex 71.5889 67.2458 0.99
      vertex 70.973 67.1604 0
      vertex 71.5218 67.3877 0.99
    endloop
  endfacet
  facet normal 0.768649 0.384324 -0.511345
    outer loop
      vertex 70.973 67.1604 0
      vertex 71.5889 67.2458 0.99
      vertex 70.9737 67.159 0
    endloop
  endfacet
  facet normal 0.807609 0.289005 -0.514047
    outer loop
      vertex 71.5218 67.3877 0.99
      vertex 70.973 67.1604 0
      vertex 70.901 67.3616 0
    endloop
  endfacet
  facet normal -0.441097 0.735696 -0.513989
    outer loop
      vertex 74.2189 66.1758 0
      vertex 74.0356 66.0659 0
      vertex 73.8889 66.6696 0.99
    endloop
  endfacet
  facet normal 0.511239 0.688753 -0.514057
    outer loop
      vertex 71.6094 66.3031 0
      vertex 71.985 66.7632 0.99
      vertex 72.1111 66.6696 0.99
    endloop
  endfacet
  facet normal 0.48851 0.705625 -0.513275
    outer loop
      vertex 71.985 66.7632 0.99
      vertex 71.6094 66.3031 0
      vertex 71.6081 66.304 0
    endloop
  endfacet
  facet normal 0.042072 0.85674 -0.51403
    outer loop
      vertex 72.7865 65.8165 0
      vertex 72.8432 66.4077 0.99
      vertex 73 66.4 0.99
    endloop
  endfacet
  facet normal 0.0570482 0.855722 -0.514281
    outer loop
      vertex 72.8432 66.4077 0.99
      vertex 72.7865 65.8165 0
      vertex 72.785 65.8166 0
    endloop
  endfacet
  facet normal -0.807609 0.289005 -0.514047
    outer loop
      vertex 75.099 67.3616 0
      vertex 75.027 67.1604 0
      vertex 74.4782 67.3877 0.99
    endloop
  endfacet
  facet normal -0.807609 0.289056 -0.514018
    outer loop
      vertex 75.0995 67.3631 0
      vertex 74.4782 67.3877 0.99
      vertex 74.5311 67.5355 0.99
    endloop
  endfacet
  facet normal -0.81233 0.270777 -0.516527
    outer loop
      vertex 74.4782 67.3877 0.99
      vertex 75.0995 67.3631 0
      vertex 75.099 67.3616 0
    endloop
  endfacet
  facet normal 0.85674 0.042072 -0.51403
    outer loop
      vertex 71.4077 67.8432 0.99
      vertex 70.8165 67.7865 0
      vertex 71.4 68 0.99
    endloop
  endfacet
  facet normal 0.855722 0.0570482 -0.514281
    outer loop
      vertex 70.8165 67.7865 0
      vertex 71.4077 67.8432 0.99
      vertex 70.8166 67.785 0
    endloop
  endfacet
  facet normal 0.850964 0.106371 -0.514339
    outer loop
      vertex 71.4077 67.8432 0.99
      vertex 70.8168 67.7834 0
      vertex 70.8166 67.785 0
    endloop
  endfacet
  facet normal 0.848511 0.125665 -0.51404
    outer loop
      vertex 70.8168 67.7834 0
      vertex 71.4077 67.8432 0.99
      vertex 71.4307 67.6879 0.99
    endloop
  endfacet
  facet normal -0.98921 -0.146502 0
    outer loop
      vertex 14.5923 13.1568 0
      vertex 14.5693 13.3121 8.3
      vertex 14.5693 13.3121 0
    endloop
  endfacet
  facet normal -0.98921 -0.146502 0
    outer loop
      vertex 14.5693 13.3121 8.3
      vertex 14.5923 13.1568 0
      vertex 14.5923 13.1568 8.3
    endloop
  endfacet
  facet normal -0.998796 -0.049048 0
    outer loop
      vertex 14.6 13 0
      vertex 14.5923 13.1568 8.3
      vertex 14.5923 13.1568 0
    endloop
  endfacet
  facet normal -0.998796 -0.049048 0
    outer loop
      vertex 14.5923 13.1568 8.3
      vertex 14.6 13 0
      vertex 14.6 13 8.3
    endloop
  endfacet
  facet normal -0.969993 -0.243135 0
    outer loop
      vertex 14.5693 13.3121 0
      vertex 14.5311 13.4645 8.3
      vertex 14.5311 13.4645 0
    endloop
  endfacet
  facet normal -0.969993 -0.243135 0
    outer loop
      vertex 14.5311 13.4645 8.3
      vertex 14.5693 13.3121 0
      vertex 14.5693 13.3121 8.3
    endloop
  endfacet
  facet normal -0.427484 -0.904023 0
    outer loop
      vertex 13.6123 14.4782 0
      vertex 13.7542 14.4111 8.3
      vertex 13.6123 14.4782 8.3
    endloop
  endfacet
  facet normal -0.427484 -0.904023 -0
    outer loop
      vertex 13.7542 14.4111 8.3
      vertex 13.6123 14.4782 0
      vertex 13.7542 14.4111 0
    endloop
  endfacet
  facet normal 0.243135 0.969993 -0
    outer loop
      vertex 12.6879 11.4307 0
      vertex 12.5355 11.4689 8.3
      vertex 12.6879 11.4307 8.3
    endloop
  endfacet
  facet normal 0.243135 0.969993 0
    outer loop
      vertex 12.5355 11.4689 8.3
      vertex 12.6879 11.4307 0
      vertex 12.5355 11.4689 0
    endloop
  endfacet
  facet normal 0.85783 0.513934 0
    outer loop
      vertex 11.6696 12.1111 8.3
      vertex 11.5889 12.2458 0
      vertex 11.5889 12.2458 8.3
    endloop
  endfacet
  facet normal 0.85783 0.513934 0
    outer loop
      vertex 11.5889 12.2458 0
      vertex 11.6696 12.1111 8.3
      vertex 11.6696 12.1111 0
    endloop
  endfacet
  facet normal -0.146502 0.98921 0
    outer loop
      vertex 13.3121 11.4307 0
      vertex 13.1568 11.4077 8.3
      vertex 13.3121 11.4307 8.3
    endloop
  endfacet
  facet normal -0.146502 0.98921 0
    outer loop
      vertex 13.1568 11.4077 8.3
      vertex 13.3121 11.4307 0
      vertex 13.1568 11.4077 0
    endloop
  endfacet
  facet normal -0.741264 -0.671213 0
    outer loop
      vertex 14.2368 14.015 0
      vertex 14.1314 14.1314 8.3
      vertex 14.1314 14.1314 0
    endloop
  endfacet
  facet normal -0.741264 -0.671213 0
    outer loop
      vertex 14.1314 14.1314 8.3
      vertex 14.2368 14.015 0
      vertex 14.2368 14.015 8.3
    endloop
  endfacet
  facet normal 0.513934 -0.85783 0
    outer loop
      vertex 12.1111 14.3304 0
      vertex 12.2458 14.4111 8.3
      vertex 12.1111 14.3304 8.3
    endloop
  endfacet
  facet normal 0.513934 -0.85783 0
    outer loop
      vertex 12.2458 14.4111 8.3
      vertex 12.1111 14.3304 0
      vertex 12.2458 14.4111 0
    endloop
  endfacet
  facet normal -0.741264 0.671213 0
    outer loop
      vertex 14.1314 11.8686 0
      vertex 14.2368 11.985 8.3
      vertex 14.2368 11.985 0
    endloop
  endfacet
  facet normal -0.741264 0.671213 0
    outer loop
      vertex 14.2368 11.985 8.3
      vertex 14.1314 11.8686 0
      vertex 14.1314 11.8686 8.3
    endloop
  endfacet
  facet normal -0.513934 0.85783 0
    outer loop
      vertex 13.8889 11.6696 0
      vertex 13.7542 11.5889 8.3
      vertex 13.8889 11.6696 8.3
    endloop
  endfacet
  facet normal -0.513934 0.85783 0
    outer loop
      vertex 13.7542 11.5889 8.3
      vertex 13.8889 11.6696 0
      vertex 13.7542 11.5889 0
    endloop
  endfacet
  facet normal -0.243135 -0.969993 0
    outer loop
      vertex 13.3121 14.5693 0
      vertex 13.4645 14.5311 8.3
      vertex 13.3121 14.5693 8.3
    endloop
  endfacet
  facet normal -0.243135 -0.969993 -0
    outer loop
      vertex 13.4645 14.5311 8.3
      vertex 13.3121 14.5693 0
      vertex 13.4645 14.5311 0
    endloop
  endfacet
  facet normal 0.98921 -0.146502 0
    outer loop
      vertex 11.4077 13.1568 8.3
      vertex 11.4307 13.3121 0
      vertex 11.4307 13.3121 8.3
    endloop
  endfacet
  facet normal 0.98921 -0.146502 0
    outer loop
      vertex 11.4307 13.3121 0
      vertex 11.4077 13.1568 8.3
      vertex 11.4077 13.1568 0
    endloop
  endfacet
  facet normal -0.85783 -0.513934 0
    outer loop
      vertex 14.4111 13.7542 0
      vertex 14.3304 13.8889 8.3
      vertex 14.3304 13.8889 0
    endloop
  endfacet
  facet normal -0.85783 -0.513934 0
    outer loop
      vertex 14.3304 13.8889 8.3
      vertex 14.4111 13.7542 0
      vertex 14.4111 13.7542 8.3
    endloop
  endfacet
  facet normal -0.969993 0.243135 0
    outer loop
      vertex 14.5311 12.5355 0
      vertex 14.5693 12.6879 8.3
      vertex 14.5693 12.6879 0
    endloop
  endfacet
  facet normal -0.969993 0.243135 0
    outer loop
      vertex 14.5693 12.6879 8.3
      vertex 14.5311 12.5355 0
      vertex 14.5311 12.5355 8.3
    endloop
  endfacet
  facet normal 0.146502 0.98921 -0
    outer loop
      vertex 12.8432 11.4077 0
      vertex 12.6879 11.4307 8.3
      vertex 12.8432 11.4077 8.3
    endloop
  endfacet
  facet normal 0.146502 0.98921 0
    outer loop
      vertex 12.6879 11.4307 8.3
      vertex 12.8432 11.4077 0
      vertex 12.6879 11.4307 0
    endloop
  endfacet
  facet normal 0.998796 0.049048 0
    outer loop
      vertex 11.4077 12.8432 8.3
      vertex 11.4 13 0
      vertex 11.4 13 8.3
    endloop
  endfacet
  facet normal 0.998796 0.049048 0
    outer loop
      vertex 11.4 13 0
      vertex 11.4077 12.8432 8.3
      vertex 11.4077 12.8432 0
    endloop
  endfacet
  facet normal -0.146502 -0.98921 0
    outer loop
      vertex 13.1568 14.5923 0
      vertex 13.3121 14.5693 8.3
      vertex 13.1568 14.5923 8.3
    endloop
  endfacet
  facet normal -0.146502 -0.98921 -0
    outer loop
      vertex 13.3121 14.5693 8.3
      vertex 13.1568 14.5923 0
      vertex 13.3121 14.5693 0
    endloop
  endfacet
  facet normal -0.941511 -0.336982 0
    outer loop
      vertex 14.5311 13.4645 0
      vertex 14.4782 13.6123 8.3
      vertex 14.4782 13.6123 0
    endloop
  endfacet
  facet normal -0.941511 -0.336982 0
    outer loop
      vertex 14.4782 13.6123 8.3
      vertex 14.5311 13.4645 0
      vertex 14.5311 13.4645 8.3
    endloop
  endfacet
  facet normal -0.671213 -0.741264 0
    outer loop
      vertex 14.015 14.2368 0
      vertex 14.1314 14.1314 8.3
      vertex 14.015 14.2368 8.3
    endloop
  endfacet
  facet normal -0.671213 -0.741264 -0
    outer loop
      vertex 14.1314 14.1314 8.3
      vertex 14.015 14.2368 0
      vertex 14.1314 14.1314 0
    endloop
  endfacet
  facet normal 0.741264 -0.671213 0
    outer loop
      vertex 11.7632 14.015 8.3
      vertex 11.8686 14.1314 0
      vertex 11.8686 14.1314 8.3
    endloop
  endfacet
  facet normal 0.741264 -0.671213 0
    outer loop
      vertex 11.8686 14.1314 0
      vertex 11.7632 14.015 8.3
      vertex 11.7632 14.015 0
    endloop
  endfacet
  facet normal 0.969993 0.243135 0
    outer loop
      vertex 11.4689 12.5355 8.3
      vertex 11.4307 12.6879 0
      vertex 11.4307 12.6879 8.3
    endloop
  endfacet
  facet normal 0.969993 0.243135 0
    outer loop
      vertex 11.4307 12.6879 0
      vertex 11.4689 12.5355 8.3
      vertex 11.4689 12.5355 0
    endloop
  endfacet
  facet normal 0.336982 -0.941511 0
    outer loop
      vertex 12.3877 14.4782 0
      vertex 12.5355 14.5311 8.3
      vertex 12.3877 14.4782 8.3
    endloop
  endfacet
  facet normal 0.336982 -0.941511 0
    outer loop
      vertex 12.5355 14.5311 8.3
      vertex 12.3877 14.4782 0
      vertex 12.5355 14.5311 0
    endloop
  endfacet
  facet normal 0.941511 0.336982 0
    outer loop
      vertex 11.5218 12.3877 8.3
      vertex 11.4689 12.5355 0
      vertex 11.4689 12.5355 8.3
    endloop
  endfacet
  facet normal 0.941511 0.336982 0
    outer loop
      vertex 11.4689 12.5355 0
      vertex 11.5218 12.3877 8.3
      vertex 11.5218 12.3877 0
    endloop
  endfacet
  facet normal -0.336982 -0.941511 0
    outer loop
      vertex 13.4645 14.5311 0
      vertex 13.6123 14.4782 8.3
      vertex 13.4645 14.5311 8.3
    endloop
  endfacet
  facet normal -0.336982 -0.941511 -0
    outer loop
      vertex 13.6123 14.4782 8.3
      vertex 13.4645 14.5311 0
      vertex 13.6123 14.4782 0
    endloop
  endfacet
  facet normal 0.80297 -0.596019 0
    outer loop
      vertex 11.6696 13.8889 8.3
      vertex 11.7632 14.015 0
      vertex 11.7632 14.015 8.3
    endloop
  endfacet
  facet normal 0.80297 -0.596019 0
    outer loop
      vertex 11.7632 14.015 0
      vertex 11.6696 13.8889 8.3
      vertex 11.6696 13.8889 0
    endloop
  endfacet
  facet normal -0.80297 -0.596019 0
    outer loop
      vertex 14.3304 13.8889 0
      vertex 14.2368 14.015 8.3
      vertex 14.2368 14.015 0
    endloop
  endfacet
  facet normal -0.80297 -0.596019 0
    outer loop
      vertex 14.2368 14.015 8.3
      vertex 14.3304 13.8889 0
      vertex 14.3304 13.8889 8.3
    endloop
  endfacet
  facet normal 0.969993 -0.243135 0
    outer loop
      vertex 11.4307 13.3121 8.3
      vertex 11.4689 13.4645 0
      vertex 11.4689 13.4645 8.3
    endloop
  endfacet
  facet normal 0.969993 -0.243135 0
    outer loop
      vertex 11.4689 13.4645 0
      vertex 11.4307 13.3121 8.3
      vertex 11.4307 13.3121 0
    endloop
  endfacet
  facet normal 0.671213 -0.741264 0
    outer loop
      vertex 11.8686 14.1314 0
      vertex 11.985 14.2368 8.3
      vertex 11.8686 14.1314 8.3
    endloop
  endfacet
  facet normal 0.671213 -0.741264 0
    outer loop
      vertex 11.985 14.2368 8.3
      vertex 11.8686 14.1314 0
      vertex 11.985 14.2368 0
    endloop
  endfacet
  facet normal -0.427484 0.904023 0
    outer loop
      vertex 13.7542 11.5889 0
      vertex 13.6123 11.5218 8.3
      vertex 13.7542 11.5889 8.3
    endloop
  endfacet
  facet normal -0.427484 0.904023 0
    outer loop
      vertex 13.6123 11.5218 8.3
      vertex 13.7542 11.5889 0
      vertex 13.6123 11.5218 0
    endloop
  endfacet
  facet normal 0.243135 -0.969993 0
    outer loop
      vertex 12.5355 14.5311 0
      vertex 12.6879 14.5693 8.3
      vertex 12.5355 14.5311 8.3
    endloop
  endfacet
  facet normal 0.243135 -0.969993 0
    outer loop
      vertex 12.6879 14.5693 8.3
      vertex 12.5355 14.5311 0
      vertex 12.6879 14.5693 0
    endloop
  endfacet
  facet normal 0.941511 -0.336982 0
    outer loop
      vertex 11.4689 13.4645 8.3
      vertex 11.5218 13.6123 0
      vertex 11.5218 13.6123 8.3
    endloop
  endfacet
  facet normal 0.941511 -0.336982 0
    outer loop
      vertex 11.5218 13.6123 0
      vertex 11.4689 13.4645 8.3
      vertex 11.4689 13.4645 0
    endloop
  endfacet
  facet normal -0.513934 -0.85783 0
    outer loop
      vertex 13.7542 14.4111 0
      vertex 13.8889 14.3304 8.3
      vertex 13.7542 14.4111 8.3
    endloop
  endfacet
  facet normal -0.513934 -0.85783 -0
    outer loop
      vertex 13.8889 14.3304 8.3
      vertex 13.7542 14.4111 0
      vertex 13.8889 14.3304 0
    endloop
  endfacet
  facet normal 0.513934 0.85783 -0
    outer loop
      vertex 12.2458 11.5889 0
      vertex 12.1111 11.6696 8.3
      vertex 12.2458 11.5889 8.3
    endloop
  endfacet
  facet normal 0.513934 0.85783 0
    outer loop
      vertex 12.1111 11.6696 8.3
      vertex 12.2458 11.5889 0
      vertex 12.1111 11.6696 0
    endloop
  endfacet
  facet normal 0.596019 -0.80297 0
    outer loop
      vertex 11.985 14.2368 0
      vertex 12.1111 14.3304 8.3
      vertex 11.985 14.2368 8.3
    endloop
  endfacet
  facet normal 0.596019 -0.80297 0
    outer loop
      vertex 12.1111 14.3304 8.3
      vertex 11.985 14.2368 0
      vertex 12.1111 14.3304 0
    endloop
  endfacet
  facet normal -0.049048 0.998796 0
    outer loop
      vertex 13.1568 11.4077 0
      vertex 13 11.4 8.3
      vertex 13.1568 11.4077 8.3
    endloop
  endfacet
  facet normal -0.049048 0.998796 0
    outer loop
      vertex 13 11.4 8.3
      vertex 13.1568 11.4077 0
      vertex 13 11.4 0
    endloop
  endfacet
  facet normal -0.941511 0.336982 0
    outer loop
      vertex 14.4782 12.3877 0
      vertex 14.5311 12.5355 8.3
      vertex 14.5311 12.5355 0
    endloop
  endfacet
  facet normal -0.941511 0.336982 0
    outer loop
      vertex 14.5311 12.5355 8.3
      vertex 14.4782 12.3877 0
      vertex 14.4782 12.3877 8.3
    endloop
  endfacet
  facet normal -0.80297 0.596019 0
    outer loop
      vertex 14.2368 11.985 0
      vertex 14.3304 12.1111 8.3
      vertex 14.3304 12.1111 0
    endloop
  endfacet
  facet normal -0.80297 0.596019 0
    outer loop
      vertex 14.3304 12.1111 8.3
      vertex 14.2368 11.985 0
      vertex 14.2368 11.985 8.3
    endloop
  endfacet
  facet normal -0.98921 0.146502 0
    outer loop
      vertex 14.5693 12.6879 0
      vertex 14.5923 12.8432 8.3
      vertex 14.5923 12.8432 0
    endloop
  endfacet
  facet normal -0.98921 0.146502 0
    outer loop
      vertex 14.5923 12.8432 8.3
      vertex 14.5693 12.6879 0
      vertex 14.5693 12.6879 8.3
    endloop
  endfacet
  facet normal 0.85783 -0.513934 0
    outer loop
      vertex 11.5889 13.7542 8.3
      vertex 11.6696 13.8889 0
      vertex 11.6696 13.8889 8.3
    endloop
  endfacet
  facet normal 0.85783 -0.513934 0
    outer loop
      vertex 11.6696 13.8889 0
      vertex 11.5889 13.7542 8.3
      vertex 11.5889 13.7542 0
    endloop
  endfacet
  facet normal 0.336982 0.941511 -0
    outer loop
      vertex 12.5355 11.4689 0
      vertex 12.3877 11.5218 8.3
      vertex 12.5355 11.4689 8.3
    endloop
  endfacet
  facet normal 0.336982 0.941511 0
    outer loop
      vertex 12.3877 11.5218 8.3
      vertex 12.5355 11.4689 0
      vertex 12.3877 11.5218 0
    endloop
  endfacet
  facet normal -0.904023 -0.427484 0
    outer loop
      vertex 14.4782 13.6123 0
      vertex 14.4111 13.7542 8.3
      vertex 14.4111 13.7542 0
    endloop
  endfacet
  facet normal -0.904023 -0.427484 0
    outer loop
      vertex 14.4111 13.7542 8.3
      vertex 14.4782 13.6123 0
      vertex 14.4782 13.6123 8.3
    endloop
  endfacet
  facet normal 0.427484 -0.904023 0
    outer loop
      vertex 12.2458 14.4111 0
      vertex 12.3877 14.4782 8.3
      vertex 12.2458 14.4111 8.3
    endloop
  endfacet
  facet normal 0.427484 -0.904023 0
    outer loop
      vertex 12.3877 14.4782 8.3
      vertex 12.2458 14.4111 0
      vertex 12.3877 14.4782 0
    endloop
  endfacet
  facet normal -0.596019 0.80297 0
    outer loop
      vertex 14.015 11.7632 0
      vertex 13.8889 11.6696 8.3
      vertex 14.015 11.7632 8.3
    endloop
  endfacet
  facet normal -0.596019 0.80297 0
    outer loop
      vertex 13.8889 11.6696 8.3
      vertex 14.015 11.7632 0
      vertex 13.8889 11.6696 0
    endloop
  endfacet
  facet normal -0.596019 -0.80297 0
    outer loop
      vertex 13.8889 14.3304 0
      vertex 14.015 14.2368 8.3
      vertex 13.8889 14.3304 8.3
    endloop
  endfacet
  facet normal -0.596019 -0.80297 -0
    outer loop
      vertex 14.015 14.2368 8.3
      vertex 13.8889 14.3304 0
      vertex 14.015 14.2368 0
    endloop
  endfacet
  facet normal 0.671213 0.741264 -0
    outer loop
      vertex 11.985 11.7632 0
      vertex 11.8686 11.8686 8.3
      vertex 11.985 11.7632 8.3
    endloop
  endfacet
  facet normal 0.671213 0.741264 0
    outer loop
      vertex 11.8686 11.8686 8.3
      vertex 11.985 11.7632 0
      vertex 11.8686 11.8686 0
    endloop
  endfacet
  facet normal -0.998796 0.049048 0
    outer loop
      vertex 14.5923 12.8432 0
      vertex 14.6 13 8.3
      vertex 14.6 13 0
    endloop
  endfacet
  facet normal -0.998796 0.049048 0
    outer loop
      vertex 14.6 13 8.3
      vertex 14.5923 12.8432 0
      vertex 14.5923 12.8432 8.3
    endloop
  endfacet
  facet normal 0.80297 0.596019 0
    outer loop
      vertex 11.7632 11.985 8.3
      vertex 11.6696 12.1111 0
      vertex 11.6696 12.1111 8.3
    endloop
  endfacet
  facet normal 0.80297 0.596019 0
    outer loop
      vertex 11.6696 12.1111 0
      vertex 11.7632 11.985 8.3
      vertex 11.7632 11.985 0
    endloop
  endfacet
  facet normal 0.904023 0.427484 0
    outer loop
      vertex 11.5889 12.2458 8.3
      vertex 11.5218 12.3877 0
      vertex 11.5218 12.3877 8.3
    endloop
  endfacet
  facet normal 0.904023 0.427484 0
    outer loop
      vertex 11.5218 12.3877 0
      vertex 11.5889 12.2458 8.3
      vertex 11.5889 12.2458 0
    endloop
  endfacet
  facet normal -0.049048 -0.998796 0
    outer loop
      vertex 13 14.6 0
      vertex 13.1568 14.5923 8.3
      vertex 13 14.6 8.3
    endloop
  endfacet
  facet normal -0.049048 -0.998796 -0
    outer loop
      vertex 13.1568 14.5923 8.3
      vertex 13 14.6 0
      vertex 13.1568 14.5923 0
    endloop
  endfacet
  facet normal 0.049048 -0.998796 0
    outer loop
      vertex 12.8432 14.5923 0
      vertex 13 14.6 8.3
      vertex 12.8432 14.5923 8.3
    endloop
  endfacet
  facet normal 0.049048 -0.998796 0
    outer loop
      vertex 13 14.6 8.3
      vertex 12.8432 14.5923 0
      vertex 13 14.6 0
    endloop
  endfacet
  facet normal 0.427484 0.904023 -0
    outer loop
      vertex 12.3877 11.5218 0
      vertex 12.2458 11.5889 8.3
      vertex 12.3877 11.5218 8.3
    endloop
  endfacet
  facet normal 0.427484 0.904023 0
    outer loop
      vertex 12.2458 11.5889 8.3
      vertex 12.3877 11.5218 0
      vertex 12.2458 11.5889 0
    endloop
  endfacet
  facet normal 0.146502 -0.98921 0
    outer loop
      vertex 12.6879 14.5693 0
      vertex 12.8432 14.5923 8.3
      vertex 12.6879 14.5693 8.3
    endloop
  endfacet
  facet normal 0.146502 -0.98921 0
    outer loop
      vertex 12.8432 14.5923 8.3
      vertex 12.6879 14.5693 0
      vertex 12.8432 14.5923 0
    endloop
  endfacet
  facet normal 0.98921 0.146502 0
    outer loop
      vertex 11.4307 12.6879 8.3
      vertex 11.4077 12.8432 0
      vertex 11.4077 12.8432 8.3
    endloop
  endfacet
  facet normal 0.98921 0.146502 0
    outer loop
      vertex 11.4077 12.8432 0
      vertex 11.4307 12.6879 8.3
      vertex 11.4307 12.6879 0
    endloop
  endfacet
  facet normal -0.336982 0.941511 0
    outer loop
      vertex 13.6123 11.5218 0
      vertex 13.4645 11.4689 8.3
      vertex 13.6123 11.5218 8.3
    endloop
  endfacet
  facet normal -0.336982 0.941511 0
    outer loop
      vertex 13.4645 11.4689 8.3
      vertex 13.6123 11.5218 0
      vertex 13.4645 11.4689 0
    endloop
  endfacet
  facet normal -0.243135 0.969993 0
    outer loop
      vertex 13.4645 11.4689 0
      vertex 13.3121 11.4307 8.3
      vertex 13.4645 11.4689 8.3
    endloop
  endfacet
  facet normal -0.243135 0.969993 0
    outer loop
      vertex 13.3121 11.4307 8.3
      vertex 13.4645 11.4689 0
      vertex 13.3121 11.4307 0
    endloop
  endfacet
  facet normal 0.904023 -0.427484 0
    outer loop
      vertex 11.5218 13.6123 8.3
      vertex 11.5889 13.7542 0
      vertex 11.5889 13.7542 8.3
    endloop
  endfacet
  facet normal 0.904023 -0.427484 0
    outer loop
      vertex 11.5889 13.7542 0
      vertex 11.5218 13.6123 8.3
      vertex 11.5218 13.6123 0
    endloop
  endfacet
  facet normal 0.741264 0.671213 0
    outer loop
      vertex 11.8686 11.8686 8.3
      vertex 11.7632 11.985 0
      vertex 11.7632 11.985 8.3
    endloop
  endfacet
  facet normal 0.741264 0.671213 0
    outer loop
      vertex 11.7632 11.985 0
      vertex 11.8686 11.8686 8.3
      vertex 11.8686 11.8686 0
    endloop
  endfacet
  facet normal 0.596019 0.80297 -0
    outer loop
      vertex 12.1111 11.6696 0
      vertex 11.985 11.7632 8.3
      vertex 12.1111 11.6696 8.3
    endloop
  endfacet
  facet normal 0.596019 0.80297 0
    outer loop
      vertex 11.985 11.7632 8.3
      vertex 12.1111 11.6696 0
      vertex 11.985 11.7632 0
    endloop
  endfacet
  facet normal -0.904023 0.427484 0
    outer loop
      vertex 14.4111 12.2458 0
      vertex 14.4782 12.3877 8.3
      vertex 14.4782 12.3877 0
    endloop
  endfacet
  facet normal -0.904023 0.427484 0
    outer loop
      vertex 14.4782 12.3877 8.3
      vertex 14.4111 12.2458 0
      vertex 14.4111 12.2458 8.3
    endloop
  endfacet
  facet normal -0.85783 0.513934 0
    outer loop
      vertex 14.3304 12.1111 0
      vertex 14.4111 12.2458 8.3
      vertex 14.4111 12.2458 0
    endloop
  endfacet
  facet normal -0.85783 0.513934 0
    outer loop
      vertex 14.4111 12.2458 8.3
      vertex 14.3304 12.1111 0
      vertex 14.3304 12.1111 8.3
    endloop
  endfacet
  facet normal 0.049048 0.998796 -0
    outer loop
      vertex 13 11.4 0
      vertex 12.8432 11.4077 8.3
      vertex 13 11.4 8.3
    endloop
  endfacet
  facet normal 0.049048 0.998796 0
    outer loop
      vertex 12.8432 11.4077 8.3
      vertex 13 11.4 0
      vertex 12.8432 11.4077 0
    endloop
  endfacet
  facet normal 0.998796 -0.049048 0
    outer loop
      vertex 11.4 13 8.3
      vertex 11.4077 13.1568 0
      vertex 11.4077 13.1568 8.3
    endloop
  endfacet
  facet normal 0.998796 -0.049048 0
    outer loop
      vertex 11.4077 13.1568 0
      vertex 11.4 13 8.3
      vertex 11.4 13 0
    endloop
  endfacet
  facet normal -0.671213 0.741264 0
    outer loop
      vertex 14.1314 11.8686 0
      vertex 14.015 11.7632 8.3
      vertex 14.1314 11.8686 8.3
    endloop
  endfacet
  facet normal -0.671213 0.741264 0
    outer loop
      vertex 14.015 11.7632 8.3
      vertex 14.1314 11.8686 0
      vertex 14.015 11.7632 0
    endloop
  endfacet
  facet normal 0.319672 0.676029 0.663924
    outer loop
      vertex 12.2458 11.5889 8.3
      vertex 11.8094 10.1257 10
      vertex 12.3877 11.5218 8.3
    endloop
  endfacet
  facet normal 0.317094 0.677039 0.664131
    outer loop
      vertex 11.8094 10.1257 10
      vertex 12.2458 11.5889 8.3
      vertex 11.8015 10.1294 10
    endloop
  endfacet
  facet normal -0.251998 -0.704069 0.663916
    outer loop
      vertex 13.6123 14.4782 8.3
      vertex 14.1824 15.8772 10
      vertex 13.4645 14.5311 8.3
    endloop
  endfacet
  facet normal -0.249354 -0.705069 0.663852
    outer loop
      vertex 14.1824 15.8772 10
      vertex 13.6123 14.4782 8.3
      vertex 14.1906 15.8743 10
    endloop
  endfacet
  facet normal 0.109555 0.739736 0.663919
    outer loop
      vertex 12.6879 11.4307 8.3
      vertex 12.6951 9.90387 10
      vertex 12.8432 11.4077 8.3
    endloop
  endfacet
  facet normal 0.109734 0.739722 0.663905
    outer loop
      vertex 12.6951 9.90387 10
      vertex 12.6879 11.4307 8.3
      vertex 12.3931 9.94867 10
    endloop
  endfacet
  facet normal 0.445407 -0.600682 0.663923
    outer loop
      vertex 11.985 14.2368 8.3
      vertex 11.2646 15.5816 10
      vertex 11.0263 15.4049 10
    endloop
  endfacet
  facet normal 0.676029 0.319672 0.663924
    outer loop
      vertex 10.1257 11.8094 10
      vertex 11.5889 12.2458 8.3
      vertex 11.5218 12.3877 8.3
    endloop
  endfacet
  facet normal 0.677039 0.317094 0.664131
    outer loop
      vertex 11.5889 12.2458 8.3
      vertex 10.1257 11.8094 10
      vertex 10.1294 11.8015 10
    endloop
  endfacet
  facet normal -0.388501 -0.638869 0.664013
    outer loop
      vertex 14.721 15.5913 10
      vertex 13.8889 14.3304 8.3
      vertex 14.7284 15.5868 10
    endloop
  endfacet
  facet normal -0.384324 -0.641493 0.663914
    outer loop
      vertex 13.8889 14.3304 8.3
      vertex 14.721 15.5913 10
      vertex 13.7542 14.4111 8.3
    endloop
  endfacet
  facet normal -0.109734 0.739722 0.663905
    outer loop
      vertex 13.3121 11.4307 8.3
      vertex 13.3049 9.90387 10
      vertex 13.6069 9.94867 10
    endloop
  endfacet
  facet normal -0.109555 0.739736 0.663919
    outer loop
      vertex 13.3049 9.90387 10
      vertex 13.3121 11.4307 8.3
      vertex 13.1568 11.4077 8.3
    endloop
  endfacet
  facet normal -0.739742 0.109556 0.663912
    outer loop
      vertex 14.5693 12.6879 8.3
      vertex 16.0961 12.6951 10
      vertex 14.5923 12.8432 8.3
    endloop
  endfacet
  facet normal -0.739728 0.109734 0.663898
    outer loop
      vertex 16.0961 12.6951 10
      vertex 14.5693 12.6879 8.3
      vertex 16.0513 12.3931 10
    endloop
  endfacet
  facet normal -0.388501 0.638869 0.664013
    outer loop
      vertex 13.8889 11.6696 8.3
      vertex 14.721 10.4087 10
      vertex 14.7284 10.4132 10
    endloop
  endfacet
  facet normal -0.384324 0.641493 0.663914
    outer loop
      vertex 14.721 10.4087 10
      vertex 13.8889 11.6696 8.3
      vertex 13.7542 11.5889 8.3
    endloop
  endfacet
  facet normal -0.445407 -0.600682 0.663923
    outer loop
      vertex 14.9737 15.4049 10
      vertex 14.7354 15.5816 10
      vertex 14.015 14.2368 8.3
    endloop
  endfacet
  facet normal -0.502179 -0.554112 0.66391
    outer loop
      vertex 14.9737 15.4049 10
      vertex 14.1314 14.1314 8.3
      vertex 15.1999 15.1999 10
    endloop
  endfacet
  facet normal -0.501927 -0.554311 0.663934
    outer loop
      vertex 14.1314 14.1314 8.3
      vertex 14.9737 15.4049 10
      vertex 14.015 14.2368 8.3
    endloop
  endfacet
  facet normal 0.725379 -0.181811 0.663906
    outer loop
      vertex 11.4689 13.4645 8.3
      vertex 10.0229 13.9031 10
      vertex 9.95079 13.6154 10
    endloop
  endfacet
  facet normal -0.704069 0.251998 0.663916
    outer loop
      vertex 14.4782 12.3877 8.3
      vertex 15.8772 11.8176 10
      vertex 14.5311 12.5355 8.3
    endloop
  endfacet
  facet normal -0.705069 0.249354 0.663852
    outer loop
      vertex 15.8772 11.8176 10
      vertex 14.4782 12.3877 8.3
      vertex 15.8743 11.8094 10
    endloop
  endfacet
  facet normal 0.445718 0.600481 0.663896
    outer loop
      vertex 11.2646 10.4184 10
      vertex 12.1111 11.6696 8.3
      vertex 11.985 11.7632 8.3
    endloop
  endfacet
  facet normal 0.445949 0.600316 0.663889
    outer loop
      vertex 12.1111 11.6696 8.3
      vertex 11.2646 10.4184 10
      vertex 11.2716 10.4132 10
    endloop
  endfacet
  facet normal 0.641386 0.384479 0.663928
    outer loop
      vertex 10.4087 11.279 10
      vertex 11.5889 12.2458 8.3
      vertex 10.2562 11.5334 10
    endloop
  endfacet
  facet normal 0.251998 0.704069 0.663916
    outer loop
      vertex 12.3877 11.5218 8.3
      vertex 11.8176 10.1228 10
      vertex 12.5355 11.4689 8.3
    endloop
  endfacet
  facet normal 0.249354 0.705069 0.663852
    outer loop
      vertex 11.8176 10.1228 10
      vertex 12.3877 11.5218 8.3
      vertex 11.8094 10.1257 10
    endloop
  endfacet
  facet normal 0.109734 -0.739728 0.663898
    outer loop
      vertex 12.6879 14.5693 8.3
      vertex 12.6951 16.0961 10
      vertex 12.3931 16.0513 10
    endloop
  endfacet
  facet normal 0.109556 -0.739742 0.663912
    outer loop
      vertex 12.6951 16.0961 10
      vertex 12.6879 14.5693 8.3
      vertex 12.8432 14.5923 8.3
    endloop
  endfacet
  facet normal 0.181787 -0.725385 0.663905
    outer loop
      vertex 12.5355 14.5311 8.3
      vertex 12.3846 16.0492 10
      vertex 12.0969 15.9771 10
    endloop
  endfacet
  facet normal -0.641493 0.384324 0.663914
    outer loop
      vertex 14.3304 12.1111 8.3
      vertex 15.5913 11.279 10
      vertex 14.4111 12.2458 8.3
    endloop
  endfacet
  facet normal -0.638869 0.388501 0.664013
    outer loop
      vertex 15.5913 11.279 10
      vertex 14.3304 12.1111 8.3
      vertex 15.5868 11.2716 10
    endloop
  endfacet
  facet normal -0.384479 0.641386 0.663928
    outer loop
      vertex 14.4666 10.2562 10
      vertex 14.721 10.4087 10
      vertex 13.7542 11.5889 8.3
    endloop
  endfacet
  facet normal -0.600316 0.445949 0.663889
    outer loop
      vertex 14.3304 12.1111 8.3
      vertex 15.5816 11.2646 10
      vertex 15.5868 11.2716 10
    endloop
  endfacet
  facet normal -0.600481 0.445718 0.663896
    outer loop
      vertex 15.5816 11.2646 10
      vertex 14.3304 12.1111 8.3
      vertex 14.2368 11.985 8.3
    endloop
  endfacet
  facet normal -0.676002 0.319721 0.663928
    outer loop
      vertex 15.7438 11.5334 10
      vertex 15.8706 11.8015 10
      vertex 14.4111 12.2458 8.3
    endloop
  endfacet
  facet normal 0.600481 0.445718 0.663896
    outer loop
      vertex 11.6696 12.1111 8.3
      vertex 10.4184 11.2646 10
      vertex 11.7632 11.985 8.3
    endloop
  endfacet
  facet normal 0.600316 0.445949 0.663889
    outer loop
      vertex 10.4184 11.2646 10
      vertex 11.6696 12.1111 8.3
      vertex 10.4132 11.2716 10
    endloop
  endfacet
  facet normal 0.739722 -0.109734 0.663905
    outer loop
      vertex 9.90387 13.3049 10
      vertex 11.4307 13.3121 8.3
      vertex 9.94867 13.6069 10
    endloop
  endfacet
  facet normal 0.739736 -0.109555 0.663919
    outer loop
      vertex 11.4307 13.3121 8.3
      vertex 9.90387 13.3049 10
      vertex 11.4077 13.1568 8.3
    endloop
  endfacet
  facet normal -0.181811 0.725379 0.663906
    outer loop
      vertex 13.6154 9.95079 10
      vertex 13.9031 10.0229 10
      vertex 13.4645 11.4689 8.3
    endloop
  endfacet
  facet normal 0.181811 0.725379 0.663906
    outer loop
      vertex 12.3846 9.95079 10
      vertex 12.5355 11.4689 8.3
      vertex 12.0969 10.0229 10
    endloop
  endfacet
  facet normal 0.554332 -0.501947 0.663902
    outer loop
      vertex 10.8001 15.1999 10
      vertex 11.7632 14.015 8.3
      vertex 11.8686 14.1314 8.3
    endloop
  endfacet
  facet normal 0.554101 -0.502169 0.663926
    outer loop
      vertex 11.7632 14.015 8.3
      vertex 10.8001 15.1999 10
      vertex 10.5951 14.9737 10
    endloop
  endfacet
  facet normal -0.319721 0.676002 0.663928
    outer loop
      vertex 14.1985 10.1294 10
      vertex 14.4666 10.2562 10
      vertex 13.7542 11.5889 8.3
    endloop
  endfacet
  facet normal -0.384479 -0.641386 0.663928
    outer loop
      vertex 14.721 15.5913 10
      vertex 14.4666 15.7438 10
      vertex 13.7542 14.4111 8.3
    endloop
  endfacet
  facet normal -0.319672 -0.676029 0.663924
    outer loop
      vertex 13.7542 14.4111 8.3
      vertex 14.1906 15.8743 10
      vertex 13.6123 14.4782 8.3
    endloop
  endfacet
  facet normal -0.317094 -0.677039 0.664131
    outer loop
      vertex 14.1906 15.8743 10
      vertex 13.7542 14.4111 8.3
      vertex 14.1985 15.8706 10
    endloop
  endfacet
  facet normal -0.600682 -0.445407 0.663923
    outer loop
      vertex 15.5816 14.7354 10
      vertex 15.4049 14.9737 10
      vertex 14.2368 14.015 8.3
    endloop
  endfacet
  facet normal -0.676002 -0.319721 0.663928
    outer loop
      vertex 15.8706 14.1985 10
      vertex 15.7438 14.4666 10
      vertex 14.4111 13.7542 8.3
    endloop
  endfacet
  facet normal -0.746909 -0.0366786 0.663914
    outer loop
      vertex 16.1111 13 10
      vertex 14.5923 13.1568 8.3
      vertex 14.6 13 8.3
    endloop
  endfacet
  facet normal -0.74691 -0.0367453 0.663909
    outer loop
      vertex 14.5923 13.1568 8.3
      vertex 16.1111 13 10
      vertex 16.0961 13.3049 10
    endloop
  endfacet
  facet normal -0.445407 0.600682 0.663923
    outer loop
      vertex 14.7354 10.4184 10
      vertex 14.9737 10.5951 10
      vertex 14.015 11.7632 8.3
    endloop
  endfacet
  facet normal -0.319721 -0.676002 0.663928
    outer loop
      vertex 14.4666 15.7438 10
      vertex 14.1985 15.8706 10
      vertex 13.7542 14.4111 8.3
    endloop
  endfacet
  facet normal -0.181822 -0.725385 0.663895
    outer loop
      vertex 13.4645 14.5311 8.3
      vertex 13.6069 16.0513 10
      vertex 13.3121 14.5693 8.3
    endloop
  endfacet
  facet normal -0.179323 -0.725833 0.664086
    outer loop
      vertex 13.6069 16.0513 10
      vertex 13.4645 14.5311 8.3
      vertex 13.6154 16.0492 10
    endloop
  endfacet
  facet normal -0.251854 0.704131 0.663904
    outer loop
      vertex 13.9031 10.0229 10
      vertex 14.1824 10.1228 10
      vertex 13.4645 11.4689 8.3
    endloop
  endfacet
  facet normal -0.725385 -0.181787 0.663905
    outer loop
      vertex 16.0492 13.6154 10
      vertex 15.9771 13.9031 10
      vertex 14.5311 13.4645 8.3
    endloop
  endfacet
  facet normal 0.445407 0.600682 0.663923
    outer loop
      vertex 11.2646 10.4184 10
      vertex 11.985 11.7632 8.3
      vertex 11.0263 10.5951 10
    endloop
  endfacet
  facet normal 0.746907 -0.0366962 0.663915
    outer loop
      vertex 9.88889 13 10
      vertex 11.4077 13.1568 8.3
      vertex 9.90387 13.3049 10
    endloop
  endfacet
  facet normal 0.746907 -0.0366785 0.663917
    outer loop
      vertex 11.4077 13.1568 8.3
      vertex 9.88889 13 10
      vertex 11.4 13 8.3
    endloop
  endfacet
  facet normal -0.502179 0.554112 0.66391
    outer loop
      vertex 14.1314 11.8686 8.3
      vertex 14.9737 10.5951 10
      vertex 15.1999 10.8001 10
    endloop
  endfacet
  facet normal -0.501927 0.554311 0.663934
    outer loop
      vertex 14.9737 10.5951 10
      vertex 14.1314 11.8686 8.3
      vertex 14.015 11.7632 8.3
    endloop
  endfacet
  facet normal -0.180957 0.725534 0.663969
    outer loop
      vertex 13.4645 11.4689 8.3
      vertex 13.6069 9.94867 10
      vertex 13.6154 9.95079 10
    endloop
  endfacet
  facet normal -0.181821 0.725379 0.663902
    outer loop
      vertex 13.6069 9.94867 10
      vertex 13.4645 11.4689 8.3
      vertex 13.3121 11.4307 8.3
    endloop
  endfacet
  facet normal -0.725385 0.181822 0.663895
    outer loop
      vertex 14.5311 12.5355 8.3
      vertex 16.0513 12.3931 10
      vertex 14.5693 12.6879 8.3
    endloop
  endfacet
  facet normal -0.725833 0.179323 0.664086
    outer loop
      vertex 16.0513 12.3931 10
      vertex 14.5311 12.5355 8.3
      vertex 16.0492 12.3846 10
    endloop
  endfacet
  facet normal 0.384324 0.641493 0.663914
    outer loop
      vertex 12.1111 11.6696 8.3
      vertex 11.279 10.4087 10
      vertex 12.2458 11.5889 8.3
    endloop
  endfacet
  facet normal 0.388501 0.638869 0.664013
    outer loop
      vertex 11.279 10.4087 10
      vertex 12.1111 11.6696 8.3
      vertex 11.2716 10.4132 10
    endloop
  endfacet
  facet normal 0.638869 -0.388501 0.664013
    outer loop
      vertex 10.4087 14.721 10
      vertex 11.6696 13.8889 8.3
      vertex 10.4132 14.7284 10
    endloop
  endfacet
  facet normal 0.641493 -0.384324 0.663914
    outer loop
      vertex 11.6696 13.8889 8.3
      vertex 10.4087 14.721 10
      vertex 11.5889 13.7542 8.3
    endloop
  endfacet
  facet normal 0.251854 0.704131 0.663904
    outer loop
      vertex 12.0969 10.0229 10
      vertex 12.5355 11.4689 8.3
      vertex 11.8176 10.1228 10
    endloop
  endfacet
  facet normal -0.251854 -0.704131 0.663904
    outer loop
      vertex 14.1824 15.8772 10
      vertex 13.9031 15.9771 10
      vertex 13.4645 14.5311 8.3
    endloop
  endfacet
  facet normal -0.676029 0.319672 0.663924
    outer loop
      vertex 14.4111 12.2458 8.3
      vertex 15.8743 11.8094 10
      vertex 14.4782 12.3877 8.3
    endloop
  endfacet
  facet normal -0.677039 0.317094 0.664131
    outer loop
      vertex 15.8743 11.8094 10
      vertex 14.4111 12.2458 8.3
      vertex 15.8706 11.8015 10
    endloop
  endfacet
  facet normal -0.317094 0.677039 0.664131
    outer loop
      vertex 13.7542 11.5889 8.3
      vertex 14.1906 10.1257 10
      vertex 14.1985 10.1294 10
    endloop
  endfacet
  facet normal -0.319672 0.676029 0.663924
    outer loop
      vertex 14.1906 10.1257 10
      vertex 13.7542 11.5889 8.3
      vertex 13.6123 11.5218 8.3
    endloop
  endfacet
  facet normal 0.319721 -0.676002 0.663928
    outer loop
      vertex 12.2458 14.4111 8.3
      vertex 11.8015 15.8706 10
      vertex 11.5334 15.7438 10
    endloop
  endfacet
  facet normal 0.705069 -0.249354 0.663852
    outer loop
      vertex 10.1228 14.1824 10
      vertex 11.5218 13.6123 8.3
      vertex 10.1257 14.1906 10
    endloop
  endfacet
  facet normal 0.704069 -0.251998 0.663916
    outer loop
      vertex 11.5218 13.6123 8.3
      vertex 10.1228 14.1824 10
      vertex 11.4689 13.4645 8.3
    endloop
  endfacet
  facet normal -0.600682 0.445407 0.663923
    outer loop
      vertex 15.4049 11.0263 10
      vertex 15.5816 11.2646 10
      vertex 14.2368 11.985 8.3
    endloop
  endfacet
  facet normal -0.554101 0.502169 0.663926
    outer loop
      vertex 14.2368 11.985 8.3
      vertex 15.1999 10.8001 10
      vertex 15.4049 11.0263 10
    endloop
  endfacet
  facet normal -0.554332 0.501947 0.663902
    outer loop
      vertex 15.1999 10.8001 10
      vertex 14.2368 11.985 8.3
      vertex 14.1314 11.8686 8.3
    endloop
  endfacet
  facet normal -0.445718 0.600481 0.663896
    outer loop
      vertex 13.8889 11.6696 8.3
      vertex 14.7354 10.4184 10
      vertex 14.015 11.7632 8.3
    endloop
  endfacet
  facet normal -0.445949 0.600316 0.663889
    outer loop
      vertex 14.7354 10.4184 10
      vertex 13.8889 11.6696 8.3
      vertex 14.7284 10.4132 10
    endloop
  endfacet
  facet normal 0.249354 -0.705069 0.663852
    outer loop
      vertex 12.3877 14.4782 8.3
      vertex 11.8176 15.8772 10
      vertex 11.8094 15.8743 10
    endloop
  endfacet
  facet normal 0.251998 -0.704069 0.663916
    outer loop
      vertex 11.8176 15.8772 10
      vertex 12.3877 14.4782 8.3
      vertex 12.5355 14.5311 8.3
    endloop
  endfacet
  facet normal -0.677039 -0.317094 0.664131
    outer loop
      vertex 14.4111 13.7542 8.3
      vertex 15.8743 14.1906 10
      vertex 15.8706 14.1985 10
    endloop
  endfacet
  facet normal -0.676029 -0.319672 0.663924
    outer loop
      vertex 15.8743 14.1906 10
      vertex 14.4111 13.7542 8.3
      vertex 14.4782 13.6123 8.3
    endloop
  endfacet
  facet normal -0.746909 0.0366786 0.663914
    outer loop
      vertex 14.5923 12.8432 8.3
      vertex 16.1111 13 10
      vertex 14.6 13 8.3
    endloop
  endfacet
  facet normal -0.74691 0.0367453 0.663909
    outer loop
      vertex 16.1111 13 10
      vertex 14.5923 12.8432 8.3
      vertex 16.0961 12.6951 10
    endloop
  endfacet
  facet normal -0.739728 -0.109734 0.663898
    outer loop
      vertex 14.5693 13.3121 8.3
      vertex 16.0961 13.3049 10
      vertex 16.0513 13.6069 10
    endloop
  endfacet
  facet normal -0.739742 -0.109556 0.663912
    outer loop
      vertex 16.0961 13.3049 10
      vertex 14.5693 13.3121 8.3
      vertex 14.5923 13.1568 8.3
    endloop
  endfacet
  facet normal 0.725534 -0.180957 0.663969
    outer loop
      vertex 9.94867 13.6069 10
      vertex 11.4689 13.4645 8.3
      vertex 9.95079 13.6154 10
    endloop
  endfacet
  facet normal 0.725379 -0.181821 0.663902
    outer loop
      vertex 11.4689 13.4645 8.3
      vertex 9.94867 13.6069 10
      vertex 11.4307 13.3121 8.3
    endloop
  endfacet
  facet normal -0.638869 -0.388501 0.664013
    outer loop
      vertex 14.3304 13.8889 8.3
      vertex 15.5913 14.721 10
      vertex 15.5868 14.7284 10
    endloop
  endfacet
  facet normal -0.641493 -0.384324 0.663914
    outer loop
      vertex 15.5913 14.721 10
      vertex 14.3304 13.8889 8.3
      vertex 14.4111 13.7542 8.3
    endloop
  endfacet
  facet normal 0.319721 0.676002 0.663928
    outer loop
      vertex 11.8015 10.1294 10
      vertex 12.2458 11.5889 8.3
      vertex 11.5334 10.2562 10
    endloop
  endfacet
  facet normal 0.600481 -0.445718 0.663896
    outer loop
      vertex 10.4184 14.7354 10
      vertex 11.6696 13.8889 8.3
      vertex 11.7632 14.015 8.3
    endloop
  endfacet
  facet normal 0.600316 -0.445949 0.663889
    outer loop
      vertex 11.6696 13.8889 8.3
      vertex 10.4184 14.7354 10
      vertex 10.4132 14.7284 10
    endloop
  endfacet
  facet normal 0.600682 -0.445407 0.663923
    outer loop
      vertex 11.7632 14.015 8.3
      vertex 10.5951 14.9737 10
      vertex 10.4184 14.7354 10
    endloop
  endfacet
  facet normal -0.641386 -0.384479 0.663928
    outer loop
      vertex 15.7438 14.4666 10
      vertex 15.5913 14.721 10
      vertex 14.4111 13.7542 8.3
    endloop
  endfacet
  facet normal 0.384324 -0.641493 0.663914
    outer loop
      vertex 11.279 15.5913 10
      vertex 12.1111 14.3304 8.3
      vertex 12.2458 14.4111 8.3
    endloop
  endfacet
  facet normal 0.388501 -0.638869 0.664013
    outer loop
      vertex 12.1111 14.3304 8.3
      vertex 11.279 15.5913 10
      vertex 11.2716 15.5868 10
    endloop
  endfacet
  facet normal 0.445949 -0.600316 0.663889
    outer loop
      vertex 11.2646 15.5816 10
      vertex 12.1111 14.3304 8.3
      vertex 11.2716 15.5868 10
    endloop
  endfacet
  facet normal 0.445718 -0.600481 0.663896
    outer loop
      vertex 12.1111 14.3304 8.3
      vertex 11.2646 15.5816 10
      vertex 11.985 14.2368 8.3
    endloop
  endfacet
  facet normal -0.109556 -0.739742 0.663912
    outer loop
      vertex 13.3121 14.5693 8.3
      vertex 13.3049 16.0961 10
      vertex 13.1568 14.5923 8.3
    endloop
  endfacet
  facet normal -0.109734 -0.739728 0.663898
    outer loop
      vertex 13.3049 16.0961 10
      vertex 13.3121 14.5693 8.3
      vertex 13.6069 16.0513 10
    endloop
  endfacet
  facet normal 0.317094 -0.677039 0.664131
    outer loop
      vertex 12.2458 14.4111 8.3
      vertex 11.8094 15.8743 10
      vertex 11.8015 15.8706 10
    endloop
  endfacet
  facet normal 0.319672 -0.676029 0.663924
    outer loop
      vertex 11.8094 15.8743 10
      vertex 12.2458 14.4111 8.3
      vertex 12.3877 14.4782 8.3
    endloop
  endfacet
  facet normal -0.600316 -0.445949 0.663889
    outer loop
      vertex 15.5816 14.7354 10
      vertex 14.3304 13.8889 8.3
      vertex 15.5868 14.7284 10
    endloop
  endfacet
  facet normal -0.600481 -0.445718 0.663896
    outer loop
      vertex 14.3304 13.8889 8.3
      vertex 15.5816 14.7354 10
      vertex 14.2368 14.015 8.3
    endloop
  endfacet
  facet normal 0.725379 0.181811 0.663906
    outer loop
      vertex 10.0229 12.0969 10
      vertex 11.4689 12.5355 8.3
      vertex 9.95079 12.3846 10
    endloop
  endfacet
  facet normal -0.0366786 -0.746909 0.663914
    outer loop
      vertex 13.1568 14.5923 8.3
      vertex 13 16.1111 10
      vertex 13 14.6 8.3
    endloop
  endfacet
  facet normal -0.0367453 -0.74691 0.663909
    outer loop
      vertex 13 16.1111 10
      vertex 13.1568 14.5923 8.3
      vertex 13.3049 16.0961 10
    endloop
  endfacet
  facet normal 0.600682 0.445407 0.663923
    outer loop
      vertex 10.5951 11.0263 10
      vertex 11.7632 11.985 8.3
      vertex 10.4184 11.2646 10
    endloop
  endfacet
  facet normal -0.0366962 0.746907 0.663915
    outer loop
      vertex 13.1568 11.4077 8.3
      vertex 13 9.88889 10
      vertex 13.3049 9.90387 10
    endloop
  endfacet
  facet normal -0.0366785 0.746907 0.663917
    outer loop
      vertex 13 9.88889 10
      vertex 13.1568 11.4077 8.3
      vertex 13 11.4 8.3
    endloop
  endfacet
  facet normal -0.705069 -0.249354 0.663852
    outer loop
      vertex 14.4782 13.6123 8.3
      vertex 15.8772 14.1824 10
      vertex 15.8743 14.1906 10
    endloop
  endfacet
  facet normal -0.704069 -0.251998 0.663916
    outer loop
      vertex 15.8772 14.1824 10
      vertex 14.4782 13.6123 8.3
      vertex 14.5311 13.4645 8.3
    endloop
  endfacet
  facet normal -0.704131 -0.251854 0.663904
    outer loop
      vertex 15.9771 13.9031 10
      vertex 15.8772 14.1824 10
      vertex 14.5311 13.4645 8.3
    endloop
  endfacet
  facet normal -0.445949 -0.600316 0.663889
    outer loop
      vertex 13.8889 14.3304 8.3
      vertex 14.7354 15.5816 10
      vertex 14.7284 15.5868 10
    endloop
  endfacet
  facet normal -0.445718 -0.600481 0.663896
    outer loop
      vertex 14.7354 15.5816 10
      vertex 13.8889 14.3304 8.3
      vertex 14.015 14.2368 8.3
    endloop
  endfacet
  facet normal 0.704131 0.251854 0.663904
    outer loop
      vertex 10.1228 11.8176 10
      vertex 11.4689 12.5355 8.3
      vertex 10.0229 12.0969 10
    endloop
  endfacet
  facet normal -0.249354 0.705069 0.663852
    outer loop
      vertex 13.6123 11.5218 8.3
      vertex 14.1824 10.1228 10
      vertex 14.1906 10.1257 10
    endloop
  endfacet
  facet normal -0.251998 0.704069 0.663916
    outer loop
      vertex 14.1824 10.1228 10
      vertex 13.6123 11.5218 8.3
      vertex 13.4645 11.4689 8.3
    endloop
  endfacet
  facet normal 0.704131 -0.251854 0.663904
    outer loop
      vertex 11.4689 13.4645 8.3
      vertex 10.1228 14.1824 10
      vertex 10.0229 13.9031 10
    endloop
  endfacet
  facet normal 0.554332 0.501947 0.663902
    outer loop
      vertex 11.7632 11.985 8.3
      vertex 10.8001 10.8001 10
      vertex 11.8686 11.8686 8.3
    endloop
  endfacet
  facet normal 0.554101 0.502169 0.663926
    outer loop
      vertex 10.8001 10.8001 10
      vertex 11.7632 11.985 8.3
      vertex 10.5951 11.0263 10
    endloop
  endfacet
  facet normal -0.704131 0.251854 0.663904
    outer loop
      vertex 15.8772 11.8176 10
      vertex 15.9771 12.0969 10
      vertex 14.5311 12.5355 8.3
    endloop
  endfacet
  facet normal -0.725385 0.181787 0.663905
    outer loop
      vertex 15.9771 12.0969 10
      vertex 16.0492 12.3846 10
      vertex 14.5311 12.5355 8.3
    endloop
  endfacet
  facet normal -0.725833 -0.179323 0.664086
    outer loop
      vertex 14.5311 13.4645 8.3
      vertex 16.0513 13.6069 10
      vertex 16.0492 13.6154 10
    endloop
  endfacet
  facet normal -0.725385 -0.181822 0.663895
    outer loop
      vertex 16.0513 13.6069 10
      vertex 14.5311 13.4645 8.3
      vertex 14.5693 13.3121 8.3
    endloop
  endfacet
  facet normal -0.641386 0.384479 0.663928
    outer loop
      vertex 15.5913 11.279 10
      vertex 15.7438 11.5334 10
      vertex 14.4111 12.2458 8.3
    endloop
  endfacet
  facet normal 0.641493 0.384324 0.663914
    outer loop
      vertex 10.4087 11.279 10
      vertex 11.6696 12.1111 8.3
      vertex 11.5889 12.2458 8.3
    endloop
  endfacet
  facet normal 0.638869 0.388501 0.664013
    outer loop
      vertex 11.6696 12.1111 8.3
      vertex 10.4087 11.279 10
      vertex 10.4132 11.2716 10
    endloop
  endfacet
  facet normal 0.676002 0.319721 0.663928
    outer loop
      vertex 10.2562 11.5334 10
      vertex 11.5889 12.2458 8.3
      vertex 10.1294 11.8015 10
    endloop
  endfacet
  facet normal 0.179323 -0.725833 0.664086
    outer loop
      vertex 12.5355 14.5311 8.3
      vertex 12.3931 16.0513 10
      vertex 12.3846 16.0492 10
    endloop
  endfacet
  facet normal 0.181822 -0.725385 0.663895
    outer loop
      vertex 12.3931 16.0513 10
      vertex 12.5355 14.5311 8.3
      vertex 12.6879 14.5693 8.3
    endloop
  endfacet
  facet normal 0.251854 -0.704131 0.663904
    outer loop
      vertex 12.5355 14.5311 8.3
      vertex 12.0969 15.9771 10
      vertex 11.8176 15.8772 10
    endloop
  endfacet
  facet normal 0.501927 0.554311 0.663934
    outer loop
      vertex 11.8686 11.8686 8.3
      vertex 11.0263 10.5951 10
      vertex 11.985 11.7632 8.3
    endloop
  endfacet
  facet normal 0.502179 0.554112 0.66391
    outer loop
      vertex 11.0263 10.5951 10
      vertex 11.8686 11.8686 8.3
      vertex 10.8001 10.8001 10
    endloop
  endfacet
  facet normal 0.746907 0.0366785 0.663917
    outer loop
      vertex 9.88889 13 10
      vertex 11.4077 12.8432 8.3
      vertex 11.4 13 8.3
    endloop
  endfacet
  facet normal 0.746907 0.0366962 0.663915
    outer loop
      vertex 11.4077 12.8432 8.3
      vertex 9.88889 13 10
      vertex 9.90387 12.6951 10
    endloop
  endfacet
  facet normal -0.181787 -0.725385 0.663905
    outer loop
      vertex 13.9031 15.9771 10
      vertex 13.6154 16.0492 10
      vertex 13.4645 14.5311 8.3
    endloop
  endfacet
  facet normal 0.676002 -0.319721 0.663928
    outer loop
      vertex 11.5889 13.7542 8.3
      vertex 10.2562 14.4666 10
      vertex 10.1294 14.1985 10
    endloop
  endfacet
  facet normal 0.0367453 -0.74691 0.663909
    outer loop
      vertex 12.8432 14.5923 8.3
      vertex 13 16.1111 10
      vertex 12.6951 16.0961 10
    endloop
  endfacet
  facet normal 0.0366786 -0.746909 0.663914
    outer loop
      vertex 13 16.1111 10
      vertex 12.8432 14.5923 8.3
      vertex 13 14.6 8.3
    endloop
  endfacet
  facet normal 0.641386 -0.384479 0.663928
    outer loop
      vertex 11.5889 13.7542 8.3
      vertex 10.4087 14.721 10
      vertex 10.2562 14.4666 10
    endloop
  endfacet
  facet normal 0.677039 -0.317094 0.664131
    outer loop
      vertex 10.1257 14.1906 10
      vertex 11.5889 13.7542 8.3
      vertex 10.1294 14.1985 10
    endloop
  endfacet
  facet normal 0.676029 -0.319672 0.663924
    outer loop
      vertex 11.5889 13.7542 8.3
      vertex 10.1257 14.1906 10
      vertex 11.5218 13.6123 8.3
    endloop
  endfacet
  facet normal 0.384479 0.641386 0.663928
    outer loop
      vertex 11.5334 10.2562 10
      vertex 12.2458 11.5889 8.3
      vertex 11.279 10.4087 10
    endloop
  endfacet
  facet normal 0.739736 0.109555 0.663919
    outer loop
      vertex 9.90387 12.6951 10
      vertex 11.4307 12.6879 8.3
      vertex 11.4077 12.8432 8.3
    endloop
  endfacet
  facet normal 0.739722 0.109734 0.663905
    outer loop
      vertex 11.4307 12.6879 8.3
      vertex 9.90387 12.6951 10
      vertex 9.94867 12.3931 10
    endloop
  endfacet
  facet normal 0.384479 -0.641386 0.663928
    outer loop
      vertex 12.2458 14.4111 8.3
      vertex 11.5334 15.7438 10
      vertex 11.279 15.5913 10
    endloop
  endfacet
  facet normal 0.501927 -0.554311 0.663934
    outer loop
      vertex 11.0263 15.4049 10
      vertex 11.8686 14.1314 8.3
      vertex 11.985 14.2368 8.3
    endloop
  endfacet
  facet normal 0.502179 -0.554112 0.66391
    outer loop
      vertex 11.8686 14.1314 8.3
      vertex 11.0263 15.4049 10
      vertex 10.8001 15.1999 10
    endloop
  endfacet
  facet normal -0.554101 -0.502169 0.663926
    outer loop
      vertex 15.1999 15.1999 10
      vertex 14.2368 14.015 8.3
      vertex 15.4049 14.9737 10
    endloop
  endfacet
  facet normal -0.554332 -0.501947 0.663902
    outer loop
      vertex 14.2368 14.015 8.3
      vertex 15.1999 15.1999 10
      vertex 14.1314 14.1314 8.3
    endloop
  endfacet
  facet normal 0.725379 0.181821 0.663902
    outer loop
      vertex 9.94867 12.3931 10
      vertex 11.4689 12.5355 8.3
      vertex 11.4307 12.6879 8.3
    endloop
  endfacet
  facet normal 0.725534 0.180957 0.663969
    outer loop
      vertex 11.4689 12.5355 8.3
      vertex 9.94867 12.3931 10
      vertex 9.95079 12.3846 10
    endloop
  endfacet
  facet normal 0.0366785 0.746907 0.663917
    outer loop
      vertex 12.8432 11.4077 8.3
      vertex 13 9.88889 10
      vertex 13 11.4 8.3
    endloop
  endfacet
  facet normal 0.0366962 0.746907 0.663915
    outer loop
      vertex 13 9.88889 10
      vertex 12.8432 11.4077 8.3
      vertex 12.6951 9.90387 10
    endloop
  endfacet
  facet normal 0.704069 0.251998 0.663916
    outer loop
      vertex 10.1228 11.8176 10
      vertex 11.5218 12.3877 8.3
      vertex 11.4689 12.5355 8.3
    endloop
  endfacet
  facet normal 0.705069 0.249354 0.663852
    outer loop
      vertex 11.5218 12.3877 8.3
      vertex 10.1228 11.8176 10
      vertex 10.1257 11.8094 10
    endloop
  endfacet
  facet normal 0.181821 0.725379 0.663902
    outer loop
      vertex 12.5355 11.4689 8.3
      vertex 12.3931 9.94867 10
      vertex 12.6879 11.4307 8.3
    endloop
  endfacet
  facet normal 0.180957 0.725534 0.663969
    outer loop
      vertex 12.3931 9.94867 10
      vertex 12.5355 11.4689 8.3
      vertex 12.3846 9.95079 10
    endloop
  endfacet
  facet normal -0.98921 -0.146502 0
    outer loop
      vertex 78.5923 13.1568 0
      vertex 78.5693 13.3121 8.3
      vertex 78.5693 13.3121 0
    endloop
  endfacet
  facet normal -0.98921 -0.146502 0
    outer loop
      vertex 78.5693 13.3121 8.3
      vertex 78.5923 13.1568 0
      vertex 78.5923 13.1568 8.3
    endloop
  endfacet
  facet normal -0.998796 -0.049048 0
    outer loop
      vertex 78.6 13 0
      vertex 78.5923 13.1568 8.3
      vertex 78.5923 13.1568 0
    endloop
  endfacet
  facet normal -0.998796 -0.049048 0
    outer loop
      vertex 78.5923 13.1568 8.3
      vertex 78.6 13 0
      vertex 78.6 13 8.3
    endloop
  endfacet
  facet normal -0.969993 -0.243135 0
    outer loop
      vertex 78.5693 13.3121 0
      vertex 78.5311 13.4645 8.3
      vertex 78.5311 13.4645 0
    endloop
  endfacet
  facet normal -0.969993 -0.243135 0
    outer loop
      vertex 78.5311 13.4645 8.3
      vertex 78.5693 13.3121 0
      vertex 78.5693 13.3121 8.3
    endloop
  endfacet
  facet normal -0.427484 -0.904023 0
    outer loop
      vertex 77.6123 14.4782 0
      vertex 77.7542 14.4111 8.3
      vertex 77.6123 14.4782 8.3
    endloop
  endfacet
  facet normal -0.427484 -0.904023 -0
    outer loop
      vertex 77.7542 14.4111 8.3
      vertex 77.6123 14.4782 0
      vertex 77.7542 14.4111 0
    endloop
  endfacet
  facet normal 0.243135 0.969993 -0
    outer loop
      vertex 76.6879 11.4307 0
      vertex 76.5355 11.4689 8.3
      vertex 76.6879 11.4307 8.3
    endloop
  endfacet
  facet normal 0.243135 0.969993 0
    outer loop
      vertex 76.5355 11.4689 8.3
      vertex 76.6879 11.4307 0
      vertex 76.5355 11.4689 0
    endloop
  endfacet
  facet normal 0.85783 0.513934 0
    outer loop
      vertex 75.6696 12.1111 8.3
      vertex 75.5889 12.2458 0
      vertex 75.5889 12.2458 8.3
    endloop
  endfacet
  facet normal 0.85783 0.513934 0
    outer loop
      vertex 75.5889 12.2458 0
      vertex 75.6696 12.1111 8.3
      vertex 75.6696 12.1111 0
    endloop
  endfacet
  facet normal -0.146502 0.98921 0
    outer loop
      vertex 77.3121 11.4307 0
      vertex 77.1568 11.4077 8.3
      vertex 77.3121 11.4307 8.3
    endloop
  endfacet
  facet normal -0.146502 0.98921 0
    outer loop
      vertex 77.1568 11.4077 8.3
      vertex 77.3121 11.4307 0
      vertex 77.1568 11.4077 0
    endloop
  endfacet
  facet normal -0.741264 -0.671213 0
    outer loop
      vertex 78.2368 14.015 0
      vertex 78.1314 14.1314 8.3
      vertex 78.1314 14.1314 0
    endloop
  endfacet
  facet normal -0.741264 -0.671213 0
    outer loop
      vertex 78.1314 14.1314 8.3
      vertex 78.2368 14.015 0
      vertex 78.2368 14.015 8.3
    endloop
  endfacet
  facet normal 0.513934 -0.85783 0
    outer loop
      vertex 76.1111 14.3304 0
      vertex 76.2458 14.4111 8.3
      vertex 76.1111 14.3304 8.3
    endloop
  endfacet
  facet normal 0.513934 -0.85783 0
    outer loop
      vertex 76.2458 14.4111 8.3
      vertex 76.1111 14.3304 0
      vertex 76.2458 14.4111 0
    endloop
  endfacet
  facet normal -0.741264 0.671213 0
    outer loop
      vertex 78.1314 11.8686 0
      vertex 78.2368 11.985 8.3
      vertex 78.2368 11.985 0
    endloop
  endfacet
  facet normal -0.741264 0.671213 0
    outer loop
      vertex 78.2368 11.985 8.3
      vertex 78.1314 11.8686 0
      vertex 78.1314 11.8686 8.3
    endloop
  endfacet
  facet normal -0.513934 0.85783 0
    outer loop
      vertex 77.8889 11.6696 0
      vertex 77.7542 11.5889 8.3
      vertex 77.8889 11.6696 8.3
    endloop
  endfacet
  facet normal -0.513934 0.85783 0
    outer loop
      vertex 77.7542 11.5889 8.3
      vertex 77.8889 11.6696 0
      vertex 77.7542 11.5889 0
    endloop
  endfacet
  facet normal -0.243135 -0.969993 0
    outer loop
      vertex 77.3121 14.5693 0
      vertex 77.4645 14.5311 8.3
      vertex 77.3121 14.5693 8.3
    endloop
  endfacet
  facet normal -0.243135 -0.969993 -0
    outer loop
      vertex 77.4645 14.5311 8.3
      vertex 77.3121 14.5693 0
      vertex 77.4645 14.5311 0
    endloop
  endfacet
  facet normal 0.98921 -0.146502 0
    outer loop
      vertex 75.4077 13.1568 8.3
      vertex 75.4307 13.3121 0
      vertex 75.4307 13.3121 8.3
    endloop
  endfacet
  facet normal 0.98921 -0.146502 0
    outer loop
      vertex 75.4307 13.3121 0
      vertex 75.4077 13.1568 8.3
      vertex 75.4077 13.1568 0
    endloop
  endfacet
  facet normal -0.85783 -0.513934 0
    outer loop
      vertex 78.4111 13.7542 0
      vertex 78.3304 13.8889 8.3
      vertex 78.3304 13.8889 0
    endloop
  endfacet
  facet normal -0.85783 -0.513934 0
    outer loop
      vertex 78.3304 13.8889 8.3
      vertex 78.4111 13.7542 0
      vertex 78.4111 13.7542 8.3
    endloop
  endfacet
  facet normal -0.969993 0.243135 0
    outer loop
      vertex 78.5311 12.5355 0
      vertex 78.5693 12.6879 8.3
      vertex 78.5693 12.6879 0
    endloop
  endfacet
  facet normal -0.969993 0.243135 0
    outer loop
      vertex 78.5693 12.6879 8.3
      vertex 78.5311 12.5355 0
      vertex 78.5311 12.5355 8.3
    endloop
  endfacet
  facet normal 0.146502 0.98921 -0
    outer loop
      vertex 76.8432 11.4077 0
      vertex 76.6879 11.4307 8.3
      vertex 76.8432 11.4077 8.3
    endloop
  endfacet
  facet normal 0.146502 0.98921 0
    outer loop
      vertex 76.6879 11.4307 8.3
      vertex 76.8432 11.4077 0
      vertex 76.6879 11.4307 0
    endloop
  endfacet
  facet normal 0.998796 0.049048 0
    outer loop
      vertex 75.4077 12.8432 8.3
      vertex 75.4 13 0
      vertex 75.4 13 8.3
    endloop
  endfacet
  facet normal 0.998796 0.049048 0
    outer loop
      vertex 75.4 13 0
      vertex 75.4077 12.8432 8.3
      vertex 75.4077 12.8432 0
    endloop
  endfacet
  facet normal -0.146502 -0.98921 0
    outer loop
      vertex 77.1568 14.5923 0
      vertex 77.3121 14.5693 8.3
      vertex 77.1568 14.5923 8.3
    endloop
  endfacet
  facet normal -0.146502 -0.98921 -0
    outer loop
      vertex 77.3121 14.5693 8.3
      vertex 77.1568 14.5923 0
      vertex 77.3121 14.5693 0
    endloop
  endfacet
  facet normal -0.941511 -0.336982 0
    outer loop
      vertex 78.5311 13.4645 0
      vertex 78.4782 13.6123 8.3
      vertex 78.4782 13.6123 0
    endloop
  endfacet
  facet normal -0.941511 -0.336982 0
    outer loop
      vertex 78.4782 13.6123 8.3
      vertex 78.5311 13.4645 0
      vertex 78.5311 13.4645 8.3
    endloop
  endfacet
  facet normal -0.671213 -0.741264 0
    outer loop
      vertex 78.015 14.2368 0
      vertex 78.1314 14.1314 8.3
      vertex 78.015 14.2368 8.3
    endloop
  endfacet
  facet normal -0.671213 -0.741264 -0
    outer loop
      vertex 78.1314 14.1314 8.3
      vertex 78.015 14.2368 0
      vertex 78.1314 14.1314 0
    endloop
  endfacet
  facet normal 0.969993 0.243135 0
    outer loop
      vertex 75.4689 12.5355 8.3
      vertex 75.4307 12.6879 0
      vertex 75.4307 12.6879 8.3
    endloop
  endfacet
  facet normal 0.969993 0.243135 0
    outer loop
      vertex 75.4307 12.6879 0
      vertex 75.4689 12.5355 8.3
      vertex 75.4689 12.5355 0
    endloop
  endfacet
  facet normal 0.336982 -0.941511 0
    outer loop
      vertex 76.3877 14.4782 0
      vertex 76.5355 14.5311 8.3
      vertex 76.3877 14.4782 8.3
    endloop
  endfacet
  facet normal 0.336982 -0.941511 0
    outer loop
      vertex 76.5355 14.5311 8.3
      vertex 76.3877 14.4782 0
      vertex 76.5355 14.5311 0
    endloop
  endfacet
  facet normal 0.941511 0.336982 0
    outer loop
      vertex 75.5218 12.3877 8.3
      vertex 75.4689 12.5355 0
      vertex 75.4689 12.5355 8.3
    endloop
  endfacet
  facet normal 0.941511 0.336982 0
    outer loop
      vertex 75.4689 12.5355 0
      vertex 75.5218 12.3877 8.3
      vertex 75.5218 12.3877 0
    endloop
  endfacet
  facet normal -0.336982 -0.941511 0
    outer loop
      vertex 77.4645 14.5311 0
      vertex 77.6123 14.4782 8.3
      vertex 77.4645 14.5311 8.3
    endloop
  endfacet
  facet normal -0.336982 -0.941511 -0
    outer loop
      vertex 77.6123 14.4782 8.3
      vertex 77.4645 14.5311 0
      vertex 77.6123 14.4782 0
    endloop
  endfacet
  facet normal 0.80297 -0.596019 0
    outer loop
      vertex 75.6696 13.8889 8.3
      vertex 75.7632 14.015 0
      vertex 75.7632 14.015 8.3
    endloop
  endfacet
  facet normal 0.80297 -0.596019 0
    outer loop
      vertex 75.7632 14.015 0
      vertex 75.6696 13.8889 8.3
      vertex 75.6696 13.8889 0
    endloop
  endfacet
  facet normal -0.80297 -0.596019 0
    outer loop
      vertex 78.3304 13.8889 0
      vertex 78.2368 14.015 8.3
      vertex 78.2368 14.015 0
    endloop
  endfacet
  facet normal -0.80297 -0.596019 0
    outer loop
      vertex 78.2368 14.015 8.3
      vertex 78.3304 13.8889 0
      vertex 78.3304 13.8889 8.3
    endloop
  endfacet
  facet normal 0.969993 -0.243135 0
    outer loop
      vertex 75.4307 13.3121 8.3
      vertex 75.4689 13.4645 0
      vertex 75.4689 13.4645 8.3
    endloop
  endfacet
  facet normal 0.969993 -0.243135 0
    outer loop
      vertex 75.4689 13.4645 0
      vertex 75.4307 13.3121 8.3
      vertex 75.4307 13.3121 0
    endloop
  endfacet
  facet normal 0.671213 -0.741264 0
    outer loop
      vertex 75.8686 14.1314 0
      vertex 75.985 14.2368 8.3
      vertex 75.8686 14.1314 8.3
    endloop
  endfacet
  facet normal 0.671213 -0.741264 0
    outer loop
      vertex 75.985 14.2368 8.3
      vertex 75.8686 14.1314 0
      vertex 75.985 14.2368 0
    endloop
  endfacet
  facet normal -0.427484 0.904023 0
    outer loop
      vertex 77.7542 11.5889 0
      vertex 77.6123 11.5218 8.3
      vertex 77.7542 11.5889 8.3
    endloop
  endfacet
  facet normal -0.427484 0.904023 0
    outer loop
      vertex 77.6123 11.5218 8.3
      vertex 77.7542 11.5889 0
      vertex 77.6123 11.5218 0
    endloop
  endfacet
  facet normal 0.243135 -0.969993 0
    outer loop
      vertex 76.5355 14.5311 0
      vertex 76.6879 14.5693 8.3
      vertex 76.5355 14.5311 8.3
    endloop
  endfacet
  facet normal 0.243135 -0.969993 0
    outer loop
      vertex 76.6879 14.5693 8.3
      vertex 76.5355 14.5311 0
      vertex 76.6879 14.5693 0
    endloop
  endfacet
  facet normal 0.941511 -0.336982 0
    outer loop
      vertex 75.4689 13.4645 8.3
      vertex 75.5218 13.6123 0
      vertex 75.5218 13.6123 8.3
    endloop
  endfacet
  facet normal 0.941511 -0.336982 0
    outer loop
      vertex 75.5218 13.6123 0
      vertex 75.4689 13.4645 8.3
      vertex 75.4689 13.4645 0
    endloop
  endfacet
  facet normal -0.513934 -0.85783 0
    outer loop
      vertex 77.7542 14.4111 0
      vertex 77.8889 14.3304 8.3
      vertex 77.7542 14.4111 8.3
    endloop
  endfacet
  facet normal -0.513934 -0.85783 -0
    outer loop
      vertex 77.8889 14.3304 8.3
      vertex 77.7542 14.4111 0
      vertex 77.8889 14.3304 0
    endloop
  endfacet
  facet normal 0.513934 0.85783 -0
    outer loop
      vertex 76.2458 11.5889 0
      vertex 76.1111 11.6696 8.3
      vertex 76.2458 11.5889 8.3
    endloop
  endfacet
  facet normal 0.513934 0.85783 0
    outer loop
      vertex 76.1111 11.6696 8.3
      vertex 76.2458 11.5889 0
      vertex 76.1111 11.6696 0
    endloop
  endfacet
  facet normal 0.596019 -0.80297 0
    outer loop
      vertex 75.985 14.2368 0
      vertex 76.1111 14.3304 8.3
      vertex 75.985 14.2368 8.3
    endloop
  endfacet
  facet normal 0.596019 -0.80297 0
    outer loop
      vertex 76.1111 14.3304 8.3
      vertex 75.985 14.2368 0
      vertex 76.1111 14.3304 0
    endloop
  endfacet
  facet normal -0.049048 0.998796 0
    outer loop
      vertex 77.1568 11.4077 0
      vertex 77 11.4 8.3
      vertex 77.1568 11.4077 8.3
    endloop
  endfacet
  facet normal -0.049048 0.998796 0
    outer loop
      vertex 77 11.4 8.3
      vertex 77.1568 11.4077 0
      vertex 77 11.4 0
    endloop
  endfacet
  facet normal -0.941511 0.336982 0
    outer loop
      vertex 78.4782 12.3877 0
      vertex 78.5311 12.5355 8.3
      vertex 78.5311 12.5355 0
    endloop
  endfacet
  facet normal -0.941511 0.336982 0
    outer loop
      vertex 78.5311 12.5355 8.3
      vertex 78.4782 12.3877 0
      vertex 78.4782 12.3877 8.3
    endloop
  endfacet
  facet normal -0.80297 0.596019 0
    outer loop
      vertex 78.2368 11.985 0
      vertex 78.3304 12.1111 8.3
      vertex 78.3304 12.1111 0
    endloop
  endfacet
  facet normal -0.80297 0.596019 0
    outer loop
      vertex 78.3304 12.1111 8.3
      vertex 78.2368 11.985 0
      vertex 78.2368 11.985 8.3
    endloop
  endfacet
  facet normal -0.98921 0.146502 0
    outer loop
      vertex 78.5693 12.6879 0
      vertex 78.5923 12.8432 8.3
      vertex 78.5923 12.8432 0
    endloop
  endfacet
  facet normal -0.98921 0.146502 0
    outer loop
      vertex 78.5923 12.8432 8.3
      vertex 78.5693 12.6879 0
      vertex 78.5693 12.6879 8.3
    endloop
  endfacet
  facet normal 0.85783 -0.513934 0
    outer loop
      vertex 75.5889 13.7542 8.3
      vertex 75.6696 13.8889 0
      vertex 75.6696 13.8889 8.3
    endloop
  endfacet
  facet normal 0.85783 -0.513934 0
    outer loop
      vertex 75.6696 13.8889 0
      vertex 75.5889 13.7542 8.3
      vertex 75.5889 13.7542 0
    endloop
  endfacet
  facet normal -0.904023 -0.427484 0
    outer loop
      vertex 78.4782 13.6123 0
      vertex 78.4111 13.7542 8.3
      vertex 78.4111 13.7542 0
    endloop
  endfacet
  facet normal -0.904023 -0.427484 0
    outer loop
      vertex 78.4111 13.7542 8.3
      vertex 78.4782 13.6123 0
      vertex 78.4782 13.6123 8.3
    endloop
  endfacet
  facet normal 0.427484 -0.904023 0
    outer loop
      vertex 76.2458 14.4111 0
      vertex 76.3877 14.4782 8.3
      vertex 76.2458 14.4111 8.3
    endloop
  endfacet
  facet normal 0.427484 -0.904023 0
    outer loop
      vertex 76.3877 14.4782 8.3
      vertex 76.2458 14.4111 0
      vertex 76.3877 14.4782 0
    endloop
  endfacet
  facet normal -0.596019 0.80297 0
    outer loop
      vertex 78.015 11.7632 0
      vertex 77.8889 11.6696 8.3
      vertex 78.015 11.7632 8.3
    endloop
  endfacet
  facet normal -0.596019 0.80297 0
    outer loop
      vertex 77.8889 11.6696 8.3
      vertex 78.015 11.7632 0
      vertex 77.8889 11.6696 0
    endloop
  endfacet
  facet normal -0.596019 -0.80297 0
    outer loop
      vertex 77.8889 14.3304 0
      vertex 78.015 14.2368 8.3
      vertex 77.8889 14.3304 8.3
    endloop
  endfacet
  facet normal -0.596019 -0.80297 -0
    outer loop
      vertex 78.015 14.2368 8.3
      vertex 77.8889 14.3304 0
      vertex 78.015 14.2368 0
    endloop
  endfacet
  facet normal 0.671213 0.741264 -0
    outer loop
      vertex 75.985 11.7632 0
      vertex 75.8686 11.8686 8.3
      vertex 75.985 11.7632 8.3
    endloop
  endfacet
  facet normal 0.671213 0.741264 0
    outer loop
      vertex 75.8686 11.8686 8.3
      vertex 75.985 11.7632 0
      vertex 75.8686 11.8686 0
    endloop
  endfacet
  facet normal -0.998796 0.049048 0
    outer loop
      vertex 78.5923 12.8432 0
      vertex 78.6 13 8.3
      vertex 78.6 13 0
    endloop
  endfacet
  facet normal -0.998796 0.049048 0
    outer loop
      vertex 78.6 13 8.3
      vertex 78.5923 12.8432 0
      vertex 78.5923 12.8432 8.3
    endloop
  endfacet
  facet normal 0.80297 0.596019 0
    outer loop
      vertex 75.7632 11.985 8.3
      vertex 75.6696 12.1111 0
      vertex 75.6696 12.1111 8.3
    endloop
  endfacet
  facet normal 0.80297 0.596019 0
    outer loop
      vertex 75.6696 12.1111 0
      vertex 75.7632 11.985 8.3
      vertex 75.7632 11.985 0
    endloop
  endfacet
  facet normal 0.904023 0.427484 0
    outer loop
      vertex 75.5889 12.2458 8.3
      vertex 75.5218 12.3877 0
      vertex 75.5218 12.3877 8.3
    endloop
  endfacet
  facet normal 0.904023 0.427484 0
    outer loop
      vertex 75.5218 12.3877 0
      vertex 75.5889 12.2458 8.3
      vertex 75.5889 12.2458 0
    endloop
  endfacet
  facet normal 0.049048 -0.998796 0
    outer loop
      vertex 76.8432 14.5923 0
      vertex 77 14.6 8.3
      vertex 76.8432 14.5923 8.3
    endloop
  endfacet
  facet normal 0.049048 -0.998796 0
    outer loop
      vertex 77 14.6 8.3
      vertex 76.8432 14.5923 0
      vertex 77 14.6 0
    endloop
  endfacet
  facet normal 0.427484 0.904023 -0
    outer loop
      vertex 76.3877 11.5218 0
      vertex 76.2458 11.5889 8.3
      vertex 76.3877 11.5218 8.3
    endloop
  endfacet
  facet normal 0.427484 0.904023 0
    outer loop
      vertex 76.2458 11.5889 8.3
      vertex 76.3877 11.5218 0
      vertex 76.2458 11.5889 0
    endloop
  endfacet
  facet normal 0.146502 -0.98921 0
    outer loop
      vertex 76.6879 14.5693 0
      vertex 76.8432 14.5923 8.3
      vertex 76.6879 14.5693 8.3
    endloop
  endfacet
  facet normal 0.146502 -0.98921 0
    outer loop
      vertex 76.8432 14.5923 8.3
      vertex 76.6879 14.5693 0
      vertex 76.8432 14.5923 0
    endloop
  endfacet
  facet normal 0.98921 0.146502 0
    outer loop
      vertex 75.4307 12.6879 8.3
      vertex 75.4077 12.8432 0
      vertex 75.4077 12.8432 8.3
    endloop
  endfacet
  facet normal 0.98921 0.146502 0
    outer loop
      vertex 75.4077 12.8432 0
      vertex 75.4307 12.6879 8.3
      vertex 75.4307 12.6879 0
    endloop
  endfacet
  facet normal -0.336982 0.941511 0
    outer loop
      vertex 77.6123 11.5218 0
      vertex 77.4645 11.4689 8.3
      vertex 77.6123 11.5218 8.3
    endloop
  endfacet
  facet normal -0.336982 0.941511 0
    outer loop
      vertex 77.4645 11.4689 8.3
      vertex 77.6123 11.5218 0
      vertex 77.4645 11.4689 0
    endloop
  endfacet
  facet normal -0.243135 0.969993 0
    outer loop
      vertex 77.4645 11.4689 0
      vertex 77.3121 11.4307 8.3
      vertex 77.4645 11.4689 8.3
    endloop
  endfacet
  facet normal -0.243135 0.969993 0
    outer loop
      vertex 77.3121 11.4307 8.3
      vertex 77.4645 11.4689 0
      vertex 77.3121 11.4307 0
    endloop
  endfacet
  facet normal 0.904023 -0.427484 0
    outer loop
      vertex 75.5218 13.6123 8.3
      vertex 75.5889 13.7542 0
      vertex 75.5889 13.7542 8.3
    endloop
  endfacet
  facet normal 0.904023 -0.427484 0
    outer loop
      vertex 75.5889 13.7542 0
      vertex 75.5218 13.6123 8.3
      vertex 75.5218 13.6123 0
    endloop
  endfacet
  facet normal 0.741264 0.671213 0
    outer loop
      vertex 75.8686 11.8686 8.3
      vertex 75.7632 11.985 0
      vertex 75.7632 11.985 8.3
    endloop
  endfacet
  facet normal 0.741264 0.671213 0
    outer loop
      vertex 75.7632 11.985 0
      vertex 75.8686 11.8686 8.3
      vertex 75.8686 11.8686 0
    endloop
  endfacet
  facet normal 0.596019 0.80297 -0
    outer loop
      vertex 76.1111 11.6696 0
      vertex 75.985 11.7632 8.3
      vertex 76.1111 11.6696 8.3
    endloop
  endfacet
  facet normal 0.596019 0.80297 0
    outer loop
      vertex 75.985 11.7632 8.3
      vertex 76.1111 11.6696 0
      vertex 75.985 11.7632 0
    endloop
  endfacet
  facet normal -0.904023 0.427484 0
    outer loop
      vertex 78.4111 12.2458 0
      vertex 78.4782 12.3877 8.3
      vertex 78.4782 12.3877 0
    endloop
  endfacet
  facet normal -0.904023 0.427484 0
    outer loop
      vertex 78.4782 12.3877 8.3
      vertex 78.4111 12.2458 0
      vertex 78.4111 12.2458 8.3
    endloop
  endfacet
  facet normal -0.85783 0.513934 0
    outer loop
      vertex 78.3304 12.1111 0
      vertex 78.4111 12.2458 8.3
      vertex 78.4111 12.2458 0
    endloop
  endfacet
  facet normal -0.85783 0.513934 0
    outer loop
      vertex 78.4111 12.2458 8.3
      vertex 78.3304 12.1111 0
      vertex 78.3304 12.1111 8.3
    endloop
  endfacet
  facet normal 0.741264 -0.671213 0
    outer loop
      vertex 75.7632 14.015 8.3
      vertex 75.8686 14.1314 0
      vertex 75.8686 14.1314 8.3
    endloop
  endfacet
  facet normal 0.741264 -0.671213 0
    outer loop
      vertex 75.8686 14.1314 0
      vertex 75.7632 14.015 8.3
      vertex 75.7632 14.015 0
    endloop
  endfacet
  facet normal -0.049048 -0.998796 0
    outer loop
      vertex 77 14.6 0
      vertex 77.1568 14.5923 8.3
      vertex 77 14.6 8.3
    endloop
  endfacet
  facet normal -0.049048 -0.998796 -0
    outer loop
      vertex 77.1568 14.5923 8.3
      vertex 77 14.6 0
      vertex 77.1568 14.5923 0
    endloop
  endfacet
  facet normal 0.049048 0.998796 -0
    outer loop
      vertex 77 11.4 0
      vertex 76.8432 11.4077 8.3
      vertex 77 11.4 8.3
    endloop
  endfacet
  facet normal 0.049048 0.998796 0
    outer loop
      vertex 76.8432 11.4077 8.3
      vertex 77 11.4 0
      vertex 76.8432 11.4077 0
    endloop
  endfacet
  facet normal 0.998796 -0.049048 0
    outer loop
      vertex 75.4 13 8.3
      vertex 75.4077 13.1568 0
      vertex 75.4077 13.1568 8.3
    endloop
  endfacet
  facet normal 0.998796 -0.049048 0
    outer loop
      vertex 75.4077 13.1568 0
      vertex 75.4 13 8.3
      vertex 75.4 13 0
    endloop
  endfacet
  facet normal 0.336982 0.941511 -0
    outer loop
      vertex 76.5355 11.4689 0
      vertex 76.3877 11.5218 8.3
      vertex 76.5355 11.4689 8.3
    endloop
  endfacet
  facet normal 0.336982 0.941511 0
    outer loop
      vertex 76.3877 11.5218 8.3
      vertex 76.5355 11.4689 0
      vertex 76.3877 11.5218 0
    endloop
  endfacet
  facet normal -0.671213 0.741264 0
    outer loop
      vertex 78.1314 11.8686 0
      vertex 78.015 11.7632 8.3
      vertex 78.1314 11.8686 8.3
    endloop
  endfacet
  facet normal -0.671213 0.741264 0
    outer loop
      vertex 78.015 11.7632 8.3
      vertex 78.1314 11.8686 0
      vertex 78.015 11.7632 0
    endloop
  endfacet
  facet normal 0.319672 0.676029 0.663924
    outer loop
      vertex 76.2458 11.5889 8.3
      vertex 75.8094 10.1257 10
      vertex 76.3877 11.5218 8.3
    endloop
  endfacet
  facet normal 0.317094 0.677039 0.664131
    outer loop
      vertex 75.8094 10.1257 10
      vertex 76.2458 11.5889 8.3
      vertex 75.8015 10.1294 10
    endloop
  endfacet
  facet normal -0.251998 -0.704069 0.663916
    outer loop
      vertex 77.6123 14.4782 8.3
      vertex 78.1824 15.8772 10
      vertex 77.4645 14.5311 8.3
    endloop
  endfacet
  facet normal -0.249354 -0.705069 0.663852
    outer loop
      vertex 78.1824 15.8772 10
      vertex 77.6123 14.4782 8.3
      vertex 78.1906 15.8743 10
    endloop
  endfacet
  facet normal 0.109555 0.739736 0.663919
    outer loop
      vertex 76.6879 11.4307 8.3
      vertex 76.6951 9.90387 10
      vertex 76.8432 11.4077 8.3
    endloop
  endfacet
  facet normal 0.109734 0.739722 0.663905
    outer loop
      vertex 76.6951 9.90387 10
      vertex 76.6879 11.4307 8.3
      vertex 76.3931 9.94867 10
    endloop
  endfacet
  facet normal 0.445526 -0.60059 0.663926
    outer loop
      vertex 75.985 14.2368 8.3
      vertex 75.2645 15.5816 10
      vertex 75.0263 15.4049 10
    endloop
  endfacet
  facet normal 0.676029 0.319672 0.663924
    outer loop
      vertex 74.1257 11.8094 10
      vertex 75.5889 12.2458 8.3
      vertex 75.5218 12.3877 8.3
    endloop
  endfacet
  facet normal 0.677039 0.317094 0.664131
    outer loop
      vertex 75.5889 12.2458 8.3
      vertex 74.1257 11.8094 10
      vertex 74.1294 11.8015 10
    endloop
  endfacet
  facet normal -0.388501 -0.638869 0.664013
    outer loop
      vertex 78.721 15.5913 10
      vertex 77.8889 14.3304 8.3
      vertex 78.7284 15.5868 10
    endloop
  endfacet
  facet normal -0.384324 -0.641493 0.663914
    outer loop
      vertex 77.8889 14.3304 8.3
      vertex 78.721 15.5913 10
      vertex 77.7542 14.4111 8.3
    endloop
  endfacet
  facet normal -0.109734 0.739722 0.663905
    outer loop
      vertex 77.3121 11.4307 8.3
      vertex 77.3049 9.90387 10
      vertex 77.6069 9.94867 10
    endloop
  endfacet
  facet normal -0.109555 0.739736 0.663919
    outer loop
      vertex 77.3049 9.90387 10
      vertex 77.3121 11.4307 8.3
      vertex 77.1568 11.4077 8.3
    endloop
  endfacet
  facet normal -0.739742 0.109556 0.663912
    outer loop
      vertex 78.5693 12.6879 8.3
      vertex 80.0961 12.6951 10
      vertex 78.5923 12.8432 8.3
    endloop
  endfacet
  facet normal -0.739728 0.109734 0.663898
    outer loop
      vertex 80.0961 12.6951 10
      vertex 78.5693 12.6879 8.3
      vertex 80.0513 12.3931 10
    endloop
  endfacet
  facet normal -0.388501 0.638869 0.664013
    outer loop
      vertex 77.8889 11.6696 8.3
      vertex 78.721 10.4087 10
      vertex 78.7284 10.4132 10
    endloop
  endfacet
  facet normal -0.384324 0.641493 0.663914
    outer loop
      vertex 78.721 10.4087 10
      vertex 77.8889 11.6696 8.3
      vertex 77.7542 11.5889 8.3
    endloop
  endfacet
  facet normal -0.445526 -0.60059 0.663926
    outer loop
      vertex 78.9737 15.4049 10
      vertex 78.7355 15.5816 10
      vertex 78.015 14.2368 8.3
    endloop
  endfacet
  facet normal -0.502179 -0.554112 0.66391
    outer loop
      vertex 78.9737 15.4049 10
      vertex 78.1314 14.1314 8.3
      vertex 79.1999 15.1999 10
    endloop
  endfacet
  facet normal -0.501927 -0.554311 0.663934
    outer loop
      vertex 78.1314 14.1314 8.3
      vertex 78.9737 15.4049 10
      vertex 78.015 14.2368 8.3
    endloop
  endfacet
  facet normal 0.725385 -0.181787 0.663905
    outer loop
      vertex 75.4689 13.4645 8.3
      vertex 74.0229 13.9031 10
      vertex 73.9508 13.6154 10
    endloop
  endfacet
  facet normal -0.704069 0.251998 0.663916
    outer loop
      vertex 78.4782 12.3877 8.3
      vertex 79.8772 11.8176 10
      vertex 78.5311 12.5355 8.3
    endloop
  endfacet
  facet normal -0.705069 0.249354 0.663852
    outer loop
      vertex 79.8772 11.8176 10
      vertex 78.4782 12.3877 8.3
      vertex 79.8743 11.8094 10
    endloop
  endfacet
  facet normal 0.44571 0.600471 0.66391
    outer loop
      vertex 75.2645 10.4184 10
      vertex 76.1111 11.6696 8.3
      vertex 75.985 11.7632 8.3
    endloop
  endfacet
  facet normal 0.44181 0.603241 0.664007
    outer loop
      vertex 76.1111 11.6696 8.3
      vertex 75.2645 10.4184 10
      vertex 75.2716 10.4132 10
    endloop
  endfacet
  facet normal 0.641386 0.384479 0.663928
    outer loop
      vertex 74.4087 11.279 10
      vertex 75.5889 12.2458 8.3
      vertex 74.2562 11.5334 10
    endloop
  endfacet
  facet normal 0.251998 0.704069 0.663916
    outer loop
      vertex 76.3877 11.5218 8.3
      vertex 75.8176 10.1228 10
      vertex 76.5355 11.4689 8.3
    endloop
  endfacet
  facet normal 0.249354 0.705069 0.663852
    outer loop
      vertex 75.8176 10.1228 10
      vertex 76.3877 11.5218 8.3
      vertex 75.8094 10.1257 10
    endloop
  endfacet
  facet normal 0.109734 -0.739728 0.663898
    outer loop
      vertex 76.6879 14.5693 8.3
      vertex 76.6951 16.0961 10
      vertex 76.3931 16.0513 10
    endloop
  endfacet
  facet normal 0.109556 -0.739742 0.663912
    outer loop
      vertex 76.6951 16.0961 10
      vertex 76.6879 14.5693 8.3
      vertex 76.8432 14.5923 8.3
    endloop
  endfacet
  facet normal 0.181787 -0.725385 0.663905
    outer loop
      vertex 76.5355 14.5311 8.3
      vertex 76.3846 16.0492 10
      vertex 76.0969 15.9771 10
    endloop
  endfacet
  facet normal -0.641493 0.384324 0.663914
    outer loop
      vertex 78.3304 12.1111 8.3
      vertex 79.5913 11.279 10
      vertex 78.4111 12.2458 8.3
    endloop
  endfacet
  facet normal -0.638869 0.388501 0.664013
    outer loop
      vertex 79.5913 11.279 10
      vertex 78.3304 12.1111 8.3
      vertex 79.5868 11.2716 10
    endloop
  endfacet
  facet normal -0.384479 0.641386 0.663928
    outer loop
      vertex 78.4666 10.2562 10
      vertex 78.721 10.4087 10
      vertex 77.7542 11.5889 8.3
    endloop
  endfacet
  facet normal -0.600316 0.445949 0.663889
    outer loop
      vertex 78.3304 12.1111 8.3
      vertex 79.5816 11.2646 10
      vertex 79.5868 11.2716 10
    endloop
  endfacet
  facet normal -0.600481 0.445718 0.663896
    outer loop
      vertex 79.5816 11.2646 10
      vertex 78.3304 12.1111 8.3
      vertex 78.2368 11.985 8.3
    endloop
  endfacet
  facet normal -0.676002 0.319721 0.663928
    outer loop
      vertex 79.7438 11.5334 10
      vertex 79.8706 11.8015 10
      vertex 78.4111 12.2458 8.3
    endloop
  endfacet
  facet normal 0.600481 0.445718 0.663896
    outer loop
      vertex 75.6696 12.1111 8.3
      vertex 74.4184 11.2646 10
      vertex 75.7632 11.985 8.3
    endloop
  endfacet
  facet normal 0.600316 0.445949 0.663889
    outer loop
      vertex 74.4184 11.2646 10
      vertex 75.6696 12.1111 8.3
      vertex 74.4132 11.2716 10
    endloop
  endfacet
  facet normal 0.739728 -0.109734 0.663898
    outer loop
      vertex 73.9039 13.3049 10
      vertex 75.4307 13.3121 8.3
      vertex 73.9487 13.6069 10
    endloop
  endfacet
  facet normal 0.739742 -0.109556 0.663912
    outer loop
      vertex 75.4307 13.3121 8.3
      vertex 73.9039 13.3049 10
      vertex 75.4077 13.1568 8.3
    endloop
  endfacet
  facet normal -0.181811 0.725379 0.663906
    outer loop
      vertex 77.6154 9.95079 10
      vertex 77.9031 10.0229 10
      vertex 77.4645 11.4689 8.3
    endloop
  endfacet
  facet normal 0.181811 0.725379 0.663906
    outer loop
      vertex 76.3846 9.95079 10
      vertex 76.5355 11.4689 8.3
      vertex 76.0969 10.0229 10
    endloop
  endfacet
  facet normal 0.554332 -0.501947 0.663902
    outer loop
      vertex 74.8001 15.1999 10
      vertex 75.7632 14.015 8.3
      vertex 75.8686 14.1314 8.3
    endloop
  endfacet
  facet normal 0.554101 -0.502169 0.663926
    outer loop
      vertex 75.7632 14.015 8.3
      vertex 74.8001 15.1999 10
      vertex 74.5951 14.9737 10
    endloop
  endfacet
  facet normal -0.319721 0.676002 0.663928
    outer loop
      vertex 78.1985 10.1294 10
      vertex 78.4666 10.2562 10
      vertex 77.7542 11.5889 8.3
    endloop
  endfacet
  facet normal -0.384479 -0.641386 0.663928
    outer loop
      vertex 78.721 15.5913 10
      vertex 78.4666 15.7438 10
      vertex 77.7542 14.4111 8.3
    endloop
  endfacet
  facet normal -0.319672 -0.676029 0.663924
    outer loop
      vertex 77.7542 14.4111 8.3
      vertex 78.1906 15.8743 10
      vertex 77.6123 14.4782 8.3
    endloop
  endfacet
  facet normal -0.317094 -0.677039 0.664131
    outer loop
      vertex 78.1906 15.8743 10
      vertex 77.7542 14.4111 8.3
      vertex 78.1985 15.8706 10
    endloop
  endfacet
  facet normal -0.600682 -0.445407 0.663923
    outer loop
      vertex 79.5816 14.7354 10
      vertex 79.4049 14.9737 10
      vertex 78.2368 14.015 8.3
    endloop
  endfacet
  facet normal -0.676002 -0.319721 0.663928
    outer loop
      vertex 79.8706 14.1985 10
      vertex 79.7438 14.4666 10
      vertex 78.4111 13.7542 8.3
    endloop
  endfacet
  facet normal -0.746909 -0.0366786 0.663914
    outer loop
      vertex 80.1111 13 10
      vertex 78.5923 13.1568 8.3
      vertex 78.6 13 8.3
    endloop
  endfacet
  facet normal -0.74691 -0.0367453 0.663909
    outer loop
      vertex 78.5923 13.1568 8.3
      vertex 80.1111 13 10
      vertex 80.0961 13.3049 10
    endloop
  endfacet
  facet normal -0.445526 0.60059 0.663926
    outer loop
      vertex 78.7355 10.4184 10
      vertex 78.9737 10.5951 10
      vertex 78.015 11.7632 8.3
    endloop
  endfacet
  facet normal -0.319721 -0.676002 0.663928
    outer loop
      vertex 78.4666 15.7438 10
      vertex 78.1985 15.8706 10
      vertex 77.7542 14.4111 8.3
    endloop
  endfacet
  facet normal -0.181822 -0.725385 0.663895
    outer loop
      vertex 77.4645 14.5311 8.3
      vertex 77.6069 16.0513 10
      vertex 77.3121 14.5693 8.3
    endloop
  endfacet
  facet normal -0.179323 -0.725833 0.664086
    outer loop
      vertex 77.6069 16.0513 10
      vertex 77.4645 14.5311 8.3
      vertex 77.6154 16.0492 10
    endloop
  endfacet
  facet normal -0.251854 0.704131 0.663904
    outer loop
      vertex 77.9031 10.0229 10
      vertex 78.1824 10.1228 10
      vertex 77.4645 11.4689 8.3
    endloop
  endfacet
  facet normal -0.725385 -0.181787 0.663905
    outer loop
      vertex 80.0492 13.6154 10
      vertex 79.9771 13.9031 10
      vertex 78.5311 13.4645 8.3
    endloop
  endfacet
  facet normal 0.445526 0.60059 0.663926
    outer loop
      vertex 75.2645 10.4184 10
      vertex 75.985 11.7632 8.3
      vertex 75.0263 10.5951 10
    endloop
  endfacet
  facet normal 0.74691 -0.0367453 0.663909
    outer loop
      vertex 73.8889 13 10
      vertex 75.4077 13.1568 8.3
      vertex 73.9039 13.3049 10
    endloop
  endfacet
  facet normal 0.746909 -0.0366786 0.663914
    outer loop
      vertex 75.4077 13.1568 8.3
      vertex 73.8889 13 10
      vertex 75.4 13 8.3
    endloop
  endfacet
  facet normal -0.502179 0.554112 0.66391
    outer loop
      vertex 78.1314 11.8686 8.3
      vertex 78.9737 10.5951 10
      vertex 79.1999 10.8001 10
    endloop
  endfacet
  facet normal -0.501927 0.554311 0.663934
    outer loop
      vertex 78.9737 10.5951 10
      vertex 78.1314 11.8686 8.3
      vertex 78.015 11.7632 8.3
    endloop
  endfacet
  facet normal -0.180957 0.725534 0.663969
    outer loop
      vertex 77.4645 11.4689 8.3
      vertex 77.6069 9.94867 10
      vertex 77.6154 9.95079 10
    endloop
  endfacet
  facet normal -0.181821 0.725379 0.663902
    outer loop
      vertex 77.6069 9.94867 10
      vertex 77.4645 11.4689 8.3
      vertex 77.3121 11.4307 8.3
    endloop
  endfacet
  facet normal -0.725385 0.181822 0.663895
    outer loop
      vertex 78.5311 12.5355 8.3
      vertex 80.0513 12.3931 10
      vertex 78.5693 12.6879 8.3
    endloop
  endfacet
  facet normal -0.725833 0.179323 0.664086
    outer loop
      vertex 80.0513 12.3931 10
      vertex 78.5311 12.5355 8.3
      vertex 80.0492 12.3846 10
    endloop
  endfacet
  facet normal 0.384324 0.641493 0.663914
    outer loop
      vertex 76.1111 11.6696 8.3
      vertex 75.279 10.4087 10
      vertex 76.2458 11.5889 8.3
    endloop
  endfacet
  facet normal 0.388501 0.638869 0.664013
    outer loop
      vertex 75.279 10.4087 10
      vertex 76.1111 11.6696 8.3
      vertex 75.2716 10.4132 10
    endloop
  endfacet
  facet normal 0.638869 -0.388501 0.664013
    outer loop
      vertex 74.4087 14.721 10
      vertex 75.6696 13.8889 8.3
      vertex 74.4132 14.7284 10
    endloop
  endfacet
  facet normal 0.641493 -0.384324 0.663914
    outer loop
      vertex 75.6696 13.8889 8.3
      vertex 74.4087 14.721 10
      vertex 75.5889 13.7542 8.3
    endloop
  endfacet
  facet normal 0.251854 0.704131 0.663904
    outer loop
      vertex 76.0969 10.0229 10
      vertex 76.5355 11.4689 8.3
      vertex 75.8176 10.1228 10
    endloop
  endfacet
  facet normal -0.251854 -0.704131 0.663904
    outer loop
      vertex 78.1824 15.8772 10
      vertex 77.9031 15.9771 10
      vertex 77.4645 14.5311 8.3
    endloop
  endfacet
  facet normal -0.676029 0.319672 0.663924
    outer loop
      vertex 78.4111 12.2458 8.3
      vertex 79.8743 11.8094 10
      vertex 78.4782 12.3877 8.3
    endloop
  endfacet
  facet normal -0.677039 0.317094 0.664131
    outer loop
      vertex 79.8743 11.8094 10
      vertex 78.4111 12.2458 8.3
      vertex 79.8706 11.8015 10
    endloop
  endfacet
  facet normal -0.317094 0.677039 0.664131
    outer loop
      vertex 77.7542 11.5889 8.3
      vertex 78.1906 10.1257 10
      vertex 78.1985 10.1294 10
    endloop
  endfacet
  facet normal -0.319672 0.676029 0.663924
    outer loop
      vertex 78.1906 10.1257 10
      vertex 77.7542 11.5889 8.3
      vertex 77.6123 11.5218 8.3
    endloop
  endfacet
  facet normal 0.319721 -0.676002 0.663928
    outer loop
      vertex 76.2458 14.4111 8.3
      vertex 75.8015 15.8706 10
      vertex 75.5334 15.7438 10
    endloop
  endfacet
  facet normal 0.705069 -0.249354 0.663852
    outer loop
      vertex 74.1228 14.1824 10
      vertex 75.5218 13.6123 8.3
      vertex 74.1257 14.1906 10
    endloop
  endfacet
  facet normal 0.704069 -0.251998 0.663916
    outer loop
      vertex 75.5218 13.6123 8.3
      vertex 74.1228 14.1824 10
      vertex 75.4689 13.4645 8.3
    endloop
  endfacet
  facet normal -0.600682 0.445407 0.663923
    outer loop
      vertex 79.4049 11.0263 10
      vertex 79.5816 11.2646 10
      vertex 78.2368 11.985 8.3
    endloop
  endfacet
  facet normal -0.554101 0.502169 0.663926
    outer loop
      vertex 78.2368 11.985 8.3
      vertex 79.1999 10.8001 10
      vertex 79.4049 11.0263 10
    endloop
  endfacet
  facet normal -0.554332 0.501947 0.663902
    outer loop
      vertex 79.1999 10.8001 10
      vertex 78.2368 11.985 8.3
      vertex 78.1314 11.8686 8.3
    endloop
  endfacet
  facet normal -0.44571 0.600471 0.66391
    outer loop
      vertex 77.8889 11.6696 8.3
      vertex 78.7355 10.4184 10
      vertex 78.015 11.7632 8.3
    endloop
  endfacet
  facet normal -0.44181 0.603241 0.664007
    outer loop
      vertex 78.7355 10.4184 10
      vertex 77.8889 11.6696 8.3
      vertex 78.7284 10.4132 10
    endloop
  endfacet
  facet normal 0.249354 -0.705069 0.663852
    outer loop
      vertex 76.3877 14.4782 8.3
      vertex 75.8176 15.8772 10
      vertex 75.8094 15.8743 10
    endloop
  endfacet
  facet normal 0.251998 -0.704069 0.663916
    outer loop
      vertex 75.8176 15.8772 10
      vertex 76.3877 14.4782 8.3
      vertex 76.5355 14.5311 8.3
    endloop
  endfacet
  facet normal -0.677039 -0.317094 0.664131
    outer loop
      vertex 78.4111 13.7542 8.3
      vertex 79.8743 14.1906 10
      vertex 79.8706 14.1985 10
    endloop
  endfacet
  facet normal -0.676029 -0.319672 0.663924
    outer loop
      vertex 79.8743 14.1906 10
      vertex 78.4111 13.7542 8.3
      vertex 78.4782 13.6123 8.3
    endloop
  endfacet
  facet normal -0.746909 0.0366786 0.663914
    outer loop
      vertex 78.5923 12.8432 8.3
      vertex 80.1111 13 10
      vertex 78.6 13 8.3
    endloop
  endfacet
  facet normal -0.74691 0.0367453 0.663909
    outer loop
      vertex 80.1111 13 10
      vertex 78.5923 12.8432 8.3
      vertex 80.0961 12.6951 10
    endloop
  endfacet
  facet normal -0.739728 -0.109734 0.663898
    outer loop
      vertex 78.5693 13.3121 8.3
      vertex 80.0961 13.3049 10
      vertex 80.0513 13.6069 10
    endloop
  endfacet
  facet normal -0.739742 -0.109556 0.663912
    outer loop
      vertex 80.0961 13.3049 10
      vertex 78.5693 13.3121 8.3
      vertex 78.5923 13.1568 8.3
    endloop
  endfacet
  facet normal 0.725833 -0.179323 0.664086
    outer loop
      vertex 73.9487 13.6069 10
      vertex 75.4689 13.4645 8.3
      vertex 73.9508 13.6154 10
    endloop
  endfacet
  facet normal 0.725385 -0.181822 0.663895
    outer loop
      vertex 75.4689 13.4645 8.3
      vertex 73.9487 13.6069 10
      vertex 75.4307 13.3121 8.3
    endloop
  endfacet
  facet normal -0.638869 -0.388501 0.664013
    outer loop
      vertex 78.3304 13.8889 8.3
      vertex 79.5913 14.721 10
      vertex 79.5868 14.7284 10
    endloop
  endfacet
  facet normal -0.641493 -0.384324 0.663914
    outer loop
      vertex 79.5913 14.721 10
      vertex 78.3304 13.8889 8.3
      vertex 78.4111 13.7542 8.3
    endloop
  endfacet
  facet normal 0.319721 0.676002 0.663928
    outer loop
      vertex 75.8015 10.1294 10
      vertex 76.2458 11.5889 8.3
      vertex 75.5334 10.2562 10
    endloop
  endfacet
  facet normal 0.600481 -0.445718 0.663896
    outer loop
      vertex 74.4184 14.7354 10
      vertex 75.6696 13.8889 8.3
      vertex 75.7632 14.015 8.3
    endloop
  endfacet
  facet normal 0.600316 -0.445949 0.663889
    outer loop
      vertex 75.6696 13.8889 8.3
      vertex 74.4184 14.7354 10
      vertex 74.4132 14.7284 10
    endloop
  endfacet
  facet normal 0.600682 -0.445407 0.663923
    outer loop
      vertex 75.7632 14.015 8.3
      vertex 74.5951 14.9737 10
      vertex 74.4184 14.7354 10
    endloop
  endfacet
  facet normal -0.641386 -0.384479 0.663928
    outer loop
      vertex 79.7438 14.4666 10
      vertex 79.5913 14.721 10
      vertex 78.4111 13.7542 8.3
    endloop
  endfacet
  facet normal 0.384324 -0.641493 0.663914
    outer loop
      vertex 75.279 15.5913 10
      vertex 76.1111 14.3304 8.3
      vertex 76.2458 14.4111 8.3
    endloop
  endfacet
  facet normal 0.388501 -0.638869 0.664013
    outer loop
      vertex 76.1111 14.3304 8.3
      vertex 75.279 15.5913 10
      vertex 75.2716 15.5868 10
    endloop
  endfacet
  facet normal 0.44181 -0.603241 0.664007
    outer loop
      vertex 75.2645 15.5816 10
      vertex 76.1111 14.3304 8.3
      vertex 75.2716 15.5868 10
    endloop
  endfacet
  facet normal 0.44571 -0.600471 0.66391
    outer loop
      vertex 76.1111 14.3304 8.3
      vertex 75.2645 15.5816 10
      vertex 75.985 14.2368 8.3
    endloop
  endfacet
  facet normal -0.109556 -0.739742 0.663912
    outer loop
      vertex 77.3121 14.5693 8.3
      vertex 77.3049 16.0961 10
      vertex 77.1568 14.5923 8.3
    endloop
  endfacet
  facet normal -0.109734 -0.739728 0.663898
    outer loop
      vertex 77.3049 16.0961 10
      vertex 77.3121 14.5693 8.3
      vertex 77.6069 16.0513 10
    endloop
  endfacet
  facet normal 0.317094 -0.677039 0.664131
    outer loop
      vertex 76.2458 14.4111 8.3
      vertex 75.8094 15.8743 10
      vertex 75.8015 15.8706 10
    endloop
  endfacet
  facet normal 0.319672 -0.676029 0.663924
    outer loop
      vertex 75.8094 15.8743 10
      vertex 76.2458 14.4111 8.3
      vertex 76.3877 14.4782 8.3
    endloop
  endfacet
  facet normal -0.600316 -0.445949 0.663889
    outer loop
      vertex 79.5816 14.7354 10
      vertex 78.3304 13.8889 8.3
      vertex 79.5868 14.7284 10
    endloop
  endfacet
  facet normal -0.600481 -0.445718 0.663896
    outer loop
      vertex 78.3304 13.8889 8.3
      vertex 79.5816 14.7354 10
      vertex 78.2368 14.015 8.3
    endloop
  endfacet
  facet normal 0.725385 0.181787 0.663905
    outer loop
      vertex 74.0229 12.0969 10
      vertex 75.4689 12.5355 8.3
      vertex 73.9508 12.3846 10
    endloop
  endfacet
  facet normal -0.0366786 -0.746909 0.663914
    outer loop
      vertex 77.1568 14.5923 8.3
      vertex 77 16.1111 10
      vertex 77 14.6 8.3
    endloop
  endfacet
  facet normal -0.0367453 -0.74691 0.663909
    outer loop
      vertex 77 16.1111 10
      vertex 77.1568 14.5923 8.3
      vertex 77.3049 16.0961 10
    endloop
  endfacet
  facet normal 0.600682 0.445407 0.663923
    outer loop
      vertex 74.5951 11.0263 10
      vertex 75.7632 11.985 8.3
      vertex 74.4184 11.2646 10
    endloop
  endfacet
  facet normal -0.0366962 0.746907 0.663915
    outer loop
      vertex 77.1568 11.4077 8.3
      vertex 77 9.88889 10
      vertex 77.3049 9.90387 10
    endloop
  endfacet
  facet normal -0.0366785 0.746907 0.663917
    outer loop
      vertex 77 9.88889 10
      vertex 77.1568 11.4077 8.3
      vertex 77 11.4 8.3
    endloop
  endfacet
  facet normal -0.705069 -0.249354 0.663852
    outer loop
      vertex 78.4782 13.6123 8.3
      vertex 79.8772 14.1824 10
      vertex 79.8743 14.1906 10
    endloop
  endfacet
  facet normal -0.704069 -0.251998 0.663916
    outer loop
      vertex 79.8772 14.1824 10
      vertex 78.4782 13.6123 8.3
      vertex 78.5311 13.4645 8.3
    endloop
  endfacet
  facet normal -0.704131 -0.251854 0.663904
    outer loop
      vertex 79.9771 13.9031 10
      vertex 79.8772 14.1824 10
      vertex 78.5311 13.4645 8.3
    endloop
  endfacet
  facet normal -0.44181 -0.603241 0.664007
    outer loop
      vertex 77.8889 14.3304 8.3
      vertex 78.7355 15.5816 10
      vertex 78.7284 15.5868 10
    endloop
  endfacet
  facet normal -0.44571 -0.600471 0.66391
    outer loop
      vertex 78.7355 15.5816 10
      vertex 77.8889 14.3304 8.3
      vertex 78.015 14.2368 8.3
    endloop
  endfacet
  facet normal 0.704131 0.251854 0.663904
    outer loop
      vertex 74.1228 11.8176 10
      vertex 75.4689 12.5355 8.3
      vertex 74.0229 12.0969 10
    endloop
  endfacet
  facet normal -0.249354 0.705069 0.663852
    outer loop
      vertex 77.6123 11.5218 8.3
      vertex 78.1824 10.1228 10
      vertex 78.1906 10.1257 10
    endloop
  endfacet
  facet normal -0.251998 0.704069 0.663916
    outer loop
      vertex 78.1824 10.1228 10
      vertex 77.6123 11.5218 8.3
      vertex 77.4645 11.4689 8.3
    endloop
  endfacet
  facet normal 0.704131 -0.251854 0.663904
    outer loop
      vertex 75.4689 13.4645 8.3
      vertex 74.1228 14.1824 10
      vertex 74.0229 13.9031 10
    endloop
  endfacet
  facet normal 0.554332 0.501947 0.663902
    outer loop
      vertex 75.7632 11.985 8.3
      vertex 74.8001 10.8001 10
      vertex 75.8686 11.8686 8.3
    endloop
  endfacet
  facet normal 0.554101 0.502169 0.663926
    outer loop
      vertex 74.8001 10.8001 10
      vertex 75.7632 11.985 8.3
      vertex 74.5951 11.0263 10
    endloop
  endfacet
  facet normal -0.704131 0.251854 0.663904
    outer loop
      vertex 79.8772 11.8176 10
      vertex 79.9771 12.0969 10
      vertex 78.5311 12.5355 8.3
    endloop
  endfacet
  facet normal -0.725385 0.181787 0.663905
    outer loop
      vertex 79.9771 12.0969 10
      vertex 80.0492 12.3846 10
      vertex 78.5311 12.5355 8.3
    endloop
  endfacet
  facet normal -0.725833 -0.179323 0.664086
    outer loop
      vertex 78.5311 13.4645 8.3
      vertex 80.0513 13.6069 10
      vertex 80.0492 13.6154 10
    endloop
  endfacet
  facet normal -0.725385 -0.181822 0.663895
    outer loop
      vertex 80.0513 13.6069 10
      vertex 78.5311 13.4645 8.3
      vertex 78.5693 13.3121 8.3
    endloop
  endfacet
  facet normal -0.641386 0.384479 0.663928
    outer loop
      vertex 79.5913 11.279 10
      vertex 79.7438 11.5334 10
      vertex 78.4111 12.2458 8.3
    endloop
  endfacet
  facet normal 0.641493 0.384324 0.663914
    outer loop
      vertex 74.4087 11.279 10
      vertex 75.6696 12.1111 8.3
      vertex 75.5889 12.2458 8.3
    endloop
  endfacet
  facet normal 0.638869 0.388501 0.664013
    outer loop
      vertex 75.6696 12.1111 8.3
      vertex 74.4087 11.279 10
      vertex 74.4132 11.2716 10
    endloop
  endfacet
  facet normal 0.676002 0.319721 0.663928
    outer loop
      vertex 74.2562 11.5334 10
      vertex 75.5889 12.2458 8.3
      vertex 74.1294 11.8015 10
    endloop
  endfacet
  facet normal 0.179323 -0.725833 0.664086
    outer loop
      vertex 76.5355 14.5311 8.3
      vertex 76.3931 16.0513 10
      vertex 76.3846 16.0492 10
    endloop
  endfacet
  facet normal 0.181822 -0.725385 0.663895
    outer loop
      vertex 76.3931 16.0513 10
      vertex 76.5355 14.5311 8.3
      vertex 76.6879 14.5693 8.3
    endloop
  endfacet
  facet normal 0.251854 -0.704131 0.663904
    outer loop
      vertex 76.5355 14.5311 8.3
      vertex 76.0969 15.9771 10
      vertex 75.8176 15.8772 10
    endloop
  endfacet
  facet normal 0.501927 0.554311 0.663934
    outer loop
      vertex 75.8686 11.8686 8.3
      vertex 75.0263 10.5951 10
      vertex 75.985 11.7632 8.3
    endloop
  endfacet
  facet normal 0.502179 0.554112 0.66391
    outer loop
      vertex 75.0263 10.5951 10
      vertex 75.8686 11.8686 8.3
      vertex 74.8001 10.8001 10
    endloop
  endfacet
  facet normal 0.746909 0.0366786 0.663914
    outer loop
      vertex 73.8889 13 10
      vertex 75.4077 12.8432 8.3
      vertex 75.4 13 8.3
    endloop
  endfacet
  facet normal 0.74691 0.0367453 0.663909
    outer loop
      vertex 75.4077 12.8432 8.3
      vertex 73.8889 13 10
      vertex 73.9039 12.6951 10
    endloop
  endfacet
  facet normal -0.181787 -0.725385 0.663905
    outer loop
      vertex 77.9031 15.9771 10
      vertex 77.6154 16.0492 10
      vertex 77.4645 14.5311 8.3
    endloop
  endfacet
  facet normal 0.676002 -0.319721 0.663928
    outer loop
      vertex 75.5889 13.7542 8.3
      vertex 74.2562 14.4666 10
      vertex 74.1294 14.1985 10
    endloop
  endfacet
  facet normal 0.0367453 -0.74691 0.663909
    outer loop
      vertex 76.8432 14.5923 8.3
      vertex 77 16.1111 10
      vertex 76.6951 16.0961 10
    endloop
  endfacet
  facet normal 0.0366786 -0.746909 0.663914
    outer loop
      vertex 77 16.1111 10
      vertex 76.8432 14.5923 8.3
      vertex 77 14.6 8.3
    endloop
  endfacet
  facet normal 0.641386 -0.384479 0.663928
    outer loop
      vertex 75.5889 13.7542 8.3
      vertex 74.4087 14.721 10
      vertex 74.2562 14.4666 10
    endloop
  endfacet
  facet normal 0.677039 -0.317094 0.664131
    outer loop
      vertex 74.1257 14.1906 10
      vertex 75.5889 13.7542 8.3
      vertex 74.1294 14.1985 10
    endloop
  endfacet
  facet normal 0.676029 -0.319672 0.663924
    outer loop
      vertex 75.5889 13.7542 8.3
      vertex 74.1257 14.1906 10
      vertex 75.5218 13.6123 8.3
    endloop
  endfacet
  facet normal 0.384479 0.641386 0.663928
    outer loop
      vertex 75.5334 10.2562 10
      vertex 76.2458 11.5889 8.3
      vertex 75.279 10.4087 10
    endloop
  endfacet
  facet normal 0.739742 0.109556 0.663912
    outer loop
      vertex 73.9039 12.6951 10
      vertex 75.4307 12.6879 8.3
      vertex 75.4077 12.8432 8.3
    endloop
  endfacet
  facet normal 0.739728 0.109734 0.663898
    outer loop
      vertex 75.4307 12.6879 8.3
      vertex 73.9039 12.6951 10
      vertex 73.9487 12.3931 10
    endloop
  endfacet
  facet normal 0.384479 -0.641386 0.663928
    outer loop
      vertex 76.2458 14.4111 8.3
      vertex 75.5334 15.7438 10
      vertex 75.279 15.5913 10
    endloop
  endfacet
  facet normal 0.501927 -0.554311 0.663934
    outer loop
      vertex 75.0263 15.4049 10
      vertex 75.8686 14.1314 8.3
      vertex 75.985 14.2368 8.3
    endloop
  endfacet
  facet normal 0.502179 -0.554112 0.66391
    outer loop
      vertex 75.8686 14.1314 8.3
      vertex 75.0263 15.4049 10
      vertex 74.8001 15.1999 10
    endloop
  endfacet
  facet normal -0.554101 -0.502169 0.663926
    outer loop
      vertex 79.1999 15.1999 10
      vertex 78.2368 14.015 8.3
      vertex 79.4049 14.9737 10
    endloop
  endfacet
  facet normal -0.554332 -0.501947 0.663902
    outer loop
      vertex 78.2368 14.015 8.3
      vertex 79.1999 15.1999 10
      vertex 78.1314 14.1314 8.3
    endloop
  endfacet
  facet normal 0.725385 0.181822 0.663895
    outer loop
      vertex 73.9487 12.3931 10
      vertex 75.4689 12.5355 8.3
      vertex 75.4307 12.6879 8.3
    endloop
  endfacet
  facet normal 0.725833 0.179323 0.664086
    outer loop
      vertex 75.4689 12.5355 8.3
      vertex 73.9487 12.3931 10
      vertex 73.9508 12.3846 10
    endloop
  endfacet
  facet normal 0.0366785 0.746907 0.663917
    outer loop
      vertex 76.8432 11.4077 8.3
      vertex 77 9.88889 10
      vertex 77 11.4 8.3
    endloop
  endfacet
  facet normal 0.0366962 0.746907 0.663915
    outer loop
      vertex 77 9.88889 10
      vertex 76.8432 11.4077 8.3
      vertex 76.6951 9.90387 10
    endloop
  endfacet
  facet normal 0.704069 0.251998 0.663916
    outer loop
      vertex 74.1228 11.8176 10
      vertex 75.5218 12.3877 8.3
      vertex 75.4689 12.5355 8.3
    endloop
  endfacet
  facet normal 0.705069 0.249354 0.663852
    outer loop
      vertex 75.5218 12.3877 8.3
      vertex 74.1228 11.8176 10
      vertex 74.1257 11.8094 10
    endloop
  endfacet
  facet normal 0.181821 0.725379 0.663902
    outer loop
      vertex 76.5355 11.4689 8.3
      vertex 76.3931 9.94867 10
      vertex 76.6879 11.4307 8.3
    endloop
  endfacet
  facet normal 0.180957 0.725534 0.663969
    outer loop
      vertex 76.3931 9.94867 10
      vertex 76.5355 11.4689 8.3
      vertex 76.3846 9.95079 10
    endloop
  endfacet
  facet normal -0.98921 -0.146502 0
    outer loop
      vertex 14.5923 77.1568 0
      vertex 14.5693 77.3121 8.3
      vertex 14.5693 77.3121 0
    endloop
  endfacet
  facet normal -0.98921 -0.146502 0
    outer loop
      vertex 14.5693 77.3121 8.3
      vertex 14.5923 77.1568 0
      vertex 14.5923 77.1568 8.3
    endloop
  endfacet
  facet normal -0.998796 -0.049048 0
    outer loop
      vertex 14.6 77 0
      vertex 14.5923 77.1568 8.3
      vertex 14.5923 77.1568 0
    endloop
  endfacet
  facet normal -0.998796 -0.049048 0
    outer loop
      vertex 14.5923 77.1568 8.3
      vertex 14.6 77 0
      vertex 14.6 77 8.3
    endloop
  endfacet
  facet normal -0.969993 -0.243135 0
    outer loop
      vertex 14.5693 77.3121 0
      vertex 14.5311 77.4645 8.3
      vertex 14.5311 77.4645 0
    endloop
  endfacet
  facet normal -0.969993 -0.243135 0
    outer loop
      vertex 14.5311 77.4645 8.3
      vertex 14.5693 77.3121 0
      vertex 14.5693 77.3121 8.3
    endloop
  endfacet
  facet normal -0.427484 -0.904023 0
    outer loop
      vertex 13.6123 78.4782 0
      vertex 13.7542 78.4111 8.3
      vertex 13.6123 78.4782 8.3
    endloop
  endfacet
  facet normal -0.427484 -0.904023 -0
    outer loop
      vertex 13.7542 78.4111 8.3
      vertex 13.6123 78.4782 0
      vertex 13.7542 78.4111 0
    endloop
  endfacet
  facet normal 0.243135 0.969993 -0
    outer loop
      vertex 12.6879 75.4307 0
      vertex 12.5355 75.4689 8.3
      vertex 12.6879 75.4307 8.3
    endloop
  endfacet
  facet normal 0.243135 0.969993 0
    outer loop
      vertex 12.5355 75.4689 8.3
      vertex 12.6879 75.4307 0
      vertex 12.5355 75.4689 0
    endloop
  endfacet
  facet normal 0.85783 0.513934 0
    outer loop
      vertex 11.6696 76.1111 8.3
      vertex 11.5889 76.2458 0
      vertex 11.5889 76.2458 8.3
    endloop
  endfacet
  facet normal 0.85783 0.513934 0
    outer loop
      vertex 11.5889 76.2458 0
      vertex 11.6696 76.1111 8.3
      vertex 11.6696 76.1111 0
    endloop
  endfacet
  facet normal -0.146502 0.98921 0
    outer loop
      vertex 13.3121 75.4307 0
      vertex 13.1568 75.4077 8.3
      vertex 13.3121 75.4307 8.3
    endloop
  endfacet
  facet normal -0.146502 0.98921 0
    outer loop
      vertex 13.1568 75.4077 8.3
      vertex 13.3121 75.4307 0
      vertex 13.1568 75.4077 0
    endloop
  endfacet
  facet normal -0.741264 -0.671213 0
    outer loop
      vertex 14.2368 78.015 0
      vertex 14.1314 78.1314 8.3
      vertex 14.1314 78.1314 0
    endloop
  endfacet
  facet normal -0.741264 -0.671213 0
    outer loop
      vertex 14.1314 78.1314 8.3
      vertex 14.2368 78.015 0
      vertex 14.2368 78.015 8.3
    endloop
  endfacet
  facet normal 0.513934 -0.85783 0
    outer loop
      vertex 12.1111 78.3304 0
      vertex 12.2458 78.4111 8.3
      vertex 12.1111 78.3304 8.3
    endloop
  endfacet
  facet normal 0.513934 -0.85783 0
    outer loop
      vertex 12.2458 78.4111 8.3
      vertex 12.1111 78.3304 0
      vertex 12.2458 78.4111 0
    endloop
  endfacet
  facet normal -0.741264 0.671213 0
    outer loop
      vertex 14.1314 75.8686 0
      vertex 14.2368 75.985 8.3
      vertex 14.2368 75.985 0
    endloop
  endfacet
  facet normal -0.741264 0.671213 0
    outer loop
      vertex 14.2368 75.985 8.3
      vertex 14.1314 75.8686 0
      vertex 14.1314 75.8686 8.3
    endloop
  endfacet
  facet normal -0.513934 0.85783 0
    outer loop
      vertex 13.8889 75.6696 0
      vertex 13.7542 75.5889 8.3
      vertex 13.8889 75.6696 8.3
    endloop
  endfacet
  facet normal -0.513934 0.85783 0
    outer loop
      vertex 13.7542 75.5889 8.3
      vertex 13.8889 75.6696 0
      vertex 13.7542 75.5889 0
    endloop
  endfacet
  facet normal -0.243135 -0.969993 0
    outer loop
      vertex 13.3121 78.5693 0
      vertex 13.4645 78.5311 8.3
      vertex 13.3121 78.5693 8.3
    endloop
  endfacet
  facet normal -0.243135 -0.969993 -0
    outer loop
      vertex 13.4645 78.5311 8.3
      vertex 13.3121 78.5693 0
      vertex 13.4645 78.5311 0
    endloop
  endfacet
  facet normal 0.98921 -0.146502 0
    outer loop
      vertex 11.4077 77.1568 8.3
      vertex 11.4307 77.3121 0
      vertex 11.4307 77.3121 8.3
    endloop
  endfacet
  facet normal 0.98921 -0.146502 0
    outer loop
      vertex 11.4307 77.3121 0
      vertex 11.4077 77.1568 8.3
      vertex 11.4077 77.1568 0
    endloop
  endfacet
  facet normal -0.85783 -0.513934 0
    outer loop
      vertex 14.4111 77.7542 0
      vertex 14.3304 77.8889 8.3
      vertex 14.3304 77.8889 0
    endloop
  endfacet
  facet normal -0.85783 -0.513934 0
    outer loop
      vertex 14.3304 77.8889 8.3
      vertex 14.4111 77.7542 0
      vertex 14.4111 77.7542 8.3
    endloop
  endfacet
  facet normal -0.969993 0.243135 0
    outer loop
      vertex 14.5311 76.5355 0
      vertex 14.5693 76.6879 8.3
      vertex 14.5693 76.6879 0
    endloop
  endfacet
  facet normal -0.969993 0.243135 0
    outer loop
      vertex 14.5693 76.6879 8.3
      vertex 14.5311 76.5355 0
      vertex 14.5311 76.5355 8.3
    endloop
  endfacet
  facet normal 0.146502 0.98921 -0
    outer loop
      vertex 12.8432 75.4077 0
      vertex 12.6879 75.4307 8.3
      vertex 12.8432 75.4077 8.3
    endloop
  endfacet
  facet normal 0.146502 0.98921 0
    outer loop
      vertex 12.6879 75.4307 8.3
      vertex 12.8432 75.4077 0
      vertex 12.6879 75.4307 0
    endloop
  endfacet
  facet normal 0.998796 0.049048 0
    outer loop
      vertex 11.4077 76.8432 8.3
      vertex 11.4 77 0
      vertex 11.4 77 8.3
    endloop
  endfacet
  facet normal 0.998796 0.049048 0
    outer loop
      vertex 11.4 77 0
      vertex 11.4077 76.8432 8.3
      vertex 11.4077 76.8432 0
    endloop
  endfacet
  facet normal -0.146502 -0.98921 0
    outer loop
      vertex 13.1568 78.5923 0
      vertex 13.3121 78.5693 8.3
      vertex 13.1568 78.5923 8.3
    endloop
  endfacet
  facet normal -0.146502 -0.98921 -0
    outer loop
      vertex 13.3121 78.5693 8.3
      vertex 13.1568 78.5923 0
      vertex 13.3121 78.5693 0
    endloop
  endfacet
  facet normal -0.941511 -0.336982 0
    outer loop
      vertex 14.5311 77.4645 0
      vertex 14.4782 77.6123 8.3
      vertex 14.4782 77.6123 0
    endloop
  endfacet
  facet normal -0.941511 -0.336982 0
    outer loop
      vertex 14.4782 77.6123 8.3
      vertex 14.5311 77.4645 0
      vertex 14.5311 77.4645 8.3
    endloop
  endfacet
  facet normal -0.671213 -0.741264 0
    outer loop
      vertex 14.015 78.2368 0
      vertex 14.1314 78.1314 8.3
      vertex 14.015 78.2368 8.3
    endloop
  endfacet
  facet normal -0.671213 -0.741264 -0
    outer loop
      vertex 14.1314 78.1314 8.3
      vertex 14.015 78.2368 0
      vertex 14.1314 78.1314 0
    endloop
  endfacet
  facet normal 0.969993 0.243135 0
    outer loop
      vertex 11.4689 76.5355 8.3
      vertex 11.4307 76.6879 0
      vertex 11.4307 76.6879 8.3
    endloop
  endfacet
  facet normal 0.969993 0.243135 0
    outer loop
      vertex 11.4307 76.6879 0
      vertex 11.4689 76.5355 8.3
      vertex 11.4689 76.5355 0
    endloop
  endfacet
  facet normal 0.336982 -0.941511 0
    outer loop
      vertex 12.3877 78.4782 0
      vertex 12.5355 78.5311 8.3
      vertex 12.3877 78.4782 8.3
    endloop
  endfacet
  facet normal 0.336982 -0.941511 0
    outer loop
      vertex 12.5355 78.5311 8.3
      vertex 12.3877 78.4782 0
      vertex 12.5355 78.5311 0
    endloop
  endfacet
  facet normal 0.941511 0.336982 0
    outer loop
      vertex 11.5218 76.3877 8.3
      vertex 11.4689 76.5355 0
      vertex 11.4689 76.5355 8.3
    endloop
  endfacet
  facet normal 0.941511 0.336982 0
    outer loop
      vertex 11.4689 76.5355 0
      vertex 11.5218 76.3877 8.3
      vertex 11.5218 76.3877 0
    endloop
  endfacet
  facet normal -0.336982 -0.941511 0
    outer loop
      vertex 13.4645 78.5311 0
      vertex 13.6123 78.4782 8.3
      vertex 13.4645 78.5311 8.3
    endloop
  endfacet
  facet normal -0.336982 -0.941511 -0
    outer loop
      vertex 13.6123 78.4782 8.3
      vertex 13.4645 78.5311 0
      vertex 13.6123 78.4782 0
    endloop
  endfacet
  facet normal 0.80297 -0.596019 0
    outer loop
      vertex 11.6696 77.8889 8.3
      vertex 11.7632 78.015 0
      vertex 11.7632 78.015 8.3
    endloop
  endfacet
  facet normal 0.80297 -0.596019 0
    outer loop
      vertex 11.7632 78.015 0
      vertex 11.6696 77.8889 8.3
      vertex 11.6696 77.8889 0
    endloop
  endfacet
  facet normal -0.80297 -0.596019 0
    outer loop
      vertex 14.3304 77.8889 0
      vertex 14.2368 78.015 8.3
      vertex 14.2368 78.015 0
    endloop
  endfacet
  facet normal -0.80297 -0.596019 0
    outer loop
      vertex 14.2368 78.015 8.3
      vertex 14.3304 77.8889 0
      vertex 14.3304 77.8889 8.3
    endloop
  endfacet
  facet normal 0.969993 -0.243135 0
    outer loop
      vertex 11.4307 77.3121 8.3
      vertex 11.4689 77.4645 0
      vertex 11.4689 77.4645 8.3
    endloop
  endfacet
  facet normal 0.969993 -0.243135 0
    outer loop
      vertex 11.4689 77.4645 0
      vertex 11.4307 77.3121 8.3
      vertex 11.4307 77.3121 0
    endloop
  endfacet
  facet normal 0.671213 -0.741264 0
    outer loop
      vertex 11.8686 78.1314 0
      vertex 11.985 78.2368 8.3
      vertex 11.8686 78.1314 8.3
    endloop
  endfacet
  facet normal 0.671213 -0.741264 0
    outer loop
      vertex 11.985 78.2368 8.3
      vertex 11.8686 78.1314 0
      vertex 11.985 78.2368 0
    endloop
  endfacet
  facet normal -0.427484 0.904023 0
    outer loop
      vertex 13.7542 75.5889 0
      vertex 13.6123 75.5218 8.3
      vertex 13.7542 75.5889 8.3
    endloop
  endfacet
  facet normal -0.427484 0.904023 0
    outer loop
      vertex 13.6123 75.5218 8.3
      vertex 13.7542 75.5889 0
      vertex 13.6123 75.5218 0
    endloop
  endfacet
  facet normal 0.243135 -0.969993 0
    outer loop
      vertex 12.5355 78.5311 0
      vertex 12.6879 78.5693 8.3
      vertex 12.5355 78.5311 8.3
    endloop
  endfacet
  facet normal 0.243135 -0.969993 0
    outer loop
      vertex 12.6879 78.5693 8.3
      vertex 12.5355 78.5311 0
      vertex 12.6879 78.5693 0
    endloop
  endfacet
  facet normal 0.941511 -0.336982 0
    outer loop
      vertex 11.4689 77.4645 8.3
      vertex 11.5218 77.6123 0
      vertex 11.5218 77.6123 8.3
    endloop
  endfacet
  facet normal 0.941511 -0.336982 0
    outer loop
      vertex 11.5218 77.6123 0
      vertex 11.4689 77.4645 8.3
      vertex 11.4689 77.4645 0
    endloop
  endfacet
  facet normal -0.513934 -0.85783 0
    outer loop
      vertex 13.7542 78.4111 0
      vertex 13.8889 78.3304 8.3
      vertex 13.7542 78.4111 8.3
    endloop
  endfacet
  facet normal -0.513934 -0.85783 -0
    outer loop
      vertex 13.8889 78.3304 8.3
      vertex 13.7542 78.4111 0
      vertex 13.8889 78.3304 0
    endloop
  endfacet
  facet normal 0.513934 0.85783 -0
    outer loop
      vertex 12.2458 75.5889 0
      vertex 12.1111 75.6696 8.3
      vertex 12.2458 75.5889 8.3
    endloop
  endfacet
  facet normal 0.513934 0.85783 0
    outer loop
      vertex 12.1111 75.6696 8.3
      vertex 12.2458 75.5889 0
      vertex 12.1111 75.6696 0
    endloop
  endfacet
  facet normal 0.596019 -0.80297 0
    outer loop
      vertex 11.985 78.2368 0
      vertex 12.1111 78.3304 8.3
      vertex 11.985 78.2368 8.3
    endloop
  endfacet
  facet normal 0.596019 -0.80297 0
    outer loop
      vertex 12.1111 78.3304 8.3
      vertex 11.985 78.2368 0
      vertex 12.1111 78.3304 0
    endloop
  endfacet
  facet normal -0.049048 0.998796 0
    outer loop
      vertex 13.1568 75.4077 0
      vertex 13 75.4 8.3
      vertex 13.1568 75.4077 8.3
    endloop
  endfacet
  facet normal -0.049048 0.998796 0
    outer loop
      vertex 13 75.4 8.3
      vertex 13.1568 75.4077 0
      vertex 13 75.4 0
    endloop
  endfacet
  facet normal -0.941511 0.336982 0
    outer loop
      vertex 14.4782 76.3877 0
      vertex 14.5311 76.5355 8.3
      vertex 14.5311 76.5355 0
    endloop
  endfacet
  facet normal -0.941511 0.336982 0
    outer loop
      vertex 14.5311 76.5355 8.3
      vertex 14.4782 76.3877 0
      vertex 14.4782 76.3877 8.3
    endloop
  endfacet
  facet normal -0.80297 0.596019 0
    outer loop
      vertex 14.2368 75.985 0
      vertex 14.3304 76.1111 8.3
      vertex 14.3304 76.1111 0
    endloop
  endfacet
  facet normal -0.80297 0.596019 0
    outer loop
      vertex 14.3304 76.1111 8.3
      vertex 14.2368 75.985 0
      vertex 14.2368 75.985 8.3
    endloop
  endfacet
  facet normal -0.98921 0.146502 0
    outer loop
      vertex 14.5693 76.6879 0
      vertex 14.5923 76.8432 8.3
      vertex 14.5923 76.8432 0
    endloop
  endfacet
  facet normal -0.98921 0.146502 0
    outer loop
      vertex 14.5923 76.8432 8.3
      vertex 14.5693 76.6879 0
      vertex 14.5693 76.6879 8.3
    endloop
  endfacet
  facet normal 0.85783 -0.513934 0
    outer loop
      vertex 11.5889 77.7542 8.3
      vertex 11.6696 77.8889 0
      vertex 11.6696 77.8889 8.3
    endloop
  endfacet
  facet normal 0.85783 -0.513934 0
    outer loop
      vertex 11.6696 77.8889 0
      vertex 11.5889 77.7542 8.3
      vertex 11.5889 77.7542 0
    endloop
  endfacet
  facet normal -0.904023 -0.427484 0
    outer loop
      vertex 14.4782 77.6123 0
      vertex 14.4111 77.7542 8.3
      vertex 14.4111 77.7542 0
    endloop
  endfacet
  facet normal -0.904023 -0.427484 0
    outer loop
      vertex 14.4111 77.7542 8.3
      vertex 14.4782 77.6123 0
      vertex 14.4782 77.6123 8.3
    endloop
  endfacet
  facet normal 0.427484 -0.904023 0
    outer loop
      vertex 12.2458 78.4111 0
      vertex 12.3877 78.4782 8.3
      vertex 12.2458 78.4111 8.3
    endloop
  endfacet
  facet normal 0.427484 -0.904023 0
    outer loop
      vertex 12.3877 78.4782 8.3
      vertex 12.2458 78.4111 0
      vertex 12.3877 78.4782 0
    endloop
  endfacet
  facet normal -0.596019 0.80297 0
    outer loop
      vertex 14.015 75.7632 0
      vertex 13.8889 75.6696 8.3
      vertex 14.015 75.7632 8.3
    endloop
  endfacet
  facet normal -0.596019 0.80297 0
    outer loop
      vertex 13.8889 75.6696 8.3
      vertex 14.015 75.7632 0
      vertex 13.8889 75.6696 0
    endloop
  endfacet
  facet normal -0.596019 -0.80297 0
    outer loop
      vertex 13.8889 78.3304 0
      vertex 14.015 78.2368 8.3
      vertex 13.8889 78.3304 8.3
    endloop
  endfacet
  facet normal -0.596019 -0.80297 -0
    outer loop
      vertex 14.015 78.2368 8.3
      vertex 13.8889 78.3304 0
      vertex 14.015 78.2368 0
    endloop
  endfacet
  facet normal 0.671213 0.741264 -0
    outer loop
      vertex 11.985 75.7632 0
      vertex 11.8686 75.8686 8.3
      vertex 11.985 75.7632 8.3
    endloop
  endfacet
  facet normal 0.671213 0.741264 0
    outer loop
      vertex 11.8686 75.8686 8.3
      vertex 11.985 75.7632 0
      vertex 11.8686 75.8686 0
    endloop
  endfacet
  facet normal -0.998796 0.049048 0
    outer loop
      vertex 14.5923 76.8432 0
      vertex 14.6 77 8.3
      vertex 14.6 77 0
    endloop
  endfacet
  facet normal -0.998796 0.049048 0
    outer loop
      vertex 14.6 77 8.3
      vertex 14.5923 76.8432 0
      vertex 14.5923 76.8432 8.3
    endloop
  endfacet
  facet normal 0.80297 0.596019 0
    outer loop
      vertex 11.7632 75.985 8.3
      vertex 11.6696 76.1111 0
      vertex 11.6696 76.1111 8.3
    endloop
  endfacet
  facet normal 0.80297 0.596019 0
    outer loop
      vertex 11.6696 76.1111 0
      vertex 11.7632 75.985 8.3
      vertex 11.7632 75.985 0
    endloop
  endfacet
  facet normal 0.904023 0.427484 0
    outer loop
      vertex 11.5889 76.2458 8.3
      vertex 11.5218 76.3877 0
      vertex 11.5218 76.3877 8.3
    endloop
  endfacet
  facet normal 0.904023 0.427484 0
    outer loop
      vertex 11.5218 76.3877 0
      vertex 11.5889 76.2458 8.3
      vertex 11.5889 76.2458 0
    endloop
  endfacet
  facet normal -0.049048 -0.998796 0
    outer loop
      vertex 13 78.6 0
      vertex 13.1568 78.5923 8.3
      vertex 13 78.6 8.3
    endloop
  endfacet
  facet normal -0.049048 -0.998796 -0
    outer loop
      vertex 13.1568 78.5923 8.3
      vertex 13 78.6 0
      vertex 13.1568 78.5923 0
    endloop
  endfacet
  facet normal 0.049048 -0.998796 0
    outer loop
      vertex 12.8432 78.5923 0
      vertex 13 78.6 8.3
      vertex 12.8432 78.5923 8.3
    endloop
  endfacet
  facet normal 0.049048 -0.998796 0
    outer loop
      vertex 13 78.6 8.3
      vertex 12.8432 78.5923 0
      vertex 13 78.6 0
    endloop
  endfacet
  facet normal 0.427484 0.904023 -0
    outer loop
      vertex 12.3877 75.5218 0
      vertex 12.2458 75.5889 8.3
      vertex 12.3877 75.5218 8.3
    endloop
  endfacet
  facet normal 0.427484 0.904023 0
    outer loop
      vertex 12.2458 75.5889 8.3
      vertex 12.3877 75.5218 0
      vertex 12.2458 75.5889 0
    endloop
  endfacet
  facet normal 0.146502 -0.98921 0
    outer loop
      vertex 12.6879 78.5693 0
      vertex 12.8432 78.5923 8.3
      vertex 12.6879 78.5693 8.3
    endloop
  endfacet
  facet normal 0.146502 -0.98921 0
    outer loop
      vertex 12.8432 78.5923 8.3
      vertex 12.6879 78.5693 0
      vertex 12.8432 78.5923 0
    endloop
  endfacet
  facet normal 0.98921 0.146502 0
    outer loop
      vertex 11.4307 76.6879 8.3
      vertex 11.4077 76.8432 0
      vertex 11.4077 76.8432 8.3
    endloop
  endfacet
  facet normal 0.98921 0.146502 0
    outer loop
      vertex 11.4077 76.8432 0
      vertex 11.4307 76.6879 8.3
      vertex 11.4307 76.6879 0
    endloop
  endfacet
  facet normal -0.336982 0.941511 0
    outer loop
      vertex 13.6123 75.5218 0
      vertex 13.4645 75.4689 8.3
      vertex 13.6123 75.5218 8.3
    endloop
  endfacet
  facet normal -0.336982 0.941511 0
    outer loop
      vertex 13.4645 75.4689 8.3
      vertex 13.6123 75.5218 0
      vertex 13.4645 75.4689 0
    endloop
  endfacet
  facet normal -0.243135 0.969993 0
    outer loop
      vertex 13.4645 75.4689 0
      vertex 13.3121 75.4307 8.3
      vertex 13.4645 75.4689 8.3
    endloop
  endfacet
  facet normal -0.243135 0.969993 0
    outer loop
      vertex 13.3121 75.4307 8.3
      vertex 13.4645 75.4689 0
      vertex 13.3121 75.4307 0
    endloop
  endfacet
  facet normal 0.904023 -0.427484 0
    outer loop
      vertex 11.5218 77.6123 8.3
      vertex 11.5889 77.7542 0
      vertex 11.5889 77.7542 8.3
    endloop
  endfacet
  facet normal 0.904023 -0.427484 0
    outer loop
      vertex 11.5889 77.7542 0
      vertex 11.5218 77.6123 8.3
      vertex 11.5218 77.6123 0
    endloop
  endfacet
  facet normal 0.741264 0.671213 0
    outer loop
      vertex 11.8686 75.8686 8.3
      vertex 11.7632 75.985 0
      vertex 11.7632 75.985 8.3
    endloop
  endfacet
  facet normal 0.741264 0.671213 0
    outer loop
      vertex 11.7632 75.985 0
      vertex 11.8686 75.8686 8.3
      vertex 11.8686 75.8686 0
    endloop
  endfacet
  facet normal 0.596019 0.80297 -0
    outer loop
      vertex 12.1111 75.6696 0
      vertex 11.985 75.7632 8.3
      vertex 12.1111 75.6696 8.3
    endloop
  endfacet
  facet normal 0.596019 0.80297 0
    outer loop
      vertex 11.985 75.7632 8.3
      vertex 12.1111 75.6696 0
      vertex 11.985 75.7632 0
    endloop
  endfacet
  facet normal -0.904023 0.427484 0
    outer loop
      vertex 14.4111 76.2458 0
      vertex 14.4782 76.3877 8.3
      vertex 14.4782 76.3877 0
    endloop
  endfacet
  facet normal -0.904023 0.427484 0
    outer loop
      vertex 14.4782 76.3877 8.3
      vertex 14.4111 76.2458 0
      vertex 14.4111 76.2458 8.3
    endloop
  endfacet
  facet normal -0.85783 0.513934 0
    outer loop
      vertex 14.3304 76.1111 0
      vertex 14.4111 76.2458 8.3
      vertex 14.4111 76.2458 0
    endloop
  endfacet
  facet normal -0.85783 0.513934 0
    outer loop
      vertex 14.4111 76.2458 8.3
      vertex 14.3304 76.1111 0
      vertex 14.3304 76.1111 8.3
    endloop
  endfacet
  facet normal 0.741264 -0.671213 0
    outer loop
      vertex 11.7632 78.015 8.3
      vertex 11.8686 78.1314 0
      vertex 11.8686 78.1314 8.3
    endloop
  endfacet
  facet normal 0.741264 -0.671213 0
    outer loop
      vertex 11.8686 78.1314 0
      vertex 11.7632 78.015 8.3
      vertex 11.7632 78.015 0
    endloop
  endfacet
  facet normal 0.049048 0.998796 -0
    outer loop
      vertex 13 75.4 0
      vertex 12.8432 75.4077 8.3
      vertex 13 75.4 8.3
    endloop
  endfacet
  facet normal 0.049048 0.998796 0
    outer loop
      vertex 12.8432 75.4077 8.3
      vertex 13 75.4 0
      vertex 12.8432 75.4077 0
    endloop
  endfacet
  facet normal 0.998796 -0.049048 0
    outer loop
      vertex 11.4 77 8.3
      vertex 11.4077 77.1568 0
      vertex 11.4077 77.1568 8.3
    endloop
  endfacet
  facet normal 0.998796 -0.049048 0
    outer loop
      vertex 11.4077 77.1568 0
      vertex 11.4 77 8.3
      vertex 11.4 77 0
    endloop
  endfacet
  facet normal 0.336982 0.941511 -0
    outer loop
      vertex 12.5355 75.4689 0
      vertex 12.3877 75.5218 8.3
      vertex 12.5355 75.4689 8.3
    endloop
  endfacet
  facet normal 0.336982 0.941511 0
    outer loop
      vertex 12.3877 75.5218 8.3
      vertex 12.5355 75.4689 0
      vertex 12.3877 75.5218 0
    endloop
  endfacet
  facet normal -0.671213 0.741264 0
    outer loop
      vertex 14.1314 75.8686 0
      vertex 14.015 75.7632 8.3
      vertex 14.1314 75.8686 8.3
    endloop
  endfacet
  facet normal -0.671213 0.741264 0
    outer loop
      vertex 14.015 75.7632 8.3
      vertex 14.1314 75.8686 0
      vertex 14.015 75.7632 0
    endloop
  endfacet
  facet normal 0.319672 0.676029 0.663924
    outer loop
      vertex 12.2458 75.5889 8.3
      vertex 11.8094 74.1257 10
      vertex 12.3877 75.5218 8.3
    endloop
  endfacet
  facet normal 0.317094 0.677039 0.664131
    outer loop
      vertex 11.8094 74.1257 10
      vertex 12.2458 75.5889 8.3
      vertex 11.8015 74.1294 10
    endloop
  endfacet
  facet normal -0.251998 -0.704069 0.663916
    outer loop
      vertex 13.6123 78.4782 8.3
      vertex 14.1824 79.8772 10
      vertex 13.4645 78.5311 8.3
    endloop
  endfacet
  facet normal -0.249354 -0.705069 0.663852
    outer loop
      vertex 14.1824 79.8772 10
      vertex 13.6123 78.4782 8.3
      vertex 14.1906 79.8743 10
    endloop
  endfacet
  facet normal 0.109556 0.739742 0.663912
    outer loop
      vertex 12.6879 75.4307 8.3
      vertex 12.6951 73.9039 10
      vertex 12.8432 75.4077 8.3
    endloop
  endfacet
  facet normal 0.109734 0.739728 0.663898
    outer loop
      vertex 12.6951 73.9039 10
      vertex 12.6879 75.4307 8.3
      vertex 12.3931 73.9487 10
    endloop
  endfacet
  facet normal 0.445407 -0.600682 0.663923
    outer loop
      vertex 11.985 78.2368 8.3
      vertex 11.2646 79.5816 10
      vertex 11.0263 79.4049 10
    endloop
  endfacet
  facet normal 0.676029 0.319672 0.663924
    outer loop
      vertex 10.1257 75.8094 10
      vertex 11.5889 76.2458 8.3
      vertex 11.5218 76.3877 8.3
    endloop
  endfacet
  facet normal 0.677039 0.317094 0.664131
    outer loop
      vertex 11.5889 76.2458 8.3
      vertex 10.1257 75.8094 10
      vertex 10.1294 75.8015 10
    endloop
  endfacet
  facet normal -0.388501 -0.638869 0.664013
    outer loop
      vertex 14.721 79.5913 10
      vertex 13.8889 78.3304 8.3
      vertex 14.7284 79.5868 10
    endloop
  endfacet
  facet normal -0.384324 -0.641493 0.663914
    outer loop
      vertex 13.8889 78.3304 8.3
      vertex 14.721 79.5913 10
      vertex 13.7542 78.4111 8.3
    endloop
  endfacet
  facet normal -0.109734 0.739728 0.663898
    outer loop
      vertex 13.3121 75.4307 8.3
      vertex 13.3049 73.9039 10
      vertex 13.6069 73.9487 10
    endloop
  endfacet
  facet normal -0.109556 0.739742 0.663912
    outer loop
      vertex 13.3049 73.9039 10
      vertex 13.3121 75.4307 8.3
      vertex 13.1568 75.4077 8.3
    endloop
  endfacet
  facet normal -0.739742 0.109556 0.663912
    outer loop
      vertex 14.5693 76.6879 8.3
      vertex 16.0961 76.6951 10
      vertex 14.5923 76.8432 8.3
    endloop
  endfacet
  facet normal -0.739728 0.109734 0.663898
    outer loop
      vertex 16.0961 76.6951 10
      vertex 14.5693 76.6879 8.3
      vertex 16.0513 76.3931 10
    endloop
  endfacet
  facet normal -0.388501 0.638869 0.664013
    outer loop
      vertex 13.8889 75.6696 8.3
      vertex 14.721 74.4087 10
      vertex 14.7284 74.4132 10
    endloop
  endfacet
  facet normal -0.384324 0.641493 0.663914
    outer loop
      vertex 14.721 74.4087 10
      vertex 13.8889 75.6696 8.3
      vertex 13.7542 75.5889 8.3
    endloop
  endfacet
  facet normal -0.445407 -0.600682 0.663923
    outer loop
      vertex 14.9737 79.4049 10
      vertex 14.7354 79.5816 10
      vertex 14.015 78.2368 8.3
    endloop
  endfacet
  facet normal -0.502179 -0.554112 0.66391
    outer loop
      vertex 14.9737 79.4049 10
      vertex 14.1314 78.1314 8.3
      vertex 15.1999 79.1999 10
    endloop
  endfacet
  facet normal -0.501927 -0.554311 0.663934
    outer loop
      vertex 14.1314 78.1314 8.3
      vertex 14.9737 79.4049 10
      vertex 14.015 78.2368 8.3
    endloop
  endfacet
  facet normal 0.725379 -0.181811 0.663906
    outer loop
      vertex 11.4689 77.4645 8.3
      vertex 10.0229 77.9031 10
      vertex 9.95079 77.6154 10
    endloop
  endfacet
  facet normal -0.704069 0.251998 0.663916
    outer loop
      vertex 14.4782 76.3877 8.3
      vertex 15.8772 75.8176 10
      vertex 14.5311 76.5355 8.3
    endloop
  endfacet
  facet normal -0.705069 0.249354 0.663852
    outer loop
      vertex 15.8772 75.8176 10
      vertex 14.4782 76.3877 8.3
      vertex 15.8743 75.8094 10
    endloop
  endfacet
  facet normal 0.445718 0.600481 0.663896
    outer loop
      vertex 11.2646 74.4184 10
      vertex 12.1111 75.6696 8.3
      vertex 11.985 75.7632 8.3
    endloop
  endfacet
  facet normal 0.445949 0.600316 0.663889
    outer loop
      vertex 12.1111 75.6696 8.3
      vertex 11.2646 74.4184 10
      vertex 11.2716 74.4132 10
    endloop
  endfacet
  facet normal 0.641386 0.384479 0.663928
    outer loop
      vertex 10.4087 75.279 10
      vertex 11.5889 76.2458 8.3
      vertex 10.2562 75.5334 10
    endloop
  endfacet
  facet normal 0.251998 0.704069 0.663916
    outer loop
      vertex 12.3877 75.5218 8.3
      vertex 11.8176 74.1228 10
      vertex 12.5355 75.4689 8.3
    endloop
  endfacet
  facet normal 0.249354 0.705069 0.663852
    outer loop
      vertex 11.8176 74.1228 10
      vertex 12.3877 75.5218 8.3
      vertex 11.8094 74.1257 10
    endloop
  endfacet
  facet normal 0.109734 -0.739728 0.663898
    outer loop
      vertex 12.6879 78.5693 8.3
      vertex 12.6951 80.0961 10
      vertex 12.3931 80.0513 10
    endloop
  endfacet
  facet normal 0.109556 -0.739742 0.663912
    outer loop
      vertex 12.6951 80.0961 10
      vertex 12.6879 78.5693 8.3
      vertex 12.8432 78.5923 8.3
    endloop
  endfacet
  facet normal 0.181787 -0.725385 0.663905
    outer loop
      vertex 12.5355 78.5311 8.3
      vertex 12.3846 80.0492 10
      vertex 12.0969 79.9771 10
    endloop
  endfacet
  facet normal -0.641493 0.384324 0.663914
    outer loop
      vertex 14.3304 76.1111 8.3
      vertex 15.5913 75.279 10
      vertex 14.4111 76.2458 8.3
    endloop
  endfacet
  facet normal -0.638869 0.388501 0.664013
    outer loop
      vertex 15.5913 75.279 10
      vertex 14.3304 76.1111 8.3
      vertex 15.5868 75.2716 10
    endloop
  endfacet
  facet normal -0.384479 0.641386 0.663928
    outer loop
      vertex 14.4666 74.2562 10
      vertex 14.721 74.4087 10
      vertex 13.7542 75.5889 8.3
    endloop
  endfacet
  facet normal -0.603241 0.44181 0.664007
    outer loop
      vertex 14.3304 76.1111 8.3
      vertex 15.5816 75.2645 10
      vertex 15.5868 75.2716 10
    endloop
  endfacet
  facet normal -0.600471 0.44571 0.66391
    outer loop
      vertex 15.5816 75.2645 10
      vertex 14.3304 76.1111 8.3
      vertex 14.2368 75.985 8.3
    endloop
  endfacet
  facet normal -0.676002 0.319721 0.663928
    outer loop
      vertex 15.7438 75.5334 10
      vertex 15.8706 75.8015 10
      vertex 14.4111 76.2458 8.3
    endloop
  endfacet
  facet normal 0.600471 0.44571 0.66391
    outer loop
      vertex 11.6696 76.1111 8.3
      vertex 10.4184 75.2645 10
      vertex 11.7632 75.985 8.3
    endloop
  endfacet
  facet normal 0.603241 0.44181 0.664007
    outer loop
      vertex 10.4184 75.2645 10
      vertex 11.6696 76.1111 8.3
      vertex 10.4132 75.2716 10
    endloop
  endfacet
  facet normal 0.739722 -0.109734 0.663905
    outer loop
      vertex 9.90387 77.3049 10
      vertex 11.4307 77.3121 8.3
      vertex 9.94867 77.6069 10
    endloop
  endfacet
  facet normal 0.739736 -0.109555 0.663919
    outer loop
      vertex 11.4307 77.3121 8.3
      vertex 9.90387 77.3049 10
      vertex 11.4077 77.1568 8.3
    endloop
  endfacet
  facet normal -0.181787 0.725385 0.663905
    outer loop
      vertex 13.6154 73.9508 10
      vertex 13.9031 74.0229 10
      vertex 13.4645 75.4689 8.3
    endloop
  endfacet
  facet normal 0.181787 0.725385 0.663905
    outer loop
      vertex 12.3846 73.9508 10
      vertex 12.5355 75.4689 8.3
      vertex 12.0969 74.0229 10
    endloop
  endfacet
  facet normal 0.554332 -0.501947 0.663902
    outer loop
      vertex 10.8001 79.1999 10
      vertex 11.7632 78.015 8.3
      vertex 11.8686 78.1314 8.3
    endloop
  endfacet
  facet normal 0.554101 -0.502169 0.663926
    outer loop
      vertex 11.7632 78.015 8.3
      vertex 10.8001 79.1999 10
      vertex 10.5951 78.9737 10
    endloop
  endfacet
  facet normal -0.319721 0.676002 0.663928
    outer loop
      vertex 14.1985 74.1294 10
      vertex 14.4666 74.2562 10
      vertex 13.7542 75.5889 8.3
    endloop
  endfacet
  facet normal -0.384479 -0.641386 0.663928
    outer loop
      vertex 14.721 79.5913 10
      vertex 14.4666 79.7438 10
      vertex 13.7542 78.4111 8.3
    endloop
  endfacet
  facet normal -0.319672 -0.676029 0.663924
    outer loop
      vertex 13.7542 78.4111 8.3
      vertex 14.1906 79.8743 10
      vertex 13.6123 78.4782 8.3
    endloop
  endfacet
  facet normal -0.317094 -0.677039 0.664131
    outer loop
      vertex 14.1906 79.8743 10
      vertex 13.7542 78.4111 8.3
      vertex 14.1985 79.8706 10
    endloop
  endfacet
  facet normal -0.60059 -0.445526 0.663926
    outer loop
      vertex 15.5816 78.7355 10
      vertex 15.4049 78.9737 10
      vertex 14.2368 78.015 8.3
    endloop
  endfacet
  facet normal -0.676002 -0.319721 0.663928
    outer loop
      vertex 15.8706 78.1985 10
      vertex 15.7438 78.4666 10
      vertex 14.4111 77.7542 8.3
    endloop
  endfacet
  facet normal -0.746909 -0.0366786 0.663914
    outer loop
      vertex 16.1111 77 10
      vertex 14.5923 77.1568 8.3
      vertex 14.6 77 8.3
    endloop
  endfacet
  facet normal -0.74691 -0.0367453 0.663909
    outer loop
      vertex 14.5923 77.1568 8.3
      vertex 16.1111 77 10
      vertex 16.0961 77.3049 10
    endloop
  endfacet
  facet normal -0.445407 0.600682 0.663923
    outer loop
      vertex 14.7354 74.4184 10
      vertex 14.9737 74.5951 10
      vertex 14.015 75.7632 8.3
    endloop
  endfacet
  facet normal -0.319721 -0.676002 0.663928
    outer loop
      vertex 14.4666 79.7438 10
      vertex 14.1985 79.8706 10
      vertex 13.7542 78.4111 8.3
    endloop
  endfacet
  facet normal -0.181822 -0.725385 0.663895
    outer loop
      vertex 13.4645 78.5311 8.3
      vertex 13.6069 80.0513 10
      vertex 13.3121 78.5693 8.3
    endloop
  endfacet
  facet normal -0.179323 -0.725833 0.664086
    outer loop
      vertex 13.6069 80.0513 10
      vertex 13.4645 78.5311 8.3
      vertex 13.6154 80.0492 10
    endloop
  endfacet
  facet normal -0.251854 0.704131 0.663904
    outer loop
      vertex 13.9031 74.0229 10
      vertex 14.1824 74.1228 10
      vertex 13.4645 75.4689 8.3
    endloop
  endfacet
  facet normal -0.725385 -0.181787 0.663905
    outer loop
      vertex 16.0492 77.6154 10
      vertex 15.9771 77.9031 10
      vertex 14.5311 77.4645 8.3
    endloop
  endfacet
  facet normal 0.445407 0.600682 0.663923
    outer loop
      vertex 11.2646 74.4184 10
      vertex 11.985 75.7632 8.3
      vertex 11.0263 74.5951 10
    endloop
  endfacet
  facet normal 0.746907 -0.0366962 0.663915
    outer loop
      vertex 9.88889 77 10
      vertex 11.4077 77.1568 8.3
      vertex 9.90387 77.3049 10
    endloop
  endfacet
  facet normal 0.746907 -0.0366785 0.663917
    outer loop
      vertex 11.4077 77.1568 8.3
      vertex 9.88889 77 10
      vertex 11.4 77 8.3
    endloop
  endfacet
  facet normal -0.502179 0.554112 0.66391
    outer loop
      vertex 14.1314 75.8686 8.3
      vertex 14.9737 74.5951 10
      vertex 15.1999 74.8001 10
    endloop
  endfacet
  facet normal -0.501927 0.554311 0.663934
    outer loop
      vertex 14.9737 74.5951 10
      vertex 14.1314 75.8686 8.3
      vertex 14.015 75.7632 8.3
    endloop
  endfacet
  facet normal -0.179323 0.725833 0.664086
    outer loop
      vertex 13.4645 75.4689 8.3
      vertex 13.6069 73.9487 10
      vertex 13.6154 73.9508 10
    endloop
  endfacet
  facet normal -0.181822 0.725385 0.663895
    outer loop
      vertex 13.6069 73.9487 10
      vertex 13.4645 75.4689 8.3
      vertex 13.3121 75.4307 8.3
    endloop
  endfacet
  facet normal -0.725385 0.181822 0.663895
    outer loop
      vertex 14.5311 76.5355 8.3
      vertex 16.0513 76.3931 10
      vertex 14.5693 76.6879 8.3
    endloop
  endfacet
  facet normal -0.725833 0.179323 0.664086
    outer loop
      vertex 16.0513 76.3931 10
      vertex 14.5311 76.5355 8.3
      vertex 16.0492 76.3846 10
    endloop
  endfacet
  facet normal 0.384324 0.641493 0.663914
    outer loop
      vertex 12.1111 75.6696 8.3
      vertex 11.279 74.4087 10
      vertex 12.2458 75.5889 8.3
    endloop
  endfacet
  facet normal 0.388501 0.638869 0.664013
    outer loop
      vertex 11.279 74.4087 10
      vertex 12.1111 75.6696 8.3
      vertex 11.2716 74.4132 10
    endloop
  endfacet
  facet normal 0.638869 -0.388501 0.664013
    outer loop
      vertex 10.4087 78.721 10
      vertex 11.6696 77.8889 8.3
      vertex 10.4132 78.7284 10
    endloop
  endfacet
  facet normal 0.641493 -0.384324 0.663914
    outer loop
      vertex 11.6696 77.8889 8.3
      vertex 10.4087 78.721 10
      vertex 11.5889 77.7542 8.3
    endloop
  endfacet
  facet normal 0.251854 0.704131 0.663904
    outer loop
      vertex 12.0969 74.0229 10
      vertex 12.5355 75.4689 8.3
      vertex 11.8176 74.1228 10
    endloop
  endfacet
  facet normal -0.251854 -0.704131 0.663904
    outer loop
      vertex 14.1824 79.8772 10
      vertex 13.9031 79.9771 10
      vertex 13.4645 78.5311 8.3
    endloop
  endfacet
  facet normal -0.676029 0.319672 0.663924
    outer loop
      vertex 14.4111 76.2458 8.3
      vertex 15.8743 75.8094 10
      vertex 14.4782 76.3877 8.3
    endloop
  endfacet
  facet normal -0.677039 0.317094 0.664131
    outer loop
      vertex 15.8743 75.8094 10
      vertex 14.4111 76.2458 8.3
      vertex 15.8706 75.8015 10
    endloop
  endfacet
  facet normal -0.317094 0.677039 0.664131
    outer loop
      vertex 13.7542 75.5889 8.3
      vertex 14.1906 74.1257 10
      vertex 14.1985 74.1294 10
    endloop
  endfacet
  facet normal -0.319672 0.676029 0.663924
    outer loop
      vertex 14.1906 74.1257 10
      vertex 13.7542 75.5889 8.3
      vertex 13.6123 75.5218 8.3
    endloop
  endfacet
  facet normal 0.319721 -0.676002 0.663928
    outer loop
      vertex 12.2458 78.4111 8.3
      vertex 11.8015 79.8706 10
      vertex 11.5334 79.7438 10
    endloop
  endfacet
  facet normal 0.705069 -0.249354 0.663852
    outer loop
      vertex 10.1228 78.1824 10
      vertex 11.5218 77.6123 8.3
      vertex 10.1257 78.1906 10
    endloop
  endfacet
  facet normal 0.704069 -0.251998 0.663916
    outer loop
      vertex 11.5218 77.6123 8.3
      vertex 10.1228 78.1824 10
      vertex 11.4689 77.4645 8.3
    endloop
  endfacet
  facet normal -0.60059 0.445526 0.663926
    outer loop
      vertex 15.4049 75.0263 10
      vertex 15.5816 75.2645 10
      vertex 14.2368 75.985 8.3
    endloop
  endfacet
  facet normal -0.554101 0.502169 0.663926
    outer loop
      vertex 14.2368 75.985 8.3
      vertex 15.1999 74.8001 10
      vertex 15.4049 75.0263 10
    endloop
  endfacet
  facet normal -0.554332 0.501947 0.663902
    outer loop
      vertex 15.1999 74.8001 10
      vertex 14.2368 75.985 8.3
      vertex 14.1314 75.8686 8.3
    endloop
  endfacet
  facet normal -0.445718 0.600481 0.663896
    outer loop
      vertex 13.8889 75.6696 8.3
      vertex 14.7354 74.4184 10
      vertex 14.015 75.7632 8.3
    endloop
  endfacet
  facet normal -0.445949 0.600316 0.663889
    outer loop
      vertex 14.7354 74.4184 10
      vertex 13.8889 75.6696 8.3
      vertex 14.7284 74.4132 10
    endloop
  endfacet
  facet normal 0.249354 -0.705069 0.663852
    outer loop
      vertex 12.3877 78.4782 8.3
      vertex 11.8176 79.8772 10
      vertex 11.8094 79.8743 10
    endloop
  endfacet
  facet normal 0.251998 -0.704069 0.663916
    outer loop
      vertex 11.8176 79.8772 10
      vertex 12.3877 78.4782 8.3
      vertex 12.5355 78.5311 8.3
    endloop
  endfacet
  facet normal -0.677039 -0.317094 0.664131
    outer loop
      vertex 14.4111 77.7542 8.3
      vertex 15.8743 78.1906 10
      vertex 15.8706 78.1985 10
    endloop
  endfacet
  facet normal -0.676029 -0.319672 0.663924
    outer loop
      vertex 15.8743 78.1906 10
      vertex 14.4111 77.7542 8.3
      vertex 14.4782 77.6123 8.3
    endloop
  endfacet
  facet normal -0.746909 0.0366786 0.663914
    outer loop
      vertex 14.5923 76.8432 8.3
      vertex 16.1111 77 10
      vertex 14.6 77 8.3
    endloop
  endfacet
  facet normal -0.74691 0.0367453 0.663909
    outer loop
      vertex 16.1111 77 10
      vertex 14.5923 76.8432 8.3
      vertex 16.0961 76.6951 10
    endloop
  endfacet
  facet normal -0.739728 -0.109734 0.663898
    outer loop
      vertex 14.5693 77.3121 8.3
      vertex 16.0961 77.3049 10
      vertex 16.0513 77.6069 10
    endloop
  endfacet
  facet normal -0.739742 -0.109556 0.663912
    outer loop
      vertex 16.0961 77.3049 10
      vertex 14.5693 77.3121 8.3
      vertex 14.5923 77.1568 8.3
    endloop
  endfacet
  facet normal 0.725534 -0.180957 0.663969
    outer loop
      vertex 9.94867 77.6069 10
      vertex 11.4689 77.4645 8.3
      vertex 9.95079 77.6154 10
    endloop
  endfacet
  facet normal 0.725379 -0.181821 0.663902
    outer loop
      vertex 11.4689 77.4645 8.3
      vertex 9.94867 77.6069 10
      vertex 11.4307 77.3121 8.3
    endloop
  endfacet
  facet normal -0.638869 -0.388501 0.664013
    outer loop
      vertex 14.3304 77.8889 8.3
      vertex 15.5913 78.721 10
      vertex 15.5868 78.7284 10
    endloop
  endfacet
  facet normal -0.641493 -0.384324 0.663914
    outer loop
      vertex 15.5913 78.721 10
      vertex 14.3304 77.8889 8.3
      vertex 14.4111 77.7542 8.3
    endloop
  endfacet
  facet normal 0.319721 0.676002 0.663928
    outer loop
      vertex 11.8015 74.1294 10
      vertex 12.2458 75.5889 8.3
      vertex 11.5334 74.2562 10
    endloop
  endfacet
  facet normal 0.600471 -0.44571 0.66391
    outer loop
      vertex 10.4184 78.7355 10
      vertex 11.6696 77.8889 8.3
      vertex 11.7632 78.015 8.3
    endloop
  endfacet
  facet normal 0.603241 -0.44181 0.664007
    outer loop
      vertex 11.6696 77.8889 8.3
      vertex 10.4184 78.7355 10
      vertex 10.4132 78.7284 10
    endloop
  endfacet
  facet normal 0.60059 -0.445526 0.663926
    outer loop
      vertex 11.7632 78.015 8.3
      vertex 10.5951 78.9737 10
      vertex 10.4184 78.7355 10
    endloop
  endfacet
  facet normal -0.641386 -0.384479 0.663928
    outer loop
      vertex 15.7438 78.4666 10
      vertex 15.5913 78.721 10
      vertex 14.4111 77.7542 8.3
    endloop
  endfacet
  facet normal 0.384324 -0.641493 0.663914
    outer loop
      vertex 11.279 79.5913 10
      vertex 12.1111 78.3304 8.3
      vertex 12.2458 78.4111 8.3
    endloop
  endfacet
  facet normal 0.388501 -0.638869 0.664013
    outer loop
      vertex 12.1111 78.3304 8.3
      vertex 11.279 79.5913 10
      vertex 11.2716 79.5868 10
    endloop
  endfacet
  facet normal 0.445949 -0.600316 0.663889
    outer loop
      vertex 11.2646 79.5816 10
      vertex 12.1111 78.3304 8.3
      vertex 11.2716 79.5868 10
    endloop
  endfacet
  facet normal 0.445718 -0.600481 0.663896
    outer loop
      vertex 12.1111 78.3304 8.3
      vertex 11.2646 79.5816 10
      vertex 11.985 78.2368 8.3
    endloop
  endfacet
  facet normal -0.109556 -0.739742 0.663912
    outer loop
      vertex 13.3121 78.5693 8.3
      vertex 13.3049 80.0961 10
      vertex 13.1568 78.5923 8.3
    endloop
  endfacet
  facet normal -0.109734 -0.739728 0.663898
    outer loop
      vertex 13.3049 80.0961 10
      vertex 13.3121 78.5693 8.3
      vertex 13.6069 80.0513 10
    endloop
  endfacet
  facet normal 0.317094 -0.677039 0.664131
    outer loop
      vertex 12.2458 78.4111 8.3
      vertex 11.8094 79.8743 10
      vertex 11.8015 79.8706 10
    endloop
  endfacet
  facet normal 0.319672 -0.676029 0.663924
    outer loop
      vertex 11.8094 79.8743 10
      vertex 12.2458 78.4111 8.3
      vertex 12.3877 78.4782 8.3
    endloop
  endfacet
  facet normal -0.603241 -0.44181 0.664007
    outer loop
      vertex 15.5816 78.7355 10
      vertex 14.3304 77.8889 8.3
      vertex 15.5868 78.7284 10
    endloop
  endfacet
  facet normal -0.600471 -0.44571 0.66391
    outer loop
      vertex 14.3304 77.8889 8.3
      vertex 15.5816 78.7355 10
      vertex 14.2368 78.015 8.3
    endloop
  endfacet
  facet normal 0.725379 0.181811 0.663906
    outer loop
      vertex 10.0229 76.0969 10
      vertex 11.4689 76.5355 8.3
      vertex 9.95079 76.3846 10
    endloop
  endfacet
  facet normal -0.0366786 -0.746909 0.663914
    outer loop
      vertex 13.1568 78.5923 8.3
      vertex 13 80.1111 10
      vertex 13 78.6 8.3
    endloop
  endfacet
  facet normal -0.0367453 -0.74691 0.663909
    outer loop
      vertex 13 80.1111 10
      vertex 13.1568 78.5923 8.3
      vertex 13.3049 80.0961 10
    endloop
  endfacet
  facet normal 0.60059 0.445526 0.663926
    outer loop
      vertex 10.5951 75.0263 10
      vertex 11.7632 75.985 8.3
      vertex 10.4184 75.2645 10
    endloop
  endfacet
  facet normal -0.0367453 0.74691 0.663909
    outer loop
      vertex 13.1568 75.4077 8.3
      vertex 13 73.8889 10
      vertex 13.3049 73.9039 10
    endloop
  endfacet
  facet normal -0.0366786 0.746909 0.663914
    outer loop
      vertex 13 73.8889 10
      vertex 13.1568 75.4077 8.3
      vertex 13 75.4 8.3
    endloop
  endfacet
  facet normal -0.705069 -0.249354 0.663852
    outer loop
      vertex 14.4782 77.6123 8.3
      vertex 15.8772 78.1824 10
      vertex 15.8743 78.1906 10
    endloop
  endfacet
  facet normal -0.704069 -0.251998 0.663916
    outer loop
      vertex 15.8772 78.1824 10
      vertex 14.4782 77.6123 8.3
      vertex 14.5311 77.4645 8.3
    endloop
  endfacet
  facet normal -0.704131 -0.251854 0.663904
    outer loop
      vertex 15.9771 77.9031 10
      vertex 15.8772 78.1824 10
      vertex 14.5311 77.4645 8.3
    endloop
  endfacet
  facet normal -0.445949 -0.600316 0.663889
    outer loop
      vertex 13.8889 78.3304 8.3
      vertex 14.7354 79.5816 10
      vertex 14.7284 79.5868 10
    endloop
  endfacet
  facet normal -0.445718 -0.600481 0.663896
    outer loop
      vertex 14.7354 79.5816 10
      vertex 13.8889 78.3304 8.3
      vertex 14.015 78.2368 8.3
    endloop
  endfacet
  facet normal 0.704131 0.251854 0.663904
    outer loop
      vertex 10.1228 75.8176 10
      vertex 11.4689 76.5355 8.3
      vertex 10.0229 76.0969 10
    endloop
  endfacet
  facet normal -0.249354 0.705069 0.663852
    outer loop
      vertex 13.6123 75.5218 8.3
      vertex 14.1824 74.1228 10
      vertex 14.1906 74.1257 10
    endloop
  endfacet
  facet normal -0.251998 0.704069 0.663916
    outer loop
      vertex 14.1824 74.1228 10
      vertex 13.6123 75.5218 8.3
      vertex 13.4645 75.4689 8.3
    endloop
  endfacet
  facet normal 0.704131 -0.251854 0.663904
    outer loop
      vertex 11.4689 77.4645 8.3
      vertex 10.1228 78.1824 10
      vertex 10.0229 77.9031 10
    endloop
  endfacet
  facet normal 0.554332 0.501947 0.663902
    outer loop
      vertex 11.7632 75.985 8.3
      vertex 10.8001 74.8001 10
      vertex 11.8686 75.8686 8.3
    endloop
  endfacet
  facet normal 0.554101 0.502169 0.663926
    outer loop
      vertex 10.8001 74.8001 10
      vertex 11.7632 75.985 8.3
      vertex 10.5951 75.0263 10
    endloop
  endfacet
  facet normal -0.704131 0.251854 0.663904
    outer loop
      vertex 15.8772 75.8176 10
      vertex 15.9771 76.0969 10
      vertex 14.5311 76.5355 8.3
    endloop
  endfacet
  facet normal -0.725385 0.181787 0.663905
    outer loop
      vertex 15.9771 76.0969 10
      vertex 16.0492 76.3846 10
      vertex 14.5311 76.5355 8.3
    endloop
  endfacet
  facet normal -0.725833 -0.179323 0.664086
    outer loop
      vertex 14.5311 77.4645 8.3
      vertex 16.0513 77.6069 10
      vertex 16.0492 77.6154 10
    endloop
  endfacet
  facet normal -0.725385 -0.181822 0.663895
    outer loop
      vertex 16.0513 77.6069 10
      vertex 14.5311 77.4645 8.3
      vertex 14.5693 77.3121 8.3
    endloop
  endfacet
  facet normal -0.641386 0.384479 0.663928
    outer loop
      vertex 15.5913 75.279 10
      vertex 15.7438 75.5334 10
      vertex 14.4111 76.2458 8.3
    endloop
  endfacet
  facet normal 0.641493 0.384324 0.663914
    outer loop
      vertex 10.4087 75.279 10
      vertex 11.6696 76.1111 8.3
      vertex 11.5889 76.2458 8.3
    endloop
  endfacet
  facet normal 0.638869 0.388501 0.664013
    outer loop
      vertex 11.6696 76.1111 8.3
      vertex 10.4087 75.279 10
      vertex 10.4132 75.2716 10
    endloop
  endfacet
  facet normal 0.676002 0.319721 0.663928
    outer loop
      vertex 10.2562 75.5334 10
      vertex 11.5889 76.2458 8.3
      vertex 10.1294 75.8015 10
    endloop
  endfacet
  facet normal 0.179323 -0.725833 0.664086
    outer loop
      vertex 12.5355 78.5311 8.3
      vertex 12.3931 80.0513 10
      vertex 12.3846 80.0492 10
    endloop
  endfacet
  facet normal 0.181822 -0.725385 0.663895
    outer loop
      vertex 12.3931 80.0513 10
      vertex 12.5355 78.5311 8.3
      vertex 12.6879 78.5693 8.3
    endloop
  endfacet
  facet normal 0.251854 -0.704131 0.663904
    outer loop
      vertex 12.5355 78.5311 8.3
      vertex 12.0969 79.9771 10
      vertex 11.8176 79.8772 10
    endloop
  endfacet
  facet normal 0.501927 0.554311 0.663934
    outer loop
      vertex 11.8686 75.8686 8.3
      vertex 11.0263 74.5951 10
      vertex 11.985 75.7632 8.3
    endloop
  endfacet
  facet normal 0.502179 0.554112 0.66391
    outer loop
      vertex 11.0263 74.5951 10
      vertex 11.8686 75.8686 8.3
      vertex 10.8001 74.8001 10
    endloop
  endfacet
  facet normal 0.746907 0.0366785 0.663917
    outer loop
      vertex 9.88889 77 10
      vertex 11.4077 76.8432 8.3
      vertex 11.4 77 8.3
    endloop
  endfacet
  facet normal 0.746907 0.0366962 0.663915
    outer loop
      vertex 11.4077 76.8432 8.3
      vertex 9.88889 77 10
      vertex 9.90387 76.6951 10
    endloop
  endfacet
  facet normal -0.181787 -0.725385 0.663905
    outer loop
      vertex 13.9031 79.9771 10
      vertex 13.6154 80.0492 10
      vertex 13.4645 78.5311 8.3
    endloop
  endfacet
  facet normal 0.676002 -0.319721 0.663928
    outer loop
      vertex 11.5889 77.7542 8.3
      vertex 10.2562 78.4666 10
      vertex 10.1294 78.1985 10
    endloop
  endfacet
  facet normal 0.0367453 -0.74691 0.663909
    outer loop
      vertex 12.8432 78.5923 8.3
      vertex 13 80.1111 10
      vertex 12.6951 80.0961 10
    endloop
  endfacet
  facet normal 0.0366786 -0.746909 0.663914
    outer loop
      vertex 13 80.1111 10
      vertex 12.8432 78.5923 8.3
      vertex 13 78.6 8.3
    endloop
  endfacet
  facet normal 0.641386 -0.384479 0.663928
    outer loop
      vertex 11.5889 77.7542 8.3
      vertex 10.4087 78.721 10
      vertex 10.2562 78.4666 10
    endloop
  endfacet
  facet normal 0.677039 -0.317094 0.664131
    outer loop
      vertex 10.1257 78.1906 10
      vertex 11.5889 77.7542 8.3
      vertex 10.1294 78.1985 10
    endloop
  endfacet
  facet normal 0.676029 -0.319672 0.663924
    outer loop
      vertex 11.5889 77.7542 8.3
      vertex 10.1257 78.1906 10
      vertex 11.5218 77.6123 8.3
    endloop
  endfacet
  facet normal 0.384479 0.641386 0.663928
    outer loop
      vertex 11.5334 74.2562 10
      vertex 12.2458 75.5889 8.3
      vertex 11.279 74.4087 10
    endloop
  endfacet
  facet normal 0.384479 -0.641386 0.663928
    outer loop
      vertex 12.2458 78.4111 8.3
      vertex 11.5334 79.7438 10
      vertex 11.279 79.5913 10
    endloop
  endfacet
  facet normal 0.501927 -0.554311 0.663934
    outer loop
      vertex 11.0263 79.4049 10
      vertex 11.8686 78.1314 8.3
      vertex 11.985 78.2368 8.3
    endloop
  endfacet
  facet normal 0.502179 -0.554112 0.66391
    outer loop
      vertex 11.8686 78.1314 8.3
      vertex 11.0263 79.4049 10
      vertex 10.8001 79.1999 10
    endloop
  endfacet
  facet normal -0.554101 -0.502169 0.663926
    outer loop
      vertex 15.1999 79.1999 10
      vertex 14.2368 78.015 8.3
      vertex 15.4049 78.9737 10
    endloop
  endfacet
  facet normal -0.554332 -0.501947 0.663902
    outer loop
      vertex 14.2368 78.015 8.3
      vertex 15.1999 79.1999 10
      vertex 14.1314 78.1314 8.3
    endloop
  endfacet
  facet normal 0.725379 0.181821 0.663902
    outer loop
      vertex 9.94867 76.3931 10
      vertex 11.4689 76.5355 8.3
      vertex 11.4307 76.6879 8.3
    endloop
  endfacet
  facet normal 0.725534 0.180957 0.663969
    outer loop
      vertex 11.4689 76.5355 8.3
      vertex 9.94867 76.3931 10
      vertex 9.95079 76.3846 10
    endloop
  endfacet
  facet normal 0.0366786 0.746909 0.663914
    outer loop
      vertex 12.8432 75.4077 8.3
      vertex 13 73.8889 10
      vertex 13 75.4 8.3
    endloop
  endfacet
  facet normal 0.0367453 0.74691 0.663909
    outer loop
      vertex 13 73.8889 10
      vertex 12.8432 75.4077 8.3
      vertex 12.6951 73.9039 10
    endloop
  endfacet
  facet normal 0.739736 0.109555 0.663919
    outer loop
      vertex 9.90387 76.6951 10
      vertex 11.4307 76.6879 8.3
      vertex 11.4077 76.8432 8.3
    endloop
  endfacet
  facet normal 0.739722 0.109734 0.663905
    outer loop
      vertex 11.4307 76.6879 8.3
      vertex 9.90387 76.6951 10
      vertex 9.94867 76.3931 10
    endloop
  endfacet
  facet normal 0.704069 0.251998 0.663916
    outer loop
      vertex 10.1228 75.8176 10
      vertex 11.5218 76.3877 8.3
      vertex 11.4689 76.5355 8.3
    endloop
  endfacet
  facet normal 0.705069 0.249354 0.663852
    outer loop
      vertex 11.5218 76.3877 8.3
      vertex 10.1228 75.8176 10
      vertex 10.1257 75.8094 10
    endloop
  endfacet
  facet normal 0.181822 0.725385 0.663895
    outer loop
      vertex 12.5355 75.4689 8.3
      vertex 12.3931 73.9487 10
      vertex 12.6879 75.4307 8.3
    endloop
  endfacet
  facet normal 0.179323 0.725833 0.664086
    outer loop
      vertex 12.3931 73.9487 10
      vertex 12.5355 75.4689 8.3
      vertex 12.3846 73.9508 10
    endloop
  endfacet
  facet normal -0.98921 -0.146502 0
    outer loop
      vertex 78.5923 77.1568 0
      vertex 78.5693 77.3121 8.3
      vertex 78.5693 77.3121 0
    endloop
  endfacet
  facet normal -0.98921 -0.146502 0
    outer loop
      vertex 78.5693 77.3121 8.3
      vertex 78.5923 77.1568 0
      vertex 78.5923 77.1568 8.3
    endloop
  endfacet
  facet normal -0.998796 -0.049048 0
    outer loop
      vertex 78.6 77 0
      vertex 78.5923 77.1568 8.3
      vertex 78.5923 77.1568 0
    endloop
  endfacet
  facet normal -0.998796 -0.049048 0
    outer loop
      vertex 78.5923 77.1568 8.3
      vertex 78.6 77 0
      vertex 78.6 77 8.3
    endloop
  endfacet
  facet normal -0.969993 -0.243135 0
    outer loop
      vertex 78.5693 77.3121 0
      vertex 78.5311 77.4645 8.3
      vertex 78.5311 77.4645 0
    endloop
  endfacet
  facet normal -0.969993 -0.243135 0
    outer loop
      vertex 78.5311 77.4645 8.3
      vertex 78.5693 77.3121 0
      vertex 78.5693 77.3121 8.3
    endloop
  endfacet
  facet normal -0.427484 -0.904023 0
    outer loop
      vertex 77.6123 78.4782 0
      vertex 77.7542 78.4111 8.3
      vertex 77.6123 78.4782 8.3
    endloop
  endfacet
  facet normal -0.427484 -0.904023 -0
    outer loop
      vertex 77.7542 78.4111 8.3
      vertex 77.6123 78.4782 0
      vertex 77.7542 78.4111 0
    endloop
  endfacet
  facet normal 0.243135 0.969993 -0
    outer loop
      vertex 76.6879 75.4307 0
      vertex 76.5355 75.4689 8.3
      vertex 76.6879 75.4307 8.3
    endloop
  endfacet
  facet normal 0.243135 0.969993 0
    outer loop
      vertex 76.5355 75.4689 8.3
      vertex 76.6879 75.4307 0
      vertex 76.5355 75.4689 0
    endloop
  endfacet
  facet normal 0.85783 0.513934 0
    outer loop
      vertex 75.6696 76.1111 8.3
      vertex 75.5889 76.2458 0
      vertex 75.5889 76.2458 8.3
    endloop
  endfacet
  facet normal 0.85783 0.513934 0
    outer loop
      vertex 75.5889 76.2458 0
      vertex 75.6696 76.1111 8.3
      vertex 75.6696 76.1111 0
    endloop
  endfacet
  facet normal -0.146502 0.98921 0
    outer loop
      vertex 77.3121 75.4307 0
      vertex 77.1568 75.4077 8.3
      vertex 77.3121 75.4307 8.3
    endloop
  endfacet
  facet normal -0.146502 0.98921 0
    outer loop
      vertex 77.1568 75.4077 8.3
      vertex 77.3121 75.4307 0
      vertex 77.1568 75.4077 0
    endloop
  endfacet
  facet normal -0.741264 -0.671213 0
    outer loop
      vertex 78.2368 78.015 0
      vertex 78.1314 78.1314 8.3
      vertex 78.1314 78.1314 0
    endloop
  endfacet
  facet normal -0.741264 -0.671213 0
    outer loop
      vertex 78.1314 78.1314 8.3
      vertex 78.2368 78.015 0
      vertex 78.2368 78.015 8.3
    endloop
  endfacet
  facet normal 0.513934 -0.85783 0
    outer loop
      vertex 76.1111 78.3304 0
      vertex 76.2458 78.4111 8.3
      vertex 76.1111 78.3304 8.3
    endloop
  endfacet
  facet normal 0.513934 -0.85783 0
    outer loop
      vertex 76.2458 78.4111 8.3
      vertex 76.1111 78.3304 0
      vertex 76.2458 78.4111 0
    endloop
  endfacet
  facet normal -0.741264 0.671213 0
    outer loop
      vertex 78.1314 75.8686 0
      vertex 78.2368 75.985 8.3
      vertex 78.2368 75.985 0
    endloop
  endfacet
  facet normal -0.741264 0.671213 0
    outer loop
      vertex 78.2368 75.985 8.3
      vertex 78.1314 75.8686 0
      vertex 78.1314 75.8686 8.3
    endloop
  endfacet
  facet normal -0.513934 0.85783 0
    outer loop
      vertex 77.8889 75.6696 0
      vertex 77.7542 75.5889 8.3
      vertex 77.8889 75.6696 8.3
    endloop
  endfacet
  facet normal -0.513934 0.85783 0
    outer loop
      vertex 77.7542 75.5889 8.3
      vertex 77.8889 75.6696 0
      vertex 77.7542 75.5889 0
    endloop
  endfacet
  facet normal -0.243135 -0.969993 0
    outer loop
      vertex 77.3121 78.5693 0
      vertex 77.4645 78.5311 8.3
      vertex 77.3121 78.5693 8.3
    endloop
  endfacet
  facet normal -0.243135 -0.969993 -0
    outer loop
      vertex 77.4645 78.5311 8.3
      vertex 77.3121 78.5693 0
      vertex 77.4645 78.5311 0
    endloop
  endfacet
  facet normal 0.98921 -0.146502 0
    outer loop
      vertex 75.4077 77.1568 8.3
      vertex 75.4307 77.3121 0
      vertex 75.4307 77.3121 8.3
    endloop
  endfacet
  facet normal 0.98921 -0.146502 0
    outer loop
      vertex 75.4307 77.3121 0
      vertex 75.4077 77.1568 8.3
      vertex 75.4077 77.1568 0
    endloop
  endfacet
  facet normal -0.85783 -0.513934 0
    outer loop
      vertex 78.4111 77.7542 0
      vertex 78.3304 77.8889 8.3
      vertex 78.3304 77.8889 0
    endloop
  endfacet
  facet normal -0.85783 -0.513934 0
    outer loop
      vertex 78.3304 77.8889 8.3
      vertex 78.4111 77.7542 0
      vertex 78.4111 77.7542 8.3
    endloop
  endfacet
  facet normal -0.969993 0.243135 0
    outer loop
      vertex 78.5311 76.5355 0
      vertex 78.5693 76.6879 8.3
      vertex 78.5693 76.6879 0
    endloop
  endfacet
  facet normal -0.969993 0.243135 0
    outer loop
      vertex 78.5693 76.6879 8.3
      vertex 78.5311 76.5355 0
      vertex 78.5311 76.5355 8.3
    endloop
  endfacet
  facet normal 0.146502 0.98921 -0
    outer loop
      vertex 76.8432 75.4077 0
      vertex 76.6879 75.4307 8.3
      vertex 76.8432 75.4077 8.3
    endloop
  endfacet
  facet normal 0.146502 0.98921 0
    outer loop
      vertex 76.6879 75.4307 8.3
      vertex 76.8432 75.4077 0
      vertex 76.6879 75.4307 0
    endloop
  endfacet
  facet normal 0.998796 0.049048 0
    outer loop
      vertex 75.4077 76.8432 8.3
      vertex 75.4 77 0
      vertex 75.4 77 8.3
    endloop
  endfacet
  facet normal 0.998796 0.049048 0
    outer loop
      vertex 75.4 77 0
      vertex 75.4077 76.8432 8.3
      vertex 75.4077 76.8432 0
    endloop
  endfacet
  facet normal -0.146502 -0.98921 0
    outer loop
      vertex 77.1568 78.5923 0
      vertex 77.3121 78.5693 8.3
      vertex 77.1568 78.5923 8.3
    endloop
  endfacet
  facet normal -0.146502 -0.98921 -0
    outer loop
      vertex 77.3121 78.5693 8.3
      vertex 77.1568 78.5923 0
      vertex 77.3121 78.5693 0
    endloop
  endfacet
  facet normal -0.941511 -0.336982 0
    outer loop
      vertex 78.5311 77.4645 0
      vertex 78.4782 77.6123 8.3
      vertex 78.4782 77.6123 0
    endloop
  endfacet
  facet normal -0.941511 -0.336982 0
    outer loop
      vertex 78.4782 77.6123 8.3
      vertex 78.5311 77.4645 0
      vertex 78.5311 77.4645 8.3
    endloop
  endfacet
  facet normal -0.671213 -0.741264 0
    outer loop
      vertex 78.015 78.2368 0
      vertex 78.1314 78.1314 8.3
      vertex 78.015 78.2368 8.3
    endloop
  endfacet
  facet normal -0.671213 -0.741264 -0
    outer loop
      vertex 78.1314 78.1314 8.3
      vertex 78.015 78.2368 0
      vertex 78.1314 78.1314 0
    endloop
  endfacet
  facet normal 0.741264 -0.671213 0
    outer loop
      vertex 75.7632 78.015 8.3
      vertex 75.8686 78.1314 0
      vertex 75.8686 78.1314 8.3
    endloop
  endfacet
  facet normal 0.741264 -0.671213 0
    outer loop
      vertex 75.8686 78.1314 0
      vertex 75.7632 78.015 8.3
      vertex 75.7632 78.015 0
    endloop
  endfacet
  facet normal 0.969993 0.243135 0
    outer loop
      vertex 75.4689 76.5355 8.3
      vertex 75.4307 76.6879 0
      vertex 75.4307 76.6879 8.3
    endloop
  endfacet
  facet normal 0.969993 0.243135 0
    outer loop
      vertex 75.4307 76.6879 0
      vertex 75.4689 76.5355 8.3
      vertex 75.4689 76.5355 0
    endloop
  endfacet
  facet normal 0.336982 -0.941511 0
    outer loop
      vertex 76.3877 78.4782 0
      vertex 76.5355 78.5311 8.3
      vertex 76.3877 78.4782 8.3
    endloop
  endfacet
  facet normal 0.336982 -0.941511 0
    outer loop
      vertex 76.5355 78.5311 8.3
      vertex 76.3877 78.4782 0
      vertex 76.5355 78.5311 0
    endloop
  endfacet
  facet normal 0.941511 0.336982 0
    outer loop
      vertex 75.5218 76.3877 8.3
      vertex 75.4689 76.5355 0
      vertex 75.4689 76.5355 8.3
    endloop
  endfacet
  facet normal 0.941511 0.336982 0
    outer loop
      vertex 75.4689 76.5355 0
      vertex 75.5218 76.3877 8.3
      vertex 75.5218 76.3877 0
    endloop
  endfacet
  facet normal -0.336982 -0.941511 0
    outer loop
      vertex 77.4645 78.5311 0
      vertex 77.6123 78.4782 8.3
      vertex 77.4645 78.5311 8.3
    endloop
  endfacet
  facet normal -0.336982 -0.941511 -0
    outer loop
      vertex 77.6123 78.4782 8.3
      vertex 77.4645 78.5311 0
      vertex 77.6123 78.4782 0
    endloop
  endfacet
  facet normal 0.80297 -0.596019 0
    outer loop
      vertex 75.6696 77.8889 8.3
      vertex 75.7632 78.015 0
      vertex 75.7632 78.015 8.3
    endloop
  endfacet
  facet normal 0.80297 -0.596019 0
    outer loop
      vertex 75.7632 78.015 0
      vertex 75.6696 77.8889 8.3
      vertex 75.6696 77.8889 0
    endloop
  endfacet
  facet normal -0.80297 -0.596019 0
    outer loop
      vertex 78.3304 77.8889 0
      vertex 78.2368 78.015 8.3
      vertex 78.2368 78.015 0
    endloop
  endfacet
  facet normal -0.80297 -0.596019 0
    outer loop
      vertex 78.2368 78.015 8.3
      vertex 78.3304 77.8889 0
      vertex 78.3304 77.8889 8.3
    endloop
  endfacet
  facet normal 0.969993 -0.243135 0
    outer loop
      vertex 75.4307 77.3121 8.3
      vertex 75.4689 77.4645 0
      vertex 75.4689 77.4645 8.3
    endloop
  endfacet
  facet normal 0.969993 -0.243135 0
    outer loop
      vertex 75.4689 77.4645 0
      vertex 75.4307 77.3121 8.3
      vertex 75.4307 77.3121 0
    endloop
  endfacet
  facet normal 0.671213 -0.741264 0
    outer loop
      vertex 75.8686 78.1314 0
      vertex 75.985 78.2368 8.3
      vertex 75.8686 78.1314 8.3
    endloop
  endfacet
  facet normal 0.671213 -0.741264 0
    outer loop
      vertex 75.985 78.2368 8.3
      vertex 75.8686 78.1314 0
      vertex 75.985 78.2368 0
    endloop
  endfacet
  facet normal -0.427484 0.904023 0
    outer loop
      vertex 77.7542 75.5889 0
      vertex 77.6123 75.5218 8.3
      vertex 77.7542 75.5889 8.3
    endloop
  endfacet
  facet normal -0.427484 0.904023 0
    outer loop
      vertex 77.6123 75.5218 8.3
      vertex 77.7542 75.5889 0
      vertex 77.6123 75.5218 0
    endloop
  endfacet
  facet normal 0.243135 -0.969993 0
    outer loop
      vertex 76.5355 78.5311 0
      vertex 76.6879 78.5693 8.3
      vertex 76.5355 78.5311 8.3
    endloop
  endfacet
  facet normal 0.243135 -0.969993 0
    outer loop
      vertex 76.6879 78.5693 8.3
      vertex 76.5355 78.5311 0
      vertex 76.6879 78.5693 0
    endloop
  endfacet
  facet normal 0.941511 -0.336982 0
    outer loop
      vertex 75.4689 77.4645 8.3
      vertex 75.5218 77.6123 0
      vertex 75.5218 77.6123 8.3
    endloop
  endfacet
  facet normal 0.941511 -0.336982 0
    outer loop
      vertex 75.5218 77.6123 0
      vertex 75.4689 77.4645 8.3
      vertex 75.4689 77.4645 0
    endloop
  endfacet
  facet normal -0.513934 -0.85783 0
    outer loop
      vertex 77.7542 78.4111 0
      vertex 77.8889 78.3304 8.3
      vertex 77.7542 78.4111 8.3
    endloop
  endfacet
  facet normal -0.513934 -0.85783 -0
    outer loop
      vertex 77.8889 78.3304 8.3
      vertex 77.7542 78.4111 0
      vertex 77.8889 78.3304 0
    endloop
  endfacet
  facet normal 0.513934 0.85783 -0
    outer loop
      vertex 76.2458 75.5889 0
      vertex 76.1111 75.6696 8.3
      vertex 76.2458 75.5889 8.3
    endloop
  endfacet
  facet normal 0.513934 0.85783 0
    outer loop
      vertex 76.1111 75.6696 8.3
      vertex 76.2458 75.5889 0
      vertex 76.1111 75.6696 0
    endloop
  endfacet
  facet normal 0.596019 -0.80297 0
    outer loop
      vertex 75.985 78.2368 0
      vertex 76.1111 78.3304 8.3
      vertex 75.985 78.2368 8.3
    endloop
  endfacet
  facet normal 0.596019 -0.80297 0
    outer loop
      vertex 76.1111 78.3304 8.3
      vertex 75.985 78.2368 0
      vertex 76.1111 78.3304 0
    endloop
  endfacet
  facet normal 0.049048 -0.998796 0
    outer loop
      vertex 76.8432 78.5923 0
      vertex 77 78.6 8.3
      vertex 76.8432 78.5923 8.3
    endloop
  endfacet
  facet normal 0.049048 -0.998796 0
    outer loop
      vertex 77 78.6 8.3
      vertex 76.8432 78.5923 0
      vertex 77 78.6 0
    endloop
  endfacet
  facet normal -0.049048 0.998796 0
    outer loop
      vertex 77.1568 75.4077 0
      vertex 77 75.4 8.3
      vertex 77.1568 75.4077 8.3
    endloop
  endfacet
  facet normal -0.049048 0.998796 0
    outer loop
      vertex 77 75.4 8.3
      vertex 77.1568 75.4077 0
      vertex 77 75.4 0
    endloop
  endfacet
  facet normal -0.941511 0.336982 0
    outer loop
      vertex 78.4782 76.3877 0
      vertex 78.5311 76.5355 8.3
      vertex 78.5311 76.5355 0
    endloop
  endfacet
  facet normal -0.941511 0.336982 0
    outer loop
      vertex 78.5311 76.5355 8.3
      vertex 78.4782 76.3877 0
      vertex 78.4782 76.3877 8.3
    endloop
  endfacet
  facet normal -0.80297 0.596019 0
    outer loop
      vertex 78.2368 75.985 0
      vertex 78.3304 76.1111 8.3
      vertex 78.3304 76.1111 0
    endloop
  endfacet
  facet normal -0.80297 0.596019 0
    outer loop
      vertex 78.3304 76.1111 8.3
      vertex 78.2368 75.985 0
      vertex 78.2368 75.985 8.3
    endloop
  endfacet
  facet normal -0.98921 0.146502 0
    outer loop
      vertex 78.5693 76.6879 0
      vertex 78.5923 76.8432 8.3
      vertex 78.5923 76.8432 0
    endloop
  endfacet
  facet normal -0.98921 0.146502 0
    outer loop
      vertex 78.5923 76.8432 8.3
      vertex 78.5693 76.6879 0
      vertex 78.5693 76.6879 8.3
    endloop
  endfacet
  facet normal 0.85783 -0.513934 0
    outer loop
      vertex 75.5889 77.7542 8.3
      vertex 75.6696 77.8889 0
      vertex 75.6696 77.8889 8.3
    endloop
  endfacet
  facet normal 0.85783 -0.513934 0
    outer loop
      vertex 75.6696 77.8889 0
      vertex 75.5889 77.7542 8.3
      vertex 75.5889 77.7542 0
    endloop
  endfacet
  facet normal 0.336982 0.941511 -0
    outer loop
      vertex 76.5355 75.4689 0
      vertex 76.3877 75.5218 8.3
      vertex 76.5355 75.4689 8.3
    endloop
  endfacet
  facet normal 0.336982 0.941511 0
    outer loop
      vertex 76.3877 75.5218 8.3
      vertex 76.5355 75.4689 0
      vertex 76.3877 75.5218 0
    endloop
  endfacet
  facet normal -0.904023 -0.427484 0
    outer loop
      vertex 78.4782 77.6123 0
      vertex 78.4111 77.7542 8.3
      vertex 78.4111 77.7542 0
    endloop
  endfacet
  facet normal -0.904023 -0.427484 0
    outer loop
      vertex 78.4111 77.7542 8.3
      vertex 78.4782 77.6123 0
      vertex 78.4782 77.6123 8.3
    endloop
  endfacet
  facet normal 0.427484 -0.904023 0
    outer loop
      vertex 76.2458 78.4111 0
      vertex 76.3877 78.4782 8.3
      vertex 76.2458 78.4111 8.3
    endloop
  endfacet
  facet normal 0.427484 -0.904023 0
    outer loop
      vertex 76.3877 78.4782 8.3
      vertex 76.2458 78.4111 0
      vertex 76.3877 78.4782 0
    endloop
  endfacet
  facet normal -0.596019 0.80297 0
    outer loop
      vertex 78.015 75.7632 0
      vertex 77.8889 75.6696 8.3
      vertex 78.015 75.7632 8.3
    endloop
  endfacet
  facet normal -0.596019 0.80297 0
    outer loop
      vertex 77.8889 75.6696 8.3
      vertex 78.015 75.7632 0
      vertex 77.8889 75.6696 0
    endloop
  endfacet
  facet normal -0.596019 -0.80297 0
    outer loop
      vertex 77.8889 78.3304 0
      vertex 78.015 78.2368 8.3
      vertex 77.8889 78.3304 8.3
    endloop
  endfacet
  facet normal -0.596019 -0.80297 -0
    outer loop
      vertex 78.015 78.2368 8.3
      vertex 77.8889 78.3304 0
      vertex 78.015 78.2368 0
    endloop
  endfacet
  facet normal 0.671213 0.741264 -0
    outer loop
      vertex 75.985 75.7632 0
      vertex 75.8686 75.8686 8.3
      vertex 75.985 75.7632 8.3
    endloop
  endfacet
  facet normal 0.671213 0.741264 0
    outer loop
      vertex 75.8686 75.8686 8.3
      vertex 75.985 75.7632 0
      vertex 75.8686 75.8686 0
    endloop
  endfacet
  facet normal -0.998796 0.049048 0
    outer loop
      vertex 78.5923 76.8432 0
      vertex 78.6 77 8.3
      vertex 78.6 77 0
    endloop
  endfacet
  facet normal -0.998796 0.049048 0
    outer loop
      vertex 78.6 77 8.3
      vertex 78.5923 76.8432 0
      vertex 78.5923 76.8432 8.3
    endloop
  endfacet
  facet normal 0.80297 0.596019 0
    outer loop
      vertex 75.7632 75.985 8.3
      vertex 75.6696 76.1111 0
      vertex 75.6696 76.1111 8.3
    endloop
  endfacet
  facet normal 0.80297 0.596019 0
    outer loop
      vertex 75.6696 76.1111 0
      vertex 75.7632 75.985 8.3
      vertex 75.7632 75.985 0
    endloop
  endfacet
  facet normal 0.904023 0.427484 0
    outer loop
      vertex 75.5889 76.2458 8.3
      vertex 75.5218 76.3877 0
      vertex 75.5218 76.3877 8.3
    endloop
  endfacet
  facet normal 0.904023 0.427484 0
    outer loop
      vertex 75.5218 76.3877 0
      vertex 75.5889 76.2458 8.3
      vertex 75.5889 76.2458 0
    endloop
  endfacet
  facet normal -0.049048 -0.998796 0
    outer loop
      vertex 77 78.6 0
      vertex 77.1568 78.5923 8.3
      vertex 77 78.6 8.3
    endloop
  endfacet
  facet normal -0.049048 -0.998796 -0
    outer loop
      vertex 77.1568 78.5923 8.3
      vertex 77 78.6 0
      vertex 77.1568 78.5923 0
    endloop
  endfacet
  facet normal 0.427484 0.904023 -0
    outer loop
      vertex 76.3877 75.5218 0
      vertex 76.2458 75.5889 8.3
      vertex 76.3877 75.5218 8.3
    endloop
  endfacet
  facet normal 0.427484 0.904023 0
    outer loop
      vertex 76.2458 75.5889 8.3
      vertex 76.3877 75.5218 0
      vertex 76.2458 75.5889 0
    endloop
  endfacet
  facet normal 0.146502 -0.98921 0
    outer loop
      vertex 76.6879 78.5693 0
      vertex 76.8432 78.5923 8.3
      vertex 76.6879 78.5693 8.3
    endloop
  endfacet
  facet normal 0.146502 -0.98921 0
    outer loop
      vertex 76.8432 78.5923 8.3
      vertex 76.6879 78.5693 0
      vertex 76.8432 78.5923 0
    endloop
  endfacet
  facet normal 0.98921 0.146502 0
    outer loop
      vertex 75.4307 76.6879 8.3
      vertex 75.4077 76.8432 0
      vertex 75.4077 76.8432 8.3
    endloop
  endfacet
  facet normal 0.98921 0.146502 0
    outer loop
      vertex 75.4077 76.8432 0
      vertex 75.4307 76.6879 8.3
      vertex 75.4307 76.6879 0
    endloop
  endfacet
  facet normal -0.336982 0.941511 0
    outer loop
      vertex 77.6123 75.5218 0
      vertex 77.4645 75.4689 8.3
      vertex 77.6123 75.5218 8.3
    endloop
  endfacet
  facet normal -0.336982 0.941511 0
    outer loop
      vertex 77.4645 75.4689 8.3
      vertex 77.6123 75.5218 0
      vertex 77.4645 75.4689 0
    endloop
  endfacet
  facet normal -0.243135 0.969993 0
    outer loop
      vertex 77.4645 75.4689 0
      vertex 77.3121 75.4307 8.3
      vertex 77.4645 75.4689 8.3
    endloop
  endfacet
  facet normal -0.243135 0.969993 0
    outer loop
      vertex 77.3121 75.4307 8.3
      vertex 77.4645 75.4689 0
      vertex 77.3121 75.4307 0
    endloop
  endfacet
  facet normal 0.904023 -0.427484 0
    outer loop
      vertex 75.5218 77.6123 8.3
      vertex 75.5889 77.7542 0
      vertex 75.5889 77.7542 8.3
    endloop
  endfacet
  facet normal 0.904023 -0.427484 0
    outer loop
      vertex 75.5889 77.7542 0
      vertex 75.5218 77.6123 8.3
      vertex 75.5218 77.6123 0
    endloop
  endfacet
  facet normal 0.741264 0.671213 0
    outer loop
      vertex 75.8686 75.8686 8.3
      vertex 75.7632 75.985 0
      vertex 75.7632 75.985 8.3
    endloop
  endfacet
  facet normal 0.741264 0.671213 0
    outer loop
      vertex 75.7632 75.985 0
      vertex 75.8686 75.8686 8.3
      vertex 75.8686 75.8686 0
    endloop
  endfacet
  facet normal 0.596019 0.80297 -0
    outer loop
      vertex 76.1111 75.6696 0
      vertex 75.985 75.7632 8.3
      vertex 76.1111 75.6696 8.3
    endloop
  endfacet
  facet normal 0.596019 0.80297 0
    outer loop
      vertex 75.985 75.7632 8.3
      vertex 76.1111 75.6696 0
      vertex 75.985 75.7632 0
    endloop
  endfacet
  facet normal -0.904023 0.427484 0
    outer loop
      vertex 78.4111 76.2458 0
      vertex 78.4782 76.3877 8.3
      vertex 78.4782 76.3877 0
    endloop
  endfacet
  facet normal -0.904023 0.427484 0
    outer loop
      vertex 78.4782 76.3877 8.3
      vertex 78.4111 76.2458 0
      vertex 78.4111 76.2458 8.3
    endloop
  endfacet
  facet normal -0.85783 0.513934 0
    outer loop
      vertex 78.3304 76.1111 0
      vertex 78.4111 76.2458 8.3
      vertex 78.4111 76.2458 0
    endloop
  endfacet
  facet normal -0.85783 0.513934 0
    outer loop
      vertex 78.4111 76.2458 8.3
      vertex 78.3304 76.1111 0
      vertex 78.3304 76.1111 8.3
    endloop
  endfacet
  facet normal 0.049048 0.998796 -0
    outer loop
      vertex 77 75.4 0
      vertex 76.8432 75.4077 8.3
      vertex 77 75.4 8.3
    endloop
  endfacet
  facet normal 0.049048 0.998796 0
    outer loop
      vertex 76.8432 75.4077 8.3
      vertex 77 75.4 0
      vertex 76.8432 75.4077 0
    endloop
  endfacet
  facet normal 0.998796 -0.049048 0
    outer loop
      vertex 75.4 77 8.3
      vertex 75.4077 77.1568 0
      vertex 75.4077 77.1568 8.3
    endloop
  endfacet
  facet normal 0.998796 -0.049048 0
    outer loop
      vertex 75.4077 77.1568 0
      vertex 75.4 77 8.3
      vertex 75.4 77 0
    endloop
  endfacet
  facet normal -0.671213 0.741264 0
    outer loop
      vertex 78.1314 75.8686 0
      vertex 78.015 75.7632 8.3
      vertex 78.1314 75.8686 8.3
    endloop
  endfacet
  facet normal -0.671213 0.741264 0
    outer loop
      vertex 78.015 75.7632 8.3
      vertex 78.1314 75.8686 0
      vertex 78.015 75.7632 0
    endloop
  endfacet
  facet normal 0.319672 0.676029 0.663924
    outer loop
      vertex 76.2458 75.5889 8.3
      vertex 75.8094 74.1257 10
      vertex 76.3877 75.5218 8.3
    endloop
  endfacet
  facet normal 0.317094 0.677039 0.664131
    outer loop
      vertex 75.8094 74.1257 10
      vertex 76.2458 75.5889 8.3
      vertex 75.8015 74.1294 10
    endloop
  endfacet
  facet normal -0.251998 -0.704069 0.663916
    outer loop
      vertex 77.6123 78.4782 8.3
      vertex 78.1824 79.8772 10
      vertex 77.4645 78.5311 8.3
    endloop
  endfacet
  facet normal -0.249354 -0.705069 0.663852
    outer loop
      vertex 78.1824 79.8772 10
      vertex 77.6123 78.4782 8.3
      vertex 78.1906 79.8743 10
    endloop
  endfacet
  facet normal 0.109556 0.739742 0.663912
    outer loop
      vertex 76.6879 75.4307 8.3
      vertex 76.6951 73.9039 10
      vertex 76.8432 75.4077 8.3
    endloop
  endfacet
  facet normal 0.109734 0.739728 0.663898
    outer loop
      vertex 76.6951 73.9039 10
      vertex 76.6879 75.4307 8.3
      vertex 76.3931 73.9487 10
    endloop
  endfacet
  facet normal 0.445526 -0.60059 0.663926
    outer loop
      vertex 75.985 78.2368 8.3
      vertex 75.2645 79.5816 10
      vertex 75.0263 79.4049 10
    endloop
  endfacet
  facet normal 0.676029 0.319672 0.663924
    outer loop
      vertex 74.1257 75.8094 10
      vertex 75.5889 76.2458 8.3
      vertex 75.5218 76.3877 8.3
    endloop
  endfacet
  facet normal 0.677039 0.317094 0.664131
    outer loop
      vertex 75.5889 76.2458 8.3
      vertex 74.1257 75.8094 10
      vertex 74.1294 75.8015 10
    endloop
  endfacet
  facet normal -0.388501 -0.638869 0.664013
    outer loop
      vertex 78.721 79.5913 10
      vertex 77.8889 78.3304 8.3
      vertex 78.7284 79.5868 10
    endloop
  endfacet
  facet normal -0.384324 -0.641493 0.663914
    outer loop
      vertex 77.8889 78.3304 8.3
      vertex 78.721 79.5913 10
      vertex 77.7542 78.4111 8.3
    endloop
  endfacet
  facet normal -0.109734 0.739728 0.663898
    outer loop
      vertex 77.3121 75.4307 8.3
      vertex 77.3049 73.9039 10
      vertex 77.6069 73.9487 10
    endloop
  endfacet
  facet normal -0.109556 0.739742 0.663912
    outer loop
      vertex 77.3049 73.9039 10
      vertex 77.3121 75.4307 8.3
      vertex 77.1568 75.4077 8.3
    endloop
  endfacet
  facet normal -0.739742 0.109556 0.663912
    outer loop
      vertex 78.5693 76.6879 8.3
      vertex 80.0961 76.6951 10
      vertex 78.5923 76.8432 8.3
    endloop
  endfacet
  facet normal -0.739728 0.109734 0.663898
    outer loop
      vertex 80.0961 76.6951 10
      vertex 78.5693 76.6879 8.3
      vertex 80.0513 76.3931 10
    endloop
  endfacet
  facet normal -0.388501 0.638869 0.664013
    outer loop
      vertex 77.8889 75.6696 8.3
      vertex 78.721 74.4087 10
      vertex 78.7284 74.4132 10
    endloop
  endfacet
  facet normal -0.384324 0.641493 0.663914
    outer loop
      vertex 78.721 74.4087 10
      vertex 77.8889 75.6696 8.3
      vertex 77.7542 75.5889 8.3
    endloop
  endfacet
  facet normal -0.445526 -0.60059 0.663926
    outer loop
      vertex 78.9737 79.4049 10
      vertex 78.7355 79.5816 10
      vertex 78.015 78.2368 8.3
    endloop
  endfacet
  facet normal -0.502179 -0.554112 0.66391
    outer loop
      vertex 78.9737 79.4049 10
      vertex 78.1314 78.1314 8.3
      vertex 79.1999 79.1999 10
    endloop
  endfacet
  facet normal -0.501927 -0.554311 0.663934
    outer loop
      vertex 78.1314 78.1314 8.3
      vertex 78.9737 79.4049 10
      vertex 78.015 78.2368 8.3
    endloop
  endfacet
  facet normal 0.725385 -0.181787 0.663905
    outer loop
      vertex 75.4689 77.4645 8.3
      vertex 74.0229 77.9031 10
      vertex 73.9508 77.6154 10
    endloop
  endfacet
  facet normal -0.704069 0.251998 0.663916
    outer loop
      vertex 78.4782 76.3877 8.3
      vertex 79.8772 75.8176 10
      vertex 78.5311 76.5355 8.3
    endloop
  endfacet
  facet normal -0.705069 0.249354 0.663852
    outer loop
      vertex 79.8772 75.8176 10
      vertex 78.4782 76.3877 8.3
      vertex 79.8743 75.8094 10
    endloop
  endfacet
  facet normal 0.44571 0.600471 0.66391
    outer loop
      vertex 75.2645 74.4184 10
      vertex 76.1111 75.6696 8.3
      vertex 75.985 75.7632 8.3
    endloop
  endfacet
  facet normal 0.44181 0.603241 0.664007
    outer loop
      vertex 76.1111 75.6696 8.3
      vertex 75.2645 74.4184 10
      vertex 75.2716 74.4132 10
    endloop
  endfacet
  facet normal 0.641386 0.384479 0.663928
    outer loop
      vertex 74.4087 75.279 10
      vertex 75.5889 76.2458 8.3
      vertex 74.2562 75.5334 10
    endloop
  endfacet
  facet normal 0.251998 0.704069 0.663916
    outer loop
      vertex 76.3877 75.5218 8.3
      vertex 75.8176 74.1228 10
      vertex 76.5355 75.4689 8.3
    endloop
  endfacet
  facet normal 0.249354 0.705069 0.663852
    outer loop
      vertex 75.8176 74.1228 10
      vertex 76.3877 75.5218 8.3
      vertex 75.8094 74.1257 10
    endloop
  endfacet
  facet normal 0.109734 -0.739728 0.663898
    outer loop
      vertex 76.6879 78.5693 8.3
      vertex 76.6951 80.0961 10
      vertex 76.3931 80.0513 10
    endloop
  endfacet
  facet normal 0.109556 -0.739742 0.663912
    outer loop
      vertex 76.6951 80.0961 10
      vertex 76.6879 78.5693 8.3
      vertex 76.8432 78.5923 8.3
    endloop
  endfacet
  facet normal 0.181787 -0.725385 0.663905
    outer loop
      vertex 76.5355 78.5311 8.3
      vertex 76.3846 80.0492 10
      vertex 76.0969 79.9771 10
    endloop
  endfacet
  facet normal -0.641493 0.384324 0.663914
    outer loop
      vertex 78.3304 76.1111 8.3
      vertex 79.5913 75.279 10
      vertex 78.4111 76.2458 8.3
    endloop
  endfacet
  facet normal -0.638869 0.388501 0.664013
    outer loop
      vertex 79.5913 75.279 10
      vertex 78.3304 76.1111 8.3
      vertex 79.5868 75.2716 10
    endloop
  endfacet
  facet normal -0.384479 0.641386 0.663928
    outer loop
      vertex 78.4666 74.2562 10
      vertex 78.721 74.4087 10
      vertex 77.7542 75.5889 8.3
    endloop
  endfacet
  facet normal -0.603241 0.44181 0.664007
    outer loop
      vertex 78.3304 76.1111 8.3
      vertex 79.5816 75.2645 10
      vertex 79.5868 75.2716 10
    endloop
  endfacet
  facet normal -0.600471 0.44571 0.66391
    outer loop
      vertex 79.5816 75.2645 10
      vertex 78.3304 76.1111 8.3
      vertex 78.2368 75.985 8.3
    endloop
  endfacet
  facet normal -0.676002 0.319721 0.663928
    outer loop
      vertex 79.7438 75.5334 10
      vertex 79.8706 75.8015 10
      vertex 78.4111 76.2458 8.3
    endloop
  endfacet
  facet normal 0.600471 0.44571 0.66391
    outer loop
      vertex 75.6696 76.1111 8.3
      vertex 74.4184 75.2645 10
      vertex 75.7632 75.985 8.3
    endloop
  endfacet
  facet normal 0.603241 0.44181 0.664007
    outer loop
      vertex 74.4184 75.2645 10
      vertex 75.6696 76.1111 8.3
      vertex 74.4132 75.2716 10
    endloop
  endfacet
  facet normal 0.739728 -0.109734 0.663898
    outer loop
      vertex 73.9039 77.3049 10
      vertex 75.4307 77.3121 8.3
      vertex 73.9487 77.6069 10
    endloop
  endfacet
  facet normal 0.739742 -0.109556 0.663912
    outer loop
      vertex 75.4307 77.3121 8.3
      vertex 73.9039 77.3049 10
      vertex 75.4077 77.1568 8.3
    endloop
  endfacet
  facet normal -0.181787 0.725385 0.663905
    outer loop
      vertex 77.6154 73.9508 10
      vertex 77.9031 74.0229 10
      vertex 77.4645 75.4689 8.3
    endloop
  endfacet
  facet normal 0.181787 0.725385 0.663905
    outer loop
      vertex 76.3846 73.9508 10
      vertex 76.5355 75.4689 8.3
      vertex 76.0969 74.0229 10
    endloop
  endfacet
  facet normal 0.554332 -0.501947 0.663902
    outer loop
      vertex 74.8001 79.1999 10
      vertex 75.7632 78.015 8.3
      vertex 75.8686 78.1314 8.3
    endloop
  endfacet
  facet normal 0.554101 -0.502169 0.663926
    outer loop
      vertex 75.7632 78.015 8.3
      vertex 74.8001 79.1999 10
      vertex 74.5951 78.9737 10
    endloop
  endfacet
  facet normal -0.319721 0.676002 0.663928
    outer loop
      vertex 78.1985 74.1294 10
      vertex 78.4666 74.2562 10
      vertex 77.7542 75.5889 8.3
    endloop
  endfacet
  facet normal -0.384479 -0.641386 0.663928
    outer loop
      vertex 78.721 79.5913 10
      vertex 78.4666 79.7438 10
      vertex 77.7542 78.4111 8.3
    endloop
  endfacet
  facet normal -0.319672 -0.676029 0.663924
    outer loop
      vertex 77.7542 78.4111 8.3
      vertex 78.1906 79.8743 10
      vertex 77.6123 78.4782 8.3
    endloop
  endfacet
  facet normal -0.317094 -0.677039 0.664131
    outer loop
      vertex 78.1906 79.8743 10
      vertex 77.7542 78.4111 8.3
      vertex 78.1985 79.8706 10
    endloop
  endfacet
  facet normal -0.60059 -0.445526 0.663926
    outer loop
      vertex 79.5816 78.7355 10
      vertex 79.4049 78.9737 10
      vertex 78.2368 78.015 8.3
    endloop
  endfacet
  facet normal -0.676002 -0.319721 0.663928
    outer loop
      vertex 79.8706 78.1985 10
      vertex 79.7438 78.4666 10
      vertex 78.4111 77.7542 8.3
    endloop
  endfacet
  facet normal -0.746909 -0.0366786 0.663914
    outer loop
      vertex 80.1111 77 10
      vertex 78.5923 77.1568 8.3
      vertex 78.6 77 8.3
    endloop
  endfacet
  facet normal -0.74691 -0.0367453 0.663909
    outer loop
      vertex 78.5923 77.1568 8.3
      vertex 80.1111 77 10
      vertex 80.0961 77.3049 10
    endloop
  endfacet
  facet normal -0.445526 0.60059 0.663926
    outer loop
      vertex 78.7355 74.4184 10
      vertex 78.9737 74.5951 10
      vertex 78.015 75.7632 8.3
    endloop
  endfacet
  facet normal -0.319721 -0.676002 0.663928
    outer loop
      vertex 78.4666 79.7438 10
      vertex 78.1985 79.8706 10
      vertex 77.7542 78.4111 8.3
    endloop
  endfacet
  facet normal -0.181822 -0.725385 0.663895
    outer loop
      vertex 77.4645 78.5311 8.3
      vertex 77.6069 80.0513 10
      vertex 77.3121 78.5693 8.3
    endloop
  endfacet
  facet normal -0.179323 -0.725833 0.664086
    outer loop
      vertex 77.6069 80.0513 10
      vertex 77.4645 78.5311 8.3
      vertex 77.6154 80.0492 10
    endloop
  endfacet
  facet normal -0.251854 0.704131 0.663904
    outer loop
      vertex 77.9031 74.0229 10
      vertex 78.1824 74.1228 10
      vertex 77.4645 75.4689 8.3
    endloop
  endfacet
  facet normal -0.725385 -0.181787 0.663905
    outer loop
      vertex 80.0492 77.6154 10
      vertex 79.9771 77.9031 10
      vertex 78.5311 77.4645 8.3
    endloop
  endfacet
  facet normal 0.445526 0.60059 0.663926
    outer loop
      vertex 75.2645 74.4184 10
      vertex 75.985 75.7632 8.3
      vertex 75.0263 74.5951 10
    endloop
  endfacet
  facet normal 0.74691 -0.0367453 0.663909
    outer loop
      vertex 73.8889 77 10
      vertex 75.4077 77.1568 8.3
      vertex 73.9039 77.3049 10
    endloop
  endfacet
  facet normal 0.746909 -0.0366786 0.663914
    outer loop
      vertex 75.4077 77.1568 8.3
      vertex 73.8889 77 10
      vertex 75.4 77 8.3
    endloop
  endfacet
  facet normal -0.502179 0.554112 0.66391
    outer loop
      vertex 78.1314 75.8686 8.3
      vertex 78.9737 74.5951 10
      vertex 79.1999 74.8001 10
    endloop
  endfacet
  facet normal -0.501927 0.554311 0.663934
    outer loop
      vertex 78.9737 74.5951 10
      vertex 78.1314 75.8686 8.3
      vertex 78.015 75.7632 8.3
    endloop
  endfacet
  facet normal -0.179323 0.725833 0.664086
    outer loop
      vertex 77.4645 75.4689 8.3
      vertex 77.6069 73.9487 10
      vertex 77.6154 73.9508 10
    endloop
  endfacet
  facet normal -0.181822 0.725385 0.663895
    outer loop
      vertex 77.6069 73.9487 10
      vertex 77.4645 75.4689 8.3
      vertex 77.3121 75.4307 8.3
    endloop
  endfacet
  facet normal -0.725385 0.181822 0.663895
    outer loop
      vertex 78.5311 76.5355 8.3
      vertex 80.0513 76.3931 10
      vertex 78.5693 76.6879 8.3
    endloop
  endfacet
  facet normal -0.725833 0.179323 0.664086
    outer loop
      vertex 80.0513 76.3931 10
      vertex 78.5311 76.5355 8.3
      vertex 80.0492 76.3846 10
    endloop
  endfacet
  facet normal 0.384324 0.641493 0.663914
    outer loop
      vertex 76.1111 75.6696 8.3
      vertex 75.279 74.4087 10
      vertex 76.2458 75.5889 8.3
    endloop
  endfacet
  facet normal 0.388501 0.638869 0.664013
    outer loop
      vertex 75.279 74.4087 10
      vertex 76.1111 75.6696 8.3
      vertex 75.2716 74.4132 10
    endloop
  endfacet
  facet normal 0.638869 -0.388501 0.664013
    outer loop
      vertex 74.4087 78.721 10
      vertex 75.6696 77.8889 8.3
      vertex 74.4132 78.7284 10
    endloop
  endfacet
  facet normal 0.641493 -0.384324 0.663914
    outer loop
      vertex 75.6696 77.8889 8.3
      vertex 74.4087 78.721 10
      vertex 75.5889 77.7542 8.3
    endloop
  endfacet
  facet normal 0.251854 0.704131 0.663904
    outer loop
      vertex 76.0969 74.0229 10
      vertex 76.5355 75.4689 8.3
      vertex 75.8176 74.1228 10
    endloop
  endfacet
  facet normal -0.251854 -0.704131 0.663904
    outer loop
      vertex 78.1824 79.8772 10
      vertex 77.9031 79.9771 10
      vertex 77.4645 78.5311 8.3
    endloop
  endfacet
  facet normal -0.676029 0.319672 0.663924
    outer loop
      vertex 78.4111 76.2458 8.3
      vertex 79.8743 75.8094 10
      vertex 78.4782 76.3877 8.3
    endloop
  endfacet
  facet normal -0.677039 0.317094 0.664131
    outer loop
      vertex 79.8743 75.8094 10
      vertex 78.4111 76.2458 8.3
      vertex 79.8706 75.8015 10
    endloop
  endfacet
  facet normal -0.317094 0.677039 0.664131
    outer loop
      vertex 77.7542 75.5889 8.3
      vertex 78.1906 74.1257 10
      vertex 78.1985 74.1294 10
    endloop
  endfacet
  facet normal -0.319672 0.676029 0.663924
    outer loop
      vertex 78.1906 74.1257 10
      vertex 77.7542 75.5889 8.3
      vertex 77.6123 75.5218 8.3
    endloop
  endfacet
  facet normal 0.319721 -0.676002 0.663928
    outer loop
      vertex 76.2458 78.4111 8.3
      vertex 75.8015 79.8706 10
      vertex 75.5334 79.7438 10
    endloop
  endfacet
  facet normal 0.705069 -0.249354 0.663852
    outer loop
      vertex 74.1228 78.1824 10
      vertex 75.5218 77.6123 8.3
      vertex 74.1257 78.1906 10
    endloop
  endfacet
  facet normal 0.704069 -0.251998 0.663916
    outer loop
      vertex 75.5218 77.6123 8.3
      vertex 74.1228 78.1824 10
      vertex 75.4689 77.4645 8.3
    endloop
  endfacet
  facet normal -0.60059 0.445526 0.663926
    outer loop
      vertex 79.4049 75.0263 10
      vertex 79.5816 75.2645 10
      vertex 78.2368 75.985 8.3
    endloop
  endfacet
  facet normal -0.554101 0.502169 0.663926
    outer loop
      vertex 78.2368 75.985 8.3
      vertex 79.1999 74.8001 10
      vertex 79.4049 75.0263 10
    endloop
  endfacet
  facet normal -0.554332 0.501947 0.663902
    outer loop
      vertex 79.1999 74.8001 10
      vertex 78.2368 75.985 8.3
      vertex 78.1314 75.8686 8.3
    endloop
  endfacet
  facet normal -0.44571 0.600471 0.66391
    outer loop
      vertex 77.8889 75.6696 8.3
      vertex 78.7355 74.4184 10
      vertex 78.015 75.7632 8.3
    endloop
  endfacet
  facet normal -0.44181 0.603241 0.664007
    outer loop
      vertex 78.7355 74.4184 10
      vertex 77.8889 75.6696 8.3
      vertex 78.7284 74.4132 10
    endloop
  endfacet
  facet normal 0.249354 -0.705069 0.663852
    outer loop
      vertex 76.3877 78.4782 8.3
      vertex 75.8176 79.8772 10
      vertex 75.8094 79.8743 10
    endloop
  endfacet
  facet normal 0.251998 -0.704069 0.663916
    outer loop
      vertex 75.8176 79.8772 10
      vertex 76.3877 78.4782 8.3
      vertex 76.5355 78.5311 8.3
    endloop
  endfacet
  facet normal -0.677039 -0.317094 0.664131
    outer loop
      vertex 78.4111 77.7542 8.3
      vertex 79.8743 78.1906 10
      vertex 79.8706 78.1985 10
    endloop
  endfacet
  facet normal -0.676029 -0.319672 0.663924
    outer loop
      vertex 79.8743 78.1906 10
      vertex 78.4111 77.7542 8.3
      vertex 78.4782 77.6123 8.3
    endloop
  endfacet
  facet normal -0.746909 0.0366786 0.663914
    outer loop
      vertex 78.5923 76.8432 8.3
      vertex 80.1111 77 10
      vertex 78.6 77 8.3
    endloop
  endfacet
  facet normal -0.74691 0.0367453 0.663909
    outer loop
      vertex 80.1111 77 10
      vertex 78.5923 76.8432 8.3
      vertex 80.0961 76.6951 10
    endloop
  endfacet
  facet normal -0.739728 -0.109734 0.663898
    outer loop
      vertex 78.5693 77.3121 8.3
      vertex 80.0961 77.3049 10
      vertex 80.0513 77.6069 10
    endloop
  endfacet
  facet normal -0.739742 -0.109556 0.663912
    outer loop
      vertex 80.0961 77.3049 10
      vertex 78.5693 77.3121 8.3
      vertex 78.5923 77.1568 8.3
    endloop
  endfacet
  facet normal 0.725833 -0.179323 0.664086
    outer loop
      vertex 73.9487 77.6069 10
      vertex 75.4689 77.4645 8.3
      vertex 73.9508 77.6154 10
    endloop
  endfacet
  facet normal 0.725385 -0.181822 0.663895
    outer loop
      vertex 75.4689 77.4645 8.3
      vertex 73.9487 77.6069 10
      vertex 75.4307 77.3121 8.3
    endloop
  endfacet
  facet normal -0.638869 -0.388501 0.664013
    outer loop
      vertex 78.3304 77.8889 8.3
      vertex 79.5913 78.721 10
      vertex 79.5868 78.7284 10
    endloop
  endfacet
  facet normal -0.641493 -0.384324 0.663914
    outer loop
      vertex 79.5913 78.721 10
      vertex 78.3304 77.8889 8.3
      vertex 78.4111 77.7542 8.3
    endloop
  endfacet
  facet normal 0.319721 0.676002 0.663928
    outer loop
      vertex 75.8015 74.1294 10
      vertex 76.2458 75.5889 8.3
      vertex 75.5334 74.2562 10
    endloop
  endfacet
  facet normal 0.600471 -0.44571 0.66391
    outer loop
      vertex 74.4184 78.7355 10
      vertex 75.6696 77.8889 8.3
      vertex 75.7632 78.015 8.3
    endloop
  endfacet
  facet normal 0.603241 -0.44181 0.664007
    outer loop
      vertex 75.6696 77.8889 8.3
      vertex 74.4184 78.7355 10
      vertex 74.4132 78.7284 10
    endloop
  endfacet
  facet normal 0.60059 -0.445526 0.663926
    outer loop
      vertex 75.7632 78.015 8.3
      vertex 74.5951 78.9737 10
      vertex 74.4184 78.7355 10
    endloop
  endfacet
  facet normal -0.641386 -0.384479 0.663928
    outer loop
      vertex 79.7438 78.4666 10
      vertex 79.5913 78.721 10
      vertex 78.4111 77.7542 8.3
    endloop
  endfacet
  facet normal 0.384324 -0.641493 0.663914
    outer loop
      vertex 75.279 79.5913 10
      vertex 76.1111 78.3304 8.3
      vertex 76.2458 78.4111 8.3
    endloop
  endfacet
  facet normal 0.388501 -0.638869 0.664013
    outer loop
      vertex 76.1111 78.3304 8.3
      vertex 75.279 79.5913 10
      vertex 75.2716 79.5868 10
    endloop
  endfacet
  facet normal 0.44181 -0.603241 0.664007
    outer loop
      vertex 75.2645 79.5816 10
      vertex 76.1111 78.3304 8.3
      vertex 75.2716 79.5868 10
    endloop
  endfacet
  facet normal 0.44571 -0.600471 0.66391
    outer loop
      vertex 76.1111 78.3304 8.3
      vertex 75.2645 79.5816 10
      vertex 75.985 78.2368 8.3
    endloop
  endfacet
  facet normal -0.109556 -0.739742 0.663912
    outer loop
      vertex 77.3121 78.5693 8.3
      vertex 77.3049 80.0961 10
      vertex 77.1568 78.5923 8.3
    endloop
  endfacet
  facet normal -0.109734 -0.739728 0.663898
    outer loop
      vertex 77.3049 80.0961 10
      vertex 77.3121 78.5693 8.3
      vertex 77.6069 80.0513 10
    endloop
  endfacet
  facet normal 0.317094 -0.677039 0.664131
    outer loop
      vertex 76.2458 78.4111 8.3
      vertex 75.8094 79.8743 10
      vertex 75.8015 79.8706 10
    endloop
  endfacet
  facet normal 0.319672 -0.676029 0.663924
    outer loop
      vertex 75.8094 79.8743 10
      vertex 76.2458 78.4111 8.3
      vertex 76.3877 78.4782 8.3
    endloop
  endfacet
  facet normal -0.603241 -0.44181 0.664007
    outer loop
      vertex 79.5816 78.7355 10
      vertex 78.3304 77.8889 8.3
      vertex 79.5868 78.7284 10
    endloop
  endfacet
  facet normal -0.600471 -0.44571 0.66391
    outer loop
      vertex 78.3304 77.8889 8.3
      vertex 79.5816 78.7355 10
      vertex 78.2368 78.015 8.3
    endloop
  endfacet
  facet normal 0.725385 0.181787 0.663905
    outer loop
      vertex 74.0229 76.0969 10
      vertex 75.4689 76.5355 8.3
      vertex 73.9508 76.3846 10
    endloop
  endfacet
  facet normal -0.0366786 -0.746909 0.663914
    outer loop
      vertex 77.1568 78.5923 8.3
      vertex 77 80.1111 10
      vertex 77 78.6 8.3
    endloop
  endfacet
  facet normal -0.0367453 -0.74691 0.663909
    outer loop
      vertex 77 80.1111 10
      vertex 77.1568 78.5923 8.3
      vertex 77.3049 80.0961 10
    endloop
  endfacet
  facet normal 0.60059 0.445526 0.663926
    outer loop
      vertex 74.5951 75.0263 10
      vertex 75.7632 75.985 8.3
      vertex 74.4184 75.2645 10
    endloop
  endfacet
  facet normal -0.0367453 0.74691 0.663909
    outer loop
      vertex 77.1568 75.4077 8.3
      vertex 77 73.8889 10
      vertex 77.3049 73.9039 10
    endloop
  endfacet
  facet normal -0.0366786 0.746909 0.663914
    outer loop
      vertex 77 73.8889 10
      vertex 77.1568 75.4077 8.3
      vertex 77 75.4 8.3
    endloop
  endfacet
  facet normal -0.705069 -0.249354 0.663852
    outer loop
      vertex 78.4782 77.6123 8.3
      vertex 79.8772 78.1824 10
      vertex 79.8743 78.1906 10
    endloop
  endfacet
  facet normal -0.704069 -0.251998 0.663916
    outer loop
      vertex 79.8772 78.1824 10
      vertex 78.4782 77.6123 8.3
      vertex 78.5311 77.4645 8.3
    endloop
  endfacet
  facet normal -0.704131 -0.251854 0.663904
    outer loop
      vertex 79.9771 77.9031 10
      vertex 79.8772 78.1824 10
      vertex 78.5311 77.4645 8.3
    endloop
  endfacet
  facet normal -0.44181 -0.603241 0.664007
    outer loop
      vertex 77.8889 78.3304 8.3
      vertex 78.7355 79.5816 10
      vertex 78.7284 79.5868 10
    endloop
  endfacet
  facet normal -0.44571 -0.600471 0.66391
    outer loop
      vertex 78.7355 79.5816 10
      vertex 77.8889 78.3304 8.3
      vertex 78.015 78.2368 8.3
    endloop
  endfacet
  facet normal 0.704131 0.251854 0.663904
    outer loop
      vertex 74.1228 75.8176 10
      vertex 75.4689 76.5355 8.3
      vertex 74.0229 76.0969 10
    endloop
  endfacet
  facet normal -0.249354 0.705069 0.663852
    outer loop
      vertex 77.6123 75.5218 8.3
      vertex 78.1824 74.1228 10
      vertex 78.1906 74.1257 10
    endloop
  endfacet
  facet normal -0.251998 0.704069 0.663916
    outer loop
      vertex 78.1824 74.1228 10
      vertex 77.6123 75.5218 8.3
      vertex 77.4645 75.4689 8.3
    endloop
  endfacet
  facet normal 0.704131 -0.251854 0.663904
    outer loop
      vertex 75.4689 77.4645 8.3
      vertex 74.1228 78.1824 10
      vertex 74.0229 77.9031 10
    endloop
  endfacet
  facet normal 0.554332 0.501947 0.663902
    outer loop
      vertex 75.7632 75.985 8.3
      vertex 74.8001 74.8001 10
      vertex 75.8686 75.8686 8.3
    endloop
  endfacet
  facet normal 0.554101 0.502169 0.663926
    outer loop
      vertex 74.8001 74.8001 10
      vertex 75.7632 75.985 8.3
      vertex 74.5951 75.0263 10
    endloop
  endfacet
  facet normal -0.704131 0.251854 0.663904
    outer loop
      vertex 79.8772 75.8176 10
      vertex 79.9771 76.0969 10
      vertex 78.5311 76.5355 8.3
    endloop
  endfacet
  facet normal -0.725385 0.181787 0.663905
    outer loop
      vertex 79.9771 76.0969 10
      vertex 80.0492 76.3846 10
      vertex 78.5311 76.5355 8.3
    endloop
  endfacet
  facet normal -0.725833 -0.179323 0.664086
    outer loop
      vertex 78.5311 77.4645 8.3
      vertex 80.0513 77.6069 10
      vertex 80.0492 77.6154 10
    endloop
  endfacet
  facet normal -0.725385 -0.181822 0.663895
    outer loop
      vertex 80.0513 77.6069 10
      vertex 78.5311 77.4645 8.3
      vertex 78.5693 77.3121 8.3
    endloop
  endfacet
  facet normal -0.641386 0.384479 0.663928
    outer loop
      vertex 79.5913 75.279 10
      vertex 79.7438 75.5334 10
      vertex 78.4111 76.2458 8.3
    endloop
  endfacet
  facet normal 0.641493 0.384324 0.663914
    outer loop
      vertex 74.4087 75.279 10
      vertex 75.6696 76.1111 8.3
      vertex 75.5889 76.2458 8.3
    endloop
  endfacet
  facet normal 0.638869 0.388501 0.664013
    outer loop
      vertex 75.6696 76.1111 8.3
      vertex 74.4087 75.279 10
      vertex 74.4132 75.2716 10
    endloop
  endfacet
  facet normal 0.676002 0.319721 0.663928
    outer loop
      vertex 74.2562 75.5334 10
      vertex 75.5889 76.2458 8.3
      vertex 74.1294 75.8015 10
    endloop
  endfacet
  facet normal 0.179323 -0.725833 0.664086
    outer loop
      vertex 76.5355 78.5311 8.3
      vertex 76.3931 80.0513 10
      vertex 76.3846 80.0492 10
    endloop
  endfacet
  facet normal 0.181822 -0.725385 0.663895
    outer loop
      vertex 76.3931 80.0513 10
      vertex 76.5355 78.5311 8.3
      vertex 76.6879 78.5693 8.3
    endloop
  endfacet
  facet normal 0.251854 -0.704131 0.663904
    outer loop
      vertex 76.5355 78.5311 8.3
      vertex 76.0969 79.9771 10
      vertex 75.8176 79.8772 10
    endloop
  endfacet
  facet normal 0.501927 0.554311 0.663934
    outer loop
      vertex 75.8686 75.8686 8.3
      vertex 75.0263 74.5951 10
      vertex 75.985 75.7632 8.3
    endloop
  endfacet
  facet normal 0.502179 0.554112 0.66391
    outer loop
      vertex 75.0263 74.5951 10
      vertex 75.8686 75.8686 8.3
      vertex 74.8001 74.8001 10
    endloop
  endfacet
  facet normal 0.746909 0.0366786 0.663914
    outer loop
      vertex 73.8889 77 10
      vertex 75.4077 76.8432 8.3
      vertex 75.4 77 8.3
    endloop
  endfacet
  facet normal 0.74691 0.0367453 0.663909
    outer loop
      vertex 75.4077 76.8432 8.3
      vertex 73.8889 77 10
      vertex 73.9039 76.6951 10
    endloop
  endfacet
  facet normal -0.181787 -0.725385 0.663905
    outer loop
      vertex 77.9031 79.9771 10
      vertex 77.6154 80.0492 10
      vertex 77.4645 78.5311 8.3
    endloop
  endfacet
  facet normal 0.676002 -0.319721 0.663928
    outer loop
      vertex 75.5889 77.7542 8.3
      vertex 74.2562 78.4666 10
      vertex 74.1294 78.1985 10
    endloop
  endfacet
  facet normal 0.0367453 -0.74691 0.663909
    outer loop
      vertex 76.8432 78.5923 8.3
      vertex 77 80.1111 10
      vertex 76.6951 80.0961 10
    endloop
  endfacet
  facet normal 0.0366786 -0.746909 0.663914
    outer loop
      vertex 77 80.1111 10
      vertex 76.8432 78.5923 8.3
      vertex 77 78.6 8.3
    endloop
  endfacet
  facet normal 0.641386 -0.384479 0.663928
    outer loop
      vertex 75.5889 77.7542 8.3
      vertex 74.4087 78.721 10
      vertex 74.2562 78.4666 10
    endloop
  endfacet
  facet normal 0.677039 -0.317094 0.664131
    outer loop
      vertex 74.1257 78.1906 10
      vertex 75.5889 77.7542 8.3
      vertex 74.1294 78.1985 10
    endloop
  endfacet
  facet normal 0.676029 -0.319672 0.663924
    outer loop
      vertex 75.5889 77.7542 8.3
      vertex 74.1257 78.1906 10
      vertex 75.5218 77.6123 8.3
    endloop
  endfacet
  facet normal 0.384479 0.641386 0.663928
    outer loop
      vertex 75.5334 74.2562 10
      vertex 76.2458 75.5889 8.3
      vertex 75.279 74.4087 10
    endloop
  endfacet
  facet normal 0.384479 -0.641386 0.663928
    outer loop
      vertex 76.2458 78.4111 8.3
      vertex 75.5334 79.7438 10
      vertex 75.279 79.5913 10
    endloop
  endfacet
  facet normal 0.501927 -0.554311 0.663934
    outer loop
      vertex 75.0263 79.4049 10
      vertex 75.8686 78.1314 8.3
      vertex 75.985 78.2368 8.3
    endloop
  endfacet
  facet normal 0.502179 -0.554112 0.66391
    outer loop
      vertex 75.8686 78.1314 8.3
      vertex 75.0263 79.4049 10
      vertex 74.8001 79.1999 10
    endloop
  endfacet
  facet normal -0.554101 -0.502169 0.663926
    outer loop
      vertex 79.1999 79.1999 10
      vertex 78.2368 78.015 8.3
      vertex 79.4049 78.9737 10
    endloop
  endfacet
  facet normal -0.554332 -0.501947 0.663902
    outer loop
      vertex 78.2368 78.015 8.3
      vertex 79.1999 79.1999 10
      vertex 78.1314 78.1314 8.3
    endloop
  endfacet
  facet normal 0.725385 0.181822 0.663895
    outer loop
      vertex 73.9487 76.3931 10
      vertex 75.4689 76.5355 8.3
      vertex 75.4307 76.6879 8.3
    endloop
  endfacet
  facet normal 0.725833 0.179323 0.664086
    outer loop
      vertex 75.4689 76.5355 8.3
      vertex 73.9487 76.3931 10
      vertex 73.9508 76.3846 10
    endloop
  endfacet
  facet normal 0.0366786 0.746909 0.663914
    outer loop
      vertex 76.8432 75.4077 8.3
      vertex 77 73.8889 10
      vertex 77 75.4 8.3
    endloop
  endfacet
  facet normal 0.0367453 0.74691 0.663909
    outer loop
      vertex 77 73.8889 10
      vertex 76.8432 75.4077 8.3
      vertex 76.6951 73.9039 10
    endloop
  endfacet
  facet normal 0.739742 0.109556 0.663912
    outer loop
      vertex 73.9039 76.6951 10
      vertex 75.4307 76.6879 8.3
      vertex 75.4077 76.8432 8.3
    endloop
  endfacet
  facet normal 0.739728 0.109734 0.663898
    outer loop
      vertex 75.4307 76.6879 8.3
      vertex 73.9039 76.6951 10
      vertex 73.9487 76.3931 10
    endloop
  endfacet
  facet normal 0.704069 0.251998 0.663916
    outer loop
      vertex 74.1228 75.8176 10
      vertex 75.5218 76.3877 8.3
      vertex 75.4689 76.5355 8.3
    endloop
  endfacet
  facet normal 0.705069 0.249354 0.663852
    outer loop
      vertex 75.5218 76.3877 8.3
      vertex 74.1228 75.8176 10
      vertex 74.1257 75.8094 10
    endloop
  endfacet
  facet normal 0.181822 0.725385 0.663895
    outer loop
      vertex 76.5355 75.4689 8.3
      vertex 76.3931 73.9487 10
      vertex 76.6879 75.4307 8.3
    endloop
  endfacet
  facet normal 0.179323 0.725833 0.664086
    outer loop
      vertex 76.3931 73.9487 10
      vertex 76.5355 75.4689 8.3
      vertex 76.3846 73.9508 10
    endloop
  endfacet
  facet normal 0.336907 0.941538 -0
    outer loop
      vertex 39.4846 31.8181 5
      vertex 37.729 32.4463 21
      vertex 39.4846 31.8181 21
    endloop
  endfacet
  facet normal 0.336907 0.941538 0
    outer loop
      vertex 37.729 32.4463 21
      vertex 39.4846 31.8181 5
      vertex 37.729 32.4463 5
    endloop
  endfacet
  facet normal -0.989176 -0.146735 0
    outer loop
      vertex 63.9085 51.8623 5
      vertex 63.6349 53.7067 21
      vertex 63.6349 53.7067 5
    endloop
  endfacet
  facet normal -0.989176 -0.146735 0
    outer loop
      vertex 63.6349 53.7067 21
      vertex 63.9085 51.8623 5
      vertex 63.9085 51.8623 21
    endloop
  endfacet
  facet normal -0.998795 -0.0490736 0
    outer loop
      vertex 64 50 5
      vertex 63.9085 51.8623 21
      vertex 63.9085 51.8623 5
    endloop
  endfacet
  facet normal -0.998795 -0.0490736 0
    outer loop
      vertex 63.9085 51.8623 21
      vertex 64 50 5
      vertex 64 50 21
    endloop
  endfacet
  facet normal -0.970038 -0.242952 0
    outer loop
      vertex 63.6349 53.7067 5
      vertex 63.1819 55.5154 21
      vertex 63.1819 55.5154 5
    endloop
  endfacet
  facet normal -0.970038 -0.242952 0
    outer loop
      vertex 63.1819 55.5154 21
      vertex 63.6349 53.7067 5
      vertex 63.6349 53.7067 21
    endloop
  endfacet
  facet normal 0.989176 -0.146735 0
    outer loop
      vertex 26.0915 51.8623 21
      vertex 26.3651 53.7067 5
      vertex 26.3651 53.7067 21
    endloop
  endfacet
  facet normal 0.989176 -0.146735 0
    outer loop
      vertex 26.3651 53.7067 5
      vertex 26.0915 51.8623 21
      vertex 26.0915 51.8623 5
    endloop
  endfacet
  facet normal 0.242952 0.970038 -0
    outer loop
      vertex 41.2933 31.3651 5
      vertex 39.4846 31.8181 21
      vertex 41.2933 31.3651 21
    endloop
  endfacet
  facet normal 0.242952 0.970038 0
    outer loop
      vertex 39.4846 31.8181 21
      vertex 41.2933 31.3651 5
      vertex 39.4846 31.8181 5
    endloop
  endfacet
  facet normal -0.336907 -0.941538 0
    outer loop
      vertex 50.5154 68.1819 5
      vertex 52.271 67.5537 21
      vertex 50.5154 68.1819 21
    endloop
  endfacet
  facet normal -0.336907 -0.941538 -0
    outer loop
      vertex 52.271 67.5537 21
      vertex 50.5154 68.1819 5
      vertex 52.271 67.5537 5
    endloop
  endfacet
  facet normal 0.514109 -0.857725 0
    outer loop
      vertex 34.4442 65.7979 5
      vertex 36.0435 66.7565 21
      vertex 34.4442 65.7979 21
    endloop
  endfacet
  facet normal 0.514109 -0.857725 0
    outer loop
      vertex 36.0435 66.7565 21
      vertex 34.4442 65.7979 5
      vertex 36.0435 66.7565 5
    endloop
  endfacet
  facet normal 0.903986 0.427563 0
    outer loop
      vertex 28.2435 41.0435 21
      vertex 27.4463 42.729 5
      vertex 27.4463 42.729 21
    endloop
  endfacet
  facet normal 0.903986 0.427563 0
    outer loop
      vertex 27.4463 42.729 5
      vertex 28.2435 41.0435 21
      vertex 28.2435 41.0435 5
    endloop
  endfacet
  facet normal 0.242952 -0.970038 0
    outer loop
      vertex 39.4846 68.1819 5
      vertex 41.2933 68.6349 21
      vertex 39.4846 68.1819 21
    endloop
  endfacet
  facet normal 0.242952 -0.970038 0
    outer loop
      vertex 41.2933 68.6349 21
      vertex 39.4846 68.1819 5
      vertex 41.2933 68.6349 5
    endloop
  endfacet
  facet normal 0.857725 0.514109 0
    outer loop
      vertex 29.2021 39.4442 21
      vertex 28.2435 41.0435 5
      vertex 28.2435 41.0435 21
    endloop
  endfacet
  facet normal 0.857725 0.514109 0
    outer loop
      vertex 28.2435 41.0435 5
      vertex 29.2021 39.4442 21
      vertex 29.2021 39.4442 5
    endloop
  endfacet
  facet normal -0.242952 0.970038 0
    outer loop
      vertex 50.5154 31.8181 5
      vertex 48.7067 31.3651 21
      vertex 50.5154 31.8181 21
    endloop
  endfacet
  facet normal -0.242952 0.970038 0
    outer loop
      vertex 48.7067 31.3651 21
      vertex 50.5154 31.8181 5
      vertex 48.7067 31.3651 5
    endloop
  endfacet
  facet normal 0.595675 0.803225 -0
    outer loop
      vertex 34.4442 34.2021 5
      vertex 32.9465 35.3128 21
      vertex 34.4442 34.2021 21
    endloop
  endfacet
  facet normal 0.595675 0.803225 0
    outer loop
      vertex 32.9465 35.3128 21
      vertex 34.4442 34.2021 5
      vertex 32.9465 35.3128 5
    endloop
  endfacet
  facet normal -0.514109 0.857725 0
    outer loop
      vertex 55.5558 34.2021 5
      vertex 53.9565 33.2435 21
      vertex 55.5558 34.2021 21
    endloop
  endfacet
  facet normal -0.514109 0.857725 0
    outer loop
      vertex 53.9565 33.2435 21
      vertex 55.5558 34.2021 5
      vertex 53.9565 33.2435 5
    endloop
  endfacet
  facet normal -0.803225 0.595675 0
    outer loop
      vertex 59.6872 37.9465 5
      vertex 60.7979 39.4442 21
      vertex 60.7979 39.4442 5
    endloop
  endfacet
  facet normal -0.803225 0.595675 0
    outer loop
      vertex 60.7979 39.4442 21
      vertex 59.6872 37.9465 5
      vertex 59.6872 37.9465 21
    endloop
  endfacet
  facet normal -0.146735 -0.989176 0
    outer loop
      vertex 46.8623 68.9085 5
      vertex 48.7067 68.6349 21
      vertex 46.8623 68.9085 21
    endloop
  endfacet
  facet normal -0.146735 -0.989176 -0
    outer loop
      vertex 48.7067 68.6349 21
      vertex 46.8623 68.9085 5
      vertex 48.7067 68.6349 5
    endloop
  endfacet
  facet normal 0.595675 -0.803225 0
    outer loop
      vertex 32.9465 64.6872 5
      vertex 34.4442 65.7979 21
      vertex 32.9465 64.6872 21
    endloop
  endfacet
  facet normal 0.595675 -0.803225 0
    outer loop
      vertex 34.4442 65.7979 21
      vertex 32.9465 64.6872 5
      vertex 34.4442 65.7979 5
    endloop
  endfacet
  facet normal -0.427563 0.903986 0
    outer loop
      vertex 53.9565 33.2435 5
      vertex 52.271 32.4463 21
      vertex 53.9565 33.2435 21
    endloop
  endfacet
  facet normal -0.427563 0.903986 0
    outer loop
      vertex 52.271 32.4463 21
      vertex 53.9565 33.2435 5
      vertex 52.271 32.4463 5
    endloop
  endfacet
  facet normal 0.803225 -0.595675 0
    outer loop
      vertex 29.2021 60.5558 21
      vertex 30.3128 62.0535 5
      vertex 30.3128 62.0535 21
    endloop
  endfacet
  facet normal 0.803225 -0.595675 0
    outer loop
      vertex 30.3128 62.0535 5
      vertex 29.2021 60.5558 21
      vertex 29.2021 60.5558 5
    endloop
  endfacet
  facet normal -0.989176 0.146735 0
    outer loop
      vertex 63.6349 46.2933 5
      vertex 63.9085 48.1377 21
      vertex 63.9085 48.1377 5
    endloop
  endfacet
  facet normal -0.989176 0.146735 0
    outer loop
      vertex 63.9085 48.1377 21
      vertex 63.6349 46.2933 5
      vertex 63.6349 46.2933 21
    endloop
  endfacet
  facet normal 0.941538 -0.336907 0
    outer loop
      vertex 26.8181 55.5154 21
      vertex 27.4463 57.271 5
      vertex 27.4463 57.271 21
    endloop
  endfacet
  facet normal 0.941538 -0.336907 0
    outer loop
      vertex 27.4463 57.271 5
      vertex 26.8181 55.5154 21
      vertex 26.8181 55.5154 5
    endloop
  endfacet
  facet normal -0.427563 -0.903986 0
    outer loop
      vertex 52.271 67.5537 5
      vertex 53.9565 66.7565 21
      vertex 52.271 67.5537 21
    endloop
  endfacet
  facet normal -0.427563 -0.903986 -0
    outer loop
      vertex 53.9565 66.7565 21
      vertex 52.271 67.5537 5
      vertex 53.9565 66.7565 5
    endloop
  endfacet
  facet normal 0.941538 0.336907 0
    outer loop
      vertex 27.4463 42.729 21
      vertex 26.8181 44.4846 5
      vertex 26.8181 44.4846 21
    endloop
  endfacet
  facet normal 0.941538 0.336907 0
    outer loop
      vertex 26.8181 44.4846 5
      vertex 27.4463 42.729 21
      vertex 27.4463 42.729 5
    endloop
  endfacet
  facet normal -0.970038 0.242952 0
    outer loop
      vertex 63.1819 44.4846 5
      vertex 63.6349 46.2933 21
      vertex 63.6349 46.2933 5
    endloop
  endfacet
  facet normal -0.970038 0.242952 0
    outer loop
      vertex 63.6349 46.2933 21
      vertex 63.1819 44.4846 5
      vertex 63.1819 44.4846 21
    endloop
  endfacet
  facet normal 0.0490736 -0.998795 0
    outer loop
      vertex 43.1377 68.9085 5
      vertex 45 69 21
      vertex 43.1377 68.9085 21
    endloop
  endfacet
  facet normal 0.0490736 -0.998795 0
    outer loop
      vertex 45 69 21
      vertex 43.1377 68.9085 5
      vertex 45 69 5
    endloop
  endfacet
  facet normal -0.671583 -0.740929 0
    outer loop
      vertex 57.0535 64.6872 5
      vertex 58.435 63.435 21
      vertex 57.0535 64.6872 21
    endloop
  endfacet
  facet normal -0.671583 -0.740929 -0
    outer loop
      vertex 58.435 63.435 21
      vertex 57.0535 64.6872 5
      vertex 58.435 63.435 5
    endloop
  endfacet
  facet normal 0.427563 -0.903986 0
    outer loop
      vertex 36.0435 66.7565 5
      vertex 37.729 67.5537 21
      vertex 36.0435 66.7565 21
    endloop
  endfacet
  facet normal 0.427563 -0.903986 0
    outer loop
      vertex 37.729 67.5537 21
      vertex 36.0435 66.7565 5
      vertex 37.729 67.5537 5
    endloop
  endfacet
  facet normal 0.671583 -0.740929 0
    outer loop
      vertex 31.565 63.435 5
      vertex 32.9465 64.6872 21
      vertex 31.565 63.435 21
    endloop
  endfacet
  facet normal 0.671583 -0.740929 0
    outer loop
      vertex 32.9465 64.6872 21
      vertex 31.565 63.435 5
      vertex 32.9465 64.6872 5
    endloop
  endfacet
  facet normal -0.336907 0.941538 0
    outer loop
      vertex 52.271 32.4463 5
      vertex 50.5154 31.8181 21
      vertex 52.271 32.4463 21
    endloop
  endfacet
  facet normal -0.336907 0.941538 0
    outer loop
      vertex 50.5154 31.8181 21
      vertex 52.271 32.4463 5
      vertex 50.5154 31.8181 5
    endloop
  endfacet
  facet normal 0.336907 -0.941538 0
    outer loop
      vertex 37.729 67.5537 5
      vertex 39.4846 68.1819 21
      vertex 37.729 67.5537 21
    endloop
  endfacet
  facet normal 0.336907 -0.941538 0
    outer loop
      vertex 39.4846 68.1819 21
      vertex 37.729 67.5537 5
      vertex 39.4846 68.1819 5
    endloop
  endfacet
  facet normal -0.803225 -0.595675 0
    outer loop
      vertex 60.7979 60.5558 5
      vertex 59.6872 62.0535 21
      vertex 59.6872 62.0535 5
    endloop
  endfacet
  facet normal -0.803225 -0.595675 0
    outer loop
      vertex 59.6872 62.0535 21
      vertex 60.7979 60.5558 5
      vertex 60.7979 60.5558 21
    endloop
  endfacet
  facet normal 0.857725 -0.514109 0
    outer loop
      vertex 28.2435 58.9565 21
      vertex 29.2021 60.5558 5
      vertex 29.2021 60.5558 21
    endloop
  endfacet
  facet normal 0.857725 -0.514109 0
    outer loop
      vertex 29.2021 60.5558 5
      vertex 28.2435 58.9565 21
      vertex 28.2435 58.9565 5
    endloop
  endfacet
  facet normal -0.998795 0.0490736 0
    outer loop
      vertex 63.9085 48.1377 5
      vertex 64 50 21
      vertex 64 50 5
    endloop
  endfacet
  facet normal -0.998795 0.0490736 0
    outer loop
      vertex 64 50 21
      vertex 63.9085 48.1377 5
      vertex 63.9085 48.1377 21
    endloop
  endfacet
  facet normal -0.903986 0.427563 0
    outer loop
      vertex 61.7565 41.0435 5
      vertex 62.5537 42.729 21
      vertex 62.5537 42.729 5
    endloop
  endfacet
  facet normal -0.903986 0.427563 0
    outer loop
      vertex 62.5537 42.729 21
      vertex 61.7565 41.0435 5
      vertex 61.7565 41.0435 21
    endloop
  endfacet
  facet normal -0.595675 -0.803225 0
    outer loop
      vertex 55.5558 65.7979 5
      vertex 57.0535 64.6872 21
      vertex 55.5558 65.7979 21
    endloop
  endfacet
  facet normal -0.595675 -0.803225 -0
    outer loop
      vertex 57.0535 64.6872 21
      vertex 55.5558 65.7979 5
      vertex 57.0535 64.6872 5
    endloop
  endfacet
  facet normal 0.514109 0.857725 -0
    outer loop
      vertex 36.0435 33.2435 5
      vertex 34.4442 34.2021 21
      vertex 36.0435 33.2435 21
    endloop
  endfacet
  facet normal 0.514109 0.857725 0
    outer loop
      vertex 34.4442 34.2021 21
      vertex 36.0435 33.2435 5
      vertex 34.4442 34.2021 5
    endloop
  endfacet
  facet normal -0.514109 -0.857725 0
    outer loop
      vertex 53.9565 66.7565 5
      vertex 55.5558 65.7979 21
      vertex 53.9565 66.7565 21
    endloop
  endfacet
  facet normal -0.514109 -0.857725 -0
    outer loop
      vertex 55.5558 65.7979 21
      vertex 53.9565 66.7565 5
      vertex 55.5558 65.7979 5
    endloop
  endfacet
  facet normal -0.146735 0.989176 0
    outer loop
      vertex 48.7067 31.3651 5
      vertex 46.8623 31.0915 21
      vertex 48.7067 31.3651 21
    endloop
  endfacet
  facet normal -0.146735 0.989176 0
    outer loop
      vertex 46.8623 31.0915 21
      vertex 48.7067 31.3651 5
      vertex 46.8623 31.0915 5
    endloop
  endfacet
  facet normal -0.941538 -0.336907 0
    outer loop
      vertex 63.1819 55.5154 5
      vertex 62.5537 57.271 21
      vertex 62.5537 57.271 5
    endloop
  endfacet
  facet normal -0.941538 -0.336907 0
    outer loop
      vertex 62.5537 57.271 21
      vertex 63.1819 55.5154 5
      vertex 63.1819 55.5154 21
    endloop
  endfacet
  facet normal -0.857725 0.514109 0
    outer loop
      vertex 60.7979 39.4442 5
      vertex 61.7565 41.0435 21
      vertex 61.7565 41.0435 5
    endloop
  endfacet
  facet normal -0.857725 0.514109 0
    outer loop
      vertex 61.7565 41.0435 21
      vertex 60.7979 39.4442 5
      vertex 60.7979 39.4442 21
    endloop
  endfacet
  facet normal 0.998795 0.0490736 0
    outer loop
      vertex 26.0915 48.1377 21
      vertex 26 50 5
      vertex 26 50 21
    endloop
  endfacet
  facet normal 0.998795 0.0490736 0
    outer loop
      vertex 26 50 5
      vertex 26.0915 48.1377 21
      vertex 26.0915 48.1377 5
    endloop
  endfacet
  facet normal -0.941538 0.336907 0
    outer loop
      vertex 62.5537 42.729 5
      vertex 63.1819 44.4846 21
      vertex 63.1819 44.4846 5
    endloop
  endfacet
  facet normal -0.941538 0.336907 0
    outer loop
      vertex 63.1819 44.4846 21
      vertex 62.5537 42.729 5
      vertex 62.5537 42.729 21
    endloop
  endfacet
  facet normal -0.740929 -0.671583 0
    outer loop
      vertex 59.6872 62.0535 5
      vertex 58.435 63.435 21
      vertex 58.435 63.435 5
    endloop
  endfacet
  facet normal -0.740929 -0.671583 0
    outer loop
      vertex 58.435 63.435 21
      vertex 59.6872 62.0535 5
      vertex 59.6872 62.0535 21
    endloop
  endfacet
  facet normal -0.0490736 -0.998795 0
    outer loop
      vertex 45 69 5
      vertex 46.8623 68.9085 21
      vertex 45 69 21
    endloop
  endfacet
  facet normal -0.0490736 -0.998795 -0
    outer loop
      vertex 46.8623 68.9085 21
      vertex 45 69 5
      vertex 46.8623 68.9085 5
    endloop
  endfacet
  facet normal -0.903986 -0.427563 0
    outer loop
      vertex 62.5537 57.271 5
      vertex 61.7565 58.9565 21
      vertex 61.7565 58.9565 5
    endloop
  endfacet
  facet normal -0.903986 -0.427563 0
    outer loop
      vertex 61.7565 58.9565 21
      vertex 62.5537 57.271 5
      vertex 62.5537 57.271 21
    endloop
  endfacet
  facet normal 0.146735 0.989176 -0
    outer loop
      vertex 43.1377 31.0915 5
      vertex 41.2933 31.3651 21
      vertex 43.1377 31.0915 21
    endloop
  endfacet
  facet normal 0.146735 0.989176 0
    outer loop
      vertex 41.2933 31.3651 21
      vertex 43.1377 31.0915 5
      vertex 41.2933 31.3651 5
    endloop
  endfacet
  facet normal -0.671583 0.740929 0
    outer loop
      vertex 58.435 36.565 5
      vertex 57.0535 35.3128 21
      vertex 58.435 36.565 21
    endloop
  endfacet
  facet normal -0.671583 0.740929 0
    outer loop
      vertex 57.0535 35.3128 21
      vertex 58.435 36.565 5
      vertex 57.0535 35.3128 5
    endloop
  endfacet
  facet normal -0.857725 -0.514109 0
    outer loop
      vertex 61.7565 58.9565 5
      vertex 60.7979 60.5558 21
      vertex 60.7979 60.5558 5
    endloop
  endfacet
  facet normal -0.857725 -0.514109 0
    outer loop
      vertex 60.7979 60.5558 21
      vertex 61.7565 58.9565 5
      vertex 61.7565 58.9565 21
    endloop
  endfacet
  facet normal 0.0490736 0.998795 -0
    outer loop
      vertex 45 31 5
      vertex 43.1377 31.0915 21
      vertex 45 31 21
    endloop
  endfacet
  facet normal 0.0490736 0.998795 0
    outer loop
      vertex 43.1377 31.0915 21
      vertex 45 31 5
      vertex 43.1377 31.0915 5
    endloop
  endfacet
  facet normal 0.740929 -0.671583 0
    outer loop
      vertex 30.3128 62.0535 21
      vertex 31.565 63.435 5
      vertex 31.565 63.435 21
    endloop
  endfacet
  facet normal 0.740929 -0.671583 0
    outer loop
      vertex 31.565 63.435 5
      vertex 30.3128 62.0535 21
      vertex 30.3128 62.0535 5
    endloop
  endfacet
  facet normal 0.146735 -0.989176 0
    outer loop
      vertex 41.2933 68.6349 5
      vertex 43.1377 68.9085 21
      vertex 41.2933 68.6349 21
    endloop
  endfacet
  facet normal 0.146735 -0.989176 0
    outer loop
      vertex 43.1377 68.9085 21
      vertex 41.2933 68.6349 5
      vertex 43.1377 68.9085 5
    endloop
  endfacet
  facet normal 0.903986 -0.427563 0
    outer loop
      vertex 27.4463 57.271 21
      vertex 28.2435 58.9565 5
      vertex 28.2435 58.9565 21
    endloop
  endfacet
  facet normal 0.903986 -0.427563 0
    outer loop
      vertex 28.2435 58.9565 5
      vertex 27.4463 57.271 21
      vertex 27.4463 57.271 5
    endloop
  endfacet
  facet normal 0.671583 0.740929 -0
    outer loop
      vertex 32.9465 35.3128 5
      vertex 31.565 36.565 21
      vertex 32.9465 35.3128 21
    endloop
  endfacet
  facet normal 0.671583 0.740929 0
    outer loop
      vertex 31.565 36.565 21
      vertex 32.9465 35.3128 5
      vertex 31.565 36.565 5
    endloop
  endfacet
  facet normal 0.970038 -0.242952 0
    outer loop
      vertex 26.3651 53.7067 21
      vertex 26.8181 55.5154 5
      vertex 26.8181 55.5154 21
    endloop
  endfacet
  facet normal 0.970038 -0.242952 0
    outer loop
      vertex 26.8181 55.5154 5
      vertex 26.3651 53.7067 21
      vertex 26.3651 53.7067 5
    endloop
  endfacet
  facet normal -0.242952 -0.970038 0
    outer loop
      vertex 48.7067 68.6349 5
      vertex 50.5154 68.1819 21
      vertex 48.7067 68.6349 21
    endloop
  endfacet
  facet normal -0.242952 -0.970038 -0
    outer loop
      vertex 50.5154 68.1819 21
      vertex 48.7067 68.6349 5
      vertex 50.5154 68.1819 5
    endloop
  endfacet
  facet normal 0.970038 0.242952 0
    outer loop
      vertex 26.8181 44.4846 21
      vertex 26.3651 46.2933 5
      vertex 26.3651 46.2933 21
    endloop
  endfacet
  facet normal 0.970038 0.242952 0
    outer loop
      vertex 26.3651 46.2933 5
      vertex 26.8181 44.4846 21
      vertex 26.8181 44.4846 5
    endloop
  endfacet
  facet normal 0.427563 0.903986 -0
    outer loop
      vertex 37.729 32.4463 5
      vertex 36.0435 33.2435 21
      vertex 37.729 32.4463 21
    endloop
  endfacet
  facet normal 0.427563 0.903986 0
    outer loop
      vertex 36.0435 33.2435 21
      vertex 37.729 32.4463 5
      vertex 36.0435 33.2435 5
    endloop
  endfacet
  facet normal 0.740929 0.671583 0
    outer loop
      vertex 31.565 36.565 21
      vertex 30.3128 37.9465 5
      vertex 30.3128 37.9465 21
    endloop
  endfacet
  facet normal 0.740929 0.671583 0
    outer loop
      vertex 30.3128 37.9465 5
      vertex 31.565 36.565 21
      vertex 31.565 36.565 5
    endloop
  endfacet
  facet normal -0.0490736 0.998795 0
    outer loop
      vertex 46.8623 31.0915 5
      vertex 45 31 21
      vertex 46.8623 31.0915 21
    endloop
  endfacet
  facet normal -0.0490736 0.998795 0
    outer loop
      vertex 45 31 21
      vertex 46.8623 31.0915 5
      vertex 45 31 5
    endloop
  endfacet
  facet normal 0.989176 0.146735 0
    outer loop
      vertex 26.3651 46.2933 21
      vertex 26.0915 48.1377 5
      vertex 26.0915 48.1377 21
    endloop
  endfacet
  facet normal 0.989176 0.146735 0
    outer loop
      vertex 26.0915 48.1377 5
      vertex 26.3651 46.2933 21
      vertex 26.3651 46.2933 5
    endloop
  endfacet
  facet normal -0.595675 0.803225 0
    outer loop
      vertex 57.0535 35.3128 5
      vertex 55.5558 34.2021 21
      vertex 57.0535 35.3128 21
    endloop
  endfacet
  facet normal -0.595675 0.803225 0
    outer loop
      vertex 55.5558 34.2021 21
      vertex 57.0535 35.3128 5
      vertex 55.5558 34.2021 5
    endloop
  endfacet
  facet normal 0 0 1
    outer loop
      vertex 63.9085 51.8623 5
      vertex 63.9085 48.1377 5
      vertex 64 50 5
    endloop
  endfacet
  facet normal 0 0 1
    outer loop
      vertex 63.6349 53.7067 5
      vertex 63.9085 48.1377 5
      vertex 63.9085 51.8623 5
    endloop
  endfacet
  facet normal 0 0 1
    outer loop
      vertex 63.6349 53.7067 5
      vertex 63.6349 46.2933 5
      vertex 63.9085 48.1377 5
    endloop
  endfacet
  facet normal 0 0 1
    outer loop
      vertex 63.1819 55.5154 5
      vertex 63.6349 46.2933 5
      vertex 63.6349 53.7067 5
    endloop
  endfacet
  facet normal 0 0 1
    outer loop
      vertex 63.1819 55.5154 5
      vertex 63.1819 44.4846 5
      vertex 63.6349 46.2933 5
    endloop
  endfacet
  facet normal 0 0 1
    outer loop
      vertex 62.5537 57.271 5
      vertex 63.1819 44.4846 5
      vertex 63.1819 55.5154 5
    endloop
  endfacet
  facet normal 0 0 1
    outer loop
      vertex 62.5537 57.271 5
      vertex 62.5537 42.729 5
      vertex 63.1819 44.4846 5
    endloop
  endfacet
  facet normal 0 0 1
    outer loop
      vertex 61.7565 58.9565 5
      vertex 62.5537 42.729 5
      vertex 62.5537 57.271 5
    endloop
  endfacet
  facet normal 0 0 1
    outer loop
      vertex 61.7565 58.9565 5
      vertex 61.7565 41.0435 5
      vertex 62.5537 42.729 5
    endloop
  endfacet
  facet normal 0 0 1
    outer loop
      vertex 60.7979 60.5558 5
      vertex 61.7565 41.0435 5
      vertex 61.7565 58.9565 5
    endloop
  endfacet
  facet normal 0 0 1
    outer loop
      vertex 60.7979 60.5558 5
      vertex 60.7979 39.4442 5
      vertex 61.7565 41.0435 5
    endloop
  endfacet
  facet normal 0 0 1
    outer loop
      vertex 59.6872 62.0535 5
      vertex 60.7979 39.4442 5
      vertex 60.7979 60.5558 5
    endloop
  endfacet
  facet normal 0 0 1
    outer loop
      vertex 59.6872 62.0535 5
      vertex 59.6872 37.9465 5
      vertex 60.7979 39.4442 5
    endloop
  endfacet
  facet normal 0 0 1
    outer loop
      vertex 58.435 63.435 5
      vertex 59.6872 37.9465 5
      vertex 59.6872 62.0535 5
    endloop
  endfacet
  facet normal 0 0 1
    outer loop
      vertex 58.435 63.435 5
      vertex 58.435 36.565 5
      vertex 59.6872 37.9465 5
    endloop
  endfacet
  facet normal 0 0 1
    outer loop
      vertex 57.0535 64.6872 5
      vertex 58.435 36.565 5
      vertex 58.435 63.435 5
    endloop
  endfacet
  facet normal 0 0 1
    outer loop
      vertex 57.0535 64.6872 5
      vertex 57.0535 35.3128 5
      vertex 58.435 36.565 5
    endloop
  endfacet
  facet normal 0 0 1
    outer loop
      vertex 55.5558 65.7979 5
      vertex 57.0535 35.3128 5
      vertex 57.0535 64.6872 5
    endloop
  endfacet
  facet normal 0 0 1
    outer loop
      vertex 55.5558 65.7979 5
      vertex 55.5558 34.2021 5
      vertex 57.0535 35.3128 5
    endloop
  endfacet
  facet normal 0 0 1
    outer loop
      vertex 53.9565 66.7565 5
      vertex 55.5558 34.2021 5
      vertex 55.5558 65.7979 5
    endloop
  endfacet
  facet normal 0 0 1
    outer loop
      vertex 53.9565 66.7565 5
      vertex 53.9565 33.2435 5
      vertex 55.5558 34.2021 5
    endloop
  endfacet
  facet normal 0 0 1
    outer loop
      vertex 52.271 67.5537 5
      vertex 53.9565 33.2435 5
      vertex 53.9565 66.7565 5
    endloop
  endfacet
  facet normal 0 0 1
    outer loop
      vertex 52.271 67.5537 5
      vertex 52.271 32.4463 5
      vertex 53.9565 33.2435 5
    endloop
  endfacet
  facet normal 0 0 1
    outer loop
      vertex 50.5154 68.1819 5
      vertex 52.271 32.4463 5
      vertex 52.271 67.5537 5
    endloop
  endfacet
  facet normal 0 0 1
    outer loop
      vertex 50.5154 68.1819 5
      vertex 50.5154 31.8181 5
      vertex 52.271 32.4463 5
    endloop
  endfacet
  facet normal 0 0 1
    outer loop
      vertex 48.7067 68.6349 5
      vertex 50.5154 31.8181 5
      vertex 50.5154 68.1819 5
    endloop
  endfacet
  facet normal 0 0 1
    outer loop
      vertex 48.7067 68.6349 5
      vertex 48.7067 31.3651 5
      vertex 50.5154 31.8181 5
    endloop
  endfacet
  facet normal 0 0 1
    outer loop
      vertex 46.8623 68.9085 5
      vertex 48.7067 31.3651 5
      vertex 48.7067 68.6349 5
    endloop
  endfacet
  facet normal 0 0 1
    outer loop
      vertex 46.8623 68.9085 5
      vertex 46.8623 31.0915 5
      vertex 48.7067 31.3651 5
    endloop
  endfacet
  facet normal 0 0 1
    outer loop
      vertex 45 69 5
      vertex 46.8623 31.0915 5
      vertex 46.8623 68.9085 5
    endloop
  endfacet
  facet normal 0 0 1
    outer loop
      vertex 45 69 5
      vertex 45 31 5
      vertex 46.8623 31.0915 5
    endloop
  endfacet
  facet normal -0 0 1
    outer loop
      vertex 43.1377 68.9085 5
      vertex 45 31 5
      vertex 45 69 5
    endloop
  endfacet
  facet normal 0 0 1
    outer loop
      vertex 43.1377 68.9085 5
      vertex 43.1377 31.0915 5
      vertex 45 31 5
    endloop
  endfacet
  facet normal -0 0 1
    outer loop
      vertex 41.2933 68.6349 5
      vertex 43.1377 31.0915 5
      vertex 43.1377 68.9085 5
    endloop
  endfacet
  facet normal 0 0 1
    outer loop
      vertex 41.2933 68.6349 5
      vertex 41.2933 31.3651 5
      vertex 43.1377 31.0915 5
    endloop
  endfacet
  facet normal -0 0 1
    outer loop
      vertex 39.4846 68.1819 5
      vertex 41.2933 31.3651 5
      vertex 41.2933 68.6349 5
    endloop
  endfacet
  facet normal 0 0 1
    outer loop
      vertex 39.4846 68.1819 5
      vertex 39.4846 31.8181 5
      vertex 41.2933 31.3651 5
    endloop
  endfacet
  facet normal -0 0 1
    outer loop
      vertex 37.729 67.5537 5
      vertex 39.4846 31.8181 5
      vertex 39.4846 68.1819 5
    endloop
  endfacet
  facet normal 0 0 1
    outer loop
      vertex 37.729 67.5537 5
      vertex 37.729 32.4463 5
      vertex 39.4846 31.8181 5
    endloop
  endfacet
  facet normal -0 0 1
    outer loop
      vertex 36.0435 66.7565 5
      vertex 37.729 32.4463 5
      vertex 37.729 67.5537 5
    endloop
  endfacet
  facet normal 0 0 1
    outer loop
      vertex 36.0435 66.7565 5
      vertex 36.0435 33.2435 5
      vertex 37.729 32.4463 5
    endloop
  endfacet
  facet normal -0 0 1
    outer loop
      vertex 34.4442 65.7979 5
      vertex 36.0435 33.2435 5
      vertex 36.0435 66.7565 5
    endloop
  endfacet
  facet normal 0 0 1
    outer loop
      vertex 34.4442 65.7979 5
      vertex 34.4442 34.2021 5
      vertex 36.0435 33.2435 5
    endloop
  endfacet
  facet normal -0 0 1
    outer loop
      vertex 32.9465 64.6872 5
      vertex 34.4442 34.2021 5
      vertex 34.4442 65.7979 5
    endloop
  endfacet
  facet normal 0 0 1
    outer loop
      vertex 32.9465 64.6872 5
      vertex 32.9465 35.3128 5
      vertex 34.4442 34.2021 5
    endloop
  endfacet
  facet normal -0 0 1
    outer loop
      vertex 31.565 63.435 5
      vertex 32.9465 35.3128 5
      vertex 32.9465 64.6872 5
    endloop
  endfacet
  facet normal 0 0 1
    outer loop
      vertex 31.565 63.435 5
      vertex 31.565 36.565 5
      vertex 32.9465 35.3128 5
    endloop
  endfacet
  facet normal -0 0 1
    outer loop
      vertex 30.3128 62.0535 5
      vertex 31.565 36.565 5
      vertex 31.565 63.435 5
    endloop
  endfacet
  facet normal 0 0 1
    outer loop
      vertex 30.3128 62.0535 5
      vertex 30.3128 37.9465 5
      vertex 31.565 36.565 5
    endloop
  endfacet
  facet normal -0 0 1
    outer loop
      vertex 29.2021 60.5558 5
      vertex 30.3128 37.9465 5
      vertex 30.3128 62.0535 5
    endloop
  endfacet
  facet normal 0 0 1
    outer loop
      vertex 29.2021 60.5558 5
      vertex 29.2021 39.4442 5
      vertex 30.3128 37.9465 5
    endloop
  endfacet
  facet normal -0 0 1
    outer loop
      vertex 28.2435 58.9565 5
      vertex 29.2021 39.4442 5
      vertex 29.2021 60.5558 5
    endloop
  endfacet
  facet normal 0 0 1
    outer loop
      vertex 28.2435 58.9565 5
      vertex 28.2435 41.0435 5
      vertex 29.2021 39.4442 5
    endloop
  endfacet
  facet normal -0 0 1
    outer loop
      vertex 27.4463 57.271 5
      vertex 28.2435 41.0435 5
      vertex 28.2435 58.9565 5
    endloop
  endfacet
  facet normal 0 0 1
    outer loop
      vertex 27.4463 57.271 5
      vertex 27.4463 42.729 5
      vertex 28.2435 41.0435 5
    endloop
  endfacet
  facet normal -0 0 1
    outer loop
      vertex 26.8181 55.5154 5
      vertex 27.4463 42.729 5
      vertex 27.4463 57.271 5
    endloop
  endfacet
  facet normal 0 0 1
    outer loop
      vertex 26.8181 55.5154 5
      vertex 26.8181 44.4846 5
      vertex 27.4463 42.729 5
    endloop
  endfacet
  facet normal -0 0 1
    outer loop
      vertex 26.3651 53.7067 5
      vertex 26.8181 44.4846 5
      vertex 26.8181 55.5154 5
    endloop
  endfacet
  facet normal 0 0 1
    outer loop
      vertex 26.3651 53.7067 5
      vertex 26.3651 46.2933 5
      vertex 26.8181 44.4846 5
    endloop
  endfacet
  facet normal -0 0 1
    outer loop
      vertex 26.0915 51.8623 5
      vertex 26.3651 46.2933 5
      vertex 26.3651 53.7067 5
    endloop
  endfacet
  facet normal 0 0 1
    outer loop
      vertex 26.0915 51.8623 5
      vertex 26.0915 48.1377 5
      vertex 26.3651 46.2933 5
    endloop
  endfacet
  facet normal 0 -0 1
    outer loop
      vertex 26.0915 48.1377 5
      vertex 26.0915 51.8623 5
      vertex 26 50 5
    endloop
  endfacet
  facet normal 0.803225 0.595675 0
    outer loop
      vertex 30.3128 37.9465 21
      vertex 29.2021 39.4442 5
      vertex 29.2021 39.4442 21
    endloop
  endfacet
  facet normal 0.803225 0.595675 0
    outer loop
      vertex 29.2021 39.4442 5
      vertex 30.3128 37.9465 21
      vertex 30.3128 37.9465 5
    endloop
  endfacet
  facet normal 0.998795 -0.0490736 0
    outer loop
      vertex 26 50 21
      vertex 26.0915 51.8623 5
      vertex 26.0915 51.8623 21
    endloop
  endfacet
  facet normal 0.998795 -0.0490736 0
    outer loop
      vertex 26.0915 51.8623 5
      vertex 26 50 21
      vertex 26 50 5
    endloop
  endfacet
  facet normal -0.740929 0.671583 0
    outer loop
      vertex 58.435 36.565 5
      vertex 59.6872 37.9465 21
      vertex 59.6872 37.9465 5
    endloop
  endfacet
  facet normal -0.740929 0.671583 0
    outer loop
      vertex 59.6872 37.9465 21
      vertex 58.435 36.565 5
      vertex 58.435 36.565 21
    endloop
  endfacet
  facet normal -1 0 0
    outer loop
      vertex 49 75 0
      vertex 49 70.6109 10
      vertex 49 75 10
    endloop
  endfacet
  facet normal -1 0 0
    outer loop
      vertex 49 70 0
      vertex 49 70.6109 10
      vertex 49 75 0
    endloop
  endfacet
  facet normal -1 0 0
    outer loop
      vertex 49 70 20.9
      vertex 49 70.6109 10
      vertex 49 70 0
    endloop
  endfacet
  facet normal -1 0 0
    outer loop
      vertex 49 70.6109 10
      vertex 49 70 20.9
      vertex 49 70.6109 20.9
    endloop
  endfacet
  facet normal 0 0 -1
    outer loop
      vertex 49 70 20.9
      vertex 47.0584 70.8989 20.9
      vertex 49 70.6109 20.9
    endloop
  endfacet
  facet normal 0 0 -1
    outer loop
      vertex 49 70 20.9
      vertex 45 71 20.9
      vertex 47.0584 70.8989 20.9
    endloop
  endfacet
  facet normal 0 0 -1
    outer loop
      vertex 41 70 20.9
      vertex 45 71 20.9
      vertex 49 70 20.9
    endloop
  endfacet
  facet normal 0 0 -1
    outer loop
      vertex 45 71 20.9
      vertex 41 70 20.9
      vertex 42.9416 70.8989 20.9
    endloop
  endfacet
  facet normal 0 0 -1
    outer loop
      vertex 42.9416 70.8989 20.9
      vertex 41 70 20.9
      vertex 41 70.6109 20.9
    endloop
  endfacet
  facet normal 1 0 0
    outer loop
      vertex 41 70.6109 20.9
      vertex 41 70 20.9
      vertex 41 70.6109 10
    endloop
  endfacet
  facet normal 1 -0 0
    outer loop
      vertex 41 70.6109 10
      vertex 41 75 0
      vertex 41 75 10
    endloop
  endfacet
  facet normal 1 0 0
    outer loop
      vertex 41 70.6109 10
      vertex 41 70 0
      vertex 41 75 0
    endloop
  endfacet
  facet normal 1 0 0
    outer loop
      vertex 41 70 0
      vertex 41 70.6109 10
      vertex 41 70 20.9
    endloop
  endfacet
  facet normal 0 -1 0
    outer loop
      vertex 41 75 0
      vertex 49 75 10
      vertex 41 75 10
    endloop
  endfacet
  facet normal 0 -1 -0
    outer loop
      vertex 49 75 10
      vertex 41 75 0
      vertex 49 75 0
    endloop
  endfacet
  facet normal 0 1 -0
    outer loop
      vertex 49 70 0
      vertex 41 70 20.9
      vertex 49 70 20.9
    endloop
  endfacet
  facet normal 0 1 0
    outer loop
      vertex 41 70 20.9
      vertex 49 70 0
      vertex 41 70 0
    endloop
  endfacet
endsolid OpenSCAD_Model
