solid OpenSCAD_Model
  facet normal 0.25881 0.965928 -0
    outer loop
      vertex 73.4723 83.0351 0
      vertex 70.7784 83.7569 78
      vertex 73.4723 83.0351 78
    endloop
  endfacet
  facet normal 0.25881 0.965928 0
    outer loop
      vertex 70.7784 83.7569 78
      vertex 73.4723 83.0351 0
      vertex 70.7784 83.7569 0
    endloop
  endfacet
  facet normal 0.906306 0.422622 0
    outer loop
      vertex 83.0351 73.4723 78
      vertex 81.8564 76 0
      vertex 81.8564 76 78
    endloop
  endfacet
  facet normal 0.906306 0.422622 0
    outer loop
      vertex 81.8564 76 0
      vertex 83.0351 73.4723 78
      vertex 83.0351 73.4723 0
    endloop
  endfacet
  facet normal 0.422614 -0.90631 0
    outer loop
      vertex 73.4723 0.964917 0
      vertex 76 2.14359 78
      vertex 73.4723 0.964917 78
    endloop
  endfacet
  facet normal 0.422614 -0.90631 0
    outer loop
      vertex 76 2.14359 78
      vertex 73.4723 0.964917 0
      vertex 76 2.14359 0
    endloop
  endfacet
  facet normal -0.422614 -0.90631 0
    outer loop
      vertex 8 2.14359 0
      vertex 10.5277 0.964917 78
      vertex 8 2.14359 78
    endloop
  endfacet
  facet normal -0.422614 -0.90631 -0
    outer loop
      vertex 10.5277 0.964917 78
      vertex 8 2.14359 0
      vertex 10.5277 0.964917 0
    endloop
  endfacet
  facet normal 0.573578 -0.819151 0
    outer loop
      vertex 76 2.14359 0
      vertex 78.2846 3.74329 78
      vertex 76 2.14359 78
    endloop
  endfacet
  facet normal 0.573578 -0.819151 0
    outer loop
      vertex 78.2846 3.74329 78
      vertex 76 2.14359 0
      vertex 78.2846 3.74329 0
    endloop
  endfacet
  facet normal 0.258824 -0.965925 0
    outer loop
      vertex 70.7784 0.243075 0
      vertex 73.4723 0.964917 78
      vertex 70.7784 0.243075 78
    endloop
  endfacet
  facet normal 0.258824 -0.965925 0
    outer loop
      vertex 73.4723 0.964917 78
      vertex 70.7784 0.243075 0
      vertex 73.4723 0.964917 0
    endloop
  endfacet
  facet normal 1 -0 0
    outer loop
      vertex 84 16 78
      vertex 84 68 0
      vertex 84 68 78
    endloop
  endfacet
  facet normal 1 0 0
    outer loop
      vertex 84 68 0
      vertex 84 16 78
      vertex 84 16 0
    endloop
  endfacet
  facet normal -1 0 0
    outer loop
      vertex 0 16 0
      vertex 0 68 78
      vertex 0 68 0
    endloop
  endfacet
  facet normal -1 -0 0
    outer loop
      vertex 0 68 78
      vertex 0 16 0
      vertex 0 16 78
    endloop
  endfacet
  facet normal -0.0871545 -0.996195 0
    outer loop
      vertex 13.2216 0.243075 0
      vertex 16 0 78
      vertex 13.2216 0.243075 78
    endloop
  endfacet
  facet normal -0.0871545 -0.996195 -0
    outer loop
      vertex 16 0 78
      vertex 13.2216 0.243075 0
      vertex 16 0 0
    endloop
  endfacet
  facet normal -0.965925 0.258824 0
    outer loop
      vertex 0.243075 70.7784 0
      vertex 0.964917 73.4723 78
      vertex 0.964917 73.4723 0
    endloop
  endfacet
  facet normal -0.965925 0.258824 0
    outer loop
      vertex 0.964917 73.4723 78
      vertex 0.243075 70.7784 0
      vertex 0.243075 70.7784 78
    endloop
  endfacet
  facet normal -0.90631 -0.422614 0
    outer loop
      vertex 2.14359 8 0
      vertex 0.964917 10.5277 78
      vertex 0.964917 10.5277 0
    endloop
  endfacet
  facet normal -0.90631 -0.422614 0
    outer loop
      vertex 0.964917 10.5277 78
      vertex 2.14359 8 0
      vertex 2.14359 8 78
    endloop
  endfacet
  facet normal -0.258824 -0.965925 0
    outer loop
      vertex 10.5277 0.964917 0
      vertex 13.2216 0.243075 78
      vertex 10.5277 0.964917 78
    endloop
  endfacet
  facet normal -0.258824 -0.965925 -0
    outer loop
      vertex 13.2216 0.243075 78
      vertex 10.5277 0.964917 0
      vertex 13.2216 0.243075 0
    endloop
  endfacet
  facet normal 0 1 0
    outer loop
      vertex 68 84 78
      vertex 67 84 16
      vertex 16 84 78
    endloop
  endfacet
  facet normal 0 1 -0
    outer loop
      vertex 68 84 0
      vertex 67 84 16
      vertex 68 84 78
    endloop
  endfacet
  facet normal 0 1 0
    outer loop
      vertex 67 84 4
      vertex 68 84 0
      vertex 17 84 4
    endloop
  endfacet
  facet normal 0 1 0
    outer loop
      vertex 67 84 16
      vertex 68 84 0
      vertex 67 84 4
    endloop
  endfacet
  facet normal 0 1 -0
    outer loop
      vertex 17 84 16
      vertex 16 84 78
      vertex 67 84 16
    endloop
  endfacet
  facet normal 0 1 0
    outer loop
      vertex 16 84 0
      vertex 17 84 16
      vertex 17 84 4
    endloop
  endfacet
  facet normal 0 1 0
    outer loop
      vertex 17 84 16
      vertex 16 84 0
      vertex 16 84 78
    endloop
  endfacet
  facet normal 0 1 0
    outer loop
      vertex 16 84 0
      vertex 17 84 4
      vertex 68 84 0
    endloop
  endfacet
  facet normal 0.819151 0.573578 0
    outer loop
      vertex 81.8564 76 78
      vertex 80.2567 78.2846 0
      vertex 80.2567 78.2846 78
    endloop
  endfacet
  facet normal 0.819151 0.573578 0
    outer loop
      vertex 80.2567 78.2846 0
      vertex 81.8564 76 78
      vertex 81.8564 76 0
    endloop
  endfacet
  facet normal -0.90631 0.422614 0
    outer loop
      vertex 0.964917 73.4723 0
      vertex 2.14359 76 78
      vertex 2.14359 76 0
    endloop
  endfacet
  facet normal -0.90631 0.422614 0
    outer loop
      vertex 2.14359 76 78
      vertex 0.964917 73.4723 0
      vertex 0.964917 73.4723 78
    endloop
  endfacet
  facet normal -0.573578 -0.819151 0
    outer loop
      vertex 5.7154 3.74329 0
      vertex 8 2.14359 78
      vertex 5.7154 3.74329 78
    endloop
  endfacet
  facet normal -0.573578 -0.819151 -0
    outer loop
      vertex 8 2.14359 78
      vertex 5.7154 3.74329 0
      vertex 8 2.14359 0
    endloop
  endfacet
  facet normal 0 -1 0
    outer loop
      vertex 16 0 0
      vertex 68 0 78
      vertex 16 0 78
    endloop
  endfacet
  facet normal 0 -1 -0
    outer loop
      vertex 68 0 78
      vertex 16 0 0
      vertex 68 0 0
    endloop
  endfacet
  facet normal 0.0871545 -0.996195 0
    outer loop
      vertex 68 0 0
      vertex 70.7784 0.243075 78
      vertex 68 0 78
    endloop
  endfacet
  facet normal 0.0871545 -0.996195 0
    outer loop
      vertex 70.7784 0.243075 78
      vertex 68 0 0
      vertex 70.7784 0.243075 0
    endloop
  endfacet
  facet normal -0.819151 0.573578 0
    outer loop
      vertex 2.14359 76 0
      vertex 3.74329 78.2846 78
      vertex 3.74329 78.2846 0
    endloop
  endfacet
  facet normal -0.819151 0.573578 0
    outer loop
      vertex 3.74329 78.2846 78
      vertex 2.14359 76 0
      vertex 2.14359 76 78
    endloop
  endfacet
  facet normal -0.965925 -0.258824 0
    outer loop
      vertex 0.964917 10.5277 0
      vertex 0.243075 13.2216 78
      vertex 0.243075 13.2216 0
    endloop
  endfacet
  facet normal -0.965925 -0.258824 0
    outer loop
      vertex 0.243075 13.2216 78
      vertex 0.964917 10.5277 0
      vertex 0.964917 10.5277 78
    endloop
  endfacet
  facet normal -0.707105 0.707109 0
    outer loop
      vertex 3.74329 78.2846 0
      vertex 5.7154 80.2567 78
      vertex 5.7154 80.2567 0
    endloop
  endfacet
  facet normal -0.707105 0.707109 0
    outer loop
      vertex 5.7154 80.2567 78
      vertex 3.74329 78.2846 0
      vertex 3.74329 78.2846 78
    endloop
  endfacet
  facet normal 0.0871634 0.996194 -0
    outer loop
      vertex 70.7784 83.7569 0
      vertex 68 84 78
      vertex 70.7784 83.7569 78
    endloop
  endfacet
  facet normal 0.0871634 0.996194 0
    outer loop
      vertex 68 84 78
      vertex 70.7784 83.7569 0
      vertex 68 84 0
    endloop
  endfacet
  facet normal 0.965928 -0.25881 0
    outer loop
      vertex 83.0351 10.5277 78
      vertex 83.7569 13.2216 0
      vertex 83.7569 13.2216 78
    endloop
  endfacet
  facet normal 0.965928 -0.25881 0
    outer loop
      vertex 83.7569 13.2216 0
      vertex 83.0351 10.5277 78
      vertex 83.0351 10.5277 0
    endloop
  endfacet
  facet normal 0.996194 -0.0871634 0
    outer loop
      vertex 83.7569 13.2216 78
      vertex 84 16 0
      vertex 84 16 78
    endloop
  endfacet
  facet normal 0.996194 -0.0871634 0
    outer loop
      vertex 84 16 0
      vertex 83.7569 13.2216 78
      vertex 83.7569 13.2216 0
    endloop
  endfacet
  facet normal -0.25881 0.965928 0
    outer loop
      vertex 13.2216 83.7569 0
      vertex 10.5277 83.0351 78
      vertex 13.2216 83.7569 78
    endloop
  endfacet
  facet normal -0.25881 0.965928 0
    outer loop
      vertex 10.5277 83.0351 78
      vertex 13.2216 83.7569 0
      vertex 10.5277 83.0351 0
    endloop
  endfacet
  facet normal -0.996195 0.0871545 0
    outer loop
      vertex 0 68 0
      vertex 0.243075 70.7784 78
      vertex 0.243075 70.7784 0
    endloop
  endfacet
  facet normal -0.996195 0.0871545 0
    outer loop
      vertex 0.243075 70.7784 78
      vertex 0 68 0
      vertex 0 68 78
    endloop
  endfacet
  facet normal -0.707107 -0.707107 0
    outer loop
      vertex 5.7154 3.74329 0
      vertex 3.74329 5.7154 78
      vertex 3.74329 5.7154 0
    endloop
  endfacet
  facet normal -0.707107 -0.707107 0
    outer loop
      vertex 3.74329 5.7154 78
      vertex 5.7154 3.74329 0
      vertex 5.7154 3.74329 78
    endloop
  endfacet
  facet normal 0.996194 0.0871634 0
    outer loop
      vertex 84 68 78
      vertex 83.7569 70.7784 0
      vertex 83.7569 70.7784 78
    endloop
  endfacet
  facet normal 0.996194 0.0871634 0
    outer loop
      vertex 83.7569 70.7784 0
      vertex 84 68 78
      vertex 84 68 0
    endloop
  endfacet
  facet normal -0.0871634 0.996194 0
    outer loop
      vertex 16 84 0
      vertex 13.2216 83.7569 78
      vertex 16 84 78
    endloop
  endfacet
  facet normal -0.0871634 0.996194 0
    outer loop
      vertex 13.2216 83.7569 78
      vertex 16 84 0
      vertex 13.2216 83.7569 0
    endloop
  endfacet
  facet normal 0.965928 0.25881 0
    outer loop
      vertex 83.7569 70.7784 78
      vertex 83.0351 73.4723 0
      vertex 83.0351 73.4723 78
    endloop
  endfacet
  facet normal 0.965928 0.25881 0
    outer loop
      vertex 83.0351 73.4723 0
      vertex 83.7569 70.7784 78
      vertex 83.7569 70.7784 0
    endloop
  endfacet
  facet normal 0.422622 0.906306 -0
    outer loop
      vertex 76 81.8564 0
      vertex 73.4723 83.0351 78
      vertex 76 81.8564 78
    endloop
  endfacet
  facet normal 0.422622 0.906306 0
    outer loop
      vertex 73.4723 83.0351 78
      vertex 76 81.8564 0
      vertex 73.4723 83.0351 0
    endloop
  endfacet
  facet normal 0.906306 -0.422622 0
    outer loop
      vertex 81.8564 8 78
      vertex 83.0351 10.5277 0
      vertex 83.0351 10.5277 78
    endloop
  endfacet
  facet normal 0.906306 -0.422622 0
    outer loop
      vertex 83.0351 10.5277 0
      vertex 81.8564 8 78
      vertex 81.8564 8 0
    endloop
  endfacet
  facet normal 0.707109 -0.707105 0
    outer loop
      vertex 78.2846 3.74329 0
      vertex 80.2567 5.7154 78
      vertex 78.2846 3.74329 78
    endloop
  endfacet
  facet normal 0.707109 -0.707105 0
    outer loop
      vertex 80.2567 5.7154 78
      vertex 78.2846 3.74329 0
      vertex 80.2567 5.7154 0
    endloop
  endfacet
  facet normal 0.819151 -0.573578 0
    outer loop
      vertex 80.2567 5.7154 78
      vertex 81.8564 8 0
      vertex 81.8564 8 78
    endloop
  endfacet
  facet normal 0.819151 -0.573578 0
    outer loop
      vertex 81.8564 8 0
      vertex 80.2567 5.7154 78
      vertex 80.2567 5.7154 0
    endloop
  endfacet
  facet normal 0 0 1
    outer loop
      vertex 17.4316 13.7814 78
      vertex 17.4316 12.2186 78
      vertex 17.5 13 78
    endloop
  endfacet
  facet normal 0 0 1
    outer loop
      vertex 17.2286 14.5391 78
      vertex 17.4316 12.2186 78
      vertex 17.4316 13.7814 78
    endloop
  endfacet
  facet normal 0 0 1
    outer loop
      vertex 17.2286 14.5391 78
      vertex 17.2286 11.4609 78
      vertex 17.4316 12.2186 78
    endloop
  endfacet
  facet normal 0 0 1
    outer loop
      vertex 16.8971 15.25 78
      vertex 17.2286 11.4609 78
      vertex 17.2286 14.5391 78
    endloop
  endfacet
  facet normal 0 0 1
    outer loop
      vertex 16.8971 15.25 78
      vertex 16.8971 10.75 78
      vertex 17.2286 11.4609 78
    endloop
  endfacet
  facet normal 0 0 1
    outer loop
      vertex 16.4472 15.8925 78
      vertex 16.8971 10.75 78
      vertex 16.8971 15.25 78
    endloop
  endfacet
  facet normal 0 0 1
    outer loop
      vertex 15.4652 9.25358 78
      vertex 16.8971 10.75 78
      vertex 16.4472 15.8925 78
    endloop
  endfacet
  facet normal 0 0 1
    outer loop
      vertex 15.4652 9.25358 78
      vertex 16.4472 15.8925 78
      vertex 15.8925 16.4472 78
    endloop
  endfacet
  facet normal 0 0 1
    outer loop
      vertex 16.8971 10.75 78
      vertex 15.4652 9.25358 78
      vertex 16.4472 10.1075 78
    endloop
  endfacet
  facet normal 0 0 1
    outer loop
      vertex 16.4472 10.1075 78
      vertex 15.4652 9.25358 78
      vertex 15.8925 9.5528 78
    endloop
  endfacet
  facet normal 0 0 1
    outer loop
      vertex 15.25 16.8971 78
      vertex 15.4652 9.25358 78
      vertex 15.8925 16.4472 78
    endloop
  endfacet
  facet normal 0 0 1
    outer loop
      vertex 14.5391 17.2286 78
      vertex 15.4652 9.25358 78
      vertex 15.25 16.8971 78
    endloop
  endfacet
  facet normal 0 0 1
    outer loop
      vertex 10.5348 9.25358 78
      vertex 15.4652 9.25358 78
      vertex 14.5391 17.2286 78
    endloop
  endfacet
  facet normal 0 0 1
    outer loop
      vertex 10.5348 9.25358 78
      vertex 14.5391 17.2286 78
      vertex 13.7814 17.4316 78
    endloop
  endfacet
  facet normal 0 0 1
    outer loop
      vertex 68.5348 9.25358 78
      vertex 73.4652 9.25358 78
      vertex 69.4609 17.2286 78
    endloop
  endfacet
  facet normal 0 0 1
    outer loop
      vertex 68.5348 9.25358 78
      vertex 69.4609 17.2286 78
      vertex 68.75 16.8971 78
    endloop
  endfacet
  facet normal 0 0 1
    outer loop
      vertex 73.4652 9.25358 78
      vertex 68.5348 9.25358 78
      vertex 69.4639 3.12807 78
    endloop
  endfacet
  facet normal -0 0 1
    outer loop
      vertex 68.1075 16.4472 78
      vertex 68.5348 9.25358 78
      vertex 68.75 16.8971 78
    endloop
  endfacet
  facet normal -0 0 1
    outer loop
      vertex 67.5528 15.8925 78
      vertex 68.5348 9.25358 78
      vertex 68.1075 16.4472 78
    endloop
  endfacet
  facet normal -0 0 1
    outer loop
      vertex 67.1029 15.25 78
      vertex 68.5348 9.25358 78
      vertex 67.5528 15.8925 78
    endloop
  endfacet
  facet normal 0 0 1
    outer loop
      vertex 68.5348 9.25358 78
      vertex 67.5528 10.1075 78
      vertex 68.1075 9.5528 78
    endloop
  endfacet
  facet normal 0 0 1
    outer loop
      vertex 68.5348 9.25358 78
      vertex 67.1029 15.25 78
      vertex 67.5528 10.1075 78
    endloop
  endfacet
  facet normal 0 0 1
    outer loop
      vertex 67.1029 15.25 78
      vertex 67.1029 10.75 78
      vertex 67.5528 10.1075 78
    endloop
  endfacet
  facet normal -0 0 1
    outer loop
      vertex 66.7714 14.5391 78
      vertex 67.1029 10.75 78
      vertex 67.1029 15.25 78
    endloop
  endfacet
  facet normal 0 0 1
    outer loop
      vertex 66.7714 14.5391 78
      vertex 66.7714 11.4609 78
      vertex 67.1029 10.75 78
    endloop
  endfacet
  facet normal -0 0 1
    outer loop
      vertex 66.5684 13.7814 78
      vertex 66.7714 11.4609 78
      vertex 66.7714 14.5391 78
    endloop
  endfacet
  facet normal 0 0 1
    outer loop
      vertex 66.5684 13.7814 78
      vertex 66.5684 12.2186 78
      vertex 66.7714 11.4609 78
    endloop
  endfacet
  facet normal 0 -0 1
    outer loop
      vertex 66.5684 12.2186 78
      vertex 66.5684 13.7814 78
      vertex 66.5 13 78
    endloop
  endfacet
  facet normal 0 0 1
    outer loop
      vertex 73.4652 74.7464 78
      vertex 69.4609 66.7714 78
      vertex 70.2186 66.5684 78
    endloop
  endfacet
  facet normal 0 0 1
    outer loop
      vertex 73.4652 74.7464 78
      vertex 68.5348 74.7464 78
      vertex 69.4609 66.7714 78
    endloop
  endfacet
  facet normal 0 0 1
    outer loop
      vertex 69.4609 66.7714 78
      vertex 68.5348 74.7464 78
      vertex 68.75 67.1029 78
    endloop
  endfacet
  facet normal 0 0 1
    outer loop
      vertex 67.5528 73.8925 78
      vertex 68.5348 74.7464 78
      vertex 68.1075 74.4472 78
    endloop
  endfacet
  facet normal 0 0 1
    outer loop
      vertex 68.5348 74.7464 78
      vertex 68.1075 67.5528 78
      vertex 68.75 67.1029 78
    endloop
  endfacet
  facet normal 0 0 1
    outer loop
      vertex 67.1029 73.25 78
      vertex 68.5348 74.7464 78
      vertex 67.5528 73.8925 78
    endloop
  endfacet
  facet normal 0 0 1
    outer loop
      vertex 68.5348 74.7464 78
      vertex 67.5528 68.1075 78
      vertex 68.1075 67.5528 78
    endloop
  endfacet
  facet normal 0 0 1
    outer loop
      vertex 68.5348 74.7464 78
      vertex 67.1029 73.25 78
      vertex 67.5528 68.1075 78
    endloop
  endfacet
  facet normal 0 0 1
    outer loop
      vertex 67.1029 73.25 78
      vertex 67.1029 68.75 78
      vertex 67.5528 68.1075 78
    endloop
  endfacet
  facet normal -0 0 1
    outer loop
      vertex 66.7714 72.5391 78
      vertex 67.1029 68.75 78
      vertex 67.1029 73.25 78
    endloop
  endfacet
  facet normal 0 0 1
    outer loop
      vertex 66.7714 72.5391 78
      vertex 66.7714 69.4609 78
      vertex 67.1029 68.75 78
    endloop
  endfacet
  facet normal -0 0 1
    outer loop
      vertex 66.5684 71.7814 78
      vertex 66.7714 69.4609 78
      vertex 66.7714 72.5391 78
    endloop
  endfacet
  facet normal 0 0 1
    outer loop
      vertex 66.5684 71.7814 78
      vertex 66.5684 70.2186 78
      vertex 66.7714 69.4609 78
    endloop
  endfacet
  facet normal 0 -0 1
    outer loop
      vertex 66.5684 70.2186 78
      vertex 66.5684 71.7814 78
      vertex 66.5 71 78
    endloop
  endfacet
  facet normal 0 0 1
    outer loop
      vertex 17.4316 71.7814 78
      vertex 17.4316 70.2186 78
      vertex 17.5 71 78
    endloop
  endfacet
  facet normal 0 0 1
    outer loop
      vertex 17.2286 72.5391 78
      vertex 17.4316 70.2186 78
      vertex 17.4316 71.7814 78
    endloop
  endfacet
  facet normal 0 0 1
    outer loop
      vertex 17.2286 72.5391 78
      vertex 17.2286 69.4609 78
      vertex 17.4316 70.2186 78
    endloop
  endfacet
  facet normal 0 0 1
    outer loop
      vertex 16.8971 73.25 78
      vertex 17.2286 69.4609 78
      vertex 17.2286 72.5391 78
    endloop
  endfacet
  facet normal 0 0 1
    outer loop
      vertex 16.8971 73.25 78
      vertex 16.8971 68.75 78
      vertex 17.2286 69.4609 78
    endloop
  endfacet
  facet normal 0 0 1
    outer loop
      vertex 16.4472 73.8925 78
      vertex 16.8971 68.75 78
      vertex 16.8971 73.25 78
    endloop
  endfacet
  facet normal 0 0 1
    outer loop
      vertex 15.4652 74.7464 78
      vertex 16.8971 68.75 78
      vertex 16.4472 73.8925 78
    endloop
  endfacet
  facet normal 0 0 1
    outer loop
      vertex 15.4652 74.7464 78
      vertex 16.4472 73.8925 78
      vertex 15.8925 74.4472 78
    endloop
  endfacet
  facet normal 0 0 1
    outer loop
      vertex 16.8971 68.75 78
      vertex 15.4652 74.7464 78
      vertex 16.4472 68.1075 78
    endloop
  endfacet
  facet normal 0 0 1
    outer loop
      vertex 16.4472 68.1075 78
      vertex 15.4652 74.7464 78
      vertex 15.8925 67.5528 78
    endloop
  endfacet
  facet normal 0 0 1
    outer loop
      vertex 15.4652 74.7464 78
      vertex 15.25 67.1029 78
      vertex 15.8925 67.5528 78
    endloop
  endfacet
  facet normal 0 0 1
    outer loop
      vertex 15.4652 74.7464 78
      vertex 14.5391 66.7714 78
      vertex 15.25 67.1029 78
    endloop
  endfacet
  facet normal -0 0 1
    outer loop
      vertex 11.35 80.121 78
      vertex 15.4652 74.7464 78
      vertex 14.5361 80.8719 78
    endloop
  endfacet
  facet normal 0 0 1
    outer loop
      vertex 15.4652 74.7464 78
      vertex 10.5348 74.7464 78
      vertex 14.5391 66.7714 78
    endloop
  endfacet
  facet normal 0 0 1
    outer loop
      vertex 10.5348 9.25358 78
      vertex 13.7814 17.4316 78
      vertex 10.75 16.8971 78
    endloop
  endfacet
  facet normal 0 0 1
    outer loop
      vertex 15.4652 9.25358 78
      vertex 10.5348 9.25358 78
      vertex 11.35 3.87902 78
    endloop
  endfacet
  facet normal 0 0 1
    outer loop
      vertex 9.25358 15.4652 78
      vertex 10.75 16.8971 78
      vertex 10.1075 16.4472 78
    endloop
  endfacet
  facet normal 0 0 1
    outer loop
      vertex 10.75 16.8971 78
      vertex 9.25358 15.4652 78
      vertex 10.5348 9.25358 78
    endloop
  endfacet
  facet normal 0 0 1
    outer loop
      vertex 9.25358 15.4652 78
      vertex 10.1075 16.4472 78
      vertex 9.5528 15.8925 78
    endloop
  endfacet
  facet normal -0 0 1
    outer loop
      vertex 9.25358 10.5348 78
      vertex 10.5348 9.25358 78
      vertex 9.25358 15.4652 78
    endloop
  endfacet
  facet normal 0 0 1
    outer loop
      vertex 10.1075 9.5528 78
      vertex 9.25358 10.5348 78
      vertex 9.5528 10.1075 78
    endloop
  endfacet
  facet normal 0 0 1
    outer loop
      vertex 10.5348 9.25358 78
      vertex 9.25358 10.5348 78
      vertex 10.1075 9.5528 78
    endloop
  endfacet
  facet normal 0 0 1
    outer loop
      vertex 9.25358 15.4652 78
      vertex 3.87902 11.35 78
      vertex 9.25358 10.5348 78
    endloop
  endfacet
  facet normal -0 0 1
    outer loop
      vertex 3.12807 14.5361 78
      vertex 3.87902 11.35 78
      vertex 9.25358 15.4652 78
    endloop
  endfacet
  facet normal -0 0 1
    outer loop
      vertex 0.243075 13.2216 78
      vertex 3.87902 11.35 78
      vertex 3.12807 14.5361 78
    endloop
  endfacet
  facet normal -0 0 1
    outer loop
      vertex 0 16 78
      vertex 3.12807 14.5361 78
      vertex 3 16 78
    endloop
  endfacet
  facet normal 0 0 1
    outer loop
      vertex 3.87902 11.35 78
      vertex 2.14359 8 78
      vertex 3.74329 5.7154 78
    endloop
  endfacet
  facet normal 0 0 1
    outer loop
      vertex 3 68 78
      vertex 0 68 78
      vertex 3 16 78
    endloop
  endfacet
  facet normal 0 0 1
    outer loop
      vertex 0 68 78
      vertex 2.14359 76 78
      vertex 0.964917 73.4723 78
    endloop
  endfacet
  facet normal 0 0 1
    outer loop
      vertex 0 16 78
      vertex 3 16 78
      vertex 0 68 78
    endloop
  endfacet
  facet normal 0 0 1
    outer loop
      vertex 0 68 78
      vertex 0.964917 73.4723 78
      vertex 0.243075 70.7784 78
    endloop
  endfacet
  facet normal 0 0 1
    outer loop
      vertex 3.12807 14.5361 78
      vertex 0 16 78
      vertex 0.243075 13.2216 78
    endloop
  endfacet
  facet normal 0 0 1
    outer loop
      vertex 3.87902 11.35 78
      vertex 0.964917 10.5277 78
      vertex 2.14359 8 78
    endloop
  endfacet
  facet normal 0 0 1
    outer loop
      vertex 3.87902 11.35 78
      vertex 0.243075 13.2216 78
      vertex 0.964917 10.5277 78
    endloop
  endfacet
  facet normal 0 0 1
    outer loop
      vertex 13.7814 66.5684 78
      vertex 10.75 67.1029 78
      vertex 11.4609 66.7714 78
    endloop
  endfacet
  facet normal 0 0 1
    outer loop
      vertex 13.7814 66.5684 78
      vertex 10.5348 74.7464 78
      vertex 10.75 67.1029 78
    endloop
  endfacet
  facet normal 0 0 1
    outer loop
      vertex 9.25358 73.4652 78
      vertex 10.5348 74.7464 78
      vertex 10.1075 74.4472 78
    endloop
  endfacet
  facet normal 0 0 1
    outer loop
      vertex 10.5348 74.7464 78
      vertex 9.25358 73.4652 78
      vertex 10.75 67.1029 78
    endloop
  endfacet
  facet normal 0 0 1
    outer loop
      vertex 9.25358 73.4652 78
      vertex 10.1075 74.4472 78
      vertex 9.5528 73.8925 78
    endloop
  endfacet
  facet normal -0 0 1
    outer loop
      vertex 9.25358 68.5348 78
      vertex 10.75 67.1029 78
      vertex 9.25358 73.4652 78
    endloop
  endfacet
  facet normal 0 0 1
    outer loop
      vertex 10.1075 67.5528 78
      vertex 9.25358 68.5348 78
      vertex 9.5528 68.1075 78
    endloop
  endfacet
  facet normal 0 0 1
    outer loop
      vertex 10.75 67.1029 78
      vertex 9.25358 68.5348 78
      vertex 10.1075 67.5528 78
    endloop
  endfacet
  facet normal -0 0 1
    outer loop
      vertex 3.87902 72.65 78
      vertex 9.25358 68.5348 78
      vertex 9.25358 73.4652 78
    endloop
  endfacet
  facet normal 0 0 1
    outer loop
      vertex 3.87902 72.65 78
      vertex 3.12807 69.4639 78
      vertex 9.25358 68.5348 78
    endloop
  endfacet
  facet normal 0 0 1
    outer loop
      vertex 4.74167 74.5 78
      vertex 2.14359 76 78
      vertex 3.87902 72.65 78
    endloop
  endfacet
  facet normal 0 0 1
    outer loop
      vertex 0 68 78
      vertex 3.87902 72.65 78
      vertex 2.14359 76 78
    endloop
  endfacet
  facet normal 0 0 1
    outer loop
      vertex 3.12807 69.4639 78
      vertex 0 68 78
      vertex 3 68 78
    endloop
  endfacet
  facet normal 0 0 1
    outer loop
      vertex 3.87902 72.65 78
      vertex 0 68 78
      vertex 3.12807 69.4639 78
    endloop
  endfacet
  facet normal 0 0 1
    outer loop
      vertex 81.8564 76 78
      vertex 79.2583 74.5 78
      vertex 80.121 72.65 78
    endloop
  endfacet
  facet normal 0 0 1
    outer loop
      vertex 77.9586 76.3562 78
      vertex 80.2567 78.2846 78
      vertex 78.2846 80.2567 78
    endloop
  endfacet
  facet normal 0 0 1
    outer loop
      vertex 80.2567 78.2846 78
      vertex 77.9586 76.3562 78
      vertex 79.2583 74.5 78
    endloop
  endfacet
  facet normal 0 0 1
    outer loop
      vertex 78.2846 80.2567 78
      vertex 76.3562 77.9586 78
      vertex 77.9586 76.3562 78
    endloop
  endfacet
  facet normal 0 0 1
    outer loop
      vertex 76 81.8564 78
      vertex 76.3562 77.9586 78
      vertex 78.2846 80.2567 78
    endloop
  endfacet
  facet normal 0 0 1
    outer loop
      vertex 76 81.8564 78
      vertex 74.5 79.2583 78
      vertex 76.3562 77.9586 78
    endloop
  endfacet
  facet normal 0 0 1
    outer loop
      vertex 72.65 80.121 78
      vertex 76 81.8564 78
      vertex 73.4723 83.0351 78
    endloop
  endfacet
  facet normal 0 0 1
    outer loop
      vertex 76 81.8564 78
      vertex 72.65 80.121 78
      vertex 74.5 79.2583 78
    endloop
  endfacet
  facet normal 0 0 1
    outer loop
      vertex 73.4652 74.7464 78
      vertex 71.7814 66.5684 78
      vertex 72.5391 66.7714 78
    endloop
  endfacet
  facet normal 0 0 1
    outer loop
      vertex 73.4652 74.7464 78
      vertex 70.2186 66.5684 78
      vertex 71.7814 66.5684 78
    endloop
  endfacet
  facet normal 0 0 1
    outer loop
      vertex 70.7784 83.7569 78
      vertex 72.65 80.121 78
      vertex 73.4723 83.0351 78
    endloop
  endfacet
  facet normal -0 0 1
    outer loop
      vertex 69.4639 80.8719 78
      vertex 72.65 80.121 78
      vertex 70.7784 83.7569 78
    endloop
  endfacet
  facet normal 0 0 1
    outer loop
      vertex 72.65 80.121 78
      vertex 68.5348 74.7464 78
      vertex 73.4652 74.7464 78
    endloop
  endfacet
  facet normal 0 0 1
    outer loop
      vertex 71.7814 66.5684 78
      vertex 70.2186 66.5684 78
      vertex 71 66.5 78
    endloop
  endfacet
  facet normal 0 0 1
    outer loop
      vertex 68 84 78
      vertex 69.4639 80.8719 78
      vertex 70.7784 83.7569 78
    endloop
  endfacet
  facet normal 0 0 1
    outer loop
      vertex 68 84 78
      vertex 68 81 78
      vertex 69.4639 80.8719 78
    endloop
  endfacet
  facet normal -0 0 1
    outer loop
      vertex 16 84 78
      vertex 68 81 78
      vertex 68 84 78
    endloop
  endfacet
  facet normal 0 0 1
    outer loop
      vertex 16 84 78
      vertex 16 81 78
      vertex 68 81 78
    endloop
  endfacet
  facet normal 0 0 1
    outer loop
      vertex 16 84 78
      vertex 14.5361 80.8719 78
      vertex 16 81 78
    endloop
  endfacet
  facet normal -0 0 1
    outer loop
      vertex 13.2216 83.7569 78
      vertex 14.5361 80.8719 78
      vertex 16 84 78
    endloop
  endfacet
  facet normal 0 0 1
    outer loop
      vertex 11.35 80.121 78
      vertex 14.5361 80.8719 78
      vertex 13.2216 83.7569 78
    endloop
  endfacet
  facet normal 0 0 1
    outer loop
      vertex 15.4652 74.7464 78
      vertex 11.35 80.121 78
      vertex 10.5348 74.7464 78
    endloop
  endfacet
  facet normal 0 0 1
    outer loop
      vertex 14.5391 66.7714 78
      vertex 10.5348 74.7464 78
      vertex 13.7814 66.5684 78
    endloop
  endfacet
  facet normal 0 0 1
    outer loop
      vertex 13.7814 66.5684 78
      vertex 11.4609 66.7714 78
      vertex 13 66.5 78
    endloop
  endfacet
  facet normal 0 0 1
    outer loop
      vertex 13 66.5 78
      vertex 11.4609 66.7714 78
      vertex 12.2186 66.5684 78
    endloop
  endfacet
  facet normal -0 0 1
    outer loop
      vertex 10.5277 83.0351 78
      vertex 11.35 80.121 78
      vertex 13.2216 83.7569 78
    endloop
  endfacet
  facet normal -0 0 1
    outer loop
      vertex 8 81.8564 78
      vertex 11.35 80.121 78
      vertex 10.5277 83.0351 78
    endloop
  endfacet
  facet normal 0 0 1
    outer loop
      vertex 11.35 80.121 78
      vertex 8 81.8564 78
      vertex 9.5 79.2583 78
    endloop
  endfacet
  facet normal 0 0 1
    outer loop
      vertex 8 81.8564 78
      vertex 7.64376 77.9586 78
      vertex 9.5 79.2583 78
    endloop
  endfacet
  facet normal -0 0 1
    outer loop
      vertex 5.7154 80.2567 78
      vertex 7.64376 77.9586 78
      vertex 8 81.8564 78
    endloop
  endfacet
  facet normal 0 0 1
    outer loop
      vertex 7.64376 77.9586 78
      vertex 5.7154 80.2567 78
      vertex 6.04142 76.3562 78
    endloop
  endfacet
  facet normal -0 0 1
    outer loop
      vertex 3.74329 78.2846 78
      vertex 6.04142 76.3562 78
      vertex 5.7154 80.2567 78
    endloop
  endfacet
  facet normal 0 0 1
    outer loop
      vertex 6.04142 76.3562 78
      vertex 3.74329 78.2846 78
      vertex 4.74167 74.5 78
    endloop
  endfacet
  facet normal -0 0 1
    outer loop
      vertex 2.14359 76 78
      vertex 4.74167 74.5 78
      vertex 3.74329 78.2846 78
    endloop
  endfacet
  facet normal -0 0 1
    outer loop
      vertex 80.8719 69.4639 78
      vertex 84 68 78
      vertex 83.7569 70.7784 78
    endloop
  endfacet
  facet normal 0 0 1
    outer loop
      vertex 84 68 78
      vertex 81 68 78
      vertex 84 16 78
    endloop
  endfacet
  facet normal -0 0 1
    outer loop
      vertex 80.121 72.65 78
      vertex 83.7569 70.7784 78
      vertex 83.0351 73.4723 78
    endloop
  endfacet
  facet normal 0 0 1
    outer loop
      vertex 81 16 78
      vertex 84 16 78
      vertex 81 68 78
    endloop
  endfacet
  facet normal 0 0 1
    outer loop
      vertex 80.121 72.65 78
      vertex 83.0351 73.4723 78
      vertex 81.8564 76 78
    endloop
  endfacet
  facet normal 0 0 1
    outer loop
      vertex 80.8719 14.5361 78
      vertex 84 16 78
      vertex 81 16 78
    endloop
  endfacet
  facet normal 0 0 1
    outer loop
      vertex 84 16 78
      vertex 80.8719 14.5361 78
      vertex 83.7569 13.2216 78
    endloop
  endfacet
  facet normal 0 0 1
    outer loop
      vertex 84 68 78
      vertex 80.8719 69.4639 78
      vertex 81 68 78
    endloop
  endfacet
  facet normal 0 0 1
    outer loop
      vertex 79.2583 74.5 78
      vertex 81.8564 76 78
      vertex 80.2567 78.2846 78
    endloop
  endfacet
  facet normal 0 0 1
    outer loop
      vertex 83.7569 70.7784 78
      vertex 80.121 72.65 78
      vertex 80.8719 69.4639 78
    endloop
  endfacet
  facet normal 0 0 1
    outer loop
      vertex 74.7464 68.5348 78
      vertex 80.121 72.65 78
      vertex 74.7464 73.4652 78
    endloop
  endfacet
  facet normal 0 0 1
    outer loop
      vertex 80.121 72.65 78
      vertex 74.7464 68.5348 78
      vertex 80.8719 69.4639 78
    endloop
  endfacet
  facet normal 0 0 1
    outer loop
      vertex 73.4652 74.7464 78
      vertex 74.7464 73.4652 78
      vertex 74.4472 73.8925 78
    endloop
  endfacet
  facet normal 0 0 1
    outer loop
      vertex 74.7464 73.4652 78
      vertex 73.4652 74.7464 78
      vertex 74.7464 68.5348 78
    endloop
  endfacet
  facet normal 0 0 1
    outer loop
      vertex 73.4652 74.7464 78
      vertex 74.4472 73.8925 78
      vertex 73.8925 74.4472 78
    endloop
  endfacet
  facet normal 0 0 1
    outer loop
      vertex 73.25 67.1029 78
      vertex 74.7464 68.5348 78
      vertex 73.4652 74.7464 78
    endloop
  endfacet
  facet normal 0 0 1
    outer loop
      vertex 74.7464 68.5348 78
      vertex 73.8925 67.5528 78
      vertex 74.4472 68.1075 78
    endloop
  endfacet
  facet normal 0 0 1
    outer loop
      vertex 74.7464 68.5348 78
      vertex 73.25 67.1029 78
      vertex 73.8925 67.5528 78
    endloop
  endfacet
  facet normal 0 0 1
    outer loop
      vertex 68.5348 74.7464 78
      vertex 72.65 80.121 78
      vertex 69.4639 80.8719 78
    endloop
  endfacet
  facet normal 0 0 1
    outer loop
      vertex 73.4652 74.7464 78
      vertex 72.5391 66.7714 78
      vertex 73.25 67.1029 78
    endloop
  endfacet
  facet normal 0 0 1
    outer loop
      vertex 80.121 11.35 78
      vertex 83.7569 13.2216 78
      vertex 80.8719 14.5361 78
    endloop
  endfacet
  facet normal 0 0 1
    outer loop
      vertex 83.7569 13.2216 78
      vertex 80.121 11.35 78
      vertex 83.0351 10.5277 78
    endloop
  endfacet
  facet normal 0 0 1
    outer loop
      vertex 83.0351 10.5277 78
      vertex 80.121 11.35 78
      vertex 81.8564 8 78
    endloop
  endfacet
  facet normal -0 0 1
    outer loop
      vertex 79.2583 9.5 78
      vertex 81.8564 8 78
      vertex 80.121 11.35 78
    endloop
  endfacet
  facet normal 0 0 1
    outer loop
      vertex 74.7464 15.4652 78
      vertex 80.121 11.35 78
      vertex 80.8719 14.5361 78
    endloop
  endfacet
  facet normal 0 0 1
    outer loop
      vertex 74.7464 15.4652 78
      vertex 74.7464 10.5348 78
      vertex 80.121 11.35 78
    endloop
  endfacet
  facet normal 0 0 1
    outer loop
      vertex 73.8925 16.4472 78
      vertex 74.7464 15.4652 78
      vertex 74.4472 15.8925 78
    endloop
  endfacet
  facet normal 0 0 1
    outer loop
      vertex 74.7464 15.4652 78
      vertex 73.4652 9.25358 78
      vertex 74.7464 10.5348 78
    endloop
  endfacet
  facet normal 0 0 1
    outer loop
      vertex 73.25 16.8971 78
      vertex 74.7464 15.4652 78
      vertex 73.8925 16.4472 78
    endloop
  endfacet
  facet normal 0 0 1
    outer loop
      vertex 74.7464 10.5348 78
      vertex 73.4652 9.25358 78
      vertex 74.4472 10.1075 78
    endloop
  endfacet
  facet normal 0 0 1
    outer loop
      vertex 74.4472 10.1075 78
      vertex 73.4652 9.25358 78
      vertex 73.8925 9.5528 78
    endloop
  endfacet
  facet normal 0 0 1
    outer loop
      vertex 74.7464 15.4652 78
      vertex 73.25 16.8971 78
      vertex 73.4652 9.25358 78
    endloop
  endfacet
  facet normal 0 0 1
    outer loop
      vertex 70.2186 17.4316 78
      vertex 73.4652 9.25358 78
      vertex 73.25 16.8971 78
    endloop
  endfacet
  facet normal 0 0 1
    outer loop
      vertex 70.2186 17.4316 78
      vertex 73.25 16.8971 78
      vertex 72.5391 17.2286 78
    endloop
  endfacet
  facet normal 0 0 1
    outer loop
      vertex 81.8564 8 78
      vertex 79.2583 9.5 78
      vertex 80.2567 5.7154 78
    endloop
  endfacet
  facet normal -0 0 1
    outer loop
      vertex 77.9586 7.64376 78
      vertex 80.2567 5.7154 78
      vertex 79.2583 9.5 78
    endloop
  endfacet
  facet normal 0 0 1
    outer loop
      vertex 80.2567 5.7154 78
      vertex 77.9586 7.64376 78
      vertex 78.2846 3.74329 78
    endloop
  endfacet
  facet normal -0 0 1
    outer loop
      vertex 76.3562 6.04142 78
      vertex 78.2846 3.74329 78
      vertex 77.9586 7.64376 78
    endloop
  endfacet
  facet normal 0 0 1
    outer loop
      vertex 76.3562 6.04142 78
      vertex 76 2.14359 78
      vertex 78.2846 3.74329 78
    endloop
  endfacet
  facet normal -0 0 1
    outer loop
      vertex 74.5 4.74167 78
      vertex 76 2.14359 78
      vertex 76.3562 6.04142 78
    endloop
  endfacet
  facet normal -0 0 1
    outer loop
      vertex 72.65 3.87902 78
      vertex 76 2.14359 78
      vertex 74.5 4.74167 78
    endloop
  endfacet
  facet normal 0 0 1
    outer loop
      vertex 76 2.14359 78
      vertex 72.65 3.87902 78
      vertex 73.4723 0.964917 78
    endloop
  endfacet
  facet normal -0 0 1
    outer loop
      vertex 70.2186 17.4316 78
      vertex 72.5391 17.2286 78
      vertex 71.7814 17.4316 78
    endloop
  endfacet
  facet normal 0 0 1
    outer loop
      vertex 70.2186 17.4316 78
      vertex 71.7814 17.4316 78
      vertex 71 17.5 78
    endloop
  endfacet
  facet normal 0 0 1
    outer loop
      vertex 72.65 3.87902 78
      vertex 70.7784 0.243075 78
      vertex 73.4723 0.964917 78
    endloop
  endfacet
  facet normal -0 0 1
    outer loop
      vertex 69.4609 17.2286 78
      vertex 73.4652 9.25358 78
      vertex 70.2186 17.4316 78
    endloop
  endfacet
  facet normal 0 0 1
    outer loop
      vertex 73.4652 9.25358 78
      vertex 69.4639 3.12807 78
      vertex 72.65 3.87902 78
    endloop
  endfacet
  facet normal 0 0 1
    outer loop
      vertex 72.65 3.87902 78
      vertex 69.4639 3.12807 78
      vertex 70.7784 0.243075 78
    endloop
  endfacet
  facet normal 0 0 1
    outer loop
      vertex 68 0 78
      vertex 69.4639 3.12807 78
      vertex 68 3 78
    endloop
  endfacet
  facet normal 0 0 1
    outer loop
      vertex 69.4639 3.12807 78
      vertex 68 0 78
      vertex 70.7784 0.243075 78
    endloop
  endfacet
  facet normal -0 0 1
    outer loop
      vertex 16 3 78
      vertex 68 0 78
      vertex 68 3 78
    endloop
  endfacet
  facet normal 0 0 1
    outer loop
      vertex 16 3 78
      vertex 16 0 78
      vertex 68 0 78
    endloop
  endfacet
  facet normal 0 0 1
    outer loop
      vertex 14.5361 3.12807 78
      vertex 16 0 78
      vertex 16 3 78
    endloop
  endfacet
  facet normal 0 0 1
    outer loop
      vertex 14.5361 3.12807 78
      vertex 13.2216 0.243075 78
      vertex 16 0 78
    endloop
  endfacet
  facet normal 0 0 1
    outer loop
      vertex 15.4652 9.25358 78
      vertex 11.35 3.87902 78
      vertex 14.5361 3.12807 78
    endloop
  endfacet
  facet normal 0 0 1
    outer loop
      vertex 11.4609 17.2286 78
      vertex 13.7814 17.4316 78
      vertex 13 17.5 78
    endloop
  endfacet
  facet normal 0 0 1
    outer loop
      vertex 11.4609 17.2286 78
      vertex 13 17.5 78
      vertex 12.2186 17.4316 78
    endloop
  endfacet
  facet normal 0 0 1
    outer loop
      vertex 10.75 16.8971 78
      vertex 13.7814 17.4316 78
      vertex 11.4609 17.2286 78
    endloop
  endfacet
  facet normal 0 0 1
    outer loop
      vertex 14.5361 3.12807 78
      vertex 11.35 3.87902 78
      vertex 13.2216 0.243075 78
    endloop
  endfacet
  facet normal 0 0 1
    outer loop
      vertex 11.35 3.87902 78
      vertex 10.5277 0.964917 78
      vertex 13.2216 0.243075 78
    endloop
  endfacet
  facet normal 0 0 1
    outer loop
      vertex 8 2.14359 78
      vertex 11.35 3.87902 78
      vertex 9.5 4.74167 78
    endloop
  endfacet
  facet normal 0 0 1
    outer loop
      vertex 11.35 3.87902 78
      vertex 8 2.14359 78
      vertex 10.5277 0.964917 78
    endloop
  endfacet
  facet normal 0 0 1
    outer loop
      vertex 7.64376 6.04142 78
      vertex 8 2.14359 78
      vertex 9.5 4.74167 78
    endloop
  endfacet
  facet normal 0 0 1
    outer loop
      vertex 5.7154 3.74329 78
      vertex 7.64376 6.04142 78
      vertex 6.04142 7.64376 78
    endloop
  endfacet
  facet normal 0 0 1
    outer loop
      vertex 7.64376 6.04142 78
      vertex 5.7154 3.74329 78
      vertex 8 2.14359 78
    endloop
  endfacet
  facet normal 0 0 1
    outer loop
      vertex 3.74329 5.7154 78
      vertex 6.04142 7.64376 78
      vertex 4.74167 9.5 78
    endloop
  endfacet
  facet normal 0 0 1
    outer loop
      vertex 3.74329 5.7154 78
      vertex 4.74167 9.5 78
      vertex 3.87902 11.35 78
    endloop
  endfacet
  facet normal 0 0 1
    outer loop
      vertex 6.04142 7.64376 78
      vertex 3.74329 5.7154 78
      vertex 5.7154 3.74329 78
    endloop
  endfacet
  facet normal 0 0 -1
    outer loop
      vertex 17.4316 70.2186 0
      vertex 17.4316 71.7814 0
      vertex 17.5 71 0
    endloop
  endfacet
  facet normal 0 0 -1
    outer loop
      vertex 17.2286 69.4609 0
      vertex 17.4316 71.7814 0
      vertex 17.4316 70.2186 0
    endloop
  endfacet
  facet normal 0 0 -1
    outer loop
      vertex 17.2286 69.4609 0
      vertex 17.2286 72.5391 0
      vertex 17.4316 71.7814 0
    endloop
  endfacet
  facet normal 0 0 -1
    outer loop
      vertex 16.8971 68.75 0
      vertex 17.2286 72.5391 0
      vertex 17.2286 69.4609 0
    endloop
  endfacet
  facet normal 0 0 -1
    outer loop
      vertex 16.8971 68.75 0
      vertex 16.8971 73.25 0
      vertex 17.2286 72.5391 0
    endloop
  endfacet
  facet normal 0 0 -1
    outer loop
      vertex 16.4472 68.1075 0
      vertex 16.8971 73.25 0
      vertex 16.8971 68.75 0
    endloop
  endfacet
  facet normal 0 0 -1
    outer loop
      vertex 15.4652 74.7464 0
      vertex 16.8971 73.25 0
      vertex 16.4472 68.1075 0
    endloop
  endfacet
  facet normal 0 0 -1
    outer loop
      vertex 15.4652 74.7464 0
      vertex 16.4472 68.1075 0
      vertex 15.8925 67.5528 0
    endloop
  endfacet
  facet normal 0 0 -1
    outer loop
      vertex 16.8971 73.25 0
      vertex 15.4652 74.7464 0
      vertex 16.4472 73.8925 0
    endloop
  endfacet
  facet normal 0 0 -1
    outer loop
      vertex 16.4472 73.8925 0
      vertex 15.4652 74.7464 0
      vertex 15.8925 74.4472 0
    endloop
  endfacet
  facet normal 0 0 -1
    outer loop
      vertex 15.25 67.1029 0
      vertex 15.4652 74.7464 0
      vertex 15.8925 67.5528 0
    endloop
  endfacet
  facet normal 0 0 -1
    outer loop
      vertex 14.5391 66.7714 0
      vertex 15.4652 74.7464 0
      vertex 15.25 67.1029 0
    endloop
  endfacet
  facet normal 0 0 -1
    outer loop
      vertex 10.5348 74.7464 0
      vertex 15.4652 74.7464 0
      vertex 14.5391 66.7714 0
    endloop
  endfacet
  facet normal 0 0 -1
    outer loop
      vertex 10.5348 74.7464 0
      vertex 14.5391 66.7714 0
      vertex 13.7814 66.5684 0
    endloop
  endfacet
  facet normal 0 0 -1
    outer loop
      vertex 68.5348 74.7464 0
      vertex 73.4652 74.7464 0
      vertex 69.4609 66.7714 0
    endloop
  endfacet
  facet normal 0 0 -1
    outer loop
      vertex 68.5348 74.7464 0
      vertex 69.4609 66.7714 0
      vertex 68.75 67.1029 0
    endloop
  endfacet
  facet normal 0 0 -1
    outer loop
      vertex 73.4652 74.7464 0
      vertex 68.5348 74.7464 0
      vertex 69.4639 80.8719 0
    endloop
  endfacet
  facet normal 0 0 -1
    outer loop
      vertex 68.1075 67.5528 0
      vertex 68.5348 74.7464 0
      vertex 68.75 67.1029 0
    endloop
  endfacet
  facet normal 0 0 -1
    outer loop
      vertex 67.5528 68.1075 0
      vertex 68.5348 74.7464 0
      vertex 68.1075 67.5528 0
    endloop
  endfacet
  facet normal 0 0 -1
    outer loop
      vertex 67.1029 68.75 0
      vertex 68.5348 74.7464 0
      vertex 67.5528 68.1075 0
    endloop
  endfacet
  facet normal 0 0 -1
    outer loop
      vertex 68.5348 74.7464 0
      vertex 67.5528 73.8925 0
      vertex 68.1075 74.4472 0
    endloop
  endfacet
  facet normal 0 0 -1
    outer loop
      vertex 68.5348 74.7464 0
      vertex 67.1029 68.75 0
      vertex 67.5528 73.8925 0
    endloop
  endfacet
  facet normal 0 0 -1
    outer loop
      vertex 67.1029 68.75 0
      vertex 67.1029 73.25 0
      vertex 67.5528 73.8925 0
    endloop
  endfacet
  facet normal 0 0 -1
    outer loop
      vertex 66.7714 69.4609 0
      vertex 67.1029 73.25 0
      vertex 67.1029 68.75 0
    endloop
  endfacet
  facet normal 0 0 -1
    outer loop
      vertex 66.7714 69.4609 0
      vertex 66.7714 72.5391 0
      vertex 67.1029 73.25 0
    endloop
  endfacet
  facet normal 0 0 -1
    outer loop
      vertex 66.5684 70.2186 0
      vertex 66.7714 72.5391 0
      vertex 66.7714 69.4609 0
    endloop
  endfacet
  facet normal 0 0 -1
    outer loop
      vertex 66.5684 70.2186 0
      vertex 66.5684 71.7814 0
      vertex 66.7714 72.5391 0
    endloop
  endfacet
  facet normal 0 -0 -1
    outer loop
      vertex 66.5684 71.7814 0
      vertex 66.5684 70.2186 0
      vertex 66.5 71 0
    endloop
  endfacet
  facet normal 0 0 -1
    outer loop
      vertex 73.4652 9.25358 0
      vertex 69.4609 17.2286 0
      vertex 70.2186 17.4316 0
    endloop
  endfacet
  facet normal 0 0 -1
    outer loop
      vertex 73.4652 9.25358 0
      vertex 68.5348 9.25358 0
      vertex 69.4609 17.2286 0
    endloop
  endfacet
  facet normal 0 0 -1
    outer loop
      vertex 69.4609 17.2286 0
      vertex 68.5348 9.25358 0
      vertex 68.75 16.8971 0
    endloop
  endfacet
  facet normal 0 0 -1
    outer loop
      vertex 67.5528 10.1075 0
      vertex 68.5348 9.25358 0
      vertex 68.1075 9.5528 0
    endloop
  endfacet
  facet normal 0 0 -1
    outer loop
      vertex 68.5348 9.25358 0
      vertex 68.1075 16.4472 0
      vertex 68.75 16.8971 0
    endloop
  endfacet
  facet normal 0 0 -1
    outer loop
      vertex 67.1029 10.75 0
      vertex 68.5348 9.25358 0
      vertex 67.5528 10.1075 0
    endloop
  endfacet
  facet normal 0 0 -1
    outer loop
      vertex 68.5348 9.25358 0
      vertex 67.5528 15.8925 0
      vertex 68.1075 16.4472 0
    endloop
  endfacet
  facet normal 0 0 -1
    outer loop
      vertex 68.5348 9.25358 0
      vertex 67.1029 10.75 0
      vertex 67.5528 15.8925 0
    endloop
  endfacet
  facet normal 0 0 -1
    outer loop
      vertex 67.1029 10.75 0
      vertex 67.1029 15.25 0
      vertex 67.5528 15.8925 0
    endloop
  endfacet
  facet normal 0 0 -1
    outer loop
      vertex 66.7714 11.4609 0
      vertex 67.1029 15.25 0
      vertex 67.1029 10.75 0
    endloop
  endfacet
  facet normal 0 0 -1
    outer loop
      vertex 66.7714 11.4609 0
      vertex 66.7714 14.5391 0
      vertex 67.1029 15.25 0
    endloop
  endfacet
  facet normal 0 0 -1
    outer loop
      vertex 66.5684 12.2186 0
      vertex 66.7714 14.5391 0
      vertex 66.7714 11.4609 0
    endloop
  endfacet
  facet normal 0 0 -1
    outer loop
      vertex 66.5684 12.2186 0
      vertex 66.5684 13.7814 0
      vertex 66.7714 14.5391 0
    endloop
  endfacet
  facet normal 0 -0 -1
    outer loop
      vertex 66.5684 13.7814 0
      vertex 66.5684 12.2186 0
      vertex 66.5 13 0
    endloop
  endfacet
  facet normal 0 0 -1
    outer loop
      vertex 17.4316 12.2186 0
      vertex 17.4316 13.7814 0
      vertex 17.5 13 0
    endloop
  endfacet
  facet normal 0 0 -1
    outer loop
      vertex 17.2286 11.4609 0
      vertex 17.4316 13.7814 0
      vertex 17.4316 12.2186 0
    endloop
  endfacet
  facet normal 0 0 -1
    outer loop
      vertex 17.2286 11.4609 0
      vertex 17.2286 14.5391 0
      vertex 17.4316 13.7814 0
    endloop
  endfacet
  facet normal 0 0 -1
    outer loop
      vertex 16.8971 10.75 0
      vertex 17.2286 14.5391 0
      vertex 17.2286 11.4609 0
    endloop
  endfacet
  facet normal 0 0 -1
    outer loop
      vertex 16.8971 10.75 0
      vertex 16.8971 15.25 0
      vertex 17.2286 14.5391 0
    endloop
  endfacet
  facet normal 0 0 -1
    outer loop
      vertex 16.4472 10.1075 0
      vertex 16.8971 15.25 0
      vertex 16.8971 10.75 0
    endloop
  endfacet
  facet normal 0 0 -1
    outer loop
      vertex 15.4652 9.25358 0
      vertex 16.8971 15.25 0
      vertex 16.4472 10.1075 0
    endloop
  endfacet
  facet normal 0 0 -1
    outer loop
      vertex 15.4652 9.25358 0
      vertex 16.4472 10.1075 0
      vertex 15.8925 9.5528 0
    endloop
  endfacet
  facet normal -0 0 -1
    outer loop
      vertex 16.8971 15.25 0
      vertex 15.4652 9.25358 0
      vertex 16.4472 15.8925 0
    endloop
  endfacet
  facet normal -0 0 -1
    outer loop
      vertex 16.4472 15.8925 0
      vertex 15.4652 9.25358 0
      vertex 15.8925 16.4472 0
    endloop
  endfacet
  facet normal 0 0 -1
    outer loop
      vertex 15.4652 9.25358 0
      vertex 15.25 16.8971 0
      vertex 15.8925 16.4472 0
    endloop
  endfacet
  facet normal 0 0 -1
    outer loop
      vertex 15.4652 9.25358 0
      vertex 14.5391 17.2286 0
      vertex 15.25 16.8971 0
    endloop
  endfacet
  facet normal 0 0 -1
    outer loop
      vertex 11.35 3.87902 0
      vertex 15.4652 9.25358 0
      vertex 14.5361 3.12807 0
    endloop
  endfacet
  facet normal 0 0 -1
    outer loop
      vertex 15.4652 9.25358 0
      vertex 10.5348 9.25358 0
      vertex 14.5391 17.2286 0
    endloop
  endfacet
  facet normal 0 0 -1
    outer loop
      vertex 10.5348 74.7464 0
      vertex 13.7814 66.5684 0
      vertex 10.75 67.1029 0
    endloop
  endfacet
  facet normal 0 0 -1
    outer loop
      vertex 15.4652 74.7464 0
      vertex 10.5348 74.7464 0
      vertex 11.35 80.121 0
    endloop
  endfacet
  facet normal 0 0 -1
    outer loop
      vertex 9.25358 68.5348 0
      vertex 10.75 67.1029 0
      vertex 10.1075 67.5528 0
    endloop
  endfacet
  facet normal 0 0 -1
    outer loop
      vertex 10.75 67.1029 0
      vertex 9.25358 68.5348 0
      vertex 10.5348 74.7464 0
    endloop
  endfacet
  facet normal 0 0 -1
    outer loop
      vertex 9.25358 68.5348 0
      vertex 10.1075 67.5528 0
      vertex 9.5528 68.1075 0
    endloop
  endfacet
  facet normal 0 0 -1
    outer loop
      vertex 9.25358 73.4652 0
      vertex 10.5348 74.7464 0
      vertex 9.25358 68.5348 0
    endloop
  endfacet
  facet normal 0 0 -1
    outer loop
      vertex 10.5348 74.7464 0
      vertex 9.25358 73.4652 0
      vertex 10.1075 74.4472 0
    endloop
  endfacet
  facet normal 0 0 -1
    outer loop
      vertex 10.1075 74.4472 0
      vertex 9.25358 73.4652 0
      vertex 9.5528 73.8925 0
    endloop
  endfacet
  facet normal 0 0 -1
    outer loop
      vertex 9.25358 68.5348 0
      vertex 3.87902 72.65 0
      vertex 9.25358 73.4652 0
    endloop
  endfacet
  facet normal 0 0 -1
    outer loop
      vertex 3.12807 69.4639 0
      vertex 3.87902 72.65 0
      vertex 9.25358 68.5348 0
    endloop
  endfacet
  facet normal 0 0 -1
    outer loop
      vertex 0.243075 70.7784 0
      vertex 3.87902 72.65 0
      vertex 3.12807 69.4639 0
    endloop
  endfacet
  facet normal 0 0 -1
    outer loop
      vertex 0 68 0
      vertex 3.12807 69.4639 0
      vertex 3 68 0
    endloop
  endfacet
  facet normal 0 0 -1
    outer loop
      vertex 3.87902 72.65 0
      vertex 2.14359 76 0
      vertex 3.74329 78.2846 0
    endloop
  endfacet
  facet normal 0 0 -1
    outer loop
      vertex 3 16 0
      vertex 0 16 0
      vertex 3 68 0
    endloop
  endfacet
  facet normal 0 0 -1
    outer loop
      vertex 0 16 0
      vertex 2.14359 8 0
      vertex 0.964917 10.5277 0
    endloop
  endfacet
  facet normal 0 0 -1
    outer loop
      vertex 0 68 0
      vertex 3 68 0
      vertex 0 16 0
    endloop
  endfacet
  facet normal 0 0 -1
    outer loop
      vertex 0 16 0
      vertex 0.964917 10.5277 0
      vertex 0.243075 13.2216 0
    endloop
  endfacet
  facet normal -0 0 -1
    outer loop
      vertex 3.12807 69.4639 0
      vertex 0 68 0
      vertex 0.243075 70.7784 0
    endloop
  endfacet
  facet normal 0 0 -1
    outer loop
      vertex 3.87902 72.65 0
      vertex 0.964917 73.4723 0
      vertex 2.14359 76 0
    endloop
  endfacet
  facet normal -0 0 -1
    outer loop
      vertex 3.87902 72.65 0
      vertex 0.243075 70.7784 0
      vertex 0.964917 73.4723 0
    endloop
  endfacet
  facet normal 0 0 -1
    outer loop
      vertex 13.7814 17.4316 0
      vertex 10.75 16.8971 0
      vertex 11.4609 17.2286 0
    endloop
  endfacet
  facet normal 0 0 -1
    outer loop
      vertex 13.7814 17.4316 0
      vertex 10.5348 9.25358 0
      vertex 10.75 16.8971 0
    endloop
  endfacet
  facet normal 0 0 -1
    outer loop
      vertex 9.25358 10.5348 0
      vertex 10.5348 9.25358 0
      vertex 10.1075 9.5528 0
    endloop
  endfacet
  facet normal 0 0 -1
    outer loop
      vertex 10.5348 9.25358 0
      vertex 9.25358 10.5348 0
      vertex 10.75 16.8971 0
    endloop
  endfacet
  facet normal 0 0 -1
    outer loop
      vertex 9.25358 10.5348 0
      vertex 10.1075 9.5528 0
      vertex 9.5528 10.1075 0
    endloop
  endfacet
  facet normal 0 0 -1
    outer loop
      vertex 9.25358 15.4652 0
      vertex 10.75 16.8971 0
      vertex 9.25358 10.5348 0
    endloop
  endfacet
  facet normal 0 0 -1
    outer loop
      vertex 10.75 16.8971 0
      vertex 9.25358 15.4652 0
      vertex 10.1075 16.4472 0
    endloop
  endfacet
  facet normal 0 0 -1
    outer loop
      vertex 10.1075 16.4472 0
      vertex 9.25358 15.4652 0
      vertex 9.5528 15.8925 0
    endloop
  endfacet
  facet normal 0 0 -1
    outer loop
      vertex 3.87902 11.35 0
      vertex 9.25358 15.4652 0
      vertex 9.25358 10.5348 0
    endloop
  endfacet
  facet normal 0 0 -1
    outer loop
      vertex 3.87902 11.35 0
      vertex 3.12807 14.5361 0
      vertex 9.25358 15.4652 0
    endloop
  endfacet
  facet normal -0 0 -1
    outer loop
      vertex 4.74167 9.5 0
      vertex 2.14359 8 0
      vertex 3.87902 11.35 0
    endloop
  endfacet
  facet normal 0 0 -1
    outer loop
      vertex 0 16 0
      vertex 3.87902 11.35 0
      vertex 2.14359 8 0
    endloop
  endfacet
  facet normal 0 0 -1
    outer loop
      vertex 3.12807 14.5361 0
      vertex 0 16 0
      vertex 3 16 0
    endloop
  endfacet
  facet normal 0 0 -1
    outer loop
      vertex 3.87902 11.35 0
      vertex 0 16 0
      vertex 3.12807 14.5361 0
    endloop
  endfacet
  facet normal 0 0 -1
    outer loop
      vertex 81.8564 8 0
      vertex 79.2583 9.5 0
      vertex 80.121 11.35 0
    endloop
  endfacet
  facet normal 0 0 -1
    outer loop
      vertex 77.9586 7.64376 0
      vertex 80.2567 5.7154 0
      vertex 78.2846 3.74329 0
    endloop
  endfacet
  facet normal 0 0 -1
    outer loop
      vertex 80.2567 5.7154 0
      vertex 77.9586 7.64376 0
      vertex 79.2583 9.5 0
    endloop
  endfacet
  facet normal 0 0 -1
    outer loop
      vertex 78.2846 3.74329 0
      vertex 76.3562 6.04142 0
      vertex 77.9586 7.64376 0
    endloop
  endfacet
  facet normal 0 0 -1
    outer loop
      vertex 76 2.14359 0
      vertex 76.3562 6.04142 0
      vertex 78.2846 3.74329 0
    endloop
  endfacet
  facet normal 0 0 -1
    outer loop
      vertex 76 2.14359 0
      vertex 74.5 4.74167 0
      vertex 76.3562 6.04142 0
    endloop
  endfacet
  facet normal 0 0 -1
    outer loop
      vertex 72.65 3.87902 0
      vertex 76 2.14359 0
      vertex 73.4723 0.964917 0
    endloop
  endfacet
  facet normal 0 0 -1
    outer loop
      vertex 76 2.14359 0
      vertex 72.65 3.87902 0
      vertex 74.5 4.74167 0
    endloop
  endfacet
  facet normal 0 0 -1
    outer loop
      vertex 73.4652 9.25358 0
      vertex 71.7814 17.4316 0
      vertex 72.5391 17.2286 0
    endloop
  endfacet
  facet normal 0 0 -1
    outer loop
      vertex 73.4652 9.25358 0
      vertex 70.2186 17.4316 0
      vertex 71.7814 17.4316 0
    endloop
  endfacet
  facet normal 0 0 -1
    outer loop
      vertex 70.7784 0.243075 0
      vertex 72.65 3.87902 0
      vertex 73.4723 0.964917 0
    endloop
  endfacet
  facet normal 0 0 -1
    outer loop
      vertex 69.4639 3.12807 0
      vertex 72.65 3.87902 0
      vertex 70.7784 0.243075 0
    endloop
  endfacet
  facet normal 0 0 -1
    outer loop
      vertex 72.65 3.87902 0
      vertex 68.5348 9.25358 0
      vertex 73.4652 9.25358 0
    endloop
  endfacet
  facet normal 0 0 -1
    outer loop
      vertex 71.7814 17.4316 0
      vertex 70.2186 17.4316 0
      vertex 71 17.5 0
    endloop
  endfacet
  facet normal 0 0 -1
    outer loop
      vertex 68 0 0
      vertex 69.4639 3.12807 0
      vertex 70.7784 0.243075 0
    endloop
  endfacet
  facet normal 0 0 -1
    outer loop
      vertex 68 0 0
      vertex 68 3 0
      vertex 69.4639 3.12807 0
    endloop
  endfacet
  facet normal 0 0 -1
    outer loop
      vertex 16 0 0
      vertex 68 3 0
      vertex 68 0 0
    endloop
  endfacet
  facet normal 0 0 -1
    outer loop
      vertex 16 0 0
      vertex 16 3 0
      vertex 68 3 0
    endloop
  endfacet
  facet normal 0 0 -1
    outer loop
      vertex 16 0 0
      vertex 14.5361 3.12807 0
      vertex 16 3 0
    endloop
  endfacet
  facet normal 0 0 -1
    outer loop
      vertex 13.2216 0.243075 0
      vertex 14.5361 3.12807 0
      vertex 16 0 0
    endloop
  endfacet
  facet normal 0 0 -1
    outer loop
      vertex 11.35 3.87902 0
      vertex 14.5361 3.12807 0
      vertex 13.2216 0.243075 0
    endloop
  endfacet
  facet normal -0 0 -1
    outer loop
      vertex 15.4652 9.25358 0
      vertex 11.35 3.87902 0
      vertex 10.5348 9.25358 0
    endloop
  endfacet
  facet normal -0 0 -1
    outer loop
      vertex 14.5391 17.2286 0
      vertex 10.5348 9.25358 0
      vertex 13.7814 17.4316 0
    endloop
  endfacet
  facet normal -0 0 -1
    outer loop
      vertex 13.7814 17.4316 0
      vertex 11.4609 17.2286 0
      vertex 13 17.5 0
    endloop
  endfacet
  facet normal 0 0 -1
    outer loop
      vertex 13 17.5 0
      vertex 11.4609 17.2286 0
      vertex 12.2186 17.4316 0
    endloop
  endfacet
  facet normal 0 0 -1
    outer loop
      vertex 10.5277 0.964917 0
      vertex 11.35 3.87902 0
      vertex 13.2216 0.243075 0
    endloop
  endfacet
  facet normal 0 0 -1
    outer loop
      vertex 8 2.14359 0
      vertex 11.35 3.87902 0
      vertex 10.5277 0.964917 0
    endloop
  endfacet
  facet normal -0 0 -1
    outer loop
      vertex 11.35 3.87902 0
      vertex 8 2.14359 0
      vertex 9.5 4.74167 0
    endloop
  endfacet
  facet normal 0 0 -1
    outer loop
      vertex 8 2.14359 0
      vertex 7.64376 6.04142 0
      vertex 9.5 4.74167 0
    endloop
  endfacet
  facet normal 0 0 -1
    outer loop
      vertex 5.7154 3.74329 0
      vertex 7.64376 6.04142 0
      vertex 8 2.14359 0
    endloop
  endfacet
  facet normal -0 0 -1
    outer loop
      vertex 7.64376 6.04142 0
      vertex 5.7154 3.74329 0
      vertex 6.04142 7.64376 0
    endloop
  endfacet
  facet normal 0 0 -1
    outer loop
      vertex 3.74329 5.7154 0
      vertex 6.04142 7.64376 0
      vertex 5.7154 3.74329 0
    endloop
  endfacet
  facet normal -0 0 -1
    outer loop
      vertex 6.04142 7.64376 0
      vertex 3.74329 5.7154 0
      vertex 4.74167 9.5 0
    endloop
  endfacet
  facet normal 0 0 -1
    outer loop
      vertex 2.14359 8 0
      vertex 4.74167 9.5 0
      vertex 3.74329 5.7154 0
    endloop
  endfacet
  facet normal 0 0 -1
    outer loop
      vertex 80.8719 14.5361 0
      vertex 84 16 0
      vertex 83.7569 13.2216 0
    endloop
  endfacet
  facet normal 0 0 -1
    outer loop
      vertex 84 16 0
      vertex 81 16 0
      vertex 84 68 0
    endloop
  endfacet
  facet normal 0 0 -1
    outer loop
      vertex 80.121 11.35 0
      vertex 83.7569 13.2216 0
      vertex 83.0351 10.5277 0
    endloop
  endfacet
  facet normal 0 0 -1
    outer loop
      vertex 81 68 0
      vertex 84 68 0
      vertex 81 16 0
    endloop
  endfacet
  facet normal 0 0 -1
    outer loop
      vertex 80.121 11.35 0
      vertex 83.0351 10.5277 0
      vertex 81.8564 8 0
    endloop
  endfacet
  facet normal 0 0 -1
    outer loop
      vertex 80.8719 69.4639 0
      vertex 84 68 0
      vertex 81 68 0
    endloop
  endfacet
  facet normal 0 0 -1
    outer loop
      vertex 84 68 0
      vertex 80.8719 69.4639 0
      vertex 83.7569 70.7784 0
    endloop
  endfacet
  facet normal -0 0 -1
    outer loop
      vertex 84 16 0
      vertex 80.8719 14.5361 0
      vertex 81 16 0
    endloop
  endfacet
  facet normal 0 0 -1
    outer loop
      vertex 79.2583 9.5 0
      vertex 81.8564 8 0
      vertex 80.2567 5.7154 0
    endloop
  endfacet
  facet normal -0 0 -1
    outer loop
      vertex 83.7569 13.2216 0
      vertex 80.121 11.35 0
      vertex 80.8719 14.5361 0
    endloop
  endfacet
  facet normal 0 0 -1
    outer loop
      vertex 74.7464 15.4652 0
      vertex 80.121 11.35 0
      vertex 74.7464 10.5348 0
    endloop
  endfacet
  facet normal 0 0 -1
    outer loop
      vertex 80.121 11.35 0
      vertex 74.7464 15.4652 0
      vertex 80.8719 14.5361 0
    endloop
  endfacet
  facet normal 0 0 -1
    outer loop
      vertex 73.4652 9.25358 0
      vertex 74.7464 10.5348 0
      vertex 74.4472 10.1075 0
    endloop
  endfacet
  facet normal -0 0 -1
    outer loop
      vertex 74.7464 10.5348 0
      vertex 73.4652 9.25358 0
      vertex 74.7464 15.4652 0
    endloop
  endfacet
  facet normal 0 0 -1
    outer loop
      vertex 73.4652 9.25358 0
      vertex 74.4472 10.1075 0
      vertex 73.8925 9.5528 0
    endloop
  endfacet
  facet normal 0 0 -1
    outer loop
      vertex 73.25 16.8971 0
      vertex 74.7464 15.4652 0
      vertex 73.4652 9.25358 0
    endloop
  endfacet
  facet normal 0 0 -1
    outer loop
      vertex 74.7464 15.4652 0
      vertex 73.8925 16.4472 0
      vertex 74.4472 15.8925 0
    endloop
  endfacet
  facet normal 0 0 -1
    outer loop
      vertex 74.7464 15.4652 0
      vertex 73.25 16.8971 0
      vertex 73.8925 16.4472 0
    endloop
  endfacet
  facet normal 0 0 -1
    outer loop
      vertex 68.5348 9.25358 0
      vertex 72.65 3.87902 0
      vertex 69.4639 3.12807 0
    endloop
  endfacet
  facet normal 0 0 -1
    outer loop
      vertex 73.4652 9.25358 0
      vertex 72.5391 17.2286 0
      vertex 73.25 16.8971 0
    endloop
  endfacet
  facet normal 0 0 -1
    outer loop
      vertex 80.121 72.65 0
      vertex 83.7569 70.7784 0
      vertex 80.8719 69.4639 0
    endloop
  endfacet
  facet normal 0 0 -1
    outer loop
      vertex 83.7569 70.7784 0
      vertex 80.121 72.65 0
      vertex 83.0351 73.4723 0
    endloop
  endfacet
  facet normal -0 0 -1
    outer loop
      vertex 83.0351 73.4723 0
      vertex 80.121 72.65 0
      vertex 81.8564 76 0
    endloop
  endfacet
  facet normal 0 0 -1
    outer loop
      vertex 79.2583 74.5 0
      vertex 81.8564 76 0
      vertex 80.121 72.65 0
    endloop
  endfacet
  facet normal 0 0 -1
    outer loop
      vertex 74.7464 68.5348 0
      vertex 80.121 72.65 0
      vertex 80.8719 69.4639 0
    endloop
  endfacet
  facet normal 0 0 -1
    outer loop
      vertex 74.7464 68.5348 0
      vertex 74.7464 73.4652 0
      vertex 80.121 72.65 0
    endloop
  endfacet
  facet normal 0 0 -1
    outer loop
      vertex 73.8925 67.5528 0
      vertex 74.7464 68.5348 0
      vertex 74.4472 68.1075 0
    endloop
  endfacet
  facet normal 0 0 -1
    outer loop
      vertex 74.7464 68.5348 0
      vertex 73.4652 74.7464 0
      vertex 74.7464 73.4652 0
    endloop
  endfacet
  facet normal 0 0 -1
    outer loop
      vertex 73.25 67.1029 0
      vertex 74.7464 68.5348 0
      vertex 73.8925 67.5528 0
    endloop
  endfacet
  facet normal 0 0 -1
    outer loop
      vertex 74.7464 73.4652 0
      vertex 73.4652 74.7464 0
      vertex 74.4472 73.8925 0
    endloop
  endfacet
  facet normal 0 0 -1
    outer loop
      vertex 74.4472 73.8925 0
      vertex 73.4652 74.7464 0
      vertex 73.8925 74.4472 0
    endloop
  endfacet
  facet normal -0 0 -1
    outer loop
      vertex 74.7464 68.5348 0
      vertex 73.25 67.1029 0
      vertex 73.4652 74.7464 0
    endloop
  endfacet
  facet normal 0 0 -1
    outer loop
      vertex 70.2186 66.5684 0
      vertex 73.4652 74.7464 0
      vertex 73.25 67.1029 0
    endloop
  endfacet
  facet normal 0 0 -1
    outer loop
      vertex 70.2186 66.5684 0
      vertex 73.25 67.1029 0
      vertex 72.5391 66.7714 0
    endloop
  endfacet
  facet normal -0 0 -1
    outer loop
      vertex 81.8564 76 0
      vertex 79.2583 74.5 0
      vertex 80.2567 78.2846 0
    endloop
  endfacet
  facet normal 0 0 -1
    outer loop
      vertex 77.9586 76.3562 0
      vertex 80.2567 78.2846 0
      vertex 79.2583 74.5 0
    endloop
  endfacet
  facet normal -0 0 -1
    outer loop
      vertex 80.2567 78.2846 0
      vertex 77.9586 76.3562 0
      vertex 78.2846 80.2567 0
    endloop
  endfacet
  facet normal 0 0 -1
    outer loop
      vertex 76.3562 77.9586 0
      vertex 78.2846 80.2567 0
      vertex 77.9586 76.3562 0
    endloop
  endfacet
  facet normal 0 0 -1
    outer loop
      vertex 76.3562 77.9586 0
      vertex 76 81.8564 0
      vertex 78.2846 80.2567 0
    endloop
  endfacet
  facet normal 0 0 -1
    outer loop
      vertex 74.5 79.2583 0
      vertex 76 81.8564 0
      vertex 76.3562 77.9586 0
    endloop
  endfacet
  facet normal 0 0 -1
    outer loop
      vertex 72.65 80.121 0
      vertex 76 81.8564 0
      vertex 74.5 79.2583 0
    endloop
  endfacet
  facet normal -0 0 -1
    outer loop
      vertex 76 81.8564 0
      vertex 72.65 80.121 0
      vertex 73.4723 83.0351 0
    endloop
  endfacet
  facet normal 0 0 -1
    outer loop
      vertex 70.2186 66.5684 0
      vertex 72.5391 66.7714 0
      vertex 71.7814 66.5684 0
    endloop
  endfacet
  facet normal 0 0 -1
    outer loop
      vertex 70.2186 66.5684 0
      vertex 71.7814 66.5684 0
      vertex 71 66.5 0
    endloop
  endfacet
  facet normal 0 0 -1
    outer loop
      vertex 72.65 80.121 0
      vertex 70.7784 83.7569 0
      vertex 73.4723 83.0351 0
    endloop
  endfacet
  facet normal 0 0 -1
    outer loop
      vertex 69.4609 66.7714 0
      vertex 73.4652 74.7464 0
      vertex 70.2186 66.5684 0
    endloop
  endfacet
  facet normal 0 0 -1
    outer loop
      vertex 73.4652 74.7464 0
      vertex 69.4639 80.8719 0
      vertex 72.65 80.121 0
    endloop
  endfacet
  facet normal 0 0 -1
    outer loop
      vertex 72.65 80.121 0
      vertex 69.4639 80.8719 0
      vertex 70.7784 83.7569 0
    endloop
  endfacet
  facet normal 0 0 -1
    outer loop
      vertex 68 84 0
      vertex 69.4639 80.8719 0
      vertex 68 81 0
    endloop
  endfacet
  facet normal 0 0 -1
    outer loop
      vertex 69.4639 80.8719 0
      vertex 68 84 0
      vertex 70.7784 83.7569 0
    endloop
  endfacet
  facet normal 0 0 -1
    outer loop
      vertex 16 81 0
      vertex 68 84 0
      vertex 68 81 0
    endloop
  endfacet
  facet normal 0 0 -1
    outer loop
      vertex 16 81 0
      vertex 16 84 0
      vertex 68 84 0
    endloop
  endfacet
  facet normal 0 0 -1
    outer loop
      vertex 14.5361 80.8719 0
      vertex 16 84 0
      vertex 16 81 0
    endloop
  endfacet
  facet normal 0 0 -1
    outer loop
      vertex 14.5361 80.8719 0
      vertex 13.2216 83.7569 0
      vertex 16 84 0
    endloop
  endfacet
  facet normal 0 0 -1
    outer loop
      vertex 15.4652 74.7464 0
      vertex 11.35 80.121 0
      vertex 14.5361 80.8719 0
    endloop
  endfacet
  facet normal 0 0 -1
    outer loop
      vertex 11.4609 66.7714 0
      vertex 13.7814 66.5684 0
      vertex 13 66.5 0
    endloop
  endfacet
  facet normal 0 0 -1
    outer loop
      vertex 11.4609 66.7714 0
      vertex 13 66.5 0
      vertex 12.2186 66.5684 0
    endloop
  endfacet
  facet normal 0 0 -1
    outer loop
      vertex 10.75 67.1029 0
      vertex 13.7814 66.5684 0
      vertex 11.4609 66.7714 0
    endloop
  endfacet
  facet normal -0 0 -1
    outer loop
      vertex 14.5361 80.8719 0
      vertex 11.35 80.121 0
      vertex 13.2216 83.7569 0
    endloop
  endfacet
  facet normal 0 0 -1
    outer loop
      vertex 11.35 80.121 0
      vertex 10.5277 83.0351 0
      vertex 13.2216 83.7569 0
    endloop
  endfacet
  facet normal 0 0 -1
    outer loop
      vertex 8 81.8564 0
      vertex 11.35 80.121 0
      vertex 9.5 79.2583 0
    endloop
  endfacet
  facet normal 0 0 -1
    outer loop
      vertex 11.35 80.121 0
      vertex 8 81.8564 0
      vertex 10.5277 83.0351 0
    endloop
  endfacet
  facet normal 0 0 -1
    outer loop
      vertex 7.64376 77.9586 0
      vertex 8 81.8564 0
      vertex 9.5 79.2583 0
    endloop
  endfacet
  facet normal 0 0 -1
    outer loop
      vertex 5.7154 80.2567 0
      vertex 7.64376 77.9586 0
      vertex 6.04142 76.3562 0
    endloop
  endfacet
  facet normal 0 0 -1
    outer loop
      vertex 7.64376 77.9586 0
      vertex 5.7154 80.2567 0
      vertex 8 81.8564 0
    endloop
  endfacet
  facet normal 0 0 -1
    outer loop
      vertex 3.74329 78.2846 0
      vertex 6.04142 76.3562 0
      vertex 4.74167 74.5 0
    endloop
  endfacet
  facet normal 0 0 -1
    outer loop
      vertex 3.74329 78.2846 0
      vertex 4.74167 74.5 0
      vertex 3.87902 72.65 0
    endloop
  endfacet
  facet normal 0 0 -1
    outer loop
      vertex 6.04142 76.3562 0
      vertex 3.74329 78.2846 0
      vertex 5.7154 80.2567 0
    endloop
  endfacet
  facet normal 0.573578 0.819151 -0
    outer loop
      vertex 78.2846 80.2567 0
      vertex 76 81.8564 78
      vertex 78.2846 80.2567 78
    endloop
  endfacet
  facet normal 0.573578 0.819151 0
    outer loop
      vertex 76 81.8564 78
      vertex 78.2846 80.2567 0
      vertex 76 81.8564 0
    endloop
  endfacet
  facet normal -0.996195 -0.0871545 0
    outer loop
      vertex 0.243075 13.2216 0
      vertex 0 16 78
      vertex 0 16 0
    endloop
  endfacet
  facet normal -0.996195 -0.0871545 0
    outer loop
      vertex 0 16 78
      vertex 0.243075 13.2216 0
      vertex 0.243075 13.2216 78
    endloop
  endfacet
  facet normal -0.422622 0.906306 0
    outer loop
      vertex 10.5277 83.0351 0
      vertex 8 81.8564 78
      vertex 10.5277 83.0351 78
    endloop
  endfacet
  facet normal -0.422622 0.906306 0
    outer loop
      vertex 8 81.8564 78
      vertex 10.5277 83.0351 0
      vertex 8 81.8564 0
    endloop
  endfacet
  facet normal -0.573578 0.819151 0
    outer loop
      vertex 8 81.8564 0
      vertex 5.7154 80.2567 78
      vertex 8 81.8564 78
    endloop
  endfacet
  facet normal -0.573578 0.819151 0
    outer loop
      vertex 5.7154 80.2567 78
      vertex 8 81.8564 0
      vertex 5.7154 80.2567 0
    endloop
  endfacet
  facet normal 0.707107 0.707107 0
    outer loop
      vertex 80.2567 78.2846 78
      vertex 78.2846 80.2567 0
      vertex 78.2846 80.2567 78
    endloop
  endfacet
  facet normal 0.707107 0.707107 0
    outer loop
      vertex 78.2846 80.2567 0
      vertex 80.2567 78.2846 78
      vertex 80.2567 78.2846 0
    endloop
  endfacet
  facet normal -0.819151 -0.573578 0
    outer loop
      vertex 3.74329 5.7154 0
      vertex 2.14359 8 78
      vertex 2.14359 8 0
    endloop
  endfacet
  facet normal -0.819151 -0.573578 0
    outer loop
      vertex 2.14359 8 78
      vertex 3.74329 5.7154 0
      vertex 3.74329 5.7154 78
    endloop
  endfacet
  facet normal -1 0 0
    outer loop
      vertex 81 16 0
      vertex 81 68 78
      vertex 81 68 0
    endloop
  endfacet
  facet normal -1 -0 0
    outer loop
      vertex 81 68 78
      vertex 81 16 0
      vertex 81 16 78
    endloop
  endfacet
  facet normal 0.70712 -0.707094 0
    outer loop
      vertex 6.04142 76.3562 78
      vertex 7.64376 77.9586 0
      vertex 7.64376 77.9586 78
    endloop
  endfacet
  facet normal 0.70712 -0.707094 0
    outer loop
      vertex 7.64376 77.9586 0
      vertex 6.04142 76.3562 78
      vertex 6.04142 76.3562 0
    endloop
  endfacet
  facet normal -0.0871526 0.996195 0
    outer loop
      vertex 69.4639 3.12807 0
      vertex 68 3 78
      vertex 69.4639 3.12807 78
    endloop
  endfacet
  facet normal -0.0871526 0.996195 0
    outer loop
      vertex 68 3 78
      vertex 69.4639 3.12807 0
      vertex 68 3 0
    endloop
  endfacet
  facet normal -0.707107 -0.707107 0
    outer loop
      vertex 77.9586 76.3562 0
      vertex 76.3562 77.9586 78
      vertex 76.3562 77.9586 0
    endloop
  endfacet
  facet normal -0.707107 -0.707107 0
    outer loop
      vertex 76.3562 77.9586 78
      vertex 77.9586 76.3562 0
      vertex 77.9586 76.3562 78
    endloop
  endfacet
  facet normal 1 -0 0
    outer loop
      vertex 3 16 78
      vertex 3 68 0
      vertex 3 68 78
    endloop
  endfacet
  facet normal 1 0 0
    outer loop
      vertex 3 68 0
      vertex 3 16 78
      vertex 3 16 0
    endloop
  endfacet
  facet normal -0.573569 -0.819157 0
    outer loop
      vertex 74.5 79.2583 0
      vertex 76.3562 77.9586 78
      vertex 74.5 79.2583 78
    endloop
  endfacet
  facet normal -0.573569 -0.819157 -0
    outer loop
      vertex 76.3562 77.9586 78
      vertex 74.5 79.2583 0
      vertex 76.3562 77.9586 0
    endloop
  endfacet
  facet normal 0.906311 0.422611 0
    outer loop
      vertex 4.74167 9.5 78
      vertex 3.87902 11.35 0
      vertex 3.87902 11.35 78
    endloop
  endfacet
  facet normal 0.906311 0.422611 0
    outer loop
      vertex 3.87902 11.35 0
      vertex 4.74167 9.5 78
      vertex 4.74167 9.5 0
    endloop
  endfacet
  facet normal -0.0871729 -0.996193 0
    outer loop
      vertex 68 81 0
      vertex 69.4639 80.8719 78
      vertex 68 81 78
    endloop
  endfacet
  facet normal -0.0871729 -0.996193 -0
    outer loop
      vertex 69.4639 80.8719 78
      vertex 68 81 0
      vertex 69.4639 80.8719 0
    endloop
  endfacet
  facet normal 0.707107 0.707107 0
    outer loop
      vertex 7.64376 6.04142 78
      vertex 6.04142 7.64376 0
      vertex 6.04142 7.64376 78
    endloop
  endfacet
  facet normal 0.707107 0.707107 0
    outer loop
      vertex 6.04142 7.64376 0
      vertex 7.64376 6.04142 78
      vertex 7.64376 6.04142 0
    endloop
  endfacet
  facet normal 0.422631 -0.906302 0
    outer loop
      vertex 9.5 79.2583 0
      vertex 11.35 80.121 78
      vertex 9.5 79.2583 78
    endloop
  endfacet
  facet normal 0.422631 -0.906302 0
    outer loop
      vertex 11.35 80.121 78
      vertex 9.5 79.2583 0
      vertex 11.35 80.121 0
    endloop
  endfacet
  facet normal 0 -1 0
    outer loop
      vertex 16 81 78
      vertex 17 81 16
      vertex 68 81 78
    endloop
  endfacet
  facet normal 0 -1 0
    outer loop
      vertex 16 81 0
      vertex 17 81 16
      vertex 16 81 78
    endloop
  endfacet
  facet normal 0 -1 -0
    outer loop
      vertex 17 81 4
      vertex 16 81 0
      vertex 67 81 4
    endloop
  endfacet
  facet normal 0 -1 -0
    outer loop
      vertex 17 81 16
      vertex 16 81 0
      vertex 17 81 4
    endloop
  endfacet
  facet normal 0 -1 0
    outer loop
      vertex 67 81 16
      vertex 68 81 78
      vertex 17 81 16
    endloop
  endfacet
  facet normal 0 -1 0
    outer loop
      vertex 68 81 0
      vertex 67 81 16
      vertex 67 81 4
    endloop
  endfacet
  facet normal 0 -1 0
    outer loop
      vertex 67 81 16
      vertex 68 81 0
      vertex 68 81 78
    endloop
  endfacet
  facet normal 0 -1 0
    outer loop
      vertex 68 81 0
      vertex 67 81 4
      vertex 16 81 0
    endloop
  endfacet
  facet normal 0.0871526 0.996195 -0
    outer loop
      vertex 16 3 0
      vertex 14.5361 3.12807 78
      vertex 16 3 78
    endloop
  endfacet
  facet normal 0.0871526 0.996195 0
    outer loop
      vertex 14.5361 3.12807 78
      vertex 16 3 0
      vertex 14.5361 3.12807 0
    endloop
  endfacet
  facet normal -0.906302 0.422631 0
    outer loop
      vertex 79.2583 9.5 0
      vertex 80.121 11.35 78
      vertex 80.121 11.35 0
    endloop
  endfacet
  facet normal -0.906302 0.422631 0
    outer loop
      vertex 80.121 11.35 78
      vertex 79.2583 9.5 0
      vertex 79.2583 9.5 78
    endloop
  endfacet
  facet normal -0.422611 0.906311 0
    outer loop
      vertex 74.5 4.74167 0
      vertex 72.65 3.87902 78
      vertex 74.5 4.74167 78
    endloop
  endfacet
  facet normal -0.422611 0.906311 0
    outer loop
      vertex 72.65 3.87902 78
      vertex 74.5 4.74167 0
      vertex 72.65 3.87902 0
    endloop
  endfacet
  facet normal 0.819147 -0.573584 0
    outer loop
      vertex 4.74167 74.5 78
      vertex 6.04142 76.3562 0
      vertex 6.04142 76.3562 78
    endloop
  endfacet
  facet normal 0.819147 -0.573584 0
    outer loop
      vertex 6.04142 76.3562 0
      vertex 4.74167 74.5 78
      vertex 4.74167 74.5 0
    endloop
  endfacet
  facet normal 0.422611 0.906311 -0
    outer loop
      vertex 11.35 3.87902 0
      vertex 9.5 4.74167 78
      vertex 11.35 3.87902 78
    endloop
  endfacet
  facet normal 0.422611 0.906311 0
    outer loop
      vertex 9.5 4.74167 78
      vertex 11.35 3.87902 0
      vertex 9.5 4.74167 0
    endloop
  endfacet
  facet normal 0 1 -0
    outer loop
      vertex 68 3 0
      vertex 16 3 78
      vertex 68 3 78
    endloop
  endfacet
  facet normal 0 1 0
    outer loop
      vertex 16 3 78
      vertex 68 3 0
      vertex 16 3 0
    endloop
  endfacet
  facet normal -0.819157 -0.573569 0
    outer loop
      vertex 79.2583 74.5 0
      vertex 77.9586 76.3562 78
      vertex 77.9586 76.3562 0
    endloop
  endfacet
  facet normal -0.819157 -0.573569 0
    outer loop
      vertex 77.9586 76.3562 78
      vertex 79.2583 74.5 0
      vertex 79.2583 74.5 78
    endloop
  endfacet
  facet normal -0.573584 0.819147 0
    outer loop
      vertex 76.3562 6.04142 0
      vertex 74.5 4.74167 78
      vertex 76.3562 6.04142 78
    endloop
  endfacet
  facet normal -0.573584 0.819147 0
    outer loop
      vertex 74.5 4.74167 78
      vertex 76.3562 6.04142 0
      vertex 74.5 4.74167 0
    endloop
  endfacet
  facet normal 0.906311 -0.422611 0
    outer loop
      vertex 3.87902 72.65 78
      vertex 4.74167 74.5 0
      vertex 4.74167 74.5 78
    endloop
  endfacet
  facet normal 0.906311 -0.422611 0
    outer loop
      vertex 4.74167 74.5 0
      vertex 3.87902 72.65 78
      vertex 3.87902 72.65 0
    endloop
  endfacet
  facet normal 0.996195 -0.0871526 0
    outer loop
      vertex 3 68 78
      vertex 3.12807 69.4639 0
      vertex 3.12807 69.4639 78
    endloop
  endfacet
  facet normal 0.996195 -0.0871526 0
    outer loop
      vertex 3.12807 69.4639 0
      vertex 3 68 78
      vertex 3 68 0
    endloop
  endfacet
  facet normal 0.573575 0.819153 -0
    outer loop
      vertex 9.5 4.74167 0
      vertex 7.64376 6.04142 78
      vertex 9.5 4.74167 78
    endloop
  endfacet
  facet normal 0.573575 0.819153 0
    outer loop
      vertex 7.64376 6.04142 78
      vertex 9.5 4.74167 0
      vertex 7.64376 6.04142 0
    endloop
  endfacet
  facet normal -0.422631 -0.906302 0
    outer loop
      vertex 72.65 80.121 0
      vertex 74.5 79.2583 78
      vertex 72.65 80.121 78
    endloop
  endfacet
  facet normal -0.422631 -0.906302 -0
    outer loop
      vertex 74.5 79.2583 78
      vertex 72.65 80.121 0
      vertex 74.5 79.2583 0
    endloop
  endfacet
  facet normal -0.707094 0.70712 0
    outer loop
      vertex 77.9586 7.64376 0
      vertex 76.3562 6.04142 78
      vertex 77.9586 7.64376 78
    endloop
  endfacet
  facet normal -0.707094 0.70712 0
    outer loop
      vertex 76.3562 6.04142 78
      vertex 77.9586 7.64376 0
      vertex 76.3562 6.04142 0
    endloop
  endfacet
  facet normal -0.996193 -0.0871729 0
    outer loop
      vertex 81 68 0
      vertex 80.8719 69.4639 78
      vertex 80.8719 69.4639 0
    endloop
  endfacet
  facet normal -0.996193 -0.0871729 0
    outer loop
      vertex 80.8719 69.4639 78
      vertex 81 68 0
      vertex 81 68 78
    endloop
  endfacet
  facet normal 0.0871729 -0.996193 0
    outer loop
      vertex 14.5361 80.8719 0
      vertex 16 81 78
      vertex 14.5361 80.8719 78
    endloop
  endfacet
  facet normal 0.0871729 -0.996193 0
    outer loop
      vertex 16 81 78
      vertex 14.5361 80.8719 0
      vertex 16 81 0
    endloop
  endfacet
  facet normal 0.819153 0.573575 0
    outer loop
      vertex 6.04142 7.64376 78
      vertex 4.74167 9.5 0
      vertex 4.74167 9.5 78
    endloop
  endfacet
  facet normal 0.819153 0.573575 0
    outer loop
      vertex 4.74167 9.5 0
      vertex 6.04142 7.64376 78
      vertex 6.04142 7.64376 0
    endloop
  endfacet
  facet normal 0.573561 -0.819163 0
    outer loop
      vertex 7.64376 77.9586 0
      vertex 9.5 79.2583 78
      vertex 7.64376 77.9586 78
    endloop
  endfacet
  facet normal 0.573561 -0.819163 0
    outer loop
      vertex 9.5 79.2583 78
      vertex 7.64376 77.9586 0
      vertex 9.5 79.2583 0
    endloop
  endfacet
  facet normal 0.996195 0.0871526 0
    outer loop
      vertex 3.12807 14.5361 78
      vertex 3 16 0
      vertex 3 16 78
    endloop
  endfacet
  facet normal 0.996195 0.0871526 0
    outer loop
      vertex 3 16 0
      vertex 3.12807 14.5361 78
      vertex 3.12807 14.5361 0
    endloop
  endfacet
  facet normal -0.819163 0.573561 0
    outer loop
      vertex 77.9586 7.64376 0
      vertex 79.2583 9.5 78
      vertex 79.2583 9.5 0
    endloop
  endfacet
  facet normal -0.819163 0.573561 0
    outer loop
      vertex 79.2583 9.5 78
      vertex 77.9586 7.64376 0
      vertex 77.9586 7.64376 78
    endloop
  endfacet
  facet normal -0.906302 -0.422631 0
    outer loop
      vertex 80.121 72.65 0
      vertex 79.2583 74.5 78
      vertex 79.2583 74.5 0
    endloop
  endfacet
  facet normal -0.906302 -0.422631 0
    outer loop
      vertex 79.2583 74.5 78
      vertex 80.121 72.65 0
      vertex 80.121 72.65 78
    endloop
  endfacet
  facet normal -0.996193 0.0871729 0
    outer loop
      vertex 80.8719 14.5361 0
      vertex 81 16 78
      vertex 81 16 0
    endloop
  endfacet
  facet normal -0.996193 0.0871729 0
    outer loop
      vertex 81 16 78
      vertex 80.8719 14.5361 0
      vertex 80.8719 14.5361 78
    endloop
  endfacet
  facet normal 0.965934 0.258789 0
    outer loop
      vertex 17.4316 13.7814 78
      vertex 17.2286 14.5391 0
      vertex 17.2286 14.5391 78
    endloop
  endfacet
  facet normal 0.965934 0.258789 0
    outer loop
      vertex 17.2286 14.5391 0
      vertex 17.4316 13.7814 78
      vertex 17.4316 13.7814 0
    endloop
  endfacet
  facet normal 0.996191 0.0872017 0
    outer loop
      vertex 17.5 13 78
      vertex 17.4316 13.7814 0
      vertex 17.4316 13.7814 78
    endloop
  endfacet
  facet normal 0.996191 0.0872017 0
    outer loop
      vertex 17.4316 13.7814 0
      vertex 17.5 13 78
      vertex 17.5 13 0
    endloop
  endfacet
  facet normal 0.906307 0.42262 0
    outer loop
      vertex 17.2286 14.5391 78
      vertex 16.8971 15.25 0
      vertex 16.8971 15.25 78
    endloop
  endfacet
  facet normal 0.906307 0.42262 0
    outer loop
      vertex 16.8971 15.25 0
      vertex 17.2286 14.5391 78
      vertex 17.2286 14.5391 0
    endloop
  endfacet
  facet normal 0.819142 0.573591 0
    outer loop
      vertex 16.8971 15.25 78
      vertex 16.4472 15.8925 0
      vertex 16.4472 15.8925 78
    endloop
  endfacet
  facet normal 0.819142 0.573591 0
    outer loop
      vertex 16.4472 15.8925 0
      vertex 16.8971 15.25 78
      vertex 16.8971 15.25 0
    endloop
  endfacet
  facet normal 0.707107 0.707107 0
    outer loop
      vertex 16.4472 15.8925 78
      vertex 15.8925 16.4472 0
      vertex 15.8925 16.4472 78
    endloop
  endfacet
  facet normal 0.707107 0.707107 0
    outer loop
      vertex 15.8925 16.4472 0
      vertex 16.4472 15.8925 78
      vertex 16.4472 15.8925 0
    endloop
  endfacet
  facet normal -0.0872017 0.996191 0
    outer loop
      vertex 13 17.5 0
      vertex 12.2186 17.4316 78
      vertex 13 17.5 78
    endloop
  endfacet
  facet normal -0.0872017 0.996191 0
    outer loop
      vertex 12.2186 17.4316 78
      vertex 13 17.5 0
      vertex 12.2186 17.4316 0
    endloop
  endfacet
  facet normal 0.819142 -0.573591 0
    outer loop
      vertex 16.4472 10.1075 78
      vertex 16.8971 10.75 0
      vertex 16.8971 10.75 78
    endloop
  endfacet
  facet normal 0.819142 -0.573591 0
    outer loop
      vertex 16.8971 10.75 0
      vertex 16.4472 10.1075 78
      vertex 16.4472 10.1075 0
    endloop
  endfacet
  facet normal 0.906307 -0.42262 0
    outer loop
      vertex 16.8971 10.75 78
      vertex 17.2286 11.4609 0
      vertex 17.2286 11.4609 78
    endloop
  endfacet
  facet normal 0.906307 -0.42262 0
    outer loop
      vertex 17.2286 11.4609 0
      vertex 16.8971 10.75 78
      vertex 16.8971 10.75 0
    endloop
  endfacet
  facet normal 0.42262 0.906307 -0
    outer loop
      vertex 15.25 16.8971 0
      vertex 14.5391 17.2286 78
      vertex 15.25 16.8971 78
    endloop
  endfacet
  facet normal 0.42262 0.906307 0
    outer loop
      vertex 14.5391 17.2286 78
      vertex 15.25 16.8971 0
      vertex 14.5391 17.2286 0
    endloop
  endfacet
  facet normal 0.996191 -0.0872017 0
    outer loop
      vertex 17.4316 12.2186 78
      vertex 17.5 13 0
      vertex 17.5 13 78
    endloop
  endfacet
  facet normal 0.996191 -0.0872017 0
    outer loop
      vertex 17.5 13 0
      vertex 17.4316 12.2186 78
      vertex 17.4316 12.2186 0
    endloop
  endfacet
  facet normal 0.573604 -0.819133 0
    outer loop
      vertex 15.4652 9.25358 0
      vertex 15.8925 9.5528 78
      vertex 15.4652 9.25358 78
    endloop
  endfacet
  facet normal 0.573604 -0.819133 0
    outer loop
      vertex 15.8925 9.5528 78
      vertex 15.4652 9.25358 0
      vertex 15.8925 9.5528 0
    endloop
  endfacet
  facet normal -0.573591 0.819142 0
    outer loop
      vertex 10.75 16.8971 0
      vertex 10.1075 16.4472 78
      vertex 10.75 16.8971 78
    endloop
  endfacet
  facet normal -0.573591 0.819142 0
    outer loop
      vertex 10.1075 16.4472 78
      vertex 10.75 16.8971 0
      vertex 10.1075 16.4472 0
    endloop
  endfacet
  facet normal -0.42262 0.906307 0
    outer loop
      vertex 11.4609 17.2286 0
      vertex 10.75 16.8971 78
      vertex 11.4609 17.2286 78
    endloop
  endfacet
  facet normal -0.42262 0.906307 0
    outer loop
      vertex 10.75 16.8971 78
      vertex 11.4609 17.2286 0
      vertex 10.75 16.8971 0
    endloop
  endfacet
  facet normal 0.965934 -0.258789 0
    outer loop
      vertex 17.2286 11.4609 78
      vertex 17.4316 12.2186 0
      vertex 17.4316 12.2186 78
    endloop
  endfacet
  facet normal 0.965934 -0.258789 0
    outer loop
      vertex 17.4316 12.2186 0
      vertex 17.2286 11.4609 78
      vertex 17.2286 11.4609 0
    endloop
  endfacet
  facet normal 0.573591 0.819142 -0
    outer loop
      vertex 15.8925 16.4472 0
      vertex 15.25 16.8971 78
      vertex 15.8925 16.4472 78
    endloop
  endfacet
  facet normal 0.573591 0.819142 0
    outer loop
      vertex 15.25 16.8971 78
      vertex 15.8925 16.4472 0
      vertex 15.25 16.8971 0
    endloop
  endfacet
  facet normal -0.258789 0.965934 0
    outer loop
      vertex 12.2186 17.4316 0
      vertex 11.4609 17.2286 78
      vertex 12.2186 17.4316 78
    endloop
  endfacet
  facet normal -0.258789 0.965934 0
    outer loop
      vertex 11.4609 17.2286 78
      vertex 12.2186 17.4316 0
      vertex 11.4609 17.2286 0
    endloop
  endfacet
  facet normal -0.707107 0.707107 0
    outer loop
      vertex 9.5528 15.8925 0
      vertex 10.1075 16.4472 78
      vertex 10.1075 16.4472 0
    endloop
  endfacet
  facet normal -0.707107 0.707107 0
    outer loop
      vertex 10.1075 16.4472 78
      vertex 9.5528 15.8925 0
      vertex 9.5528 15.8925 78
    endloop
  endfacet
  facet normal 0.0872017 0.996191 -0
    outer loop
      vertex 13.7814 17.4316 0
      vertex 13 17.5 78
      vertex 13.7814 17.4316 78
    endloop
  endfacet
  facet normal 0.0872017 0.996191 0
    outer loop
      vertex 13 17.5 78
      vertex 13.7814 17.4316 0
      vertex 13 17.5 0
    endloop
  endfacet
  facet normal -0.819133 -0.573604 0
    outer loop
      vertex 9.5528 10.1075 0
      vertex 9.25358 10.5348 78
      vertex 9.25358 10.5348 0
    endloop
  endfacet
  facet normal -0.819133 -0.573604 0
    outer loop
      vertex 9.25358 10.5348 78
      vertex 9.5528 10.1075 0
      vertex 9.5528 10.1075 78
    endloop
  endfacet
  facet normal 0.707107 -0.707107 0
    outer loop
      vertex 15.8925 9.5528 0
      vertex 16.4472 10.1075 78
      vertex 15.8925 9.5528 78
    endloop
  endfacet
  facet normal 0.707107 -0.707107 0
    outer loop
      vertex 16.4472 10.1075 78
      vertex 15.8925 9.5528 0
      vertex 16.4472 10.1075 0
    endloop
  endfacet
  facet normal -0.707107 -0.707107 0
    outer loop
      vertex 10.1075 9.5528 0
      vertex 9.5528 10.1075 78
      vertex 9.5528 10.1075 0
    endloop
  endfacet
  facet normal -0.707107 -0.707107 0
    outer loop
      vertex 9.5528 10.1075 78
      vertex 10.1075 9.5528 0
      vertex 10.1075 9.5528 78
    endloop
  endfacet
  facet normal -0.819133 0.573604 0
    outer loop
      vertex 9.25358 15.4652 0
      vertex 9.5528 15.8925 78
      vertex 9.5528 15.8925 0
    endloop
  endfacet
  facet normal -0.819133 0.573604 0
    outer loop
      vertex 9.5528 15.8925 78
      vertex 9.25358 15.4652 0
      vertex 9.25358 15.4652 78
    endloop
  endfacet
  facet normal 0.258789 0.965934 -0
    outer loop
      vertex 14.5391 17.2286 0
      vertex 13.7814 17.4316 78
      vertex 14.5391 17.2286 78
    endloop
  endfacet
  facet normal 0.258789 0.965934 0
    outer loop
      vertex 13.7814 17.4316 78
      vertex 14.5391 17.2286 0
      vertex 13.7814 17.4316 0
    endloop
  endfacet
  facet normal -0.573604 -0.819133 0
    outer loop
      vertex 10.1075 9.5528 0
      vertex 10.5348 9.25358 78
      vertex 10.1075 9.5528 78
    endloop
  endfacet
  facet normal -0.573604 -0.819133 -0
    outer loop
      vertex 10.5348 9.25358 78
      vertex 10.1075 9.5528 0
      vertex 10.5348 9.25358 0
    endloop
  endfacet
  facet normal 0.819151 0.573578 0
    outer loop
      vertex 74.7464 15.4652 78
      vertex 74.4472 15.8925 0
      vertex 74.4472 15.8925 78
    endloop
  endfacet
  facet normal 0.819151 0.573578 0
    outer loop
      vertex 74.4472 15.8925 0
      vertex 74.7464 15.4652 78
      vertex 74.7464 15.4652 0
    endloop
  endfacet
  facet normal 0.707107 0.707107 0
    outer loop
      vertex 74.4472 15.8925 78
      vertex 73.8925 16.4472 0
      vertex 73.8925 16.4472 78
    endloop
  endfacet
  facet normal 0.707107 0.707107 0
    outer loop
      vertex 73.8925 16.4472 0
      vertex 74.4472 15.8925 78
      vertex 74.4472 15.8925 0
    endloop
  endfacet
  facet normal -0.0872017 0.996191 0
    outer loop
      vertex 71 17.5 0
      vertex 70.2186 17.4316 78
      vertex 71 17.5 78
    endloop
  endfacet
  facet normal -0.0872017 0.996191 0
    outer loop
      vertex 70.2186 17.4316 78
      vertex 71 17.5 0
      vertex 70.2186 17.4316 0
    endloop
  endfacet
  facet normal -0.906307 0.42262 0
    outer loop
      vertex 66.7714 14.5391 0
      vertex 67.1029 15.25 78
      vertex 67.1029 15.25 0
    endloop
  endfacet
  facet normal -0.906307 0.42262 0
    outer loop
      vertex 67.1029 15.25 78
      vertex 66.7714 14.5391 0
      vertex 66.7714 14.5391 78
    endloop
  endfacet
  facet normal -0.996191 -0.0872017 0
    outer loop
      vertex 66.5684 12.2186 0
      vertex 66.5 13 78
      vertex 66.5 13 0
    endloop
  endfacet
  facet normal -0.996191 -0.0872017 0
    outer loop
      vertex 66.5 13 78
      vertex 66.5684 12.2186 0
      vertex 66.5684 12.2186 78
    endloop
  endfacet
  facet normal 0.819151 -0.573578 0
    outer loop
      vertex 74.4472 10.1075 78
      vertex 74.7464 10.5348 0
      vertex 74.7464 10.5348 78
    endloop
  endfacet
  facet normal 0.819151 -0.573578 0
    outer loop
      vertex 74.7464 10.5348 0
      vertex 74.4472 10.1075 78
      vertex 74.4472 10.1075 0
    endloop
  endfacet
  facet normal -0.965934 0.258789 0
    outer loop
      vertex 66.5684 13.7814 0
      vertex 66.7714 14.5391 78
      vertex 66.7714 14.5391 0
    endloop
  endfacet
  facet normal -0.965934 0.258789 0
    outer loop
      vertex 66.7714 14.5391 78
      vertex 66.5684 13.7814 0
      vertex 66.5684 13.7814 78
    endloop
  endfacet
  facet normal 0.42262 0.906307 -0
    outer loop
      vertex 73.25 16.8971 0
      vertex 72.5391 17.2286 78
      vertex 73.25 16.8971 78
    endloop
  endfacet
  facet normal 0.42262 0.906307 0
    outer loop
      vertex 72.5391 17.2286 78
      vertex 73.25 16.8971 0
      vertex 72.5391 17.2286 0
    endloop
  endfacet
  facet normal -0.965934 -0.258789 0
    outer loop
      vertex 66.7714 11.4609 0
      vertex 66.5684 12.2186 78
      vertex 66.5684 12.2186 0
    endloop
  endfacet
  facet normal -0.965934 -0.258789 0
    outer loop
      vertex 66.5684 12.2186 78
      vertex 66.7714 11.4609 0
      vertex 66.7714 11.4609 78
    endloop
  endfacet
  facet normal 0.573604 -0.819133 0
    outer loop
      vertex 73.4652 9.25358 0
      vertex 73.8925 9.5528 78
      vertex 73.4652 9.25358 78
    endloop
  endfacet
  facet normal 0.573604 -0.819133 0
    outer loop
      vertex 73.8925 9.5528 78
      vertex 73.4652 9.25358 0
      vertex 73.8925 9.5528 0
    endloop
  endfacet
  facet normal -0.573591 0.819142 0
    outer loop
      vertex 68.75 16.8971 0
      vertex 68.1075 16.4472 78
      vertex 68.75 16.8971 78
    endloop
  endfacet
  facet normal -0.573591 0.819142 0
    outer loop
      vertex 68.1075 16.4472 78
      vertex 68.75 16.8971 0
      vertex 68.1075 16.4472 0
    endloop
  endfacet
  facet normal -0.42262 0.906307 0
    outer loop
      vertex 69.4609 17.2286 0
      vertex 68.75 16.8971 78
      vertex 69.4609 17.2286 78
    endloop
  endfacet
  facet normal -0.42262 0.906307 0
    outer loop
      vertex 68.75 16.8971 78
      vertex 69.4609 17.2286 0
      vertex 68.75 16.8971 0
    endloop
  endfacet
  facet normal 0.573591 0.819142 -0
    outer loop
      vertex 73.8925 16.4472 0
      vertex 73.25 16.8971 78
      vertex 73.8925 16.4472 78
    endloop
  endfacet
  facet normal 0.573591 0.819142 0
    outer loop
      vertex 73.25 16.8971 78
      vertex 73.8925 16.4472 0
      vertex 73.25 16.8971 0
    endloop
  endfacet
  facet normal -0.258789 0.965934 0
    outer loop
      vertex 70.2186 17.4316 0
      vertex 69.4609 17.2286 78
      vertex 70.2186 17.4316 78
    endloop
  endfacet
  facet normal -0.258789 0.965934 0
    outer loop
      vertex 69.4609 17.2286 78
      vertex 70.2186 17.4316 0
      vertex 69.4609 17.2286 0
    endloop
  endfacet
  facet normal -0.707107 0.707107 0
    outer loop
      vertex 67.5528 15.8925 0
      vertex 68.1075 16.4472 78
      vertex 68.1075 16.4472 0
    endloop
  endfacet
  facet normal -0.707107 0.707107 0
    outer loop
      vertex 68.1075 16.4472 78
      vertex 67.5528 15.8925 0
      vertex 67.5528 15.8925 78
    endloop
  endfacet
  facet normal -0.906307 -0.42262 0
    outer loop
      vertex 67.1029 10.75 0
      vertex 66.7714 11.4609 78
      vertex 66.7714 11.4609 0
    endloop
  endfacet
  facet normal -0.906307 -0.42262 0
    outer loop
      vertex 66.7714 11.4609 78
      vertex 67.1029 10.75 0
      vertex 67.1029 10.75 78
    endloop
  endfacet
  facet normal 0.0872017 0.996191 -0
    outer loop
      vertex 71.7814 17.4316 0
      vertex 71 17.5 78
      vertex 71.7814 17.4316 78
    endloop
  endfacet
  facet normal 0.0872017 0.996191 0
    outer loop
      vertex 71 17.5 78
      vertex 71.7814 17.4316 0
      vertex 71 17.5 0
    endloop
  endfacet
  facet normal -0.996191 0.0872017 0
    outer loop
      vertex 66.5 13 0
      vertex 66.5684 13.7814 78
      vertex 66.5684 13.7814 0
    endloop
  endfacet
  facet normal -0.996191 0.0872017 0
    outer loop
      vertex 66.5684 13.7814 78
      vertex 66.5 13 0
      vertex 66.5 13 78
    endloop
  endfacet
  facet normal -0.819142 -0.573591 0
    outer loop
      vertex 67.5528 10.1075 0
      vertex 67.1029 10.75 78
      vertex 67.1029 10.75 0
    endloop
  endfacet
  facet normal -0.819142 -0.573591 0
    outer loop
      vertex 67.1029 10.75 78
      vertex 67.5528 10.1075 0
      vertex 67.5528 10.1075 78
    endloop
  endfacet
  facet normal 0.707107 -0.707107 0
    outer loop
      vertex 73.8925 9.5528 78
      vertex 74.4472 10.1075 0
      vertex 74.4472 10.1075 78
    endloop
  endfacet
  facet normal 0.707107 -0.707107 0
    outer loop
      vertex 74.4472 10.1075 0
      vertex 73.8925 9.5528 78
      vertex 73.8925 9.5528 0
    endloop
  endfacet
  facet normal -0.707107 -0.707107 0
    outer loop
      vertex 68.1075 9.5528 0
      vertex 67.5528 10.1075 78
      vertex 67.5528 10.1075 0
    endloop
  endfacet
  facet normal -0.707107 -0.707107 0
    outer loop
      vertex 67.5528 10.1075 78
      vertex 68.1075 9.5528 0
      vertex 68.1075 9.5528 78
    endloop
  endfacet
  facet normal -0.819142 0.573591 0
    outer loop
      vertex 67.1029 15.25 0
      vertex 67.5528 15.8925 78
      vertex 67.5528 15.8925 0
    endloop
  endfacet
  facet normal -0.819142 0.573591 0
    outer loop
      vertex 67.5528 15.8925 78
      vertex 67.1029 15.25 0
      vertex 67.1029 15.25 78
    endloop
  endfacet
  facet normal 0.258789 0.965934 -0
    outer loop
      vertex 72.5391 17.2286 0
      vertex 71.7814 17.4316 78
      vertex 72.5391 17.2286 78
    endloop
  endfacet
  facet normal 0.258789 0.965934 0
    outer loop
      vertex 71.7814 17.4316 78
      vertex 72.5391 17.2286 0
      vertex 71.7814 17.4316 0
    endloop
  endfacet
  facet normal -0.573604 -0.819133 0
    outer loop
      vertex 68.1075 9.5528 0
      vertex 68.5348 9.25358 78
      vertex 68.1075 9.5528 78
    endloop
  endfacet
  facet normal -0.573604 -0.819133 -0
    outer loop
      vertex 68.5348 9.25358 78
      vertex 68.1075 9.5528 0
      vertex 68.5348 9.25358 0
    endloop
  endfacet
  facet normal 0.0872017 -0.996191 0
    outer loop
      vertex 13 66.5 0
      vertex 13.7814 66.5684 78
      vertex 13 66.5 78
    endloop
  endfacet
  facet normal 0.0872017 -0.996191 0
    outer loop
      vertex 13.7814 66.5684 78
      vertex 13 66.5 0
      vertex 13.7814 66.5684 0
    endloop
  endfacet
  facet normal 0.965934 0.258789 0
    outer loop
      vertex 17.4316 71.7814 78
      vertex 17.2286 72.5391 0
      vertex 17.2286 72.5391 78
    endloop
  endfacet
  facet normal 0.965934 0.258789 0
    outer loop
      vertex 17.2286 72.5391 0
      vertex 17.4316 71.7814 78
      vertex 17.4316 71.7814 0
    endloop
  endfacet
  facet normal 0.996191 0.0872017 0
    outer loop
      vertex 17.5 71 78
      vertex 17.4316 71.7814 0
      vertex 17.4316 71.7814 78
    endloop
  endfacet
  facet normal 0.996191 0.0872017 0
    outer loop
      vertex 17.4316 71.7814 0
      vertex 17.5 71 78
      vertex 17.5 71 0
    endloop
  endfacet
  facet normal 0.906307 0.42262 0
    outer loop
      vertex 17.2286 72.5391 78
      vertex 16.8971 73.25 0
      vertex 16.8971 73.25 78
    endloop
  endfacet
  facet normal 0.906307 0.42262 0
    outer loop
      vertex 16.8971 73.25 0
      vertex 17.2286 72.5391 78
      vertex 17.2286 72.5391 0
    endloop
  endfacet
  facet normal 0.819142 0.573591 0
    outer loop
      vertex 16.8971 73.25 78
      vertex 16.4472 73.8925 0
      vertex 16.4472 73.8925 78
    endloop
  endfacet
  facet normal 0.819142 0.573591 0
    outer loop
      vertex 16.4472 73.8925 0
      vertex 16.8971 73.25 78
      vertex 16.8971 73.25 0
    endloop
  endfacet
  facet normal 0.707107 0.707107 -0
    outer loop
      vertex 16.4472 73.8925 0
      vertex 15.8925 74.4472 78
      vertex 16.4472 73.8925 78
    endloop
  endfacet
  facet normal 0.707107 0.707107 0
    outer loop
      vertex 15.8925 74.4472 78
      vertex 16.4472 73.8925 0
      vertex 15.8925 74.4472 0
    endloop
  endfacet
  facet normal 0.258789 -0.965934 0
    outer loop
      vertex 13.7814 66.5684 0
      vertex 14.5391 66.7714 78
      vertex 13.7814 66.5684 78
    endloop
  endfacet
  facet normal 0.258789 -0.965934 0
    outer loop
      vertex 14.5391 66.7714 78
      vertex 13.7814 66.5684 0
      vertex 14.5391 66.7714 0
    endloop
  endfacet
  facet normal 0.819142 -0.573591 0
    outer loop
      vertex 16.4472 68.1075 78
      vertex 16.8971 68.75 0
      vertex 16.8971 68.75 78
    endloop
  endfacet
  facet normal 0.819142 -0.573591 0
    outer loop
      vertex 16.8971 68.75 0
      vertex 16.4472 68.1075 78
      vertex 16.4472 68.1075 0
    endloop
  endfacet
  facet normal 0.906307 -0.42262 0
    outer loop
      vertex 16.8971 68.75 78
      vertex 17.2286 69.4609 0
      vertex 17.2286 69.4609 78
    endloop
  endfacet
  facet normal 0.906307 -0.42262 0
    outer loop
      vertex 17.2286 69.4609 0
      vertex 16.8971 68.75 78
      vertex 16.8971 68.75 0
    endloop
  endfacet
  facet normal 0.996191 -0.0872017 0
    outer loop
      vertex 17.4316 70.2186 78
      vertex 17.5 71 0
      vertex 17.5 71 78
    endloop
  endfacet
  facet normal 0.996191 -0.0872017 0
    outer loop
      vertex 17.5 71 0
      vertex 17.4316 70.2186 78
      vertex 17.4316 70.2186 0
    endloop
  endfacet
  facet normal 0.573591 -0.819142 0
    outer loop
      vertex 15.25 67.1029 0
      vertex 15.8925 67.5528 78
      vertex 15.25 67.1029 78
    endloop
  endfacet
  facet normal 0.573591 -0.819142 0
    outer loop
      vertex 15.8925 67.5528 78
      vertex 15.25 67.1029 0
      vertex 15.8925 67.5528 0
    endloop
  endfacet
  facet normal -0.573578 0.819151 0
    outer loop
      vertex 10.5348 74.7464 0
      vertex 10.1075 74.4472 78
      vertex 10.5348 74.7464 78
    endloop
  endfacet
  facet normal -0.573578 0.819151 0
    outer loop
      vertex 10.1075 74.4472 78
      vertex 10.5348 74.7464 0
      vertex 10.1075 74.4472 0
    endloop
  endfacet
  facet normal 0.965934 -0.258789 0
    outer loop
      vertex 17.2286 69.4609 78
      vertex 17.4316 70.2186 0
      vertex 17.4316 70.2186 78
    endloop
  endfacet
  facet normal 0.965934 -0.258789 0
    outer loop
      vertex 17.4316 70.2186 0
      vertex 17.2286 69.4609 78
      vertex 17.2286 69.4609 0
    endloop
  endfacet
  facet normal 0.573578 0.819151 -0
    outer loop
      vertex 15.8925 74.4472 0
      vertex 15.4652 74.7464 78
      vertex 15.8925 74.4472 78
    endloop
  endfacet
  facet normal 0.573578 0.819151 0
    outer loop
      vertex 15.4652 74.7464 78
      vertex 15.8925 74.4472 0
      vertex 15.4652 74.7464 0
    endloop
  endfacet
  facet normal -0.42262 -0.906307 0
    outer loop
      vertex 10.75 67.1029 0
      vertex 11.4609 66.7714 78
      vertex 10.75 67.1029 78
    endloop
  endfacet
  facet normal -0.42262 -0.906307 -0
    outer loop
      vertex 11.4609 66.7714 78
      vertex 10.75 67.1029 0
      vertex 11.4609 66.7714 0
    endloop
  endfacet
  facet normal -0.707107 0.707107 0
    outer loop
      vertex 10.1075 74.4472 0
      vertex 9.5528 73.8925 78
      vertex 10.1075 74.4472 78
    endloop
  endfacet
  facet normal -0.707107 0.707107 0
    outer loop
      vertex 9.5528 73.8925 78
      vertex 10.1075 74.4472 0
      vertex 9.5528 73.8925 0
    endloop
  endfacet
  facet normal -0.819133 -0.573604 0
    outer loop
      vertex 9.5528 68.1075 0
      vertex 9.25358 68.5348 78
      vertex 9.25358 68.5348 0
    endloop
  endfacet
  facet normal -0.819133 -0.573604 0
    outer loop
      vertex 9.25358 68.5348 78
      vertex 9.5528 68.1075 0
      vertex 9.5528 68.1075 78
    endloop
  endfacet
  facet normal 0.707107 -0.707107 0
    outer loop
      vertex 15.8925 67.5528 0
      vertex 16.4472 68.1075 78
      vertex 15.8925 67.5528 78
    endloop
  endfacet
  facet normal 0.707107 -0.707107 0
    outer loop
      vertex 16.4472 68.1075 78
      vertex 15.8925 67.5528 0
      vertex 16.4472 68.1075 0
    endloop
  endfacet
  facet normal -0.707107 -0.707107 0
    outer loop
      vertex 9.5528 68.1075 0
      vertex 10.1075 67.5528 78
      vertex 9.5528 68.1075 78
    endloop
  endfacet
  facet normal -0.707107 -0.707107 -0
    outer loop
      vertex 10.1075 67.5528 78
      vertex 9.5528 68.1075 0
      vertex 10.1075 67.5528 0
    endloop
  endfacet
  facet normal 0.42262 -0.906307 0
    outer loop
      vertex 14.5391 66.7714 0
      vertex 15.25 67.1029 78
      vertex 14.5391 66.7714 78
    endloop
  endfacet
  facet normal 0.42262 -0.906307 0
    outer loop
      vertex 15.25 67.1029 78
      vertex 14.5391 66.7714 0
      vertex 15.25 67.1029 0
    endloop
  endfacet
  facet normal -0.819133 0.573604 0
    outer loop
      vertex 9.25358 73.4652 0
      vertex 9.5528 73.8925 78
      vertex 9.5528 73.8925 0
    endloop
  endfacet
  facet normal -0.819133 0.573604 0
    outer loop
      vertex 9.5528 73.8925 78
      vertex 9.25358 73.4652 0
      vertex 9.25358 73.4652 78
    endloop
  endfacet
  facet normal -0.0872017 -0.996191 0
    outer loop
      vertex 12.2186 66.5684 0
      vertex 13 66.5 78
      vertex 12.2186 66.5684 78
    endloop
  endfacet
  facet normal -0.0872017 -0.996191 -0
    outer loop
      vertex 13 66.5 78
      vertex 12.2186 66.5684 0
      vertex 13 66.5 0
    endloop
  endfacet
  facet normal -0.258789 -0.965934 0
    outer loop
      vertex 11.4609 66.7714 0
      vertex 12.2186 66.5684 78
      vertex 11.4609 66.7714 78
    endloop
  endfacet
  facet normal -0.258789 -0.965934 -0
    outer loop
      vertex 12.2186 66.5684 78
      vertex 11.4609 66.7714 0
      vertex 12.2186 66.5684 0
    endloop
  endfacet
  facet normal -0.573591 -0.819142 0
    outer loop
      vertex 10.1075 67.5528 0
      vertex 10.75 67.1029 78
      vertex 10.1075 67.5528 78
    endloop
  endfacet
  facet normal -0.573591 -0.819142 -0
    outer loop
      vertex 10.75 67.1029 78
      vertex 10.1075 67.5528 0
      vertex 10.75 67.1029 0
    endloop
  endfacet
  facet normal 0.0872017 -0.996191 0
    outer loop
      vertex 71 66.5 0
      vertex 71.7814 66.5684 78
      vertex 71 66.5 78
    endloop
  endfacet
  facet normal 0.0872017 -0.996191 0
    outer loop
      vertex 71.7814 66.5684 78
      vertex 71 66.5 0
      vertex 71.7814 66.5684 0
    endloop
  endfacet
  facet normal 0.819151 0.573578 0
    outer loop
      vertex 74.7464 73.4652 78
      vertex 74.4472 73.8925 0
      vertex 74.4472 73.8925 78
    endloop
  endfacet
  facet normal 0.819151 0.573578 0
    outer loop
      vertex 74.4472 73.8925 0
      vertex 74.7464 73.4652 78
      vertex 74.7464 73.4652 0
    endloop
  endfacet
  facet normal 0.707107 0.707107 0
    outer loop
      vertex 74.4472 73.8925 78
      vertex 73.8925 74.4472 0
      vertex 73.8925 74.4472 78
    endloop
  endfacet
  facet normal 0.707107 0.707107 0
    outer loop
      vertex 73.8925 74.4472 0
      vertex 74.4472 73.8925 78
      vertex 74.4472 73.8925 0
    endloop
  endfacet
  facet normal 0.258789 -0.965934 0
    outer loop
      vertex 71.7814 66.5684 0
      vertex 72.5391 66.7714 78
      vertex 71.7814 66.5684 78
    endloop
  endfacet
  facet normal 0.258789 -0.965934 0
    outer loop
      vertex 72.5391 66.7714 78
      vertex 71.7814 66.5684 0
      vertex 72.5391 66.7714 0
    endloop
  endfacet
  facet normal -0.906307 0.42262 0
    outer loop
      vertex 66.7714 72.5391 0
      vertex 67.1029 73.25 78
      vertex 67.1029 73.25 0
    endloop
  endfacet
  facet normal -0.906307 0.42262 0
    outer loop
      vertex 67.1029 73.25 78
      vertex 66.7714 72.5391 0
      vertex 66.7714 72.5391 78
    endloop
  endfacet
  facet normal -0.996191 -0.0872017 0
    outer loop
      vertex 66.5684 70.2186 0
      vertex 66.5 71 78
      vertex 66.5 71 0
    endloop
  endfacet
  facet normal -0.996191 -0.0872017 0
    outer loop
      vertex 66.5 71 78
      vertex 66.5684 70.2186 0
      vertex 66.5684 70.2186 78
    endloop
  endfacet
  facet normal 0.819151 -0.573578 0
    outer loop
      vertex 74.4472 68.1075 78
      vertex 74.7464 68.5348 0
      vertex 74.7464 68.5348 78
    endloop
  endfacet
  facet normal 0.819151 -0.573578 0
    outer loop
      vertex 74.7464 68.5348 0
      vertex 74.4472 68.1075 78
      vertex 74.4472 68.1075 0
    endloop
  endfacet
  facet normal -0.965934 0.258789 0
    outer loop
      vertex 66.5684 71.7814 0
      vertex 66.7714 72.5391 78
      vertex 66.7714 72.5391 0
    endloop
  endfacet
  facet normal -0.965934 0.258789 0
    outer loop
      vertex 66.7714 72.5391 78
      vertex 66.5684 71.7814 0
      vertex 66.5684 71.7814 78
    endloop
  endfacet
  facet normal -0.965934 -0.258789 0
    outer loop
      vertex 66.7714 69.4609 0
      vertex 66.5684 70.2186 78
      vertex 66.5684 70.2186 0
    endloop
  endfacet
  facet normal -0.965934 -0.258789 0
    outer loop
      vertex 66.5684 70.2186 78
      vertex 66.7714 69.4609 0
      vertex 66.7714 69.4609 78
    endloop
  endfacet
  facet normal 0.573591 -0.819142 0
    outer loop
      vertex 73.25 67.1029 0
      vertex 73.8925 67.5528 78
      vertex 73.25 67.1029 78
    endloop
  endfacet
  facet normal 0.573591 -0.819142 0
    outer loop
      vertex 73.8925 67.5528 78
      vertex 73.25 67.1029 0
      vertex 73.8925 67.5528 0
    endloop
  endfacet
  facet normal -0.573578 0.819151 0
    outer loop
      vertex 68.5348 74.7464 0
      vertex 68.1075 74.4472 78
      vertex 68.5348 74.7464 78
    endloop
  endfacet
  facet normal -0.573578 0.819151 0
    outer loop
      vertex 68.1075 74.4472 78
      vertex 68.5348 74.7464 0
      vertex 68.1075 74.4472 0
    endloop
  endfacet
  facet normal 0.573578 0.819151 -0
    outer loop
      vertex 73.8925 74.4472 0
      vertex 73.4652 74.7464 78
      vertex 73.8925 74.4472 78
    endloop
  endfacet
  facet normal 0.573578 0.819151 0
    outer loop
      vertex 73.4652 74.7464 78
      vertex 73.8925 74.4472 0
      vertex 73.4652 74.7464 0
    endloop
  endfacet
  facet normal -0.42262 -0.906307 0
    outer loop
      vertex 68.75 67.1029 0
      vertex 69.4609 66.7714 78
      vertex 68.75 67.1029 78
    endloop
  endfacet
  facet normal -0.42262 -0.906307 -0
    outer loop
      vertex 69.4609 66.7714 78
      vertex 68.75 67.1029 0
      vertex 69.4609 66.7714 0
    endloop
  endfacet
  facet normal -0.707107 0.707107 0
    outer loop
      vertex 67.5528 73.8925 0
      vertex 68.1075 74.4472 78
      vertex 68.1075 74.4472 0
    endloop
  endfacet
  facet normal -0.707107 0.707107 0
    outer loop
      vertex 68.1075 74.4472 78
      vertex 67.5528 73.8925 0
      vertex 67.5528 73.8925 78
    endloop
  endfacet
  facet normal -0.906307 -0.42262 0
    outer loop
      vertex 67.1029 68.75 0
      vertex 66.7714 69.4609 78
      vertex 66.7714 69.4609 0
    endloop
  endfacet
  facet normal -0.906307 -0.42262 0
    outer loop
      vertex 66.7714 69.4609 78
      vertex 67.1029 68.75 0
      vertex 67.1029 68.75 78
    endloop
  endfacet
  facet normal -0.996191 0.0872017 0
    outer loop
      vertex 66.5 71 0
      vertex 66.5684 71.7814 78
      vertex 66.5684 71.7814 0
    endloop
  endfacet
  facet normal -0.996191 0.0872017 0
    outer loop
      vertex 66.5684 71.7814 78
      vertex 66.5 71 0
      vertex 66.5 71 78
    endloop
  endfacet
  facet normal -0.819142 -0.573591 0
    outer loop
      vertex 67.5528 68.1075 0
      vertex 67.1029 68.75 78
      vertex 67.1029 68.75 0
    endloop
  endfacet
  facet normal -0.819142 -0.573591 0
    outer loop
      vertex 67.1029 68.75 78
      vertex 67.5528 68.1075 0
      vertex 67.5528 68.1075 78
    endloop
  endfacet
  facet normal 0.707107 -0.707107 0
    outer loop
      vertex 73.8925 67.5528 78
      vertex 74.4472 68.1075 0
      vertex 74.4472 68.1075 78
    endloop
  endfacet
  facet normal 0.707107 -0.707107 0
    outer loop
      vertex 74.4472 68.1075 0
      vertex 73.8925 67.5528 78
      vertex 73.8925 67.5528 0
    endloop
  endfacet
  facet normal -0.707107 -0.707107 0
    outer loop
      vertex 68.1075 67.5528 0
      vertex 67.5528 68.1075 78
      vertex 67.5528 68.1075 0
    endloop
  endfacet
  facet normal -0.707107 -0.707107 0
    outer loop
      vertex 67.5528 68.1075 78
      vertex 68.1075 67.5528 0
      vertex 68.1075 67.5528 78
    endloop
  endfacet
  facet normal 0.42262 -0.906307 0
    outer loop
      vertex 72.5391 66.7714 0
      vertex 73.25 67.1029 78
      vertex 72.5391 66.7714 78
    endloop
  endfacet
  facet normal 0.42262 -0.906307 0
    outer loop
      vertex 73.25 67.1029 78
      vertex 72.5391 66.7714 0
      vertex 73.25 67.1029 0
    endloop
  endfacet
  facet normal -0.819142 0.573591 0
    outer loop
      vertex 67.1029 73.25 0
      vertex 67.5528 73.8925 78
      vertex 67.5528 73.8925 0
    endloop
  endfacet
  facet normal -0.819142 0.573591 0
    outer loop
      vertex 67.5528 73.8925 78
      vertex 67.1029 73.25 0
      vertex 67.1029 73.25 78
    endloop
  endfacet
  facet normal -0.0872017 -0.996191 0
    outer loop
      vertex 70.2186 66.5684 0
      vertex 71 66.5 78
      vertex 70.2186 66.5684 78
    endloop
  endfacet
  facet normal -0.0872017 -0.996191 -0
    outer loop
      vertex 71 66.5 78
      vertex 70.2186 66.5684 0
      vertex 71 66.5 0
    endloop
  endfacet
  facet normal -0.258789 -0.965934 0
    outer loop
      vertex 69.4609 66.7714 0
      vertex 70.2186 66.5684 78
      vertex 69.4609 66.7714 78
    endloop
  endfacet
  facet normal -0.258789 -0.965934 -0
    outer loop
      vertex 70.2186 66.5684 78
      vertex 69.4609 66.7714 0
      vertex 70.2186 66.5684 0
    endloop
  endfacet
  facet normal -0.573591 -0.819142 0
    outer loop
      vertex 68.1075 67.5528 0
      vertex 68.75 67.1029 78
      vertex 68.1075 67.5528 78
    endloop
  endfacet
  facet normal -0.573591 -0.819142 -0
    outer loop
      vertex 68.75 67.1029 78
      vertex 68.1075 67.5528 0
      vertex 68.75 67.1029 0
    endloop
  endfacet
  facet normal -0.149962 0.988692 0
    outer loop
      vertex 9.25358 15.4652 0
      vertex 3.12807 14.5361 78
      vertex 9.25358 15.4652 78
    endloop
  endfacet
  facet normal -0.149962 0.988692 0
    outer loop
      vertex 3.12807 14.5361 78
      vertex 9.25358 15.4652 0
      vertex 3.12807 14.5361 0
    endloop
  endfacet
  facet normal -0.149962 -0.988692 0
    outer loop
      vertex 3.87902 11.35 0
      vertex 9.25358 10.5348 78
      vertex 3.87902 11.35 78
    endloop
  endfacet
  facet normal -0.149962 -0.988692 -0
    outer loop
      vertex 9.25358 10.5348 78
      vertex 3.87902 11.35 0
      vertex 9.25358 10.5348 0
    endloop
  endfacet
  facet normal -0.988692 -0.149962 0
    outer loop
      vertex 11.35 3.87902 0
      vertex 10.5348 9.25358 78
      vertex 10.5348 9.25358 0
    endloop
  endfacet
  facet normal -0.988692 -0.149962 0
    outer loop
      vertex 10.5348 9.25358 78
      vertex 11.35 3.87902 0
      vertex 11.35 3.87902 78
    endloop
  endfacet
  facet normal 0.988692 -0.149962 0
    outer loop
      vertex 14.5361 3.12807 78
      vertex 15.4652 9.25358 0
      vertex 15.4652 9.25358 78
    endloop
  endfacet
  facet normal 0.988692 -0.149962 0
    outer loop
      vertex 15.4652 9.25358 0
      vertex 14.5361 3.12807 78
      vertex 14.5361 3.12807 0
    endloop
  endfacet
  facet normal 0.149961 -0.988692 0
    outer loop
      vertex 74.7464 10.5348 0
      vertex 80.121 11.35 78
      vertex 74.7464 10.5348 78
    endloop
  endfacet
  facet normal 0.149961 -0.988692 0
    outer loop
      vertex 80.121 11.35 78
      vertex 74.7464 10.5348 0
      vertex 80.121 11.35 0
    endloop
  endfacet
  facet normal 0.149962 0.988692 -0
    outer loop
      vertex 80.8719 14.5361 0
      vertex 74.7464 15.4652 78
      vertex 80.8719 14.5361 78
    endloop
  endfacet
  facet normal 0.149962 0.988692 0
    outer loop
      vertex 74.7464 15.4652 78
      vertex 80.8719 14.5361 0
      vertex 74.7464 15.4652 0
    endloop
  endfacet
  facet normal 0.988692 -0.149962 0
    outer loop
      vertex 72.65 3.87902 78
      vertex 73.4652 9.25358 0
      vertex 73.4652 9.25358 78
    endloop
  endfacet
  facet normal 0.988692 -0.149962 0
    outer loop
      vertex 73.4652 9.25358 0
      vertex 72.65 3.87902 78
      vertex 72.65 3.87902 0
    endloop
  endfacet
  facet normal -0.988692 -0.149962 0
    outer loop
      vertex 69.4639 3.12807 0
      vertex 68.5348 9.25358 78
      vertex 68.5348 9.25358 0
    endloop
  endfacet
  facet normal -0.988692 -0.149962 0
    outer loop
      vertex 68.5348 9.25358 78
      vertex 69.4639 3.12807 0
      vertex 69.4639 3.12807 78
    endloop
  endfacet
  facet normal -0.149962 0.988692 0
    outer loop
      vertex 9.25358 73.4652 0
      vertex 3.87902 72.65 78
      vertex 9.25358 73.4652 78
    endloop
  endfacet
  facet normal -0.149962 0.988692 0
    outer loop
      vertex 3.87902 72.65 78
      vertex 9.25358 73.4652 0
      vertex 3.87902 72.65 0
    endloop
  endfacet
  facet normal -0.149962 -0.988692 0
    outer loop
      vertex 3.12807 69.4639 0
      vertex 9.25358 68.5348 78
      vertex 3.12807 69.4639 78
    endloop
  endfacet
  facet normal -0.149962 -0.988692 -0
    outer loop
      vertex 9.25358 68.5348 78
      vertex 3.12807 69.4639 0
      vertex 9.25358 68.5348 0
    endloop
  endfacet
  facet normal -0.988692 0.149961 0
    outer loop
      vertex 10.5348 74.7464 0
      vertex 11.35 80.121 78
      vertex 11.35 80.121 0
    endloop
  endfacet
  facet normal -0.988692 0.149961 0
    outer loop
      vertex 11.35 80.121 78
      vertex 10.5348 74.7464 0
      vertex 10.5348 74.7464 78
    endloop
  endfacet
  facet normal 0.988692 0.149962 0
    outer loop
      vertex 15.4652 74.7464 78
      vertex 14.5361 80.8719 0
      vertex 14.5361 80.8719 78
    endloop
  endfacet
  facet normal 0.988692 0.149962 0
    outer loop
      vertex 14.5361 80.8719 0
      vertex 15.4652 74.7464 78
      vertex 15.4652 74.7464 0
    endloop
  endfacet
  facet normal 0.149962 -0.988692 0
    outer loop
      vertex 74.7464 68.5348 0
      vertex 80.8719 69.4639 78
      vertex 74.7464 68.5348 78
    endloop
  endfacet
  facet normal 0.149962 -0.988692 0
    outer loop
      vertex 80.8719 69.4639 78
      vertex 74.7464 68.5348 0
      vertex 80.8719 69.4639 0
    endloop
  endfacet
  facet normal 0.149961 0.988692 -0
    outer loop
      vertex 80.121 72.65 0
      vertex 74.7464 73.4652 78
      vertex 80.121 72.65 78
    endloop
  endfacet
  facet normal 0.149961 0.988692 0
    outer loop
      vertex 74.7464 73.4652 78
      vertex 80.121 72.65 0
      vertex 74.7464 73.4652 0
    endloop
  endfacet
  facet normal -0.988692 0.149962 0
    outer loop
      vertex 68.5348 74.7464 0
      vertex 69.4639 80.8719 78
      vertex 69.4639 80.8719 0
    endloop
  endfacet
  facet normal -0.988692 0.149962 0
    outer loop
      vertex 69.4639 80.8719 78
      vertex 68.5348 74.7464 0
      vertex 68.5348 74.7464 78
    endloop
  endfacet
  facet normal 0.988692 0.149961 0
    outer loop
      vertex 73.4652 74.7464 78
      vertex 72.65 80.121 0
      vertex 72.65 80.121 78
    endloop
  endfacet
  facet normal 0.988692 0.149961 0
    outer loop
      vertex 72.65 80.121 0
      vertex 73.4652 74.7464 78
      vertex 73.4652 74.7464 0
    endloop
  endfacet
  facet normal -1 0 0
    outer loop
      vertex 67 81 4
      vertex 67 84 16
      vertex 67 84 4
    endloop
  endfacet
  facet normal -1 -0 0
    outer loop
      vertex 67 84 16
      vertex 67 81 4
      vertex 67 81 16
    endloop
  endfacet
  facet normal 0 0 -1
    outer loop
      vertex 17 81 16
      vertex 67 84 16
      vertex 67 81 16
    endloop
  endfacet
  facet normal -0 0 -1
    outer loop
      vertex 67 84 16
      vertex 17 81 16
      vertex 17 84 16
    endloop
  endfacet
  facet normal -0 0 1
    outer loop
      vertex 17 84 4
      vertex 67 81 4
      vertex 67 84 4
    endloop
  endfacet
  facet normal 0 0 1
    outer loop
      vertex 67 81 4
      vertex 17 84 4
      vertex 17 81 4
    endloop
  endfacet
  facet normal 1 -0 0
    outer loop
      vertex 17 81 16
      vertex 17 84 4
      vertex 17 84 16
    endloop
  endfacet
  facet normal 1 0 0
    outer loop
      vertex 17 84 4
      vertex 17 81 16
      vertex 17 81 4
    endloop
  endfacet
endsolid OpenSCAD_Model
