solid OpenSCAD_Model
  facet normal -0.906313 0.422607 0
    outer loop
      vertex -17.3843 6.32737 0
      vertex -16.0215 9.25 6
      vertex -16.0215 9.25 0
    endloop
  endfacet
  facet normal -0.906313 0.422607 0
    outer loop
      vertex -16.0215 9.25 6
      vertex -17.3843 6.32737 0
      vertex -17.3843 6.32737 6
    endloop
  endfacet
  facet normal 0.965928 0.25881 0
    outer loop
      vertex 18.2189 3.21249 6
      vertex 17.3843 6.32737 0
      vertex 17.3843 6.32737 6
    endloop
  endfacet
  facet normal 0.965928 0.25881 0
    outer loop
      vertex 17.3843 6.32737 0
      vertex 18.2189 3.21249 6
      vertex 18.2189 3.21249 0
    endloop
  endfacet
  facet normal 0.996194 0.0871691 0
    outer loop
      vertex 18.5 0 6
      vertex 18.2189 3.21249 0
      vertex 18.2189 3.21249 6
    endloop
  endfacet
  facet normal 0.996194 0.0871691 0
    outer loop
      vertex 18.2189 3.21249 0
      vertex 18.5 0 6
      vertex 18.5 0 0
    endloop
  endfacet
  facet normal 0.906313 0.422607 0
    outer loop
      vertex 17.3843 6.32737 6
      vertex 16.0215 9.25 0
      vertex 16.0215 9.25 6
    endloop
  endfacet
  facet normal 0.906313 0.422607 0
    outer loop
      vertex 16.0215 9.25 0
      vertex 17.3843 6.32737 6
      vertex 17.3843 6.32737 0
    endloop
  endfacet
  facet normal -0.573583 -0.819147 0
    outer loop
      vertex -11.8916 -14.1718 0
      vertex -9.25 -16.0215 6
      vertex -11.8916 -14.1718 6
    endloop
  endfacet
  facet normal -0.573583 -0.819147 -0
    outer loop
      vertex -9.25 -16.0215 6
      vertex -11.8916 -14.1718 0
      vertex -9.25 -16.0215 0
    endloop
  endfacet
  facet normal 0.819147 -0.573583 0
    outer loop
      vertex 14.1718 -11.8916 6
      vertex 16.0215 -9.25 0
      vertex 16.0215 -9.25 6
    endloop
  endfacet
  facet normal 0.819147 -0.573583 0
    outer loop
      vertex 16.0215 -9.25 0
      vertex 14.1718 -11.8916 6
      vertex 14.1718 -11.8916 0
    endloop
  endfacet
  facet normal -0.0871691 -0.996194 0
    outer loop
      vertex -3.21249 -18.2189 0
      vertex 0 -18.5 6
      vertex -3.21249 -18.2189 6
    endloop
  endfacet
  facet normal -0.0871691 -0.996194 -0
    outer loop
      vertex 0 -18.5 6
      vertex -3.21249 -18.2189 0
      vertex 0 -18.5 0
    endloop
  endfacet
  facet normal -0.573583 0.819147 0
    outer loop
      vertex -9.25 16.0215 0
      vertex -11.8916 14.1718 6
      vertex -9.25 16.0215 6
    endloop
  endfacet
  facet normal -0.573583 0.819147 0
    outer loop
      vertex -11.8916 14.1718 6
      vertex -9.25 16.0215 0
      vertex -11.8916 14.1718 0
    endloop
  endfacet
  facet normal -0.25881 -0.965928 0
    outer loop
      vertex -6.32737 -17.3843 0
      vertex -3.21249 -18.2189 6
      vertex -6.32737 -17.3843 6
    endloop
  endfacet
  facet normal -0.25881 -0.965928 -0
    outer loop
      vertex -3.21249 -18.2189 6
      vertex -6.32737 -17.3843 0
      vertex -3.21249 -18.2189 0
    endloop
  endfacet
  facet normal 0.422607 -0.906313 0
    outer loop
      vertex 6.32737 -17.3843 0
      vertex 9.25 -16.0215 6
      vertex 6.32737 -17.3843 6
    endloop
  endfacet
  facet normal 0.422607 -0.906313 0
    outer loop
      vertex 9.25 -16.0215 6
      vertex 6.32737 -17.3843 0
      vertex 9.25 -16.0215 0
    endloop
  endfacet
  facet normal 0.707107 -0.707107 0
    outer loop
      vertex 11.8916 -14.1718 6
      vertex 14.1718 -11.8916 0
      vertex 14.1718 -11.8916 6
    endloop
  endfacet
  facet normal 0.707107 -0.707107 0
    outer loop
      vertex 14.1718 -11.8916 0
      vertex 11.8916 -14.1718 6
      vertex 11.8916 -14.1718 0
    endloop
  endfacet
  facet normal -0.996194 -0.0871691 0
    outer loop
      vertex -18.2189 -3.21249 0
      vertex -18.5 0 6
      vertex -18.5 0 0
    endloop
  endfacet
  facet normal -0.996194 -0.0871691 0
    outer loop
      vertex -18.5 0 6
      vertex -18.2189 -3.21249 0
      vertex -18.2189 -3.21249 6
    endloop
  endfacet
  facet normal 0.573583 -0.819147 0
    outer loop
      vertex 9.25 -16.0215 0
      vertex 11.8916 -14.1718 6
      vertex 9.25 -16.0215 6
    endloop
  endfacet
  facet normal 0.573583 -0.819147 0
    outer loop
      vertex 11.8916 -14.1718 6
      vertex 9.25 -16.0215 0
      vertex 11.8916 -14.1718 0
    endloop
  endfacet
  facet normal 0 0 -1
    outer loop
      vertex 18.2189 -3.21249 0
      vertex 18.2189 3.21249 0
      vertex 18.5 0 0
    endloop
  endfacet
  facet normal 0 0 -1
    outer loop
      vertex 17.3843 -6.32737 0
      vertex 18.2189 3.21249 0
      vertex 18.2189 -3.21249 0
    endloop
  endfacet
  facet normal 0 0 -1
    outer loop
      vertex 17.3843 -6.32737 0
      vertex 17.3843 6.32737 0
      vertex 18.2189 3.21249 0
    endloop
  endfacet
  facet normal 0 0 -1
    outer loop
      vertex 16.0215 -9.25 0
      vertex 17.3843 6.32737 0
      vertex 17.3843 -6.32737 0
    endloop
  endfacet
  facet normal 0 0 -1
    outer loop
      vertex 16.0215 -9.25 0
      vertex 16.0215 9.25 0
      vertex 17.3843 6.32737 0
    endloop
  endfacet
  facet normal 0 0 -1
    outer loop
      vertex 14.1718 -11.8916 0
      vertex 16.0215 9.25 0
      vertex 16.0215 -9.25 0
    endloop
  endfacet
  facet normal 0 0 -1
    outer loop
      vertex 14.1718 -11.8916 0
      vertex 14.1718 11.8916 0
      vertex 16.0215 9.25 0
    endloop
  endfacet
  facet normal 0 0 -1
    outer loop
      vertex 11.8916 -14.1718 0
      vertex 14.1718 11.8916 0
      vertex 14.1718 -11.8916 0
    endloop
  endfacet
  facet normal 0 0 -1
    outer loop
      vertex 11.8916 -14.1718 0
      vertex 11.8916 14.1718 0
      vertex 14.1718 11.8916 0
    endloop
  endfacet
  facet normal 0 0 -1
    outer loop
      vertex 9.25 -16.0215 0
      vertex 11.8916 14.1718 0
      vertex 11.8916 -14.1718 0
    endloop
  endfacet
  facet normal 0 0 -1
    outer loop
      vertex 9.25 -16.0215 0
      vertex 9.25 16.0215 0
      vertex 11.8916 14.1718 0
    endloop
  endfacet
  facet normal 0 0 -1
    outer loop
      vertex 6.32737 -17.3843 0
      vertex 9.25 16.0215 0
      vertex 9.25 -16.0215 0
    endloop
  endfacet
  facet normal 0 0 -1
    outer loop
      vertex 6.32737 -17.3843 0
      vertex 6.32737 17.3843 0
      vertex 9.25 16.0215 0
    endloop
  endfacet
  facet normal 0 0 -1
    outer loop
      vertex 3.21249 -18.2189 0
      vertex 6.32737 17.3843 0
      vertex 6.32737 -17.3843 0
    endloop
  endfacet
  facet normal 0 0 -1
    outer loop
      vertex 3.21249 -18.2189 0
      vertex 3.21249 18.2189 0
      vertex 6.32737 17.3843 0
    endloop
  endfacet
  facet normal 0 0 -1
    outer loop
      vertex 0 -18.5 0
      vertex 3.21249 18.2189 0
      vertex 3.21249 -18.2189 0
    endloop
  endfacet
  facet normal 0 0 -1
    outer loop
      vertex 0 -18.5 0
      vertex 0 18.5 0
      vertex 3.21249 18.2189 0
    endloop
  endfacet
  facet normal 0 0 -1
    outer loop
      vertex -3.21249 -18.2189 0
      vertex 0 18.5 0
      vertex 0 -18.5 0
    endloop
  endfacet
  facet normal 0 0 -1
    outer loop
      vertex -3.21249 -18.2189 0
      vertex -3.21249 18.2189 0
      vertex 0 18.5 0
    endloop
  endfacet
  facet normal 0 0 -1
    outer loop
      vertex -6.32737 -17.3843 0
      vertex -3.21249 18.2189 0
      vertex -3.21249 -18.2189 0
    endloop
  endfacet
  facet normal 0 0 -1
    outer loop
      vertex -6.32737 -17.3843 0
      vertex -6.32737 17.3843 0
      vertex -3.21249 18.2189 0
    endloop
  endfacet
  facet normal 0 0 -1
    outer loop
      vertex -9.25 -16.0215 0
      vertex -6.32737 17.3843 0
      vertex -6.32737 -17.3843 0
    endloop
  endfacet
  facet normal 0 0 -1
    outer loop
      vertex -9.25 -16.0215 0
      vertex -9.25 16.0215 0
      vertex -6.32737 17.3843 0
    endloop
  endfacet
  facet normal 0 0 -1
    outer loop
      vertex -11.8916 -14.1718 0
      vertex -9.25 16.0215 0
      vertex -9.25 -16.0215 0
    endloop
  endfacet
  facet normal 0 0 -1
    outer loop
      vertex -11.8916 -14.1718 0
      vertex -11.8916 14.1718 0
      vertex -9.25 16.0215 0
    endloop
  endfacet
  facet normal 0 0 -1
    outer loop
      vertex -14.1718 -11.8916 0
      vertex -11.8916 14.1718 0
      vertex -11.8916 -14.1718 0
    endloop
  endfacet
  facet normal 0 0 -1
    outer loop
      vertex -14.1718 -11.8916 0
      vertex -14.1718 11.8916 0
      vertex -11.8916 14.1718 0
    endloop
  endfacet
  facet normal 0 0 -1
    outer loop
      vertex -16.0215 -9.25 0
      vertex -14.1718 11.8916 0
      vertex -14.1718 -11.8916 0
    endloop
  endfacet
  facet normal 0 0 -1
    outer loop
      vertex -16.0215 -9.25 0
      vertex -16.0215 9.25 0
      vertex -14.1718 11.8916 0
    endloop
  endfacet
  facet normal 0 0 -1
    outer loop
      vertex -17.3843 -6.32737 0
      vertex -16.0215 9.25 0
      vertex -16.0215 -9.25 0
    endloop
  endfacet
  facet normal 0 0 -1
    outer loop
      vertex -17.3843 -6.32737 0
      vertex -17.3843 6.32737 0
      vertex -16.0215 9.25 0
    endloop
  endfacet
  facet normal 0 0 -1
    outer loop
      vertex -18.2189 -3.21249 0
      vertex -17.3843 6.32737 0
      vertex -17.3843 -6.32737 0
    endloop
  endfacet
  facet normal 0 0 -1
    outer loop
      vertex -18.2189 -3.21249 0
      vertex -18.2189 3.21249 0
      vertex -17.3843 6.32737 0
    endloop
  endfacet
  facet normal 0 -0 -1
    outer loop
      vertex -18.2189 3.21249 0
      vertex -18.2189 -3.21249 0
      vertex -18.5 0 0
    endloop
  endfacet
  facet normal 0.0871691 -0.996194 0
    outer loop
      vertex 0 -18.5 0
      vertex 3.21249 -18.2189 6
      vertex 0 -18.5 6
    endloop
  endfacet
  facet normal 0.0871691 -0.996194 0
    outer loop
      vertex 3.21249 -18.2189 6
      vertex 0 -18.5 0
      vertex 3.21249 -18.2189 0
    endloop
  endfacet
  facet normal -0.819147 0.573583 0
    outer loop
      vertex -16.0215 9.25 0
      vertex -14.1718 11.8916 6
      vertex -14.1718 11.8916 0
    endloop
  endfacet
  facet normal -0.819147 0.573583 0
    outer loop
      vertex -14.1718 11.8916 6
      vertex -16.0215 9.25 0
      vertex -16.0215 9.25 6
    endloop
  endfacet
  facet normal -0.422607 0.906313 0
    outer loop
      vertex -6.32737 17.3843 0
      vertex -9.25 16.0215 6
      vertex -6.32737 17.3843 6
    endloop
  endfacet
  facet normal -0.422607 0.906313 0
    outer loop
      vertex -9.25 16.0215 6
      vertex -6.32737 17.3843 0
      vertex -9.25 16.0215 0
    endloop
  endfacet
  facet normal -0.965928 -0.25881 0
    outer loop
      vertex -17.3843 -6.32737 0
      vertex -18.2189 -3.21249 6
      vertex -18.2189 -3.21249 0
    endloop
  endfacet
  facet normal -0.965928 -0.25881 0
    outer loop
      vertex -18.2189 -3.21249 6
      vertex -17.3843 -6.32737 0
      vertex -17.3843 -6.32737 6
    endloop
  endfacet
  facet normal 0 0 1
    outer loop
      vertex 14.8 0 6
      vertex 18.5 0 6
      vertex 18.2189 3.21249 6
    endloop
  endfacet
  facet normal 0 0 1
    outer loop
      vertex 14.5752 2.56999 6
      vertex 18.2189 3.21249 6
      vertex 17.3843 6.32737 6
    endloop
  endfacet
  facet normal 0 0 1
    outer loop
      vertex 18.5 0 6
      vertex 14.8 0 6
      vertex 18.2189 -3.21249 6
    endloop
  endfacet
  facet normal 0 0 1
    outer loop
      vertex 13.9075 5.0619 6
      vertex 17.3843 6.32737 6
      vertex 16.0215 9.25 6
    endloop
  endfacet
  facet normal -0 0 1
    outer loop
      vertex 14.5752 -2.56999 6
      vertex 18.2189 -3.21249 6
      vertex 14.8 0 6
    endloop
  endfacet
  facet normal 0 0 1
    outer loop
      vertex 18.2189 -3.21249 6
      vertex 14.5752 -2.56999 6
      vertex 17.3843 -6.32737 6
    endloop
  endfacet
  facet normal 0 0 1
    outer loop
      vertex 18.2189 3.21249 6
      vertex 14.5752 2.56999 6
      vertex 14.8 0 6
    endloop
  endfacet
  facet normal 0 0 1
    outer loop
      vertex 12.8172 7.4 6
      vertex 16.0215 9.25 6
      vertex 14.1718 11.8916 6
    endloop
  endfacet
  facet normal 0 0 1
    outer loop
      vertex 17.3843 6.32737 6
      vertex 13.9075 5.0619 6
      vertex 14.5752 2.56999 6
    endloop
  endfacet
  facet normal 0 0 1
    outer loop
      vertex 16.0215 9.25 6
      vertex 12.8172 7.4 6
      vertex 13.9075 5.0619 6
    endloop
  endfacet
  facet normal 0 0 1
    outer loop
      vertex 11.3375 9.51326 6
      vertex 14.1718 11.8916 6
      vertex 11.8916 14.1718 6
    endloop
  endfacet
  facet normal 0 0 1
    outer loop
      vertex 14.1718 11.8916 6
      vertex 11.3375 9.51326 6
      vertex 12.8172 7.4 6
    endloop
  endfacet
  facet normal 0 0 1
    outer loop
      vertex 11.8916 14.1718 6
      vertex 9.51326 11.3375 6
      vertex 11.3375 9.51326 6
    endloop
  endfacet
  facet normal 0 0 1
    outer loop
      vertex 9.25 16.0215 6
      vertex 9.51326 11.3375 6
      vertex 11.8916 14.1718 6
    endloop
  endfacet
  facet normal 0 0 1
    outer loop
      vertex 9.25 16.0215 6
      vertex 7.4 12.8172 6
      vertex 9.51326 11.3375 6
    endloop
  endfacet
  facet normal 0 0 1
    outer loop
      vertex 6.32737 17.3843 6
      vertex 7.4 12.8172 6
      vertex 9.25 16.0215 6
    endloop
  endfacet
  facet normal 0 0 1
    outer loop
      vertex 6.32737 17.3843 6
      vertex 5.0619 13.9075 6
      vertex 7.4 12.8172 6
    endloop
  endfacet
  facet normal 0 0 1
    outer loop
      vertex 3.21249 18.2189 6
      vertex 5.0619 13.9075 6
      vertex 6.32737 17.3843 6
    endloop
  endfacet
  facet normal 0 0 1
    outer loop
      vertex 3.21249 18.2189 6
      vertex 2.56999 14.5752 6
      vertex 5.0619 13.9075 6
    endloop
  endfacet
  facet normal 0 0 1
    outer loop
      vertex 0 18.5 6
      vertex 2.56999 14.5752 6
      vertex 3.21249 18.2189 6
    endloop
  endfacet
  facet normal 0 0 1
    outer loop
      vertex 0 18.5 6
      vertex 0 14.8 6
      vertex 2.56999 14.5752 6
    endloop
  endfacet
  facet normal 0 0 1
    outer loop
      vertex 0 18.5 6
      vertex -2.56999 14.5752 6
      vertex 0 14.8 6
    endloop
  endfacet
  facet normal -0 0 1
    outer loop
      vertex -3.21249 18.2189 6
      vertex -2.56999 14.5752 6
      vertex 0 18.5 6
    endloop
  endfacet
  facet normal 0 0 1
    outer loop
      vertex -3.21249 18.2189 6
      vertex -5.0619 13.9075 6
      vertex -2.56999 14.5752 6
    endloop
  endfacet
  facet normal -0 0 1
    outer loop
      vertex -6.32737 17.3843 6
      vertex -5.0619 13.9075 6
      vertex -3.21249 18.2189 6
    endloop
  endfacet
  facet normal 0 0 1
    outer loop
      vertex -6.32737 17.3843 6
      vertex -7.4 12.8172 6
      vertex -5.0619 13.9075 6
    endloop
  endfacet
  facet normal -0 0 1
    outer loop
      vertex -9.25 16.0215 6
      vertex -7.4 12.8172 6
      vertex -6.32737 17.3843 6
    endloop
  endfacet
  facet normal 0 0 1
    outer loop
      vertex -9.25 16.0215 6
      vertex -9.51326 11.3375 6
      vertex -7.4 12.8172 6
    endloop
  endfacet
  facet normal -0 0 1
    outer loop
      vertex -11.8916 14.1718 6
      vertex -9.51326 11.3375 6
      vertex -9.25 16.0215 6
    endloop
  endfacet
  facet normal 0 0 1
    outer loop
      vertex -9.51326 11.3375 6
      vertex -11.8916 14.1718 6
      vertex -11.3375 9.51326 6
    endloop
  endfacet
  facet normal -0 0 1
    outer loop
      vertex -14.1718 11.8916 6
      vertex -11.3375 9.51326 6
      vertex -11.8916 14.1718 6
    endloop
  endfacet
  facet normal 0 0 1
    outer loop
      vertex -11.3375 9.51326 6
      vertex -14.1718 11.8916 6
      vertex -12.8172 7.4 6
    endloop
  endfacet
  facet normal -0 0 1
    outer loop
      vertex -16.0215 9.25 6
      vertex -12.8172 7.4 6
      vertex -14.1718 11.8916 6
    endloop
  endfacet
  facet normal 0 0 1
    outer loop
      vertex -12.8172 7.4 6
      vertex -16.0215 9.25 6
      vertex -13.9075 5.0619 6
    endloop
  endfacet
  facet normal -0 0 1
    outer loop
      vertex -17.3843 6.32737 6
      vertex -13.9075 5.0619 6
      vertex -16.0215 9.25 6
    endloop
  endfacet
  facet normal 0 0 1
    outer loop
      vertex -13.9075 5.0619 6
      vertex -17.3843 6.32737 6
      vertex -14.5752 2.56999 6
    endloop
  endfacet
  facet normal -0 0 1
    outer loop
      vertex 13.9075 -5.0619 6
      vertex 17.3843 -6.32737 6
      vertex 14.5752 -2.56999 6
    endloop
  endfacet
  facet normal 0 0 1
    outer loop
      vertex 17.3843 -6.32737 6
      vertex 13.9075 -5.0619 6
      vertex 16.0215 -9.25 6
    endloop
  endfacet
  facet normal -0 0 1
    outer loop
      vertex 12.8172 -7.4 6
      vertex 16.0215 -9.25 6
      vertex 13.9075 -5.0619 6
    endloop
  endfacet
  facet normal 0 0 1
    outer loop
      vertex 16.0215 -9.25 6
      vertex 12.8172 -7.4 6
      vertex 14.1718 -11.8916 6
    endloop
  endfacet
  facet normal -0 0 1
    outer loop
      vertex 11.3375 -9.51326 6
      vertex 14.1718 -11.8916 6
      vertex 12.8172 -7.4 6
    endloop
  endfacet
  facet normal 0 0 1
    outer loop
      vertex 14.1718 -11.8916 6
      vertex 11.3375 -9.51326 6
      vertex 11.8916 -14.1718 6
    endloop
  endfacet
  facet normal -0 0 1
    outer loop
      vertex 9.51326 -11.3375 6
      vertex 11.8916 -14.1718 6
      vertex 11.3375 -9.51326 6
    endloop
  endfacet
  facet normal 0 0 1
    outer loop
      vertex 9.51326 -11.3375 6
      vertex 9.25 -16.0215 6
      vertex 11.8916 -14.1718 6
    endloop
  endfacet
  facet normal -0 0 1
    outer loop
      vertex 7.4 -12.8172 6
      vertex 9.25 -16.0215 6
      vertex 9.51326 -11.3375 6
    endloop
  endfacet
  facet normal 0 0 1
    outer loop
      vertex 7.4 -12.8172 6
      vertex 6.32737 -17.3843 6
      vertex 9.25 -16.0215 6
    endloop
  endfacet
  facet normal -0 0 1
    outer loop
      vertex 5.0619 -13.9075 6
      vertex 6.32737 -17.3843 6
      vertex 7.4 -12.8172 6
    endloop
  endfacet
  facet normal 0 0 1
    outer loop
      vertex 5.0619 -13.9075 6
      vertex 3.21249 -18.2189 6
      vertex 6.32737 -17.3843 6
    endloop
  endfacet
  facet normal -0 0 1
    outer loop
      vertex 2.56999 -14.5752 6
      vertex 3.21249 -18.2189 6
      vertex 5.0619 -13.9075 6
    endloop
  endfacet
  facet normal -0 0 1
    outer loop
      vertex 0 -14.8 6
      vertex 3.21249 -18.2189 6
      vertex 2.56999 -14.5752 6
    endloop
  endfacet
  facet normal 0 0 1
    outer loop
      vertex 0 -14.8 6
      vertex 0 -18.5 6
      vertex 3.21249 -18.2189 6
    endloop
  endfacet
  facet normal 0 0 1
    outer loop
      vertex -2.56999 -14.5752 6
      vertex 0 -18.5 6
      vertex 0 -14.8 6
    endloop
  endfacet
  facet normal 0 0 1
    outer loop
      vertex -2.56999 -14.5752 6
      vertex -3.21249 -18.2189 6
      vertex 0 -18.5 6
    endloop
  endfacet
  facet normal 0 0 1
    outer loop
      vertex -5.0619 -13.9075 6
      vertex -3.21249 -18.2189 6
      vertex -2.56999 -14.5752 6
    endloop
  endfacet
  facet normal 0 0 1
    outer loop
      vertex -5.0619 -13.9075 6
      vertex -6.32737 -17.3843 6
      vertex -3.21249 -18.2189 6
    endloop
  endfacet
  facet normal 0 0 1
    outer loop
      vertex -7.4 -12.8172 6
      vertex -6.32737 -17.3843 6
      vertex -5.0619 -13.9075 6
    endloop
  endfacet
  facet normal 0 0 1
    outer loop
      vertex -7.4 -12.8172 6
      vertex -9.25 -16.0215 6
      vertex -6.32737 -17.3843 6
    endloop
  endfacet
  facet normal 0 0 1
    outer loop
      vertex -9.51326 -11.3375 6
      vertex -9.25 -16.0215 6
      vertex -7.4 -12.8172 6
    endloop
  endfacet
  facet normal 0 0 1
    outer loop
      vertex -11.8916 -14.1718 6
      vertex -9.51326 -11.3375 6
      vertex -11.3375 -9.51326 6
    endloop
  endfacet
  facet normal 0 0 1
    outer loop
      vertex -9.51326 -11.3375 6
      vertex -11.8916 -14.1718 6
      vertex -9.25 -16.0215 6
    endloop
  endfacet
  facet normal 0 0 1
    outer loop
      vertex -14.1718 -11.8916 6
      vertex -11.3375 -9.51326 6
      vertex -12.8172 -7.4 6
    endloop
  endfacet
  facet normal 0 0 1
    outer loop
      vertex -16.0215 -9.25 6
      vertex -12.8172 -7.4 6
      vertex -13.9075 -5.0619 6
    endloop
  endfacet
  facet normal 0 0 1
    outer loop
      vertex -11.3375 -9.51326 6
      vertex -14.1718 -11.8916 6
      vertex -11.8916 -14.1718 6
    endloop
  endfacet
  facet normal 0 0 1
    outer loop
      vertex -17.3843 -6.32737 6
      vertex -13.9075 -5.0619 6
      vertex -14.5752 -2.56999 6
    endloop
  endfacet
  facet normal 0 0 1
    outer loop
      vertex -18.2189 -3.21249 6
      vertex -14.5752 -2.56999 6
      vertex -14.8 0 6
    endloop
  endfacet
  facet normal -0 0 1
    outer loop
      vertex -18.2189 3.21249 6
      vertex -14.5752 2.56999 6
      vertex -17.3843 6.32737 6
    endloop
  endfacet
  facet normal 0 0 1
    outer loop
      vertex -12.8172 -7.4 6
      vertex -16.0215 -9.25 6
      vertex -14.1718 -11.8916 6
    endloop
  endfacet
  facet normal 0 0 1
    outer loop
      vertex -14.5752 2.56999 6
      vertex -18.2189 3.21249 6
      vertex -14.8 0 6
    endloop
  endfacet
  facet normal 0 0 1
    outer loop
      vertex -13.9075 -5.0619 6
      vertex -17.3843 -6.32737 6
      vertex -16.0215 -9.25 6
    endloop
  endfacet
  facet normal 0 0 1
    outer loop
      vertex -18.5 0 6
      vertex -14.8 0 6
      vertex -18.2189 3.21249 6
    endloop
  endfacet
  facet normal 0 0 1
    outer loop
      vertex -14.5752 -2.56999 6
      vertex -18.2189 -3.21249 6
      vertex -17.3843 -6.32737 6
    endloop
  endfacet
  facet normal 0 0 1
    outer loop
      vertex -14.8 0 6
      vertex -18.5 0 6
      vertex -18.2189 -3.21249 6
    endloop
  endfacet
  facet normal 0.819147 0.573583 0
    outer loop
      vertex 16.0215 9.25 6
      vertex 14.1718 11.8916 0
      vertex 14.1718 11.8916 6
    endloop
  endfacet
  facet normal 0.819147 0.573583 0
    outer loop
      vertex 14.1718 11.8916 0
      vertex 16.0215 9.25 6
      vertex 16.0215 9.25 0
    endloop
  endfacet
  facet normal 0.906313 -0.422607 0
    outer loop
      vertex 16.0215 -9.25 6
      vertex 17.3843 -6.32737 0
      vertex 17.3843 -6.32737 6
    endloop
  endfacet
  facet normal 0.906313 -0.422607 0
    outer loop
      vertex 17.3843 -6.32737 0
      vertex 16.0215 -9.25 6
      vertex 16.0215 -9.25 0
    endloop
  endfacet
  facet normal 0.996194 -0.0871691 0
    outer loop
      vertex 18.2189 -3.21249 6
      vertex 18.5 0 0
      vertex 18.5 0 6
    endloop
  endfacet
  facet normal 0.996194 -0.0871691 0
    outer loop
      vertex 18.5 0 0
      vertex 18.2189 -3.21249 6
      vertex 18.2189 -3.21249 0
    endloop
  endfacet
  facet normal 0.965928 -0.25881 0
    outer loop
      vertex 17.3843 -6.32737 6
      vertex 18.2189 -3.21249 0
      vertex 18.2189 -3.21249 6
    endloop
  endfacet
  facet normal 0.965928 -0.25881 0
    outer loop
      vertex 18.2189 -3.21249 0
      vertex 17.3843 -6.32737 6
      vertex 17.3843 -6.32737 0
    endloop
  endfacet
  facet normal 0.422607 0.906313 -0
    outer loop
      vertex 9.25 16.0215 0
      vertex 6.32737 17.3843 6
      vertex 9.25 16.0215 6
    endloop
  endfacet
  facet normal 0.422607 0.906313 0
    outer loop
      vertex 6.32737 17.3843 6
      vertex 9.25 16.0215 0
      vertex 6.32737 17.3843 0
    endloop
  endfacet
  facet normal 0.707107 0.707107 0
    outer loop
      vertex 14.1718 11.8916 6
      vertex 11.8916 14.1718 0
      vertex 11.8916 14.1718 6
    endloop
  endfacet
  facet normal 0.707107 0.707107 0
    outer loop
      vertex 11.8916 14.1718 0
      vertex 14.1718 11.8916 6
      vertex 14.1718 11.8916 0
    endloop
  endfacet
  facet normal 0.25881 -0.965928 0
    outer loop
      vertex 3.21249 -18.2189 0
      vertex 6.32737 -17.3843 6
      vertex 3.21249 -18.2189 6
    endloop
  endfacet
  facet normal 0.25881 -0.965928 0
    outer loop
      vertex 6.32737 -17.3843 6
      vertex 3.21249 -18.2189 0
      vertex 6.32737 -17.3843 0
    endloop
  endfacet
  facet normal -0.996194 0.0871691 0
    outer loop
      vertex -18.5 0 0
      vertex -18.2189 3.21249 6
      vertex -18.2189 3.21249 0
    endloop
  endfacet
  facet normal -0.996194 0.0871691 0
    outer loop
      vertex -18.2189 3.21249 6
      vertex -18.5 0 0
      vertex -18.5 0 6
    endloop
  endfacet
  facet normal 0.573583 0.819147 -0
    outer loop
      vertex 11.8916 14.1718 0
      vertex 9.25 16.0215 6
      vertex 11.8916 14.1718 6
    endloop
  endfacet
  facet normal 0.573583 0.819147 0
    outer loop
      vertex 9.25 16.0215 6
      vertex 11.8916 14.1718 0
      vertex 9.25 16.0215 0
    endloop
  endfacet
  facet normal -0.422607 -0.906313 0
    outer loop
      vertex -9.25 -16.0215 0
      vertex -6.32737 -17.3843 6
      vertex -9.25 -16.0215 6
    endloop
  endfacet
  facet normal -0.422607 -0.906313 -0
    outer loop
      vertex -6.32737 -17.3843 6
      vertex -9.25 -16.0215 0
      vertex -6.32737 -17.3843 0
    endloop
  endfacet
  facet normal -0.25881 0.965928 0
    outer loop
      vertex -3.21249 18.2189 0
      vertex -6.32737 17.3843 6
      vertex -3.21249 18.2189 6
    endloop
  endfacet
  facet normal -0.25881 0.965928 0
    outer loop
      vertex -6.32737 17.3843 6
      vertex -3.21249 18.2189 0
      vertex -6.32737 17.3843 0
    endloop
  endfacet
  facet normal -0.0871691 0.996194 0
    outer loop
      vertex 0 18.5 0
      vertex -3.21249 18.2189 6
      vertex 0 18.5 6
    endloop
  endfacet
  facet normal -0.0871691 0.996194 0
    outer loop
      vertex -3.21249 18.2189 6
      vertex 0 18.5 0
      vertex -3.21249 18.2189 0
    endloop
  endfacet
  facet normal -0.906313 -0.422607 0
    outer loop
      vertex -16.0215 -9.25 0
      vertex -17.3843 -6.32737 6
      vertex -17.3843 -6.32737 0
    endloop
  endfacet
  facet normal -0.906313 -0.422607 0
    outer loop
      vertex -17.3843 -6.32737 6
      vertex -16.0215 -9.25 0
      vertex -16.0215 -9.25 6
    endloop
  endfacet
  facet normal 0.0871691 0.996194 -0
    outer loop
      vertex 3.21249 18.2189 0
      vertex 0 18.5 6
      vertex 3.21249 18.2189 6
    endloop
  endfacet
  facet normal 0.0871691 0.996194 0
    outer loop
      vertex 0 18.5 6
      vertex 3.21249 18.2189 0
      vertex 0 18.5 0
    endloop
  endfacet
  facet normal -0.819147 -0.573583 0
    outer loop
      vertex -14.1718 -11.8916 0
      vertex -16.0215 -9.25 6
      vertex -16.0215 -9.25 0
    endloop
  endfacet
  facet normal -0.819147 -0.573583 0
    outer loop
      vertex -16.0215 -9.25 6
      vertex -14.1718 -11.8916 0
      vertex -14.1718 -11.8916 6
    endloop
  endfacet
  facet normal -0.707107 -0.707107 0
    outer loop
      vertex -11.8916 -14.1718 0
      vertex -14.1718 -11.8916 6
      vertex -14.1718 -11.8916 0
    endloop
  endfacet
  facet normal -0.707107 -0.707107 0
    outer loop
      vertex -14.1718 -11.8916 6
      vertex -11.8916 -14.1718 0
      vertex -11.8916 -14.1718 6
    endloop
  endfacet
  facet normal 0.25881 0.965928 -0
    outer loop
      vertex 6.32737 17.3843 0
      vertex 3.21249 18.2189 6
      vertex 6.32737 17.3843 6
    endloop
  endfacet
  facet normal 0.25881 0.965928 0
    outer loop
      vertex 3.21249 18.2189 6
      vertex 6.32737 17.3843 0
      vertex 3.21249 18.2189 0
    endloop
  endfacet
  facet normal -0.965928 0.25881 0
    outer loop
      vertex -18.2189 3.21249 0
      vertex -17.3843 6.32737 6
      vertex -17.3843 6.32737 0
    endloop
  endfacet
  facet normal -0.965928 0.25881 0
    outer loop
      vertex -17.3843 6.32737 6
      vertex -18.2189 3.21249 0
      vertex -18.2189 3.21249 6
    endloop
  endfacet
  facet normal -0.707107 0.707107 0
    outer loop
      vertex -14.1718 11.8916 0
      vertex -11.8916 14.1718 6
      vertex -11.8916 14.1718 0
    endloop
  endfacet
  facet normal -0.707107 0.707107 0
    outer loop
      vertex -11.8916 14.1718 6
      vertex -14.1718 11.8916 0
      vertex -14.1718 11.8916 6
    endloop
  endfacet
  facet normal 0.954481 0.0835 0.286345
    outer loop
      vertex 14.8 0 6
      vertex 8.11339 0.377736 28.1785
      vertex 8.14496 0.0168622 28.1785
    endloop
  endfacet
  facet normal 0.954459 0.0837732 0.286338
    outer loop
      vertex 14.8 0 6
      vertex 8.14496 0.0168622 28.1785
      vertex 8.14644 0 28.1785
    endloop
  endfacet
  facet normal 0.954482 0.0834896 0.286345
    outer loop
      vertex 8.11339 0.377736 28.1785
      vertex 14.8 0 6
      vertex 14.5752 2.56999 6
    endloop
  endfacet
  facet normal 0.677498 0.677498 0.286346
    outer loop
      vertex 5.23643 6.24053 28.1785
      vertex 11.3375 9.51326 6
      vertex 9.51326 11.3375 6
    endloop
  endfacet
  facet normal 0.677498 0.677498 0.286346
    outer loop
      vertex 11.3375 9.51326 6
      vertex 5.23643 6.24053 28.1785
      vertex 6.24053 5.23643 28.1785
    endloop
  endfacet
  facet normal -0.784901 0.549488 0.286344
    outer loop
      vertex -11.3375 9.51326 6
      vertex -6.25024 5.22256 28.1785
      vertex -6.24053 5.23643 28.1785
    endloop
  endfacet
  facet normal -0.784852 0.549557 0.286346
    outer loop
      vertex -6.25024 5.22256 28.1785
      vertex -11.3375 9.51326 6
      vertex -6.83753 4.38382 28.1785
    endloop
  endfacet
  facet normal -0.925479 0.247981 0.286346
    outer loop
      vertex -7.65515 2.78625 28.1785
      vertex -13.9075 5.0619 6
      vertex -7.92454 1.78087 28.1785
    endloop
  endfacet
  facet normal -0.0837732 0.954459 0.286338
    outer loop
      vertex 0 14.8 6
      vertex -0.0168622 8.14496 28.1785
      vertex 0 8.14644 28.1785
    endloop
  endfacet
  facet normal -0.0835 0.954481 0.286345
    outer loop
      vertex -0.0168622 8.14496 28.1785
      vertex 0 14.8 6
      vertex -0.377736 8.11339 28.1785
    endloop
  endfacet
  facet normal -0.0834896 0.954482 0.286345
    outer loop
      vertex -0.377736 8.11339 28.1785
      vertex 0 14.8 6
      vertex -2.56999 14.5752 6
    endloop
  endfacet
  facet normal -0.404914 0.868361 0.286347
    outer loop
      vertex -5.0619 13.9075 6
      vertex -4.05788 7.06218 28.1785
      vertex -3.72957 7.21527 28.1785
    endloop
  endfacet
  facet normal -0.405243 0.868217 0.286318
    outer loop
      vertex -4.05788 7.06218 28.1785
      vertex -5.0619 13.9075 6
      vertex -4.07322 7.05502 28.1785
    endloop
  endfacet
  facet normal -0.40493 0.868354 0.286346
    outer loop
      vertex -4.07322 7.05502 28.1785
      vertex -5.0619 13.9075 6
      vertex -7.4 12.8172 6
    endloop
  endfacet
  facet normal -0.925479 0.247979 0.286346
    outer loop
      vertex -14.5752 2.56999 6
      vertex -7.92454 1.78087 28.1785
      vertex -13.9075 5.0619 6
    endloop
  endfacet
  facet normal -0.925484 0.247961 0.286347
    outer loop
      vertex -14.5752 2.56999 6
      vertex -8.01829 1.43096 28.1785
      vertex -7.92454 1.78087 28.1785
    endloop
  endfacet
  facet normal -0.925354 0.248459 0.286334
    outer loop
      vertex -8.01829 1.43096 28.1785
      vertex -14.5752 2.56999 6
      vertex -8.02268 1.41461 28.1785
    endloop
  endfacet
  facet normal 0.0835 0.954481 0.286345
    outer loop
      vertex 0 14.8 6
      vertex 0.0168622 8.14496 28.1785
      vertex 0.377736 8.11339 28.1785
    endloop
  endfacet
  facet normal 0.0834896 0.954482 0.286345
    outer loop
      vertex 0 14.8 6
      vertex 0.377736 8.11339 28.1785
      vertex 2.56999 14.5752 6
    endloop
  endfacet
  facet normal 0.0837732 0.954459 0.286338
    outer loop
      vertex 0.0168622 8.14496 28.1785
      vertex 0 14.8 6
      vertex 0 8.14644 28.1785
    endloop
  endfacet
  facet normal -0.404924 0.868356 0.286346
    outer loop
      vertex -2.78625 7.65515 28.1785
      vertex -5.0619 13.9075 6
      vertex -3.72957 7.21527 28.1785
    endloop
  endfacet
  facet normal 0.784855 0.549554 0.286346
    outer loop
      vertex 6.83753 4.38382 28.1785
      vertex 12.8172 7.4 6
      vertex 11.3375 9.51326 6
    endloop
  endfacet
  facet normal 0.784845 0.549568 0.286345
    outer loop
      vertex 12.8172 7.4 6
      vertex 6.83753 4.38382 28.1785
      vertex 7.05502 4.07322 28.1785
    endloop
  endfacet
  facet normal 0.784901 0.549488 0.286344
    outer loop
      vertex 6.25024 5.22256 28.1785
      vertex 11.3375 9.51326 6
      vertex 6.24053 5.23643 28.1785
    endloop
  endfacet
  facet normal 0.784852 0.549557 0.286346
    outer loop
      vertex 11.3375 9.51326 6
      vertex 6.25024 5.22256 28.1785
      vertex 6.83753 4.38382 28.1785
    endloop
  endfacet
  facet normal 0.247981 0.925479 0.286346
    outer loop
      vertex 5.0619 13.9075 6
      vertex 1.78087 7.92454 28.1785
      vertex 2.78625 7.65515 28.1785
    endloop
  endfacet
  facet normal 0.925479 0.247981 0.286346
    outer loop
      vertex 13.9075 5.0619 6
      vertex 7.65515 2.78625 28.1785
      vertex 7.92454 1.78087 28.1785
    endloop
  endfacet
  facet normal -0.925354 -0.248459 0.286334
    outer loop
      vertex -14.5752 -2.56999 6
      vertex -8.01829 -1.43096 28.1785
      vertex -8.02268 -1.41461 28.1785
    endloop
  endfacet
  facet normal -0.925484 -0.247961 0.286347
    outer loop
      vertex -8.01829 -1.43096 28.1785
      vertex -14.5752 -2.56999 6
      vertex -7.92454 -1.78087 28.1785
    endloop
  endfacet
  facet normal -0.925479 -0.247979 0.286346
    outer loop
      vertex -7.92454 -1.78087 28.1785
      vertex -14.5752 -2.56999 6
      vertex -13.9075 -5.0619 6
    endloop
  endfacet
  facet normal 0.925479 0.247979 0.286346
    outer loop
      vertex 7.92454 1.78087 28.1785
      vertex 14.5752 2.56999 6
      vertex 13.9075 5.0619 6
    endloop
  endfacet
  facet normal 0.925484 0.247961 0.286347
    outer loop
      vertex 8.01829 1.43096 28.1785
      vertex 14.5752 2.56999 6
      vertex 7.92454 1.78087 28.1785
    endloop
  endfacet
  facet normal 0.925354 0.248459 0.286334
    outer loop
      vertex 14.5752 2.56999 6
      vertex 8.01829 1.43096 28.1785
      vertex 8.02268 1.41461 28.1785
    endloop
  endfacet
  facet normal -0.549554 -0.784855 0.286346
    outer loop
      vertex -7.4 -12.8172 6
      vertex -4.38382 -6.83753 28.1785
      vertex -9.51326 -11.3375 6
    endloop
  endfacet
  facet normal -0.549568 -0.784845 0.286345
    outer loop
      vertex -4.38382 -6.83753 28.1785
      vertex -7.4 -12.8172 6
      vertex -4.07322 -7.05502 28.1785
    endloop
  endfacet
  facet normal -0.247961 -0.925484 0.286347
    outer loop
      vertex -2.56999 -14.5752 6
      vertex -1.43096 -8.01829 28.1785
      vertex -1.78087 -7.92454 28.1785
    endloop
  endfacet
  facet normal -0.247979 -0.925479 0.286346
    outer loop
      vertex -2.56999 -14.5752 6
      vertex -1.78087 -7.92454 28.1785
      vertex -5.0619 -13.9075 6
    endloop
  endfacet
  facet normal -0.248459 -0.925354 0.286334
    outer loop
      vertex -1.43096 -8.01829 28.1785
      vertex -2.56999 -14.5752 6
      vertex -1.41461 -8.02268 28.1785
    endloop
  endfacet
  facet normal 0.247961 0.925484 0.286347
    outer loop
      vertex 2.56999 14.5752 6
      vertex 1.43096 8.01829 28.1785
      vertex 1.78087 7.92454 28.1785
    endloop
  endfacet
  facet normal 0.247979 0.925479 0.286346
    outer loop
      vertex 2.56999 14.5752 6
      vertex 1.78087 7.92454 28.1785
      vertex 5.0619 13.9075 6
    endloop
  endfacet
  facet normal 0.248459 0.925354 0.286334
    outer loop
      vertex 1.43096 8.01829 28.1785
      vertex 2.56999 14.5752 6
      vertex 1.41461 8.02268 28.1785
    endloop
  endfacet
  facet normal -0.248459 0.925354 0.286334
    outer loop
      vertex -2.56999 14.5752 6
      vertex -1.43096 8.01829 28.1785
      vertex -1.41461 8.02268 28.1785
    endloop
  endfacet
  facet normal -0.247961 0.925484 0.286347
    outer loop
      vertex -1.43096 8.01829 28.1785
      vertex -2.56999 14.5752 6
      vertex -1.78087 7.92454 28.1785
    endloop
  endfacet
  facet normal -0.247979 0.925479 0.286346
    outer loop
      vertex -1.78087 7.92454 28.1785
      vertex -2.56999 14.5752 6
      vertex -5.0619 13.9075 6
    endloop
  endfacet
  facet normal 0.549568 -0.784845 0.286345
    outer loop
      vertex 7.4 -12.8172 6
      vertex 4.38382 -6.83753 28.1785
      vertex 4.07322 -7.05502 28.1785
    endloop
  endfacet
  facet normal 0.549554 -0.784855 0.286346
    outer loop
      vertex 4.38382 -6.83753 28.1785
      vertex 7.4 -12.8172 6
      vertex 9.51326 -11.3375 6
    endloop
  endfacet
  facet normal -0.247981 -0.925479 0.286346
    outer loop
      vertex -2.78625 -7.65515 28.1785
      vertex -5.0619 -13.9075 6
      vertex -1.78087 -7.92454 28.1785
    endloop
  endfacet
  facet normal 0.954459 -0.0837732 0.286338
    outer loop
      vertex 8.14496 -0.0168622 28.1785
      vertex 14.8 0 6
      vertex 8.14644 0 28.1785
    endloop
  endfacet
  facet normal 0.954481 -0.0835 0.286345
    outer loop
      vertex 8.11339 -0.377736 28.1785
      vertex 14.8 0 6
      vertex 8.14496 -0.0168622 28.1785
    endloop
  endfacet
  facet normal 0.954482 -0.0834896 0.286345
    outer loop
      vertex 14.8 0 6
      vertex 8.11339 -0.377736 28.1785
      vertex 14.5752 -2.56999 6
    endloop
  endfacet
  facet normal 0.868354 0.40493 0.286346
    outer loop
      vertex 7.05502 4.07322 28.1785
      vertex 13.9075 5.0619 6
      vertex 12.8172 7.4 6
    endloop
  endfacet
  facet normal 0.868217 0.405243 0.286318
    outer loop
      vertex 7.06218 4.05788 28.1785
      vertex 13.9075 5.0619 6
      vertex 7.05502 4.07322 28.1785
    endloop
  endfacet
  facet normal 0.868361 0.404914 0.286347
    outer loop
      vertex 13.9075 5.0619 6
      vertex 7.06218 4.05788 28.1785
      vertex 7.21527 3.72957 28.1785
    endloop
  endfacet
  facet normal 0.784845 -0.549568 0.286345
    outer loop
      vertex 6.83753 -4.38382 28.1785
      vertex 12.8172 -7.4 6
      vertex 7.05502 -4.07322 28.1785
    endloop
  endfacet
  facet normal 0.784855 -0.549554 0.286346
    outer loop
      vertex 12.8172 -7.4 6
      vertex 6.83753 -4.38382 28.1785
      vertex 11.3375 -9.51326 6
    endloop
  endfacet
  facet normal -0.247981 0.925479 0.286346
    outer loop
      vertex -1.78087 7.92454 28.1785
      vertex -5.0619 13.9075 6
      vertex -2.78625 7.65515 28.1785
    endloop
  endfacet
  facet normal -0.954482 0.0834896 0.286345
    outer loop
      vertex -14.8 0 6
      vertex -8.11339 0.377736 28.1785
      vertex -14.5752 2.56999 6
    endloop
  endfacet
  facet normal -0.954481 0.0835 0.286345
    outer loop
      vertex -8.11339 0.377736 28.1785
      vertex -14.8 0 6
      vertex -8.14496 0.0168622 28.1785
    endloop
  endfacet
  facet normal -0.954459 0.0837732 0.286338
    outer loop
      vertex -8.14496 0.0168622 28.1785
      vertex -14.8 0 6
      vertex -8.14644 0 28.1785
    endloop
  endfacet
  facet normal 0.405243 0.868217 0.286318
    outer loop
      vertex 5.0619 13.9075 6
      vertex 4.05788 7.06218 28.1785
      vertex 4.07322 7.05502 28.1785
    endloop
  endfacet
  facet normal 0.40493 0.868354 0.286346
    outer loop
      vertex 5.0619 13.9075 6
      vertex 4.07322 7.05502 28.1785
      vertex 7.4 12.8172 6
    endloop
  endfacet
  facet normal 0.404914 0.868361 0.286347
    outer loop
      vertex 4.05788 7.06218 28.1785
      vertex 5.0619 13.9075 6
      vertex 3.72957 7.21527 28.1785
    endloop
  endfacet
  facet normal 0.0835019 -0.954481 0.286346
    outer loop
      vertex 2.56999 -14.5752 6
      vertex 1.41461 -8.02268 28.1785
      vertex 0.377736 -8.11339 28.1785
    endloop
  endfacet
  facet normal -0.677498 0.677498 0.286346
    outer loop
      vertex -11.3375 9.51326 6
      vertex -5.23643 6.24053 28.1785
      vertex -9.51326 11.3375 6
    endloop
  endfacet
  facet normal -0.677498 0.677498 0.286346
    outer loop
      vertex -5.23643 6.24053 28.1785
      vertex -11.3375 9.51326 6
      vertex -6.24053 5.23643 28.1785
    endloop
  endfacet
  facet normal 0.404924 0.868356 0.286346
    outer loop
      vertex 5.0619 13.9075 6
      vertex 2.78625 7.65515 28.1785
      vertex 3.72957 7.21527 28.1785
    endloop
  endfacet
  facet normal 0.868217 -0.405243 0.286318
    outer loop
      vertex 13.9075 -5.0619 6
      vertex 7.06218 -4.05788 28.1785
      vertex 7.05502 -4.07322 28.1785
    endloop
  endfacet
  facet normal 0.868361 -0.404914 0.286347
    outer loop
      vertex 7.06218 -4.05788 28.1785
      vertex 13.9075 -5.0619 6
      vertex 7.21527 -3.72957 28.1785
    endloop
  endfacet
  facet normal 0.868354 -0.40493 0.286346
    outer loop
      vertex 13.9075 -5.0619 6
      vertex 7.05502 -4.07322 28.1785
      vertex 12.8172 -7.4 6
    endloop
  endfacet
  facet normal -0.954459 -0.0837732 0.286338
    outer loop
      vertex -14.8 0 6
      vertex -8.14496 -0.0168622 28.1785
      vertex -8.14644 0 28.1785
    endloop
  endfacet
  facet normal -0.954481 -0.0835 0.286345
    outer loop
      vertex -14.8 0 6
      vertex -8.11339 -0.377736 28.1785
      vertex -8.14496 -0.0168622 28.1785
    endloop
  endfacet
  facet normal -0.954482 -0.0834896 0.286345
    outer loop
      vertex -8.11339 -0.377736 28.1785
      vertex -14.8 0 6
      vertex -14.5752 -2.56999 6
    endloop
  endfacet
  facet normal 0.784901 -0.549488 0.286344
    outer loop
      vertex 11.3375 -9.51326 6
      vertex 6.25024 -5.22256 28.1785
      vertex 6.24053 -5.23643 28.1785
    endloop
  endfacet
  facet normal 0.784852 -0.549557 0.286346
    outer loop
      vertex 6.25024 -5.22256 28.1785
      vertex 11.3375 -9.51326 6
      vertex 6.83753 -4.38382 28.1785
    endloop
  endfacet
  facet normal 0.0835019 0.954481 0.286346
    outer loop
      vertex 1.41461 8.02268 28.1785
      vertex 2.56999 14.5752 6
      vertex 0.377736 8.11339 28.1785
    endloop
  endfacet
  facet normal -0.868361 -0.404914 0.286347
    outer loop
      vertex -13.9075 -5.0619 6
      vertex -7.06218 -4.05788 28.1785
      vertex -7.21527 -3.72957 28.1785
    endloop
  endfacet
  facet normal -0.868217 -0.405243 0.286318
    outer loop
      vertex -7.06218 -4.05788 28.1785
      vertex -13.9075 -5.0619 6
      vertex -7.05502 -4.07322 28.1785
    endloop
  endfacet
  facet normal -0.868354 -0.40493 0.286346
    outer loop
      vertex -7.05502 -4.07322 28.1785
      vertex -13.9075 -5.0619 6
      vertex -12.8172 -7.4 6
    endloop
  endfacet
  facet normal -0.404924 -0.868356 0.286346
    outer loop
      vertex -5.0619 -13.9075 6
      vertex -2.78625 -7.65515 28.1785
      vertex -3.72957 -7.21527 28.1785
    endloop
  endfacet
  facet normal -0.784845 -0.549568 0.286345
    outer loop
      vertex -12.8172 -7.4 6
      vertex -6.83753 -4.38382 28.1785
      vertex -7.05502 -4.07322 28.1785
    endloop
  endfacet
  facet normal -0.784855 -0.549554 0.286346
    outer loop
      vertex -6.83753 -4.38382 28.1785
      vertex -12.8172 -7.4 6
      vertex -11.3375 -9.51326 6
    endloop
  endfacet
  facet normal 0.248459 -0.925354 0.286334
    outer loop
      vertex 2.56999 -14.5752 6
      vertex 1.43096 -8.01829 28.1785
      vertex 1.41461 -8.02268 28.1785
    endloop
  endfacet
  facet normal 0.247961 -0.925484 0.286347
    outer loop
      vertex 1.43096 -8.01829 28.1785
      vertex 2.56999 -14.5752 6
      vertex 1.78087 -7.92454 28.1785
    endloop
  endfacet
  facet normal 0.247979 -0.925479 0.286346
    outer loop
      vertex 1.78087 -7.92454 28.1785
      vertex 2.56999 -14.5752 6
      vertex 5.0619 -13.9075 6
    endloop
  endfacet
  facet normal 0.247981 -0.925479 0.286346
    outer loop
      vertex 2.78625 -7.65515 28.1785
      vertex 1.78087 -7.92454 28.1785
      vertex 5.0619 -13.9075 6
    endloop
  endfacet
  facet normal -0.954481 0.0835019 0.286346
    outer loop
      vertex -8.02268 1.41461 28.1785
      vertex -14.5752 2.56999 6
      vertex -8.11339 0.377736 28.1785
    endloop
  endfacet
  facet normal -0.549568 0.784845 0.286345
    outer loop
      vertex -7.4 12.8172 6
      vertex -4.38382 6.83753 28.1785
      vertex -4.07322 7.05502 28.1785
    endloop
  endfacet
  facet normal -0.549554 0.784855 0.286346
    outer loop
      vertex -4.38382 6.83753 28.1785
      vertex -7.4 12.8172 6
      vertex -9.51326 11.3375 6
    endloop
  endfacet
  facet normal -0.784855 0.549554 0.286346
    outer loop
      vertex -12.8172 7.4 6
      vertex -6.83753 4.38382 28.1785
      vertex -11.3375 9.51326 6
    endloop
  endfacet
  facet normal -0.784845 0.549568 0.286345
    outer loop
      vertex -6.83753 4.38382 28.1785
      vertex -12.8172 7.4 6
      vertex -7.05502 4.07322 28.1785
    endloop
  endfacet
  facet normal -0.868354 0.40493 0.286346
    outer loop
      vertex -13.9075 5.0619 6
      vertex -7.05502 4.07322 28.1785
      vertex -12.8172 7.4 6
    endloop
  endfacet
  facet normal -0.868217 0.405243 0.286318
    outer loop
      vertex -13.9075 5.0619 6
      vertex -7.06218 4.05788 28.1785
      vertex -7.05502 4.07322 28.1785
    endloop
  endfacet
  facet normal -0.868361 0.404914 0.286347
    outer loop
      vertex -7.06218 4.05788 28.1785
      vertex -13.9075 5.0619 6
      vertex -7.21527 3.72957 28.1785
    endloop
  endfacet
  facet normal -0.868356 0.404924 0.286346
    outer loop
      vertex -13.9075 5.0619 6
      vertex -7.65515 2.78625 28.1785
      vertex -7.21527 3.72957 28.1785
    endloop
  endfacet
  facet normal 0.549488 0.784901 0.286344
    outer loop
      vertex 9.51326 11.3375 6
      vertex 5.22256 6.25024 28.1785
      vertex 5.23643 6.24053 28.1785
    endloop
  endfacet
  facet normal 0.549557 0.784852 0.286346
    outer loop
      vertex 5.22256 6.25024 28.1785
      vertex 9.51326 11.3375 6
      vertex 4.38382 6.83753 28.1785
    endloop
  endfacet
  facet normal -0.925479 -0.247981 0.286346
    outer loop
      vertex -7.92454 -1.78087 28.1785
      vertex -13.9075 -5.0619 6
      vertex -7.65515 -2.78625 28.1785
    endloop
  endfacet
  facet normal -0.784852 -0.549557 0.286346
    outer loop
      vertex -11.3375 -9.51326 6
      vertex -6.25024 -5.22256 28.1785
      vertex -6.83753 -4.38382 28.1785
    endloop
  endfacet
  facet normal -0.784901 -0.549488 0.286344
    outer loop
      vertex -6.25024 -5.22256 28.1785
      vertex -11.3375 -9.51326 6
      vertex -6.24053 -5.23643 28.1785
    endloop
  endfacet
  facet normal -0.549557 0.784852 0.286346
    outer loop
      vertex -9.51326 11.3375 6
      vertex -5.22256 6.25024 28.1785
      vertex -4.38382 6.83753 28.1785
    endloop
  endfacet
  facet normal -0.549488 0.784901 0.286344
    outer loop
      vertex -5.22256 6.25024 28.1785
      vertex -9.51326 11.3375 6
      vertex -5.23643 6.24053 28.1785
    endloop
  endfacet
  facet normal -0.868356 -0.404924 0.286346
    outer loop
      vertex -7.65515 -2.78625 28.1785
      vertex -13.9075 -5.0619 6
      vertex -7.21527 -3.72957 28.1785
    endloop
  endfacet
  facet normal -0.954481 -0.0835019 0.286346
    outer loop
      vertex -14.5752 -2.56999 6
      vertex -8.02268 -1.41461 28.1785
      vertex -8.11339 -0.377736 28.1785
    endloop
  endfacet
  facet normal -0.0835019 0.954481 0.286346
    outer loop
      vertex -2.56999 14.5752 6
      vertex -1.41461 8.02268 28.1785
      vertex -0.377736 8.11339 28.1785
    endloop
  endfacet
  facet normal 0.868356 -0.404924 0.286346
    outer loop
      vertex 13.9075 -5.0619 6
      vertex 7.65515 -2.78625 28.1785
      vertex 7.21527 -3.72957 28.1785
    endloop
  endfacet
  facet normal -0.405243 -0.868217 0.286318
    outer loop
      vertex -5.0619 -13.9075 6
      vertex -4.05788 -7.06218 28.1785
      vertex -4.07322 -7.05502 28.1785
    endloop
  endfacet
  facet normal -0.40493 -0.868354 0.286346
    outer loop
      vertex -5.0619 -13.9075 6
      vertex -4.07322 -7.05502 28.1785
      vertex -7.4 -12.8172 6
    endloop
  endfacet
  facet normal -0.404914 -0.868361 0.286347
    outer loop
      vertex -4.05788 -7.06218 28.1785
      vertex -5.0619 -13.9075 6
      vertex -3.72957 -7.21527 28.1785
    endloop
  endfacet
  facet normal 0.549554 0.784855 0.286346
    outer loop
      vertex 7.4 12.8172 6
      vertex 4.38382 6.83753 28.1785
      vertex 9.51326 11.3375 6
    endloop
  endfacet
  facet normal 0.549568 0.784845 0.286345
    outer loop
      vertex 4.38382 6.83753 28.1785
      vertex 7.4 12.8172 6
      vertex 4.07322 7.05502 28.1785
    endloop
  endfacet
  facet normal -0.0835019 -0.954481 0.286346
    outer loop
      vertex -1.41461 -8.02268 28.1785
      vertex -2.56999 -14.5752 6
      vertex -0.377736 -8.11339 28.1785
    endloop
  endfacet
  facet normal 0.404924 -0.868356 0.286346
    outer loop
      vertex 2.78625 -7.65515 28.1785
      vertex 5.0619 -13.9075 6
      vertex 3.72957 -7.21527 28.1785
    endloop
  endfacet
  facet normal 0.925479 -0.247981 0.286346
    outer loop
      vertex 7.92454 -1.78087 28.1785
      vertex 7.65515 -2.78625 28.1785
      vertex 13.9075 -5.0619 6
    endloop
  endfacet
  facet normal 0.954481 0.0835019 0.286346
    outer loop
      vertex 14.5752 2.56999 6
      vertex 8.02268 1.41461 28.1785
      vertex 8.11339 0.377736 28.1785
    endloop
  endfacet
  facet normal 0.925484 -0.247961 0.286347
    outer loop
      vertex 14.5752 -2.56999 6
      vertex 8.01829 -1.43096 28.1785
      vertex 7.92454 -1.78087 28.1785
    endloop
  endfacet
  facet normal 0.925354 -0.248459 0.286334
    outer loop
      vertex 8.01829 -1.43096 28.1785
      vertex 14.5752 -2.56999 6
      vertex 8.02268 -1.41461 28.1785
    endloop
  endfacet
  facet normal 0.925479 -0.247979 0.286346
    outer loop
      vertex 14.5752 -2.56999 6
      vertex 7.92454 -1.78087 28.1785
      vertex 13.9075 -5.0619 6
    endloop
  endfacet
  facet normal 0.954481 -0.0835019 0.286346
    outer loop
      vertex 8.02268 -1.41461 28.1785
      vertex 14.5752 -2.56999 6
      vertex 8.11339 -0.377736 28.1785
    endloop
  endfacet
  facet normal 0.868356 0.404924 0.286346
    outer loop
      vertex 7.65515 2.78625 28.1785
      vertex 13.9075 5.0619 6
      vertex 7.21527 3.72957 28.1785
    endloop
  endfacet
  facet normal 0.404914 -0.868361 0.286347
    outer loop
      vertex 5.0619 -13.9075 6
      vertex 4.05788 -7.06218 28.1785
      vertex 3.72957 -7.21527 28.1785
    endloop
  endfacet
  facet normal 0.405243 -0.868217 0.286318
    outer loop
      vertex 4.05788 -7.06218 28.1785
      vertex 5.0619 -13.9075 6
      vertex 4.07322 -7.05502 28.1785
    endloop
  endfacet
  facet normal 0.40493 -0.868354 0.286346
    outer loop
      vertex 4.07322 -7.05502 28.1785
      vertex 5.0619 -13.9075 6
      vertex 7.4 -12.8172 6
    endloop
  endfacet
  facet normal -0.0835 -0.954481 0.286345
    outer loop
      vertex 0 -14.8 6
      vertex -0.0168622 -8.14496 28.1785
      vertex -0.377736 -8.11339 28.1785
    endloop
  endfacet
  facet normal -0.0834896 -0.954482 0.286345
    outer loop
      vertex 0 -14.8 6
      vertex -0.377736 -8.11339 28.1785
      vertex -2.56999 -14.5752 6
    endloop
  endfacet
  facet normal -0.0837732 -0.954459 0.286338
    outer loop
      vertex -0.0168622 -8.14496 28.1785
      vertex 0 -14.8 6
      vertex 0 -8.14644 28.1785
    endloop
  endfacet
  facet normal -0.549488 -0.784901 0.286344
    outer loop
      vertex -9.51326 -11.3375 6
      vertex -5.22256 -6.25024 28.1785
      vertex -5.23643 -6.24053 28.1785
    endloop
  endfacet
  facet normal -0.549557 -0.784852 0.286346
    outer loop
      vertex -5.22256 -6.25024 28.1785
      vertex -9.51326 -11.3375 6
      vertex -4.38382 -6.83753 28.1785
    endloop
  endfacet
  facet normal -0.677498 -0.677498 0.286346
    outer loop
      vertex -11.3375 -9.51326 6
      vertex -5.23643 -6.24053 28.1785
      vertex -6.24053 -5.23643 28.1785
    endloop
  endfacet
  facet normal -0.677498 -0.677498 0.286346
    outer loop
      vertex -5.23643 -6.24053 28.1785
      vertex -11.3375 -9.51326 6
      vertex -9.51326 -11.3375 6
    endloop
  endfacet
  facet normal 0.0837732 -0.954459 0.286338
    outer loop
      vertex 0 -14.8 6
      vertex 0.0168622 -8.14496 28.1785
      vertex 0 -8.14644 28.1785
    endloop
  endfacet
  facet normal 0.0835 -0.954481 0.286345
    outer loop
      vertex 0.0168622 -8.14496 28.1785
      vertex 0 -14.8 6
      vertex 0.377736 -8.11339 28.1785
    endloop
  endfacet
  facet normal 0.0834896 -0.954482 0.286345
    outer loop
      vertex 0.377736 -8.11339 28.1785
      vertex 0 -14.8 6
      vertex 2.56999 -14.5752 6
    endloop
  endfacet
  facet normal 0.549557 -0.784852 0.286346
    outer loop
      vertex 9.51326 -11.3375 6
      vertex 5.22256 -6.25024 28.1785
      vertex 4.38382 -6.83753 28.1785
    endloop
  endfacet
  facet normal 0.549488 -0.784901 0.286344
    outer loop
      vertex 5.22256 -6.25024 28.1785
      vertex 9.51326 -11.3375 6
      vertex 5.23643 -6.24053 28.1785
    endloop
  endfacet
  facet normal 0.677498 -0.677498 0.286346
    outer loop
      vertex 5.23643 -6.24053 28.1785
      vertex 11.3375 -9.51326 6
      vertex 6.24053 -5.23643 28.1785
    endloop
  endfacet
  facet normal 0.677498 -0.677498 0.286346
    outer loop
      vertex 11.3375 -9.51326 6
      vertex 5.23643 -6.24053 28.1785
      vertex 9.51326 -11.3375 6
    endloop
  endfacet
  facet normal -0.741111 0.198583 0.641341
    outer loop
      vertex -6.92776 2.5215 37.1622
      vertex -7.26037 1.2802 37.1622
      vertex -6.26728 1.10509 38.364
    endloop
  endfacet
  facet normal -0.142812 -0.0999983 0.984685
    outer loop
      vertex -0.679312 -0.3922 40.9658
      vertex -2.01729 -1.16469 40.6933
      vertex -1.7844 -1.49729 40.6933
    endloop
  endfacet
  facet normal -0.173678 -0.0151939 0.984685
    outer loop
      vertex -0.784401 0 40.9658
      vertex -2.32937 0 40.6933
      vertex -0.772485 -0.136209 40.9658
    endloop
  endfacet
  facet normal 0.863547 0.0755486 0.498577
    outer loop
      vertex 8.15677 0 35.8036
      vertex 7.26037 1.2802 37.1622
      vertex 7.37237 0 37.1622
    endloop
  endfacet
  facet normal 0.0858414 0.981173 -0.173003
    outer loop
      vertex 1.50958 8.56126 29.6706
      vertex 0 8.96575 31.2156
      vertex 1.55689 8.82954 31.2156
    endloop
  endfacet
  facet normal 0.254916 0.951361 -0.173004
    outer loop
      vertex 3.06647 8.42505 31.2156
      vertex 1.50958 8.56126 29.6706
      vertex 1.55689 8.82954 31.2156
    endloop
  endfacet
  facet normal -0.936534 -0.0819362 -0.340868
    outer loop
      vertex -8.03285 -1.41641 28.1964
      vertex -8.56126 -1.50958 29.6706
      vertex -8.15677 0 28.1964
    endloop
  endfacet
  facet normal -0.196815 -0.281083 0.939285
    outer loop
      vertex -1.49729 -1.7844 40.6933
      vertex -2.44488 -2.9137 40.1568
      vertex -1.90178 -3.29398 40.1568
    endloop
  endfacet
  facet normal 0.397311 0.852027 -0.340873
    outer loop
      vertex 4.07838 7.06397 28.1964
      vertex 2.78978 7.66486 28.1964
      vertex 4.34667 7.52865 29.6706
    endloop
  endfacet
  facet normal 0.936534 -0.0819354 0.340867
    outer loop
      vertex 8.69333 0 34.3294
      vertex 8.15677 0 35.8036
      vertex 8.56126 -1.50958 34.3294
    endloop
  endfacet
  facet normal 0.310989 0.145017 0.939285
    outer loop
      vertex 3.29398 1.90178 40.1568
      vertex 2.18889 0.796692 40.6933
      vertex 3.57418 1.30089 40.1568
    endloop
  endfacet
  facet normal 0.369513 0.527712 0.76484
    outer loop
      vertex 4.09067 4.87508 38.364
      vertex 2.58109 4.47059 39.3724
      vertex 3.31819 3.95446 39.3724
    endloop
  endfacet
  facet normal -0.166735 -0.62227 0.76484
    outer loop
      vertex -0.896404 -5.08376 39.3724
      vertex -1.76557 -4.85087 39.3724
      vertex -1.10509 -6.26728 38.364
    endloop
  endfacet
  facet normal 0.892643 -0.416244 0.173003
    outer loop
      vertex 8.42505 -3.06647 32.7844
      vertex 7.52865 -4.34667 34.3294
      vertex 7.76457 -4.48288 32.7844
    endloop
  endfacet
  facet normal -0.341832 0.029904 0.939285
    outer loop
      vertex -3.74578 0.660481 40.1568
      vertex -3.80356 0 40.1568
      vertex -2.29398 0.40449 40.6933
    endloop
  endfacet
  facet normal -0.951361 -0.254916 0.173004
    outer loop
      vertex -8.56126 -1.50958 34.3294
      vertex -8.82954 -1.55689 32.7844
      vertex -8.42505 -3.06647 32.7844
    endloop
  endfacet
  facet normal -0.539222 -0.770094 0.340873
    outer loop
      vertex -4.07838 -7.06397 35.8036
      vertex -5.24307 -6.24845 35.8036
      vertex -4.34667 -7.52865 34.3294
    endloop
  endfacet
  facet normal 0.0436991 -0.499523 0.865198
    outer loop
      vertex 0.660481 -3.74578 40.1568
      vertex 0 -3.80356 40.1568
      vertex 0.896404 -5.08376 39.3724
    endloop
  endfacet
  facet normal -0.908078 0.243317 0.340868
    outer loop
      vertex -7.66486 2.78978 35.8036
      vertex -8.56126 1.50958 34.3294
      vertex -8.03285 1.41641 35.8036
    endloop
  endfacet
  facet normal 0.965926 0.258819 0
    outer loop
      vertex 8.82954 1.55689 32.7844
      vertex 8.42505 3.06647 31.2156
      vertex 8.42505 3.06647 32.7844
    endloop
  endfacet
  facet normal 0.965926 0.258819 0
    outer loop
      vertex 8.42505 3.06647 31.2156
      vertex 8.82954 1.55689 32.7844
      vertex 8.82954 1.55689 31.2156
    endloop
  endfacet
  facet normal 0.416244 -0.892643 0.173003
    outer loop
      vertex 4.34667 -7.52865 34.3294
      vertex 3.06647 -8.42505 32.7844
      vertex 4.48288 -7.76457 32.7844
    endloop
  endfacet
  facet normal 0.852027 0.397311 -0.340873
    outer loop
      vertex 7.66486 2.78978 28.1964
      vertex 7.06397 4.07838 28.1964
      vertex 7.52865 4.34667 29.6706
    endloop
  endfacet
  facet normal -0.354565 -0.354565 0.865198
    outer loop
      vertex -2.9137 -2.44488 40.1568
      vertex -3.31819 -3.95446 39.3724
      vertex -2.44488 -2.9137 40.1568
    endloop
  endfacet
  facet normal -0.354565 -0.354565 0.865198
    outer loop
      vertex -3.31819 -3.95446 39.3724
      vertex -2.9137 -2.44488 40.1568
      vertex -3.95446 -3.31819 39.3724
    endloop
  endfacet
  facet normal -0.951361 -0.254916 0.173004
    outer loop
      vertex -8.16906 -2.97329 34.3294
      vertex -8.56126 -1.50958 34.3294
      vertex -8.42505 -3.06647 32.7844
    endloop
  endfacet
  facet normal 0.0299079 0.341833 0.939285
    outer loop
      vertex 0 3.80356 40.1568
      vertex 0 2.32937 40.6933
      vertex 0.40449 2.29398 40.6933
    endloop
  endfacet
  facet normal 0.22437 0.837362 -0.498481
    outer loop
      vertex 1.78087 7.92454 28.1785
      vertex 2.78978 7.66486 28.1964
      vertex 2.78625 7.65515 28.1785
    endloop
  endfacet
  facet normal 0.224377 0.837396 -0.498421
    outer loop
      vertex 2.78978 7.66486 28.1964
      vertex 1.78087 7.92454 28.1785
      vertex 1.41641 8.03285 28.1964
    endloop
  endfacet
  facet normal 0.224322 0.837252 -0.498688
    outer loop
      vertex 1.41641 8.03285 28.1964
      vertex 1.78087 7.92454 28.1785
      vertex 1.43096 8.01829 28.1785
    endloop
  endfacet
  facet normal -0.281082 -0.196817 0.939285
    outer loop
      vertex -2.01729 -1.16469 40.6933
      vertex -3.29398 -1.90178 40.1568
      vertex -1.7844 -1.49729 40.6933
    endloop
  endfacet
  facet normal 0.936534 0.0819362 0.340868
    outer loop
      vertex 8.56126 1.50958 34.3294
      vertex 8.03285 1.41641 35.8036
      vertex 8.15677 0 35.8036
    endloop
  endfacet
  facet normal 0.539226 0.770093 0.34087
    outer loop
      vertex 5.58797 6.65948 34.3294
      vertex 4.34667 7.52865 34.3294
      vertex 5.24307 6.24845 35.8036
    endloop
  endfacet
  facet normal 0.852027 -0.397311 0.340873
    outer loop
      vertex 7.66486 -2.78978 35.8036
      vertex 7.06397 -4.07838 35.8036
      vertex 7.52865 -4.34667 34.3294
    endloop
  endfacet
  facet normal 0.664758 -0.664758 -0.34087
    outer loop
      vertex 6.65948 -5.58797 29.6706
      vertex 5.24307 -6.24845 28.1964
      vertex 6.24845 -5.24307 28.1964
    endloop
  endfacet
  facet normal 0.664758 -0.664758 -0.34087
    outer loop
      vertex 5.24307 -6.24845 28.1964
      vertex 6.65948 -5.58797 29.6706
      vertex 5.58797 -6.65948 29.6706
    endloop
  endfacet
  facet normal 0.664758 0.664758 0.34087
    outer loop
      vertex 5.24307 6.24845 35.8036
      vertex 6.65948 5.58797 34.3294
      vertex 5.58797 6.65948 34.3294
    endloop
  endfacet
  facet normal 0.664758 0.664758 0.34087
    outer loop
      vertex 6.65948 5.58797 34.3294
      vertex 5.24307 6.24845 35.8036
      vertex 6.24845 5.24307 35.8036
    endloop
  endfacet
  facet normal 0.416244 0.892643 0.173003
    outer loop
      vertex 4.48288 7.76457 32.7844
      vertex 3.06647 8.42505 32.7844
      vertex 4.34667 7.52865 34.3294
    endloop
  endfacet
  facet normal 0.224823 0.837325 -0.498339
    outer loop
      vertex 1.41461 8.02268 28.1785
      vertex 1.41641 8.03285 28.1964
      vertex 1.43096 8.01829 28.1785
    endloop
  endfacet
  facet normal 0.123278 0.123278 0.984685
    outer loop
      vertex 1.49729 1.7844 40.6933
      vertex 0.600886 0.504203 40.9658
      vertex 1.7844 1.49729 40.6933
    endloop
  endfacet
  facet normal 0.123278 0.123278 0.984685
    outer loop
      vertex 0.600886 0.504203 40.9658
      vertex 1.49729 1.7844 40.6933
      vertex 0.504203 0.600886 40.9658
    endloop
  endfacet
  facet normal -0.707107 -0.707107 0
    outer loop
      vertex -5.76307 -6.86816 31.2156
      vertex -6.86816 -5.76307 32.7844
      vertex -6.86816 -5.76307 31.2156
    endloop
  endfacet
  facet normal -0.707107 -0.707107 0
    outer loop
      vertex -6.86816 -5.76307 32.7844
      vertex -5.76307 -6.86816 31.2156
      vertex -5.76307 -6.86816 32.7844
    endloop
  endfacet
  facet normal -0.892643 0.416244 0.173003
    outer loop
      vertex -7.76457 4.48288 32.7844
      vertex -8.42505 3.06647 32.7844
      vertex -7.52865 4.34667 34.3294
    endloop
  endfacet
  facet normal -0.8068 0.564929 -0.172998
    outer loop
      vertex -6.65948 5.58797 29.6706
      vertex -7.52865 4.34667 29.6706
      vertex -6.86816 5.76307 31.2156
    endloop
  endfacet
  facet normal 0.806797 -0.564932 -0.173003
    outer loop
      vertex 7.76457 -4.48288 31.2156
      vertex 6.86816 -5.76307 31.2156
      vertex 7.52865 -4.34667 29.6706
    endloop
  endfacet
  facet normal -0.0755508 -0.863548 0.498575
    outer loop
      vertex -1.2802 -7.26037 37.1622
      vertex -1.41641 -8.03285 35.8036
      vertex 0 -8.15677 35.8036
    endloop
  endfacet
  facet normal 0.145016 0.310989 0.939285
    outer loop
      vertex 1.90178 3.29398 40.1568
      vertex 0.796692 2.18889 40.6933
      vertex 1.16469 2.01729 40.6933
    endloop
  endfacet
  facet normal -0.0858408 0.981173 0.173004
    outer loop
      vertex 0 8.96575 32.7844
      vertex -1.50958 8.56126 34.3294
      vertex 0 8.69333 34.3294
    endloop
  endfacet
  facet normal 0.951361 -0.254916 -0.173004
    outer loop
      vertex 8.82954 -1.55689 31.2156
      vertex 8.42505 -3.06647 31.2156
      vertex 8.56126 -1.50958 29.6706
    endloop
  endfacet
  facet normal 0.741113 0.198581 0.64134
    outer loop
      vertex 6.92776 2.5215 37.1622
      vertex 5.98017 2.1766 38.364
      vertex 6.26728 1.10509 38.364
    endloop
  endfacet
  facet normal 0.612952 -0.612952 0.498577
    outer loop
      vertex 4.73887 -5.64756 37.1622
      vertex 6.24845 -5.24307 35.8036
      vertex 5.64756 -4.73887 37.1622
    endloop
  endfacet
  facet normal 0.612952 -0.612952 0.498577
    outer loop
      vertex 6.24845 -5.24307 35.8036
      vertex 4.73887 -5.64756 37.1622
      vertex 5.24307 -6.24845 35.8036
    endloop
  endfacet
  facet normal 0.499523 -0.0436991 0.865198
    outer loop
      vertex 3.80356 0 40.1568
      vertex 3.74578 -0.660481 40.1568
      vertex 5.08376 -0.896404 39.3724
    endloop
  endfacet
  facet normal -0.62227 -0.166735 0.76484
    outer loop
      vertex -5.08376 -0.896404 39.3724
      vertex -6.26728 -1.10509 38.364
      vertex -4.85087 -1.76557 39.3724
    endloop
  endfacet
  facet normal -0.837325 0.224823 -0.498339
    outer loop
      vertex -8.02268 1.41461 28.1785
      vertex -8.03285 1.41641 28.1964
      vertex -8.01829 1.43096 28.1785
    endloop
  endfacet
  facet normal -0.0871556 -0.996195 0
    outer loop
      vertex -1.55689 -8.82954 31.2156
      vertex 0 -8.96575 32.7844
      vertex -1.55689 -8.82954 32.7844
    endloop
  endfacet
  facet normal -0.0871556 -0.996195 -0
    outer loop
      vertex 0 -8.96575 32.7844
      vertex -1.55689 -8.82954 31.2156
      vertex 0 -8.96575 31.2156
    endloop
  endfacet
  facet normal -0.936534 0.0819354 0.340867
    outer loop
      vertex -8.56126 1.50958 34.3294
      vertex -8.69333 0 34.3294
      vertex -8.15677 0 35.8036
    endloop
  endfacet
  facet normal 0.224359 0.837309 0.498575
    outer loop
      vertex 1.41641 8.03285 35.8036
      vertex 1.2802 7.26037 37.1622
      vertex 2.5215 6.92776 37.1622
    endloop
  endfacet
  facet normal 0.242635 0.242635 0.939285
    outer loop
      vertex 2.44488 2.9137 40.1568
      vertex 1.7844 1.49729 40.6933
      vertex 2.9137 2.44488 40.1568
    endloop
  endfacet
  facet normal 0.242635 0.242635 0.939285
    outer loop
      vertex 1.7844 1.49729 40.6933
      vertex 2.44488 2.9137 40.1568
      vertex 1.49729 1.7844 40.6933
    endloop
  endfacet
  facet normal 0.764336 0.066869 0.641341
    outer loop
      vertex 7.26037 1.2802 37.1622
      vertex 6.36396 0 38.364
      vertex 7.37237 0 37.1622
    endloop
  endfacet
  facet normal 0.4972 0.71008 0.498577
    outer loop
      vertex 4.07838 7.06397 35.8036
      vertex 3.68618 6.38466 37.1622
      vertex 5.24307 6.24845 35.8036
    endloop
  endfacet
  facet normal 0.527712 0.369513 0.76484
    outer loop
      vertex 4.87508 4.09067 38.364
      vertex 3.95446 3.31819 39.3724
      vertex 4.47059 2.58109 39.3724
    endloop
  endfacet
  facet normal 0.366345 0.785629 0.498577
    outer loop
      vertex 4.07838 7.06397 35.8036
      vertex 2.5215 6.92776 37.1622
      vertex 3.68618 6.38466 37.1622
    endloop
  endfacet
  facet normal 0.819149 0.573581 0
    outer loop
      vertex 7.76457 4.48288 32.7844
      vertex 6.86816 5.76307 31.2156
      vertex 6.86816 5.76307 32.7844
    endloop
  endfacet
  facet normal 0.819149 0.573581 0
    outer loop
      vertex 6.86816 5.76307 31.2156
      vertex 7.76457 4.48288 32.7844
      vertex 7.76457 4.48288 31.2156
    endloop
  endfacet
  facet normal 0.564929 0.8068 -0.172998
    outer loop
      vertex 5.58797 6.65948 29.6706
      vertex 4.34667 7.52865 29.6706
      vertex 5.76307 6.86816 31.2156
    endloop
  endfacet
  facet normal 0.243317 -0.908078 0.340868
    outer loop
      vertex 2.78978 -7.66486 35.8036
      vertex 1.41641 -8.03285 35.8036
      vertex 1.50958 -8.56126 34.3294
    endloop
  endfacet
  facet normal 0.710078 -0.497201 0.498578
    outer loop
      vertex 6.38466 -3.68618 37.1622
      vertex 5.64756 -4.73887 37.1622
      vertex 6.24845 -5.24307 35.8036
    endloop
  endfacet
  facet normal -0.892643 -0.416244 -0.173003
    outer loop
      vertex -7.76457 -4.48288 31.2156
      vertex -8.42505 -3.06647 31.2156
      vertex -7.52865 -4.34667 29.6706
    endloop
  endfacet
  facet normal -0.0755598 -0.863698 -0.498314
    outer loop
      vertex -0.377736 -8.11339 28.1785
      vertex -1.41641 -8.03285 28.1964
      vertex -1.41461 -8.02268 28.1785
    endloop
  endfacet
  facet normal -0.075555 -0.863597 -0.49849
    outer loop
      vertex -1.41641 -8.03285 28.1964
      vertex -0.377736 -8.11339 28.1785
      vertex 0 -8.15677 28.1964
    endloop
  endfacet
  facet normal -0.0755447 -0.863545 -0.498582
    outer loop
      vertex 0 -8.15677 28.1964
      vertex -0.377736 -8.11339 28.1785
      vertex -0.0168622 -8.14496 28.1785
    endloop
  endfacet
  facet normal 0.612951 -0.612951 -0.498579
    outer loop
      vertex 6.24845 -5.24307 28.1964
      vertex 5.23643 -6.24053 28.1785
      vertex 6.24053 -5.23643 28.1785
    endloop
  endfacet
  facet normal 0.612951 -0.612951 -0.498579
    outer loop
      vertex 5.23643 -6.24053 28.1785
      vertex 6.24845 -5.24307 28.1964
      vertex 5.24307 -6.24845 28.1964
    endloop
  endfacet
  facet normal -0.0858414 -0.981173 0.173003
    outer loop
      vertex -1.50958 -8.56126 34.3294
      vertex -1.55689 -8.82954 32.7844
      vertex 0 -8.96575 32.7844
    endloop
  endfacet
  facet normal -0.527712 -0.369513 0.76484
    outer loop
      vertex -4.47059 -2.58109 39.3724
      vertex -4.87508 -4.09067 38.364
      vertex -3.95446 -3.31819 39.3724
    endloop
  endfacet
  facet normal -0.583864 -0.272262 0.764837
    outer loop
      vertex -4.47059 -2.58109 39.3724
      vertex -5.98017 -2.1766 38.364
      vertex -5.51135 -3.18198 38.364
    endloop
  endfacet
  facet normal -0.69537 -0.324257 0.641341
    outer loop
      vertex -5.51135 -3.18198 38.364
      vertex -6.92776 -2.5215 37.1622
      vertex -6.38466 -3.68618 37.1622
    endloop
  endfacet
  facet normal 0.258819 -0.965926 0
    outer loop
      vertex 1.55689 -8.82954 31.2156
      vertex 3.06647 -8.42505 32.7844
      vertex 1.55689 -8.82954 32.7844
    endloop
  endfacet
  facet normal 0.258819 -0.965926 0
    outer loop
      vertex 3.06647 -8.42505 32.7844
      vertex 1.55689 -8.82954 31.2156
      vertex 3.06647 -8.42505 31.2156
    endloop
  endfacet
  facet normal -0.892643 -0.416241 0.173005
    outer loop
      vertex -8.16906 -2.97329 34.3294
      vertex -8.42505 -3.06647 32.7844
      vertex -7.52865 -4.34667 34.3294
    endloop
  endfacet
  facet normal -0.6285 0.440079 0.641341
    outer loop
      vertex -5.64756 4.73887 37.1622
      vertex -6.38466 3.68618 37.1622
      vertex -5.51135 3.18198 38.364
    endloop
  endfacet
  facet normal 0.770093 0.539226 -0.34087
    outer loop
      vertex 7.52865 4.34667 29.6706
      vertex 6.24845 5.24307 28.1964
      vertex 6.65948 5.58797 29.6706
    endloop
  endfacet
  facet normal 0.936534 0.0819362 -0.340868
    outer loop
      vertex 8.15677 0 28.1964
      vertex 8.03285 1.41641 28.1964
      vertex 8.56126 1.50958 29.6706
    endloop
  endfacet
  facet normal 0.852033 -0.397305 0.340866
    outer loop
      vertex 7.66486 -2.78978 35.8036
      vertex 7.52865 -4.34667 34.3294
      vertex 8.16906 -2.97329 34.3294
    endloop
  endfacet
  facet normal 0.819149 -0.573581 0
    outer loop
      vertex 6.86816 -5.76307 32.7844
      vertex 7.76457 -4.48288 31.2156
      vertex 7.76457 -4.48288 32.7844
    endloop
  endfacet
  facet normal 0.819149 -0.573581 0
    outer loop
      vertex 7.76457 -4.48288 31.2156
      vertex 6.86816 -5.76307 32.7844
      vertex 6.86816 -5.76307 31.2156
    endloop
  endfacet
  facet normal 0.837309 -0.224359 0.498575
    outer loop
      vertex 7.26037 -1.2802 37.1622
      vertex 6.92776 -2.5215 37.1622
      vertex 8.03285 -1.41641 35.8036
    endloop
  endfacet
  facet normal 0.852027 0.397311 0.340873
    outer loop
      vertex 7.52865 4.34667 34.3294
      vertex 7.06397 4.07838 35.8036
      vertex 7.66486 2.78978 35.8036
    endloop
  endfacet
  facet normal 0.62227 -0.166737 0.764839
    outer loop
      vertex 6.26728 -1.10509 38.364
      vertex 4.85087 -1.76557 39.3724
      vertex 5.98017 -2.1766 38.364
    endloop
  endfacet
  facet normal 0.741113 -0.198581 0.64134
    outer loop
      vertex 6.26728 -1.10509 38.364
      vertex 5.98017 -2.1766 38.364
      vertex 6.92776 -2.5215 37.1622
    endloop
  endfacet
  facet normal 0.454448 0.211913 0.865199
    outer loop
      vertex 4.47059 2.58109 39.3724
      vertex 3.29398 1.90178 40.1568
      vertex 3.57418 1.30089 40.1568
    endloop
  endfacet
  facet normal 0.366347 -0.785627 0.498579
    outer loop
      vertex 4.07838 -7.06397 35.8036
      vertex 2.5215 -6.92776 37.1622
      vertex 2.78978 -7.66486 35.8036
    endloop
  endfacet
  facet normal 0.287611 0.410746 0.865198
    outer loop
      vertex 2.58109 4.47059 39.3724
      vertex 2.44488 2.9137 40.1568
      vertex 3.31819 3.95446 39.3724
    endloop
  endfacet
  facet normal -0.254916 0.951361 0.173004
    outer loop
      vertex -1.55689 8.82954 32.7844
      vertex -3.06647 8.42505 32.7844
      vertex -1.50958 8.56126 34.3294
    endloop
  endfacet
  facet normal -0.564929 0.8068 -0.172998
    outer loop
      vertex -5.58797 6.65948 29.6706
      vertex -5.76307 6.86816 31.2156
      vertex -4.34667 7.52865 29.6706
    endloop
  endfacet
  facet normal -0.770093 0.539226 0.34087
    outer loop
      vertex -6.65948 5.58797 34.3294
      vertex -7.52865 4.34667 34.3294
      vertex -6.24845 5.24307 35.8036
    endloop
  endfacet
  facet normal -0.224823 0.837325 -0.498339
    outer loop
      vertex -1.41641 8.03285 28.1964
      vertex -1.41461 8.02268 28.1785
      vertex -1.43096 8.01829 28.1785
    endloop
  endfacet
  facet normal -0.981173 -0.0858414 0.173003
    outer loop
      vertex -8.56126 -1.50958 34.3294
      vertex -8.96575 0 32.7844
      vertex -8.82954 -1.55689 32.7844
    endloop
  endfacet
  facet normal -0.892643 0.416241 0.173005
    outer loop
      vertex -7.52865 4.34667 34.3294
      vertex -8.42505 3.06647 32.7844
      vertex -8.16906 2.97329 34.3294
    endloop
  endfacet
  facet normal -0.641769 0.056151 0.76484
    outer loop
      vertex -5.08376 0.896404 39.3724
      vertex -6.26728 1.10509 38.364
      vertex -5.16219 0 39.3724
    endloop
  endfacet
  facet normal -0.951361 0.254916 0.173004
    outer loop
      vertex -8.42505 3.06647 32.7844
      vertex -8.56126 1.50958 34.3294
      vertex -8.16906 2.97329 34.3294
    endloop
  endfacet
  facet normal -0.981173 0.0858414 0.173003
    outer loop
      vertex -8.82954 1.55689 32.7844
      vertex -8.96575 0 32.7844
      vertex -8.56126 1.50958 34.3294
    endloop
  endfacet
  facet normal -0.497129 0.710111 -0.498604
    outer loop
      vertex -5.23643 6.24053 28.1785
      vertex -5.24307 6.24845 28.1964
      vertex -5.22256 6.25024 28.1785
    endloop
  endfacet
  facet normal 0.0858408 0.981173 0.173004
    outer loop
      vertex 0 8.96575 32.7844
      vertex 0 8.69333 34.3294
      vertex 1.50958 8.56126 34.3294
    endloop
  endfacet
  facet normal 0.770094 0.539222 0.340873
    outer loop
      vertex 7.52865 4.34667 34.3294
      vertex 6.24845 5.24307 35.8036
      vertex 7.06397 4.07838 35.8036
    endloop
  endfacet
  facet normal 0.892643 0.416241 0.173005
    outer loop
      vertex 8.42505 3.06647 32.7844
      vertex 7.52865 4.34667 34.3294
      vertex 8.16906 2.97329 34.3294
    endloop
  endfacet
  facet normal 0.852033 0.397305 0.340866
    outer loop
      vertex 8.16906 2.97329 34.3294
      vertex 7.52865 4.34667 34.3294
      vertex 7.66486 2.78978 35.8036
    endloop
  endfacet
  facet normal 0.527717 0.369511 0.764838
    outer loop
      vertex 4.87508 4.09067 38.364
      vertex 4.47059 2.58109 39.3724
      vertex 5.51135 3.18198 38.364
    endloop
  endfacet
  facet normal 0.770093 0.539226 0.34087
    outer loop
      vertex 6.65948 5.58797 34.3294
      vertex 6.24845 5.24307 35.8036
      vertex 7.52865 4.34667 34.3294
    endloop
  endfacet
  facet normal 0.397305 0.852033 0.340866
    outer loop
      vertex 2.97329 8.16906 34.3294
      vertex 2.78978 7.66486 35.8036
      vertex 4.34667 7.52865 34.3294
    endloop
  endfacet
  facet normal 0.612952 0.612952 0.498577
    outer loop
      vertex 4.73887 5.64756 37.1622
      vertex 6.24845 5.24307 35.8036
      vertex 5.24307 6.24845 35.8036
    endloop
  endfacet
  facet normal 0.612952 0.612952 0.498577
    outer loop
      vertex 6.24845 5.24307 35.8036
      vertex 4.73887 5.64756 37.1622
      vertex 5.64756 4.73887 37.1622
    endloop
  endfacet
  facet normal 0.906308 0.422617 0
    outer loop
      vertex 8.42505 3.06647 32.7844
      vertex 7.76457 4.48288 31.2156
      vertex 7.76457 4.48288 32.7844
    endloop
  endfacet
  facet normal 0.906308 0.422617 0
    outer loop
      vertex 7.76457 4.48288 31.2156
      vertex 8.42505 3.06647 32.7844
      vertex 8.42505 3.06647 31.2156
    endloop
  endfacet
  facet normal 0.707107 0.707107 0
    outer loop
      vertex 6.86816 5.76307 32.7844
      vertex 5.76307 6.86816 31.2156
      vertex 5.76307 6.86816 32.7844
    endloop
  endfacet
  facet normal 0.707107 0.707107 0
    outer loop
      vertex 5.76307 6.86816 31.2156
      vertex 6.86816 5.76307 32.7844
      vertex 6.86816 5.76307 31.2156
    endloop
  endfacet
  facet normal 0.564932 0.806797 -0.173003
    outer loop
      vertex 5.76307 6.86816 31.2156
      vertex 4.34667 7.52865 29.6706
      vertex 4.48288 7.76457 31.2156
    endloop
  endfacet
  facet normal 0.497173 0.710039 -0.498662
    outer loop
      vertex 4.38382 6.83753 28.1785
      vertex 5.24307 6.24845 28.1964
      vertex 5.22256 6.25024 28.1785
    endloop
  endfacet
  facet normal 0.497185 0.710059 -0.498622
    outer loop
      vertex 5.24307 6.24845 28.1964
      vertex 4.38382 6.83753 28.1785
      vertex 4.07838 7.06397 28.1964
    endloop
  endfacet
  facet normal 0.497263 0.710147 -0.498419
    outer loop
      vertex 4.07838 7.06397 28.1964
      vertex 4.38382 6.83753 28.1785
      vertex 4.07322 7.05502 28.1785
    endloop
  endfacet
  facet normal 0.539222 0.770094 -0.340873
    outer loop
      vertex 5.24307 6.24845 28.1964
      vertex 4.07838 7.06397 28.1964
      vertex 4.34667 7.52865 29.6706
    endloop
  endfacet
  facet normal 0.331445 0.0888103 0.939285
    outer loop
      vertex 3.74578 0.660481 40.1568
      vertex 2.18889 0.796692 40.6933
      vertex 2.29398 0.40449 40.6933
    endloop
  endfacet
  facet normal -0.341833 0.0299079 0.939285
    outer loop
      vertex -2.29398 0.40449 40.6933
      vertex -3.80356 0 40.1568
      vertex -2.32937 0 40.6933
    endloop
  endfacet
  facet normal 0.908078 -0.243319 0.340866
    outer loop
      vertex 8.56126 -1.50958 34.3294
      vertex 7.66486 -2.78978 35.8036
      vertex 8.16906 -2.97329 34.3294
    endloop
  endfacet
  facet normal 0.0819362 -0.936534 -0.340868
    outer loop
      vertex 1.50958 -8.56126 29.6706
      vertex 0 -8.15677 28.1964
      vertex 1.41641 -8.03285 28.1964
    endloop
  endfacet
  facet normal -0.0819354 -0.936534 -0.340867
    outer loop
      vertex 0 -8.69333 29.6706
      vertex -1.50958 -8.56126 29.6706
      vertex 0 -8.15677 28.1964
    endloop
  endfacet
  facet normal -0.397305 -0.852033 -0.340866
    outer loop
      vertex -2.97329 -8.16906 29.6706
      vertex -4.34667 -7.52865 29.6706
      vertex -2.78978 -7.66486 28.1964
    endloop
  endfacet
  facet normal -0.837362 0.22437 -0.498481
    outer loop
      vertex -7.92454 1.78087 28.1785
      vertex -7.66486 2.78978 28.1964
      vertex -7.65515 2.78625 28.1785
    endloop
  endfacet
  facet normal -0.837252 0.224322 -0.498688
    outer loop
      vertex -8.03285 1.41641 28.1964
      vertex -7.92454 1.78087 28.1785
      vertex -8.01829 1.43096 28.1785
    endloop
  endfacet
  facet normal -0.837396 0.224377 -0.498421
    outer loop
      vertex -7.92454 1.78087 28.1785
      vertex -8.03285 1.41641 28.1964
      vertex -7.66486 2.78978 28.1964
    endloop
  endfacet
  facet normal -0.224823 -0.837325 -0.498339
    outer loop
      vertex -1.41461 -8.02268 28.1785
      vertex -1.41641 -8.03285 28.1964
      vertex -1.43096 -8.01829 28.1785
    endloop
  endfacet
  facet normal -0.499523 -0.0436991 0.865198
    outer loop
      vertex -3.80356 0 40.1568
      vertex -5.08376 -0.896404 39.3724
      vertex -3.74578 -0.660481 40.1568
    endloop
  endfacet
  facet normal -0.852027 -0.397311 0.340873
    outer loop
      vertex -7.06397 -4.07838 35.8036
      vertex -7.66486 -2.78978 35.8036
      vertex -7.52865 -4.34667 34.3294
    endloop
  endfacet
  facet normal 0.088812 -0.331445 0.939285
    outer loop
      vertex 0.796692 -2.18889 40.6933
      vertex 0.660481 -3.74578 40.1568
      vertex 1.30089 -3.57418 40.1568
    endloop
  endfacet
  facet normal -0.029904 -0.341832 0.939285
    outer loop
      vertex -0.40449 -2.29398 40.6933
      vertex -0.660481 -3.74578 40.1568
      vertex 0 -3.80356 40.1568
    endloop
  endfacet
  facet normal -0.410746 0.287611 0.865198
    outer loop
      vertex -3.95446 3.31819 39.3724
      vertex -4.47059 2.58109 39.3724
      vertex -2.9137 2.44488 40.1568
    endloop
  endfacet
  facet normal -0.173678 -0.0151956 0.984685
    outer loop
      vertex -0.772485 -0.136209 40.9658
      vertex -2.32937 0 40.6933
      vertex -2.29398 -0.40449 40.6933
    endloop
  endfacet
  facet normal 0.243319 -0.908078 0.340866
    outer loop
      vertex 2.78978 -7.66486 35.8036
      vertex 1.50958 -8.56126 34.3294
      vertex 2.97329 -8.16906 34.3294
    endloop
  endfacet
  facet normal 0.254916 -0.951361 0.173004
    outer loop
      vertex 2.97329 -8.16906 34.3294
      vertex 1.50958 -8.56126 34.3294
      vertex 3.06647 -8.42505 32.7844
    endloop
  endfacet
  facet normal -0.0858414 -0.981173 -0.173003
    outer loop
      vertex 0 -8.96575 31.2156
      vertex -1.55689 -8.82954 31.2156
      vertex -1.50958 -8.56126 29.6706
    endloop
  endfacet
  facet normal 0.837325 0.224823 -0.498339
    outer loop
      vertex 8.03285 1.41641 28.1964
      vertex 8.02268 1.41461 28.1785
      vertex 8.01829 1.43096 28.1785
    endloop
  endfacet
  facet normal 0.785814 0.366423 -0.498228
    outer loop
      vertex 7.06397 4.07838 28.1964
      vertex 7.21527 3.72957 28.1785
      vertex 7.06218 4.05788 28.1785
    endloop
  endfacet
  facet normal 0.78572 0.366391 -0.4984
    outer loop
      vertex 7.66486 2.78978 28.1964
      vertex 7.21527 3.72957 28.1785
      vertex 7.06397 4.07838 28.1964
    endloop
  endfacet
  facet normal 0.785691 0.366376 -0.498456
    outer loop
      vertex 7.21527 3.72957 28.1785
      vertex 7.66486 2.78978 28.1964
      vertex 7.65515 2.78625 28.1785
    endloop
  endfacet
  facet normal 0.936534 0.0819354 -0.340867
    outer loop
      vertex 8.69333 0 29.6706
      vertex 8.15677 0 28.1964
      vertex 8.56126 1.50958 29.6706
    endloop
  endfacet
  facet normal 0.837308 -0.224354 0.498579
    outer loop
      vertex 8.03285 -1.41641 35.8036
      vertex 6.92776 -2.5215 37.1622
      vertex 7.66486 -2.78978 35.8036
    endloop
  endfacet
  facet normal 0.166737 -0.62227 0.764839
    outer loop
      vertex 1.76557 -4.85087 39.3724
      vertex 1.10509 -6.26728 38.364
      vertex 2.1766 -5.98017 38.364
    endloop
  endfacet
  facet normal 0.564929 -0.8068 0.172998
    outer loop
      vertex 5.58797 -6.65948 34.3294
      vertex 4.34667 -7.52865 34.3294
      vertex 5.76307 -6.86816 32.7844
    endloop
  endfacet
  facet normal 0.981173 -0.0858408 0.173004
    outer loop
      vertex 8.69333 0 34.3294
      vertex 8.56126 -1.50958 34.3294
      vertex 8.96575 0 32.7844
    endloop
  endfacet
  facet normal 0.951361 -0.254916 -0.173004
    outer loop
      vertex 8.42505 -3.06647 31.2156
      vertex 8.16906 -2.97329 29.6706
      vertex 8.56126 -1.50958 29.6706
    endloop
  endfacet
  facet normal 0.366376 -0.785691 -0.498456
    outer loop
      vertex 3.72957 -7.21527 28.1785
      vertex 2.78978 -7.66486 28.1964
      vertex 2.78625 -7.65515 28.1785
    endloop
  endfacet
  facet normal 0.366391 -0.78572 -0.4984
    outer loop
      vertex 2.78978 -7.66486 28.1964
      vertex 3.72957 -7.21527 28.1785
      vertex 4.07838 -7.06397 28.1964
    endloop
  endfacet
  facet normal 0.366423 -0.785814 -0.498228
    outer loop
      vertex 4.07838 -7.06397 28.1964
      vertex 3.72957 -7.21527 28.1785
      vertex 4.05788 -7.06218 28.1785
    endloop
  endfacet
  facet normal 0.908078 -0.243317 0.340868
    outer loop
      vertex 8.03285 -1.41641 35.8036
      vertex 7.66486 -2.78978 35.8036
      vertex 8.56126 -1.50958 34.3294
    endloop
  endfacet
  facet normal 0.837308 0.224354 0.498579
    outer loop
      vertex 7.66486 2.78978 35.8036
      vertex 6.92776 2.5215 37.1622
      vertex 8.03285 1.41641 35.8036
    endloop
  endfacet
  facet normal 0.785627 -0.366347 0.498579
    outer loop
      vertex 7.66486 -2.78978 35.8036
      vertex 6.92776 -2.5215 37.1622
      vertex 7.06397 -4.07838 35.8036
    endloop
  endfacet
  facet normal 0.863548 -0.0755508 0.498575
    outer loop
      vertex 8.15677 0 35.8036
      vertex 7.26037 -1.2802 37.1622
      vertex 8.03285 -1.41641 35.8036
    endloop
  endfacet
  facet normal 0.863547 -0.0755486 0.498577
    outer loop
      vertex 7.37237 0 37.1622
      vertex 7.26037 -1.2802 37.1622
      vertex 8.15677 0 35.8036
    endloop
  endfacet
  facet normal 0.764336 -0.066869 0.641341
    outer loop
      vertex 7.37237 0 37.1622
      vertex 6.36396 0 38.364
      vertex 7.26037 -1.2802 37.1622
    endloop
  endfacet
  facet normal 0.0819362 -0.936534 0.340868
    outer loop
      vertex 1.41641 -8.03285 35.8036
      vertex 0 -8.15677 35.8036
      vertex 1.50958 -8.56126 34.3294
    endloop
  endfacet
  facet normal 0.6285 -0.440079 0.641341
    outer loop
      vertex 6.38466 -3.68618 37.1622
      vertex 5.51135 -3.18198 38.364
      vertex 5.64756 -4.73887 37.1622
    endloop
  endfacet
  facet normal 0.287606 0.410747 0.865199
    outer loop
      vertex 2.58109 4.47059 39.3724
      vertex 1.90178 3.29398 40.1568
      vertex 2.44488 2.9137 40.1568
    endloop
  endfacet
  facet normal 0.454449 0.211911 0.865199
    outer loop
      vertex 4.47059 2.58109 39.3724
      vertex 3.57418 1.30089 40.1568
      vertex 4.85087 1.76557 39.3724
    endloop
  endfacet
  facet normal 0.69537 -0.324259 0.64134
    outer loop
      vertex 5.98017 -2.1766 38.364
      vertex 5.51135 -3.18198 38.364
      vertex 6.92776 -2.5215 37.1622
    endloop
  endfacet
  facet normal 0.62227 0.166737 0.764839
    outer loop
      vertex 5.98017 2.1766 38.364
      vertex 4.85087 1.76557 39.3724
      vertex 6.26728 1.10509 38.364
    endloop
  endfacet
  facet normal 0.863548 0.0755508 0.498575
    outer loop
      vertex 8.03285 1.41641 35.8036
      vertex 7.26037 1.2802 37.1622
      vertex 8.15677 0 35.8036
    endloop
  endfacet
  facet normal 0.410747 0.287606 0.865199
    outer loop
      vertex 4.47059 2.58109 39.3724
      vertex 2.9137 2.44488 40.1568
      vertex 3.29398 1.90178 40.1568
    endloop
  endfacet
  facet normal 0.310989 0.145016 0.939285
    outer loop
      vertex 3.29398 1.90178 40.1568
      vertex 2.01729 1.16469 40.6933
      vertex 2.18889 0.796692 40.6933
    endloop
  endfacet
  facet normal 0.075801 0.863629 -0.498396
    outer loop
      vertex 0.0168622 8.14496 28.1785
      vertex 0 8.14644 28.1785
      vertex 0 8.15677 28.1964
    endloop
  endfacet
  facet normal 0.243317 0.908078 -0.340868
    outer loop
      vertex 2.78978 7.66486 28.1964
      vertex 1.41641 8.03285 28.1964
      vertex 1.50958 8.56126 29.6706
    endloop
  endfacet
  facet normal -0.696445 0.696445 -0.172998
    outer loop
      vertex -5.58797 6.65948 29.6706
      vertex -6.86816 5.76307 31.2156
      vertex -5.76307 6.86816 31.2156
    endloop
  endfacet
  facet normal -0.696445 0.696445 -0.172998
    outer loop
      vertex -6.86816 5.76307 31.2156
      vertex -5.58797 6.65948 29.6706
      vertex -6.65948 5.58797 29.6706
    endloop
  endfacet
  facet normal 0.0858408 0.981173 -0.173004
    outer loop
      vertex 1.50958 8.56126 29.6706
      vertex 0 8.69333 29.6706
      vertex 0 8.96575 31.2156
    endloop
  endfacet
  facet normal -0.564932 0.806797 -0.173003
    outer loop
      vertex -4.34667 7.52865 29.6706
      vertex -5.76307 6.86816 31.2156
      vertex -4.48288 7.76457 31.2156
    endloop
  endfacet
  facet normal -0.707107 0.707107 0
    outer loop
      vertex -6.86816 5.76307 31.2156
      vertex -5.76307 6.86816 32.7844
      vertex -5.76307 6.86816 31.2156
    endloop
  endfacet
  facet normal -0.707107 0.707107 0
    outer loop
      vertex -5.76307 6.86816 32.7844
      vertex -6.86816 5.76307 31.2156
      vertex -6.86816 5.76307 32.7844
    endloop
  endfacet
  facet normal -0.936534 -0.0819354 0.340867
    outer loop
      vertex -8.15677 0 35.8036
      vertex -8.69333 0 34.3294
      vertex -8.56126 -1.50958 34.3294
    endloop
  endfacet
  facet normal -0.981173 -0.0858408 0.173004
    outer loop
      vertex -8.69333 0 34.3294
      vertex -8.96575 0 32.7844
      vertex -8.56126 -1.50958 34.3294
    endloop
  endfacet
  facet normal -0.951361 -0.254916 -0.173004
    outer loop
      vertex -8.42505 -3.06647 31.2156
      vertex -8.82954 -1.55689 31.2156
      vertex -8.56126 -1.50958 29.6706
    endloop
  endfacet
  facet normal -0.936534 0.0819354 -0.340867
    outer loop
      vertex -8.15677 0 28.1964
      vertex -8.69333 0 29.6706
      vertex -8.56126 1.50958 29.6706
    endloop
  endfacet
  facet normal -0.641772 0.0561461 0.764838
    outer loop
      vertex -6.26728 1.10509 38.364
      vertex -6.36396 0 38.364
      vertex -5.16219 0 39.3724
    endloop
  endfacet
  facet normal -0.243317 0.908078 0.340868
    outer loop
      vertex -1.50958 8.56126 34.3294
      vertex -2.78978 7.66486 35.8036
      vertex -1.41641 8.03285 35.8036
    endloop
  endfacet
  facet normal -0.908078 0.243319 0.340866
    outer loop
      vertex -8.16906 2.97329 34.3294
      vertex -8.56126 1.50958 34.3294
      vertex -7.66486 2.78978 35.8036
    endloop
  endfacet
  facet normal -0.8068 0.564929 0.172998
    outer loop
      vertex -6.86816 5.76307 32.7844
      vertex -7.52865 4.34667 34.3294
      vertex -6.65948 5.58797 34.3294
    endloop
  endfacet
  facet normal -0.892643 -0.416241 -0.173005
    outer loop
      vertex -7.52865 -4.34667 29.6706
      vertex -8.42505 -3.06647 31.2156
      vertex -8.16906 -2.97329 29.6706
    endloop
  endfacet
  facet normal -0.573581 0.819149 0
    outer loop
      vertex -4.48288 7.76457 31.2156
      vertex -5.76307 6.86816 32.7844
      vertex -4.48288 7.76457 32.7844
    endloop
  endfacet
  facet normal -0.573581 0.819149 0
    outer loop
      vertex -5.76307 6.86816 32.7844
      vertex -4.48288 7.76457 31.2156
      vertex -5.76307 6.86816 31.2156
    endloop
  endfacet
  facet normal -0.258819 0.965926 0
    outer loop
      vertex -1.55689 8.82954 31.2156
      vertex -3.06647 8.42505 32.7844
      vertex -1.55689 8.82954 32.7844
    endloop
  endfacet
  facet normal -0.258819 0.965926 0
    outer loop
      vertex -3.06647 8.42505 32.7844
      vertex -1.55689 8.82954 31.2156
      vertex -3.06647 8.42505 31.2156
    endloop
  endfacet
  facet normal 0.0819362 0.936534 0.340868
    outer loop
      vertex 1.50958 8.56126 34.3294
      vertex 0 8.15677 35.8036
      vertex 1.41641 8.03285 35.8036
    endloop
  endfacet
  facet normal -0.0871556 0.996195 0
    outer loop
      vertex 0 8.96575 31.2156
      vertex -1.55689 8.82954 32.7844
      vertex 0 8.96575 32.7844
    endloop
  endfacet
  facet normal -0.0871556 0.996195 0
    outer loop
      vertex -1.55689 8.82954 32.7844
      vertex 0 8.96575 31.2156
      vertex -1.55689 8.82954 31.2156
    endloop
  endfacet
  facet normal 0.440079 0.6285 0.641341
    outer loop
      vertex 4.73887 5.64756 37.1622
      vertex 3.18198 5.51135 38.364
      vertex 4.09067 4.87508 38.364
    endloop
  endfacet
  facet normal 0.981173 0.0858414 -0.173003
    outer loop
      vertex 8.96575 0 31.2156
      vertex 8.56126 1.50958 29.6706
      vertex 8.82954 1.55689 31.2156
    endloop
  endfacet
  facet normal 0.837309 0.224359 0.498575
    outer loop
      vertex 8.03285 1.41641 35.8036
      vertex 6.92776 2.5215 37.1622
      vertex 7.26037 1.2802 37.1622
    endloop
  endfacet
  facet normal 0.981173 0.0858414 0.173003
    outer loop
      vertex 8.82954 1.55689 32.7844
      vertex 8.56126 1.50958 34.3294
      vertex 8.96575 0 32.7844
    endloop
  endfacet
  facet normal 0.497201 0.710078 0.498578
    outer loop
      vertex 5.24307 6.24845 35.8036
      vertex 3.68618 6.38466 37.1622
      vertex 4.73887 5.64756 37.1622
    endloop
  endfacet
  facet normal 0.8068 0.564929 0.172998
    outer loop
      vertex 6.86816 5.76307 32.7844
      vertex 6.65948 5.58797 34.3294
      vertex 7.52865 4.34667 34.3294
    endloop
  endfacet
  facet normal 0.564932 0.806797 0.173003
    outer loop
      vertex 4.48288 7.76457 32.7844
      vertex 4.34667 7.52865 34.3294
      vertex 5.76307 6.86816 32.7844
    endloop
  endfacet
  facet normal 0.564929 0.8068 0.172998
    outer loop
      vertex 5.76307 6.86816 32.7844
      vertex 4.34667 7.52865 34.3294
      vertex 5.58797 6.65948 34.3294
    endloop
  endfacet
  facet normal 0.539222 0.770094 0.340873
    outer loop
      vertex 4.34667 7.52865 34.3294
      vertex 4.07838 7.06397 35.8036
      vertex 5.24307 6.24845 35.8036
    endloop
  endfacet
  facet normal 0.416241 0.892643 0.173005
    outer loop
      vertex 3.06647 8.42505 32.7844
      vertex 2.97329 8.16906 34.3294
      vertex 4.34667 7.52865 34.3294
    endloop
  endfacet
  facet normal 0.366423 0.785814 -0.498228
    outer loop
      vertex 3.72957 7.21527 28.1785
      vertex 4.07838 7.06397 28.1964
      vertex 4.05788 7.06218 28.1785
    endloop
  endfacet
  facet normal 0.366391 0.78572 -0.4984
    outer loop
      vertex 4.07838 7.06397 28.1964
      vertex 3.72957 7.21527 28.1785
      vertex 2.78978 7.66486 28.1964
    endloop
  endfacet
  facet normal 0.366376 0.785691 -0.498456
    outer loop
      vertex 2.78978 7.66486 28.1964
      vertex 3.72957 7.21527 28.1785
      vertex 2.78625 7.65515 28.1785
    endloop
  endfacet
  facet normal 0.0755598 0.863698 -0.498314
    outer loop
      vertex 0.377736 8.11339 28.1785
      vertex 1.41641 8.03285 28.1964
      vertex 1.41461 8.02268 28.1785
    endloop
  endfacet
  facet normal 0.075555 0.863597 -0.49849
    outer loop
      vertex 1.41641 8.03285 28.1964
      vertex 0.377736 8.11339 28.1785
      vertex 0 8.15677 28.1964
    endloop
  endfacet
  facet normal 0.0755447 0.863545 -0.498582
    outer loop
      vertex 0 8.15677 28.1964
      vertex 0.377736 8.11339 28.1785
      vertex 0.0168622 8.14496 28.1785
    endloop
  endfacet
  facet normal 0.806797 0.564932 0.173003
    outer loop
      vertex 7.76457 4.48288 32.7844
      vertex 6.86816 5.76307 32.7844
      vertex 7.52865 4.34667 34.3294
    endloop
  endfacet
  facet normal 0.892643 0.416244 -0.173003
    outer loop
      vertex 8.42505 3.06647 31.2156
      vertex 7.52865 4.34667 29.6706
      vertex 7.76457 4.48288 31.2156
    endloop
  endfacet
  facet normal 0.892643 0.416241 -0.173005
    outer loop
      vertex 8.16906 2.97329 29.6706
      vertex 7.52865 4.34667 29.6706
      vertex 8.42505 3.06647 31.2156
    endloop
  endfacet
  facet normal 0.573581 0.819149 -0
    outer loop
      vertex 5.76307 6.86816 31.2156
      vertex 4.48288 7.76457 32.7844
      vertex 5.76307 6.86816 32.7844
    endloop
  endfacet
  facet normal 0.573581 0.819149 0
    outer loop
      vertex 4.48288 7.76457 32.7844
      vertex 5.76307 6.86816 31.2156
      vertex 4.48288 7.76457 31.2156
    endloop
  endfacet
  facet normal 0.416244 0.892643 -0.173003
    outer loop
      vertex 4.34667 7.52865 29.6706
      vertex 3.06647 8.42505 31.2156
      vertex 4.48288 7.76457 31.2156
    endloop
  endfacet
  facet normal 0.696445 0.696445 0.172998
    outer loop
      vertex 5.58797 6.65948 34.3294
      vertex 6.86816 5.76307 32.7844
      vertex 5.76307 6.86816 32.7844
    endloop
  endfacet
  facet normal 0.696445 0.696445 0.172998
    outer loop
      vertex 6.86816 5.76307 32.7844
      vertex 5.58797 6.65948 34.3294
      vertex 6.65948 5.58797 34.3294
    endloop
  endfacet
  facet normal 0.892643 0.416244 0.173003
    outer loop
      vertex 7.76457 4.48288 32.7844
      vertex 7.52865 4.34667 34.3294
      vertex 8.42505 3.06647 32.7844
    endloop
  endfacet
  facet normal 0.951361 0.254916 -0.173004
    outer loop
      vertex 8.56126 1.50958 29.6706
      vertex 8.42505 3.06647 31.2156
      vertex 8.82954 1.55689 31.2156
    endloop
  endfacet
  facet normal 0.366658 0.78555 -0.498471
    outer loop
      vertex 4.07322 7.05502 28.1785
      vertex 4.05788 7.06218 28.1785
      vertex 4.07838 7.06397 28.1964
    endloop
  endfacet
  facet normal 0.0819362 0.936534 -0.340868
    outer loop
      vertex 1.41641 8.03285 28.1964
      vertex 0 8.15677 28.1964
      vertex 1.50958 8.56126 29.6706
    endloop
  endfacet
  facet normal 0.696445 0.696445 -0.172998
    outer loop
      vertex 6.86816 5.76307 31.2156
      vertex 5.58797 6.65948 29.6706
      vertex 5.76307 6.86816 31.2156
    endloop
  endfacet
  facet normal 0.696445 0.696445 -0.172998
    outer loop
      vertex 5.58797 6.65948 29.6706
      vertex 6.86816 5.76307 31.2156
      vertex 6.65948 5.58797 29.6706
    endloop
  endfacet
  facet normal 0.539226 0.770093 -0.34087
    outer loop
      vertex 5.24307 6.24845 28.1964
      vertex 4.34667 7.52865 29.6706
      vertex 5.58797 6.65948 29.6706
    endloop
  endfacet
  facet normal -0.416244 0.892643 0.173003
    outer loop
      vertex -3.06647 8.42505 32.7844
      vertex -4.48288 7.76457 32.7844
      vertex -4.34667 7.52865 34.3294
    endloop
  endfacet
  facet normal -0.785627 0.366347 0.498579
    outer loop
      vertex -7.06397 4.07838 35.8036
      vertex -7.66486 2.78978 35.8036
      vertex -6.92776 2.5215 37.1622
    endloop
  endfacet
  facet normal -0.341832 -0.029904 0.939285
    outer loop
      vertex -2.29398 -0.40449 40.6933
      vertex -3.80356 0 40.1568
      vertex -3.74578 -0.660481 40.1568
    endloop
  endfacet
  facet normal -0.484344 -0.129778 0.865199
    outer loop
      vertex -3.57418 -1.30089 40.1568
      vertex -5.08376 -0.896404 39.3724
      vertex -4.85087 -1.76557 39.3724
    endloop
  endfacet
  facet normal -0.173678 0.0151939 0.984685
    outer loop
      vertex -0.772485 0.136209 40.9658
      vertex -2.32937 0 40.6933
      vertex -0.784401 0 40.9658
    endloop
  endfacet
  facet normal 0.416241 -0.892643 -0.173005
    outer loop
      vertex 3.06647 -8.42505 31.2156
      vertex 2.97329 -8.16906 29.6706
      vertex 4.34667 -7.52865 29.6706
    endloop
  endfacet
  facet normal 0.564932 -0.806797 -0.173003
    outer loop
      vertex 4.48288 -7.76457 31.2156
      vertex 4.34667 -7.52865 29.6706
      vertex 5.76307 -6.86816 31.2156
    endloop
  endfacet
  facet normal -0.908078 -0.243319 0.340866
    outer loop
      vertex -7.66486 -2.78978 35.8036
      vertex -8.56126 -1.50958 34.3294
      vertex -8.16906 -2.97329 34.3294
    endloop
  endfacet
  facet normal -0.416244 -0.892643 0.173003
    outer loop
      vertex -4.34667 -7.52865 34.3294
      vertex -4.48288 -7.76457 32.7844
      vertex -3.06647 -8.42505 32.7844
    endloop
  endfacet
  facet normal -0.366347 -0.785627 0.498579
    outer loop
      vertex -2.5215 -6.92776 37.1622
      vertex -4.07838 -7.06397 35.8036
      vertex -2.78978 -7.66486 35.8036
    endloop
  endfacet
  facet normal 0.0858414 -0.981173 -0.173003
    outer loop
      vertex 1.55689 -8.82954 31.2156
      vertex 0 -8.96575 31.2156
      vertex 1.50958 -8.56126 29.6706
    endloop
  endfacet
  facet normal 0.564929 -0.8068 -0.172998
    outer loop
      vertex 5.76307 -6.86816 31.2156
      vertex 4.34667 -7.52865 29.6706
      vertex 5.58797 -6.65948 29.6706
    endloop
  endfacet
  facet normal -0.996195 -0.0871556 0
    outer loop
      vertex -8.82954 -1.55689 31.2156
      vertex -8.96575 0 32.7844
      vertex -8.96575 0 31.2156
    endloop
  endfacet
  facet normal -0.996195 -0.0871556 0
    outer loop
      vertex -8.96575 0 32.7844
      vertex -8.82954 -1.55689 31.2156
      vertex -8.82954 -1.55689 32.7844
    endloop
  endfacet
  facet normal -0.951361 -0.254916 -0.173004
    outer loop
      vertex -8.42505 -3.06647 31.2156
      vertex -8.56126 -1.50958 29.6706
      vertex -8.16906 -2.97329 29.6706
    endloop
  endfacet
  facet normal -0.78555 -0.366658 -0.498471
    outer loop
      vertex -7.05502 -4.07322 28.1785
      vertex -7.06397 -4.07838 28.1964
      vertex -7.06218 -4.05788 28.1785
    endloop
  endfacet
  facet normal -0.785629 -0.366345 0.498577
    outer loop
      vertex -6.92776 -2.5215 37.1622
      vertex -7.06397 -4.07838 35.8036
      vertex -6.38466 -3.68618 37.1622
    endloop
  endfacet
  facet normal -0.852033 -0.397305 0.340866
    outer loop
      vertex -7.66486 -2.78978 35.8036
      vertex -8.16906 -2.97329 34.3294
      vertex -7.52865 -4.34667 34.3294
    endloop
  endfacet
  facet normal 0.0819354 -0.936534 0.340867
    outer loop
      vertex 0 -8.15677 35.8036
      vertex 0 -8.69333 34.3294
      vertex 1.50958 -8.56126 34.3294
    endloop
  endfacet
  facet normal -0.454449 -0.211911 0.865199
    outer loop
      vertex -3.57418 -1.30089 40.1568
      vertex -4.85087 -1.76557 39.3724
      vertex -4.47059 -2.58109 39.3724
    endloop
  endfacet
  facet normal -0.583864 -0.272258 0.764839
    outer loop
      vertex -4.85087 -1.76557 39.3724
      vertex -5.98017 -2.1766 38.364
      vertex -4.47059 -2.58109 39.3724
    endloop
  endfacet
  facet normal -0.62227 -0.166737 0.764839
    outer loop
      vertex -4.85087 -1.76557 39.3724
      vertex -6.26728 -1.10509 38.364
      vertex -5.98017 -2.1766 38.364
    endloop
  endfacet
  facet normal 0.029904 -0.341832 0.939285
    outer loop
      vertex 0.40449 -2.29398 40.6933
      vertex 0 -3.80356 40.1568
      vertex 0.660481 -3.74578 40.1568
    endloop
  endfacet
  facet normal 0.440079 0.6285 0.641341
    outer loop
      vertex 3.68618 6.38466 37.1622
      vertex 3.18198 5.51135 38.364
      vertex 4.73887 5.64756 37.1622
    endloop
  endfacet
  facet normal 0.852033 0.397305 -0.340866
    outer loop
      vertex 7.66486 2.78978 28.1964
      vertex 7.52865 4.34667 29.6706
      vertex 8.16906 2.97329 29.6706
    endloop
  endfacet
  facet normal 0.892643 -0.416244 -0.173003
    outer loop
      vertex 7.76457 -4.48288 31.2156
      vertex 7.52865 -4.34667 29.6706
      vertex 8.42505 -3.06647 31.2156
    endloop
  endfacet
  facet normal 0.936534 -0.0819354 -0.340867
    outer loop
      vertex 8.56126 -1.50958 29.6706
      vertex 8.15677 0 28.1964
      vertex 8.69333 0 29.6706
    endloop
  endfacet
  facet normal 0.78555 -0.366658 -0.498471
    outer loop
      vertex 7.06397 -4.07838 28.1964
      vertex 7.05502 -4.07322 28.1785
      vertex 7.06218 -4.05788 28.1785
    endloop
  endfacet
  facet normal 0.770094 0.539222 -0.340873
    outer loop
      vertex 7.06397 4.07838 28.1964
      vertex 6.24845 5.24307 28.1964
      vertex 7.52865 4.34667 29.6706
    endloop
  endfacet
  facet normal 0.892643 -0.416241 -0.173005
    outer loop
      vertex 8.42505 -3.06647 31.2156
      vertex 7.52865 -4.34667 29.6706
      vertex 8.16906 -2.97329 29.6706
    endloop
  endfacet
  facet normal 0.770094 -0.539222 0.340873
    outer loop
      vertex 7.06397 -4.07838 35.8036
      vertex 6.24845 -5.24307 35.8036
      vertex 7.52865 -4.34667 34.3294
    endloop
  endfacet
  facet normal 0.397311 -0.852027 0.340873
    outer loop
      vertex 4.07838 -7.06397 35.8036
      vertex 2.78978 -7.66486 35.8036
      vertex 4.34667 -7.52865 34.3294
    endloop
  endfacet
  facet normal 0.806797 -0.564932 0.173003
    outer loop
      vertex 7.52865 -4.34667 34.3294
      vertex 6.86816 -5.76307 32.7844
      vertex 7.76457 -4.48288 32.7844
    endloop
  endfacet
  facet normal 0.69537 -0.324257 0.641341
    outer loop
      vertex 6.92776 -2.5215 37.1622
      vertex 5.51135 -3.18198 38.364
      vertex 6.38466 -3.68618 37.1622
    endloop
  endfacet
  facet normal 0.641772 -0.0561461 0.764838
    outer loop
      vertex 6.36396 0 38.364
      vertex 5.16219 0 39.3724
      vertex 6.26728 -1.10509 38.364
    endloop
  endfacet
  facet normal 0.369513 -0.527712 0.76484
    outer loop
      vertex 3.31819 -3.95446 39.3724
      vertex 2.58109 -4.47059 39.3724
      vertex 4.09067 -4.87508 38.364
    endloop
  endfacet
  facet normal 0.455533 -0.455533 0.764839
    outer loop
      vertex 3.95446 -3.31819 39.3724
      vertex 4.09067 -4.87508 38.364
      vertex 4.87508 -4.09067 38.364
    endloop
  endfacet
  facet normal 0.455533 -0.455533 0.764839
    outer loop
      vertex 4.09067 -4.87508 38.364
      vertex 3.95446 -3.31819 39.3724
      vertex 3.31819 -3.95446 39.3724
    endloop
  endfacet
  facet normal -0.0436991 -0.499523 0.865198
    outer loop
      vertex -0.660481 -3.74578 40.1568
      vertex -0.896404 -5.08376 39.3724
      vertex 0 -3.80356 40.1568
    endloop
  endfacet
  facet normal 0.224359 -0.837309 0.498575
    outer loop
      vertex 2.5215 -6.92776 37.1622
      vertex 1.2802 -7.26037 37.1622
      vertex 1.41641 -8.03285 35.8036
    endloop
  endfacet
  facet normal 0.583864 -0.272262 0.764837
    outer loop
      vertex 5.98017 -2.1766 38.364
      vertex 4.47059 -2.58109 39.3724
      vertex 5.51135 -3.18198 38.364
    endloop
  endfacet
  facet normal 0.542532 -0.542532 0.641341
    outer loop
      vertex 4.87508 -4.09067 38.364
      vertex 4.73887 -5.64756 37.1622
      vertex 5.64756 -4.73887 37.1622
    endloop
  endfacet
  facet normal 0.542532 -0.542532 0.641341
    outer loop
      vertex 4.73887 -5.64756 37.1622
      vertex 4.87508 -4.09067 38.364
      vertex 4.09067 -4.87508 38.364
    endloop
  endfacet
  facet normal 0.331445 0.088812 0.939285
    outer loop
      vertex 3.57418 1.30089 40.1568
      vertex 2.18889 0.796692 40.6933
      vertex 3.74578 0.660481 40.1568
    endloop
  endfacet
  facet normal 0.341833 0.0299079 0.939285
    outer loop
      vertex 3.80356 0 40.1568
      vertex 2.29398 0.40449 40.6933
      vertex 2.32937 0 40.6933
    endloop
  endfacet
  facet normal 0.0436991 0.499523 0.865198
    outer loop
      vertex 0.896404 5.08376 39.3724
      vertex 0 3.80356 40.1568
      vertex 0.660481 3.74578 40.1568
    endloop
  endfacet
  facet normal 0.168401 0.0451228 0.984685
    outer loop
      vertex 2.18889 0.796692 40.6933
      vertex 0.772485 0.136209 40.9658
      vertex 2.29398 0.40449 40.6933
    endloop
  endfacet
  facet normal 0.764336 0.0668688 0.641341
    outer loop
      vertex 7.26037 1.2802 37.1622
      vertex 6.26728 1.10509 38.364
      vertex 6.36396 0 38.364
    endloop
  endfacet
  facet normal 0.741111 0.198583 0.641341
    outer loop
      vertex 6.92776 2.5215 37.1622
      vertex 6.26728 1.10509 38.364
      vertex 7.26037 1.2802 37.1622
    endloop
  endfacet
  facet normal 0.6285 0.440079 0.641341
    outer loop
      vertex 5.64756 4.73887 37.1622
      vertex 4.87508 4.09067 38.364
      vertex 5.51135 3.18198 38.364
    endloop
  endfacet
  facet normal 0.785627 0.366347 0.498579
    outer loop
      vertex 7.06397 4.07838 35.8036
      vertex 6.92776 2.5215 37.1622
      vertex 7.66486 2.78978 35.8036
    endloop
  endfacet
  facet normal 0.62227 0.166735 0.76484
    outer loop
      vertex 6.26728 1.10509 38.364
      vertex 4.85087 1.76557 39.3724
      vertex 5.08376 0.896404 39.3724
    endloop
  endfacet
  facet normal 0.785629 0.366345 0.498577
    outer loop
      vertex 7.06397 4.07838 35.8036
      vertex 6.38466 3.68618 37.1622
      vertex 6.92776 2.5215 37.1622
    endloop
  endfacet
  facet normal -0.397311 0.852027 -0.340873
    outer loop
      vertex -4.07838 7.06397 28.1964
      vertex -4.34667 7.52865 29.6706
      vertex -2.78978 7.66486 28.1964
    endloop
  endfacet
  facet normal -0.770094 0.539222 -0.340873
    outer loop
      vertex -7.06397 4.07838 28.1964
      vertex -7.52865 4.34667 29.6706
      vertex -6.24845 5.24307 28.1964
    endloop
  endfacet
  facet normal -0.612951 0.612951 -0.498579
    outer loop
      vertex -5.23643 6.24053 28.1785
      vertex -6.24845 5.24307 28.1964
      vertex -5.24307 6.24845 28.1964
    endloop
  endfacet
  facet normal -0.612951 0.612951 -0.498579
    outer loop
      vertex -6.24845 5.24307 28.1964
      vertex -5.23643 6.24053 28.1785
      vertex -6.24053 5.23643 28.1785
    endloop
  endfacet
  facet normal -0.951361 0.254916 -0.173004
    outer loop
      vertex -8.16906 2.97329 29.6706
      vertex -8.56126 1.50958 29.6706
      vertex -8.42505 3.06647 31.2156
    endloop
  endfacet
  facet normal -0.806797 0.564932 -0.173003
    outer loop
      vertex -7.52865 4.34667 29.6706
      vertex -7.76457 4.48288 31.2156
      vertex -6.86816 5.76307 31.2156
    endloop
  endfacet
  facet normal -0.892643 0.416244 -0.173003
    outer loop
      vertex -7.52865 4.34667 29.6706
      vertex -8.42505 3.06647 31.2156
      vertex -7.76457 4.48288 31.2156
    endloop
  endfacet
  facet normal -0.664758 0.664758 -0.34087
    outer loop
      vertex -5.24307 6.24845 28.1964
      vertex -6.65948 5.58797 29.6706
      vertex -5.58797 6.65948 29.6706
    endloop
  endfacet
  facet normal -0.664758 0.664758 -0.34087
    outer loop
      vertex -6.65948 5.58797 29.6706
      vertex -5.24307 6.24845 28.1964
      vertex -6.24845 5.24307 28.1964
    endloop
  endfacet
  facet normal -0.770093 0.539226 -0.34087
    outer loop
      vertex -6.24845 5.24307 28.1964
      vertex -7.52865 4.34667 29.6706
      vertex -6.65948 5.58797 29.6706
    endloop
  endfacet
  facet normal 0.043705 0.49952 0.865199
    outer loop
      vertex 0 5.16219 39.3724
      vertex 0 3.80356 40.1568
      vertex 0.896404 5.08376 39.3724
    endloop
  endfacet
  facet normal -0.397311 0.852027 0.340873
    outer loop
      vertex -2.78978 7.66486 35.8036
      vertex -4.34667 7.52865 34.3294
      vertex -4.07838 7.06397 35.8036
    endloop
  endfacet
  facet normal -0.819149 0.573581 0
    outer loop
      vertex -7.76457 4.48288 31.2156
      vertex -6.86816 5.76307 32.7844
      vertex -6.86816 5.76307 31.2156
    endloop
  endfacet
  facet normal -0.819149 0.573581 0
    outer loop
      vertex -6.86816 5.76307 32.7844
      vertex -7.76457 4.48288 31.2156
      vertex -7.76457 4.48288 32.7844
    endloop
  endfacet
  facet normal -0.6285 0.440079 0.641341
    outer loop
      vertex -4.87508 4.09067 38.364
      vertex -5.64756 4.73887 37.1622
      vertex -5.51135 3.18198 38.364
    endloop
  endfacet
  facet normal -0.785627 -0.366347 0.498579
    outer loop
      vertex -6.92776 -2.5215 37.1622
      vertex -7.66486 -2.78978 35.8036
      vertex -7.06397 -4.07838 35.8036
    endloop
  endfacet
  facet normal -0.837308 -0.224354 0.498579
    outer loop
      vertex -6.92776 -2.5215 37.1622
      vertex -8.03285 -1.41641 35.8036
      vertex -7.66486 -2.78978 35.8036
    endloop
  endfacet
  facet normal -0.996195 0.0871556 0
    outer loop
      vertex -8.96575 0 31.2156
      vertex -8.82954 1.55689 32.7844
      vertex -8.82954 1.55689 31.2156
    endloop
  endfacet
  facet normal -0.996195 0.0871556 0
    outer loop
      vertex -8.82954 1.55689 32.7844
      vertex -8.96575 0 31.2156
      vertex -8.96575 0 32.7844
    endloop
  endfacet
  facet normal -0.951361 0.254916 0.173004
    outer loop
      vertex -8.42505 3.06647 32.7844
      vertex -8.82954 1.55689 32.7844
      vertex -8.56126 1.50958 34.3294
    endloop
  endfacet
  facet normal -0.908078 -0.243317 -0.340868
    outer loop
      vertex -7.66486 -2.78978 28.1964
      vertex -8.56126 -1.50958 29.6706
      vertex -8.03285 -1.41641 28.1964
    endloop
  endfacet
  facet normal -0.539226 -0.770093 -0.34087
    outer loop
      vertex -4.34667 -7.52865 29.6706
      vertex -5.58797 -6.65948 29.6706
      vertex -5.24307 -6.24845 28.1964
    endloop
  endfacet
  facet normal -0.936534 0.0819362 0.340868
    outer loop
      vertex -8.03285 1.41641 35.8036
      vertex -8.56126 1.50958 34.3294
      vertex -8.15677 0 35.8036
    endloop
  endfacet
  facet normal -0.764336 0.0668688 0.641341
    outer loop
      vertex -6.26728 1.10509 38.364
      vertex -7.26037 1.2802 37.1622
      vertex -6.36396 0 38.364
    endloop
  endfacet
  facet normal -0.806797 0.564932 0.173003
    outer loop
      vertex -6.86816 5.76307 32.7844
      vertex -7.76457 4.48288 32.7844
      vertex -7.52865 4.34667 34.3294
    endloop
  endfacet
  facet normal -0.852033 0.397305 0.340866
    outer loop
      vertex -7.52865 4.34667 34.3294
      vertex -8.16906 2.97329 34.3294
      vertex -7.66486 2.78978 35.8036
    endloop
  endfacet
  facet normal -0.837309 0.224359 0.498575
    outer loop
      vertex -6.92776 2.5215 37.1622
      vertex -8.03285 1.41641 35.8036
      vertex -7.26037 1.2802 37.1622
    endloop
  endfacet
  facet normal -0.908078 -0.243319 -0.340866
    outer loop
      vertex -8.16906 -2.97329 29.6706
      vertex -8.56126 -1.50958 29.6706
      vertex -7.66486 -2.78978 28.1964
    endloop
  endfacet
  facet normal -0.863698 0.0755598 -0.498314
    outer loop
      vertex -8.11339 0.377736 28.1785
      vertex -8.03285 1.41641 28.1964
      vertex -8.02268 1.41461 28.1785
    endloop
  endfacet
  facet normal -0.863545 0.0755447 -0.498582
    outer loop
      vertex -8.15677 0 28.1964
      vertex -8.11339 0.377736 28.1785
      vertex -8.14496 0.0168622 28.1785
    endloop
  endfacet
  facet normal -0.863597 0.075555 -0.49849
    outer loop
      vertex -8.11339 0.377736 28.1785
      vertex -8.15677 0 28.1964
      vertex -8.03285 1.41641 28.1964
    endloop
  endfacet
  facet normal -0.0668688 0.764336 0.641341
    outer loop
      vertex 0 6.36396 38.364
      vertex -1.2802 7.26037 37.1622
      vertex -1.10509 6.26728 38.364
    endloop
  endfacet
  facet normal -0.0858414 0.981173 -0.173003
    outer loop
      vertex -1.50958 8.56126 29.6706
      vertex -1.55689 8.82954 31.2156
      vertex 0 8.96575 31.2156
    endloop
  endfacet
  facet normal -0.254916 0.951361 -0.173004
    outer loop
      vertex -1.50958 8.56126 29.6706
      vertex -3.06647 8.42505 31.2156
      vertex -1.55689 8.82954 31.2156
    endloop
  endfacet
  facet normal 0.0858414 0.981173 0.173003
    outer loop
      vertex 1.55689 8.82954 32.7844
      vertex 0 8.96575 32.7844
      vertex 1.50958 8.56126 34.3294
    endloop
  endfacet
  facet normal 0.254916 0.951361 0.173004
    outer loop
      vertex 1.55689 8.82954 32.7844
      vertex 1.50958 8.56126 34.3294
      vertex 3.06647 8.42505 32.7844
    endloop
  endfacet
  facet normal 0.254916 0.951361 0.173004
    outer loop
      vertex 3.06647 8.42505 32.7844
      vertex 1.50958 8.56126 34.3294
      vertex 2.97329 8.16906 34.3294
    endloop
  endfacet
  facet normal 0.397311 0.852027 0.340873
    outer loop
      vertex 4.34667 7.52865 34.3294
      vertex 2.78978 7.66486 35.8036
      vertex 4.07838 7.06397 35.8036
    endloop
  endfacet
  facet normal -0.254916 0.951361 0.173004
    outer loop
      vertex -1.50958 8.56126 34.3294
      vertex -3.06647 8.42505 32.7844
      vertex -2.97329 8.16906 34.3294
    endloop
  endfacet
  facet normal 0.69537 0.324259 0.64134
    outer loop
      vertex 6.92776 2.5215 37.1622
      vertex 5.51135 3.18198 38.364
      vertex 5.98017 2.1766 38.364
    endloop
  endfacet
  facet normal 0.981173 -0.0858414 -0.173003
    outer loop
      vertex 8.82954 -1.55689 31.2156
      vertex 8.56126 -1.50958 29.6706
      vertex 8.96575 0 31.2156
    endloop
  endfacet
  facet normal 0.837252 -0.224322 -0.498688
    outer loop
      vertex 8.03285 -1.41641 28.1964
      vertex 7.92454 -1.78087 28.1785
      vertex 8.01829 -1.43096 28.1785
    endloop
  endfacet
  facet normal 0.837396 -0.224377 -0.498421
    outer loop
      vertex 7.66486 -2.78978 28.1964
      vertex 7.92454 -1.78087 28.1785
      vertex 8.03285 -1.41641 28.1964
    endloop
  endfacet
  facet normal 0.837362 -0.22437 -0.498481
    outer loop
      vertex 7.92454 -1.78087 28.1785
      vertex 7.66486 -2.78978 28.1964
      vertex 7.65515 -2.78625 28.1785
    endloop
  endfacet
  facet normal 0.951361 0.254916 0.173004
    outer loop
      vertex 8.82954 1.55689 32.7844
      vertex 8.42505 3.06647 32.7844
      vertex 8.56126 1.50958 34.3294
    endloop
  endfacet
  facet normal 0.951361 0.254916 0.173004
    outer loop
      vertex 8.42505 3.06647 32.7844
      vertex 8.16906 2.97329 34.3294
      vertex 8.56126 1.50958 34.3294
    endloop
  endfacet
  facet normal 0.908078 0.243319 0.340866
    outer loop
      vertex 8.16906 2.97329 34.3294
      vertex 7.66486 2.78978 35.8036
      vertex 8.56126 1.50958 34.3294
    endloop
  endfacet
  facet normal 0.908078 0.243317 0.340868
    outer loop
      vertex 8.56126 1.50958 34.3294
      vertex 7.66486 2.78978 35.8036
      vertex 8.03285 1.41641 35.8036
    endloop
  endfacet
  facet normal 0.422617 0.906308 -0
    outer loop
      vertex 4.48288 7.76457 31.2156
      vertex 3.06647 8.42505 32.7844
      vertex 4.48288 7.76457 32.7844
    endloop
  endfacet
  facet normal 0.422617 0.906308 0
    outer loop
      vertex 3.06647 8.42505 32.7844
      vertex 4.48288 7.76457 31.2156
      vertex 3.06647 8.42505 31.2156
    endloop
  endfacet
  facet normal 0.951361 0.254916 -0.173004
    outer loop
      vertex 8.56126 1.50958 29.6706
      vertex 8.16906 2.97329 29.6706
      vertex 8.42505 3.06647 31.2156
    endloop
  endfacet
  facet normal 0.837362 0.22437 -0.498481
    outer loop
      vertex 7.66486 2.78978 28.1964
      vertex 7.92454 1.78087 28.1785
      vertex 7.65515 2.78625 28.1785
    endloop
  endfacet
  facet normal 0.837396 0.224377 -0.498421
    outer loop
      vertex 8.03285 1.41641 28.1964
      vertex 7.92454 1.78087 28.1785
      vertex 7.66486 2.78978 28.1964
    endloop
  endfacet
  facet normal 0.837252 0.224322 -0.498688
    outer loop
      vertex 7.92454 1.78087 28.1785
      vertex 8.03285 1.41641 28.1964
      vertex 8.01829 1.43096 28.1785
    endloop
  endfacet
  facet normal 0.497129 0.710111 -0.498604
    outer loop
      vertex 5.23643 6.24053 28.1785
      vertex 5.22256 6.25024 28.1785
      vertex 5.24307 6.24845 28.1964
    endloop
  endfacet
  facet normal 0.664758 0.664758 -0.34087
    outer loop
      vertex 6.65948 5.58797 29.6706
      vertex 5.24307 6.24845 28.1964
      vertex 5.58797 6.65948 29.6706
    endloop
  endfacet
  facet normal 0.664758 0.664758 -0.34087
    outer loop
      vertex 5.24307 6.24845 28.1964
      vertex 6.65948 5.58797 29.6706
      vertex 6.24845 5.24307 28.1964
    endloop
  endfacet
  facet normal -0.0819362 0.936534 -0.340868
    outer loop
      vertex -1.41641 8.03285 28.1964
      vertex -1.50958 8.56126 29.6706
      vertex 0 8.15677 28.1964
    endloop
  endfacet
  facet normal -0.0819354 0.936534 -0.340867
    outer loop
      vertex 0 8.15677 28.1964
      vertex -1.50958 8.56126 29.6706
      vertex 0 8.69333 29.6706
    endloop
  endfacet
  facet normal -0.0561461 0.641772 0.764838
    outer loop
      vertex 0 6.36396 38.364
      vertex -1.10509 6.26728 38.364
      vertex 0 5.16219 39.3724
    endloop
  endfacet
  facet normal 0.369511 0.527717 0.764838
    outer loop
      vertex 3.18198 5.51135 38.364
      vertex 2.58109 4.47059 39.3724
      vertex 4.09067 4.87508 38.364
    endloop
  endfacet
  facet normal 0.066869 0.764336 0.641341
    outer loop
      vertex 0 7.37237 37.1622
      vertex 0 6.36396 38.364
      vertex 1.2802 7.26037 37.1622
    endloop
  endfacet
  facet normal 0.088812 0.331445 0.939285
    outer loop
      vertex 1.30089 3.57418 40.1568
      vertex 0.660481 3.74578 40.1568
      vertex 0.796692 2.18889 40.6933
    endloop
  endfacet
  facet normal -0.499523 0.0436991 0.865198
    outer loop
      vertex -3.74578 0.660481 40.1568
      vertex -5.08376 0.896404 39.3724
      vertex -3.80356 0 40.1568
    endloop
  endfacet
  facet normal -0.484344 -0.129782 0.865198
    outer loop
      vertex -3.74578 -0.660481 40.1568
      vertex -5.08376 -0.896404 39.3724
      vertex -3.57418 -1.30089 40.1568
    endloop
  endfacet
  facet normal -0.612952 0.612952 0.498577
    outer loop
      vertex -6.24845 5.24307 35.8036
      vertex -4.73887 5.64756 37.1622
      vertex -5.24307 6.24845 35.8036
    endloop
  endfacet
  facet normal -0.612952 0.612952 0.498577
    outer loop
      vertex -4.73887 5.64756 37.1622
      vertex -6.24845 5.24307 35.8036
      vertex -5.64756 4.73887 37.1622
    endloop
  endfacet
  facet normal -0.0451233 0.168401 0.984685
    outer loop
      vertex -0.136209 0.772485 40.9658
      vertex -0.796692 2.18889 40.6933
      vertex -0.268281 0.737096 40.9658
    endloop
  endfacet
  facet normal -0.331445 -0.088812 0.939285
    outer loop
      vertex -2.18889 -0.796692 40.6933
      vertex -3.74578 -0.660481 40.1568
      vertex -3.57418 -1.30089 40.1568
    endloop
  endfacet
  facet normal -0.49952 0.043705 0.865199
    outer loop
      vertex -5.08376 0.896404 39.3724
      vertex -5.16219 0 39.3724
      vertex -3.80356 0 40.1568
    endloop
  endfacet
  facet normal 0.158007 0.0736797 0.984685
    outer loop
      vertex 2.01729 1.16469 40.6933
      vertex 0.679312 0.3922 40.9658
      vertex 2.18889 0.796692 40.6933
    endloop
  endfacet
  facet normal -0.542532 0.542532 0.641341
    outer loop
      vertex -4.73887 5.64756 37.1622
      vertex -4.87508 4.09067 38.364
      vertex -4.09067 4.87508 38.364
    endloop
  endfacet
  facet normal -0.542532 0.542532 0.641341
    outer loop
      vertex -4.87508 4.09067 38.364
      vertex -4.73887 5.64756 37.1622
      vertex -5.64756 4.73887 37.1622
    endloop
  endfacet
  facet normal 0.497263 -0.710147 -0.498419
    outer loop
      vertex 4.38382 -6.83753 28.1785
      vertex 4.07838 -7.06397 28.1964
      vertex 4.07322 -7.05502 28.1785
    endloop
  endfacet
  facet normal 0.497185 -0.710059 -0.498622
    outer loop
      vertex 4.07838 -7.06397 28.1964
      vertex 4.38382 -6.83753 28.1785
      vertex 5.24307 -6.24845 28.1964
    endloop
  endfacet
  facet normal 0.497173 -0.710039 -0.498662
    outer loop
      vertex 5.24307 -6.24845 28.1964
      vertex 4.38382 -6.83753 28.1785
      vertex 5.22256 -6.25024 28.1785
    endloop
  endfacet
  facet normal 0.564932 -0.806797 0.173003
    outer loop
      vertex 5.76307 -6.86816 32.7844
      vertex 4.34667 -7.52865 34.3294
      vertex 4.48288 -7.76457 32.7844
    endloop
  endfacet
  facet normal 0.416244 -0.892643 -0.173003
    outer loop
      vertex 4.48288 -7.76457 31.2156
      vertex 3.06647 -8.42505 31.2156
      vertex 4.34667 -7.52865 29.6706
    endloop
  endfacet
  facet normal 0.0858414 -0.981173 0.173003
    outer loop
      vertex 1.50958 -8.56126 34.3294
      vertex 0 -8.96575 32.7844
      vertex 1.55689 -8.82954 32.7844
    endloop
  endfacet
  facet normal -0.696445 -0.696445 -0.172998
    outer loop
      vertex -5.58797 -6.65948 29.6706
      vertex -6.86816 -5.76307 31.2156
      vertex -6.65948 -5.58797 29.6706
    endloop
  endfacet
  facet normal -0.696445 -0.696445 -0.172998
    outer loop
      vertex -6.86816 -5.76307 31.2156
      vertex -5.58797 -6.65948 29.6706
      vertex -5.76307 -6.86816 31.2156
    endloop
  endfacet
  facet normal -0.770094 -0.539222 -0.340873
    outer loop
      vertex -6.24845 -5.24307 28.1964
      vertex -7.52865 -4.34667 29.6706
      vertex -7.06397 -4.07838 28.1964
    endloop
  endfacet
  facet normal -0.366658 -0.78555 -0.498471
    outer loop
      vertex -4.05788 -7.06218 28.1785
      vertex -4.07838 -7.06397 28.1964
      vertex -4.07322 -7.05502 28.1785
    endloop
  endfacet
  facet normal -0.166737 -0.62227 0.764839
    outer loop
      vertex -1.76557 -4.85087 39.3724
      vertex -2.1766 -5.98017 38.364
      vertex -1.10509 -6.26728 38.364
    endloop
  endfacet
  facet normal -0.573581 -0.819149 0
    outer loop
      vertex -5.76307 -6.86816 31.2156
      vertex -4.48288 -7.76457 32.7844
      vertex -5.76307 -6.86816 32.7844
    endloop
  endfacet
  facet normal -0.573581 -0.819149 -0
    outer loop
      vertex -4.48288 -7.76457 32.7844
      vertex -5.76307 -6.86816 31.2156
      vertex -4.48288 -7.76457 31.2156
    endloop
  endfacet
  facet normal -0.416241 -0.892643 0.173005
    outer loop
      vertex -2.97329 -8.16906 34.3294
      vertex -4.34667 -7.52865 34.3294
      vertex -3.06647 -8.42505 32.7844
    endloop
  endfacet
  facet normal -0.254916 -0.951361 0.173004
    outer loop
      vertex -2.97329 -8.16906 34.3294
      vertex -3.06647 -8.42505 32.7844
      vertex -1.50958 -8.56126 34.3294
    endloop
  endfacet
  facet normal 0.243319 -0.908078 -0.340866
    outer loop
      vertex 2.97329 -8.16906 29.6706
      vertex 1.50958 -8.56126 29.6706
      vertex 2.78978 -7.66486 28.1964
    endloop
  endfacet
  facet normal -0.0858408 -0.981173 -0.173004
    outer loop
      vertex 0 -8.96575 31.2156
      vertex -1.50958 -8.56126 29.6706
      vertex 0 -8.69333 29.6706
    endloop
  endfacet
  facet normal -0.497173 -0.710039 -0.498662
    outer loop
      vertex -4.38382 -6.83753 28.1785
      vertex -5.24307 -6.24845 28.1964
      vertex -5.22256 -6.25024 28.1785
    endloop
  endfacet
  facet normal -0.497185 -0.710059 -0.498622
    outer loop
      vertex -5.24307 -6.24845 28.1964
      vertex -4.38382 -6.83753 28.1785
      vertex -4.07838 -7.06397 28.1964
    endloop
  endfacet
  facet normal -0.497263 -0.710147 -0.498419
    outer loop
      vertex -4.07838 -7.06397 28.1964
      vertex -4.38382 -6.83753 28.1785
      vertex -4.07322 -7.05502 28.1785
    endloop
  endfacet
  facet normal 0.224823 -0.837325 -0.498339
    outer loop
      vertex 1.41641 -8.03285 28.1964
      vertex 1.41461 -8.02268 28.1785
      vertex 1.43096 -8.01829 28.1785
    endloop
  endfacet
  facet normal -0.770093 -0.539226 -0.34087
    outer loop
      vertex -6.65948 -5.58797 29.6706
      vertex -7.52865 -4.34667 29.6706
      vertex -6.24845 -5.24307 28.1964
    endloop
  endfacet
  facet normal -0.981173 -0.0858414 -0.173003
    outer loop
      vertex -8.82954 -1.55689 31.2156
      vertex -8.96575 0 31.2156
      vertex -8.56126 -1.50958 29.6706
    endloop
  endfacet
  facet normal -0.497129 -0.710111 -0.498604
    outer loop
      vertex -5.22256 -6.25024 28.1785
      vertex -5.24307 -6.24845 28.1964
      vertex -5.23643 -6.24053 28.1785
    endloop
  endfacet
  facet normal -0.088812 -0.331445 0.939285
    outer loop
      vertex -0.796692 -2.18889 40.6933
      vertex -1.30089 -3.57418 40.1568
      vertex -0.660481 -3.74578 40.1568
    endloop
  endfacet
  facet normal -0.454448 -0.211913 0.865199
    outer loop
      vertex -3.57418 -1.30089 40.1568
      vertex -4.47059 -2.58109 39.3724
      vertex -3.29398 -1.90178 40.1568
    endloop
  endfacet
  facet normal -0.710078 -0.497201 0.498578
    outer loop
      vertex -5.64756 -4.73887 37.1622
      vertex -6.38466 -3.68618 37.1622
      vertex -6.24845 -5.24307 35.8036
    endloop
  endfacet
  facet normal -0.612952 -0.612952 0.498577
    outer loop
      vertex -6.24845 -5.24307 35.8036
      vertex -4.73887 -5.64756 37.1622
      vertex -5.64756 -4.73887 37.1622
    endloop
  endfacet
  facet normal -0.612952 -0.612952 0.498577
    outer loop
      vertex -4.73887 -5.64756 37.1622
      vertex -6.24845 -5.24307 35.8036
      vertex -5.24307 -6.24845 35.8036
    endloop
  endfacet
  facet normal -0.272258 -0.583864 0.764839
    outer loop
      vertex -1.76557 -4.85087 39.3724
      vertex -2.58109 -4.47059 39.3724
      vertex -2.1766 -5.98017 38.364
    endloop
  endfacet
  facet normal 0.0151956 -0.173678 0.984685
    outer loop
      vertex 0.136209 -0.772485 40.9658
      vertex 0 -2.32937 40.6933
      vertex 0.40449 -2.29398 40.6933
    endloop
  endfacet
  facet normal -0.410746 -0.287611 0.865198
    outer loop
      vertex -2.9137 -2.44488 40.1568
      vertex -4.47059 -2.58109 39.3724
      vertex -3.95446 -3.31819 39.3724
    endloop
  endfacet
  facet normal 0.0999986 0.142812 0.984685
    outer loop
      vertex 1.49729 1.7844 40.6933
      vertex 0.3922 0.679312 40.9658
      vertex 0.504203 0.600886 40.9658
    endloop
  endfacet
  facet normal 0.696445 -0.696445 -0.172998
    outer loop
      vertex 6.86816 -5.76307 31.2156
      vertex 5.58797 -6.65948 29.6706
      vertex 6.65948 -5.58797 29.6706
    endloop
  endfacet
  facet normal 0.696445 -0.696445 -0.172998
    outer loop
      vertex 5.58797 -6.65948 29.6706
      vertex 6.86816 -5.76307 31.2156
      vertex 5.76307 -6.86816 31.2156
    endloop
  endfacet
  facet normal 0.908078 -0.243317 -0.340868
    outer loop
      vertex 8.56126 -1.50958 29.6706
      vertex 7.66486 -2.78978 28.1964
      vertex 8.03285 -1.41641 28.1964
    endloop
  endfacet
  facet normal 0.837325 -0.224823 -0.498339
    outer loop
      vertex 8.02268 -1.41461 28.1785
      vertex 8.03285 -1.41641 28.1964
      vertex 8.01829 -1.43096 28.1785
    endloop
  endfacet
  facet normal 0.863698 0.0755598 -0.498314
    outer loop
      vertex 8.03285 1.41641 28.1964
      vertex 8.11339 0.377736 28.1785
      vertex 8.02268 1.41461 28.1785
    endloop
  endfacet
  facet normal 0.863597 0.075555 -0.49849
    outer loop
      vertex 8.15677 0 28.1964
      vertex 8.11339 0.377736 28.1785
      vertex 8.03285 1.41641 28.1964
    endloop
  endfacet
  facet normal 0.863545 0.0755447 -0.498582
    outer loop
      vertex 8.11339 0.377736 28.1785
      vertex 8.15677 0 28.1964
      vertex 8.14496 0.0168622 28.1785
    endloop
  endfacet
  facet normal 0.8068 0.564929 -0.172998
    outer loop
      vertex 7.52865 4.34667 29.6706
      vertex 6.65948 5.58797 29.6706
      vertex 6.86816 5.76307 31.2156
    endloop
  endfacet
  facet normal 0.806797 0.564932 -0.173003
    outer loop
      vertex 7.52865 4.34667 29.6706
      vertex 6.86816 5.76307 31.2156
      vertex 7.76457 4.48288 31.2156
    endloop
  endfacet
  facet normal 0.908078 0.243319 -0.340866
    outer loop
      vertex 8.56126 1.50958 29.6706
      vertex 7.66486 2.78978 28.1964
      vertex 8.16906 2.97329 29.6706
    endloop
  endfacet
  facet normal 0.908078 0.243317 -0.340868
    outer loop
      vertex 8.03285 1.41641 28.1964
      vertex 7.66486 2.78978 28.1964
      vertex 8.56126 1.50958 29.6706
    endloop
  endfacet
  facet normal 0.906308 -0.422617 0
    outer loop
      vertex 7.76457 -4.48288 32.7844
      vertex 8.42505 -3.06647 31.2156
      vertex 8.42505 -3.06647 32.7844
    endloop
  endfacet
  facet normal 0.906308 -0.422617 0
    outer loop
      vertex 8.42505 -3.06647 31.2156
      vertex 7.76457 -4.48288 32.7844
      vertex 7.76457 -4.48288 31.2156
    endloop
  endfacet
  facet normal 0.936534 -0.0819362 0.340868
    outer loop
      vertex 8.15677 0 35.8036
      vertex 8.03285 -1.41641 35.8036
      vertex 8.56126 -1.50958 34.3294
    endloop
  endfacet
  facet normal 0.785629 -0.366345 0.498577
    outer loop
      vertex 6.92776 -2.5215 37.1622
      vertex 6.38466 -3.68618 37.1622
      vertex 7.06397 -4.07838 35.8036
    endloop
  endfacet
  facet normal 0.71008 -0.4972 0.498577
    outer loop
      vertex 6.38466 -3.68618 37.1622
      vertex 6.24845 -5.24307 35.8036
      vertex 7.06397 -4.07838 35.8036
    endloop
  endfacet
  facet normal 0.422617 -0.906308 0
    outer loop
      vertex 3.06647 -8.42505 31.2156
      vertex 4.48288 -7.76457 32.7844
      vertex 3.06647 -8.42505 32.7844
    endloop
  endfacet
  facet normal 0.422617 -0.906308 0
    outer loop
      vertex 4.48288 -7.76457 32.7844
      vertex 3.06647 -8.42505 31.2156
      vertex 4.48288 -7.76457 31.2156
    endloop
  endfacet
  facet normal 0.573581 -0.819149 0
    outer loop
      vertex 4.48288 -7.76457 31.2156
      vertex 5.76307 -6.86816 32.7844
      vertex 4.48288 -7.76457 32.7844
    endloop
  endfacet
  facet normal 0.573581 -0.819149 0
    outer loop
      vertex 5.76307 -6.86816 32.7844
      vertex 4.48288 -7.76457 31.2156
      vertex 5.76307 -6.86816 31.2156
    endloop
  endfacet
  facet normal 0.539226 -0.770093 0.34087
    outer loop
      vertex 5.24307 -6.24845 35.8036
      vertex 4.34667 -7.52865 34.3294
      vertex 5.58797 -6.65948 34.3294
    endloop
  endfacet
  facet normal 0.696445 -0.696445 0.172998
    outer loop
      vertex 5.58797 -6.65948 34.3294
      vertex 6.86816 -5.76307 32.7844
      vertex 6.65948 -5.58797 34.3294
    endloop
  endfacet
  facet normal 0.696445 -0.696445 0.172998
    outer loop
      vertex 6.86816 -5.76307 32.7844
      vertex 5.58797 -6.65948 34.3294
      vertex 5.76307 -6.86816 32.7844
    endloop
  endfacet
  facet normal 0.499523 0.0436991 0.865198
    outer loop
      vertex 5.08376 0.896404 39.3724
      vertex 3.74578 0.660481 40.1568
      vertex 3.80356 0 40.1568
    endloop
  endfacet
  facet normal 0.641769 -0.056151 0.76484
    outer loop
      vertex 5.16219 0 39.3724
      vertex 5.08376 -0.896404 39.3724
      vertex 6.26728 -1.10509 38.364
    endloop
  endfacet
  facet normal 0.741111 -0.198583 0.641341
    outer loop
      vertex 7.26037 -1.2802 37.1622
      vertex 6.26728 -1.10509 38.364
      vertex 6.92776 -2.5215 37.1622
    endloop
  endfacet
  facet normal 0.764336 -0.0668688 0.641341
    outer loop
      vertex 6.36396 0 38.364
      vertex 6.26728 -1.10509 38.364
      vertex 7.26037 -1.2802 37.1622
    endloop
  endfacet
  facet normal 0.6285 -0.440079 0.641341
    outer loop
      vertex 5.51135 -3.18198 38.364
      vertex 4.87508 -4.09067 38.364
      vertex 5.64756 -4.73887 37.1622
    endloop
  endfacet
  facet normal 0.4972 -0.71008 0.498577
    outer loop
      vertex 5.24307 -6.24845 35.8036
      vertex 3.68618 -6.38466 37.1622
      vertex 4.07838 -7.06397 35.8036
    endloop
  endfacet
  facet normal 0.272258 -0.583864 0.764839
    outer loop
      vertex 2.58109 -4.47059 39.3724
      vertex 1.76557 -4.85087 39.3724
      vertex 2.1766 -5.98017 38.364
    endloop
  endfacet
  facet normal 0.366345 -0.785629 0.498577
    outer loop
      vertex 3.68618 -6.38466 37.1622
      vertex 2.5215 -6.92776 37.1622
      vertex 4.07838 -7.06397 35.8036
    endloop
  endfacet
  facet normal 0.484344 -0.129782 0.865198
    outer loop
      vertex 3.74578 -0.660481 40.1568
      vertex 3.57418 -1.30089 40.1568
      vertex 5.08376 -0.896404 39.3724
    endloop
  endfacet
  facet normal 0.527712 -0.369513 0.76484
    outer loop
      vertex 4.47059 -2.58109 39.3724
      vertex 3.95446 -3.31819 39.3724
      vertex 4.87508 -4.09067 38.364
    endloop
  endfacet
  facet normal 0.043705 -0.49952 0.865199
    outer loop
      vertex 0 -3.80356 40.1568
      vertex 0 -5.16219 39.3724
      vertex 0.896404 -5.08376 39.3724
    endloop
  endfacet
  facet normal 0.49952 -0.043705 0.865199
    outer loop
      vertex 5.16219 0 39.3724
      vertex 3.80356 0 40.1568
      vertex 5.08376 -0.896404 39.3724
    endloop
  endfacet
  facet normal 0.341833 -0.0299079 0.939285
    outer loop
      vertex 2.32937 0 40.6933
      vertex 2.29398 -0.40449 40.6933
      vertex 3.80356 0 40.1568
    endloop
  endfacet
  facet normal 0.341832 0.029904 0.939285
    outer loop
      vertex 3.74578 0.660481 40.1568
      vertex 2.29398 0.40449 40.6933
      vertex 3.80356 0 40.1568
    endloop
  endfacet
  facet normal 0.49952 0.043705 0.865199
    outer loop
      vertex 5.08376 0.896404 39.3724
      vertex 3.80356 0 40.1568
      vertex 5.16219 0 39.3724
    endloop
  endfacet
  facet normal 0.410746 0.287611 0.865198
    outer loop
      vertex 3.95446 3.31819 39.3724
      vertex 2.9137 2.44488 40.1568
      vertex 4.47059 2.58109 39.3724
    endloop
  endfacet
  facet normal 0.196815 0.281083 0.939285
    outer loop
      vertex 1.90178 3.29398 40.1568
      vertex 1.49729 1.7844 40.6933
      vertex 2.44488 2.9137 40.1568
    endloop
  endfacet
  facet normal 0.641769 0.056151 0.76484
    outer loop
      vertex 6.26728 1.10509 38.364
      vertex 5.08376 0.896404 39.3724
      vertex 5.16219 0 39.3724
    endloop
  endfacet
  facet normal 0.641772 0.0561461 0.764838
    outer loop
      vertex 6.26728 1.10509 38.364
      vertex 5.16219 0 39.3724
      vertex 6.36396 0 38.364
    endloop
  endfacet
  facet normal 0.71008 0.4972 0.498577
    outer loop
      vertex 7.06397 4.07838 35.8036
      vertex 6.24845 5.24307 35.8036
      vertex 6.38466 3.68618 37.1622
    endloop
  endfacet
  facet normal 0.710078 0.497201 0.498578
    outer loop
      vertex 6.24845 5.24307 35.8036
      vertex 5.64756 4.73887 37.1622
      vertex 6.38466 3.68618 37.1622
    endloop
  endfacet
  facet normal 0.542532 0.542532 0.641341
    outer loop
      vertex 4.73887 5.64756 37.1622
      vertex 4.87508 4.09067 38.364
      vertex 5.64756 4.73887 37.1622
    endloop
  endfacet
  facet normal 0.542532 0.542532 0.641341
    outer loop
      vertex 4.87508 4.09067 38.364
      vertex 4.73887 5.64756 37.1622
      vertex 4.09067 4.87508 38.364
    endloop
  endfacet
  facet normal 0.455533 0.455533 0.764839
    outer loop
      vertex 4.09067 4.87508 38.364
      vertex 3.95446 3.31819 39.3724
      vertex 4.87508 4.09067 38.364
    endloop
  endfacet
  facet normal 0.455533 0.455533 0.764839
    outer loop
      vertex 3.95446 3.31819 39.3724
      vertex 4.09067 4.87508 38.364
      vertex 3.31819 3.95446 39.3724
    endloop
  endfacet
  facet normal -0.416241 0.892643 -0.173005
    outer loop
      vertex -2.97329 8.16906 29.6706
      vertex -4.34667 7.52865 29.6706
      vertex -3.06647 8.42505 31.2156
    endloop
  endfacet
  facet normal -0.243317 0.908078 -0.340868
    outer loop
      vertex -1.41641 8.03285 28.1964
      vertex -2.78978 7.66486 28.1964
      vertex -1.50958 8.56126 29.6706
    endloop
  endfacet
  facet normal -0.908078 0.243317 -0.340868
    outer loop
      vertex -8.03285 1.41641 28.1964
      vertex -8.56126 1.50958 29.6706
      vertex -7.66486 2.78978 28.1964
    endloop
  endfacet
  facet normal -0.78555 0.366658 -0.498471
    outer loop
      vertex -7.06218 4.05788 28.1785
      vertex -7.06397 4.07838 28.1964
      vertex -7.05502 4.07322 28.1785
    endloop
  endfacet
  facet normal -0.539226 0.770093 -0.34087
    outer loop
      vertex -5.24307 6.24845 28.1964
      vertex -5.58797 6.65948 29.6706
      vertex -4.34667 7.52865 29.6706
    endloop
  endfacet
  facet normal -0.539222 0.770094 -0.340873
    outer loop
      vertex -4.07838 7.06397 28.1964
      vertex -5.24307 6.24845 28.1964
      vertex -4.34667 7.52865 29.6706
    endloop
  endfacet
  facet normal -0.0755486 0.863547 0.498577
    outer loop
      vertex 0 8.15677 35.8036
      vertex -1.2802 7.26037 37.1622
      vertex 0 7.37237 37.1622
    endloop
  endfacet
  facet normal -0.142812 0.0999983 0.984685
    outer loop
      vertex -1.7844 1.49729 40.6933
      vertex -2.01729 1.16469 40.6933
      vertex -0.679312 0.3922 40.9658
    endloop
  endfacet
  facet normal -0.892643 -0.416244 0.173003
    outer loop
      vertex -7.52865 -4.34667 34.3294
      vertex -8.42505 -3.06647 32.7844
      vertex -7.76457 -4.48288 32.7844
    endloop
  endfacet
  facet normal -0.806797 -0.564932 0.173003
    outer loop
      vertex -7.52865 -4.34667 34.3294
      vertex -7.76457 -4.48288 32.7844
      vertex -6.86816 -5.76307 32.7844
    endloop
  endfacet
  facet normal -0.981173 0.0858408 0.173004
    outer loop
      vertex -8.56126 1.50958 34.3294
      vertex -8.96575 0 32.7844
      vertex -8.69333 0 34.3294
    endloop
  endfacet
  facet normal -0.908078 -0.243317 0.340868
    outer loop
      vertex -8.03285 -1.41641 35.8036
      vertex -8.56126 -1.50958 34.3294
      vertex -7.66486 -2.78978 35.8036
    endloop
  endfacet
  facet normal -0.906308 0.422617 0
    outer loop
      vertex -8.42505 3.06647 31.2156
      vertex -7.76457 4.48288 32.7844
      vertex -7.76457 4.48288 31.2156
    endloop
  endfacet
  facet normal -0.906308 0.422617 0
    outer loop
      vertex -7.76457 4.48288 32.7844
      vertex -8.42505 3.06647 31.2156
      vertex -8.42505 3.06647 32.7844
    endloop
  endfacet
  facet normal -0.965926 0.258819 0
    outer loop
      vertex -8.82954 1.55689 31.2156
      vertex -8.42505 3.06647 32.7844
      vertex -8.42505 3.06647 31.2156
    endloop
  endfacet
  facet normal -0.965926 0.258819 0
    outer loop
      vertex -8.42505 3.06647 32.7844
      vertex -8.82954 1.55689 31.2156
      vertex -8.82954 1.55689 32.7844
    endloop
  endfacet
  facet normal -0.764336 -0.066869 0.641341
    outer loop
      vertex -6.36396 0 38.364
      vertex -7.37237 0 37.1622
      vertex -7.26037 -1.2802 37.1622
    endloop
  endfacet
  facet normal -0.764336 -0.0668688 0.641341
    outer loop
      vertex -6.36396 0 38.364
      vertex -7.26037 -1.2802 37.1622
      vertex -6.26728 -1.10509 38.364
    endloop
  endfacet
  facet normal -0.785691 -0.366376 -0.498456
    outer loop
      vertex -7.21527 -3.72957 28.1785
      vertex -7.66486 -2.78978 28.1964
      vertex -7.65515 -2.78625 28.1785
    endloop
  endfacet
  facet normal -0.785814 -0.366423 -0.498228
    outer loop
      vertex -7.06397 -4.07838 28.1964
      vertex -7.21527 -3.72957 28.1785
      vertex -7.06218 -4.05788 28.1785
    endloop
  endfacet
  facet normal -0.78572 -0.366391 -0.4984
    outer loop
      vertex -7.21527 -3.72957 28.1785
      vertex -7.06397 -4.07838 28.1964
      vertex -7.66486 -2.78978 28.1964
    endloop
  endfacet
  facet normal -0.837252 -0.224322 -0.498688
    outer loop
      vertex -7.92454 -1.78087 28.1785
      vertex -8.03285 -1.41641 28.1964
      vertex -8.01829 -1.43096 28.1785
    endloop
  endfacet
  facet normal -0.837362 -0.22437 -0.498481
    outer loop
      vertex -7.66486 -2.78978 28.1964
      vertex -7.92454 -1.78087 28.1785
      vertex -7.65515 -2.78625 28.1785
    endloop
  endfacet
  facet normal -0.837396 -0.224377 -0.498421
    outer loop
      vertex -7.92454 -1.78087 28.1785
      vertex -7.66486 -2.78978 28.1964
      vertex -8.03285 -1.41641 28.1964
    endloop
  endfacet
  facet normal -0.936534 -0.0819354 -0.340867
    outer loop
      vertex -8.56126 -1.50958 29.6706
      vertex -8.69333 0 29.6706
      vertex -8.15677 0 28.1964
    endloop
  endfacet
  facet normal -0.710039 0.497173 -0.498662
    outer loop
      vertex -6.83753 4.38382 28.1785
      vertex -6.24845 5.24307 28.1964
      vertex -6.25024 5.22256 28.1785
    endloop
  endfacet
  facet normal -0.710059 0.497185 -0.498622
    outer loop
      vertex -6.83753 4.38382 28.1785
      vertex -7.06397 4.07838 28.1964
      vertex -6.24845 5.24307 28.1964
    endloop
  endfacet
  facet normal -0.710147 0.497263 -0.498419
    outer loop
      vertex -7.06397 4.07838 28.1964
      vertex -6.83753 4.38382 28.1785
      vertex -7.05502 4.07322 28.1785
    endloop
  endfacet
  facet normal -0.710111 0.497129 -0.498604
    outer loop
      vertex -6.24053 5.23643 28.1785
      vertex -6.25024 5.22256 28.1785
      vertex -6.24845 5.24307 28.1964
    endloop
  endfacet
  facet normal -0.254916 0.951361 -0.173004
    outer loop
      vertex -2.97329 8.16906 29.6706
      vertex -3.06647 8.42505 31.2156
      vertex -1.50958 8.56126 29.6706
    endloop
  endfacet
  facet normal -0.416244 0.892643 -0.173003
    outer loop
      vertex -4.34667 7.52865 29.6706
      vertex -4.48288 7.76457 31.2156
      vertex -3.06647 8.42505 31.2156
    endloop
  endfacet
  facet normal -0.422617 0.906308 0
    outer loop
      vertex -3.06647 8.42505 31.2156
      vertex -4.48288 7.76457 32.7844
      vertex -3.06647 8.42505 32.7844
    endloop
  endfacet
  facet normal -0.422617 0.906308 0
    outer loop
      vertex -4.48288 7.76457 32.7844
      vertex -3.06647 8.42505 31.2156
      vertex -4.48288 7.76457 31.2156
    endloop
  endfacet
  facet normal -0.0858414 0.981173 0.173003
    outer loop
      vertex 0 8.96575 32.7844
      vertex -1.55689 8.82954 32.7844
      vertex -1.50958 8.56126 34.3294
    endloop
  endfacet
  facet normal -0.0819354 0.936534 0.340867
    outer loop
      vertex 0 8.69333 34.3294
      vertex -1.50958 8.56126 34.3294
      vertex 0 8.15677 35.8036
    endloop
  endfacet
  facet normal 0.0819354 0.936534 0.340867
    outer loop
      vertex 0 8.69333 34.3294
      vertex 0 8.15677 35.8036
      vertex 1.50958 8.56126 34.3294
    endloop
  endfacet
  facet normal 0.258819 0.965926 -0
    outer loop
      vertex 3.06647 8.42505 31.2156
      vertex 1.55689 8.82954 32.7844
      vertex 3.06647 8.42505 32.7844
    endloop
  endfacet
  facet normal 0.258819 0.965926 0
    outer loop
      vertex 1.55689 8.82954 32.7844
      vertex 3.06647 8.42505 31.2156
      vertex 1.55689 8.82954 31.2156
    endloop
  endfacet
  facet normal 0.0871556 0.996195 -0
    outer loop
      vertex 1.55689 8.82954 31.2156
      vertex 0 8.96575 32.7844
      vertex 1.55689 8.82954 32.7844
    endloop
  endfacet
  facet normal 0.0871556 0.996195 0
    outer loop
      vertex 0 8.96575 32.7844
      vertex 1.55689 8.82954 31.2156
      vertex 0 8.96575 31.2156
    endloop
  endfacet
  facet normal 0.243319 0.908078 0.340866
    outer loop
      vertex 2.97329 8.16906 34.3294
      vertex 1.50958 8.56126 34.3294
      vertex 2.78978 7.66486 35.8036
    endloop
  endfacet
  facet normal 0.243317 0.908078 0.340868
    outer loop
      vertex 1.50958 8.56126 34.3294
      vertex 1.41641 8.03285 35.8036
      vertex 2.78978 7.66486 35.8036
    endloop
  endfacet
  facet normal 0.996195 0.0871556 0
    outer loop
      vertex 8.96575 0 32.7844
      vertex 8.82954 1.55689 31.2156
      vertex 8.82954 1.55689 32.7844
    endloop
  endfacet
  facet normal 0.996195 0.0871556 0
    outer loop
      vertex 8.82954 1.55689 31.2156
      vertex 8.96575 0 32.7844
      vertex 8.96575 0 31.2156
    endloop
  endfacet
  facet normal 0.936534 0.0819354 0.340867
    outer loop
      vertex 8.56126 1.50958 34.3294
      vertex 8.15677 0 35.8036
      vertex 8.69333 0 34.3294
    endloop
  endfacet
  facet normal 0.981173 0.0858408 0.173004
    outer loop
      vertex 8.96575 0 32.7844
      vertex 8.56126 1.50958 34.3294
      vertex 8.69333 0 34.3294
    endloop
  endfacet
  facet normal 0.710039 0.497173 -0.498662
    outer loop
      vertex 6.24845 5.24307 28.1964
      vertex 6.83753 4.38382 28.1785
      vertex 6.25024 5.22256 28.1785
    endloop
  endfacet
  facet normal 0.710059 0.497185 -0.498622
    outer loop
      vertex 7.06397 4.07838 28.1964
      vertex 6.83753 4.38382 28.1785
      vertex 6.24845 5.24307 28.1964
    endloop
  endfacet
  facet normal 0.710147 0.497263 -0.498419
    outer loop
      vertex 6.83753 4.38382 28.1785
      vertex 7.06397 4.07838 28.1964
      vertex 7.05502 4.07322 28.1785
    endloop
  endfacet
  facet normal 0.710111 0.497129 -0.498604
    outer loop
      vertex 6.25024 5.22256 28.1785
      vertex 6.24053 5.23643 28.1785
      vertex 6.24845 5.24307 28.1964
    endloop
  endfacet
  facet normal 0.254916 0.951361 -0.173004
    outer loop
      vertex 2.97329 8.16906 29.6706
      vertex 1.50958 8.56126 29.6706
      vertex 3.06647 8.42505 31.2156
    endloop
  endfacet
  facet normal 0.416241 0.892643 -0.173005
    outer loop
      vertex 4.34667 7.52865 29.6706
      vertex 2.97329 8.16906 29.6706
      vertex 3.06647 8.42505 31.2156
    endloop
  endfacet
  facet normal 0.0819354 0.936534 -0.340867
    outer loop
      vertex 1.50958 8.56126 29.6706
      vertex 0 8.15677 28.1964
      vertex 0 8.69333 29.6706
    endloop
  endfacet
  facet normal -0.0858408 0.981173 -0.173004
    outer loop
      vertex 0 8.69333 29.6706
      vertex -1.50958 8.56126 29.6706
      vertex 0 8.96575 31.2156
    endloop
  endfacet
  facet normal 0.272262 0.583864 0.764837
    outer loop
      vertex 3.18198 5.51135 38.364
      vertex 2.1766 5.98017 38.364
      vertex 2.58109 4.47059 39.3724
    endloop
  endfacet
  facet normal -0.310989 0.145016 0.939285
    outer loop
      vertex -2.01729 1.16469 40.6933
      vertex -3.29398 1.90178 40.1568
      vertex -2.18889 0.796692 40.6933
    endloop
  endfacet
  facet normal -0.69537 0.324259 0.64134
    outer loop
      vertex -5.51135 3.18198 38.364
      vertex -6.92776 2.5215 37.1622
      vertex -5.98017 2.1766 38.364
    endloop
  endfacet
  facet normal 0.198581 0.741113 0.64134
    outer loop
      vertex 2.5215 6.92776 37.1622
      vertex 1.10509 6.26728 38.364
      vertex 2.1766 5.98017 38.364
    endloop
  endfacet
  facet normal 0.324257 0.69537 0.641341
    outer loop
      vertex 3.68618 6.38466 37.1622
      vertex 2.5215 6.92776 37.1622
      vertex 3.18198 5.51135 38.364
    endloop
  endfacet
  facet normal -0.0888103 0.331445 0.939285
    outer loop
      vertex -0.660481 3.74578 40.1568
      vertex -0.796692 2.18889 40.6933
      vertex -0.40449 2.29398 40.6933
    endloop
  endfacet
  facet normal -0.641772 -0.0561461 0.764838
    outer loop
      vertex -5.16219 0 39.3724
      vertex -6.36396 0 38.364
      vertex -6.26728 -1.10509 38.364
    endloop
  endfacet
  facet normal -0.173678 0.0151956 0.984685
    outer loop
      vertex -2.29398 0.40449 40.6933
      vertex -2.32937 0 40.6933
      vertex -0.772485 0.136209 40.9658
    endloop
  endfacet
  facet normal -0.341833 -0.0299079 0.939285
    outer loop
      vertex -2.32937 0 40.6933
      vertex -3.80356 0 40.1568
      vertex -2.29398 -0.40449 40.6933
    endloop
  endfacet
  facet normal 0.272258 0.583864 0.764839
    outer loop
      vertex 2.1766 5.98017 38.364
      vertex 1.76557 4.85087 39.3724
      vertex 2.58109 4.47059 39.3724
    endloop
  endfacet
  facet normal 0.129778 0.484344 0.865199
    outer loop
      vertex 1.76557 4.85087 39.3724
      vertex 0.896404 5.08376 39.3724
      vertex 1.30089 3.57418 40.1568
    endloop
  endfacet
  facet normal -0.158007 -0.0736797 0.984685
    outer loop
      vertex -0.679312 -0.3922 40.9658
      vertex -2.18889 -0.796692 40.6933
      vertex -2.01729 -1.16469 40.6933
    endloop
  endfacet
  facet normal 0.281083 0.196815 0.939285
    outer loop
      vertex 2.9137 2.44488 40.1568
      vertex 1.7844 1.49729 40.6933
      vertex 3.29398 1.90178 40.1568
    endloop
  endfacet
  facet normal -0.196817 0.281082 0.939285
    outer loop
      vertex -1.16469 2.01729 40.6933
      vertex -1.90178 3.29398 40.1568
      vertex -1.49729 1.7844 40.6933
    endloop
  endfacet
  facet normal -0.158007 0.0736797 0.984685
    outer loop
      vertex -2.01729 1.16469 40.6933
      vertex -2.18889 0.796692 40.6933
      vertex -0.679312 0.3922 40.9658
    endloop
  endfacet
  facet normal 0.497129 -0.710111 -0.498604
    outer loop
      vertex 5.24307 -6.24845 28.1964
      vertex 5.22256 -6.25024 28.1785
      vertex 5.23643 -6.24053 28.1785
    endloop
  endfacet
  facet normal 0.710111 -0.497129 -0.498604
    outer loop
      vertex 6.24845 -5.24307 28.1964
      vertex 6.24053 -5.23643 28.1785
      vertex 6.25024 -5.22256 28.1785
    endloop
  endfacet
  facet normal 0.254916 -0.951361 0.173004
    outer loop
      vertex 3.06647 -8.42505 32.7844
      vertex 1.50958 -8.56126 34.3294
      vertex 1.55689 -8.82954 32.7844
    endloop
  endfacet
  facet normal 0.0858408 -0.981173 0.173004
    outer loop
      vertex 0 -8.69333 34.3294
      vertex 0 -8.96575 32.7844
      vertex 1.50958 -8.56126 34.3294
    endloop
  endfacet
  facet normal -0.0819354 -0.936534 0.340867
    outer loop
      vertex 0 -8.15677 35.8036
      vertex -1.50958 -8.56126 34.3294
      vertex 0 -8.69333 34.3294
    endloop
  endfacet
  facet normal 0.416241 -0.892643 0.173005
    outer loop
      vertex 4.34667 -7.52865 34.3294
      vertex 2.97329 -8.16906 34.3294
      vertex 3.06647 -8.42505 32.7844
    endloop
  endfacet
  facet normal 0.397305 -0.852033 0.340866
    outer loop
      vertex 4.34667 -7.52865 34.3294
      vertex 2.78978 -7.66486 35.8036
      vertex 2.97329 -8.16906 34.3294
    endloop
  endfacet
  facet normal 0.224354 -0.837308 0.498579
    outer loop
      vertex 2.5215 -6.92776 37.1622
      vertex 1.41641 -8.03285 35.8036
      vertex 2.78978 -7.66486 35.8036
    endloop
  endfacet
  facet normal 0.324257 -0.69537 0.641341
    outer loop
      vertex 3.18198 -5.51135 38.364
      vertex 2.5215 -6.92776 37.1622
      vertex 3.68618 -6.38466 37.1622
    endloop
  endfacet
  facet normal -0.0819362 -0.936534 0.340868
    outer loop
      vertex -1.41641 -8.03285 35.8036
      vertex -1.50958 -8.56126 34.3294
      vertex 0 -8.15677 35.8036
    endloop
  endfacet
  facet normal -0.0858408 -0.981173 0.173004
    outer loop
      vertex 0 -8.69333 34.3294
      vertex -1.50958 -8.56126 34.3294
      vertex 0 -8.96575 32.7844
    endloop
  endfacet
  facet normal -0.564929 -0.8068 -0.172998
    outer loop
      vertex -4.34667 -7.52865 29.6706
      vertex -5.76307 -6.86816 31.2156
      vertex -5.58797 -6.65948 29.6706
    endloop
  endfacet
  facet normal -0.906308 -0.422617 0
    outer loop
      vertex -7.76457 -4.48288 31.2156
      vertex -8.42505 -3.06647 32.7844
      vertex -8.42505 -3.06647 31.2156
    endloop
  endfacet
  facet normal -0.906308 -0.422617 0
    outer loop
      vertex -8.42505 -3.06647 32.7844
      vertex -7.76457 -4.48288 31.2156
      vertex -7.76457 -4.48288 32.7844
    endloop
  endfacet
  facet normal -0.4972 -0.71008 0.498577
    outer loop
      vertex -3.68618 -6.38466 37.1622
      vertex -5.24307 -6.24845 35.8036
      vertex -4.07838 -7.06397 35.8036
    endloop
  endfacet
  facet normal -0.564929 -0.8068 0.172998
    outer loop
      vertex -5.58797 -6.65948 34.3294
      vertex -5.76307 -6.86816 32.7844
      vertex -4.34667 -7.52865 34.3294
    endloop
  endfacet
  facet normal -0.254916 -0.951361 0.173004
    outer loop
      vertex -1.50958 -8.56126 34.3294
      vertex -3.06647 -8.42505 32.7844
      vertex -1.55689 -8.82954 32.7844
    endloop
  endfacet
  facet normal -0.224354 -0.837308 0.498579
    outer loop
      vertex -2.5215 -6.92776 37.1622
      vertex -2.78978 -7.66486 35.8036
      vertex -1.41641 -8.03285 35.8036
    endloop
  endfacet
  facet normal -0.397311 -0.852027 0.340873
    outer loop
      vertex -4.07838 -7.06397 35.8036
      vertex -4.34667 -7.52865 34.3294
      vertex -2.78978 -7.66486 35.8036
    endloop
  endfacet
  facet normal -0.416244 -0.892643 -0.173003
    outer loop
      vertex -3.06647 -8.42505 31.2156
      vertex -4.48288 -7.76457 31.2156
      vertex -4.34667 -7.52865 29.6706
    endloop
  endfacet
  facet normal -0.416241 -0.892643 -0.173005
    outer loop
      vertex -3.06647 -8.42505 31.2156
      vertex -4.34667 -7.52865 29.6706
      vertex -2.97329 -8.16906 29.6706
    endloop
  endfacet
  facet normal 0.254916 -0.951361 -0.173004
    outer loop
      vertex 3.06647 -8.42505 31.2156
      vertex 1.50958 -8.56126 29.6706
      vertex 2.97329 -8.16906 29.6706
    endloop
  endfacet
  facet normal 0.254916 -0.951361 -0.173004
    outer loop
      vertex 1.55689 -8.82954 31.2156
      vertex 1.50958 -8.56126 29.6706
      vertex 3.06647 -8.42505 31.2156
    endloop
  endfacet
  facet normal -0.254916 -0.951361 -0.173004
    outer loop
      vertex -1.55689 -8.82954 31.2156
      vertex -3.06647 -8.42505 31.2156
      vertex -1.50958 -8.56126 29.6706
    endloop
  endfacet
  facet normal -0.254916 -0.951361 -0.173004
    outer loop
      vertex -1.50958 -8.56126 29.6706
      vertex -3.06647 -8.42505 31.2156
      vertex -2.97329 -8.16906 29.6706
    endloop
  endfacet
  facet normal 0.075801 -0.863629 -0.498396
    outer loop
      vertex 0.0168622 -8.14496 28.1785
      vertex 0 -8.15677 28.1964
      vertex 0 -8.14644 28.1785
    endloop
  endfacet
  facet normal -0.075801 -0.863629 -0.498396
    outer loop
      vertex 0 -8.15677 28.1964
      vertex -0.0168622 -8.14496 28.1785
      vertex 0 -8.14644 28.1785
    endloop
  endfacet
  facet normal 0.770093 -0.539226 -0.34087
    outer loop
      vertex 6.65948 -5.58797 29.6706
      vertex 6.24845 -5.24307 28.1964
      vertex 7.52865 -4.34667 29.6706
    endloop
  endfacet
  facet normal -0.539222 -0.770094 -0.340873
    outer loop
      vertex -4.34667 -7.52865 29.6706
      vertex -5.24307 -6.24845 28.1964
      vertex -4.07838 -7.06397 28.1964
    endloop
  endfacet
  facet normal -0.287606 -0.410747 0.865199
    outer loop
      vertex -2.44488 -2.9137 40.1568
      vertex -2.58109 -4.47059 39.3724
      vertex -1.90178 -3.29398 40.1568
    endloop
  endfacet
  facet normal 0.0299079 -0.341833 0.939285
    outer loop
      vertex 0 -2.32937 40.6933
      vertex 0 -3.80356 40.1568
      vertex 0.40449 -2.29398 40.6933
    endloop
  endfacet
  facet normal -0.211911 -0.454449 0.865199
    outer loop
      vertex -1.30089 -3.57418 40.1568
      vertex -2.58109 -4.47059 39.3724
      vertex -1.76557 -4.85087 39.3724
    endloop
  endfacet
  facet normal -0.369513 -0.527712 0.76484
    outer loop
      vertex -3.31819 -3.95446 39.3724
      vertex -4.09067 -4.87508 38.364
      vertex -2.58109 -4.47059 39.3724
    endloop
  endfacet
  facet normal -0.527717 -0.369511 0.764838
    outer loop
      vertex -4.47059 -2.58109 39.3724
      vertex -5.51135 -3.18198 38.364
      vertex -4.87508 -4.09067 38.364
    endloop
  endfacet
  facet normal -0.6285 -0.440079 0.641341
    outer loop
      vertex -5.51135 -3.18198 38.364
      vertex -5.64756 -4.73887 37.1622
      vertex -4.87508 -4.09067 38.364
    endloop
  endfacet
  facet normal -0.6285 -0.440079 0.641341
    outer loop
      vertex -5.51135 -3.18198 38.364
      vertex -6.38466 -3.68618 37.1622
      vertex -5.64756 -4.73887 37.1622
    endloop
  endfacet
  facet normal 0.0561461 -0.641772 0.764838
    outer loop
      vertex 0 -5.16219 39.3724
      vertex 0 -6.36396 38.364
      vertex 1.10509 -6.26728 38.364
    endloop
  endfacet
  facet normal 0.129778 -0.484344 0.865199
    outer loop
      vertex 1.30089 -3.57418 40.1568
      vertex 0.896404 -5.08376 39.3724
      vertex 1.76557 -4.85087 39.3724
    endloop
  endfacet
  facet normal -0.211913 -0.454448 0.865199
    outer loop
      vertex -1.90178 -3.29398 40.1568
      vertex -2.58109 -4.47059 39.3724
      vertex -1.30089 -3.57418 40.1568
    endloop
  endfacet
  facet normal -0.324259 -0.69537 0.64134
    outer loop
      vertex -2.1766 -5.98017 38.364
      vertex -3.18198 -5.51135 38.364
      vertex -2.5215 -6.92776 37.1622
    endloop
  endfacet
  facet normal -0.0451228 0.168401 0.984685
    outer loop
      vertex -0.40449 2.29398 40.6933
      vertex -0.796692 2.18889 40.6933
      vertex -0.136209 0.772485 40.9658
    endloop
  endfacet
  facet normal -0.310989 -0.145017 0.939285
    outer loop
      vertex -2.18889 -0.796692 40.6933
      vertex -3.57418 -1.30089 40.1568
      vertex -3.29398 -1.90178 40.1568
    endloop
  endfacet
  facet normal 0.863629 0.075801 -0.498396
    outer loop
      vertex 8.14644 0 28.1785
      vertex 8.14496 0.0168622 28.1785
      vertex 8.15677 0 28.1964
    endloop
  endfacet
  facet normal 0.707107 -0.707107 0
    outer loop
      vertex 5.76307 -6.86816 32.7844
      vertex 6.86816 -5.76307 31.2156
      vertex 6.86816 -5.76307 32.7844
    endloop
  endfacet
  facet normal 0.707107 -0.707107 0
    outer loop
      vertex 6.86816 -5.76307 31.2156
      vertex 5.76307 -6.86816 32.7844
      vertex 5.76307 -6.86816 31.2156
    endloop
  endfacet
  facet normal 0.852027 -0.397311 -0.340873
    outer loop
      vertex 7.52865 -4.34667 29.6706
      vertex 7.06397 -4.07838 28.1964
      vertex 7.66486 -2.78978 28.1964
    endloop
  endfacet
  facet normal 0.785691 -0.366376 -0.498456
    outer loop
      vertex 7.66486 -2.78978 28.1964
      vertex 7.21527 -3.72957 28.1785
      vertex 7.65515 -2.78625 28.1785
    endloop
  endfacet
  facet normal 0.78572 -0.366391 -0.4984
    outer loop
      vertex 7.06397 -4.07838 28.1964
      vertex 7.21527 -3.72957 28.1785
      vertex 7.66486 -2.78978 28.1964
    endloop
  endfacet
  facet normal 0.785814 -0.366423 -0.498228
    outer loop
      vertex 7.21527 -3.72957 28.1785
      vertex 7.06397 -4.07838 28.1964
      vertex 7.06218 -4.05788 28.1785
    endloop
  endfacet
  facet normal 0.863629 -0.075801 -0.498396
    outer loop
      vertex 8.15677 0 28.1964
      vertex 8.14496 -0.0168622 28.1785
      vertex 8.14644 0 28.1785
    endloop
  endfacet
  facet normal 0.996195 -0.0871556 0
    outer loop
      vertex 8.82954 -1.55689 32.7844
      vertex 8.96575 0 31.2156
      vertex 8.96575 0 32.7844
    endloop
  endfacet
  facet normal 0.996195 -0.0871556 0
    outer loop
      vertex 8.96575 0 31.2156
      vertex 8.82954 -1.55689 32.7844
      vertex 8.82954 -1.55689 31.2156
    endloop
  endfacet
  facet normal 0.965926 -0.258819 0
    outer loop
      vertex 8.42505 -3.06647 32.7844
      vertex 8.82954 -1.55689 31.2156
      vertex 8.82954 -1.55689 32.7844
    endloop
  endfacet
  facet normal 0.965926 -0.258819 0
    outer loop
      vertex 8.82954 -1.55689 31.2156
      vertex 8.42505 -3.06647 32.7844
      vertex 8.42505 -3.06647 31.2156
    endloop
  endfacet
  facet normal 0.8068 -0.564929 0.172998
    outer loop
      vertex 7.52865 -4.34667 34.3294
      vertex 6.65948 -5.58797 34.3294
      vertex 6.86816 -5.76307 32.7844
    endloop
  endfacet
  facet normal 0.770093 -0.539226 0.34087
    outer loop
      vertex 7.52865 -4.34667 34.3294
      vertex 6.24845 -5.24307 35.8036
      vertex 6.65948 -5.58797 34.3294
    endloop
  endfacet
  facet normal 0.539222 -0.770094 0.340873
    outer loop
      vertex 5.24307 -6.24845 35.8036
      vertex 4.07838 -7.06397 35.8036
      vertex 4.34667 -7.52865 34.3294
    endloop
  endfacet
  facet normal 0.497201 -0.710078 0.498578
    outer loop
      vertex 4.73887 -5.64756 37.1622
      vertex 3.68618 -6.38466 37.1622
      vertex 5.24307 -6.24845 35.8036
    endloop
  endfacet
  facet normal 0.440079 -0.6285 0.641341
    outer loop
      vertex 4.73887 -5.64756 37.1622
      vertex 3.18198 -5.51135 38.364
      vertex 3.68618 -6.38466 37.1622
    endloop
  endfacet
  facet normal 0.440079 -0.6285 0.641341
    outer loop
      vertex 4.09067 -4.87508 38.364
      vertex 3.18198 -5.51135 38.364
      vertex 4.73887 -5.64756 37.1622
    endloop
  endfacet
  facet normal 0.0736794 0.158007 0.984685
    outer loop
      vertex 0.796692 2.18889 40.6933
      vertex 0.268281 0.737096 40.9658
      vertex 0.3922 0.679312 40.9658
    endloop
  endfacet
  facet normal 0.484344 -0.129778 0.865199
    outer loop
      vertex 5.08376 -0.896404 39.3724
      vertex 3.57418 -1.30089 40.1568
      vertex 4.85087 -1.76557 39.3724
    endloop
  endfacet
  facet normal 0.527717 -0.369511 0.764838
    outer loop
      vertex 5.51135 -3.18198 38.364
      vertex 4.47059 -2.58109 39.3724
      vertex 4.87508 -4.09067 38.364
    endloop
  endfacet
  facet normal 0.331445 -0.0888103 0.939285
    outer loop
      vertex 2.29398 -0.40449 40.6933
      vertex 2.18889 -0.796692 40.6933
      vertex 3.74578 -0.660481 40.1568
    endloop
  endfacet
  facet normal 0.583864 -0.272258 0.764839
    outer loop
      vertex 4.85087 -1.76557 39.3724
      vertex 4.47059 -2.58109 39.3724
      vertex 5.98017 -2.1766 38.364
    endloop
  endfacet
  facet normal 0.331445 -0.088812 0.939285
    outer loop
      vertex 3.74578 -0.660481 40.1568
      vertex 2.18889 -0.796692 40.6933
      vertex 3.57418 -1.30089 40.1568
    endloop
  endfacet
  facet normal 0.142812 -0.0999986 0.984685
    outer loop
      vertex 0.679312 -0.3922 40.9658
      vertex 0.600886 -0.504203 40.9658
      vertex 1.7844 -1.49729 40.6933
    endloop
  endfacet
  facet normal 0.0736797 -0.158007 0.984685
    outer loop
      vertex 1.16469 -2.01729 40.6933
      vertex 0.3922 -0.679312 40.9658
      vertex 0.796692 -2.18889 40.6933
    endloop
  endfacet
  facet normal 0.341832 -0.029904 0.939285
    outer loop
      vertex 3.80356 0 40.1568
      vertex 2.29398 -0.40449 40.6933
      vertex 3.74578 -0.660481 40.1568
    endloop
  endfacet
  facet normal 0.484344 0.129782 0.865198
    outer loop
      vertex 5.08376 0.896404 39.3724
      vertex 3.57418 1.30089 40.1568
      vertex 3.74578 0.660481 40.1568
    endloop
  endfacet
  facet normal 0.484344 0.129778 0.865199
    outer loop
      vertex 4.85087 1.76557 39.3724
      vertex 3.57418 1.30089 40.1568
      vertex 5.08376 0.896404 39.3724
    endloop
  endfacet
  facet normal 0.583864 0.272262 0.764837
    outer loop
      vertex 5.51135 3.18198 38.364
      vertex 4.47059 2.58109 39.3724
      vertex 5.98017 2.1766 38.364
    endloop
  endfacet
  facet normal 0.583864 0.272258 0.764839
    outer loop
      vertex 5.98017 2.1766 38.364
      vertex 4.47059 2.58109 39.3724
      vertex 4.85087 1.76557 39.3724
    endloop
  endfacet
  facet normal -0.366376 0.785691 -0.498456
    outer loop
      vertex -3.72957 7.21527 28.1785
      vertex -2.78978 7.66486 28.1964
      vertex -2.78625 7.65515 28.1785
    endloop
  endfacet
  facet normal -0.366391 0.78572 -0.4984
    outer loop
      vertex -2.78978 7.66486 28.1964
      vertex -3.72957 7.21527 28.1785
      vertex -4.07838 7.06397 28.1964
    endloop
  endfacet
  facet normal -0.366423 0.785814 -0.498228
    outer loop
      vertex -4.07838 7.06397 28.1964
      vertex -3.72957 7.21527 28.1785
      vertex -4.05788 7.06218 28.1785
    endloop
  endfacet
  facet normal -0.224322 0.837252 -0.498688
    outer loop
      vertex -1.78087 7.92454 28.1785
      vertex -1.41641 8.03285 28.1964
      vertex -1.43096 8.01829 28.1785
    endloop
  endfacet
  facet normal -0.224377 0.837396 -0.498421
    outer loop
      vertex -1.41641 8.03285 28.1964
      vertex -1.78087 7.92454 28.1785
      vertex -2.78978 7.66486 28.1964
    endloop
  endfacet
  facet normal -0.22437 0.837362 -0.498481
    outer loop
      vertex -2.78625 7.65515 28.1785
      vertex -2.78978 7.66486 28.1964
      vertex -1.78087 7.92454 28.1785
    endloop
  endfacet
  facet normal -0.243319 0.908078 -0.340866
    outer loop
      vertex -2.78978 7.66486 28.1964
      vertex -2.97329 8.16906 29.6706
      vertex -1.50958 8.56126 29.6706
    endloop
  endfacet
  facet normal -0.397305 0.852033 -0.340866
    outer loop
      vertex -2.78978 7.66486 28.1964
      vertex -4.34667 7.52865 29.6706
      vertex -2.97329 8.16906 29.6706
    endloop
  endfacet
  facet normal -0.936534 0.0819362 -0.340868
    outer loop
      vertex -8.15677 0 28.1964
      vertex -8.56126 1.50958 29.6706
      vertex -8.03285 1.41641 28.1964
    endloop
  endfacet
  facet normal -0.892643 0.416241 -0.173005
    outer loop
      vertex -8.16906 2.97329 29.6706
      vertex -8.42505 3.06647 31.2156
      vertex -7.52865 4.34667 29.6706
    endloop
  endfacet
  facet normal -0.564929 0.8068 0.172998
    outer loop
      vertex -4.34667 7.52865 34.3294
      vertex -5.76307 6.86816 32.7844
      vertex -5.58797 6.65948 34.3294
    endloop
  endfacet
  facet normal -0.416241 0.892643 0.173005
    outer loop
      vertex -3.06647 8.42505 32.7844
      vertex -4.34667 7.52865 34.3294
      vertex -2.97329 8.16906 34.3294
    endloop
  endfacet
  facet normal -0.69537 0.324257 0.641341
    outer loop
      vertex -6.38466 3.68618 37.1622
      vertex -6.92776 2.5215 37.1622
      vertex -5.51135 3.18198 38.364
    endloop
  endfacet
  facet normal -0.837308 0.224354 0.498579
    outer loop
      vertex -7.66486 2.78978 35.8036
      vertex -8.03285 1.41641 35.8036
      vertex -6.92776 2.5215 37.1622
    endloop
  endfacet
  facet normal -0.785629 0.366345 0.498577
    outer loop
      vertex -6.38466 3.68618 37.1622
      vertex -7.06397 4.07838 35.8036
      vertex -6.92776 2.5215 37.1622
    endloop
  endfacet
  facet normal -0.066869 0.764336 0.641341
    outer loop
      vertex 0 7.37237 37.1622
      vertex -1.2802 7.26037 37.1622
      vertex 0 6.36396 38.364
    endloop
  endfacet
  facet normal -0.224354 0.837308 0.498579
    outer loop
      vertex -1.41641 8.03285 35.8036
      vertex -2.78978 7.66486 35.8036
      vertex -2.5215 6.92776 37.1622
    endloop
  endfacet
  facet normal -0.497263 0.710147 -0.498419
    outer loop
      vertex -4.38382 6.83753 28.1785
      vertex -4.07838 7.06397 28.1964
      vertex -4.07322 7.05502 28.1785
    endloop
  endfacet
  facet normal -0.497185 0.710059 -0.498622
    outer loop
      vertex -4.07838 7.06397 28.1964
      vertex -4.38382 6.83753 28.1785
      vertex -5.24307 6.24845 28.1964
    endloop
  endfacet
  facet normal -0.497173 0.710039 -0.498662
    outer loop
      vertex -5.24307 6.24845 28.1964
      vertex -4.38382 6.83753 28.1785
      vertex -5.22256 6.25024 28.1785
    endloop
  endfacet
  facet normal -0.770094 -0.539222 0.340873
    outer loop
      vertex -7.06397 -4.07838 35.8036
      vertex -7.52865 -4.34667 34.3294
      vertex -6.24845 -5.24307 35.8036
    endloop
  endfacet
  facet normal -0.71008 -0.4972 0.498577
    outer loop
      vertex -6.38466 -3.68618 37.1622
      vertex -7.06397 -4.07838 35.8036
      vertex -6.24845 -5.24307 35.8036
    endloop
  endfacet
  facet normal -0.863547 0.0755486 0.498577
    outer loop
      vertex -7.26037 1.2802 37.1622
      vertex -8.15677 0 35.8036
      vertex -7.37237 0 37.1622
    endloop
  endfacet
  facet normal -0.863548 0.0755508 0.498575
    outer loop
      vertex -8.03285 1.41641 35.8036
      vertex -8.15677 0 35.8036
      vertex -7.26037 1.2802 37.1622
    endloop
  endfacet
  facet normal -0.69537 -0.324259 0.64134
    outer loop
      vertex -5.98017 -2.1766 38.364
      vertex -6.92776 -2.5215 37.1622
      vertex -5.51135 -3.18198 38.364
    endloop
  endfacet
  facet normal -0.741113 -0.198581 0.64134
    outer loop
      vertex -6.26728 -1.10509 38.364
      vertex -6.92776 -2.5215 37.1622
      vertex -5.98017 -2.1766 38.364
    endloop
  endfacet
  facet normal -0.965926 -0.258819 0
    outer loop
      vertex -8.42505 -3.06647 31.2156
      vertex -8.82954 -1.55689 32.7844
      vertex -8.82954 -1.55689 31.2156
    endloop
  endfacet
  facet normal -0.965926 -0.258819 0
    outer loop
      vertex -8.82954 -1.55689 32.7844
      vertex -8.42505 -3.06647 31.2156
      vertex -8.42505 -3.06647 32.7844
    endloop
  endfacet
  facet normal -0.785814 0.366423 -0.498228
    outer loop
      vertex -7.21527 3.72957 28.1785
      vertex -7.06397 4.07838 28.1964
      vertex -7.06218 4.05788 28.1785
    endloop
  endfacet
  facet normal -0.78572 0.366391 -0.4984
    outer loop
      vertex -7.21527 3.72957 28.1785
      vertex -7.66486 2.78978 28.1964
      vertex -7.06397 4.07838 28.1964
    endloop
  endfacet
  facet normal -0.785691 0.366376 -0.498456
    outer loop
      vertex -7.66486 2.78978 28.1964
      vertex -7.21527 3.72957 28.1785
      vertex -7.65515 2.78625 28.1785
    endloop
  endfacet
  facet normal -0.852027 0.397311 -0.340873
    outer loop
      vertex -7.06397 4.07838 28.1964
      vertex -7.66486 2.78978 28.1964
      vertex -7.52865 4.34667 29.6706
    endloop
  endfacet
  facet normal -0.564932 0.806797 0.173003
    outer loop
      vertex -4.48288 7.76457 32.7844
      vertex -5.76307 6.86816 32.7844
      vertex -4.34667 7.52865 34.3294
    endloop
  endfacet
  facet normal -0.696445 0.696445 0.172998
    outer loop
      vertex -6.86816 5.76307 32.7844
      vertex -5.58797 6.65948 34.3294
      vertex -5.76307 6.86816 32.7844
    endloop
  endfacet
  facet normal -0.696445 0.696445 0.172998
    outer loop
      vertex -5.58797 6.65948 34.3294
      vertex -6.86816 5.76307 32.7844
      vertex -6.65948 5.58797 34.3294
    endloop
  endfacet
  facet normal 0.0755486 0.863547 0.498577
    outer loop
      vertex 0 8.15677 35.8036
      vertex 0 7.37237 37.1622
      vertex 1.2802 7.26037 37.1622
    endloop
  endfacet
  facet normal 0.0755508 0.863548 0.498575
    outer loop
      vertex 1.41641 8.03285 35.8036
      vertex 0 8.15677 35.8036
      vertex 1.2802 7.26037 37.1622
    endloop
  endfacet
  facet normal 0.981173 0.0858408 -0.173004
    outer loop
      vertex 8.69333 0 29.6706
      vertex 8.56126 1.50958 29.6706
      vertex 8.96575 0 31.2156
    endloop
  endfacet
  facet normal 0.981173 -0.0858408 -0.173004
    outer loop
      vertex 8.96575 0 31.2156
      vertex 8.56126 -1.50958 29.6706
      vertex 8.69333 0 29.6706
    endloop
  endfacet
  facet normal 0.243319 0.908078 -0.340866
    outer loop
      vertex 2.78978 7.66486 28.1964
      vertex 1.50958 8.56126 29.6706
      vertex 2.97329 8.16906 29.6706
    endloop
  endfacet
  facet normal 0.397305 0.852033 -0.340866
    outer loop
      vertex 4.34667 7.52865 29.6706
      vertex 2.78978 7.66486 28.1964
      vertex 2.97329 8.16906 29.6706
    endloop
  endfacet
  facet normal -0.075801 0.863629 -0.498396
    outer loop
      vertex 0 8.14644 28.1785
      vertex -0.0168622 8.14496 28.1785
      vertex 0 8.15677 28.1964
    endloop
  endfacet
  facet normal -0.0755447 0.863545 -0.498582
    outer loop
      vertex -0.377736 8.11339 28.1785
      vertex 0 8.15677 28.1964
      vertex -0.0168622 8.14496 28.1785
    endloop
  endfacet
  facet normal -0.075555 0.863597 -0.49849
    outer loop
      vertex 0 8.15677 28.1964
      vertex -0.377736 8.11339 28.1785
      vertex -1.41641 8.03285 28.1964
    endloop
  endfacet
  facet normal -0.0755598 0.863698 -0.498314
    outer loop
      vertex -1.41641 8.03285 28.1964
      vertex -0.377736 8.11339 28.1785
      vertex -1.41461 8.02268 28.1785
    endloop
  endfacet
  facet normal 0.324259 0.69537 0.64134
    outer loop
      vertex 2.5215 6.92776 37.1622
      vertex 2.1766 5.98017 38.364
      vertex 3.18198 5.51135 38.364
    endloop
  endfacet
  facet normal 0.198583 0.741111 0.641341
    outer loop
      vertex 1.2802 7.26037 37.1622
      vertex 1.10509 6.26728 38.364
      vertex 2.5215 6.92776 37.1622
    endloop
  endfacet
  facet normal 0.366347 0.785627 0.498579
    outer loop
      vertex 2.78978 7.66486 35.8036
      vertex 2.5215 6.92776 37.1622
      vertex 4.07838 7.06397 35.8036
    endloop
  endfacet
  facet normal 0.224354 0.837308 0.498579
    outer loop
      vertex 2.78978 7.66486 35.8036
      vertex 1.41641 8.03285 35.8036
      vertex 2.5215 6.92776 37.1622
    endloop
  endfacet
  facet normal -0.49952 -0.043705 0.865199
    outer loop
      vertex -3.80356 0 40.1568
      vertex -5.16219 0 39.3724
      vertex -5.08376 -0.896404 39.3724
    endloop
  endfacet
  facet normal -0.641769 -0.056151 0.76484
    outer loop
      vertex -5.16219 0 39.3724
      vertex -6.26728 -1.10509 38.364
      vertex -5.08376 -0.896404 39.3724
    endloop
  endfacet
  facet normal -0.764336 0.066869 0.641341
    outer loop
      vertex -7.26037 1.2802 37.1622
      vertex -7.37237 0 37.1622
      vertex -6.36396 0 38.364
    endloop
  endfacet
  facet normal -0.863547 -0.0755486 0.498577
    outer loop
      vertex -7.37237 0 37.1622
      vertex -8.15677 0 35.8036
      vertex -7.26037 -1.2802 37.1622
    endloop
  endfacet
  facet normal 0.0999983 0.142812 0.984685
    outer loop
      vertex 1.16469 2.01729 40.6933
      vertex 0.3922 0.679312 40.9658
      vertex 1.49729 1.7844 40.6933
    endloop
  endfacet
  facet normal 0.0451228 0.168401 0.984685
    outer loop
      vertex 0.40449 2.29398 40.6933
      vertex 0.136209 0.772485 40.9658
      vertex 0.796692 2.18889 40.6933
    endloop
  endfacet
  facet normal 0.281082 0.196817 0.939285
    outer loop
      vertex 3.29398 1.90178 40.1568
      vertex 1.7844 1.49729 40.6933
      vertex 2.01729 1.16469 40.6933
    endloop
  endfacet
  facet normal -0.166735 0.62227 0.76484
    outer loop
      vertex -1.10509 6.26728 38.364
      vertex -1.76557 4.85087 39.3724
      vertex -0.896404 5.08376 39.3724
    endloop
  endfacet
  facet normal 0.354565 0.354565 0.865198
    outer loop
      vertex 3.31819 3.95446 39.3724
      vertex 2.9137 2.44488 40.1568
      vertex 3.95446 3.31819 39.3724
    endloop
  endfacet
  facet normal 0.354565 0.354565 0.865198
    outer loop
      vertex 2.9137 2.44488 40.1568
      vertex 3.31819 3.95446 39.3724
      vertex 2.44488 2.9137 40.1568
    endloop
  endfacet
  facet normal 0.0888103 0.331445 0.939285
    outer loop
      vertex 0.660481 3.74578 40.1568
      vertex 0.40449 2.29398 40.6933
      vertex 0.796692 2.18889 40.6933
    endloop
  endfacet
  facet normal -0.0299079 0.341833 0.939285
    outer loop
      vertex 0 3.80356 40.1568
      vertex -0.40449 2.29398 40.6933
      vertex 0 2.32937 40.6933
    endloop
  endfacet
  facet normal -0.158007 -0.0736794 0.984685
    outer loop
      vertex -0.737096 -0.268281 40.9658
      vertex -2.18889 -0.796692 40.6933
      vertex -0.679312 -0.3922 40.9658
    endloop
  endfacet
  facet normal -0.168401 0.0451233 0.984685
    outer loop
      vertex -0.737096 0.268281 40.9658
      vertex -2.18889 0.796692 40.6933
      vertex -0.772485 0.136209 40.9658
    endloop
  endfacet
  facet normal -0.0999986 0.142812 0.984685
    outer loop
      vertex -0.3922 0.679312 40.9658
      vertex -1.49729 1.7844 40.6933
      vertex -0.504203 0.600886 40.9658
    endloop
  endfacet
  facet normal -0.123278 0.123278 0.984685
    outer loop
      vertex -1.49729 1.7844 40.6933
      vertex -0.600886 0.504203 40.9658
      vertex -0.504203 0.600886 40.9658
    endloop
  endfacet
  facet normal -0.123278 0.123278 0.984685
    outer loop
      vertex -0.600886 0.504203 40.9658
      vertex -1.49729 1.7844 40.6933
      vertex -1.7844 1.49729 40.6933
    endloop
  endfacet
  facet normal -0.158007 0.0736794 0.984685
    outer loop
      vertex -0.679312 0.3922 40.9658
      vertex -2.18889 0.796692 40.6933
      vertex -0.737096 0.268281 40.9658
    endloop
  endfacet
  facet normal -0.0151956 -0.173678 0.984685
    outer loop
      vertex -0.136209 -0.772485 40.9658
      vertex -0.40449 -2.29398 40.6933
      vertex 0 -2.32937 40.6933
    endloop
  endfacet
  facet normal 0.0151939 -0.173678 0.984685
    outer loop
      vertex 0 -0.784401 40.9658
      vertex 0 -2.32937 40.6933
      vertex 0.136209 -0.772485 40.9658
    endloop
  endfacet
  facet normal -0.168401 0.0451228 0.984685
    outer loop
      vertex -2.18889 0.796692 40.6933
      vertex -2.29398 0.40449 40.6933
      vertex -0.772485 0.136209 40.9658
    endloop
  endfacet
  facet normal -0.331445 0.0888103 0.939285
    outer loop
      vertex -2.18889 0.796692 40.6933
      vertex -3.74578 0.660481 40.1568
      vertex -2.29398 0.40449 40.6933
    endloop
  endfacet
  facet normal 0.142812 0.0999986 0.984685
    outer loop
      vertex 1.7844 1.49729 40.6933
      vertex 0.600886 0.504203 40.9658
      vertex 0.679312 0.3922 40.9658
    endloop
  endfacet
  facet normal -0.211913 0.454448 0.865199
    outer loop
      vertex -1.30089 3.57418 40.1568
      vertex -2.58109 4.47059 39.3724
      vertex -1.90178 3.29398 40.1568
    endloop
  endfacet
  facet normal -0.454448 0.211913 0.865199
    outer loop
      vertex -3.29398 1.90178 40.1568
      vertex -4.47059 2.58109 39.3724
      vertex -3.57418 1.30089 40.1568
    endloop
  endfacet
  facet normal -0.310989 0.145017 0.939285
    outer loop
      vertex -3.29398 1.90178 40.1568
      vertex -3.57418 1.30089 40.1568
      vertex -2.18889 0.796692 40.6933
    endloop
  endfacet
  facet normal 0.539226 -0.770093 -0.34087
    outer loop
      vertex 5.58797 -6.65948 29.6706
      vertex 4.34667 -7.52865 29.6706
      vertex 5.24307 -6.24845 28.1964
    endloop
  endfacet
  facet normal 0.539222 -0.770094 -0.340873
    outer loop
      vertex 4.34667 -7.52865 29.6706
      vertex 4.07838 -7.06397 28.1964
      vertex 5.24307 -6.24845 28.1964
    endloop
  endfacet
  facet normal 0.066869 -0.764336 0.641341
    outer loop
      vertex 0 -6.36396 38.364
      vertex 0 -7.37237 37.1622
      vertex 1.2802 -7.26037 37.1622
    endloop
  endfacet
  facet normal 0.0755508 -0.863548 0.498575
    outer loop
      vertex 1.2802 -7.26037 37.1622
      vertex 0 -8.15677 35.8036
      vertex 1.41641 -8.03285 35.8036
    endloop
  endfacet
  facet normal 0.0871556 -0.996195 0
    outer loop
      vertex 0 -8.96575 31.2156
      vertex 1.55689 -8.82954 32.7844
      vertex 0 -8.96575 32.7844
    endloop
  endfacet
  facet normal 0.0871556 -0.996195 0
    outer loop
      vertex 1.55689 -8.82954 32.7844
      vertex 0 -8.96575 31.2156
      vertex 1.55689 -8.82954 31.2156
    endloop
  endfacet
  facet normal -0.8068 -0.564929 -0.172998
    outer loop
      vertex -6.86816 -5.76307 31.2156
      vertex -7.52865 -4.34667 29.6706
      vertex -6.65948 -5.58797 29.6706
    endloop
  endfacet
  facet normal -0.664758 -0.664758 -0.34087
    outer loop
      vertex -5.24307 -6.24845 28.1964
      vertex -6.65948 -5.58797 29.6706
      vertex -6.24845 -5.24307 28.1964
    endloop
  endfacet
  facet normal -0.664758 -0.664758 -0.34087
    outer loop
      vertex -6.65948 -5.58797 29.6706
      vertex -5.24307 -6.24845 28.1964
      vertex -5.58797 -6.65948 29.6706
    endloop
  endfacet
  facet normal -0.696445 -0.696445 0.172998
    outer loop
      vertex -6.86816 -5.76307 32.7844
      vertex -5.58797 -6.65948 34.3294
      vertex -6.65948 -5.58797 34.3294
    endloop
  endfacet
  facet normal -0.696445 -0.696445 0.172998
    outer loop
      vertex -5.58797 -6.65948 34.3294
      vertex -6.86816 -5.76307 32.7844
      vertex -5.76307 -6.86816 32.7844
    endloop
  endfacet
  facet normal -0.397305 -0.852033 0.340866
    outer loop
      vertex -2.78978 -7.66486 35.8036
      vertex -4.34667 -7.52865 34.3294
      vertex -2.97329 -8.16906 34.3294
    endloop
  endfacet
  facet normal -0.539226 -0.770093 0.34087
    outer loop
      vertex -5.24307 -6.24845 35.8036
      vertex -5.58797 -6.65948 34.3294
      vertex -4.34667 -7.52865 34.3294
    endloop
  endfacet
  facet normal -0.243319 -0.908078 0.340866
    outer loop
      vertex -2.78978 -7.66486 35.8036
      vertex -2.97329 -8.16906 34.3294
      vertex -1.50958 -8.56126 34.3294
    endloop
  endfacet
  facet normal -0.243317 -0.908078 0.340868
    outer loop
      vertex -1.41641 -8.03285 35.8036
      vertex -2.78978 -7.66486 35.8036
      vertex -1.50958 -8.56126 34.3294
    endloop
  endfacet
  facet normal -0.224359 -0.837309 0.498575
    outer loop
      vertex -1.2802 -7.26037 37.1622
      vertex -2.5215 -6.92776 37.1622
      vertex -1.41641 -8.03285 35.8036
    endloop
  endfacet
  facet normal -0.258819 -0.965926 0
    outer loop
      vertex -3.06647 -8.42505 31.2156
      vertex -1.55689 -8.82954 32.7844
      vertex -3.06647 -8.42505 32.7844
    endloop
  endfacet
  facet normal -0.258819 -0.965926 -0
    outer loop
      vertex -1.55689 -8.82954 32.7844
      vertex -3.06647 -8.42505 31.2156
      vertex -1.55689 -8.82954 31.2156
    endloop
  endfacet
  facet normal 0.0755447 -0.863545 -0.498582
    outer loop
      vertex 0.377736 -8.11339 28.1785
      vertex 0 -8.15677 28.1964
      vertex 0.0168622 -8.14496 28.1785
    endloop
  endfacet
  facet normal 0.075555 -0.863597 -0.49849
    outer loop
      vertex 0 -8.15677 28.1964
      vertex 0.377736 -8.11339 28.1785
      vertex 1.41641 -8.03285 28.1964
    endloop
  endfacet
  facet normal 0.0755598 -0.863698 -0.498314
    outer loop
      vertex 1.41641 -8.03285 28.1964
      vertex 0.377736 -8.11339 28.1785
      vertex 1.41461 -8.02268 28.1785
    endloop
  endfacet
  facet normal 0.0819354 -0.936534 -0.340867
    outer loop
      vertex 1.50958 -8.56126 29.6706
      vertex 0 -8.69333 29.6706
      vertex 0 -8.15677 28.1964
    endloop
  endfacet
  facet normal 0.0858408 -0.981173 -0.173004
    outer loop
      vertex 1.50958 -8.56126 29.6706
      vertex 0 -8.96575 31.2156
      vertex 0 -8.69333 29.6706
    endloop
  endfacet
  facet normal 0.366658 -0.78555 -0.498471
    outer loop
      vertex 4.07838 -7.06397 28.1964
      vertex 4.05788 -7.06218 28.1785
      vertex 4.07322 -7.05502 28.1785
    endloop
  endfacet
  facet normal -0.0819362 -0.936534 -0.340868
    outer loop
      vertex 0 -8.15677 28.1964
      vertex -1.50958 -8.56126 29.6706
      vertex -1.41641 -8.03285 28.1964
    endloop
  endfacet
  facet normal -0.22437 -0.837362 -0.498481
    outer loop
      vertex -1.78087 -7.92454 28.1785
      vertex -2.78978 -7.66486 28.1964
      vertex -2.78625 -7.65515 28.1785
    endloop
  endfacet
  facet normal -0.224377 -0.837396 -0.498421
    outer loop
      vertex -2.78978 -7.66486 28.1964
      vertex -1.78087 -7.92454 28.1785
      vertex -1.41641 -8.03285 28.1964
    endloop
  endfacet
  facet normal -0.224322 -0.837252 -0.498688
    outer loop
      vertex -1.41641 -8.03285 28.1964
      vertex -1.78087 -7.92454 28.1785
      vertex -1.43096 -8.01829 28.1785
    endloop
  endfacet
  facet normal -0.366423 -0.785814 -0.498228
    outer loop
      vertex -3.72957 -7.21527 28.1785
      vertex -4.07838 -7.06397 28.1964
      vertex -4.05788 -7.06218 28.1785
    endloop
  endfacet
  facet normal -0.366391 -0.78572 -0.4984
    outer loop
      vertex -4.07838 -7.06397 28.1964
      vertex -3.72957 -7.21527 28.1785
      vertex -2.78978 -7.66486 28.1964
    endloop
  endfacet
  facet normal -0.366376 -0.785691 -0.498456
    outer loop
      vertex -2.78978 -7.66486 28.1964
      vertex -3.72957 -7.21527 28.1785
      vertex -2.78625 -7.65515 28.1785
    endloop
  endfacet
  facet normal -0.397311 -0.852027 -0.340873
    outer loop
      vertex -2.78978 -7.66486 28.1964
      vertex -4.34667 -7.52865 29.6706
      vertex -4.07838 -7.06397 28.1964
    endloop
  endfacet
  facet normal -0.612951 -0.612951 -0.498579
    outer loop
      vertex -5.23643 -6.24053 28.1785
      vertex -6.24845 -5.24307 28.1964
      vertex -6.24053 -5.23643 28.1785
    endloop
  endfacet
  facet normal -0.612951 -0.612951 -0.498579
    outer loop
      vertex -6.24845 -5.24307 28.1964
      vertex -5.23643 -6.24053 28.1785
      vertex -5.24307 -6.24845 28.1964
    endloop
  endfacet
  facet normal -0.542532 -0.542532 0.641341
    outer loop
      vertex -4.87508 -4.09067 38.364
      vertex -4.73887 -5.64756 37.1622
      vertex -4.09067 -4.87508 38.364
    endloop
  endfacet
  facet normal -0.542532 -0.542532 0.641341
    outer loop
      vertex -4.73887 -5.64756 37.1622
      vertex -4.87508 -4.09067 38.364
      vertex -5.64756 -4.73887 37.1622
    endloop
  endfacet
  facet normal -0.455533 -0.455533 0.764839
    outer loop
      vertex -3.95446 -3.31819 39.3724
      vertex -4.09067 -4.87508 38.364
      vertex -3.31819 -3.95446 39.3724
    endloop
  endfacet
  facet normal -0.455533 -0.455533 0.764839
    outer loop
      vertex -4.09067 -4.87508 38.364
      vertex -3.95446 -3.31819 39.3724
      vertex -4.87508 -4.09067 38.364
    endloop
  endfacet
  facet normal -0.043705 -0.49952 0.865199
    outer loop
      vertex 0 -3.80356 40.1568
      vertex -0.896404 -5.08376 39.3724
      vertex 0 -5.16219 39.3724
    endloop
  endfacet
  facet normal -0.0561461 -0.641772 0.764838
    outer loop
      vertex 0 -5.16219 39.3724
      vertex -1.10509 -6.26728 38.364
      vertex 0 -6.36396 38.364
    endloop
  endfacet
  facet normal -0.129778 -0.484344 0.865199
    outer loop
      vertex -1.30089 -3.57418 40.1568
      vertex -1.76557 -4.85087 39.3724
      vertex -0.896404 -5.08376 39.3724
    endloop
  endfacet
  facet normal -0.129782 -0.484344 0.865198
    outer loop
      vertex -0.660481 -3.74578 40.1568
      vertex -1.30089 -3.57418 40.1568
      vertex -0.896404 -5.08376 39.3724
    endloop
  endfacet
  facet normal -0.310989 -0.145016 0.939285
    outer loop
      vertex -2.18889 -0.796692 40.6933
      vertex -3.29398 -1.90178 40.1568
      vertex -2.01729 -1.16469 40.6933
    endloop
  endfacet
  facet normal -0.410747 -0.287606 0.865199
    outer loop
      vertex -3.29398 -1.90178 40.1568
      vertex -4.47059 -2.58109 39.3724
      vertex -2.9137 -2.44488 40.1568
    endloop
  endfacet
  facet normal -0.0299079 -0.341833 0.939285
    outer loop
      vertex 0 -2.32937 40.6933
      vertex -0.40449 -2.29398 40.6933
      vertex 0 -3.80356 40.1568
    endloop
  endfacet
  facet normal -0.168401 -0.0451233 0.984685
    outer loop
      vertex -0.772485 -0.136209 40.9658
      vertex -2.18889 -0.796692 40.6933
      vertex -0.737096 -0.268281 40.9658
    endloop
  endfacet
  facet normal 0.78555 0.366658 -0.498471
    outer loop
      vertex 7.06218 4.05788 28.1785
      vertex 7.05502 4.07322 28.1785
      vertex 7.06397 4.07838 28.1964
    endloop
  endfacet
  facet normal 0.612951 0.612951 -0.498579
    outer loop
      vertex 6.24845 5.24307 28.1964
      vertex 5.23643 6.24053 28.1785
      vertex 5.24307 6.24845 28.1964
    endloop
  endfacet
  facet normal 0.612951 0.612951 -0.498579
    outer loop
      vertex 5.23643 6.24053 28.1785
      vertex 6.24845 5.24307 28.1964
      vertex 6.24053 5.23643 28.1785
    endloop
  endfacet
  facet normal 0.8068 -0.564929 -0.172998
    outer loop
      vertex 6.86816 -5.76307 31.2156
      vertex 6.65948 -5.58797 29.6706
      vertex 7.52865 -4.34667 29.6706
    endloop
  endfacet
  facet normal 0.770094 -0.539222 -0.340873
    outer loop
      vertex 7.52865 -4.34667 29.6706
      vertex 6.24845 -5.24307 28.1964
      vertex 7.06397 -4.07838 28.1964
    endloop
  endfacet
  facet normal 0.710147 -0.497263 -0.498419
    outer loop
      vertex 7.06397 -4.07838 28.1964
      vertex 6.83753 -4.38382 28.1785
      vertex 7.05502 -4.07322 28.1785
    endloop
  endfacet
  facet normal 0.710059 -0.497185 -0.498622
    outer loop
      vertex 6.24845 -5.24307 28.1964
      vertex 6.83753 -4.38382 28.1785
      vertex 7.06397 -4.07838 28.1964
    endloop
  endfacet
  facet normal 0.710039 -0.497173 -0.498662
    outer loop
      vertex 6.83753 -4.38382 28.1785
      vertex 6.24845 -5.24307 28.1964
      vertex 6.25024 -5.22256 28.1785
    endloop
  endfacet
  facet normal 0.863545 -0.0755447 -0.498582
    outer loop
      vertex 8.15677 0 28.1964
      vertex 8.11339 -0.377736 28.1785
      vertex 8.14496 -0.0168622 28.1785
    endloop
  endfacet
  facet normal 0.863597 -0.075555 -0.49849
    outer loop
      vertex 8.03285 -1.41641 28.1964
      vertex 8.11339 -0.377736 28.1785
      vertex 8.15677 0 28.1964
    endloop
  endfacet
  facet normal 0.863698 -0.0755598 -0.498314
    outer loop
      vertex 8.11339 -0.377736 28.1785
      vertex 8.03285 -1.41641 28.1964
      vertex 8.02268 -1.41461 28.1785
    endloop
  endfacet
  facet normal 0.936534 -0.0819362 -0.340868
    outer loop
      vertex 8.56126 -1.50958 29.6706
      vertex 8.03285 -1.41641 28.1964
      vertex 8.15677 0 28.1964
    endloop
  endfacet
  facet normal 0.852033 -0.397305 -0.340866
    outer loop
      vertex 8.16906 -2.97329 29.6706
      vertex 7.52865 -4.34667 29.6706
      vertex 7.66486 -2.78978 28.1964
    endloop
  endfacet
  facet normal 0.908078 -0.243319 -0.340866
    outer loop
      vertex 8.16906 -2.97329 29.6706
      vertex 7.66486 -2.78978 28.1964
      vertex 8.56126 -1.50958 29.6706
    endloop
  endfacet
  facet normal 0.951361 -0.254916 0.173004
    outer loop
      vertex 8.56126 -1.50958 34.3294
      vertex 8.42505 -3.06647 32.7844
      vertex 8.82954 -1.55689 32.7844
    endloop
  endfacet
  facet normal 0.981173 -0.0858414 0.173003
    outer loop
      vertex 8.96575 0 32.7844
      vertex 8.56126 -1.50958 34.3294
      vertex 8.82954 -1.55689 32.7844
    endloop
  endfacet
  facet normal 0.664758 -0.664758 0.34087
    outer loop
      vertex 5.24307 -6.24845 35.8036
      vertex 6.65948 -5.58797 34.3294
      vertex 6.24845 -5.24307 35.8036
    endloop
  endfacet
  facet normal 0.664758 -0.664758 0.34087
    outer loop
      vertex 6.65948 -5.58797 34.3294
      vertex 5.24307 -6.24845 35.8036
      vertex 5.58797 -6.65948 34.3294
    endloop
  endfacet
  facet normal 0.198581 -0.741113 0.64134
    outer loop
      vertex 2.1766 -5.98017 38.364
      vertex 1.10509 -6.26728 38.364
      vertex 2.5215 -6.92776 37.1622
    endloop
  endfacet
  facet normal 0.369511 -0.527717 0.764838
    outer loop
      vertex 4.09067 -4.87508 38.364
      vertex 2.58109 -4.47059 39.3724
      vertex 3.18198 -5.51135 38.364
    endloop
  endfacet
  facet normal 0.324259 -0.69537 0.64134
    outer loop
      vertex 3.18198 -5.51135 38.364
      vertex 2.1766 -5.98017 38.364
      vertex 2.5215 -6.92776 37.1622
    endloop
  endfacet
  facet normal 0.272262 -0.583864 0.764837
    outer loop
      vertex 2.58109 -4.47059 39.3724
      vertex 2.1766 -5.98017 38.364
      vertex 3.18198 -5.51135 38.364
    endloop
  endfacet
  facet normal 0.62227 -0.166735 0.76484
    outer loop
      vertex 5.08376 -0.896404 39.3724
      vertex 4.85087 -1.76557 39.3724
      vertex 6.26728 -1.10509 38.364
    endloop
  endfacet
  facet normal 0.410746 -0.287611 0.865198
    outer loop
      vertex 4.47059 -2.58109 39.3724
      vertex 2.9137 -2.44488 40.1568
      vertex 3.95446 -3.31819 39.3724
    endloop
  endfacet
  facet normal 0.0999986 -0.142812 0.984685
    outer loop
      vertex 0.504203 -0.600886 40.9658
      vertex 0.3922 -0.679312 40.9658
      vertex 1.49729 -1.7844 40.6933
    endloop
  endfacet
  facet normal 0.123278 -0.123278 0.984685
    outer loop
      vertex 0.600886 -0.504203 40.9658
      vertex 1.49729 -1.7844 40.6933
      vertex 1.7844 -1.49729 40.6933
    endloop
  endfacet
  facet normal 0.123278 -0.123278 0.984685
    outer loop
      vertex 1.49729 -1.7844 40.6933
      vertex 0.600886 -0.504203 40.9658
      vertex 0.504203 -0.600886 40.9658
    endloop
  endfacet
  facet normal -0.0736797 -0.158007 0.984685
    outer loop
      vertex -0.3922 -0.679312 40.9658
      vertex -1.16469 -2.01729 40.6933
      vertex -0.796692 -2.18889 40.6933
    endloop
  endfacet
  facet normal 0.145017 -0.310989 0.939285
    outer loop
      vertex 1.90178 -3.29398 40.1568
      vertex 0.796692 -2.18889 40.6933
      vertex 1.30089 -3.57418 40.1568
    endloop
  endfacet
  facet normal 0.158007 -0.0736797 0.984685
    outer loop
      vertex 2.18889 -0.796692 40.6933
      vertex 0.679312 -0.3922 40.9658
      vertex 2.01729 -1.16469 40.6933
    endloop
  endfacet
  facet normal 0.454449 -0.211911 0.865199
    outer loop
      vertex 4.85087 -1.76557 39.3724
      vertex 3.57418 -1.30089 40.1568
      vertex 4.47059 -2.58109 39.3724
    endloop
  endfacet
  facet normal 0.173678 0.0151956 0.984685
    outer loop
      vertex 2.29398 0.40449 40.6933
      vertex 0.772485 0.136209 40.9658
      vertex 2.32937 0 40.6933
    endloop
  endfacet
  facet normal 0.173678 0.0151939 0.984685
    outer loop
      vertex 2.32937 0 40.6933
      vertex 0.772485 0.136209 40.9658
      vertex 0.784401 0 40.9658
    endloop
  endfacet
  facet normal 0.69537 0.324257 0.641341
    outer loop
      vertex 6.38466 3.68618 37.1622
      vertex 5.51135 3.18198 38.364
      vertex 6.92776 2.5215 37.1622
    endloop
  endfacet
  facet normal 0.6285 0.440079 0.641341
    outer loop
      vertex 5.64756 4.73887 37.1622
      vertex 5.51135 3.18198 38.364
      vertex 6.38466 3.68618 37.1622
    endloop
  endfacet
  facet normal -0.366658 0.78555 -0.498471
    outer loop
      vertex -4.07322 7.05502 28.1785
      vertex -4.07838 7.06397 28.1964
      vertex -4.05788 7.06218 28.1785
    endloop
  endfacet
  facet normal -0.981173 0.0858414 -0.173003
    outer loop
      vertex -8.56126 1.50958 29.6706
      vertex -8.96575 0 31.2156
      vertex -8.82954 1.55689 31.2156
    endloop
  endfacet
  facet normal -0.951361 0.254916 -0.173004
    outer loop
      vertex -8.56126 1.50958 29.6706
      vertex -8.82954 1.55689 31.2156
      vertex -8.42505 3.06647 31.2156
    endloop
  endfacet
  facet normal -0.770094 0.539222 0.340873
    outer loop
      vertex -6.24845 5.24307 35.8036
      vertex -7.52865 4.34667 34.3294
      vertex -7.06397 4.07838 35.8036
    endloop
  endfacet
  facet normal -0.852027 0.397311 0.340873
    outer loop
      vertex -7.52865 4.34667 34.3294
      vertex -7.66486 2.78978 35.8036
      vertex -7.06397 4.07838 35.8036
    endloop
  endfacet
  facet normal -0.539222 0.770094 0.340873
    outer loop
      vertex -4.34667 7.52865 34.3294
      vertex -5.24307 6.24845 35.8036
      vertex -4.07838 7.06397 35.8036
    endloop
  endfacet
  facet normal -0.539226 0.770093 0.34087
    outer loop
      vertex -4.34667 7.52865 34.3294
      vertex -5.58797 6.65948 34.3294
      vertex -5.24307 6.24845 35.8036
    endloop
  endfacet
  facet normal -0.484344 0.129782 0.865198
    outer loop
      vertex -3.57418 1.30089 40.1568
      vertex -5.08376 0.896404 39.3724
      vertex -3.74578 0.660481 40.1568
    endloop
  endfacet
  facet normal -0.331445 0.088812 0.939285
    outer loop
      vertex -3.57418 1.30089 40.1568
      vertex -3.74578 0.660481 40.1568
      vertex -2.18889 0.796692 40.6933
    endloop
  endfacet
  facet normal -0.224359 0.837309 0.498575
    outer loop
      vertex -1.41641 8.03285 35.8036
      vertex -2.5215 6.92776 37.1622
      vertex -1.2802 7.26037 37.1622
    endloop
  endfacet
  facet normal -0.440079 0.6285 0.641341
    outer loop
      vertex -3.18198 5.51135 38.364
      vertex -4.73887 5.64756 37.1622
      vertex -4.09067 4.87508 38.364
    endloop
  endfacet
  facet normal -0.62227 0.166737 0.764839
    outer loop
      vertex -5.98017 2.1766 38.364
      vertex -6.26728 1.10509 38.364
      vertex -4.85087 1.76557 39.3724
    endloop
  endfacet
  facet normal -0.863548 -0.0755508 0.498575
    outer loop
      vertex -7.26037 -1.2802 37.1622
      vertex -8.15677 0 35.8036
      vertex -8.03285 -1.41641 35.8036
    endloop
  endfacet
  facet normal -0.936534 -0.0819362 0.340868
    outer loop
      vertex -8.15677 0 35.8036
      vertex -8.56126 -1.50958 34.3294
      vertex -8.03285 -1.41641 35.8036
    endloop
  endfacet
  facet normal -0.837309 -0.224359 0.498575
    outer loop
      vertex -7.26037 -1.2802 37.1622
      vertex -8.03285 -1.41641 35.8036
      vertex -6.92776 -2.5215 37.1622
    endloop
  endfacet
  facet normal -0.741111 -0.198583 0.641341
    outer loop
      vertex -6.26728 -1.10509 38.364
      vertex -7.26037 -1.2802 37.1622
      vertex -6.92776 -2.5215 37.1622
    endloop
  endfacet
  facet normal -0.397305 0.852033 0.340866
    outer loop
      vertex -2.97329 8.16906 34.3294
      vertex -4.34667 7.52865 34.3294
      vertex -2.78978 7.66486 35.8036
    endloop
  endfacet
  facet normal -0.243319 0.908078 0.340866
    outer loop
      vertex -1.50958 8.56126 34.3294
      vertex -2.97329 8.16906 34.3294
      vertex -2.78978 7.66486 35.8036
    endloop
  endfacet
  facet normal -0.0755508 0.863548 0.498575
    outer loop
      vertex 0 8.15677 35.8036
      vertex -1.41641 8.03285 35.8036
      vertex -1.2802 7.26037 37.1622
    endloop
  endfacet
  facet normal -0.0819362 0.936534 0.340868
    outer loop
      vertex 0 8.15677 35.8036
      vertex -1.50958 8.56126 34.3294
      vertex -1.41641 8.03285 35.8036
    endloop
  endfacet
  facet normal 0.056151 0.641769 0.76484
    outer loop
      vertex 1.10509 6.26728 38.364
      vertex 0 5.16219 39.3724
      vertex 0.896404 5.08376 39.3724
    endloop
  endfacet
  facet normal -0.369513 0.527712 0.76484
    outer loop
      vertex -2.58109 4.47059 39.3724
      vertex -4.09067 4.87508 38.364
      vertex -3.31819 3.95446 39.3724
    endloop
  endfacet
  facet normal 0.145017 0.310989 0.939285
    outer loop
      vertex 1.30089 3.57418 40.1568
      vertex 0.796692 2.18889 40.6933
      vertex 1.90178 3.29398 40.1568
    endloop
  endfacet
  facet normal 0.129782 0.484344 0.865198
    outer loop
      vertex 0.896404 5.08376 39.3724
      vertex 0.660481 3.74578 40.1568
      vertex 1.30089 3.57418 40.1568
    endloop
  endfacet
  facet normal 0.158007 0.0736794 0.984685
    outer loop
      vertex 2.18889 0.796692 40.6933
      vertex 0.679312 0.3922 40.9658
      vertex 0.737096 0.268281 40.9658
    endloop
  endfacet
  facet normal 0.168401 0.0451233 0.984685
    outer loop
      vertex 2.18889 0.796692 40.6933
      vertex 0.737096 0.268281 40.9658
      vertex 0.772485 0.136209 40.9658
    endloop
  endfacet
  facet normal 0 0 1
    outer loop
      vertex 0.772485 0.136209 40.9658
      vertex 0.772485 -0.136209 40.9658
      vertex 0.784401 0 40.9658
    endloop
  endfacet
  facet normal 0 0 1
    outer loop
      vertex 0.737096 0.268281 40.9658
      vertex 0.772485 -0.136209 40.9658
      vertex 0.772485 0.136209 40.9658
    endloop
  endfacet
  facet normal 0 0 1
    outer loop
      vertex 0.737096 0.268281 40.9658
      vertex 0.737096 -0.268281 40.9658
      vertex 0.772485 -0.136209 40.9658
    endloop
  endfacet
  facet normal 0 0 1
    outer loop
      vertex 0.679312 0.3922 40.9658
      vertex 0.737096 -0.268281 40.9658
      vertex 0.737096 0.268281 40.9658
    endloop
  endfacet
  facet normal 0 0 1
    outer loop
      vertex 0.679312 0.3922 40.9658
      vertex 0.679312 -0.3922 40.9658
      vertex 0.737096 -0.268281 40.9658
    endloop
  endfacet
  facet normal 0 0 1
    outer loop
      vertex 0.600886 0.504203 40.9658
      vertex 0.679312 -0.3922 40.9658
      vertex 0.679312 0.3922 40.9658
    endloop
  endfacet
  facet normal 0 0 1
    outer loop
      vertex 0.600886 0.504203 40.9658
      vertex 0.600886 -0.504203 40.9658
      vertex 0.679312 -0.3922 40.9658
    endloop
  endfacet
  facet normal 0 0 1
    outer loop
      vertex 0.504203 0.600886 40.9658
      vertex 0.600886 -0.504203 40.9658
      vertex 0.600886 0.504203 40.9658
    endloop
  endfacet
  facet normal 0 0 1
    outer loop
      vertex 0.504203 0.600886 40.9658
      vertex 0.504203 -0.600886 40.9658
      vertex 0.600886 -0.504203 40.9658
    endloop
  endfacet
  facet normal 0 0 1
    outer loop
      vertex 0.3922 0.679312 40.9658
      vertex 0.504203 -0.600886 40.9658
      vertex 0.504203 0.600886 40.9658
    endloop
  endfacet
  facet normal 0 0 1
    outer loop
      vertex 0.3922 0.679312 40.9658
      vertex 0.3922 -0.679312 40.9658
      vertex 0.504203 -0.600886 40.9658
    endloop
  endfacet
  facet normal 0 0 1
    outer loop
      vertex 0.268281 0.737096 40.9658
      vertex 0.3922 -0.679312 40.9658
      vertex 0.3922 0.679312 40.9658
    endloop
  endfacet
  facet normal 0 0 1
    outer loop
      vertex 0.268281 0.737096 40.9658
      vertex 0.268281 -0.737096 40.9658
      vertex 0.3922 -0.679312 40.9658
    endloop
  endfacet
  facet normal 0 0 1
    outer loop
      vertex 0.136209 0.772485 40.9658
      vertex 0.268281 -0.737096 40.9658
      vertex 0.268281 0.737096 40.9658
    endloop
  endfacet
  facet normal 0 0 1
    outer loop
      vertex 0.136209 0.772485 40.9658
      vertex 0.136209 -0.772485 40.9658
      vertex 0.268281 -0.737096 40.9658
    endloop
  endfacet
  facet normal 0 0 1
    outer loop
      vertex 0 0.784401 40.9658
      vertex 0.136209 -0.772485 40.9658
      vertex 0.136209 0.772485 40.9658
    endloop
  endfacet
  facet normal 0 0 1
    outer loop
      vertex 0 0.784401 40.9658
      vertex 0 -0.784401 40.9658
      vertex 0.136209 -0.772485 40.9658
    endloop
  endfacet
  facet normal -0 0 1
    outer loop
      vertex -0.136209 0.772485 40.9658
      vertex 0 -0.784401 40.9658
      vertex 0 0.784401 40.9658
    endloop
  endfacet
  facet normal 0 0 1
    outer loop
      vertex -0.136209 0.772485 40.9658
      vertex -0.136209 -0.772485 40.9658
      vertex 0 -0.784401 40.9658
    endloop
  endfacet
  facet normal -0 0 1
    outer loop
      vertex -0.268281 0.737096 40.9658
      vertex -0.136209 -0.772485 40.9658
      vertex -0.136209 0.772485 40.9658
    endloop
  endfacet
  facet normal 0 0 1
    outer loop
      vertex -0.268281 0.737096 40.9658
      vertex -0.268281 -0.737096 40.9658
      vertex -0.136209 -0.772485 40.9658
    endloop
  endfacet
  facet normal -0 0 1
    outer loop
      vertex -0.3922 0.679312 40.9658
      vertex -0.268281 -0.737096 40.9658
      vertex -0.268281 0.737096 40.9658
    endloop
  endfacet
  facet normal 0 0 1
    outer loop
      vertex -0.3922 0.679312 40.9658
      vertex -0.3922 -0.679312 40.9658
      vertex -0.268281 -0.737096 40.9658
    endloop
  endfacet
  facet normal -0 0 1
    outer loop
      vertex -0.504203 0.600886 40.9658
      vertex -0.3922 -0.679312 40.9658
      vertex -0.3922 0.679312 40.9658
    endloop
  endfacet
  facet normal 0 0 1
    outer loop
      vertex -0.504203 0.600886 40.9658
      vertex -0.504203 -0.600886 40.9658
      vertex -0.3922 -0.679312 40.9658
    endloop
  endfacet
  facet normal -0 0 1
    outer loop
      vertex -0.600886 0.504203 40.9658
      vertex -0.504203 -0.600886 40.9658
      vertex -0.504203 0.600886 40.9658
    endloop
  endfacet
  facet normal 0 0 1
    outer loop
      vertex -0.600886 0.504203 40.9658
      vertex -0.600886 -0.504203 40.9658
      vertex -0.504203 -0.600886 40.9658
    endloop
  endfacet
  facet normal -0 0 1
    outer loop
      vertex -0.679312 0.3922 40.9658
      vertex -0.600886 -0.504203 40.9658
      vertex -0.600886 0.504203 40.9658
    endloop
  endfacet
  facet normal 0 0 1
    outer loop
      vertex -0.679312 0.3922 40.9658
      vertex -0.679312 -0.3922 40.9658
      vertex -0.600886 -0.504203 40.9658
    endloop
  endfacet
  facet normal -0 0 1
    outer loop
      vertex -0.737096 0.268281 40.9658
      vertex -0.679312 -0.3922 40.9658
      vertex -0.679312 0.3922 40.9658
    endloop
  endfacet
  facet normal 0 0 1
    outer loop
      vertex -0.737096 0.268281 40.9658
      vertex -0.737096 -0.268281 40.9658
      vertex -0.679312 -0.3922 40.9658
    endloop
  endfacet
  facet normal -0 0 1
    outer loop
      vertex -0.772485 0.136209 40.9658
      vertex -0.737096 -0.268281 40.9658
      vertex -0.737096 0.268281 40.9658
    endloop
  endfacet
  facet normal 0 0 1
    outer loop
      vertex -0.772485 0.136209 40.9658
      vertex -0.772485 -0.136209 40.9658
      vertex -0.737096 -0.268281 40.9658
    endloop
  endfacet
  facet normal 0 -0 1
    outer loop
      vertex -0.772485 -0.136209 40.9658
      vertex -0.772485 0.136209 40.9658
      vertex -0.784401 0 40.9658
    endloop
  endfacet
  facet normal 0.029904 0.341832 0.939285
    outer loop
      vertex 0.660481 3.74578 40.1568
      vertex 0 3.80356 40.1568
      vertex 0.40449 2.29398 40.6933
    endloop
  endfacet
  facet normal -0.0151956 0.173678 0.984685
    outer loop
      vertex 0 2.32937 40.6933
      vertex -0.40449 2.29398 40.6933
      vertex -0.136209 0.772485 40.9658
    endloop
  endfacet
  facet normal 0.211913 0.454448 0.865199
    outer loop
      vertex 2.58109 4.47059 39.3724
      vertex 1.30089 3.57418 40.1568
      vertex 1.90178 3.29398 40.1568
    endloop
  endfacet
  facet normal 0.211911 0.454449 0.865199
    outer loop
      vertex 1.76557 4.85087 39.3724
      vertex 1.30089 3.57418 40.1568
      vertex 2.58109 4.47059 39.3724
    endloop
  endfacet
  facet normal -0.0151939 -0.173678 0.984685
    outer loop
      vertex 0 -0.784401 40.9658
      vertex -0.136209 -0.772485 40.9658
      vertex 0 -2.32937 40.6933
    endloop
  endfacet
  facet normal 0.196817 0.281082 0.939285
    outer loop
      vertex 1.90178 3.29398 40.1568
      vertex 1.16469 2.01729 40.6933
      vertex 1.49729 1.7844 40.6933
    endloop
  endfacet
  facet normal -0.142812 0.0999986 0.984685
    outer loop
      vertex -0.600886 0.504203 40.9658
      vertex -1.7844 1.49729 40.6933
      vertex -0.679312 0.3922 40.9658
    endloop
  endfacet
  facet normal 0.142812 0.0999983 0.984685
    outer loop
      vertex 1.7844 1.49729 40.6933
      vertex 0.679312 0.3922 40.9658
      vertex 2.01729 1.16469 40.6933
    endloop
  endfacet
  facet normal -0.029904 0.341832 0.939285
    outer loop
      vertex 0 3.80356 40.1568
      vertex -0.660481 3.74578 40.1568
      vertex -0.40449 2.29398 40.6933
    endloop
  endfacet
  facet normal 0.0451233 -0.168401 0.984685
    outer loop
      vertex 0.268281 -0.737096 40.9658
      vertex 0.136209 -0.772485 40.9658
      vertex 0.796692 -2.18889 40.6933
    endloop
  endfacet
  facet normal -0.281082 0.196817 0.939285
    outer loop
      vertex -1.7844 1.49729 40.6933
      vertex -3.29398 1.90178 40.1568
      vertex -2.01729 1.16469 40.6933
    endloop
  endfacet
  facet normal -0.410747 0.287606 0.865199
    outer loop
      vertex -2.9137 2.44488 40.1568
      vertex -4.47059 2.58109 39.3724
      vertex -3.29398 1.90178 40.1568
    endloop
  endfacet
  facet normal 0.198583 -0.741111 0.641341
    outer loop
      vertex 2.5215 -6.92776 37.1622
      vertex 1.10509 -6.26728 38.364
      vertex 1.2802 -7.26037 37.1622
    endloop
  endfacet
  facet normal -0.056151 -0.641769 0.76484
    outer loop
      vertex -0.896404 -5.08376 39.3724
      vertex -1.10509 -6.26728 38.364
      vertex 0 -5.16219 39.3724
    endloop
  endfacet
  facet normal -0.852033 -0.397305 -0.340866
    outer loop
      vertex -7.52865 -4.34667 29.6706
      vertex -8.16906 -2.97329 29.6706
      vertex -7.66486 -2.78978 28.1964
    endloop
  endfacet
  facet normal -0.852027 -0.397311 -0.340873
    outer loop
      vertex -7.52865 -4.34667 29.6706
      vertex -7.66486 -2.78978 28.1964
      vertex -7.06397 -4.07838 28.1964
    endloop
  endfacet
  facet normal -0.819149 -0.573581 0
    outer loop
      vertex -6.86816 -5.76307 31.2156
      vertex -7.76457 -4.48288 32.7844
      vertex -7.76457 -4.48288 31.2156
    endloop
  endfacet
  facet normal -0.819149 -0.573581 0
    outer loop
      vertex -7.76457 -4.48288 32.7844
      vertex -6.86816 -5.76307 31.2156
      vertex -6.86816 -5.76307 32.7844
    endloop
  endfacet
  facet normal -0.806797 -0.564932 -0.173003
    outer loop
      vertex -6.86816 -5.76307 31.2156
      vertex -7.76457 -4.48288 31.2156
      vertex -7.52865 -4.34667 29.6706
    endloop
  endfacet
  facet normal -0.770093 -0.539226 0.34087
    outer loop
      vertex -6.24845 -5.24307 35.8036
      vertex -7.52865 -4.34667 34.3294
      vertex -6.65948 -5.58797 34.3294
    endloop
  endfacet
  facet normal -0.8068 -0.564929 0.172998
    outer loop
      vertex -6.65948 -5.58797 34.3294
      vertex -7.52865 -4.34667 34.3294
      vertex -6.86816 -5.76307 32.7844
    endloop
  endfacet
  facet normal -0.369511 -0.527717 0.764838
    outer loop
      vertex -2.58109 -4.47059 39.3724
      vertex -4.09067 -4.87508 38.364
      vertex -3.18198 -5.51135 38.364
    endloop
  endfacet
  facet normal -0.440079 -0.6285 0.641341
    outer loop
      vertex -4.09067 -4.87508 38.364
      vertex -4.73887 -5.64756 37.1622
      vertex -3.18198 -5.51135 38.364
    endloop
  endfacet
  facet normal -0.272262 -0.583864 0.764837
    outer loop
      vertex -2.58109 -4.47059 39.3724
      vertex -3.18198 -5.51135 38.364
      vertex -2.1766 -5.98017 38.364
    endloop
  endfacet
  facet normal -0.664758 -0.664758 0.34087
    outer loop
      vertex -6.65948 -5.58797 34.3294
      vertex -5.24307 -6.24845 35.8036
      vertex -6.24845 -5.24307 35.8036
    endloop
  endfacet
  facet normal -0.664758 -0.664758 0.34087
    outer loop
      vertex -5.24307 -6.24845 35.8036
      vertex -6.65948 -5.58797 34.3294
      vertex -5.58797 -6.65948 34.3294
    endloop
  endfacet
  facet normal -0.564932 -0.806797 0.173003
    outer loop
      vertex -4.34667 -7.52865 34.3294
      vertex -5.76307 -6.86816 32.7844
      vertex -4.48288 -7.76457 32.7844
    endloop
  endfacet
  facet normal -0.564932 -0.806797 -0.173003
    outer loop
      vertex -4.48288 -7.76457 31.2156
      vertex -5.76307 -6.86816 31.2156
      vertex -4.34667 -7.52865 29.6706
    endloop
  endfacet
  facet normal 0.224322 -0.837252 -0.498688
    outer loop
      vertex 1.78087 -7.92454 28.1785
      vertex 1.41641 -8.03285 28.1964
      vertex 1.43096 -8.01829 28.1785
    endloop
  endfacet
  facet normal 0.224377 -0.837396 -0.498421
    outer loop
      vertex 1.41641 -8.03285 28.1964
      vertex 1.78087 -7.92454 28.1785
      vertex 2.78978 -7.66486 28.1964
    endloop
  endfacet
  facet normal 0.22437 -0.837362 -0.498481
    outer loop
      vertex 2.78625 -7.65515 28.1785
      vertex 2.78978 -7.66486 28.1964
      vertex 1.78087 -7.92454 28.1785
    endloop
  endfacet
  facet normal 0.243317 -0.908078 -0.340868
    outer loop
      vertex 1.50958 -8.56126 29.6706
      vertex 1.41641 -8.03285 28.1964
      vertex 2.78978 -7.66486 28.1964
    endloop
  endfacet
  facet normal -0.243317 -0.908078 -0.340868
    outer loop
      vertex -1.50958 -8.56126 29.6706
      vertex -2.78978 -7.66486 28.1964
      vertex -1.41641 -8.03285 28.1964
    endloop
  endfacet
  facet normal -0.243319 -0.908078 -0.340866
    outer loop
      vertex -1.50958 -8.56126 29.6706
      vertex -2.97329 -8.16906 29.6706
      vertex -2.78978 -7.66486 28.1964
    endloop
  endfacet
  facet normal -0.710111 -0.497129 -0.498604
    outer loop
      vertex -6.24845 -5.24307 28.1964
      vertex -6.25024 -5.22256 28.1785
      vertex -6.24053 -5.23643 28.1785
    endloop
  endfacet
  facet normal -0.710147 -0.497263 -0.498419
    outer loop
      vertex -6.83753 -4.38382 28.1785
      vertex -7.06397 -4.07838 28.1964
      vertex -7.05502 -4.07322 28.1785
    endloop
  endfacet
  facet normal -0.710039 -0.497173 -0.498662
    outer loop
      vertex -6.24845 -5.24307 28.1964
      vertex -6.83753 -4.38382 28.1785
      vertex -6.25024 -5.22256 28.1785
    endloop
  endfacet
  facet normal -0.710059 -0.497185 -0.498622
    outer loop
      vertex -6.83753 -4.38382 28.1785
      vertex -6.24845 -5.24307 28.1964
      vertex -7.06397 -4.07838 28.1964
    endloop
  endfacet
  facet normal -0.366345 -0.785629 0.498577
    outer loop
      vertex -3.68618 -6.38466 37.1622
      vertex -4.07838 -7.06397 35.8036
      vertex -2.5215 -6.92776 37.1622
    endloop
  endfacet
  facet normal 0.0668688 -0.764336 0.641341
    outer loop
      vertex 1.10509 -6.26728 38.364
      vertex 0 -6.36396 38.364
      vertex 1.2802 -7.26037 37.1622
    endloop
  endfacet
  facet normal 0.056151 -0.641769 0.76484
    outer loop
      vertex 0.896404 -5.08376 39.3724
      vertex 0 -5.16219 39.3724
      vertex 1.10509 -6.26728 38.364
    endloop
  endfacet
  facet normal 0.166735 -0.62227 0.76484
    outer loop
      vertex 1.76557 -4.85087 39.3724
      vertex 0.896404 -5.08376 39.3724
      vertex 1.10509 -6.26728 38.364
    endloop
  endfacet
  facet normal -0.168401 -0.0451228 0.984685
    outer loop
      vertex -0.772485 -0.136209 40.9658
      vertex -2.29398 -0.40449 40.6933
      vertex -2.18889 -0.796692 40.6933
    endloop
  endfacet
  facet normal -0.331445 -0.0888103 0.939285
    outer loop
      vertex -2.29398 -0.40449 40.6933
      vertex -3.74578 -0.660481 40.1568
      vertex -2.18889 -0.796692 40.6933
    endloop
  endfacet
  facet normal -0.287611 -0.410746 0.865198
    outer loop
      vertex -2.44488 -2.9137 40.1568
      vertex -3.31819 -3.95446 39.3724
      vertex -2.58109 -4.47059 39.3724
    endloop
  endfacet
  facet normal -0.281083 -0.196815 0.939285
    outer loop
      vertex -1.7844 -1.49729 40.6933
      vertex -3.29398 -1.90178 40.1568
      vertex -2.9137 -2.44488 40.1568
    endloop
  endfacet
  facet normal -0.242635 -0.242635 0.939285
    outer loop
      vertex -1.7844 -1.49729 40.6933
      vertex -2.44488 -2.9137 40.1568
      vertex -1.49729 -1.7844 40.6933
    endloop
  endfacet
  facet normal -0.242635 -0.242635 0.939285
    outer loop
      vertex -2.44488 -2.9137 40.1568
      vertex -1.7844 -1.49729 40.6933
      vertex -2.9137 -2.44488 40.1568
    endloop
  endfacet
  facet normal -0.0999983 -0.142812 0.984685
    outer loop
      vertex -0.3922 -0.679312 40.9658
      vertex -1.49729 -1.7844 40.6933
      vertex -1.16469 -2.01729 40.6933
    endloop
  endfacet
  facet normal -0.145017 -0.310989 0.939285
    outer loop
      vertex -0.796692 -2.18889 40.6933
      vertex -1.90178 -3.29398 40.1568
      vertex -1.30089 -3.57418 40.1568
    endloop
  endfacet
  facet normal -0.142812 -0.0999986 0.984685
    outer loop
      vertex -0.679312 -0.3922 40.9658
      vertex -1.7844 -1.49729 40.6933
      vertex -0.600886 -0.504203 40.9658
    endloop
  endfacet
  facet normal 0.0451228 -0.168401 0.984685
    outer loop
      vertex 0.796692 -2.18889 40.6933
      vertex 0.136209 -0.772485 40.9658
      vertex 0.40449 -2.29398 40.6933
    endloop
  endfacet
  facet normal 0.892643 -0.416241 0.173005
    outer loop
      vertex 8.16906 -2.97329 34.3294
      vertex 7.52865 -4.34667 34.3294
      vertex 8.42505 -3.06647 32.7844
    endloop
  endfacet
  facet normal 0.951361 -0.254916 0.173004
    outer loop
      vertex 8.56126 -1.50958 34.3294
      vertex 8.16906 -2.97329 34.3294
      vertex 8.42505 -3.06647 32.7844
    endloop
  endfacet
  facet normal 0.410747 -0.287606 0.865199
    outer loop
      vertex 3.29398 -1.90178 40.1568
      vertex 2.9137 -2.44488 40.1568
      vertex 4.47059 -2.58109 39.3724
    endloop
  endfacet
  facet normal 0.0999983 -0.142812 0.984685
    outer loop
      vertex 1.49729 -1.7844 40.6933
      vertex 0.3922 -0.679312 40.9658
      vertex 1.16469 -2.01729 40.6933
    endloop
  endfacet
  facet normal 0.0736797 0.158007 0.984685
    outer loop
      vertex 0.796692 2.18889 40.6933
      vertex 0.3922 0.679312 40.9658
      vertex 1.16469 2.01729 40.6933
    endloop
  endfacet
  facet normal 0.0888103 -0.331445 0.939285
    outer loop
      vertex 0.796692 -2.18889 40.6933
      vertex 0.40449 -2.29398 40.6933
      vertex 0.660481 -3.74578 40.1568
    endloop
  endfacet
  facet normal 0.287611 -0.410746 0.865198
    outer loop
      vertex 3.31819 -3.95446 39.3724
      vertex 2.44488 -2.9137 40.1568
      vertex 2.58109 -4.47059 39.3724
    endloop
  endfacet
  facet normal 0.454448 -0.211913 0.865199
    outer loop
      vertex 3.57418 -1.30089 40.1568
      vertex 3.29398 -1.90178 40.1568
      vertex 4.47059 -2.58109 39.3724
    endloop
  endfacet
  facet normal 0.310989 -0.145017 0.939285
    outer loop
      vertex 3.57418 -1.30089 40.1568
      vertex 2.18889 -0.796692 40.6933
      vertex 3.29398 -1.90178 40.1568
    endloop
  endfacet
  facet normal -0.852033 0.397305 -0.340866
    outer loop
      vertex -7.66486 2.78978 28.1964
      vertex -8.16906 2.97329 29.6706
      vertex -7.52865 4.34667 29.6706
    endloop
  endfacet
  facet normal -0.908078 0.243319 -0.340866
    outer loop
      vertex -7.66486 2.78978 28.1964
      vertex -8.56126 1.50958 29.6706
      vertex -8.16906 2.97329 29.6706
    endloop
  endfacet
  facet normal -0.981173 -0.0858408 -0.173004
    outer loop
      vertex -8.56126 -1.50958 29.6706
      vertex -8.96575 0 31.2156
      vertex -8.69333 0 29.6706
    endloop
  endfacet
  facet normal -0.981173 0.0858408 -0.173004
    outer loop
      vertex -8.69333 0 29.6706
      vertex -8.96575 0 31.2156
      vertex -8.56126 1.50958 29.6706
    endloop
  endfacet
  facet normal -0.664758 0.664758 0.34087
    outer loop
      vertex -6.65948 5.58797 34.3294
      vertex -5.24307 6.24845 35.8036
      vertex -5.58797 6.65948 34.3294
    endloop
  endfacet
  facet normal -0.664758 0.664758 0.34087
    outer loop
      vertex -5.24307 6.24845 35.8036
      vertex -6.65948 5.58797 34.3294
      vertex -6.24845 5.24307 35.8036
    endloop
  endfacet
  facet normal -0.741113 0.198581 0.64134
    outer loop
      vertex -5.98017 2.1766 38.364
      vertex -6.92776 2.5215 37.1622
      vertex -6.26728 1.10509 38.364
    endloop
  endfacet
  facet normal -0.62227 0.166735 0.76484
    outer loop
      vertex -4.85087 1.76557 39.3724
      vertex -6.26728 1.10509 38.364
      vertex -5.08376 0.896404 39.3724
    endloop
  endfacet
  facet normal -0.366347 0.785627 0.498579
    outer loop
      vertex -2.78978 7.66486 35.8036
      vertex -4.07838 7.06397 35.8036
      vertex -2.5215 6.92776 37.1622
    endloop
  endfacet
  facet normal -0.324257 0.69537 0.641341
    outer loop
      vertex -2.5215 6.92776 37.1622
      vertex -3.68618 6.38466 37.1622
      vertex -3.18198 5.51135 38.364
    endloop
  endfacet
  facet normal -0.497201 0.710078 0.498578
    outer loop
      vertex -3.68618 6.38466 37.1622
      vertex -5.24307 6.24845 35.8036
      vertex -4.73887 5.64756 37.1622
    endloop
  endfacet
  facet normal -0.440079 0.6285 0.641341
    outer loop
      vertex -3.68618 6.38466 37.1622
      vertex -4.73887 5.64756 37.1622
      vertex -3.18198 5.51135 38.364
    endloop
  endfacet
  facet normal -0.710078 0.497201 0.498578
    outer loop
      vertex -6.24845 5.24307 35.8036
      vertex -6.38466 3.68618 37.1622
      vertex -5.64756 4.73887 37.1622
    endloop
  endfacet
  facet normal -0.71008 0.4972 0.498577
    outer loop
      vertex -6.24845 5.24307 35.8036
      vertex -7.06397 4.07838 35.8036
      vertex -6.38466 3.68618 37.1622
    endloop
  endfacet
  facet normal -0.583864 0.272258 0.764839
    outer loop
      vertex -4.47059 2.58109 39.3724
      vertex -5.98017 2.1766 38.364
      vertex -4.85087 1.76557 39.3724
    endloop
  endfacet
  facet normal -0.583864 0.272262 0.764837
    outer loop
      vertex -5.51135 3.18198 38.364
      vertex -5.98017 2.1766 38.364
      vertex -4.47059 2.58109 39.3724
    endloop
  endfacet
  facet normal -0.145016 0.310989 0.939285
    outer loop
      vertex -0.796692 2.18889 40.6933
      vertex -1.90178 3.29398 40.1568
      vertex -1.16469 2.01729 40.6933
    endloop
  endfacet
  facet normal -0.198581 0.741113 0.64134
    outer loop
      vertex -1.10509 6.26728 38.364
      vertex -2.5215 6.92776 37.1622
      vertex -2.1766 5.98017 38.364
    endloop
  endfacet
  facet normal -0.837325 -0.224823 -0.498339
    outer loop
      vertex -8.03285 -1.41641 28.1964
      vertex -8.02268 -1.41461 28.1785
      vertex -8.01829 -1.43096 28.1785
    endloop
  endfacet
  facet normal -0.863629 0.075801 -0.498396
    outer loop
      vertex -8.14644 0 28.1785
      vertex -8.15677 0 28.1964
      vertex -8.14496 0.0168622 28.1785
    endloop
  endfacet
  facet normal -0.198583 0.741111 0.641341
    outer loop
      vertex -1.2802 7.26037 37.1622
      vertex -2.5215 6.92776 37.1622
      vertex -1.10509 6.26728 38.364
    endloop
  endfacet
  facet normal -0.324259 0.69537 0.64134
    outer loop
      vertex -2.5215 6.92776 37.1622
      vertex -3.18198 5.51135 38.364
      vertex -2.1766 5.98017 38.364
    endloop
  endfacet
  facet normal 0.0668688 0.764336 0.641341
    outer loop
      vertex 1.2802 7.26037 37.1622
      vertex 0 6.36396 38.364
      vertex 1.10509 6.26728 38.364
    endloop
  endfacet
  facet normal 0.0561461 0.641772 0.764838
    outer loop
      vertex 0 6.36396 38.364
      vertex 0 5.16219 39.3724
      vertex 1.10509 6.26728 38.364
    endloop
  endfacet
  facet normal 0.0451233 0.168401 0.984685
    outer loop
      vertex 0.796692 2.18889 40.6933
      vertex 0.136209 0.772485 40.9658
      vertex 0.268281 0.737096 40.9658
    endloop
  endfacet
  facet normal 0.0151956 0.173678 0.984685
    outer loop
      vertex 0.40449 2.29398 40.6933
      vertex 0 2.32937 40.6933
      vertex 0.136209 0.772485 40.9658
    endloop
  endfacet
  facet normal -0.123278 -0.123278 0.984685
    outer loop
      vertex -0.600886 -0.504203 40.9658
      vertex -1.49729 -1.7844 40.6933
      vertex -0.504203 -0.600886 40.9658
    endloop
  endfacet
  facet normal -0.123278 -0.123278 0.984685
    outer loop
      vertex -1.49729 -1.7844 40.6933
      vertex -0.600886 -0.504203 40.9658
      vertex -1.7844 -1.49729 40.6933
    endloop
  endfacet
  facet normal 0.168401 -0.0451228 0.984685
    outer loop
      vertex 2.29398 -0.40449 40.6933
      vertex 0.772485 -0.136209 40.9658
      vertex 2.18889 -0.796692 40.6933
    endloop
  endfacet
  facet normal -0.0999983 0.142812 0.984685
    outer loop
      vertex -1.16469 2.01729 40.6933
      vertex -1.49729 1.7844 40.6933
      vertex -0.3922 0.679312 40.9658
    endloop
  endfacet
  facet normal -0.287611 0.410746 0.865198
    outer loop
      vertex -2.58109 4.47059 39.3724
      vertex -3.31819 3.95446 39.3724
      vertex -2.44488 2.9137 40.1568
    endloop
  endfacet
  facet normal -0.0736797 0.158007 0.984685
    outer loop
      vertex -0.796692 2.18889 40.6933
      vertex -1.16469 2.01729 40.6933
      vertex -0.3922 0.679312 40.9658
    endloop
  endfacet
  facet normal -0.0736794 0.158007 0.984685
    outer loop
      vertex -0.268281 0.737096 40.9658
      vertex -0.796692 2.18889 40.6933
      vertex -0.3922 0.679312 40.9658
    endloop
  endfacet
  facet normal -0.0436991 0.499523 0.865198
    outer loop
      vertex 0 3.80356 40.1568
      vertex -0.896404 5.08376 39.3724
      vertex -0.660481 3.74578 40.1568
    endloop
  endfacet
  facet normal -0.088812 0.331445 0.939285
    outer loop
      vertex -0.660481 3.74578 40.1568
      vertex -1.30089 3.57418 40.1568
      vertex -0.796692 2.18889 40.6933
    endloop
  endfacet
  facet normal -0.0755486 -0.863547 0.498577
    outer loop
      vertex 0 -7.37237 37.1622
      vertex -1.2802 -7.26037 37.1622
      vertex 0 -8.15677 35.8036
    endloop
  endfacet
  facet normal 0.0755486 -0.863547 0.498577
    outer loop
      vertex 0 -7.37237 37.1622
      vertex 0 -8.15677 35.8036
      vertex 1.2802 -7.26037 37.1622
    endloop
  endfacet
  facet normal -0.198583 -0.741111 0.641341
    outer loop
      vertex -1.10509 -6.26728 38.364
      vertex -2.5215 -6.92776 37.1622
      vertex -1.2802 -7.26037 37.1622
    endloop
  endfacet
  facet normal -0.198581 -0.741113 0.64134
    outer loop
      vertex -2.1766 -5.98017 38.364
      vertex -2.5215 -6.92776 37.1622
      vertex -1.10509 -6.26728 38.364
    endloop
  endfacet
  facet normal -0.324257 -0.69537 0.641341
    outer loop
      vertex -3.18198 -5.51135 38.364
      vertex -3.68618 -6.38466 37.1622
      vertex -2.5215 -6.92776 37.1622
    endloop
  endfacet
  facet normal -0.497201 -0.710078 0.498578
    outer loop
      vertex -4.73887 -5.64756 37.1622
      vertex -5.24307 -6.24845 35.8036
      vertex -3.68618 -6.38466 37.1622
    endloop
  endfacet
  facet normal -0.440079 -0.6285 0.641341
    outer loop
      vertex -3.18198 -5.51135 38.364
      vertex -4.73887 -5.64756 37.1622
      vertex -3.68618 -6.38466 37.1622
    endloop
  endfacet
  facet normal -0.422617 -0.906308 0
    outer loop
      vertex -4.48288 -7.76457 31.2156
      vertex -3.06647 -8.42505 32.7844
      vertex -4.48288 -7.76457 32.7844
    endloop
  endfacet
  facet normal -0.422617 -0.906308 -0
    outer loop
      vertex -3.06647 -8.42505 32.7844
      vertex -4.48288 -7.76457 31.2156
      vertex -3.06647 -8.42505 31.2156
    endloop
  endfacet
  facet normal 0.397311 -0.852027 -0.340873
    outer loop
      vertex 4.34667 -7.52865 29.6706
      vertex 2.78978 -7.66486 28.1964
      vertex 4.07838 -7.06397 28.1964
    endloop
  endfacet
  facet normal 0.397305 -0.852033 -0.340866
    outer loop
      vertex 2.97329 -8.16906 29.6706
      vertex 2.78978 -7.66486 28.1964
      vertex 4.34667 -7.52865 29.6706
    endloop
  endfacet
  facet normal -0.0736794 -0.158007 0.984685
    outer loop
      vertex -0.3922 -0.679312 40.9658
      vertex -0.796692 -2.18889 40.6933
      vertex -0.268281 -0.737096 40.9658
    endloop
  endfacet
  facet normal -0.0151939 0.173678 0.984685
    outer loop
      vertex 0 2.32937 40.6933
      vertex -0.136209 0.772485 40.9658
      vertex 0 0.784401 40.9658
    endloop
  endfacet
  facet normal 0.196817 -0.281082 0.939285
    outer loop
      vertex 1.49729 -1.7844 40.6933
      vertex 1.16469 -2.01729 40.6933
      vertex 1.90178 -3.29398 40.1568
    endloop
  endfacet
  facet normal 0.196815 -0.281083 0.939285
    outer loop
      vertex 2.44488 -2.9137 40.1568
      vertex 1.49729 -1.7844 40.6933
      vertex 1.90178 -3.29398 40.1568
    endloop
  endfacet
  facet normal 0.173678 -0.0151956 0.984685
    outer loop
      vertex 2.32937 0 40.6933
      vertex 0.772485 -0.136209 40.9658
      vertex 2.29398 -0.40449 40.6933
    endloop
  endfacet
  facet normal 0.173678 -0.0151939 0.984685
    outer loop
      vertex 0.784401 0 40.9658
      vertex 0.772485 -0.136209 40.9658
      vertex 2.32937 0 40.6933
    endloop
  endfacet
  facet normal 0.0151939 0.173678 0.984685
    outer loop
      vertex 0 2.32937 40.6933
      vertex 0 0.784401 40.9658
      vertex 0.136209 0.772485 40.9658
    endloop
  endfacet
  facet normal 0.142812 -0.0999983 0.984685
    outer loop
      vertex 2.01729 -1.16469 40.6933
      vertex 0.679312 -0.3922 40.9658
      vertex 1.7844 -1.49729 40.6933
    endloop
  endfacet
  facet normal 0.310989 -0.145016 0.939285
    outer loop
      vertex 2.18889 -0.796692 40.6933
      vertex 2.01729 -1.16469 40.6933
      vertex 3.29398 -1.90178 40.1568
    endloop
  endfacet
  facet normal -0.454449 0.211911 0.865199
    outer loop
      vertex -4.47059 2.58109 39.3724
      vertex -4.85087 1.76557 39.3724
      vertex -3.57418 1.30089 40.1568
    endloop
  endfacet
  facet normal -0.484344 0.129778 0.865199
    outer loop
      vertex -4.85087 1.76557 39.3724
      vertex -5.08376 0.896404 39.3724
      vertex -3.57418 1.30089 40.1568
    endloop
  endfacet
  facet normal -0.527717 0.369511 0.764838
    outer loop
      vertex -4.87508 4.09067 38.364
      vertex -5.51135 3.18198 38.364
      vertex -4.47059 2.58109 39.3724
    endloop
  endfacet
  facet normal -0.211911 0.454449 0.865199
    outer loop
      vertex -1.76557 4.85087 39.3724
      vertex -2.58109 4.47059 39.3724
      vertex -1.30089 3.57418 40.1568
    endloop
  endfacet
  facet normal -0.366345 0.785629 0.498577
    outer loop
      vertex -2.5215 6.92776 37.1622
      vertex -4.07838 7.06397 35.8036
      vertex -3.68618 6.38466 37.1622
    endloop
  endfacet
  facet normal -0.4972 0.71008 0.498577
    outer loop
      vertex -4.07838 7.06397 35.8036
      vertex -5.24307 6.24845 35.8036
      vertex -3.68618 6.38466 37.1622
    endloop
  endfacet
  facet normal -0.281083 0.196815 0.939285
    outer loop
      vertex -2.9137 2.44488 40.1568
      vertex -3.29398 1.90178 40.1568
      vertex -1.7844 1.49729 40.6933
    endloop
  endfacet
  facet normal -0.272258 0.583864 0.764839
    outer loop
      vertex -2.1766 5.98017 38.364
      vertex -2.58109 4.47059 39.3724
      vertex -1.76557 4.85087 39.3724
    endloop
  endfacet
  facet normal -0.129778 0.484344 0.865199
    outer loop
      vertex -0.896404 5.08376 39.3724
      vertex -1.76557 4.85087 39.3724
      vertex -1.30089 3.57418 40.1568
    endloop
  endfacet
  facet normal -0.129782 0.484344 0.865198
    outer loop
      vertex -0.896404 5.08376 39.3724
      vertex -1.30089 3.57418 40.1568
      vertex -0.660481 3.74578 40.1568
    endloop
  endfacet
  facet normal -0.863545 -0.0755447 -0.498582
    outer loop
      vertex -8.11339 -0.377736 28.1785
      vertex -8.15677 0 28.1964
      vertex -8.14496 -0.0168622 28.1785
    endloop
  endfacet
  facet normal -0.863698 -0.0755598 -0.498314
    outer loop
      vertex -8.03285 -1.41641 28.1964
      vertex -8.11339 -0.377736 28.1785
      vertex -8.02268 -1.41461 28.1785
    endloop
  endfacet
  facet normal -0.863597 -0.075555 -0.49849
    outer loop
      vertex -8.11339 -0.377736 28.1785
      vertex -8.03285 -1.41641 28.1964
      vertex -8.15677 0 28.1964
    endloop
  endfacet
  facet normal -0.863629 -0.075801 -0.498396
    outer loop
      vertex -8.14496 -0.0168622 28.1785
      vertex -8.15677 0 28.1964
      vertex -8.14644 0 28.1785
    endloop
  endfacet
  facet normal 0.166735 0.62227 0.76484
    outer loop
      vertex 1.10509 6.26728 38.364
      vertex 0.896404 5.08376 39.3724
      vertex 1.76557 4.85087 39.3724
    endloop
  endfacet
  facet normal 0.166737 0.62227 0.764839
    outer loop
      vertex 2.1766 5.98017 38.364
      vertex 1.10509 6.26728 38.364
      vertex 1.76557 4.85087 39.3724
    endloop
  endfacet
  facet normal -0.0999986 -0.142812 0.984685
    outer loop
      vertex -0.504203 -0.600886 40.9658
      vertex -1.49729 -1.7844 40.6933
      vertex -0.3922 -0.679312 40.9658
    endloop
  endfacet
  facet normal 0.158007 -0.0736794 0.984685
    outer loop
      vertex 0.737096 -0.268281 40.9658
      vertex 0.679312 -0.3922 40.9658
      vertex 2.18889 -0.796692 40.6933
    endloop
  endfacet
  facet normal 0.0736794 -0.158007 0.984685
    outer loop
      vertex 0.3922 -0.679312 40.9658
      vertex 0.268281 -0.737096 40.9658
      vertex 0.796692 -2.18889 40.6933
    endloop
  endfacet
  facet normal -0.0451233 -0.168401 0.984685
    outer loop
      vertex -0.268281 -0.737096 40.9658
      vertex -0.796692 -2.18889 40.6933
      vertex -0.136209 -0.772485 40.9658
    endloop
  endfacet
  facet normal -0.043705 0.49952 0.865199
    outer loop
      vertex 0 5.16219 39.3724
      vertex -0.896404 5.08376 39.3724
      vertex 0 3.80356 40.1568
    endloop
  endfacet
  facet normal -0.056151 0.641769 0.76484
    outer loop
      vertex 0 5.16219 39.3724
      vertex -1.10509 6.26728 38.364
      vertex -0.896404 5.08376 39.3724
    endloop
  endfacet
  facet normal -0.0668688 -0.764336 0.641341
    outer loop
      vertex -1.10509 -6.26728 38.364
      vertex -1.2802 -7.26037 37.1622
      vertex 0 -6.36396 38.364
    endloop
  endfacet
  facet normal -0.066869 -0.764336 0.641341
    outer loop
      vertex 0 -6.36396 38.364
      vertex -1.2802 -7.26037 37.1622
      vertex 0 -7.37237 37.1622
    endloop
  endfacet
  facet normal -0.0888103 -0.331445 0.939285
    outer loop
      vertex -0.40449 -2.29398 40.6933
      vertex -0.796692 -2.18889 40.6933
      vertex -0.660481 -3.74578 40.1568
    endloop
  endfacet
  facet normal -0.0451228 -0.168401 0.984685
    outer loop
      vertex -0.136209 -0.772485 40.9658
      vertex -0.796692 -2.18889 40.6933
      vertex -0.40449 -2.29398 40.6933
    endloop
  endfacet
  facet normal 0.354565 -0.354565 0.865198
    outer loop
      vertex 2.9137 -2.44488 40.1568
      vertex 3.31819 -3.95446 39.3724
      vertex 3.95446 -3.31819 39.3724
    endloop
  endfacet
  facet normal 0.354565 -0.354565 0.865198
    outer loop
      vertex 3.31819 -3.95446 39.3724
      vertex 2.9137 -2.44488 40.1568
      vertex 2.44488 -2.9137 40.1568
    endloop
  endfacet
  facet normal 0.281082 -0.196817 0.939285
    outer loop
      vertex 2.01729 -1.16469 40.6933
      vertex 1.7844 -1.49729 40.6933
      vertex 3.29398 -1.90178 40.1568
    endloop
  endfacet
  facet normal 0.281083 -0.196815 0.939285
    outer loop
      vertex 3.29398 -1.90178 40.1568
      vertex 1.7844 -1.49729 40.6933
      vertex 2.9137 -2.44488 40.1568
    endloop
  endfacet
  facet normal 0.168401 -0.0451233 0.984685
    outer loop
      vertex 0.772485 -0.136209 40.9658
      vertex 0.737096 -0.268281 40.9658
      vertex 2.18889 -0.796692 40.6933
    endloop
  endfacet
  facet normal -0.455533 0.455533 0.764839
    outer loop
      vertex -4.09067 4.87508 38.364
      vertex -3.95446 3.31819 39.3724
      vertex -3.31819 3.95446 39.3724
    endloop
  endfacet
  facet normal -0.455533 0.455533 0.764839
    outer loop
      vertex -3.95446 3.31819 39.3724
      vertex -4.09067 4.87508 38.364
      vertex -4.87508 4.09067 38.364
    endloop
  endfacet
  facet normal -0.527712 0.369513 0.76484
    outer loop
      vertex -3.95446 3.31819 39.3724
      vertex -4.87508 4.09067 38.364
      vertex -4.47059 2.58109 39.3724
    endloop
  endfacet
  facet normal -0.242635 0.242635 0.939285
    outer loop
      vertex -2.44488 2.9137 40.1568
      vertex -1.7844 1.49729 40.6933
      vertex -1.49729 1.7844 40.6933
    endloop
  endfacet
  facet normal -0.242635 0.242635 0.939285
    outer loop
      vertex -1.7844 1.49729 40.6933
      vertex -2.44488 2.9137 40.1568
      vertex -2.9137 2.44488 40.1568
    endloop
  endfacet
  facet normal -0.145017 0.310989 0.939285
    outer loop
      vertex -1.30089 3.57418 40.1568
      vertex -1.90178 3.29398 40.1568
      vertex -0.796692 2.18889 40.6933
    endloop
  endfacet
  facet normal -0.166737 0.62227 0.764839
    outer loop
      vertex -1.10509 6.26728 38.364
      vertex -2.1766 5.98017 38.364
      vertex -1.76557 4.85087 39.3724
    endloop
  endfacet
  facet normal -0.272262 0.583864 0.764837
    outer loop
      vertex -2.1766 5.98017 38.364
      vertex -3.18198 5.51135 38.364
      vertex -2.58109 4.47059 39.3724
    endloop
  endfacet
  facet normal -0.369511 0.527717 0.764838
    outer loop
      vertex -3.18198 5.51135 38.364
      vertex -4.09067 4.87508 38.364
      vertex -2.58109 4.47059 39.3724
    endloop
  endfacet
  facet normal 0.145016 -0.310989 0.939285
    outer loop
      vertex 1.16469 -2.01729 40.6933
      vertex 0.796692 -2.18889 40.6933
      vertex 1.90178 -3.29398 40.1568
    endloop
  endfacet
  facet normal 0.242635 -0.242635 0.939285
    outer loop
      vertex 1.7844 -1.49729 40.6933
      vertex 2.44488 -2.9137 40.1568
      vertex 2.9137 -2.44488 40.1568
    endloop
  endfacet
  facet normal 0.242635 -0.242635 0.939285
    outer loop
      vertex 2.44488 -2.9137 40.1568
      vertex 1.7844 -1.49729 40.6933
      vertex 1.49729 -1.7844 40.6933
    endloop
  endfacet
  facet normal 0.129782 -0.484344 0.865198
    outer loop
      vertex 1.30089 -3.57418 40.1568
      vertex 0.660481 -3.74578 40.1568
      vertex 0.896404 -5.08376 39.3724
    endloop
  endfacet
  facet normal 0.287606 -0.410747 0.865199
    outer loop
      vertex 2.44488 -2.9137 40.1568
      vertex 1.90178 -3.29398 40.1568
      vertex 2.58109 -4.47059 39.3724
    endloop
  endfacet
  facet normal -0.354565 0.354565 0.865198
    outer loop
      vertex -3.31819 3.95446 39.3724
      vertex -2.9137 2.44488 40.1568
      vertex -2.44488 2.9137 40.1568
    endloop
  endfacet
  facet normal -0.354565 0.354565 0.865198
    outer loop
      vertex -2.9137 2.44488 40.1568
      vertex -3.31819 3.95446 39.3724
      vertex -3.95446 3.31819 39.3724
    endloop
  endfacet
  facet normal -0.287606 0.410747 0.865199
    outer loop
      vertex -1.90178 3.29398 40.1568
      vertex -2.58109 4.47059 39.3724
      vertex -2.44488 2.9137 40.1568
    endloop
  endfacet
  facet normal -0.196815 0.281083 0.939285
    outer loop
      vertex -1.90178 3.29398 40.1568
      vertex -2.44488 2.9137 40.1568
      vertex -1.49729 1.7844 40.6933
    endloop
  endfacet
  facet normal -0.196817 -0.281082 0.939285
    outer loop
      vertex -1.49729 -1.7844 40.6933
      vertex -1.90178 -3.29398 40.1568
      vertex -1.16469 -2.01729 40.6933
    endloop
  endfacet
  facet normal -0.145016 -0.310989 0.939285
    outer loop
      vertex -1.16469 -2.01729 40.6933
      vertex -1.90178 -3.29398 40.1568
      vertex -0.796692 -2.18889 40.6933
    endloop
  endfacet
  facet normal 0.211911 -0.454449 0.865199
    outer loop
      vertex 2.58109 -4.47059 39.3724
      vertex 1.30089 -3.57418 40.1568
      vertex 1.76557 -4.85087 39.3724
    endloop
  endfacet
  facet normal 0.211913 -0.454448 0.865199
    outer loop
      vertex 1.90178 -3.29398 40.1568
      vertex 1.30089 -3.57418 40.1568
      vertex 2.58109 -4.47059 39.3724
    endloop
  endfacet
endsolid OpenSCAD_Model
