solid OpenSCAD_Model
  facet normal 0.9063 0.422634 0
    outer loop
      vertex 85.816 78.0463 9
      vertex 84.8583 80.1 5
      vertex 84.8583 80.1 9
    endloop
  endfacet
  facet normal 0.9063 0.422634 0
    outer loop
      vertex 84.8583 80.1 5
      vertex 85.816 78.0463 9
      vertex 85.816 78.0463 5
    endloop
  endfacet
  facet normal 0.707094 -0.70712 0
    outer loop
      vertex 81.9562 6.44142 5
      vertex 83.5586 8.04376 9
      vertex 81.9562 6.44142 9
    endloop
  endfacet
  facet normal 0.707094 -0.70712 0
    outer loop
      vertex 83.5586 8.04376 9
      vertex 81.9562 6.44142 5
      vertex 83.5586 8.04376 5
    endloop
  endfacet
  facet normal -1 0 0
    outer loop
      vertex 3.4 16.4 5
      vertex 3.4 73.6 9
      vertex 3.4 73.6 5
    endloop
  endfacet
  facet normal -1 -0 0
    outer loop
      vertex 3.4 73.6 9
      vertex 3.4 16.4 5
      vertex 3.4 16.4 9
    endloop
  endfacet
  facet normal 1 -0 0
    outer loop
      vertex 86.6 16.4 9
      vertex 86.6 73.6 5
      vertex 86.6 73.6 9
    endloop
  endfacet
  facet normal 1 0 0
    outer loop
      vertex 86.6 73.6 5
      vertex 86.6 16.4 9
      vertex 86.6 16.4 5
    endloop
  endfacet
  facet normal 0.996195 0.0871571 0
    outer loop
      vertex 86.6 73.6 9
      vertex 86.4025 75.8574 5
      vertex 86.4025 75.8574 9
    endloop
  endfacet
  facet normal 0.996195 0.0871571 0
    outer loop
      vertex 86.4025 75.8574 5
      vertex 86.6 73.6 9
      vertex 86.6 73.6 5
    endloop
  endfacet
  facet normal 0.965927 0.258813 0
    outer loop
      vertex 86.4025 75.8574 9
      vertex 85.816 78.0463 5
      vertex 85.816 78.0463 9
    endloop
  endfacet
  facet normal 0.965927 0.258813 0
    outer loop
      vertex 85.816 78.0463 5
      vertex 86.4025 75.8574 9
      vertex 86.4025 75.8574 5
    endloop
  endfacet
  facet normal -0.422634 0.9063 0
    outer loop
      vertex 11.9537 85.816 5
      vertex 9.9 84.8583 9
      vertex 11.9537 85.816 9
    endloop
  endfacet
  facet normal -0.422634 0.9063 0
    outer loop
      vertex 9.9 84.8583 9
      vertex 11.9537 85.816 5
      vertex 9.9 84.8583 5
    endloop
  endfacet
  facet normal 0.9063 -0.422634 0
    outer loop
      vertex 84.8583 9.9 9
      vertex 85.816 11.9537 5
      vertex 85.816 11.9537 9
    endloop
  endfacet
  facet normal 0.9063 -0.422634 0
    outer loop
      vertex 85.816 11.9537 5
      vertex 84.8583 9.9 9
      vertex 84.8583 9.9 5
    endloop
  endfacet
  facet normal -0.906305 0.422623 0
    outer loop
      vertex 4.184 78.0463 5
      vertex 5.14167 80.1 9
      vertex 5.14167 80.1 5
    endloop
  endfacet
  facet normal -0.906305 0.422623 0
    outer loop
      vertex 5.14167 80.1 9
      vertex 4.184 78.0463 5
      vertex 4.184 78.0463 9
    endloop
  endfacet
  facet normal 0.573584 -0.819147 0
    outer loop
      vertex 80.1 5.14167 5
      vertex 81.9562 6.44142 9
      vertex 80.1 5.14167 9
    endloop
  endfacet
  facet normal 0.573584 -0.819147 0
    outer loop
      vertex 81.9562 6.44142 9
      vertex 80.1 5.14167 5
      vertex 81.9562 6.44142 5
    endloop
  endfacet
  facet normal -0.573561 0.819163 0
    outer loop
      vertex 9.9 84.8583 5
      vertex 8.04376 83.5586 9
      vertex 9.9 84.8583 9
    endloop
  endfacet
  facet normal -0.573561 0.819163 0
    outer loop
      vertex 8.04376 83.5586 9
      vertex 9.9 84.8583 5
      vertex 8.04376 83.5586 5
    endloop
  endfacet
  facet normal 0.819157 0.573569 0
    outer loop
      vertex 84.8583 80.1 9
      vertex 83.5586 81.9562 5
      vertex 83.5586 81.9562 9
    endloop
  endfacet
  facet normal 0.819157 0.573569 0
    outer loop
      vertex 83.5586 81.9562 5
      vertex 84.8583 80.1 9
      vertex 84.8583 80.1 5
    endloop
  endfacet
  facet normal -0.819147 0.573584 0
    outer loop
      vertex 5.14167 80.1 5
      vertex 6.44142 81.9562 9
      vertex 6.44142 81.9562 5
    endloop
  endfacet
  facet normal -0.819147 0.573584 0
    outer loop
      vertex 6.44142 81.9562 9
      vertex 5.14167 80.1 5
      vertex 5.14167 80.1 9
    endloop
  endfacet
  facet normal 0.965927 -0.258813 0
    outer loop
      vertex 85.816 11.9537 9
      vertex 86.4025 14.1426 5
      vertex 86.4025 14.1426 9
    endloop
  endfacet
  facet normal 0.965927 -0.258813 0
    outer loop
      vertex 86.4025 14.1426 5
      vertex 85.816 11.9537 9
      vertex 85.816 11.9537 5
    endloop
  endfacet
  facet normal 0.996195 -0.0871571 0
    outer loop
      vertex 86.4025 14.1426 9
      vertex 86.6 16.4 5
      vertex 86.6 16.4 9
    endloop
  endfacet
  facet normal 0.996195 -0.0871571 0
    outer loop
      vertex 86.6 16.4 5
      vertex 86.4025 14.1426 9
      vertex 86.4025 14.1426 5
    endloop
  endfacet
  facet normal 0.819163 -0.573561 0
    outer loop
      vertex 83.5586 8.04376 9
      vertex 84.8583 9.9 5
      vertex 84.8583 9.9 9
    endloop
  endfacet
  facet normal 0.819163 -0.573561 0
    outer loop
      vertex 84.8583 9.9 5
      vertex 83.5586 8.04376 9
      vertex 83.5586 8.04376 5
    endloop
  endfacet
  facet normal 0.258813 -0.965927 0
    outer loop
      vertex 75.8574 3.5975 5
      vertex 78.0463 4.184 9
      vertex 75.8574 3.5975 9
    endloop
  endfacet
  facet normal 0.258813 -0.965927 0
    outer loop
      vertex 78.0463 4.184 9
      vertex 75.8574 3.5975 5
      vertex 78.0463 4.184 5
    endloop
  endfacet
  facet normal -0.573575 -0.819153 0
    outer loop
      vertex 8.04376 6.44142 5
      vertex 9.9 5.14167 9
      vertex 8.04376 6.44142 9
    endloop
  endfacet
  facet normal -0.573575 -0.819153 -0
    outer loop
      vertex 9.9 5.14167 9
      vertex 8.04376 6.44142 5
      vertex 9.9 5.14167 5
    endloop
  endfacet
  facet normal 0 1 -0
    outer loop
      vertex 73.6 86.6 5
      vertex 16.4 86.6 9
      vertex 73.6 86.6 9
    endloop
  endfacet
  facet normal 0 1 0
    outer loop
      vertex 16.4 86.6 9
      vertex 73.6 86.6 5
      vertex 16.4 86.6 5
    endloop
  endfacet
  facet normal 0.422634 0.9063 -0
    outer loop
      vertex 80.1 84.8583 5
      vertex 78.0463 85.816 9
      vertex 80.1 84.8583 9
    endloop
  endfacet
  facet normal 0.422634 0.9063 0
    outer loop
      vertex 78.0463 85.816 9
      vertex 80.1 84.8583 5
      vertex 78.0463 85.816 5
    endloop
  endfacet
  facet normal 0.0871571 0.996195 -0
    outer loop
      vertex 75.8574 86.4025 5
      vertex 73.6 86.6 9
      vertex 75.8574 86.4025 9
    endloop
  endfacet
  facet normal 0.0871571 0.996195 0
    outer loop
      vertex 73.6 86.6 9
      vertex 75.8574 86.4025 5
      vertex 73.6 86.6 5
    endloop
  endfacet
  facet normal -0.422623 -0.906305 0
    outer loop
      vertex 9.9 5.14167 5
      vertex 11.9537 4.184 9
      vertex 9.9 5.14167 9
    endloop
  endfacet
  facet normal -0.422623 -0.906305 -0
    outer loop
      vertex 11.9537 4.184 9
      vertex 9.9 5.14167 5
      vertex 11.9537 4.184 5
    endloop
  endfacet
  facet normal -0.0871571 0.996195 0
    outer loop
      vertex 16.4 86.6 5
      vertex 14.1426 86.4025 9
      vertex 16.4 86.6 9
    endloop
  endfacet
  facet normal -0.0871571 0.996195 0
    outer loop
      vertex 14.1426 86.4025 9
      vertex 16.4 86.6 5
      vertex 14.1426 86.4025 5
    endloop
  endfacet
  facet normal 0 -1 0
    outer loop
      vertex 16.4 3.4 5
      vertex 73.6 3.4 9
      vertex 16.4 3.4 9
    endloop
  endfacet
  facet normal 0 -1 -0
    outer loop
      vertex 73.6 3.4 9
      vertex 16.4 3.4 5
      vertex 73.6 3.4 5
    endloop
  endfacet
  facet normal -0.965927 0.258813 0
    outer loop
      vertex 3.5975 75.8574 5
      vertex 4.184 78.0463 9
      vertex 4.184 78.0463 5
    endloop
  endfacet
  facet normal -0.965927 0.258813 0
    outer loop
      vertex 4.184 78.0463 9
      vertex 3.5975 75.8574 5
      vertex 3.5975 75.8574 9
    endloop
  endfacet
  facet normal -0.707107 -0.707107 0
    outer loop
      vertex 8.04376 6.44142 5
      vertex 6.44142 8.04376 9
      vertex 6.44142 8.04376 5
    endloop
  endfacet
  facet normal -0.707107 -0.707107 0
    outer loop
      vertex 6.44142 8.04376 9
      vertex 8.04376 6.44142 5
      vertex 8.04376 6.44142 9
    endloop
  endfacet
  facet normal -0.996195 0.0871571 0
    outer loop
      vertex 3.4 73.6 5
      vertex 3.5975 75.8574 9
      vertex 3.5975 75.8574 5
    endloop
  endfacet
  facet normal -0.996195 0.0871571 0
    outer loop
      vertex 3.5975 75.8574 9
      vertex 3.4 73.6 5
      vertex 3.4 73.6 9
    endloop
  endfacet
  facet normal 0.422623 -0.906305 0
    outer loop
      vertex 78.0463 4.184 5
      vertex 80.1 5.14167 9
      vertex 78.0463 4.184 9
    endloop
  endfacet
  facet normal 0.422623 -0.906305 0
    outer loop
      vertex 80.1 5.14167 9
      vertex 78.0463 4.184 5
      vertex 80.1 5.14167 5
    endloop
  endfacet
  facet normal 0.258813 0.965927 -0
    outer loop
      vertex 78.0463 85.816 5
      vertex 75.8574 86.4025 9
      vertex 78.0463 85.816 9
    endloop
  endfacet
  facet normal 0.258813 0.965927 0
    outer loop
      vertex 75.8574 86.4025 9
      vertex 78.0463 85.816 5
      vertex 75.8574 86.4025 5
    endloop
  endfacet
  facet normal -0.906305 -0.422623 0
    outer loop
      vertex 5.14167 9.9 5
      vertex 4.184 11.9537 9
      vertex 4.184 11.9537 5
    endloop
  endfacet
  facet normal -0.906305 -0.422623 0
    outer loop
      vertex 4.184 11.9537 9
      vertex 5.14167 9.9 5
      vertex 5.14167 9.9 9
    endloop
  endfacet
  facet normal -0.258813 -0.965927 0
    outer loop
      vertex 11.9537 4.184 5
      vertex 14.1426 3.5975 9
      vertex 11.9537 4.184 9
    endloop
  endfacet
  facet normal -0.258813 -0.965927 -0
    outer loop
      vertex 14.1426 3.5975 9
      vertex 11.9537 4.184 5
      vertex 14.1426 3.5975 5
    endloop
  endfacet
  facet normal 0.573569 0.819157 -0
    outer loop
      vertex 81.9562 83.5586 5
      vertex 80.1 84.8583 9
      vertex 81.9562 83.5586 9
    endloop
  endfacet
  facet normal 0.573569 0.819157 0
    outer loop
      vertex 80.1 84.8583 9
      vertex 81.9562 83.5586 5
      vertex 80.1 84.8583 5
    endloop
  endfacet
  facet normal -0.996195 -0.0871571 0
    outer loop
      vertex 3.5975 14.1426 5
      vertex 3.4 16.4 9
      vertex 3.4 16.4 5
    endloop
  endfacet
  facet normal -0.996195 -0.0871571 0
    outer loop
      vertex 3.4 16.4 9
      vertex 3.5975 14.1426 5
      vertex 3.5975 14.1426 9
    endloop
  endfacet
  facet normal 0.707107 0.707107 0
    outer loop
      vertex 83.5586 81.9562 9
      vertex 81.9562 83.5586 5
      vertex 81.9562 83.5586 9
    endloop
  endfacet
  facet normal 0.707107 0.707107 0
    outer loop
      vertex 81.9562 83.5586 5
      vertex 83.5586 81.9562 9
      vertex 83.5586 81.9562 5
    endloop
  endfacet
  facet normal -0.965927 -0.258813 0
    outer loop
      vertex 4.184 11.9537 5
      vertex 3.5975 14.1426 9
      vertex 3.5975 14.1426 5
    endloop
  endfacet
  facet normal -0.965927 -0.258813 0
    outer loop
      vertex 3.5975 14.1426 9
      vertex 4.184 11.9537 5
      vertex 4.184 11.9537 9
    endloop
  endfacet
  facet normal 0.0871571 -0.996195 0
    outer loop
      vertex 73.6 3.4 5
      vertex 75.8574 3.5975 9
      vertex 73.6 3.4 9
    endloop
  endfacet
  facet normal 0.0871571 -0.996195 0
    outer loop
      vertex 75.8574 3.5975 9
      vertex 73.6 3.4 5
      vertex 75.8574 3.5975 5
    endloop
  endfacet
  facet normal -0.258813 0.965927 0
    outer loop
      vertex 14.1426 86.4025 5
      vertex 11.9537 85.816 9
      vertex 14.1426 86.4025 9
    endloop
  endfacet
  facet normal -0.258813 0.965927 0
    outer loop
      vertex 11.9537 85.816 9
      vertex 14.1426 86.4025 5
      vertex 11.9537 85.816 5
    endloop
  endfacet
  facet normal 0 0 1
    outer loop
      vertex 85.4 73.6 9
      vertex 86.6 73.6 9
      vertex 86.4025 75.8574 9
    endloop
  endfacet
  facet normal 0 0 1
    outer loop
      vertex 86.6 73.6 9
      vertex 85.4 73.6 9
      vertex 86.6 16.4 9
    endloop
  endfacet
  facet normal 0 0 1
    outer loop
      vertex 85.2207 75.649 9
      vertex 86.4025 75.8574 9
      vertex 85.816 78.0463 9
    endloop
  endfacet
  facet normal 0 0 1
    outer loop
      vertex 85.4 16.4 9
      vertex 86.6 16.4 9
      vertex 85.4 73.6 9
    endloop
  endfacet
  facet normal 0 0 1
    outer loop
      vertex 86.6 16.4 9
      vertex 85.4 16.4 9
      vertex 86.4025 14.1426 9
    endloop
  endfacet
  facet normal 0 0 1
    outer loop
      vertex 86.4025 75.8574 9
      vertex 85.2207 75.649 9
      vertex 85.4 73.6 9
    endloop
  endfacet
  facet normal 0 0 1
    outer loop
      vertex 84.6884 77.6358 9
      vertex 85.816 78.0463 9
      vertex 84.8583 80.1 9
    endloop
  endfacet
  facet normal 0 0 1
    outer loop
      vertex 85.816 78.0463 9
      vertex 84.6884 77.6358 9
      vertex 85.2207 75.649 9
    endloop
  endfacet
  facet normal 0 0 1
    outer loop
      vertex 84.8583 80.1 9
      vertex 83.8191 79.5 9
      vertex 84.6884 77.6358 9
    endloop
  endfacet
  facet normal 0 0 1
    outer loop
      vertex 83.5586 81.9562 9
      vertex 83.8191 79.5 9
      vertex 84.8583 80.1 9
    endloop
  endfacet
  facet normal 0 0 1
    outer loop
      vertex 83.5586 81.9562 9
      vertex 82.6393 81.1849 9
      vertex 83.8191 79.5 9
    endloop
  endfacet
  facet normal 0 0 1
    outer loop
      vertex 81.9562 83.5586 9
      vertex 82.6393 81.1849 9
      vertex 83.5586 81.9562 9
    endloop
  endfacet
  facet normal 0 0 1
    outer loop
      vertex 81.9562 83.5586 9
      vertex 81.1849 82.6393 9
      vertex 82.6393 81.1849 9
    endloop
  endfacet
  facet normal 0 0 1
    outer loop
      vertex 80.1 84.8583 9
      vertex 81.1849 82.6393 9
      vertex 81.9562 83.5586 9
    endloop
  endfacet
  facet normal 0 0 1
    outer loop
      vertex 80.1 84.8583 9
      vertex 79.5 83.8191 9
      vertex 81.1849 82.6393 9
    endloop
  endfacet
  facet normal 0 0 1
    outer loop
      vertex 78.0463 85.816 9
      vertex 79.5 83.8191 9
      vertex 80.1 84.8583 9
    endloop
  endfacet
  facet normal 0 0 1
    outer loop
      vertex 78.0463 85.816 9
      vertex 77.6358 84.6884 9
      vertex 79.5 83.8191 9
    endloop
  endfacet
  facet normal 0 0 1
    outer loop
      vertex 75.8574 86.4025 9
      vertex 77.6358 84.6884 9
      vertex 78.0463 85.816 9
    endloop
  endfacet
  facet normal 0 0 1
    outer loop
      vertex 75.8574 86.4025 9
      vertex 75.649 85.2207 9
      vertex 77.6358 84.6884 9
    endloop
  endfacet
  facet normal 0 0 1
    outer loop
      vertex 73.6 86.6 9
      vertex 75.649 85.2207 9
      vertex 75.8574 86.4025 9
    endloop
  endfacet
  facet normal 0 0 1
    outer loop
      vertex 73.6 86.6 9
      vertex 73.6 85.4 9
      vertex 75.649 85.2207 9
    endloop
  endfacet
  facet normal -0 0 1
    outer loop
      vertex 16.4 86.6 9
      vertex 73.6 85.4 9
      vertex 73.6 86.6 9
    endloop
  endfacet
  facet normal 0 0 1
    outer loop
      vertex 16.4 86.6 9
      vertex 16.4 85.4 9
      vertex 73.6 85.4 9
    endloop
  endfacet
  facet normal 0 0 1
    outer loop
      vertex 16.4 86.6 9
      vertex 14.351 85.2207 9
      vertex 16.4 85.4 9
    endloop
  endfacet
  facet normal -0 0 1
    outer loop
      vertex 14.1426 86.4025 9
      vertex 14.351 85.2207 9
      vertex 16.4 86.6 9
    endloop
  endfacet
  facet normal 0 0 1
    outer loop
      vertex 14.1426 86.4025 9
      vertex 12.3642 84.6884 9
      vertex 14.351 85.2207 9
    endloop
  endfacet
  facet normal -0 0 1
    outer loop
      vertex 11.9537 85.816 9
      vertex 12.3642 84.6884 9
      vertex 14.1426 86.4025 9
    endloop
  endfacet
  facet normal 0 0 1
    outer loop
      vertex 11.9537 85.816 9
      vertex 10.5 83.8191 9
      vertex 12.3642 84.6884 9
    endloop
  endfacet
  facet normal -0 0 1
    outer loop
      vertex 9.9 84.8583 9
      vertex 10.5 83.8191 9
      vertex 11.9537 85.816 9
    endloop
  endfacet
  facet normal 0 0 1
    outer loop
      vertex 9.9 84.8583 9
      vertex 8.81511 82.6393 9
      vertex 10.5 83.8191 9
    endloop
  endfacet
  facet normal -0 0 1
    outer loop
      vertex 8.04376 83.5586 9
      vertex 8.81511 82.6393 9
      vertex 9.9 84.8583 9
    endloop
  endfacet
  facet normal 0 0 1
    outer loop
      vertex 8.04376 83.5586 9
      vertex 7.36068 81.1849 9
      vertex 8.81511 82.6393 9
    endloop
  endfacet
  facet normal -0 0 1
    outer loop
      vertex 6.44142 81.9562 9
      vertex 7.36068 81.1849 9
      vertex 8.04376 83.5586 9
    endloop
  endfacet
  facet normal 0 0 1
    outer loop
      vertex 6.44142 81.9562 9
      vertex 6.1809 79.5 9
      vertex 7.36068 81.1849 9
    endloop
  endfacet
  facet normal -0 0 1
    outer loop
      vertex 5.14167 80.1 9
      vertex 6.1809 79.5 9
      vertex 6.44142 81.9562 9
    endloop
  endfacet
  facet normal 0 0 1
    outer loop
      vertex 6.1809 79.5 9
      vertex 5.14167 80.1 9
      vertex 5.31163 77.6358 9
    endloop
  endfacet
  facet normal -0 0 1
    outer loop
      vertex 4.184 78.0463 9
      vertex 5.31163 77.6358 9
      vertex 5.14167 80.1 9
    endloop
  endfacet
  facet normal 0 0 1
    outer loop
      vertex 5.31163 77.6358 9
      vertex 4.184 78.0463 9
      vertex 4.77927 75.649 9
    endloop
  endfacet
  facet normal 0 0 1
    outer loop
      vertex 4.77927 75.649 9
      vertex 3.5975 75.8574 9
      vertex 4.6 73.6 9
    endloop
  endfacet
  facet normal -0 0 1
    outer loop
      vertex 3.5975 75.8574 9
      vertex 4.77927 75.649 9
      vertex 4.184 78.0463 9
    endloop
  endfacet
  facet normal -0 0 1
    outer loop
      vertex 85.2207 14.351 9
      vertex 86.4025 14.1426 9
      vertex 85.4 16.4 9
    endloop
  endfacet
  facet normal 0 0 1
    outer loop
      vertex 86.4025 14.1426 9
      vertex 85.2207 14.351 9
      vertex 85.816 11.9537 9
    endloop
  endfacet
  facet normal -0 0 1
    outer loop
      vertex 84.6884 12.3642 9
      vertex 85.816 11.9537 9
      vertex 85.2207 14.351 9
    endloop
  endfacet
  facet normal 0 0 1
    outer loop
      vertex 85.816 11.9537 9
      vertex 84.6884 12.3642 9
      vertex 84.8583 9.9 9
    endloop
  endfacet
  facet normal -0 0 1
    outer loop
      vertex 83.8191 10.5 9
      vertex 84.8583 9.9 9
      vertex 84.6884 12.3642 9
    endloop
  endfacet
  facet normal 0 0 1
    outer loop
      vertex 83.8191 10.5 9
      vertex 83.5586 8.04376 9
      vertex 84.8583 9.9 9
    endloop
  endfacet
  facet normal -0 0 1
    outer loop
      vertex 82.6393 8.81511 9
      vertex 83.5586 8.04376 9
      vertex 83.8191 10.5 9
    endloop
  endfacet
  facet normal 0 0 1
    outer loop
      vertex 82.6393 8.81511 9
      vertex 81.9562 6.44142 9
      vertex 83.5586 8.04376 9
    endloop
  endfacet
  facet normal -0 0 1
    outer loop
      vertex 81.1849 7.36068 9
      vertex 81.9562 6.44142 9
      vertex 82.6393 8.81511 9
    endloop
  endfacet
  facet normal 0 0 1
    outer loop
      vertex 81.1849 7.36068 9
      vertex 80.1 5.14167 9
      vertex 81.9562 6.44142 9
    endloop
  endfacet
  facet normal -0 0 1
    outer loop
      vertex 79.5 6.1809 9
      vertex 80.1 5.14167 9
      vertex 81.1849 7.36068 9
    endloop
  endfacet
  facet normal 0 0 1
    outer loop
      vertex 79.5 6.1809 9
      vertex 78.0463 4.184 9
      vertex 80.1 5.14167 9
    endloop
  endfacet
  facet normal -0 0 1
    outer loop
      vertex 77.6358 5.31163 9
      vertex 78.0463 4.184 9
      vertex 79.5 6.1809 9
    endloop
  endfacet
  facet normal 0 0 1
    outer loop
      vertex 77.6358 5.31163 9
      vertex 75.8574 3.5975 9
      vertex 78.0463 4.184 9
    endloop
  endfacet
  facet normal -0 0 1
    outer loop
      vertex 75.649 4.77927 9
      vertex 75.8574 3.5975 9
      vertex 77.6358 5.31163 9
    endloop
  endfacet
  facet normal -0 0 1
    outer loop
      vertex 73.6 4.6 9
      vertex 75.8574 3.5975 9
      vertex 75.649 4.77927 9
    endloop
  endfacet
  facet normal 0 0 1
    outer loop
      vertex 73.6 4.6 9
      vertex 73.6 3.4 9
      vertex 75.8574 3.5975 9
    endloop
  endfacet
  facet normal -0 0 1
    outer loop
      vertex 16.4 4.6 9
      vertex 73.6 3.4 9
      vertex 73.6 4.6 9
    endloop
  endfacet
  facet normal 0 0 1
    outer loop
      vertex 16.4 4.6 9
      vertex 16.4 3.4 9
      vertex 73.6 3.4 9
    endloop
  endfacet
  facet normal 0 0 1
    outer loop
      vertex 14.351 4.77927 9
      vertex 16.4 3.4 9
      vertex 16.4 4.6 9
    endloop
  endfacet
  facet normal 0 0 1
    outer loop
      vertex 14.351 4.77927 9
      vertex 14.1426 3.5975 9
      vertex 16.4 3.4 9
    endloop
  endfacet
  facet normal 0 0 1
    outer loop
      vertex 12.3642 5.31163 9
      vertex 14.1426 3.5975 9
      vertex 14.351 4.77927 9
    endloop
  endfacet
  facet normal 0 0 1
    outer loop
      vertex 12.3642 5.31163 9
      vertex 11.9537 4.184 9
      vertex 14.1426 3.5975 9
    endloop
  endfacet
  facet normal 0 0 1
    outer loop
      vertex 10.5 6.1809 9
      vertex 11.9537 4.184 9
      vertex 12.3642 5.31163 9
    endloop
  endfacet
  facet normal 0 0 1
    outer loop
      vertex 10.5 6.1809 9
      vertex 9.9 5.14167 9
      vertex 11.9537 4.184 9
    endloop
  endfacet
  facet normal 0 0 1
    outer loop
      vertex 8.81511 7.36068 9
      vertex 9.9 5.14167 9
      vertex 10.5 6.1809 9
    endloop
  endfacet
  facet normal 0 0 1
    outer loop
      vertex 8.81511 7.36068 9
      vertex 8.04376 6.44142 9
      vertex 9.9 5.14167 9
    endloop
  endfacet
  facet normal 0 0 1
    outer loop
      vertex 7.36068 8.81511 9
      vertex 8.04376 6.44142 9
      vertex 8.81511 7.36068 9
    endloop
  endfacet
  facet normal 0 0 1
    outer loop
      vertex 7.36068 8.81511 9
      vertex 6.44142 8.04376 9
      vertex 8.04376 6.44142 9
    endloop
  endfacet
  facet normal 0 0 1
    outer loop
      vertex 6.1809 10.5 9
      vertex 6.44142 8.04376 9
      vertex 7.36068 8.81511 9
    endloop
  endfacet
  facet normal 0 0 1
    outer loop
      vertex 5.14167 9.9 9
      vertex 6.1809 10.5 9
      vertex 5.31163 12.3642 9
    endloop
  endfacet
  facet normal 0 0 1
    outer loop
      vertex 6.1809 10.5 9
      vertex 5.14167 9.9 9
      vertex 6.44142 8.04376 9
    endloop
  endfacet
  facet normal 0 0 1
    outer loop
      vertex 4.184 11.9537 9
      vertex 5.31163 12.3642 9
      vertex 4.77927 14.351 9
    endloop
  endfacet
  facet normal 0 0 1
    outer loop
      vertex 3.5975 14.1426 9
      vertex 4.77927 14.351 9
      vertex 4.6 16.4 9
    endloop
  endfacet
  facet normal 0 0 1
    outer loop
      vertex 5.31163 12.3642 9
      vertex 4.184 11.9537 9
      vertex 5.14167 9.9 9
    endloop
  endfacet
  facet normal 0 0 1
    outer loop
      vertex 4.6 73.6 9
      vertex 3.4 73.6 9
      vertex 4.6 16.4 9
    endloop
  endfacet
  facet normal 0 0 1
    outer loop
      vertex 4.6 73.6 9
      vertex 3.5975 75.8574 9
      vertex 3.4 73.6 9
    endloop
  endfacet
  facet normal 0 0 1
    outer loop
      vertex 3.4 16.4 9
      vertex 4.6 16.4 9
      vertex 3.4 73.6 9
    endloop
  endfacet
  facet normal 0 -0 1
    outer loop
      vertex 3.5975 14.1426 9
      vertex 4.6 16.4 9
      vertex 3.4 16.4 9
    endloop
  endfacet
  facet normal 0 0 1
    outer loop
      vertex 4.77927 14.351 9
      vertex 3.5975 14.1426 9
      vertex 4.184 11.9537 9
    endloop
  endfacet
  facet normal -0.819153 -0.573575 0
    outer loop
      vertex 6.44142 8.04376 5
      vertex 5.14167 9.9 9
      vertex 5.14167 9.9 5
    endloop
  endfacet
  facet normal -0.819153 -0.573575 0
    outer loop
      vertex 5.14167 9.9 9
      vertex 6.44142 8.04376 5
      vertex 6.44142 8.04376 9
    endloop
  endfacet
  facet normal -0.0871571 -0.996195 0
    outer loop
      vertex 14.1426 3.5975 5
      vertex 16.4 3.4 9
      vertex 14.1426 3.5975 9
    endloop
  endfacet
  facet normal -0.0871571 -0.996195 -0
    outer loop
      vertex 16.4 3.4 9
      vertex 14.1426 3.5975 5
      vertex 16.4 3.4 5
    endloop
  endfacet
  facet normal -0.70712 0.707094 0
    outer loop
      vertex 6.44142 81.9562 5
      vertex 8.04376 83.5586 9
      vertex 8.04376 83.5586 5
    endloop
  endfacet
  facet normal -0.70712 0.707094 0
    outer loop
      vertex 8.04376 83.5586 9
      vertex 6.44142 81.9562 5
      vertex 6.44142 81.9562 9
    endloop
  endfacet
  facet normal 0.422622 -0.906306 0
    outer loop
      vertex 10.5 83.8191 5
      vertex 12.3642 84.6884 9
      vertex 10.5 83.8191 9
    endloop
  endfacet
  facet normal 0.422622 -0.906306 0
    outer loop
      vertex 12.3642 84.6884 9
      vertex 10.5 83.8191 5
      vertex 12.3642 84.6884 5
    endloop
  endfacet
  facet normal -0.819147 -0.573583 0
    outer loop
      vertex 83.8191 79.5 5
      vertex 82.6393 81.1849 9
      vertex 82.6393 81.1849 5
    endloop
  endfacet
  facet normal -0.819147 -0.573583 0
    outer loop
      vertex 82.6393 81.1849 9
      vertex 83.8191 79.5 5
      vertex 83.8191 79.5 9
    endloop
  endfacet
  facet normal -0.258791 -0.965933 0
    outer loop
      vertex 75.649 85.2207 5
      vertex 77.6358 84.6884 9
      vertex 75.649 85.2207 9
    endloop
  endfacet
  facet normal -0.258791 -0.965933 -0
    outer loop
      vertex 77.6358 84.6884 9
      vertex 75.649 85.2207 5
      vertex 77.6358 84.6884 5
    endloop
  endfacet
  facet normal -0.0871585 0.996194 0
    outer loop
      vertex 75.649 4.77927 5
      vertex 73.6 4.6 9
      vertex 75.649 4.77927 9
    endloop
  endfacet
  facet normal -0.0871585 0.996194 0
    outer loop
      vertex 73.6 4.6 9
      vertex 75.649 4.77927 5
      vertex 73.6 4.6 5
    endloop
  endfacet
  facet normal 0 1 -0
    outer loop
      vertex 73.6 4.6 5
      vertex 16.4 4.6 9
      vertex 73.6 4.6 9
    endloop
  endfacet
  facet normal 0 1 0
    outer loop
      vertex 16.4 4.6 9
      vertex 73.6 4.6 5
      vertex 16.4 4.6 5
    endloop
  endfacet
  facet normal 0.0871585 0.996194 -0
    outer loop
      vertex 16.4 4.6 5
      vertex 14.351 4.77927 9
      vertex 16.4 4.6 9
    endloop
  endfacet
  facet normal 0.0871585 0.996194 0
    outer loop
      vertex 14.351 4.77927 9
      vertex 16.4 4.6 5
      vertex 14.351 4.77927 5
    endloop
  endfacet
  facet normal 1 -0 0
    outer loop
      vertex 4.6 16.4 9
      vertex 4.6 73.6 5
      vertex 4.6 73.6 9
    endloop
  endfacet
  facet normal 1 0 0
    outer loop
      vertex 4.6 73.6 5
      vertex 4.6 16.4 9
      vertex 4.6 16.4 5
    endloop
  endfacet
  facet normal -0.996193 -0.087173 0
    outer loop
      vertex 85.4 73.6 5
      vertex 85.2207 75.649 9
      vertex 85.2207 75.649 5
    endloop
  endfacet
  facet normal -0.996193 -0.087173 0
    outer loop
      vertex 85.2207 75.649 9
      vertex 85.4 73.6 5
      vertex 85.4 73.6 9
    endloop
  endfacet
  facet normal 0.258818 0.965926 -0
    outer loop
      vertex 14.351 4.77927 5
      vertex 12.3642 5.31163 9
      vertex 14.351 4.77927 9
    endloop
  endfacet
  facet normal 0.258818 0.965926 0
    outer loop
      vertex 12.3642 5.31163 9
      vertex 14.351 4.77927 5
      vertex 12.3642 5.31163 5
    endloop
  endfacet
  facet normal -0.087173 -0.996193 0
    outer loop
      vertex 73.6 85.4 5
      vertex 75.649 85.2207 9
      vertex 73.6 85.4 9
    endloop
  endfacet
  facet normal -0.087173 -0.996193 -0
    outer loop
      vertex 75.649 85.2207 9
      vertex 73.6 85.4 5
      vertex 75.649 85.2207 5
    endloop
  endfacet
  facet normal 0.906312 -0.42261 0
    outer loop
      vertex 5.31163 77.6358 9
      vertex 6.1809 79.5 5
      vertex 6.1809 79.5 9
    endloop
  endfacet
  facet normal 0.906312 -0.42261 0
    outer loop
      vertex 6.1809 79.5 5
      vertex 5.31163 77.6358 9
      vertex 5.31163 77.6358 5
    endloop
  endfacet
  facet normal 0.573585 -0.819146 0
    outer loop
      vertex 8.81511 82.6393 5
      vertex 10.5 83.8191 9
      vertex 8.81511 82.6393 9
    endloop
  endfacet
  facet normal 0.573585 -0.819146 0
    outer loop
      vertex 10.5 83.8191 9
      vertex 8.81511 82.6393 5
      vertex 10.5 83.8191 5
    endloop
  endfacet
  facet normal -0.42261 0.906312 0
    outer loop
      vertex 79.5 6.1809 5
      vertex 77.6358 5.31163 9
      vertex 79.5 6.1809 9
    endloop
  endfacet
  facet normal -0.42261 0.906312 0
    outer loop
      vertex 77.6358 5.31163 9
      vertex 79.5 6.1809 5
      vertex 77.6358 5.31163 5
    endloop
  endfacet
  facet normal -0.573583 -0.819147 0
    outer loop
      vertex 79.5 83.8191 5
      vertex 81.1849 82.6393 9
      vertex 79.5 83.8191 9
    endloop
  endfacet
  facet normal -0.573583 -0.819147 -0
    outer loop
      vertex 81.1849 82.6393 9
      vertex 79.5 83.8191 5
      vertex 81.1849 82.6393 5
    endloop
  endfacet
  facet normal 0.996194 0.0871585 0
    outer loop
      vertex 4.77927 14.351 9
      vertex 4.6 16.4 5
      vertex 4.6 16.4 9
    endloop
  endfacet
  facet normal 0.996194 0.0871585 0
    outer loop
      vertex 4.6 16.4 5
      vertex 4.77927 14.351 9
      vertex 4.77927 14.351 5
    endloop
  endfacet
  facet normal 0.906312 0.42261 0
    outer loop
      vertex 6.1809 10.5 9
      vertex 5.31163 12.3642 5
      vertex 5.31163 12.3642 9
    endloop
  endfacet
  facet normal 0.906312 0.42261 0
    outer loop
      vertex 5.31163 12.3642 5
      vertex 6.1809 10.5 9
      vertex 6.1809 10.5 5
    endloop
  endfacet
  facet normal -0.573577 0.819152 0
    outer loop
      vertex 81.1849 7.36068 5
      vertex 79.5 6.1809 9
      vertex 81.1849 7.36068 9
    endloop
  endfacet
  facet normal -0.573577 0.819152 0
    outer loop
      vertex 79.5 6.1809 9
      vertex 81.1849 7.36068 5
      vertex 79.5 6.1809 5
    endloop
  endfacet
  facet normal 0.819152 -0.573577 0
    outer loop
      vertex 6.1809 79.5 9
      vertex 7.36068 81.1849 5
      vertex 7.36068 81.1849 9
    endloop
  endfacet
  facet normal 0.819152 -0.573577 0
    outer loop
      vertex 7.36068 81.1849 5
      vertex 6.1809 79.5 9
      vertex 6.1809 79.5 5
    endloop
  endfacet
  facet normal -0.707114 0.707099 0
    outer loop
      vertex 81.1849 7.36068 5
      vertex 82.6393 8.81511 9
      vertex 82.6393 8.81511 5
    endloop
  endfacet
  facet normal -0.707114 0.707099 0
    outer loop
      vertex 82.6393 8.81511 9
      vertex 81.1849 7.36068 5
      vertex 81.1849 7.36068 9
    endloop
  endfacet
  facet normal -0.258818 0.965926 0
    outer loop
      vertex 77.6358 5.31163 5
      vertex 75.649 4.77927 9
      vertex 77.6358 5.31163 9
    endloop
  endfacet
  facet normal -0.258818 0.965926 0
    outer loop
      vertex 75.649 4.77927 9
      vertex 77.6358 5.31163 5
      vertex 75.649 4.77927 5
    endloop
  endfacet
  facet normal 0 -1 0
    outer loop
      vertex 16.4 85.4 5
      vertex 73.6 85.4 9
      vertex 16.4 85.4 9
    endloop
  endfacet
  facet normal 0 -1 -0
    outer loop
      vertex 73.6 85.4 9
      vertex 16.4 85.4 5
      vertex 73.6 85.4 5
    endloop
  endfacet
  facet normal 0.81915 0.573579 0
    outer loop
      vertex 7.36068 8.81511 9
      vertex 6.1809 10.5 5
      vertex 6.1809 10.5 9
    endloop
  endfacet
  facet normal 0.81915 0.573579 0
    outer loop
      vertex 6.1809 10.5 5
      vertex 7.36068 8.81511 9
      vertex 7.36068 8.81511 5
    endloop
  endfacet
  facet normal 0.573579 0.81915 -0
    outer loop
      vertex 10.5 6.1809 5
      vertex 8.81511 7.36068 9
      vertex 10.5 6.1809 9
    endloop
  endfacet
  facet normal 0.573579 0.81915 0
    outer loop
      vertex 8.81511 7.36068 9
      vertex 10.5 6.1809 5
      vertex 8.81511 7.36068 5
    endloop
  endfacet
  facet normal -0.906306 -0.422622 0
    outer loop
      vertex 84.6884 77.6358 5
      vertex 83.8191 79.5 9
      vertex 83.8191 79.5 5
    endloop
  endfacet
  facet normal -0.906306 -0.422622 0
    outer loop
      vertex 83.8191 79.5 9
      vertex 84.6884 77.6358 5
      vertex 84.6884 77.6358 9
    endloop
  endfacet
  facet normal 0.707107 0.707107 0
    outer loop
      vertex 8.81511 7.36068 9
      vertex 7.36068 8.81511 5
      vertex 7.36068 8.81511 9
    endloop
  endfacet
  facet normal 0.707107 0.707107 0
    outer loop
      vertex 7.36068 8.81511 5
      vertex 8.81511 7.36068 9
      vertex 8.81511 7.36068 5
    endloop
  endfacet
  facet normal 0.707099 -0.707114 0
    outer loop
      vertex 7.36068 81.1849 5
      vertex 8.81511 82.6393 9
      vertex 7.36068 81.1849 9
    endloop
  endfacet
  facet normal 0.707099 -0.707114 0
    outer loop
      vertex 8.81511 82.6393 9
      vertex 7.36068 81.1849 5
      vertex 8.81511 82.6393 5
    endloop
  endfacet
  facet normal -1 0 0
    outer loop
      vertex 85.4 16.4 5
      vertex 85.4 73.6 9
      vertex 85.4 73.6 5
    endloop
  endfacet
  facet normal -1 -0 0
    outer loop
      vertex 85.4 73.6 9
      vertex 85.4 16.4 5
      vertex 85.4 16.4 9
    endloop
  endfacet
  facet normal 0.996194 -0.0871585 0
    outer loop
      vertex 4.6 73.6 9
      vertex 4.77927 75.649 5
      vertex 4.77927 75.649 9
    endloop
  endfacet
  facet normal 0.996194 -0.0871585 0
    outer loop
      vertex 4.77927 75.649 5
      vertex 4.6 73.6 9
      vertex 4.6 73.6 5
    endloop
  endfacet
  facet normal -0.819146 0.573585 0
    outer loop
      vertex 82.6393 8.81511 5
      vertex 83.8191 10.5 9
      vertex 83.8191 10.5 5
    endloop
  endfacet
  facet normal -0.819146 0.573585 0
    outer loop
      vertex 83.8191 10.5 9
      vertex 82.6393 8.81511 5
      vertex 82.6393 8.81511 9
    endloop
  endfacet
  facet normal -0.965933 -0.258791 0
    outer loop
      vertex 85.2207 75.649 5
      vertex 84.6884 77.6358 9
      vertex 84.6884 77.6358 5
    endloop
  endfacet
  facet normal -0.965933 -0.258791 0
    outer loop
      vertex 84.6884 77.6358 9
      vertex 85.2207 75.649 5
      vertex 85.2207 75.649 9
    endloop
  endfacet
  facet normal 0.258791 -0.965933 0
    outer loop
      vertex 12.3642 84.6884 5
      vertex 14.351 85.2207 9
      vertex 12.3642 84.6884 9
    endloop
  endfacet
  facet normal 0.258791 -0.965933 0
    outer loop
      vertex 14.351 85.2207 9
      vertex 12.3642 84.6884 5
      vertex 14.351 85.2207 5
    endloop
  endfacet
  facet normal -0.965933 0.258791 0
    outer loop
      vertex 84.6884 12.3642 5
      vertex 85.2207 14.351 9
      vertex 85.2207 14.351 5
    endloop
  endfacet
  facet normal -0.965933 0.258791 0
    outer loop
      vertex 85.2207 14.351 9
      vertex 84.6884 12.3642 5
      vertex 84.6884 12.3642 9
    endloop
  endfacet
  facet normal -0.996193 0.087173 0
    outer loop
      vertex 85.2207 14.351 5
      vertex 85.4 16.4 9
      vertex 85.4 16.4 5
    endloop
  endfacet
  facet normal -0.996193 0.087173 0
    outer loop
      vertex 85.4 16.4 9
      vertex 85.2207 14.351 5
      vertex 85.2207 14.351 9
    endloop
  endfacet
  facet normal 0.965926 0.258818 0
    outer loop
      vertex 5.31163 12.3642 9
      vertex 4.77927 14.351 5
      vertex 4.77927 14.351 9
    endloop
  endfacet
  facet normal 0.965926 0.258818 0
    outer loop
      vertex 4.77927 14.351 5
      vertex 5.31163 12.3642 9
      vertex 5.31163 12.3642 5
    endloop
  endfacet
  facet normal -0.707107 -0.707107 0
    outer loop
      vertex 82.6393 81.1849 5
      vertex 81.1849 82.6393 9
      vertex 81.1849 82.6393 5
    endloop
  endfacet
  facet normal -0.707107 -0.707107 0
    outer loop
      vertex 81.1849 82.6393 9
      vertex 82.6393 81.1849 5
      vertex 82.6393 81.1849 9
    endloop
  endfacet
  facet normal 0.965926 -0.258818 0
    outer loop
      vertex 4.77927 75.649 9
      vertex 5.31163 77.6358 5
      vertex 5.31163 77.6358 9
    endloop
  endfacet
  facet normal 0.965926 -0.258818 0
    outer loop
      vertex 5.31163 77.6358 5
      vertex 4.77927 75.649 9
      vertex 4.77927 75.649 5
    endloop
  endfacet
  facet normal 0.087173 -0.996193 0
    outer loop
      vertex 14.351 85.2207 5
      vertex 16.4 85.4 9
      vertex 14.351 85.2207 9
    endloop
  endfacet
  facet normal 0.087173 -0.996193 0
    outer loop
      vertex 16.4 85.4 9
      vertex 14.351 85.2207 5
      vertex 16.4 85.4 5
    endloop
  endfacet
  facet normal -0.422622 -0.906306 0
    outer loop
      vertex 77.6358 84.6884 5
      vertex 79.5 83.8191 9
      vertex 77.6358 84.6884 9
    endloop
  endfacet
  facet normal -0.422622 -0.906306 -0
    outer loop
      vertex 79.5 83.8191 9
      vertex 77.6358 84.6884 5
      vertex 79.5 83.8191 5
    endloop
  endfacet
  facet normal -0.906306 0.422622 0
    outer loop
      vertex 83.8191 10.5 5
      vertex 84.6884 12.3642 9
      vertex 84.6884 12.3642 5
    endloop
  endfacet
  facet normal -0.906306 0.422622 0
    outer loop
      vertex 84.6884 12.3642 9
      vertex 83.8191 10.5 5
      vertex 83.8191 10.5 9
    endloop
  endfacet
  facet normal 0.42261 0.906312 -0
    outer loop
      vertex 12.3642 5.31163 5
      vertex 10.5 6.1809 9
      vertex 12.3642 5.31163 9
    endloop
  endfacet
  facet normal 0.42261 0.906312 0
    outer loop
      vertex 10.5 6.1809 9
      vertex 12.3642 5.31163 5
      vertex 10.5 6.1809 5
    endloop
  endfacet
  facet normal -0.819151 0.573578 0
    outer loop
      vertex 2.14359 82 0
      vertex 3.74329 84.2846 5
      vertex 3.74329 84.2846 0
    endloop
  endfacet
  facet normal -0.819151 0.573578 0
    outer loop
      vertex 3.74329 84.2846 5
      vertex 2.14359 82 0
      vertex 2.14359 82 5
    endloop
  endfacet
  facet normal 0 0 -1
    outer loop
      vertex 10.5104 15.0891 0
      vertex 10.5 16 0
      vertex 10.5741 15.1528 0
    endloop
  endfacet
  facet normal 0 0 -1
    outer loop
      vertex 11.2369 71.25 0
      vertex 0 74 0
      vertex 10.8317 72.1189 0
    endloop
  endfacet
  facet normal 0 0 -1
    outer loop
      vertex 10.1854 14.625 0
      vertex 10.5 16 0
      vertex 10.5104 15.0891 0
    endloop
  endfacet
  facet normal 0 0 -1
    outer loop
      vertex 17.8811 21.1683 0
      vertex 32.4804 60.0899 0
      vertex 18.75 20.7631 0
    endloop
  endfacet
  facet normal 0 0 -1
    outer loop
      vertex 31.5899 60.9804 0
      vertex 21.4164 73.0449 0
      vertex 21.5 74 0
    endloop
  endfacet
  facet normal -0 0 -1
    outer loop
      vertex 32.4804 60.0899 0
      vertex 17.8811 21.1683 0
      vertex 32.245 60.1996 0
    endloop
  endfacet
  facet normal 0 0 -1
    outer loop
      vertex 31.5899 60.9804 0
      vertex 21.1683 72.1189 0
      vertex 21.4164 73.0449 0
    endloop
  endfacet
  facet normal 0 0 -1
    outer loop
      vertex 16.9551 21.4164 0
      vertex 32.245 60.1996 0
      vertex 17.8811 21.1683 0
    endloop
  endfacet
  facet normal 0 0 -1
    outer loop
      vertex 31.5899 60.9804 0
      vertex 20.7631 71.25 0
      vertex 21.1683 72.1189 0
    endloop
  endfacet
  facet normal -0 0 -1
    outer loop
      vertex 32.245 60.1996 0
      vertex 16.9551 21.4164 0
      vertex 32.0322 60.3486 0
    endloop
  endfacet
  facet normal 0 0 -1
    outer loop
      vertex 31.5899 60.9804 0
      vertex 20.2132 70.4647 0
      vertex 20.7631 71.25 0
    endloop
  endfacet
  facet normal 0 0 -1
    outer loop
      vertex 16 21.5 0
      vertex 32.0322 60.3486 0
      vertex 16.9551 21.4164 0
    endloop
  endfacet
  facet normal 0 0 -1
    outer loop
      vertex 31.5899 60.9804 0
      vertex 19.5353 69.7868 0
      vertex 20.2132 70.4647 0
    endloop
  endfacet
  facet normal -0 0 -1
    outer loop
      vertex 32.0322 60.3486 0
      vertex 16 21.5 0
      vertex 31.8486 60.5322 0
    endloop
  endfacet
  facet normal 0 0 -1
    outer loop
      vertex 31.5899 60.9804 0
      vertex 18.75 69.2369 0
      vertex 19.5353 69.7868 0
    endloop
  endfacet
  facet normal 0 0 -1
    outer loop
      vertex 16 68.5 0
      vertex 31.8486 60.5322 0
      vertex 16 21.5 0
    endloop
  endfacet
  facet normal 0 0 -1
    outer loop
      vertex 31.5899 60.9804 0
      vertex 17.8811 68.8317 0
      vertex 18.75 69.2369 0
    endloop
  endfacet
  facet normal 0 0 -1
    outer loop
      vertex 31.8486 60.5322 0
      vertex 16 68.5 0
      vertex 31.6996 60.745 0
    endloop
  endfacet
  facet normal 0 0 -1
    outer loop
      vertex 31.5899 60.9804 0
      vertex 16.9551 68.5836 0
      vertex 17.8811 68.8317 0
    endloop
  endfacet
  facet normal 0 -0 -1
    outer loop
      vertex 16.9551 68.5836 0
      vertex 31.6996 60.745 0
      vertex 16 68.5 0
    endloop
  endfacet
  facet normal 0 0 -1
    outer loop
      vertex 31.6996 60.745 0
      vertex 16.9551 68.5836 0
      vertex 31.5899 60.9804 0
    endloop
  endfacet
  facet normal 0 0 -1
    outer loop
      vertex 15.0449 21.4164 0
      vertex 16 68.5 0
      vertex 16 21.5 0
    endloop
  endfacet
  facet normal 0 0 -1
    outer loop
      vertex 15.0449 21.4164 0
      vertex 15.0449 68.5836 0
      vertex 16 68.5 0
    endloop
  endfacet
  facet normal 0 0 -1
    outer loop
      vertex 14.1189 21.1683 0
      vertex 15.0449 68.5836 0
      vertex 15.0449 21.4164 0
    endloop
  endfacet
  facet normal 0 0 -1
    outer loop
      vertex 14.1189 21.1683 0
      vertex 14.1189 68.8317 0
      vertex 15.0449 68.5836 0
    endloop
  endfacet
  facet normal 0 0 -1
    outer loop
      vertex 13.25 20.7631 0
      vertex 14.1189 68.8317 0
      vertex 14.1189 21.1683 0
    endloop
  endfacet
  facet normal 0 0 -1
    outer loop
      vertex 13.25 20.7631 0
      vertex 13.25 69.2369 0
      vertex 14.1189 68.8317 0
    endloop
  endfacet
  facet normal 0 0 -1
    outer loop
      vertex 0 16 0
      vertex 13.25 20.7631 0
      vertex 12.4647 20.2132 0
    endloop
  endfacet
  facet normal -0 0 -1
    outer loop
      vertex 13.25 20.7631 0
      vertex 0 16 0
      vertex 13.25 69.2369 0
    endloop
  endfacet
  facet normal 0 0 -1
    outer loop
      vertex 0 16 0
      vertex 12.4647 20.2132 0
      vertex 11.7868 19.5353 0
    endloop
  endfacet
  facet normal 0 0 -1
    outer loop
      vertex 0 74 0
      vertex 13.25 69.2369 0
      vertex 0 16 0
    endloop
  endfacet
  facet normal 0 0 -1
    outer loop
      vertex 0 16 0
      vertex 11.7868 19.5353 0
      vertex 11.2369 18.75 0
    endloop
  endfacet
  facet normal 0 0 -1
    outer loop
      vertex 13.25 69.2369 0
      vertex 0 74 0
      vertex 12.4647 69.7868 0
    endloop
  endfacet
  facet normal 0 0 -1
    outer loop
      vertex 0 16 0
      vertex 11.2369 18.75 0
      vertex 10.8317 17.8811 0
    endloop
  endfacet
  facet normal 0 0 -1
    outer loop
      vertex 12.4647 69.7868 0
      vertex 0 74 0
      vertex 11.7868 70.4647 0
    endloop
  endfacet
  facet normal 0 0 -1
    outer loop
      vertex 0 16 0
      vertex 10.8317 17.8811 0
      vertex 10.5836 16.9551 0
    endloop
  endfacet
  facet normal 0 0 -1
    outer loop
      vertex 11.7868 70.4647 0
      vertex 0 74 0
      vertex 11.2369 71.25 0
    endloop
  endfacet
  facet normal 0 0 -1
    outer loop
      vertex 0 16 0
      vertex 10.5 16 0
      vertex 10.1854 14.625 0
    endloop
  endfacet
  facet normal 0 0 -1
    outer loop
      vertex 10.5 16 0
      vertex 0 16 0
      vertex 10.5836 16.9551 0
    endloop
  endfacet
  facet normal 0 0 -1
    outer loop
      vertex 78.7631 18.75 0
      vertex 90 16 0
      vertex 79.1683 17.8811 0
    endloop
  endfacet
  facet normal -0 0 -1
    outer loop
      vertex 90 74 0
      vertex 79.4164 73.0449 0
      vertex 79.5 74 0
    endloop
  endfacet
  facet normal 0 0 -1
    outer loop
      vertex 78.2132 19.5353 0
      vertex 90 16 0
      vertex 78.7631 18.75 0
    endloop
  endfacet
  facet normal 0 0 -1
    outer loop
      vertex 90 74 0
      vertex 79.1683 72.1189 0
      vertex 79.4164 73.0449 0
    endloop
  endfacet
  facet normal 0 0 -1
    outer loop
      vertex 77.5353 20.2132 0
      vertex 90 16 0
      vertex 78.2132 19.5353 0
    endloop
  endfacet
  facet normal 0 0 -1
    outer loop
      vertex 90 74 0
      vertex 78.7631 71.25 0
      vertex 79.1683 72.1189 0
    endloop
  endfacet
  facet normal 0 0 -1
    outer loop
      vertex 76.75 20.7631 0
      vertex 90 16 0
      vertex 77.5353 20.2132 0
    endloop
  endfacet
  facet normal 0 0 -1
    outer loop
      vertex 90 74 0
      vertex 78.2132 70.4647 0
      vertex 78.7631 71.25 0
    endloop
  endfacet
  facet normal 0 0 -1
    outer loop
      vertex 90 16 0
      vertex 70.3004 60.745 0
      vertex 90 74 0
    endloop
  endfacet
  facet normal 0 0 -1
    outer loop
      vertex 90 74 0
      vertex 77.5353 69.7868 0
      vertex 78.2132 70.4647 0
    endloop
  endfacet
  facet normal 0 0 -1
    outer loop
      vertex 70.1514 60.5322 0
      vertex 90 16 0
      vertex 76.75 20.7631 0
    endloop
  endfacet
  facet normal 0 -0 -1
    outer loop
      vertex 70.4101 60.9804 0
      vertex 90 74 0
      vertex 70.3004 60.745 0
    endloop
  endfacet
  facet normal 0 0 -1
    outer loop
      vertex 69.9678 60.3486 0
      vertex 76.75 20.7631 0
      vertex 75.8811 21.1683 0
    endloop
  endfacet
  facet normal 0 0 -1
    outer loop
      vertex 90 74 0
      vertex 70.4101 60.9804 0
      vertex 77.5353 69.7868 0
    endloop
  endfacet
  facet normal 0 0 -1
    outer loop
      vertex 69.755 60.1996 0
      vertex 75.8811 21.1683 0
      vertex 74.9551 21.4164 0
    endloop
  endfacet
  facet normal 0 0 -1
    outer loop
      vertex 77.5353 69.7868 0
      vertex 70.4101 60.9804 0
      vertex 76.75 69.2369 0
    endloop
  endfacet
  facet normal 0 0 -1
    outer loop
      vertex 69.5196 60.0899 0
      vertex 74.9551 21.4164 0
      vertex 74 21.5 0
    endloop
  endfacet
  facet normal 0 0 -1
    outer loop
      vertex 76.75 69.2369 0
      vertex 70.4774 61.2313 0
      vertex 75.8811 68.8317 0
    endloop
  endfacet
  facet normal 0 0 -1
    outer loop
      vertex 69.2687 60.0226 0
      vertex 74 21.5 0
      vertex 73.0449 21.4164 0
    endloop
  endfacet
  facet normal 0 -0 -1
    outer loop
      vertex 70.5 61.49 0
      vertex 75.8811 68.8317 0
      vertex 70.4774 61.2313 0
    endloop
  endfacet
  facet normal 0 0 -1
    outer loop
      vertex 68.99 60 0
      vertex 73.0449 21.4164 0
      vertex 72.1189 21.1683 0
    endloop
  endfacet
  facet normal 0 0 -1
    outer loop
      vertex 75.8811 68.8317 0
      vertex 70.5 61.49 0
      vertex 74.9551 68.5836 0
    endloop
  endfacet
  facet normal 0 0 -1
    outer loop
      vertex 68.4804 60.0899 0
      vertex 72.1189 21.1683 0
      vertex 71.25 20.7631 0
    endloop
  endfacet
  facet normal -0 0 -1
    outer loop
      vertex 74 68.5 0
      vertex 70.5 61.49 0
      vertex 73.0449 68.5836 0
    endloop
  endfacet
  facet normal -0 0 -1
    outer loop
      vertex 72.1189 68.8317 0
      vertex 70.5 61.49 0
      vertex 71.25 69.2369 0
    endloop
  endfacet
  facet normal -0 0 -1
    outer loop
      vertex 73.0449 68.5836 0
      vertex 70.5 61.49 0
      vertex 72.1189 68.8317 0
    endloop
  endfacet
  facet normal 0 0 -1
    outer loop
      vertex 57.01 60 0
      vertex 71.25 20.7631 0
      vertex 70.4647 20.2132 0
    endloop
  endfacet
  facet normal 0 0 -1
    outer loop
      vertex 74.9551 68.5836 0
      vertex 70.5 61.49 0
      vertex 74 68.5 0
    endloop
  endfacet
  facet normal 0 -0 -1
    outer loop
      vertex 70.4774 61.2313 0
      vertex 76.75 69.2369 0
      vertex 70.4101 60.9804 0
    endloop
  endfacet
  facet normal 0 0 -1
    outer loop
      vertex 90 16 0
      vertex 70.1514 60.5322 0
      vertex 70.3004 60.745 0
    endloop
  endfacet
  facet normal 0 0 -1
    outer loop
      vertex 76.75 20.7631 0
      vertex 69.9678 60.3486 0
      vertex 70.1514 60.5322 0
    endloop
  endfacet
  facet normal 0 0 -1
    outer loop
      vertex 56.7313 60.0226 0
      vertex 70.4647 20.2132 0
      vertex 69.7868 19.5353 0
    endloop
  endfacet
  facet normal 0 0 -1
    outer loop
      vertex 75.8811 21.1683 0
      vertex 69.755 60.1996 0
      vertex 69.9678 60.3486 0
    endloop
  endfacet
  facet normal 0 0 -1
    outer loop
      vertex 74.9551 21.4164 0
      vertex 69.5196 60.0899 0
      vertex 69.755 60.1996 0
    endloop
  endfacet
  facet normal 0 0 -1
    outer loop
      vertex 74 21.5 0
      vertex 69.2687 60.0226 0
      vertex 69.5196 60.0899 0
    endloop
  endfacet
  facet normal 0 0 -1
    outer loop
      vertex 45.2687 60.0226 0
      vertex 69.7868 19.5353 0
      vertex 69.2369 18.75 0
    endloop
  endfacet
  facet normal 0 0 -1
    outer loop
      vertex 73.0449 21.4164 0
      vertex 69.01 60 0
      vertex 69.2687 60.0226 0
    endloop
  endfacet
  facet normal 0 0 -1
    outer loop
      vertex 73.0449 21.4164 0
      vertex 68.99 60 0
      vertex 69.01 60 0
    endloop
  endfacet
  facet normal 0 0 -1
    outer loop
      vertex 68.5836 16.9551 0
      vertex 21.4164 16.9551 0
      vertex 68.8317 17.8811 0
    endloop
  endfacet
  facet normal 0 0 -1
    outer loop
      vertex 72.1189 21.1683 0
      vertex 68.7313 60.0226 0
      vertex 68.99 60 0
    endloop
  endfacet
  facet normal 0 0 -1
    outer loop
      vertex 21.4164 16.9551 0
      vertex 68.5836 16.9551 0
      vertex 21.5 16 0
    endloop
  endfacet
  facet normal 0 0 -1
    outer loop
      vertex 21.5 16 0
      vertex 68.5836 16.9551 0
      vertex 68.5 16 0
    endloop
  endfacet
  facet normal 0 -0 -1
    outer loop
      vertex 57.5196 60.0899 0
      vertex 71.25 20.7631 0
      vertex 57.2687 60.0226 0
    endloop
  endfacet
  facet normal 0 0 -1
    outer loop
      vertex 79.5 16 0
      vertex 90 16 0
      vertex 80.054 14.1116 0
    endloop
  endfacet
  facet normal 0 0 -1
    outer loop
      vertex 90 74 0
      vertex 80.2006 76.4356 0
      vertex 80.25 77 0
    endloop
  endfacet
  facet normal 0 0 -1
    outer loop
      vertex 79.4164 16.9551 0
      vertex 90 16 0
      vertex 79.5 16 0
    endloop
  endfacet
  facet normal 0 0 -1
    outer loop
      vertex 90 74 0
      vertex 80.054 75.8884 0
      vertex 80.2006 76.4356 0
    endloop
  endfacet
  facet normal 0 0 -1
    outer loop
      vertex 79.5 16 0
      vertex 80.054 14.1116 0
      vertex 79.8146 14.625 0
    endloop
  endfacet
  facet normal 0 0 -1
    outer loop
      vertex 79.1683 17.8811 0
      vertex 90 16 0
      vertex 79.4164 16.9551 0
    endloop
  endfacet
  facet normal 0 0 -1
    outer loop
      vertex 90 74 0
      vertex 79.5 74 0
      vertex 80.054 75.8884 0
    endloop
  endfacet
  facet normal 0 0 -1
    outer loop
      vertex 79.4896 15.0891 0
      vertex 79.5 16 0
      vertex 79.8146 14.625 0
    endloop
  endfacet
  facet normal 0 0 -1
    outer loop
      vertex 79.5 16 0
      vertex 79.4896 15.0891 0
      vertex 79.4259 15.1528 0
    endloop
  endfacet
  facet normal 0 0 -1
    outer loop
      vertex 80.2006 13.5644 0
      vertex 89.7569 13.2216 0
      vertex 80.25 13 0
    endloop
  endfacet
  facet normal 0 0 -1
    outer loop
      vertex 89.7569 13.2216 0
      vertex 80.2006 13.5644 0
      vertex 90 16 0
    endloop
  endfacet
  facet normal 0 0 -1
    outer loop
      vertex 80.25 13 0
      vertex 89.7569 13.2216 0
      vertex 89.0351 10.5277 0
    endloop
  endfacet
  facet normal 0 0 -1
    outer loop
      vertex 80.054 14.1116 0
      vertex 90 16 0
      vertex 80.2006 13.5644 0
    endloop
  endfacet
  facet normal 0 0 -1
    outer loop
      vertex 80.2006 12.4356 0
      vertex 89.0351 10.5277 0
      vertex 87.8564 8 0
    endloop
  endfacet
  facet normal 0 0 -1
    outer loop
      vertex 90 74 0
      vertex 80.25 77 0
      vertex 89.7569 76.7784 0
    endloop
  endfacet
  facet normal 0 0 -1
    outer loop
      vertex 79.8146 11.375 0
      vertex 87.8564 8 0
      vertex 86.2567 5.7154 0
    endloop
  endfacet
  facet normal 0 0 -1
    outer loop
      vertex 89.7569 76.7784 0
      vertex 80.25 77 0
      vertex 89.0351 79.4723 0
    endloop
  endfacet
  facet normal 0 0 -1
    outer loop
      vertex 79.4896 10.9109 0
      vertex 86.2567 5.7154 0
      vertex 84.2846 3.74329 0
    endloop
  endfacet
  facet normal 0 0 -1
    outer loop
      vertex 80.2006 77.5644 0
      vertex 89.0351 79.4723 0
      vertex 80.25 77 0
    endloop
  endfacet
  facet normal 0 0 -1
    outer loop
      vertex 78.625 10.1854 0
      vertex 84.2846 3.74329 0
      vertex 82 2.14359 0
    endloop
  endfacet
  facet normal -0 0 -1
    outer loop
      vertex 89.0351 79.4723 0
      vertex 80.2006 77.5644 0
      vertex 87.8564 82 0
    endloop
  endfacet
  facet normal 0 0 -1
    outer loop
      vertex 80.054 78.1116 0
      vertex 87.8564 82 0
      vertex 80.2006 77.5644 0
    endloop
  endfacet
  facet normal 0 0 -1
    outer loop
      vertex 89.0351 10.5277 0
      vertex 80.2006 12.4356 0
      vertex 80.25 13 0
    endloop
  endfacet
  facet normal 0 0 -1
    outer loop
      vertex 87.8564 8 0
      vertex 80.054 11.8884 0
      vertex 80.2006 12.4356 0
    endloop
  endfacet
  facet normal 0 0 -1
    outer loop
      vertex 87.8564 8 0
      vertex 79.8146 11.375 0
      vertex 80.054 11.8884 0
    endloop
  endfacet
  facet normal 0 0 -1
    outer loop
      vertex 86.2567 5.7154 0
      vertex 79.4896 10.9109 0
      vertex 79.8146 11.375 0
    endloop
  endfacet
  facet normal 0 0 -1
    outer loop
      vertex 77.5644 9.79938 0
      vertex 82 2.14359 0
      vertex 79.4723 0.964917 0
    endloop
  endfacet
  facet normal 0 0 -1
    outer loop
      vertex 84.2846 3.74329 0
      vertex 79.0891 10.5104 0
      vertex 79.4896 10.9109 0
    endloop
  endfacet
  facet normal 0 0 -1
    outer loop
      vertex 84.2846 3.74329 0
      vertex 78.625 10.1854 0
      vertex 79.0891 10.5104 0
    endloop
  endfacet
  facet normal 0 0 -1
    outer loop
      vertex 82 2.14359 0
      vertex 78.1116 9.946 0
      vertex 78.625 10.1854 0
    endloop
  endfacet
  facet normal 0 0 -1
    outer loop
      vertex 82 2.14359 0
      vertex 77.5644 9.79938 0
      vertex 78.1116 9.946 0
    endloop
  endfacet
  facet normal 0 0 -1
    outer loop
      vertex 79.4723 0.964917 0
      vertex 77 9.75 0
      vertex 77.5644 9.79938 0
    endloop
  endfacet
  facet normal 0 0 -1
    outer loop
      vertex 76.7784 0.243075 0
      vertex 77 9.75 0
      vertex 79.4723 0.964917 0
    endloop
  endfacet
  facet normal 0 0 -1
    outer loop
      vertex 76.7784 0.243075 0
      vertex 76.4356 9.79938 0
      vertex 77 9.75 0
    endloop
  endfacet
  facet normal 0 0 -1
    outer loop
      vertex 74 0 0
      vertex 76.4356 9.79938 0
      vertex 76.7784 0.243075 0
    endloop
  endfacet
  facet normal -0 0 -1
    outer loop
      vertex 76.4356 9.79938 0
      vertex 74 0 0
      vertex 75.8884 9.946 0
    endloop
  endfacet
  facet normal 0 0 -1
    outer loop
      vertex 74 10.5 0
      vertex 75.8884 9.946 0
      vertex 74 0 0
    endloop
  endfacet
  facet normal 0 0 -1
    outer loop
      vertex 75.8884 9.946 0
      vertex 74 10.5 0
      vertex 75.375 10.1854 0
    endloop
  endfacet
  facet normal 0 0 -1
    outer loop
      vertex 75.375 10.1854 0
      vertex 74 10.5 0
      vertex 74.9109 10.5104 0
    endloop
  endfacet
  facet normal -0 0 -1
    outer loop
      vertex 74.9109 10.5104 0
      vertex 74 10.5 0
      vertex 74.8472 10.5741 0
    endloop
  endfacet
  facet normal 0 0 -1
    outer loop
      vertex 74 0 0
      vertex 73.0449 10.5836 0
      vertex 74 10.5 0
    endloop
  endfacet
  facet normal 0 0 -1
    outer loop
      vertex 74 0 0
      vertex 72.1189 10.8317 0
      vertex 73.0449 10.5836 0
    endloop
  endfacet
  facet normal 0 0 -1
    outer loop
      vertex 74 0 0
      vertex 71.25 11.2369 0
      vertex 72.1189 10.8317 0
    endloop
  endfacet
  facet normal 0 0 -1
    outer loop
      vertex 74 0 0
      vertex 70.4647 11.7868 0
      vertex 71.25 11.2369 0
    endloop
  endfacet
  facet normal 0 0 -1
    outer loop
      vertex 74 0 0
      vertex 69.7868 12.4647 0
      vertex 70.4647 11.7868 0
    endloop
  endfacet
  facet normal 0 0 -1
    outer loop
      vertex 74 0 0
      vertex 69.2369 13.25 0
      vertex 69.7868 12.4647 0
    endloop
  endfacet
  facet normal 0 0 -1
    outer loop
      vertex 20.7631 13.25 0
      vertex 69.2369 13.25 0
      vertex 74 0 0
    endloop
  endfacet
  facet normal 0 0 -1
    outer loop
      vertex 72.1189 21.1683 0
      vertex 68.4804 60.0899 0
      vertex 68.7313 60.0226 0
    endloop
  endfacet
  facet normal 0 0 -1
    outer loop
      vertex 68.4804 60.0899 0
      vertex 57.5196 60.0899 0
      vertex 68.245 60.1996 0
    endloop
  endfacet
  facet normal 0 -0 -1
    outer loop
      vertex 57.755 60.1996 0
      vertex 68.245 60.1996 0
      vertex 57.5196 60.0899 0
    endloop
  endfacet
  facet normal 0 0 -1
    outer loop
      vertex 68.245 60.1996 0
      vertex 57.755 60.1996 0
      vertex 68.0322 60.3486 0
    endloop
  endfacet
  facet normal 0 -0 -1
    outer loop
      vertex 57.9678 60.3486 0
      vertex 68.0322 60.3486 0
      vertex 57.755 60.1996 0
    endloop
  endfacet
  facet normal 0 0 -1
    outer loop
      vertex 68.0322 60.3486 0
      vertex 57.9678 60.3486 0
      vertex 67.8486 60.5322 0
    endloop
  endfacet
  facet normal 0 -0 -1
    outer loop
      vertex 58.1514 60.5322 0
      vertex 67.8486 60.5322 0
      vertex 57.9678 60.3486 0
    endloop
  endfacet
  facet normal 0 0 -1
    outer loop
      vertex 67.5 61.49 0
      vertex 58.5 61.49 0
      vertex 67.5 74.51 0
    endloop
  endfacet
  facet normal 0 0 -1
    outer loop
      vertex 67.8486 60.5322 0
      vertex 58.1514 60.5322 0
      vertex 67.6996 60.745 0
    endloop
  endfacet
  facet normal 0 0 -1
    outer loop
      vertex 21.5 16 0
      vertex 68.5 16 0
      vertex 68.5836 15.0449 0
    endloop
  endfacet
  facet normal -0 0 -1
    outer loop
      vertex 67.5 61.49 0
      vertex 58.4774 61.2313 0
      vertex 58.5 61.49 0
    endloop
  endfacet
  facet normal 0 0 -1
    outer loop
      vertex 67.5226 61.2313 0
      vertex 58.4774 61.2313 0
      vertex 67.5 61.49 0
    endloop
  endfacet
  facet normal 0 -0 -1
    outer loop
      vertex 58.4774 61.2313 0
      vertex 67.5226 61.2313 0
      vertex 58.4101 60.9804 0
    endloop
  endfacet
  facet normal 0 0 -1
    outer loop
      vertex 67.5899 60.9804 0
      vertex 58.4101 60.9804 0
      vertex 67.5226 61.2313 0
    endloop
  endfacet
  facet normal 0 -0 -1
    outer loop
      vertex 58.4101 60.9804 0
      vertex 67.5899 60.9804 0
      vertex 58.3004 60.745 0
    endloop
  endfacet
  facet normal 0 0 -1
    outer loop
      vertex 67.6996 60.745 0
      vertex 58.3004 60.745 0
      vertex 67.5899 60.9804 0
    endloop
  endfacet
  facet normal 0 -0 -1
    outer loop
      vertex 58.3004 60.745 0
      vertex 67.6996 60.745 0
      vertex 58.1514 60.5322 0
    endloop
  endfacet
  facet normal 0 0 -1
    outer loop
      vertex 71.25 20.7631 0
      vertex 57.5196 60.0899 0
      vertex 68.4804 60.0899 0
    endloop
  endfacet
  facet normal 0 0 -1
    outer loop
      vertex 71.25 20.7631 0
      vertex 57.01 60 0
      vertex 57.2687 60.0226 0
    endloop
  endfacet
  facet normal 0 0 -1
    outer loop
      vertex 70.4647 20.2132 0
      vertex 56.99 60 0
      vertex 57.01 60 0
    endloop
  endfacet
  facet normal 0 0 -1
    outer loop
      vertex 70.4647 20.2132 0
      vertex 56.7313 60.0226 0
      vertex 56.99 60 0
    endloop
  endfacet
  facet normal 0 0 -1
    outer loop
      vertex 69.7868 19.5353 0
      vertex 45.2687 60.0226 0
      vertex 56.7313 60.0226 0
    endloop
  endfacet
  facet normal 0 0 -1
    outer loop
      vertex 21.4164 15.0449 0
      vertex 68.5836 15.0449 0
      vertex 68.8317 14.1189 0
    endloop
  endfacet
  facet normal 0 0 -1
    outer loop
      vertex 56.7313 60.0226 0
      vertex 45.2687 60.0226 0
      vertex 56.4804 60.0899 0
    endloop
  endfacet
  facet normal 0 -0 -1
    outer loop
      vertex 45.5196 60.0899 0
      vertex 56.4804 60.0899 0
      vertex 45.2687 60.0226 0
    endloop
  endfacet
  facet normal 0 0 -1
    outer loop
      vertex 56.4804 60.0899 0
      vertex 45.5196 60.0899 0
      vertex 56.245 60.1996 0
    endloop
  endfacet
  facet normal 0 -0 -1
    outer loop
      vertex 45.755 60.1996 0
      vertex 56.245 60.1996 0
      vertex 45.5196 60.0899 0
    endloop
  endfacet
  facet normal 0 -0 -1
    outer loop
      vertex 45.9678 60.3486 0
      vertex 56.0322 60.3486 0
      vertex 45.755 60.1996 0
    endloop
  endfacet
  facet normal 0 0 -1
    outer loop
      vertex 55.5 61.49 0
      vertex 46.5 61.49 0
      vertex 55.5 74.51 0
    endloop
  endfacet
  facet normal 0 0 -1
    outer loop
      vertex 55.5226 61.2313 0
      vertex 46.5 61.49 0
      vertex 55.5 61.49 0
    endloop
  endfacet
  facet normal 0 0 -1
    outer loop
      vertex 46.4774 61.2313 0
      vertex 55.5226 61.2313 0
      vertex 55.5899 60.9804 0
    endloop
  endfacet
  facet normal 0 0 -1
    outer loop
      vertex 56.0322 60.3486 0
      vertex 45.9678 60.3486 0
      vertex 55.8486 60.5322 0
    endloop
  endfacet
  facet normal 0 0 -1
    outer loop
      vertex 69.2369 13.25 0
      vertex 20.7631 13.25 0
      vertex 68.8317 14.1189 0
    endloop
  endfacet
  facet normal 0 0 -1
    outer loop
      vertex 55.5226 61.2313 0
      vertex 46.4774 61.2313 0
      vertex 46.5 61.49 0
    endloop
  endfacet
  facet normal 0 0 -1
    outer loop
      vertex 55.5899 60.9804 0
      vertex 46.4101 60.9804 0
      vertex 46.4774 61.2313 0
    endloop
  endfacet
  facet normal -0 0 -1
    outer loop
      vertex 55.5899 60.9804 0
      vertex 46.3004 60.745 0
      vertex 46.4101 60.9804 0
    endloop
  endfacet
  facet normal 0 0 -1
    outer loop
      vertex 55.6996 60.745 0
      vertex 46.3004 60.745 0
      vertex 55.5899 60.9804 0
    endloop
  endfacet
  facet normal 0 -0 -1
    outer loop
      vertex 46.3004 60.745 0
      vertex 55.6996 60.745 0
      vertex 46.1514 60.5322 0
    endloop
  endfacet
  facet normal 0 0 -1
    outer loop
      vertex 55.8486 60.5322 0
      vertex 46.1514 60.5322 0
      vertex 55.6996 60.745 0
    endloop
  endfacet
  facet normal 0 -0 -1
    outer loop
      vertex 46.1514 60.5322 0
      vertex 55.8486 60.5322 0
      vertex 45.9678 60.3486 0
    endloop
  endfacet
  facet normal 0 0 -1
    outer loop
      vertex 56.245 60.1996 0
      vertex 45.755 60.1996 0
      vertex 56.0322 60.3486 0
    endloop
  endfacet
  facet normal 0 0 -1
    outer loop
      vertex 21.1683 17.8811 0
      vertex 68.8317 17.8811 0
      vertex 21.4164 16.9551 0
    endloop
  endfacet
  facet normal 0 0 -1
    outer loop
      vertex 69.2369 18.75 0
      vertex 45.01 60 0
      vertex 45.2687 60.0226 0
    endloop
  endfacet
  facet normal 0 0 -1
    outer loop
      vertex 69.2369 18.75 0
      vertex 44.99 60 0
      vertex 45.01 60 0
    endloop
  endfacet
  facet normal 0 0 -1
    outer loop
      vertex 68.8317 17.8811 0
      vertex 21.1683 17.8811 0
      vertex 69.2369 18.75 0
    endloop
  endfacet
  facet normal 0 0 -1
    outer loop
      vertex 20.7631 18.75 0
      vertex 69.2369 18.75 0
      vertex 21.1683 17.8811 0
    endloop
  endfacet
  facet normal 0 0 -1
    outer loop
      vertex 44.7313 60.0226 0
      vertex 33.2687 60.0226 0
      vertex 44.4804 60.0899 0
    endloop
  endfacet
  facet normal 0 -0 -1
    outer loop
      vertex 33.5196 60.0899 0
      vertex 44.4804 60.0899 0
      vertex 33.2687 60.0226 0
    endloop
  endfacet
  facet normal 0 0 -1
    outer loop
      vertex 44.4804 60.0899 0
      vertex 33.5196 60.0899 0
      vertex 44.245 60.1996 0
    endloop
  endfacet
  facet normal 0 0 -1
    outer loop
      vertex 43.5 61.49 0
      vertex 34.5 61.49 0
      vertex 43.5 74.51 0
    endloop
  endfacet
  facet normal 0 0 -1
    outer loop
      vertex 43.5226 61.2313 0
      vertex 34.5 61.49 0
      vertex 43.5 61.49 0
    endloop
  endfacet
  facet normal 0 0 -1
    outer loop
      vertex 34.4774 61.2313 0
      vertex 43.5226 61.2313 0
      vertex 43.5899 60.9804 0
    endloop
  endfacet
  facet normal 0 0 -1
    outer loop
      vertex 34.4101 60.9804 0
      vertex 43.5899 60.9804 0
      vertex 43.6996 60.745 0
    endloop
  endfacet
  facet normal 0 -0 -1
    outer loop
      vertex 33.755 60.1996 0
      vertex 44.245 60.1996 0
      vertex 33.5196 60.0899 0
    endloop
  endfacet
  facet normal 0 0 -1
    outer loop
      vertex 43.5226 61.2313 0
      vertex 34.4774 61.2313 0
      vertex 34.5 61.49 0
    endloop
  endfacet
  facet normal 0 0 -1
    outer loop
      vertex 43.5899 60.9804 0
      vertex 34.4101 60.9804 0
      vertex 34.4774 61.2313 0
    endloop
  endfacet
  facet normal 0 0 -1
    outer loop
      vertex 43.6996 60.745 0
      vertex 34.3004 60.745 0
      vertex 34.4101 60.9804 0
    endloop
  endfacet
  facet normal -0 0 -1
    outer loop
      vertex 43.6996 60.745 0
      vertex 34.1514 60.5322 0
      vertex 34.3004 60.745 0
    endloop
  endfacet
  facet normal 0 0 -1
    outer loop
      vertex 43.8486 60.5322 0
      vertex 34.1514 60.5322 0
      vertex 43.6996 60.745 0
    endloop
  endfacet
  facet normal 0 -0 -1
    outer loop
      vertex 34.1514 60.5322 0
      vertex 43.8486 60.5322 0
      vertex 33.9678 60.3486 0
    endloop
  endfacet
  facet normal 0 -0 -1
    outer loop
      vertex 33.9678 60.3486 0
      vertex 44.0322 60.3486 0
      vertex 33.755 60.1996 0
    endloop
  endfacet
  facet normal 0 0 -1
    outer loop
      vertex 44.0322 60.3486 0
      vertex 33.9678 60.3486 0
      vertex 43.8486 60.5322 0
    endloop
  endfacet
  facet normal 0 0 -1
    outer loop
      vertex 44.245 60.1996 0
      vertex 33.755 60.1996 0
      vertex 44.0322 60.3486 0
    endloop
  endfacet
  facet normal 0 0 -1
    outer loop
      vertex 69.2369 18.75 0
      vertex 20.7631 18.75 0
      vertex 44.99 60 0
    endloop
  endfacet
  facet normal -0 0 -1
    outer loop
      vertex 44.99 60 0
      vertex 20.7631 18.75 0
      vertex 44.7313 60.0226 0
    endloop
  endfacet
  facet normal 0 0 -1
    outer loop
      vertex 20.2132 19.5353 0
      vertex 44.7313 60.0226 0
      vertex 20.7631 18.75 0
    endloop
  endfacet
  facet normal -0 0 -1
    outer loop
      vertex 44.7313 60.0226 0
      vertex 20.2132 19.5353 0
      vertex 33.2687 60.0226 0
    endloop
  endfacet
  facet normal 0 0 -1
    outer loop
      vertex 19.5353 20.2132 0
      vertex 33.2687 60.0226 0
      vertex 20.2132 19.5353 0
    endloop
  endfacet
  facet normal 0 0 -1
    outer loop
      vertex 33.2687 60.0226 0
      vertex 19.5353 20.2132 0
      vertex 33.01 60 0
    endloop
  endfacet
  facet normal -0 0 -1
    outer loop
      vertex 33.01 60 0
      vertex 19.5353 20.2132 0
      vertex 32.99 60 0
    endloop
  endfacet
  facet normal 0 0 -1
    outer loop
      vertex 31.5226 61.2313 0
      vertex 21.5 74 0
      vertex 31.5 61.49 0
    endloop
  endfacet
  facet normal 0 0 -1
    outer loop
      vertex 31.5899 60.9804 0
      vertex 21.5 74 0
      vertex 31.5226 61.2313 0
    endloop
  endfacet
  facet normal -0 0 -1
    outer loop
      vertex 32.7313 60.0226 0
      vertex 18.75 20.7631 0
      vertex 32.4804 60.0899 0
    endloop
  endfacet
  facet normal -0 0 -1
    outer loop
      vertex 32.99 60 0
      vertex 18.75 20.7631 0
      vertex 32.7313 60.0226 0
    endloop
  endfacet
  facet normal 0 0 -1
    outer loop
      vertex 18.75 20.7631 0
      vertex 32.99 60 0
      vertex 19.5353 20.2132 0
    endloop
  endfacet
  facet normal 0 0 -1
    outer loop
      vertex 68.5836 15.0449 0
      vertex 21.4164 15.0449 0
      vertex 21.5 16 0
    endloop
  endfacet
  facet normal 0 0 -1
    outer loop
      vertex 68.8317 14.1189 0
      vertex 21.1683 14.1189 0
      vertex 21.4164 15.0449 0
    endloop
  endfacet
  facet normal -0 0 -1
    outer loop
      vertex 68.8317 14.1189 0
      vertex 20.7631 13.25 0
      vertex 21.1683 14.1189 0
    endloop
  endfacet
  facet normal 0 0 -1
    outer loop
      vertex 16 0 0
      vertex 20.7631 13.25 0
      vertex 74 0 0
    endloop
  endfacet
  facet normal 0 0 -1
    outer loop
      vertex 20.7631 13.25 0
      vertex 16 0 0
      vertex 20.2132 12.4647 0
    endloop
  endfacet
  facet normal 0 0 -1
    outer loop
      vertex 20.2132 12.4647 0
      vertex 16 0 0
      vertex 19.5353 11.7868 0
    endloop
  endfacet
  facet normal 0 0 -1
    outer loop
      vertex 19.5353 11.7868 0
      vertex 16 0 0
      vertex 18.75 11.2369 0
    endloop
  endfacet
  facet normal 0 0 -1
    outer loop
      vertex 18.75 11.2369 0
      vertex 16 0 0
      vertex 17.8811 10.8317 0
    endloop
  endfacet
  facet normal 0 0 -1
    outer loop
      vertex 17.8811 10.8317 0
      vertex 16 0 0
      vertex 16.9551 10.5836 0
    endloop
  endfacet
  facet normal 0 0 -1
    outer loop
      vertex 16 0 0
      vertex 16 10.5 0
      vertex 16.9551 10.5836 0
    endloop
  endfacet
  facet normal 0 0 -1
    outer loop
      vertex 14.1116 9.946 0
      vertex 16 10.5 0
      vertex 16 0 0
    endloop
  endfacet
  facet normal 0 0 -1
    outer loop
      vertex 16 10.5 0
      vertex 15.0891 10.5104 0
      vertex 15.1528 10.5741 0
    endloop
  endfacet
  facet normal -0 0 -1
    outer loop
      vertex 16 10.5 0
      vertex 14.625 10.1854 0
      vertex 15.0891 10.5104 0
    endloop
  endfacet
  facet normal 0 0 -1
    outer loop
      vertex 16 10.5 0
      vertex 14.1116 9.946 0
      vertex 14.625 10.1854 0
    endloop
  endfacet
  facet normal 0 0 -1
    outer loop
      vertex 16 0 0
      vertex 13.5644 9.79938 0
      vertex 14.1116 9.946 0
    endloop
  endfacet
  facet normal 0 0 -1
    outer loop
      vertex 13.2216 0.243075 0
      vertex 13.5644 9.79938 0
      vertex 16 0 0
    endloop
  endfacet
  facet normal 0 0 -1
    outer loop
      vertex 13.2216 0.243075 0
      vertex 13 9.75 0
      vertex 13.5644 9.79938 0
    endloop
  endfacet
  facet normal 0 0 -1
    outer loop
      vertex 10.5277 0.964917 0
      vertex 13 9.75 0
      vertex 13.2216 0.243075 0
    endloop
  endfacet
  facet normal -0 0 -1
    outer loop
      vertex 13 9.75 0
      vertex 10.5277 0.964917 0
      vertex 12.4356 9.79938 0
    endloop
  endfacet
  facet normal 0 0 -1
    outer loop
      vertex 8 2.14359 0
      vertex 12.4356 9.79938 0
      vertex 10.5277 0.964917 0
    endloop
  endfacet
  facet normal -0 0 -1
    outer loop
      vertex 12.4356 9.79938 0
      vertex 8 2.14359 0
      vertex 11.8884 9.946 0
    endloop
  endfacet
  facet normal -0 0 -1
    outer loop
      vertex 11.8884 9.946 0
      vertex 8 2.14359 0
      vertex 11.375 10.1854 0
    endloop
  endfacet
  facet normal 0 0 -1
    outer loop
      vertex 5.7154 3.74329 0
      vertex 11.375 10.1854 0
      vertex 8 2.14359 0
    endloop
  endfacet
  facet normal -0 0 -1
    outer loop
      vertex 11.375 10.1854 0
      vertex 5.7154 3.74329 0
      vertex 10.9109 10.5104 0
    endloop
  endfacet
  facet normal -0 0 -1
    outer loop
      vertex 10.9109 10.5104 0
      vertex 5.7154 3.74329 0
      vertex 10.5104 10.9109 0
    endloop
  endfacet
  facet normal 0 0 -1
    outer loop
      vertex 3.74329 5.7154 0
      vertex 10.5104 10.9109 0
      vertex 5.7154 3.74329 0
    endloop
  endfacet
  facet normal -0 0 -1
    outer loop
      vertex 10.5104 10.9109 0
      vertex 3.74329 5.7154 0
      vertex 10.1854 11.375 0
    endloop
  endfacet
  facet normal 0 0 -1
    outer loop
      vertex 10.5 74 0
      vertex 0 74 0
      vertex 9.946 75.8884 0
    endloop
  endfacet
  facet normal 0 0 -1
    outer loop
      vertex 2.14359 8 0
      vertex 10.1854 11.375 0
      vertex 3.74329 5.7154 0
    endloop
  endfacet
  facet normal 0 0 -1
    outer loop
      vertex 79.8146 78.625 0
      vertex 87.8564 82 0
      vertex 80.054 78.1116 0
    endloop
  endfacet
  facet normal -0 0 -1
    outer loop
      vertex 87.8564 82 0
      vertex 79.8146 78.625 0
      vertex 86.2567 84.2846 0
    endloop
  endfacet
  facet normal 0 0 -1
    outer loop
      vertex 79.4896 79.0891 0
      vertex 86.2567 84.2846 0
      vertex 79.8146 78.625 0
    endloop
  endfacet
  facet normal -0 0 -1
    outer loop
      vertex 86.2567 84.2846 0
      vertex 79.4896 79.0891 0
      vertex 84.2846 86.2567 0
    endloop
  endfacet
  facet normal 0 0 -1
    outer loop
      vertex 79.0891 79.4896 0
      vertex 84.2846 86.2567 0
      vertex 79.4896 79.0891 0
    endloop
  endfacet
  facet normal 0 0 -1
    outer loop
      vertex 78.625 79.8146 0
      vertex 84.2846 86.2567 0
      vertex 79.0891 79.4896 0
    endloop
  endfacet
  facet normal -0 0 -1
    outer loop
      vertex 84.2846 86.2567 0
      vertex 78.625 79.8146 0
      vertex 82 87.8564 0
    endloop
  endfacet
  facet normal 0 0 -1
    outer loop
      vertex 78.1116 80.054 0
      vertex 82 87.8564 0
      vertex 78.625 79.8146 0
    endloop
  endfacet
  facet normal 0 0 -1
    outer loop
      vertex 77.5644 80.2006 0
      vertex 82 87.8564 0
      vertex 78.1116 80.054 0
    endloop
  endfacet
  facet normal -0 0 -1
    outer loop
      vertex 82 87.8564 0
      vertex 77.5644 80.2006 0
      vertex 79.4723 89.0351 0
    endloop
  endfacet
  facet normal 0 0 -1
    outer loop
      vertex 77 80.25 0
      vertex 79.4723 89.0351 0
      vertex 77.5644 80.2006 0
    endloop
  endfacet
  facet normal 0 0 -1
    outer loop
      vertex 77 80.25 0
      vertex 76.7784 89.7569 0
      vertex 79.4723 89.0351 0
    endloop
  endfacet
  facet normal 0 0 -1
    outer loop
      vertex 76.4356 80.2006 0
      vertex 76.7784 89.7569 0
      vertex 77 80.25 0
    endloop
  endfacet
  facet normal 0 0 -1
    outer loop
      vertex 74 90 0
      vertex 76.4356 80.2006 0
      vertex 75.8884 80.054 0
    endloop
  endfacet
  facet normal 0 0 -1
    outer loop
      vertex 74 79.5 0
      vertex 75.8884 80.054 0
      vertex 75.375 79.8146 0
    endloop
  endfacet
  facet normal 0 0 -1
    outer loop
      vertex 74 79.5 0
      vertex 75.375 79.8146 0
      vertex 74.9109 79.4896 0
    endloop
  endfacet
  facet normal 0 0 -1
    outer loop
      vertex 74 79.5 0
      vertex 74.9109 79.4896 0
      vertex 74.8472 79.4259 0
    endloop
  endfacet
  facet normal -0 0 -1
    outer loop
      vertex 75.8884 80.054 0
      vertex 74 79.5 0
      vertex 74 90 0
    endloop
  endfacet
  facet normal 0 0 -1
    outer loop
      vertex 76.4356 80.2006 0
      vertex 74 90 0
      vertex 76.7784 89.7569 0
    endloop
  endfacet
  facet normal 0 0 -1
    outer loop
      vertex 73.0449 79.4164 0
      vertex 74 90 0
      vertex 74 79.5 0
    endloop
  endfacet
  facet normal 0 0 -1
    outer loop
      vertex 72.1189 79.1683 0
      vertex 74 90 0
      vertex 73.0449 79.4164 0
    endloop
  endfacet
  facet normal 0 0 -1
    outer loop
      vertex 71.25 78.7631 0
      vertex 74 90 0
      vertex 72.1189 79.1683 0
    endloop
  endfacet
  facet normal 0 0 -1
    outer loop
      vertex 70.4647 78.2132 0
      vertex 74 90 0
      vertex 71.25 78.7631 0
    endloop
  endfacet
  facet normal 0 0 -1
    outer loop
      vertex 57.755 75.8004 0
      vertex 70.4647 78.2132 0
      vertex 69.7868 77.5353 0
    endloop
  endfacet
  facet normal 0 0 -1
    outer loop
      vertex 68.0322 75.6514 0
      vertex 69.7868 77.5353 0
      vertex 69.2369 76.75 0
    endloop
  endfacet
  facet normal 0 0 -1
    outer loop
      vertex 68.7313 75.9774 0
      vertex 69.2369 76.75 0
      vertex 68.8828 75.9906 0
    endloop
  endfacet
  facet normal 0 0 -1
    outer loop
      vertex 68.4804 75.9101 0
      vertex 69.2369 76.75 0
      vertex 68.7313 75.9774 0
    endloop
  endfacet
  facet normal 0 0 -1
    outer loop
      vertex 68.245 75.8004 0
      vertex 69.2369 76.75 0
      vertex 68.4804 75.9101 0
    endloop
  endfacet
  facet normal 0 0 -1
    outer loop
      vertex 68.0322 75.6514 0
      vertex 69.2369 76.75 0
      vertex 68.245 75.8004 0
    endloop
  endfacet
  facet normal 0 0 -1
    outer loop
      vertex 69.7868 77.5353 0
      vertex 68.0322 75.6514 0
      vertex 57.9678 75.6514 0
    endloop
  endfacet
  facet normal 0 0 -1
    outer loop
      vertex 57.9678 75.6514 0
      vertex 68.0322 75.6514 0
      vertex 67.8486 75.4678 0
    endloop
  endfacet
  facet normal 0 0 -1
    outer loop
      vertex 58.1514 75.4678 0
      vertex 67.8486 75.4678 0
      vertex 67.6996 75.255 0
    endloop
  endfacet
  facet normal 0 0 -1
    outer loop
      vertex 58.3004 75.255 0
      vertex 67.6996 75.255 0
      vertex 67.5899 75.0196 0
    endloop
  endfacet
  facet normal 0 0 -1
    outer loop
      vertex 58.5 74.51 0
      vertex 67.5 74.51 0
      vertex 58.5 61.49 0
    endloop
  endfacet
  facet normal 0 0 -1
    outer loop
      vertex 67.5 74.51 0
      vertex 58.5 74.51 0
      vertex 67.5226 74.7687 0
    endloop
  endfacet
  facet normal 0 0 -1
    outer loop
      vertex 58.4774 74.7687 0
      vertex 67.5226 74.7687 0
      vertex 58.5 74.51 0
    endloop
  endfacet
  facet normal 0 0 -1
    outer loop
      vertex 67.5226 74.7687 0
      vertex 58.4774 74.7687 0
      vertex 67.5899 75.0196 0
    endloop
  endfacet
  facet normal 0 0 -1
    outer loop
      vertex 58.4101 75.0196 0
      vertex 67.5899 75.0196 0
      vertex 58.4774 74.7687 0
    endloop
  endfacet
  facet normal 0 0 -1
    outer loop
      vertex 58.3004 75.255 0
      vertex 67.5899 75.0196 0
      vertex 58.4101 75.0196 0
    endloop
  endfacet
  facet normal 0 0 -1
    outer loop
      vertex 67.6996 75.255 0
      vertex 58.3004 75.255 0
      vertex 58.1514 75.4678 0
    endloop
  endfacet
  facet normal 0 0 -1
    outer loop
      vertex 67.8486 75.4678 0
      vertex 58.1514 75.4678 0
      vertex 57.9678 75.6514 0
    endloop
  endfacet
  facet normal 0 0 -1
    outer loop
      vertex 69.7868 77.5353 0
      vertex 57.9678 75.6514 0
      vertex 57.755 75.8004 0
    endloop
  endfacet
  facet normal 0 0 -1
    outer loop
      vertex 70.4647 78.2132 0
      vertex 57.755 75.8004 0
      vertex 57.5196 75.9101 0
    endloop
  endfacet
  facet normal -0 0 -1
    outer loop
      vertex 70.4647 78.2132 0
      vertex 57.5196 75.9101 0
      vertex 74 90 0
    endloop
  endfacet
  facet normal 0 0 -1
    outer loop
      vertex 57.2687 75.9774 0
      vertex 74 90 0
      vertex 57.5196 75.9101 0
    endloop
  endfacet
  facet normal 0 0 -1
    outer loop
      vertex 57.01 76 0
      vertex 74 90 0
      vertex 57.2687 75.9774 0
    endloop
  endfacet
  facet normal 0 0 -1
    outer loop
      vertex 56.99 76 0
      vertex 74 90 0
      vertex 57.01 76 0
    endloop
  endfacet
  facet normal 0 0 -1
    outer loop
      vertex 56.7313 75.9774 0
      vertex 74 90 0
      vertex 56.99 76 0
    endloop
  endfacet
  facet normal 0 0 -1
    outer loop
      vertex 45.2687 75.9774 0
      vertex 56.7313 75.9774 0
      vertex 56.4804 75.9101 0
    endloop
  endfacet
  facet normal 0 0 -1
    outer loop
      vertex 45.5196 75.9101 0
      vertex 56.4804 75.9101 0
      vertex 56.245 75.8004 0
    endloop
  endfacet
  facet normal 0 0 -1
    outer loop
      vertex 45.755 75.8004 0
      vertex 56.245 75.8004 0
      vertex 56.0322 75.6514 0
    endloop
  endfacet
  facet normal 0 0 -1
    outer loop
      vertex 46.5 74.51 0
      vertex 55.5 74.51 0
      vertex 46.5 61.49 0
    endloop
  endfacet
  facet normal 0 0 -1
    outer loop
      vertex 55.5 74.51 0
      vertex 46.5 74.51 0
      vertex 55.5226 74.7687 0
    endloop
  endfacet
  facet normal 0 0 -1
    outer loop
      vertex 46.4774 74.7687 0
      vertex 55.5226 74.7687 0
      vertex 46.5 74.51 0
    endloop
  endfacet
  facet normal 0 0 -1
    outer loop
      vertex 55.5226 74.7687 0
      vertex 46.4774 74.7687 0
      vertex 55.5899 75.0196 0
    endloop
  endfacet
  facet normal 0 0 -1
    outer loop
      vertex 46.4101 75.0196 0
      vertex 55.5899 75.0196 0
      vertex 46.4774 74.7687 0
    endloop
  endfacet
  facet normal 0 0 -1
    outer loop
      vertex 55.5899 75.0196 0
      vertex 46.4101 75.0196 0
      vertex 55.6996 75.255 0
    endloop
  endfacet
  facet normal 0 0 -1
    outer loop
      vertex 46.3004 75.255 0
      vertex 55.6996 75.255 0
      vertex 46.4101 75.0196 0
    endloop
  endfacet
  facet normal 0 0 -1
    outer loop
      vertex 55.6996 75.255 0
      vertex 46.3004 75.255 0
      vertex 55.8486 75.4678 0
    endloop
  endfacet
  facet normal 0 0 -1
    outer loop
      vertex 46.1514 75.4678 0
      vertex 55.8486 75.4678 0
      vertex 46.3004 75.255 0
    endloop
  endfacet
  facet normal 0 0 -1
    outer loop
      vertex 55.8486 75.4678 0
      vertex 46.1514 75.4678 0
      vertex 56.0322 75.6514 0
    endloop
  endfacet
  facet normal 0 0 -1
    outer loop
      vertex 45.9678 75.6514 0
      vertex 56.0322 75.6514 0
      vertex 46.1514 75.4678 0
    endloop
  endfacet
  facet normal 0 0 -1
    outer loop
      vertex 45.755 75.8004 0
      vertex 56.0322 75.6514 0
      vertex 45.9678 75.6514 0
    endloop
  endfacet
  facet normal 0 0 -1
    outer loop
      vertex 56.245 75.8004 0
      vertex 45.755 75.8004 0
      vertex 45.5196 75.9101 0
    endloop
  endfacet
  facet normal 0 0 -1
    outer loop
      vertex 56.4804 75.9101 0
      vertex 45.5196 75.9101 0
      vertex 45.2687 75.9774 0
    endloop
  endfacet
  facet normal 0 0 -1
    outer loop
      vertex 56.7313 75.9774 0
      vertex 45.2687 75.9774 0
      vertex 74 90 0
    endloop
  endfacet
  facet normal 0 0 -1
    outer loop
      vertex 45.01 76 0
      vertex 74 90 0
      vertex 45.2687 75.9774 0
    endloop
  endfacet
  facet normal 0 0 -1
    outer loop
      vertex 44.99 76 0
      vertex 74 90 0
      vertex 45.01 76 0
    endloop
  endfacet
  facet normal 0 0 -1
    outer loop
      vertex 16 90 0
      vertex 44.99 76 0
      vertex 44.7313 75.9774 0
    endloop
  endfacet
  facet normal 0 0 -1
    outer loop
      vertex 33.2687 75.9774 0
      vertex 44.7313 75.9774 0
      vertex 44.4804 75.9101 0
    endloop
  endfacet
  facet normal 0 0 -1
    outer loop
      vertex 33.5196 75.9101 0
      vertex 44.4804 75.9101 0
      vertex 44.245 75.8004 0
    endloop
  endfacet
  facet normal 0 0 -1
    outer loop
      vertex 34.5 74.51 0
      vertex 43.5 74.51 0
      vertex 34.5 61.49 0
    endloop
  endfacet
  facet normal 0 0 -1
    outer loop
      vertex 43.5 74.51 0
      vertex 34.5 74.51 0
      vertex 43.5226 74.7687 0
    endloop
  endfacet
  facet normal 0 0 -1
    outer loop
      vertex 34.4774 74.7687 0
      vertex 43.5226 74.7687 0
      vertex 34.5 74.51 0
    endloop
  endfacet
  facet normal 0 0 -1
    outer loop
      vertex 43.5226 74.7687 0
      vertex 34.4774 74.7687 0
      vertex 43.5899 75.0196 0
    endloop
  endfacet
  facet normal 0 0 -1
    outer loop
      vertex 34.4101 75.0196 0
      vertex 43.5899 75.0196 0
      vertex 34.4774 74.7687 0
    endloop
  endfacet
  facet normal 0 0 -1
    outer loop
      vertex 43.5899 75.0196 0
      vertex 34.4101 75.0196 0
      vertex 43.6996 75.255 0
    endloop
  endfacet
  facet normal 0 0 -1
    outer loop
      vertex 34.3004 75.255 0
      vertex 43.6996 75.255 0
      vertex 34.4101 75.0196 0
    endloop
  endfacet
  facet normal 0 0 -1
    outer loop
      vertex 43.6996 75.255 0
      vertex 34.3004 75.255 0
      vertex 43.8486 75.4678 0
    endloop
  endfacet
  facet normal 0 0 -1
    outer loop
      vertex 34.1514 75.4678 0
      vertex 43.8486 75.4678 0
      vertex 34.3004 75.255 0
    endloop
  endfacet
  facet normal 0 0 -1
    outer loop
      vertex 43.8486 75.4678 0
      vertex 34.1514 75.4678 0
      vertex 44.0322 75.6514 0
    endloop
  endfacet
  facet normal 0 0 -1
    outer loop
      vertex 33.9678 75.6514 0
      vertex 44.0322 75.6514 0
      vertex 34.1514 75.4678 0
    endloop
  endfacet
  facet normal 0 0 -1
    outer loop
      vertex 44.0322 75.6514 0
      vertex 33.9678 75.6514 0
      vertex 44.245 75.8004 0
    endloop
  endfacet
  facet normal 0 0 -1
    outer loop
      vertex 33.755 75.8004 0
      vertex 44.245 75.8004 0
      vertex 33.9678 75.6514 0
    endloop
  endfacet
  facet normal 0 0 -1
    outer loop
      vertex 33.5196 75.9101 0
      vertex 44.245 75.8004 0
      vertex 33.755 75.8004 0
    endloop
  endfacet
  facet normal 0 0 -1
    outer loop
      vertex 44.4804 75.9101 0
      vertex 33.5196 75.9101 0
      vertex 33.2687 75.9774 0
    endloop
  endfacet
  facet normal 0 0 -1
    outer loop
      vertex 44.7313 75.9774 0
      vertex 33.2687 75.9774 0
      vertex 16 90 0
    endloop
  endfacet
  facet normal 0 0 -1
    outer loop
      vertex 16 90 0
      vertex 33.2687 75.9774 0
      vertex 33.01 76 0
    endloop
  endfacet
  facet normal 0 0 -1
    outer loop
      vertex 16 90 0
      vertex 33.01 76 0
      vertex 32.99 76 0
    endloop
  endfacet
  facet normal 0 0 -1
    outer loop
      vertex 16 90 0
      vertex 32.99 76 0
      vertex 32.7313 75.9774 0
    endloop
  endfacet
  facet normal 0 0 -1
    outer loop
      vertex 16 90 0
      vertex 32.7313 75.9774 0
      vertex 32.4804 75.9101 0
    endloop
  endfacet
  facet normal 0 0 -1
    outer loop
      vertex 31.5 61.49 0
      vertex 21.5 74 0
      vertex 31.5 74.51 0
    endloop
  endfacet
  facet normal 0 0 -1
    outer loop
      vertex 21.4164 74.9551 0
      vertex 31.5 74.51 0
      vertex 21.5 74 0
    endloop
  endfacet
  facet normal 0 0 -1
    outer loop
      vertex 31.5 74.51 0
      vertex 21.4164 74.9551 0
      vertex 31.5226 74.7687 0
    endloop
  endfacet
  facet normal 0 0 -1
    outer loop
      vertex 31.5226 74.7687 0
      vertex 21.4164 74.9551 0
      vertex 31.5899 75.0196 0
    endloop
  endfacet
  facet normal 0 0 -1
    outer loop
      vertex 21.1683 75.8811 0
      vertex 31.5899 75.0196 0
      vertex 21.4164 74.9551 0
    endloop
  endfacet
  facet normal 0 0 -1
    outer loop
      vertex 31.5899 75.0196 0
      vertex 21.1683 75.8811 0
      vertex 31.6996 75.255 0
    endloop
  endfacet
  facet normal 0 0 -1
    outer loop
      vertex 31.6996 75.255 0
      vertex 21.1683 75.8811 0
      vertex 31.8486 75.4678 0
    endloop
  endfacet
  facet normal 0 0 -1
    outer loop
      vertex 20.7631 76.75 0
      vertex 31.8486 75.4678 0
      vertex 21.1683 75.8811 0
    endloop
  endfacet
  facet normal 0 0 -1
    outer loop
      vertex 31.8486 75.4678 0
      vertex 20.7631 76.75 0
      vertex 32.0322 75.6514 0
    endloop
  endfacet
  facet normal 0 0 -1
    outer loop
      vertex 20.2132 77.5353 0
      vertex 32.0322 75.6514 0
      vertex 20.7631 76.75 0
    endloop
  endfacet
  facet normal 0 0 -1
    outer loop
      vertex 32.0322 75.6514 0
      vertex 20.2132 77.5353 0
      vertex 32.245 75.8004 0
    endloop
  endfacet
  facet normal 0 0 -1
    outer loop
      vertex 19.5353 78.2132 0
      vertex 32.245 75.8004 0
      vertex 20.2132 77.5353 0
    endloop
  endfacet
  facet normal 0 0 -1
    outer loop
      vertex 32.245 75.8004 0
      vertex 19.5353 78.2132 0
      vertex 32.4804 75.9101 0
    endloop
  endfacet
  facet normal 0 0 -1
    outer loop
      vertex 32.4804 75.9101 0
      vertex 19.5353 78.2132 0
      vertex 16 90 0
    endloop
  endfacet
  facet normal 0 0 -1
    outer loop
      vertex 16 90 0
      vertex 19.5353 78.2132 0
      vertex 18.75 78.7631 0
    endloop
  endfacet
  facet normal 0 0 -1
    outer loop
      vertex 16 90 0
      vertex 18.75 78.7631 0
      vertex 17.8811 79.1683 0
    endloop
  endfacet
  facet normal 0 0 -1
    outer loop
      vertex 16 90 0
      vertex 17.8811 79.1683 0
      vertex 16.9551 79.4164 0
    endloop
  endfacet
  facet normal 0 0 -1
    outer loop
      vertex 16 90 0
      vertex 16.9551 79.4164 0
      vertex 16 79.5 0
    endloop
  endfacet
  facet normal 0 0 -1
    outer loop
      vertex 44.99 76 0
      vertex 16 90 0
      vertex 74 90 0
    endloop
  endfacet
  facet normal 0 0 -1
    outer loop
      vertex 15.0891 79.4896 0
      vertex 16 79.5 0
      vertex 15.1528 79.4259 0
    endloop
  endfacet
  facet normal 0 0 -1
    outer loop
      vertex 14.625 79.8146 0
      vertex 16 79.5 0
      vertex 15.0891 79.4896 0
    endloop
  endfacet
  facet normal 0 0 -1
    outer loop
      vertex 14.1116 80.054 0
      vertex 16 79.5 0
      vertex 14.625 79.8146 0
    endloop
  endfacet
  facet normal 0 0 -1
    outer loop
      vertex 16 79.5 0
      vertex 14.1116 80.054 0
      vertex 16 90 0
    endloop
  endfacet
  facet normal 0 0 -1
    outer loop
      vertex 13.5644 80.2006 0
      vertex 16 90 0
      vertex 14.1116 80.054 0
    endloop
  endfacet
  facet normal 0 0 -1
    outer loop
      vertex 13.5644 80.2006 0
      vertex 13.2216 89.7569 0
      vertex 16 90 0
    endloop
  endfacet
  facet normal 0 0 -1
    outer loop
      vertex 13 80.25 0
      vertex 13.2216 89.7569 0
      vertex 13.5644 80.2006 0
    endloop
  endfacet
  facet normal 0 0 -1
    outer loop
      vertex 10.5277 89.0351 0
      vertex 13 80.25 0
      vertex 12.4356 80.2006 0
    endloop
  endfacet
  facet normal 0 0 -1
    outer loop
      vertex 8 87.8564 0
      vertex 12.4356 80.2006 0
      vertex 11.8884 80.054 0
    endloop
  endfacet
  facet normal 0 0 -1
    outer loop
      vertex 8 87.8564 0
      vertex 11.8884 80.054 0
      vertex 11.375 79.8146 0
    endloop
  endfacet
  facet normal 0 0 -1
    outer loop
      vertex 5.7154 86.2567 0
      vertex 11.375 79.8146 0
      vertex 10.9109 79.4896 0
    endloop
  endfacet
  facet normal 0 0 -1
    outer loop
      vertex 13 80.25 0
      vertex 10.5277 89.0351 0
      vertex 13.2216 89.7569 0
    endloop
  endfacet
  facet normal 0 0 -1
    outer loop
      vertex 5.7154 86.2567 0
      vertex 10.9109 79.4896 0
      vertex 10.5104 79.0891 0
    endloop
  endfacet
  facet normal 0 0 -1
    outer loop
      vertex 3.74329 84.2846 0
      vertex 10.5104 79.0891 0
      vertex 10.1854 78.625 0
    endloop
  endfacet
  facet normal 0 0 -1
    outer loop
      vertex 2.14359 82 0
      vertex 10.1854 78.625 0
      vertex 9.946 78.1116 0
    endloop
  endfacet
  facet normal 0 0 -1
    outer loop
      vertex 2.14359 82 0
      vertex 9.946 78.1116 0
      vertex 9.79938 77.5644 0
    endloop
  endfacet
  facet normal 0 0 -1
    outer loop
      vertex 0.964917 79.4723 0
      vertex 9.79938 77.5644 0
      vertex 9.75 77 0
    endloop
  endfacet
  facet normal 0 0 -1
    outer loop
      vertex 12.4356 80.2006 0
      vertex 8 87.8564 0
      vertex 10.5277 89.0351 0
    endloop
  endfacet
  facet normal -0 0 -1
    outer loop
      vertex 9.946 75.8884 0
      vertex 0 74 0
      vertex 9.79938 76.4356 0
    endloop
  endfacet
  facet normal -0 0 -1
    outer loop
      vertex 10.1854 11.375 0
      vertex 2.14359 8 0
      vertex 9.946 11.8884 0
    endloop
  endfacet
  facet normal 0 -0 -1
    outer loop
      vertex 0.243075 76.7784 0
      vertex 9.79938 76.4356 0
      vertex 0 74 0
    endloop
  endfacet
  facet normal -0 0 -1
    outer loop
      vertex 9.946 11.8884 0
      vertex 2.14359 8 0
      vertex 9.79938 12.4356 0
    endloop
  endfacet
  facet normal 0 0 -1
    outer loop
      vertex 9.79938 76.4356 0
      vertex 0.243075 76.7784 0
      vertex 9.75 77 0
    endloop
  endfacet
  facet normal 0 0 -1
    outer loop
      vertex 0.964917 10.5277 0
      vertex 9.79938 12.4356 0
      vertex 2.14359 8 0
    endloop
  endfacet
  facet normal 0 0 -1
    outer loop
      vertex 11.375 79.8146 0
      vertex 5.7154 86.2567 0
      vertex 8 87.8564 0
    endloop
  endfacet
  facet normal 0 0 -1
    outer loop
      vertex 0.243075 13.2216 0
      vertex 9.79938 12.4356 0
      vertex 0.964917 10.5277 0
    endloop
  endfacet
  facet normal 0 0 -1
    outer loop
      vertex 10.5104 79.0891 0
      vertex 3.74329 84.2846 0
      vertex 5.7154 86.2567 0
    endloop
  endfacet
  facet normal 0 0 -1
    outer loop
      vertex 9.79938 12.4356 0
      vertex 0.243075 13.2216 0
      vertex 0 16 0
    endloop
  endfacet
  facet normal 0 0 -1
    outer loop
      vertex 10.1854 78.625 0
      vertex 2.14359 82 0
      vertex 3.74329 84.2846 0
    endloop
  endfacet
  facet normal 0 0 -1
    outer loop
      vertex 9.79938 77.5644 0
      vertex 0.964917 79.4723 0
      vertex 2.14359 82 0
    endloop
  endfacet
  facet normal -0 0 -1
    outer loop
      vertex 9.75 77 0
      vertex 0.243075 76.7784 0
      vertex 0.964917 79.4723 0
    endloop
  endfacet
  facet normal 0 0 -1
    outer loop
      vertex 80.054 75.8884 0
      vertex 79.5 74 0
      vertex 79.8146 75.375 0
    endloop
  endfacet
  facet normal 0 0 -1
    outer loop
      vertex 79.5 74 0
      vertex 79.4896 74.9109 0
      vertex 79.8146 75.375 0
    endloop
  endfacet
  facet normal 0 -0 -1
    outer loop
      vertex 79.4896 74.9109 0
      vertex 79.5 74 0
      vertex 79.4259 74.8472 0
    endloop
  endfacet
  facet normal -0 0 -1
    outer loop
      vertex 71.25 69.2369 0
      vertex 70.5 61.49 0
      vertex 70.5 69.762 0
    endloop
  endfacet
  facet normal 0 0 -1
    outer loop
      vertex 10.5 74 0
      vertex 10.5104 74.9109 0
      vertex 10.5741 74.8472 0
    endloop
  endfacet
  facet normal 0 0 -1
    outer loop
      vertex 10.5 74 0
      vertex 10.1854 75.375 0
      vertex 10.5104 74.9109 0
    endloop
  endfacet
  facet normal 0 0 -1
    outer loop
      vertex 0 16 0
      vertex 10.1854 14.625 0
      vertex 9.946 14.1116 0
    endloop
  endfacet
  facet normal 0 0 -1
    outer loop
      vertex 10.8317 72.1189 0
      vertex 0 74 0
      vertex 10.5836 73.0449 0
    endloop
  endfacet
  facet normal 0 0 -1
    outer loop
      vertex 10.5 74 0
      vertex 9.946 75.8884 0
      vertex 10.1854 75.375 0
    endloop
  endfacet
  facet normal 0 0 -1
    outer loop
      vertex 0 16 0
      vertex 9.946 14.1116 0
      vertex 9.79938 13.5644 0
    endloop
  endfacet
  facet normal 0 0 -1
    outer loop
      vertex 10.5836 73.0449 0
      vertex 0 74 0
      vertex 10.5 74 0
    endloop
  endfacet
  facet normal 0 0 -1
    outer loop
      vertex 9.79938 12.4356 0
      vertex 0 16 0
      vertex 9.75 13 0
    endloop
  endfacet
  facet normal 0 0 -1
    outer loop
      vertex 9.75 13 0
      vertex 0 16 0
      vertex 9.79938 13.5644 0
    endloop
  endfacet
  facet normal 0.258824 -0.965925 0
    outer loop
      vertex 76.7784 0.243075 0
      vertex 79.4723 0.964917 5
      vertex 76.7784 0.243075 5
    endloop
  endfacet
  facet normal 0.258824 -0.965925 0
    outer loop
      vertex 79.4723 0.964917 5
      vertex 76.7784 0.243075 0
      vertex 79.4723 0.964917 0
    endloop
  endfacet
  facet normal 0.707107 0.707107 0
    outer loop
      vertex 86.2567 84.2846 5
      vertex 84.2846 86.2567 0
      vertex 84.2846 86.2567 5
    endloop
  endfacet
  facet normal 0.707107 0.707107 0
    outer loop
      vertex 84.2846 86.2567 0
      vertex 86.2567 84.2846 5
      vertex 86.2567 84.2846 0
    endloop
  endfacet
  facet normal -0.996195 -0.0871545 0
    outer loop
      vertex 0.243075 13.2216 0
      vertex 0 16 5
      vertex 0 16 0
    endloop
  endfacet
  facet normal -0.996195 -0.0871545 0
    outer loop
      vertex 0 16 5
      vertex 0.243075 13.2216 0
      vertex 0.243075 13.2216 5
    endloop
  endfacet
  facet normal -0.0871545 -0.996195 0
    outer loop
      vertex 13.2216 0.243075 0
      vertex 16 0 5
      vertex 13.2216 0.243075 5
    endloop
  endfacet
  facet normal -0.0871545 -0.996195 -0
    outer loop
      vertex 16 0 5
      vertex 13.2216 0.243075 0
      vertex 16 0 0
    endloop
  endfacet
  facet normal 0.996194 -0.0871634 0
    outer loop
      vertex 89.7569 13.2216 5
      vertex 90 16 0
      vertex 90 16 5
    endloop
  endfacet
  facet normal 0.996194 -0.0871634 0
    outer loop
      vertex 90 16 0
      vertex 89.7569 13.2216 5
      vertex 89.7569 13.2216 0
    endloop
  endfacet
  facet normal 0 1 -0
    outer loop
      vertex 74 90 0
      vertex 16 90 5
      vertex 74 90 5
    endloop
  endfacet
  facet normal 0 1 0
    outer loop
      vertex 16 90 5
      vertex 74 90 0
      vertex 16 90 0
    endloop
  endfacet
  facet normal -0.996195 0.0871545 0
    outer loop
      vertex 0 74 0
      vertex 0.243075 76.7784 5
      vertex 0.243075 76.7784 0
    endloop
  endfacet
  facet normal -0.996195 0.0871545 0
    outer loop
      vertex 0.243075 76.7784 5
      vertex 0 74 0
      vertex 0 74 5
    endloop
  endfacet
  facet normal -0.422614 -0.90631 0
    outer loop
      vertex 8 2.14359 0
      vertex 10.5277 0.964917 5
      vertex 8 2.14359 5
    endloop
  endfacet
  facet normal -0.422614 -0.90631 -0
    outer loop
      vertex 10.5277 0.964917 5
      vertex 8 2.14359 0
      vertex 10.5277 0.964917 0
    endloop
  endfacet
  facet normal -1 0 0
    outer loop
      vertex 0 16 0
      vertex 0 74 5
      vertex 0 74 0
    endloop
  endfacet
  facet normal -1 -0 0
    outer loop
      vertex 0 74 5
      vertex 0 16 0
      vertex 0 16 5
    endloop
  endfacet
  facet normal 1 -0 0
    outer loop
      vertex 90 16 5
      vertex 90 74 0
      vertex 90 74 5
    endloop
  endfacet
  facet normal 1 0 0
    outer loop
      vertex 90 74 0
      vertex 90 16 5
      vertex 90 16 0
    endloop
  endfacet
  facet normal 0 -1 0
    outer loop
      vertex 16 0 0
      vertex 74 0 5
      vertex 16 0 5
    endloop
  endfacet
  facet normal 0 -1 -0
    outer loop
      vertex 74 0 5
      vertex 16 0 0
      vertex 74 0 0
    endloop
  endfacet
  facet normal 0.422622 0.906306 -0
    outer loop
      vertex 82 87.8564 0
      vertex 79.4723 89.0351 5
      vertex 82 87.8564 5
    endloop
  endfacet
  facet normal 0.422622 0.906306 0
    outer loop
      vertex 79.4723 89.0351 5
      vertex 82 87.8564 0
      vertex 79.4723 89.0351 0
    endloop
  endfacet
  facet normal -0.707105 0.707109 0
    outer loop
      vertex 3.74329 84.2846 0
      vertex 5.7154 86.2567 5
      vertex 5.7154 86.2567 0
    endloop
  endfacet
  facet normal -0.707105 0.707109 0
    outer loop
      vertex 5.7154 86.2567 5
      vertex 3.74329 84.2846 0
      vertex 3.74329 84.2846 5
    endloop
  endfacet
  facet normal -0.573578 -0.819151 0
    outer loop
      vertex 5.7154 3.74329 0
      vertex 8 2.14359 5
      vertex 5.7154 3.74329 5
    endloop
  endfacet
  facet normal -0.573578 -0.819151 -0
    outer loop
      vertex 8 2.14359 5
      vertex 5.7154 3.74329 0
      vertex 8 2.14359 0
    endloop
  endfacet
  facet normal -0.707107 -0.707107 0
    outer loop
      vertex 5.7154 3.74329 0
      vertex 3.74329 5.7154 5
      vertex 3.74329 5.7154 0
    endloop
  endfacet
  facet normal -0.707107 -0.707107 0
    outer loop
      vertex 3.74329 5.7154 5
      vertex 5.7154 3.74329 0
      vertex 5.7154 3.74329 5
    endloop
  endfacet
  facet normal 0.819151 -0.573578 0
    outer loop
      vertex 86.2567 5.7154 5
      vertex 87.8564 8 0
      vertex 87.8564 8 5
    endloop
  endfacet
  facet normal 0.819151 -0.573578 0
    outer loop
      vertex 87.8564 8 0
      vertex 86.2567 5.7154 5
      vertex 86.2567 5.7154 0
    endloop
  endfacet
  facet normal -0.258824 -0.965925 0
    outer loop
      vertex 10.5277 0.964917 0
      vertex 13.2216 0.243075 5
      vertex 10.5277 0.964917 5
    endloop
  endfacet
  facet normal -0.258824 -0.965925 -0
    outer loop
      vertex 13.2216 0.243075 5
      vertex 10.5277 0.964917 0
      vertex 13.2216 0.243075 0
    endloop
  endfacet
  facet normal 0.422614 -0.90631 0
    outer loop
      vertex 79.4723 0.964917 0
      vertex 82 2.14359 5
      vertex 79.4723 0.964917 5
    endloop
  endfacet
  facet normal 0.422614 -0.90631 0
    outer loop
      vertex 82 2.14359 5
      vertex 79.4723 0.964917 0
      vertex 82 2.14359 0
    endloop
  endfacet
  facet normal -0.965925 0.258824 0
    outer loop
      vertex 0.243075 76.7784 0
      vertex 0.964917 79.4723 5
      vertex 0.964917 79.4723 0
    endloop
  endfacet
  facet normal -0.965925 0.258824 0
    outer loop
      vertex 0.964917 79.4723 5
      vertex 0.243075 76.7784 0
      vertex 0.243075 76.7784 5
    endloop
  endfacet
  facet normal -0.819151 -0.573578 0
    outer loop
      vertex 3.74329 5.7154 0
      vertex 2.14359 8 5
      vertex 2.14359 8 0
    endloop
  endfacet
  facet normal -0.819151 -0.573578 0
    outer loop
      vertex 2.14359 8 5
      vertex 3.74329 5.7154 0
      vertex 3.74329 5.7154 5
    endloop
  endfacet
  facet normal 0.0871545 -0.996195 0
    outer loop
      vertex 74 0 0
      vertex 76.7784 0.243075 5
      vertex 74 0 5
    endloop
  endfacet
  facet normal 0.0871545 -0.996195 0
    outer loop
      vertex 76.7784 0.243075 5
      vertex 74 0 0
      vertex 76.7784 0.243075 0
    endloop
  endfacet
  facet normal -0.90631 0.422614 0
    outer loop
      vertex 0.964917 79.4723 0
      vertex 2.14359 82 5
      vertex 2.14359 82 0
    endloop
  endfacet
  facet normal -0.90631 0.422614 0
    outer loop
      vertex 2.14359 82 5
      vertex 0.964917 79.4723 0
      vertex 0.964917 79.4723 5
    endloop
  endfacet
  facet normal 0.573578 -0.819151 0
    outer loop
      vertex 82 2.14359 0
      vertex 84.2846 3.74329 5
      vertex 82 2.14359 5
    endloop
  endfacet
  facet normal 0.573578 -0.819151 0
    outer loop
      vertex 84.2846 3.74329 5
      vertex 82 2.14359 0
      vertex 84.2846 3.74329 0
    endloop
  endfacet
  facet normal 0.573578 0.819151 -0
    outer loop
      vertex 84.2846 86.2567 0
      vertex 82 87.8564 5
      vertex 84.2846 86.2567 5
    endloop
  endfacet
  facet normal 0.573578 0.819151 0
    outer loop
      vertex 82 87.8564 5
      vertex 84.2846 86.2567 0
      vertex 82 87.8564 0
    endloop
  endfacet
  facet normal -0.25881 0.965928 0
    outer loop
      vertex 13.2216 89.7569 0
      vertex 10.5277 89.0351 5
      vertex 13.2216 89.7569 5
    endloop
  endfacet
  facet normal -0.25881 0.965928 0
    outer loop
      vertex 10.5277 89.0351 5
      vertex 13.2216 89.7569 0
      vertex 10.5277 89.0351 0
    endloop
  endfacet
  facet normal 0.819151 0.573578 0
    outer loop
      vertex 87.8564 82 5
      vertex 86.2567 84.2846 0
      vertex 86.2567 84.2846 5
    endloop
  endfacet
  facet normal 0.819151 0.573578 0
    outer loop
      vertex 86.2567 84.2846 0
      vertex 87.8564 82 5
      vertex 87.8564 82 0
    endloop
  endfacet
  facet normal 0.906306 0.422622 0
    outer loop
      vertex 89.0351 79.4723 5
      vertex 87.8564 82 0
      vertex 87.8564 82 5
    endloop
  endfacet
  facet normal 0.906306 0.422622 0
    outer loop
      vertex 87.8564 82 0
      vertex 89.0351 79.4723 5
      vertex 89.0351 79.4723 0
    endloop
  endfacet
  facet normal 0.965928 0.25881 0
    outer loop
      vertex 89.7569 76.7784 5
      vertex 89.0351 79.4723 0
      vertex 89.0351 79.4723 5
    endloop
  endfacet
  facet normal 0.965928 0.25881 0
    outer loop
      vertex 89.0351 79.4723 0
      vertex 89.7569 76.7784 5
      vertex 89.7569 76.7784 0
    endloop
  endfacet
  facet normal 0.707109 -0.707105 0
    outer loop
      vertex 84.2846 3.74329 0
      vertex 86.2567 5.7154 5
      vertex 84.2846 3.74329 5
    endloop
  endfacet
  facet normal 0.707109 -0.707105 0
    outer loop
      vertex 86.2567 5.7154 5
      vertex 84.2846 3.74329 0
      vertex 86.2567 5.7154 0
    endloop
  endfacet
  facet normal -0 0 1
    outer loop
      vertex 86.4025 75.8574 5
      vertex 90 74 5
      vertex 89.7569 76.7784 5
    endloop
  endfacet
  facet normal 0 0 1
    outer loop
      vertex 90 74 5
      vertex 86.6 73.6 5
      vertex 90 16 5
    endloop
  endfacet
  facet normal -0 0 1
    outer loop
      vertex 85.816 78.0463 5
      vertex 89.7569 76.7784 5
      vertex 89.0351 79.4723 5
    endloop
  endfacet
  facet normal -0 0 1
    outer loop
      vertex 86.6 16.4 5
      vertex 90 16 5
      vertex 86.6 73.6 5
    endloop
  endfacet
  facet normal -0 0 1
    outer loop
      vertex 84.8583 80.1 5
      vertex 89.0351 79.4723 5
      vertex 87.8564 82 5
    endloop
  endfacet
  facet normal 0 0 1
    outer loop
      vertex 86.4025 14.1426 5
      vertex 90 16 5
      vertex 86.6 16.4 5
    endloop
  endfacet
  facet normal 0 0 1
    outer loop
      vertex 90 16 5
      vertex 86.4025 14.1426 5
      vertex 89.7569 13.2216 5
    endloop
  endfacet
  facet normal 0 0 1
    outer loop
      vertex 90 74 5
      vertex 86.4025 75.8574 5
      vertex 86.6 73.6 5
    endloop
  endfacet
  facet normal 0 0 1
    outer loop
      vertex 83.5586 81.9562 5
      vertex 87.8564 82 5
      vertex 86.2567 84.2846 5
    endloop
  endfacet
  facet normal 0 0 1
    outer loop
      vertex 89.7569 76.7784 5
      vertex 85.816 78.0463 5
      vertex 86.4025 75.8574 5
    endloop
  endfacet
  facet normal 0 0 1
    outer loop
      vertex 89.0351 79.4723 5
      vertex 84.8583 80.1 5
      vertex 85.816 78.0463 5
    endloop
  endfacet
  facet normal 0 0 1
    outer loop
      vertex 83.5586 81.9562 5
      vertex 86.2567 84.2846 5
      vertex 84.2846 86.2567 5
    endloop
  endfacet
  facet normal 0 0 1
    outer loop
      vertex 87.8564 82 5
      vertex 83.5586 81.9562 5
      vertex 84.8583 80.1 5
    endloop
  endfacet
  facet normal 0 0 1
    outer loop
      vertex 81.9562 83.5586 5
      vertex 84.2846 86.2567 5
      vertex 82 87.8564 5
    endloop
  endfacet
  facet normal 0 0 1
    outer loop
      vertex 84.2846 86.2567 5
      vertex 81.9562 83.5586 5
      vertex 83.5586 81.9562 5
    endloop
  endfacet
  facet normal 0 0 1
    outer loop
      vertex 82 87.8564 5
      vertex 80.1 84.8583 5
      vertex 81.9562 83.5586 5
    endloop
  endfacet
  facet normal 0 0 1
    outer loop
      vertex 79.4723 89.0351 5
      vertex 80.1 84.8583 5
      vertex 82 87.8564 5
    endloop
  endfacet
  facet normal 0 0 1
    outer loop
      vertex 79.4723 89.0351 5
      vertex 78.0463 85.816 5
      vertex 80.1 84.8583 5
    endloop
  endfacet
  facet normal 0 0 1
    outer loop
      vertex 76.7784 89.7569 5
      vertex 78.0463 85.816 5
      vertex 79.4723 89.0351 5
    endloop
  endfacet
  facet normal 0 0 1
    outer loop
      vertex 76.7784 89.7569 5
      vertex 75.8574 86.4025 5
      vertex 78.0463 85.816 5
    endloop
  endfacet
  facet normal 0 0 1
    outer loop
      vertex 74 90 5
      vertex 75.8574 86.4025 5
      vertex 76.7784 89.7569 5
    endloop
  endfacet
  facet normal 0 0 1
    outer loop
      vertex 74 90 5
      vertex 73.6 86.6 5
      vertex 75.8574 86.4025 5
    endloop
  endfacet
  facet normal 0 0 1
    outer loop
      vertex 74 90 5
      vertex 16.4 86.6 5
      vertex 73.6 86.6 5
    endloop
  endfacet
  facet normal -0 0 1
    outer loop
      vertex 16 90 5
      vertex 16.4 86.6 5
      vertex 74 90 5
    endloop
  endfacet
  facet normal 0 0 1
    outer loop
      vertex 16 90 5
      vertex 14.1426 86.4025 5
      vertex 16.4 86.6 5
    endloop
  endfacet
  facet normal -0 0 1
    outer loop
      vertex 13.2216 89.7569 5
      vertex 14.1426 86.4025 5
      vertex 16 90 5
    endloop
  endfacet
  facet normal 0 0 1
    outer loop
      vertex 13.2216 89.7569 5
      vertex 11.9537 85.816 5
      vertex 14.1426 86.4025 5
    endloop
  endfacet
  facet normal -0 0 1
    outer loop
      vertex 10.5277 89.0351 5
      vertex 11.9537 85.816 5
      vertex 13.2216 89.7569 5
    endloop
  endfacet
  facet normal 0 0 1
    outer loop
      vertex 10.5277 89.0351 5
      vertex 9.9 84.8583 5
      vertex 11.9537 85.816 5
    endloop
  endfacet
  facet normal -0 0 1
    outer loop
      vertex 8 87.8564 5
      vertex 9.9 84.8583 5
      vertex 10.5277 89.0351 5
    endloop
  endfacet
  facet normal 0 0 1
    outer loop
      vertex 9.9 84.8583 5
      vertex 8 87.8564 5
      vertex 8.04376 83.5586 5
    endloop
  endfacet
  facet normal -0 0 1
    outer loop
      vertex 5.7154 86.2567 5
      vertex 8.04376 83.5586 5
      vertex 8 87.8564 5
    endloop
  endfacet
  facet normal 0 0 1
    outer loop
      vertex 8.04376 83.5586 5
      vertex 5.7154 86.2567 5
      vertex 6.44142 81.9562 5
    endloop
  endfacet
  facet normal -0 0 1
    outer loop
      vertex 3.74329 84.2846 5
      vertex 6.44142 81.9562 5
      vertex 5.7154 86.2567 5
    endloop
  endfacet
  facet normal -0 0 1
    outer loop
      vertex 2.14359 82 5
      vertex 6.44142 81.9562 5
      vertex 3.74329 84.2846 5
    endloop
  endfacet
  facet normal 0 0 1
    outer loop
      vertex 6.44142 81.9562 5
      vertex 2.14359 82 5
      vertex 5.14167 80.1 5
    endloop
  endfacet
  facet normal 0 0 1
    outer loop
      vertex 0.964917 79.4723 5
      vertex 5.14167 80.1 5
      vertex 2.14359 82 5
    endloop
  endfacet
  facet normal 0 0 1
    outer loop
      vertex 5.14167 80.1 5
      vertex 0.964917 79.4723 5
      vertex 4.184 78.0463 5
    endloop
  endfacet
  facet normal 0 0 1
    outer loop
      vertex 4.184 78.0463 5
      vertex 0.243075 76.7784 5
      vertex 3.5975 75.8574 5
    endloop
  endfacet
  facet normal 0 0 1
    outer loop
      vertex 0.243075 76.7784 5
      vertex 4.184 78.0463 5
      vertex 0.964917 79.4723 5
    endloop
  endfacet
  facet normal 0 0 1
    outer loop
      vertex 85.816 11.9537 5
      vertex 89.7569 13.2216 5
      vertex 86.4025 14.1426 5
    endloop
  endfacet
  facet normal 0 0 1
    outer loop
      vertex 89.7569 13.2216 5
      vertex 85.816 11.9537 5
      vertex 89.0351 10.5277 5
    endloop
  endfacet
  facet normal 0 0 1
    outer loop
      vertex 84.8583 9.9 5
      vertex 89.0351 10.5277 5
      vertex 85.816 11.9537 5
    endloop
  endfacet
  facet normal 0 0 1
    outer loop
      vertex 89.0351 10.5277 5
      vertex 84.8583 9.9 5
      vertex 87.8564 8 5
    endloop
  endfacet
  facet normal -0 0 1
    outer loop
      vertex 83.5586 8.04376 5
      vertex 87.8564 8 5
      vertex 84.8583 9.9 5
    endloop
  endfacet
  facet normal 0 0 1
    outer loop
      vertex 87.8564 8 5
      vertex 83.5586 8.04376 5
      vertex 86.2567 5.7154 5
    endloop
  endfacet
  facet normal 0 0 1
    outer loop
      vertex 86.2567 5.7154 5
      vertex 83.5586 8.04376 5
      vertex 84.2846 3.74329 5
    endloop
  endfacet
  facet normal -0 0 1
    outer loop
      vertex 81.9562 6.44142 5
      vertex 84.2846 3.74329 5
      vertex 83.5586 8.04376 5
    endloop
  endfacet
  facet normal 0 0 1
    outer loop
      vertex 84.2846 3.74329 5
      vertex 81.9562 6.44142 5
      vertex 82 2.14359 5
    endloop
  endfacet
  facet normal -0 0 1
    outer loop
      vertex 80.1 5.14167 5
      vertex 82 2.14359 5
      vertex 81.9562 6.44142 5
    endloop
  endfacet
  facet normal 0 0 1
    outer loop
      vertex 80.1 5.14167 5
      vertex 79.4723 0.964917 5
      vertex 82 2.14359 5
    endloop
  endfacet
  facet normal -0 0 1
    outer loop
      vertex 78.0463 4.184 5
      vertex 79.4723 0.964917 5
      vertex 80.1 5.14167 5
    endloop
  endfacet
  facet normal 0 0 1
    outer loop
      vertex 78.0463 4.184 5
      vertex 76.7784 0.243075 5
      vertex 79.4723 0.964917 5
    endloop
  endfacet
  facet normal -0 0 1
    outer loop
      vertex 75.8574 3.5975 5
      vertex 76.7784 0.243075 5
      vertex 78.0463 4.184 5
    endloop
  endfacet
  facet normal 0 0 1
    outer loop
      vertex 75.8574 3.5975 5
      vertex 74 0 5
      vertex 76.7784 0.243075 5
    endloop
  endfacet
  facet normal -0 0 1
    outer loop
      vertex 73.6 3.4 5
      vertex 74 0 5
      vertex 75.8574 3.5975 5
    endloop
  endfacet
  facet normal -0 0 1
    outer loop
      vertex 16.4 3.4 5
      vertex 74 0 5
      vertex 73.6 3.4 5
    endloop
  endfacet
  facet normal 0 0 1
    outer loop
      vertex 16.4 3.4 5
      vertex 16 0 5
      vertex 74 0 5
    endloop
  endfacet
  facet normal 0 0 1
    outer loop
      vertex 14.1426 3.5975 5
      vertex 16 0 5
      vertex 16.4 3.4 5
    endloop
  endfacet
  facet normal 0 0 1
    outer loop
      vertex 14.1426 3.5975 5
      vertex 13.2216 0.243075 5
      vertex 16 0 5
    endloop
  endfacet
  facet normal 0 0 1
    outer loop
      vertex 11.9537 4.184 5
      vertex 13.2216 0.243075 5
      vertex 14.1426 3.5975 5
    endloop
  endfacet
  facet normal 0 0 1
    outer loop
      vertex 11.9537 4.184 5
      vertex 10.5277 0.964917 5
      vertex 13.2216 0.243075 5
    endloop
  endfacet
  facet normal 0 0 1
    outer loop
      vertex 9.9 5.14167 5
      vertex 10.5277 0.964917 5
      vertex 11.9537 4.184 5
    endloop
  endfacet
  facet normal 0 0 1
    outer loop
      vertex 8 2.14359 5
      vertex 9.9 5.14167 5
      vertex 8.04376 6.44142 5
    endloop
  endfacet
  facet normal 0 0 1
    outer loop
      vertex 9.9 5.14167 5
      vertex 8 2.14359 5
      vertex 10.5277 0.964917 5
    endloop
  endfacet
  facet normal 0 0 1
    outer loop
      vertex 5.7154 3.74329 5
      vertex 8.04376 6.44142 5
      vertex 6.44142 8.04376 5
    endloop
  endfacet
  facet normal 0 0 1
    outer loop
      vertex 8.04376 6.44142 5
      vertex 5.7154 3.74329 5
      vertex 8 2.14359 5
    endloop
  endfacet
  facet normal 0 0 1
    outer loop
      vertex 2.14359 8 5
      vertex 6.44142 8.04376 5
      vertex 5.14167 9.9 5
    endloop
  endfacet
  facet normal -0 0 1
    outer loop
      vertex 0.964917 10.5277 5
      vertex 5.14167 9.9 5
      vertex 4.184 11.9537 5
    endloop
  endfacet
  facet normal 0 0 1
    outer loop
      vertex 6.44142 8.04376 5
      vertex 3.74329 5.7154 5
      vertex 5.7154 3.74329 5
    endloop
  endfacet
  facet normal -0 0 1
    outer loop
      vertex 0.243075 13.2216 5
      vertex 4.184 11.9537 5
      vertex 3.5975 14.1426 5
    endloop
  endfacet
  facet normal -0 0 1
    outer loop
      vertex 0 16 5
      vertex 3.5975 14.1426 5
      vertex 3.4 16.4 5
    endloop
  endfacet
  facet normal 0 0 1
    outer loop
      vertex 6.44142 8.04376 5
      vertex 2.14359 8 5
      vertex 3.74329 5.7154 5
    endloop
  endfacet
  facet normal 0 0 1
    outer loop
      vertex 3.4 73.6 5
      vertex 0 74 5
      vertex 3.4 16.4 5
    endloop
  endfacet
  facet normal 0 0 1
    outer loop
      vertex 0 74 5
      vertex 3.5975 75.8574 5
      vertex 0.243075 76.7784 5
    endloop
  endfacet
  facet normal 0 0 1
    outer loop
      vertex 0 16 5
      vertex 3.4 16.4 5
      vertex 0 74 5
    endloop
  endfacet
  facet normal 0 0 1
    outer loop
      vertex 3.5975 75.8574 5
      vertex 0 74 5
      vertex 3.4 73.6 5
    endloop
  endfacet
  facet normal 0 0 1
    outer loop
      vertex 3.5975 14.1426 5
      vertex 0 16 5
      vertex 0.243075 13.2216 5
    endloop
  endfacet
  facet normal 0 0 1
    outer loop
      vertex 5.14167 9.9 5
      vertex 0.964917 10.5277 5
      vertex 2.14359 8 5
    endloop
  endfacet
  facet normal 0 0 1
    outer loop
      vertex 4.184 11.9537 5
      vertex 0.243075 13.2216 5
      vertex 0.964917 10.5277 5
    endloop
  endfacet
  facet normal 0 0 1
    outer loop
      vertex 31.5226 74.7687 5
      vertex 18.5981 78 5
      vertex 31.5 74.51 5
    endloop
  endfacet
  facet normal 0 0 1
    outer loop
      vertex 31.5 61.49 5
      vertex 18.9544 57.0209 5
      vertex 19 56.5 5
    endloop
  endfacet
  facet normal -0 0 1
    outer loop
      vertex 18.2981 77.5716 5
      vertex 31.5 74.51 5
      vertex 18.5981 78 5
    endloop
  endfacet
  facet normal 0 0 1
    outer loop
      vertex 31.5 61.49 5
      vertex 18.8191 57.5261 5
      vertex 18.9544 57.0209 5
    endloop
  endfacet
  facet normal -0 0 1
    outer loop
      vertex 17.9284 77.2019 5
      vertex 31.5 74.51 5
      vertex 18.2981 77.5716 5
    endloop
  endfacet
  facet normal 0 0 1
    outer loop
      vertex 31.5 61.49 5
      vertex 18.5981 58 5
      vertex 18.8191 57.5261 5
    endloop
  endfacet
  facet normal -0 0 1
    outer loop
      vertex 17.5 76.9019 5
      vertex 31.5 74.51 5
      vertex 17.9284 77.2019 5
    endloop
  endfacet
  facet normal 0 0 1
    outer loop
      vertex 31.5 61.49 5
      vertex 18.2981 58.4284 5
      vertex 18.5981 58 5
    endloop
  endfacet
  facet normal 0 0 1
    outer loop
      vertex 31.5 74.51 5
      vertex 17.5 76.9019 5
      vertex 31.5 61.49 5
    endloop
  endfacet
  facet normal 0 0 1
    outer loop
      vertex 31.5 61.49 5
      vertex 17.9284 58.7981 5
      vertex 18.2981 58.4284 5
    endloop
  endfacet
  facet normal 0 0 1
    outer loop
      vertex 17.5 59.0981 5
      vertex 31.5 61.49 5
      vertex 17.5 76.9019 5
    endloop
  endfacet
  facet normal 0 0 1
    outer loop
      vertex 31.5 61.49 5
      vertex 17.5 59.0981 5
      vertex 17.9284 58.7981 5
    endloop
  endfacet
  facet normal -0 0 1
    outer loop
      vertex 17.0261 76.6809 5
      vertex 17.5 59.0981 5
      vertex 17.5 76.9019 5
    endloop
  endfacet
  facet normal 0 0 1
    outer loop
      vertex 17.0261 76.6809 5
      vertex 17.0261 59.3191 5
      vertex 17.5 59.0981 5
    endloop
  endfacet
  facet normal -0 0 1
    outer loop
      vertex 16.5209 76.5456 5
      vertex 17.0261 59.3191 5
      vertex 17.0261 76.6809 5
    endloop
  endfacet
  facet normal 0 0 1
    outer loop
      vertex 16.5209 76.5456 5
      vertex 16.5209 59.4544 5
      vertex 17.0261 59.3191 5
    endloop
  endfacet
  facet normal 0 0 1
    outer loop
      vertex 13.8 75.6144 5
      vertex 16.5209 76.5456 5
      vertex 16 76.5 5
    endloop
  endfacet
  facet normal 0 0 1
    outer loop
      vertex 16.5209 76.5456 5
      vertex 13.8 75.6144 5
      vertex 16.5209 59.4544 5
    endloop
  endfacet
  facet normal 0 0 1
    outer loop
      vertex 14.2257 75.9715 5
      vertex 16 76.5 5
      vertex 15.4791 76.5456 5
    endloop
  endfacet
  facet normal -0 0 1
    outer loop
      vertex 13.5472 75.4965 5
      vertex 16.5209 59.4544 5
      vertex 13.8 75.6144 5
    endloop
  endfacet
  facet normal 0 0 1
    outer loop
      vertex 14.3856 76.2 5
      vertex 15.4791 76.5456 5
      vertex 14.9739 76.6809 5
    endloop
  endfacet
  facet normal 0 0 1
    outer loop
      vertex 16 76.5 5
      vertex 14.2257 75.9715 5
      vertex 14.0285 75.7743 5
    endloop
  endfacet
  facet normal -0 0 1
    outer loop
      vertex 14.5757 76.7222 5
      vertex 14.9739 76.6809 5
      vertex 14.5878 76.861 5
    endloop
  endfacet
  facet normal 0 0 1
    outer loop
      vertex 14.5035 76.4528 5
      vertex 14.9739 76.6809 5
      vertex 14.5757 76.7222 5
    endloop
  endfacet
  facet normal 0 0 1
    outer loop
      vertex 14.3856 76.2 5
      vertex 14.9739 76.6809 5
      vertex 14.5035 76.4528 5
    endloop
  endfacet
  facet normal 0 0 1
    outer loop
      vertex 15.4791 76.5456 5
      vertex 14.3856 76.2 5
      vertex 14.2257 75.9715 5
    endloop
  endfacet
  facet normal 0 0 1
    outer loop
      vertex 16 76.5 5
      vertex 14.0285 75.7743 5
      vertex 13.8 75.6144 5
    endloop
  endfacet
  facet normal 0 0 1
    outer loop
      vertex 16.5209 59.4544 5
      vertex 13.5472 75.4965 5
      vertex 16 59.5 5
    endloop
  endfacet
  facet normal -0 0 1
    outer loop
      vertex 13.2778 75.4243 5
      vertex 16 59.5 5
      vertex 13.5472 75.4965 5
    endloop
  endfacet
  facet normal 0 0 1
    outer loop
      vertex 16 59.5 5
      vertex 13.2778 75.4243 5
      vertex 15.4791 59.4544 5
    endloop
  endfacet
  facet normal -0 0 1
    outer loop
      vertex 13 75.4 5
      vertex 15.4791 59.4544 5
      vertex 13.2778 75.4243 5
    endloop
  endfacet
  facet normal 0 0 1
    outer loop
      vertex 15.4791 59.4544 5
      vertex 13 75.4 5
      vertex 14.9739 59.3191 5
    endloop
  endfacet
  facet normal 0 0 1
    outer loop
      vertex 12.7222 75.4243 5
      vertex 14.9739 59.3191 5
      vertex 13 75.4 5
    endloop
  endfacet
  facet normal 0 0 1
    outer loop
      vertex 14.9739 59.3191 5
      vertex 12.7222 75.4243 5
      vertex 14.5 59.0981 5
    endloop
  endfacet
  facet normal -0 0 1
    outer loop
      vertex 4.6 73.6 5
      vertex 14.5 59.0981 5
      vertex 12.7222 75.4243 5
    endloop
  endfacet
  facet normal 0 0 1
    outer loop
      vertex 14.5 59.0981 5
      vertex 4.6 73.6 5
      vertex 14.0716 58.7981 5
    endloop
  endfacet
  facet normal 0 0 1
    outer loop
      vertex 14.0716 58.7981 5
      vertex 4.6 73.6 5
      vertex 13.7019 58.4284 5
    endloop
  endfacet
  facet normal 0 0 1
    outer loop
      vertex 13.7019 58.4284 5
      vertex 4.6 73.6 5
      vertex 13.4019 58 5
    endloop
  endfacet
  facet normal 0 0 1
    outer loop
      vertex 13.4019 58 5
      vertex 4.6 73.6 5
      vertex 13.1809 57.5261 5
    endloop
  endfacet
  facet normal 0 0 1
    outer loop
      vertex 13.1809 57.5261 5
      vertex 4.6 73.6 5
      vertex 13.0456 57.0209 5
    endloop
  endfacet
  facet normal 0 0 1
    outer loop
      vertex 18.9544 55.9791 5
      vertex 31.5 61.49 5
      vertex 19 56.5 5
    endloop
  endfacet
  facet normal 0 0 1
    outer loop
      vertex 18.8191 55.4739 5
      vertex 31.5 61.49 5
      vertex 18.9544 55.9791 5
    endloop
  endfacet
  facet normal 0 0 1
    outer loop
      vertex 18.5981 55 5
      vertex 31.5 61.49 5
      vertex 18.8191 55.4739 5
    endloop
  endfacet
  facet normal 0 0 1
    outer loop
      vertex 18.2981 54.5716 5
      vertex 31.5 61.49 5
      vertex 18.5981 55 5
    endloop
  endfacet
  facet normal 0 0 1
    outer loop
      vertex 31.5 61.49 5
      vertex 18.2981 54.5716 5
      vertex 19.75 22.4952 5
    endloop
  endfacet
  facet normal -0 0 1
    outer loop
      vertex 17.9284 54.2019 5
      vertex 19.75 22.4952 5
      vertex 18.2981 54.5716 5
    endloop
  endfacet
  facet normal -0 0 1
    outer loop
      vertex 17.5 53.9019 5
      vertex 19.75 22.4952 5
      vertex 17.9284 54.2019 5
    endloop
  endfacet
  facet normal 0 0 1
    outer loop
      vertex 19.75 22.4952 5
      vertex 17.5 53.9019 5
      vertex 18.5652 23.0477 5
    endloop
  endfacet
  facet normal -0 0 1
    outer loop
      vertex 17.0261 53.6809 5
      vertex 18.5652 23.0477 5
      vertex 17.5 53.9019 5
    endloop
  endfacet
  facet normal 0 0 1
    outer loop
      vertex 18.5652 23.0477 5
      vertex 17.0261 53.6809 5
      vertex 17.3024 23.3861 5
    endloop
  endfacet
  facet normal -0 0 1
    outer loop
      vertex 16.5209 53.5456 5
      vertex 17.3024 23.3861 5
      vertex 17.0261 53.6809 5
    endloop
  endfacet
  facet normal 0 0 1
    outer loop
      vertex 16 23.5 5
      vertex 16.5209 53.5456 5
      vertex 16 53.5 5
    endloop
  endfacet
  facet normal 0 0 1
    outer loop
      vertex 16.5209 53.5456 5
      vertex 16 23.5 5
      vertex 17.3024 23.3861 5
    endloop
  endfacet
  facet normal 0 0 1
    outer loop
      vertex 15.4791 53.5456 5
      vertex 16 23.5 5
      vertex 16 53.5 5
    endloop
  endfacet
  facet normal 0 0 1
    outer loop
      vertex 14.6976 23.3861 5
      vertex 15.4791 53.5456 5
      vertex 14.9739 53.6809 5
    endloop
  endfacet
  facet normal 0 0 1
    outer loop
      vertex 15.4791 53.5456 5
      vertex 14.6976 23.3861 5
      vertex 16 23.5 5
    endloop
  endfacet
  facet normal 0 0 1
    outer loop
      vertex 13.4348 23.0477 5
      vertex 14.9739 53.6809 5
      vertex 14.5 53.9019 5
    endloop
  endfacet
  facet normal 0 0 1
    outer loop
      vertex 12.25 22.4952 5
      vertex 14.5 53.9019 5
      vertex 14.0716 54.2019 5
    endloop
  endfacet
  facet normal 0 0 1
    outer loop
      vertex 11.1791 21.7453 5
      vertex 14.0716 54.2019 5
      vertex 13.7019 54.5716 5
    endloop
  endfacet
  facet normal 0 0 1
    outer loop
      vertex 14.9739 53.6809 5
      vertex 13.4348 23.0477 5
      vertex 14.6976 23.3861 5
    endloop
  endfacet
  facet normal 0 0 1
    outer loop
      vertex 11.1791 21.7453 5
      vertex 13.7019 54.5716 5
      vertex 13.4019 55 5
    endloop
  endfacet
  facet normal 0 0 1
    outer loop
      vertex 4.6 16.4 5
      vertex 13.4019 55 5
      vertex 13.1809 55.4739 5
    endloop
  endfacet
  facet normal 0 0 1
    outer loop
      vertex 4.6 16.4 5
      vertex 13.1809 55.4739 5
      vertex 13.0456 55.9791 5
    endloop
  endfacet
  facet normal 0 0 1
    outer loop
      vertex 4.6 73.6 5
      vertex 13.0456 55.9791 5
      vertex 13 56.5 5
    endloop
  endfacet
  facet normal 0 0 1
    outer loop
      vertex 13.0456 57.0209 5
      vertex 4.6 73.6 5
      vertex 13 56.5 5
    endloop
  endfacet
  facet normal 0 0 1
    outer loop
      vertex 4.6 73.6 5
      vertex 12.7222 75.4243 5
      vertex 12.4528 75.4965 5
    endloop
  endfacet
  facet normal 0 0 1
    outer loop
      vertex 13.0456 55.9791 5
      vertex 4.6 73.6 5
      vertex 4.6 16.4 5
    endloop
  endfacet
  facet normal 0 0 1
    outer loop
      vertex 4.6 73.6 5
      vertex 12.4528 75.4965 5
      vertex 12.2 75.6144 5
    endloop
  endfacet
  facet normal 0 0 1
    outer loop
      vertex 4.6 73.6 5
      vertex 12.2 75.6144 5
      vertex 11.9715 75.7743 5
    endloop
  endfacet
  facet normal 0 0 1
    outer loop
      vertex 4.6 73.6 5
      vertex 11.9715 75.7743 5
      vertex 11.7743 75.9715 5
    endloop
  endfacet
  facet normal 0 0 1
    outer loop
      vertex 4.6 73.6 5
      vertex 11.7743 75.9715 5
      vertex 11.6144 76.2 5
    endloop
  endfacet
  facet normal 0 0 1
    outer loop
      vertex 4.77927 75.649 5
      vertex 11.6144 76.2 5
      vertex 11.4965 76.4528 5
    endloop
  endfacet
  facet normal 0 0 1
    outer loop
      vertex 4.77927 75.649 5
      vertex 11.4965 76.4528 5
      vertex 11.4243 76.7222 5
    endloop
  endfacet
  facet normal 0 0 1
    outer loop
      vertex 5.31163 77.6358 5
      vertex 11.4243 76.7222 5
      vertex 11.4 77 5
    endloop
  endfacet
  facet normal 0 0 1
    outer loop
      vertex 14.5 53.9019 5
      vertex 12.25 22.4952 5
      vertex 13.4348 23.0477 5
    endloop
  endfacet
  facet normal 0 0 1
    outer loop
      vertex 13.0456 78.9791 5
      vertex 13 78.6 5
      vertex 13.1507 78.5868 5
    endloop
  endfacet
  facet normal 0 0 1
    outer loop
      vertex 12.4528 78.5035 5
      vertex 13.0456 78.9791 5
      vertex 13 79.5 5
    endloop
  endfacet
  facet normal 0 0 1
    outer loop
      vertex 85.4 73.6 5
      vertex 76.9544 57.0209 5
      vertex 77 56.5 5
    endloop
  endfacet
  facet normal 0 0 1
    outer loop
      vertex 77.2778 75.4243 5
      vertex 76.8191 57.5261 5
      vertex 76.9544 57.0209 5
    endloop
  endfacet
  facet normal 0 0 1
    outer loop
      vertex 74.5209 59.4544 5
      vertex 77 75.4 5
      vertex 76.7222 75.4243 5
    endloop
  endfacet
  facet normal 0 0 1
    outer loop
      vertex 77.2778 75.4243 5
      vertex 76.5981 58 5
      vertex 76.8191 57.5261 5
    endloop
  endfacet
  facet normal 0 0 1
    outer loop
      vertex 70.5 61.49 5
      vertex 76.7222 75.4243 5
      vertex 76.4528 75.4965 5
    endloop
  endfacet
  facet normal 0 0 1
    outer loop
      vertex 77.2778 75.4243 5
      vertex 76.2981 58.4284 5
      vertex 76.5981 58 5
    endloop
  endfacet
  facet normal 0 0 1
    outer loop
      vertex 70.5 74.51 5
      vertex 76.4528 75.4965 5
      vertex 76.2 75.6144 5
    endloop
  endfacet
  facet normal 0 0 1
    outer loop
      vertex 70.5 74.51 5
      vertex 76.2 75.6144 5
      vertex 75.9715 75.7743 5
    endloop
  endfacet
  facet normal 0 0 1
    outer loop
      vertex 77.2778 75.4243 5
      vertex 75.9284 58.7981 5
      vertex 76.2981 58.4284 5
    endloop
  endfacet
  facet normal 0 0 1
    outer loop
      vertex 74 76.5 5
      vertex 75.9715 75.7743 5
      vertex 75.7743 75.9715 5
    endloop
  endfacet
  facet normal 0 0 1
    outer loop
      vertex 74.5209 76.5456 5
      vertex 75.7743 75.9715 5
      vertex 75.6144 76.2 5
    endloop
  endfacet
  facet normal 0 0 1
    outer loop
      vertex 77.2778 75.4243 5
      vertex 75.5 59.0981 5
      vertex 75.9284 58.7981 5
    endloop
  endfacet
  facet normal 0 0 1
    outer loop
      vertex 75.0261 76.6809 5
      vertex 75.6144 76.2 5
      vertex 75.4965 76.4528 5
    endloop
  endfacet
  facet normal -0 0 1
    outer loop
      vertex 75.0261 76.6809 5
      vertex 75.4965 76.4528 5
      vertex 75.4243 76.7222 5
    endloop
  endfacet
  facet normal 0 0 1
    outer loop
      vertex 75.0261 76.6809 5
      vertex 75.4243 76.7222 5
      vertex 75.4122 76.861 5
    endloop
  endfacet
  facet normal 0 0 1
    outer loop
      vertex 75.6144 76.2 5
      vertex 75.0261 76.6809 5
      vertex 74.5209 76.5456 5
    endloop
  endfacet
  facet normal 0 0 1
    outer loop
      vertex 77.2778 75.4243 5
      vertex 75.0261 59.3191 5
      vertex 75.5 59.0981 5
    endloop
  endfacet
  facet normal 0 0 1
    outer loop
      vertex 75.7743 75.9715 5
      vertex 74.5209 76.5456 5
      vertex 74 76.5 5
    endloop
  endfacet
  facet normal 0 0 1
    outer loop
      vertex 77 75.4 5
      vertex 74.5209 59.4544 5
      vertex 75.0261 59.3191 5
    endloop
  endfacet
  facet normal 0 0 1
    outer loop
      vertex 75.9715 75.7743 5
      vertex 74 76.5 5
      vertex 70.5 74.51 5
    endloop
  endfacet
  facet normal 0 0 1
    outer loop
      vertex 76.4528 75.4965 5
      vertex 70.5 74.51 5
      vertex 70.5 61.49 5
    endloop
  endfacet
  facet normal 0 0 1
    outer loop
      vertex 70.5 74.51 5
      vertex 74 76.5 5
      vertex 73.4791 76.5456 5
    endloop
  endfacet
  facet normal 0 0 1
    outer loop
      vertex 76.7222 75.4243 5
      vertex 70.5 61.49 5
      vertex 74.5209 59.4544 5
    endloop
  endfacet
  facet normal 0 0 1
    outer loop
      vertex 70.5 74.51 5
      vertex 73.4791 76.5456 5
      vertex 72.9739 76.6809 5
    endloop
  endfacet
  facet normal 0 0 1
    outer loop
      vertex 74.5209 59.4544 5
      vertex 70.5 61.49 5
      vertex 74 59.5 5
    endloop
  endfacet
  facet normal 0 0 1
    outer loop
      vertex 70.4774 74.7687 5
      vertex 72.9739 76.6809 5
      vertex 72.5 76.9019 5
    endloop
  endfacet
  facet normal 0 0 1
    outer loop
      vertex 74 59.5 5
      vertex 70.5 61.49 5
      vertex 73.4791 59.4544 5
    endloop
  endfacet
  facet normal 0 0 1
    outer loop
      vertex 70.3004 75.255 5
      vertex 72.5 76.9019 5
      vertex 72.0716 77.2019 5
    endloop
  endfacet
  facet normal 0 0 1
    outer loop
      vertex 73.4791 59.4544 5
      vertex 70.5 61.49 5
      vertex 72.9739 59.3191 5
    endloop
  endfacet
  facet normal 0 0 1
    outer loop
      vertex 70.1514 75.4678 5
      vertex 72.0716 77.2019 5
      vertex 71.7019 77.5716 5
    endloop
  endfacet
  facet normal -0 0 1
    outer loop
      vertex 70.4774 61.2313 5
      vertex 72.9739 59.3191 5
      vertex 70.5 61.49 5
    endloop
  endfacet
  facet normal 0 0 1
    outer loop
      vertex 69.755 75.8004 5
      vertex 71.7019 77.5716 5
      vertex 71.4019 78 5
    endloop
  endfacet
  facet normal 0 0 1
    outer loop
      vertex 72.9739 59.3191 5
      vertex 70.4774 61.2313 5
      vertex 72.5 59.0981 5
    endloop
  endfacet
  facet normal 0 0 1
    outer loop
      vertex 69.5196 75.9101 5
      vertex 71.4019 78 5
      vertex 71.1809 78.4739 5
    endloop
  endfacet
  facet normal -0 0 1
    outer loop
      vertex 70.4101 60.9804 5
      vertex 72.5 59.0981 5
      vertex 70.4774 61.2313 5
    endloop
  endfacet
  facet normal 0 0 1
    outer loop
      vertex 69.01 76 5
      vertex 71.1809 78.4739 5
      vertex 71.0456 78.9791 5
    endloop
  endfacet
  facet normal -0 0 1
    outer loop
      vertex 70.3004 60.745 5
      vertex 72.5 59.0981 5
      vertex 70.4101 60.9804 5
    endloop
  endfacet
  facet normal 0 0 1
    outer loop
      vertex 68.7313 75.9774 5
      vertex 71.0456 78.9791 5
      vertex 71 79.5 5
    endloop
  endfacet
  facet normal 0 0 1
    outer loop
      vertex 72.5 59.0981 5
      vertex 70.3004 60.745 5
      vertex 72.0716 58.7981 5
    endloop
  endfacet
  facet normal 0 0 1
    outer loop
      vertex 76.9544 55.9791 5
      vertex 85.4 73.6 5
      vertex 77 56.5 5
    endloop
  endfacet
  facet normal 0 0 1
    outer loop
      vertex 85.4 16.4 5
      vertex 78.5757 13.2778 5
      vertex 78.6 13 5
    endloop
  endfacet
  facet normal 0 0 1
    outer loop
      vertex 76.9544 57.0209 5
      vertex 78.5757 76.7222 5
      vertex 78.5035 76.4528 5
    endloop
  endfacet
  facet normal 0 0 1
    outer loop
      vertex 85.4 73.6 5
      vertex 76.9544 55.9791 5
      vertex 85.4 16.4 5
    endloop
  endfacet
  facet normal 0 0 1
    outer loop
      vertex 76.9544 57.0209 5
      vertex 78.5035 76.4528 5
      vertex 78.3856 76.2 5
    endloop
  endfacet
  facet normal -0 0 1
    outer loop
      vertex 76.8191 55.4739 5
      vertex 85.4 16.4 5
      vertex 76.9544 55.9791 5
    endloop
  endfacet
  facet normal 0 0 1
    outer loop
      vertex 76.9544 57.0209 5
      vertex 78.3856 76.2 5
      vertex 78.2257 75.9715 5
    endloop
  endfacet
  facet normal 0 0 1
    outer loop
      vertex 85.4 16.4 5
      vertex 78.5035 13.5472 5
      vertex 78.5757 13.2778 5
    endloop
  endfacet
  facet normal 0 0 1
    outer loop
      vertex 76.9544 57.0209 5
      vertex 78.2257 75.9715 5
      vertex 78.0285 75.7743 5
    endloop
  endfacet
  facet normal -0 0 1
    outer loop
      vertex 76.5981 55 5
      vertex 85.4 16.4 5
      vertex 76.8191 55.4739 5
    endloop
  endfacet
  facet normal 0 0 1
    outer loop
      vertex 76.9544 57.0209 5
      vertex 78.0285 75.7743 5
      vertex 77.8 75.6144 5
    endloop
  endfacet
  facet normal 0 0 1
    outer loop
      vertex 85.4 16.4 5
      vertex 78.3856 13.8 5
      vertex 78.5035 13.5472 5
    endloop
  endfacet
  facet normal 0 0 1
    outer loop
      vertex 76.9544 57.0209 5
      vertex 77.8 75.6144 5
      vertex 77.5472 75.4965 5
    endloop
  endfacet
  facet normal -0 0 1
    outer loop
      vertex 76.2981 54.5716 5
      vertex 85.4 16.4 5
      vertex 76.5981 55 5
    endloop
  endfacet
  facet normal 0 0 1
    outer loop
      vertex 76.9544 57.0209 5
      vertex 77.5472 75.4965 5
      vertex 77.2778 75.4243 5
    endloop
  endfacet
  facet normal 0 0 1
    outer loop
      vertex 85.4 16.4 5
      vertex 78.2257 14.0285 5
      vertex 78.3856 13.8 5
    endloop
  endfacet
  facet normal 0 0 1
    outer loop
      vertex 75.0261 59.3191 5
      vertex 77.2778 75.4243 5
      vertex 77 75.4 5
    endloop
  endfacet
  facet normal -0 0 1
    outer loop
      vertex 75.9284 54.2019 5
      vertex 85.4 16.4 5
      vertex 76.2981 54.5716 5
    endloop
  endfacet
  facet normal 0 0 1
    outer loop
      vertex 85.4 16.4 5
      vertex 78.0285 14.2257 5
      vertex 78.2257 14.0285 5
    endloop
  endfacet
  facet normal -0 0 1
    outer loop
      vertex 75.5 53.9019 5
      vertex 85.4 16.4 5
      vertex 75.9284 54.2019 5
    endloop
  endfacet
  facet normal 0 0 1
    outer loop
      vertex 85.4 16.4 5
      vertex 77.8 14.3856 5
      vertex 78.0285 14.2257 5
    endloop
  endfacet
  facet normal -0 0 1
    outer loop
      vertex 75.0261 53.6809 5
      vertex 85.4 16.4 5
      vertex 75.5 53.9019 5
    endloop
  endfacet
  facet normal 0 0 1
    outer loop
      vertex 85.4 16.4 5
      vertex 77.5472 14.5035 5
      vertex 77.8 14.3856 5
    endloop
  endfacet
  facet normal -0 0 1
    outer loop
      vertex 74.5209 53.5456 5
      vertex 85.4 16.4 5
      vertex 75.0261 53.6809 5
    endloop
  endfacet
  facet normal 0 0 1
    outer loop
      vertex 85.4 16.4 5
      vertex 77.2778 14.5757 5
      vertex 77.5472 14.5035 5
    endloop
  endfacet
  facet normal 0 -0 1
    outer loop
      vertex 77 14.6 5
      vertex 85.4 16.4 5
      vertex 74.5209 53.5456 5
    endloop
  endfacet
  facet normal 0 0 1
    outer loop
      vertex 85.4 16.4 5
      vertex 77 14.6 5
      vertex 77.2778 14.5757 5
    endloop
  endfacet
  facet normal -0 0 1
    outer loop
      vertex 74 53.5 5
      vertex 77 14.6 5
      vertex 74.5209 53.5456 5
    endloop
  endfacet
  facet normal 0 0 1
    outer loop
      vertex 77 14.6 5
      vertex 74 53.5 5
      vertex 76.7222 14.5757 5
    endloop
  endfacet
  facet normal 0 0 1
    outer loop
      vertex 73.4791 53.5456 5
      vertex 76.7222 14.5757 5
      vertex 74 53.5 5
    endloop
  endfacet
  facet normal 0 0 1
    outer loop
      vertex 76.7222 14.5757 5
      vertex 73.4791 53.5456 5
      vertex 76.4528 14.5035 5
    endloop
  endfacet
  facet normal 0 0 1
    outer loop
      vertex 72.9739 53.6809 5
      vertex 76.4528 14.5035 5
      vertex 73.4791 53.5456 5
    endloop
  endfacet
  facet normal 0 0 1
    outer loop
      vertex 76.4528 14.5035 5
      vertex 72.9739 53.6809 5
      vertex 76.2 14.3856 5
    endloop
  endfacet
  facet normal 0 0 1
    outer loop
      vertex 76.2 14.3856 5
      vertex 72.9739 53.6809 5
      vertex 75.9715 14.2257 5
    endloop
  endfacet
  facet normal 0 0 1
    outer loop
      vertex 72.5 53.9019 5
      vertex 75.9715 14.2257 5
      vertex 72.9739 53.6809 5
    endloop
  endfacet
  facet normal 0 0 1
    outer loop
      vertex 84.6884 77.6358 5
      vertex 78.5757 76.7222 5
      vertex 85.2207 75.649 5
    endloop
  endfacet
  facet normal 0 0 1
    outer loop
      vertex 85.2207 75.649 5
      vertex 78.5757 76.7222 5
      vertex 85.4 73.6 5
    endloop
  endfacet
  facet normal 0 0 1
    outer loop
      vertex 78.5757 76.7222 5
      vertex 84.6884 77.6358 5
      vertex 78.6 77 5
    endloop
  endfacet
  facet normal 0 0 1
    outer loop
      vertex 76.9544 57.0209 5
      vertex 85.4 73.6 5
      vertex 78.5757 76.7222 5
    endloop
  endfacet
  facet normal 0 0 1
    outer loop
      vertex 78.6 77 5
      vertex 84.6884 77.6358 5
      vertex 83.8191 79.5 5
    endloop
  endfacet
  facet normal 0 0 1
    outer loop
      vertex 85.4 16.4 5
      vertex 78.6 13 5
      vertex 85.2207 14.351 5
    endloop
  endfacet
  facet normal 0 0 1
    outer loop
      vertex 78.5035 77.5472 5
      vertex 83.8191 79.5 5
      vertex 82.6393 81.1849 5
    endloop
  endfacet
  facet normal 0 0 1
    outer loop
      vertex 85.2207 14.351 5
      vertex 78.6 13 5
      vertex 84.6884 12.3642 5
    endloop
  endfacet
  facet normal 0 0 1
    outer loop
      vertex 78.2257 78.0285 5
      vertex 82.6393 81.1849 5
      vertex 81.1849 82.6393 5
    endloop
  endfacet
  facet normal 0 0 1
    outer loop
      vertex 84.6884 12.3642 5
      vertex 78.6 13 5
      vertex 83.8191 10.5 5
    endloop
  endfacet
  facet normal 0 0 1
    outer loop
      vertex 76.8191 80.5261 5
      vertex 81.1849 82.6393 5
      vertex 79.5 83.8191 5
    endloop
  endfacet
  facet normal -0 0 1
    outer loop
      vertex 78.5757 12.7222 5
      vertex 83.8191 10.5 5
      vertex 78.6 13 5
    endloop
  endfacet
  facet normal -0 0 1
    outer loop
      vertex 78.5035 12.4528 5
      vertex 83.8191 10.5 5
      vertex 78.5757 12.7222 5
    endloop
  endfacet
  facet normal 0 0 1
    outer loop
      vertex 83.8191 79.5 5
      vertex 78.5757 77.2778 5
      vertex 78.6 77 5
    endloop
  endfacet
  facet normal 0 0 1
    outer loop
      vertex 83.8191 79.5 5
      vertex 78.5035 77.5472 5
      vertex 78.5757 77.2778 5
    endloop
  endfacet
  facet normal 0 0 1
    outer loop
      vertex 82.6393 81.1849 5
      vertex 78.3856 77.8 5
      vertex 78.5035 77.5472 5
    endloop
  endfacet
  facet normal 0 0 1
    outer loop
      vertex 82.6393 81.1849 5
      vertex 78.2257 78.0285 5
      vertex 78.3856 77.8 5
    endloop
  endfacet
  facet normal 0 0 1
    outer loop
      vertex 81.1849 82.6393 5
      vertex 78.0285 78.2257 5
      vertex 78.2257 78.0285 5
    endloop
  endfacet
  facet normal 0 0 1
    outer loop
      vertex 81.1849 82.6393 5
      vertex 76.9544 80.0209 5
      vertex 78.0285 78.2257 5
    endloop
  endfacet
  facet normal 0 0 1
    outer loop
      vertex 76.2981 81.4284 5
      vertex 79.5 83.8191 5
      vertex 77.6358 84.6884 5
    endloop
  endfacet
  facet normal 0 0 1
    outer loop
      vertex 78.0285 78.2257 5
      vertex 76.9544 80.0209 5
      vertex 77.8 78.3856 5
    endloop
  endfacet
  facet normal -0 -0 1
    outer loop
      vertex 77 79.5 5
      vertex 77.8 78.3856 5
      vertex 76.9544 80.0209 5
    endloop
  endfacet
  facet normal 0 0 1
    outer loop
      vertex 77.8 78.3856 5
      vertex 77 79.5 5
      vertex 77.5472 78.5035 5
    endloop
  endfacet
  facet normal -0 0 1
    outer loop
      vertex 76.9544 78.9791 5
      vertex 77.5472 78.5035 5
      vertex 77 79.5 5
    endloop
  endfacet
  facet normal 0 0 1
    outer loop
      vertex 81.1849 82.6393 5
      vertex 76.8191 80.5261 5
      vertex 76.9544 80.0209 5
    endloop
  endfacet
  facet normal 0 0 1
    outer loop
      vertex 79.5 83.8191 5
      vertex 76.5981 81 5
      vertex 76.8191 80.5261 5
    endloop
  endfacet
  facet normal 0 0 1
    outer loop
      vertex 79.5 83.8191 5
      vertex 76.2981 81.4284 5
      vertex 76.5981 81 5
    endloop
  endfacet
  facet normal 0 0 1
    outer loop
      vertex 77.6358 84.6884 5
      vertex 75.9284 81.7981 5
      vertex 76.2981 81.4284 5
    endloop
  endfacet
  facet normal 0 0 1
    outer loop
      vertex 75.5 82.0981 5
      vertex 77.6358 84.6884 5
      vertex 75.649 85.2207 5
    endloop
  endfacet
  facet normal 0 0 1
    outer loop
      vertex 77.6358 84.6884 5
      vertex 75.5 82.0981 5
      vertex 75.9284 81.7981 5
    endloop
  endfacet
  facet normal 0 0 1
    outer loop
      vertex 75.649 85.2207 5
      vertex 75.0261 82.3191 5
      vertex 75.5 82.0981 5
    endloop
  endfacet
  facet normal 0 0 1
    outer loop
      vertex 75.649 85.2207 5
      vertex 74.5209 82.4544 5
      vertex 75.0261 82.3191 5
    endloop
  endfacet
  facet normal 0 0 1
    outer loop
      vertex 73.6 85.4 5
      vertex 74.5209 82.4544 5
      vertex 75.649 85.2207 5
    endloop
  endfacet
  facet normal 0 0 1
    outer loop
      vertex 74.5209 82.4544 5
      vertex 73.6 85.4 5
      vertex 74 82.5 5
    endloop
  endfacet
  facet normal 0 0 1
    outer loop
      vertex 73.6 85.4 5
      vertex 73.4791 82.4544 5
      vertex 74 82.5 5
    endloop
  endfacet
  facet normal 0 0 1
    outer loop
      vertex 73.6 85.4 5
      vertex 72.9739 82.3191 5
      vertex 73.4791 82.4544 5
    endloop
  endfacet
  facet normal 0 0 1
    outer loop
      vertex 73.6 85.4 5
      vertex 72.5 82.0981 5
      vertex 72.9739 82.3191 5
    endloop
  endfacet
  facet normal 0 0 1
    outer loop
      vertex 73.6 85.4 5
      vertex 72.0716 81.7981 5
      vertex 72.5 82.0981 5
    endloop
  endfacet
  facet normal 0 0 1
    outer loop
      vertex 73.6 85.4 5
      vertex 71.7019 81.4284 5
      vertex 72.0716 81.7981 5
    endloop
  endfacet
  facet normal 0 0 1
    outer loop
      vertex 57.2687 75.9774 5
      vertex 71.7019 81.4284 5
      vertex 73.6 85.4 5
    endloop
  endfacet
  facet normal -0 0 1
    outer loop
      vertex 70.1514 60.5322 5
      vertex 72.0716 58.7981 5
      vertex 70.3004 60.745 5
    endloop
  endfacet
  facet normal 0 0 1
    outer loop
      vertex 68.245 75.8004 5
      vertex 71 79.5 5
      vertex 71.0456 80.0209 5
    endloop
  endfacet
  facet normal 0 0 1
    outer loop
      vertex 72.9739 76.6809 5
      vertex 70.4774 74.7687 5
      vertex 70.5 74.51 5
    endloop
  endfacet
  facet normal 0 0 1
    outer loop
      vertex 72.5 76.9019 5
      vertex 70.4101 75.0196 5
      vertex 70.4774 74.7687 5
    endloop
  endfacet
  facet normal 0 0 1
    outer loop
      vertex 72.5 76.9019 5
      vertex 70.3004 75.255 5
      vertex 70.4101 75.0196 5
    endloop
  endfacet
  facet normal 0 0 1
    outer loop
      vertex 72.0716 77.2019 5
      vertex 70.1514 75.4678 5
      vertex 70.3004 75.255 5
    endloop
  endfacet
  facet normal 0 0 1
    outer loop
      vertex 71.7019 77.5716 5
      vertex 69.9678 75.6514 5
      vertex 70.1514 75.4678 5
    endloop
  endfacet
  facet normal 0 0 1
    outer loop
      vertex 71.7019 77.5716 5
      vertex 69.755 75.8004 5
      vertex 69.9678 75.6514 5
    endloop
  endfacet
  facet normal 0 0 1
    outer loop
      vertex 57.9678 75.6514 5
      vertex 71.0456 80.0209 5
      vertex 71.1809 80.5261 5
    endloop
  endfacet
  facet normal 0 0 1
    outer loop
      vertex 71.4019 78 5
      vertex 69.5196 75.9101 5
      vertex 69.755 75.8004 5
    endloop
  endfacet
  facet normal 0 0 1
    outer loop
      vertex 71.1809 78.4739 5
      vertex 69.2687 75.9774 5
      vertex 69.5196 75.9101 5
    endloop
  endfacet
  facet normal 0 0 1
    outer loop
      vertex 71.1809 78.4739 5
      vertex 69.01 76 5
      vertex 69.2687 75.9774 5
    endloop
  endfacet
  facet normal 0 0 1
    outer loop
      vertex 57.755 75.8004 5
      vertex 71.1809 80.5261 5
      vertex 71.4019 81 5
    endloop
  endfacet
  facet normal 0 0 1
    outer loop
      vertex 71.0456 78.9791 5
      vertex 68.99 76 5
      vertex 69.01 76 5
    endloop
  endfacet
  facet normal 0 0 1
    outer loop
      vertex 71.0456 78.9791 5
      vertex 68.7313 75.9774 5
      vertex 68.99 76 5
    endloop
  endfacet
  facet normal 0 0 1
    outer loop
      vertex 71.7019 81.4284 5
      vertex 57.2687 75.9774 5
      vertex 71.4019 81 5
    endloop
  endfacet
  facet normal 0 0 1
    outer loop
      vertex 71 79.5 5
      vertex 68.4804 75.9101 5
      vertex 68.7313 75.9774 5
    endloop
  endfacet
  facet normal 0 0 1
    outer loop
      vertex 71 79.5 5
      vertex 68.245 75.8004 5
      vertex 68.4804 75.9101 5
    endloop
  endfacet
  facet normal 0 0 1
    outer loop
      vertex 71.1809 80.5261 5
      vertex 57.755 75.8004 5
      vertex 57.9678 75.6514 5
    endloop
  endfacet
  facet normal 0 0 1
    outer loop
      vertex 71.0456 80.0209 5
      vertex 68.0322 75.6514 5
      vertex 68.245 75.8004 5
    endloop
  endfacet
  facet normal 0 0 1
    outer loop
      vertex 71.0456 80.0209 5
      vertex 57.9678 75.6514 5
      vertex 68.0322 75.6514 5
    endloop
  endfacet
  facet normal 0 0 1
    outer loop
      vertex 67.5 74.51 5
      vertex 58.5 74.51 5
      vertex 67.5 61.49 5
    endloop
  endfacet
  facet normal 0 0 1
    outer loop
      vertex 67.5226 74.7687 5
      vertex 58.5 74.51 5
      vertex 67.5 74.51 5
    endloop
  endfacet
  facet normal 0 0 1
    outer loop
      vertex 58.4774 74.7687 5
      vertex 67.5226 74.7687 5
      vertex 67.5899 75.0196 5
    endloop
  endfacet
  facet normal 0 0 1
    outer loop
      vertex 58.4101 75.0196 5
      vertex 67.5899 75.0196 5
      vertex 67.6996 75.255 5
    endloop
  endfacet
  facet normal 0 0 1
    outer loop
      vertex 68.0322 75.6514 5
      vertex 57.9678 75.6514 5
      vertex 67.8486 75.4678 5
    endloop
  endfacet
  facet normal 0 0 1
    outer loop
      vertex 67.5226 74.7687 5
      vertex 58.4774 74.7687 5
      vertex 58.5 74.51 5
    endloop
  endfacet
  facet normal 0 0 1
    outer loop
      vertex 67.5899 75.0196 5
      vertex 58.4101 75.0196 5
      vertex 58.4774 74.7687 5
    endloop
  endfacet
  facet normal 0 0 1
    outer loop
      vertex 67.6996 75.255 5
      vertex 58.3004 75.255 5
      vertex 58.4101 75.0196 5
    endloop
  endfacet
  facet normal 0 0 1
    outer loop
      vertex 67.6996 75.255 5
      vertex 58.1514 75.4678 5
      vertex 58.3004 75.255 5
    endloop
  endfacet
  facet normal 0 0 1
    outer loop
      vertex 67.8486 75.4678 5
      vertex 58.1514 75.4678 5
      vertex 67.6996 75.255 5
    endloop
  endfacet
  facet normal 0 -0 1
    outer loop
      vertex 58.1514 75.4678 5
      vertex 67.8486 75.4678 5
      vertex 57.9678 75.6514 5
    endloop
  endfacet
  facet normal 0 0 1
    outer loop
      vertex 71.4019 81 5
      vertex 57.5196 75.9101 5
      vertex 57.755 75.8004 5
    endloop
  endfacet
  facet normal 0 0 1
    outer loop
      vertex 71.4019 81 5
      vertex 57.2687 75.9774 5
      vertex 57.5196 75.9101 5
    endloop
  endfacet
  facet normal 0 0 1
    outer loop
      vertex 73.6 85.4 5
      vertex 57.01 76 5
      vertex 57.2687 75.9774 5
    endloop
  endfacet
  facet normal 0 0 1
    outer loop
      vertex 73.6 85.4 5
      vertex 56.99 76 5
      vertex 57.01 76 5
    endloop
  endfacet
  facet normal 0 0 1
    outer loop
      vertex 73.6 85.4 5
      vertex 56.7313 75.9774 5
      vertex 56.99 76 5
    endloop
  endfacet
  facet normal 0 0 1
    outer loop
      vertex 45.2687 75.9774 5
      vertex 56.7313 75.9774 5
      vertex 73.6 85.4 5
    endloop
  endfacet
  facet normal 0 0 1
    outer loop
      vertex 56.7313 75.9774 5
      vertex 45.2687 75.9774 5
      vertex 56.4804 75.9101 5
    endloop
  endfacet
  facet normal 0 0 1
    outer loop
      vertex 55.5 74.51 5
      vertex 46.5 74.51 5
      vertex 55.5 61.49 5
    endloop
  endfacet
  facet normal 0 0 1
    outer loop
      vertex 55.5226 74.7687 5
      vertex 46.5 74.51 5
      vertex 55.5 74.51 5
    endloop
  endfacet
  facet normal 0 0 1
    outer loop
      vertex 46.4774 74.7687 5
      vertex 55.5226 74.7687 5
      vertex 55.5899 75.0196 5
    endloop
  endfacet
  facet normal 0 0 1
    outer loop
      vertex 46.4101 75.0196 5
      vertex 55.5899 75.0196 5
      vertex 55.6996 75.255 5
    endloop
  endfacet
  facet normal 0 0 1
    outer loop
      vertex 46.3004 75.255 5
      vertex 55.6996 75.255 5
      vertex 55.8486 75.4678 5
    endloop
  endfacet
  facet normal 0 0 1
    outer loop
      vertex 46.1514 75.4678 5
      vertex 55.8486 75.4678 5
      vertex 56.0322 75.6514 5
    endloop
  endfacet
  facet normal 0 0 1
    outer loop
      vertex 45.9678 75.6514 5
      vertex 56.0322 75.6514 5
      vertex 56.245 75.8004 5
    endloop
  endfacet
  facet normal 0 -0 1
    outer loop
      vertex 45.5196 75.9101 5
      vertex 56.4804 75.9101 5
      vertex 45.2687 75.9774 5
    endloop
  endfacet
  facet normal 0 0 1
    outer loop
      vertex 55.5226 74.7687 5
      vertex 46.4774 74.7687 5
      vertex 46.5 74.51 5
    endloop
  endfacet
  facet normal 0 0 1
    outer loop
      vertex 55.5899 75.0196 5
      vertex 46.4101 75.0196 5
      vertex 46.4774 74.7687 5
    endloop
  endfacet
  facet normal 0 0 1
    outer loop
      vertex 55.6996 75.255 5
      vertex 46.3004 75.255 5
      vertex 46.4101 75.0196 5
    endloop
  endfacet
  facet normal 0 0 1
    outer loop
      vertex 55.8486 75.4678 5
      vertex 46.1514 75.4678 5
      vertex 46.3004 75.255 5
    endloop
  endfacet
  facet normal 0 0 1
    outer loop
      vertex 56.0322 75.6514 5
      vertex 45.9678 75.6514 5
      vertex 46.1514 75.4678 5
    endloop
  endfacet
  facet normal 0 0 1
    outer loop
      vertex 56.245 75.8004 5
      vertex 45.755 75.8004 5
      vertex 45.9678 75.6514 5
    endloop
  endfacet
  facet normal 0 0 1
    outer loop
      vertex 56.245 75.8004 5
      vertex 45.5196 75.9101 5
      vertex 45.755 75.8004 5
    endloop
  endfacet
  facet normal 0 0 1
    outer loop
      vertex 56.4804 75.9101 5
      vertex 45.5196 75.9101 5
      vertex 56.245 75.8004 5
    endloop
  endfacet
  facet normal 0 0 1
    outer loop
      vertex 73.6 85.4 5
      vertex 45.01 76 5
      vertex 45.2687 75.9774 5
    endloop
  endfacet
  facet normal 0 0 1
    outer loop
      vertex 73.6 85.4 5
      vertex 44.99 76 5
      vertex 45.01 76 5
    endloop
  endfacet
  facet normal -0 0 1
    outer loop
      vertex 16.4 85.4 5
      vertex 44.99 76 5
      vertex 73.6 85.4 5
    endloop
  endfacet
  facet normal 0 0 1
    outer loop
      vertex 44.99 76 5
      vertex 16.4 85.4 5
      vertex 44.7313 75.9774 5
    endloop
  endfacet
  facet normal 0 0 1
    outer loop
      vertex 43.5 74.51 5
      vertex 34.5 74.51 5
      vertex 43.5 61.49 5
    endloop
  endfacet
  facet normal 0 0 1
    outer loop
      vertex 43.5226 74.7687 5
      vertex 34.5 74.51 5
      vertex 43.5 74.51 5
    endloop
  endfacet
  facet normal 0 0 1
    outer loop
      vertex 34.4774 74.7687 5
      vertex 43.5226 74.7687 5
      vertex 43.5899 75.0196 5
    endloop
  endfacet
  facet normal 0 0 1
    outer loop
      vertex 34.4101 75.0196 5
      vertex 43.5899 75.0196 5
      vertex 43.6996 75.255 5
    endloop
  endfacet
  facet normal 0 0 1
    outer loop
      vertex 34.3004 75.255 5
      vertex 43.6996 75.255 5
      vertex 43.8486 75.4678 5
    endloop
  endfacet
  facet normal 0 0 1
    outer loop
      vertex 34.1514 75.4678 5
      vertex 43.8486 75.4678 5
      vertex 44.0322 75.6514 5
    endloop
  endfacet
  facet normal 0 0 1
    outer loop
      vertex 33.9678 75.6514 5
      vertex 44.0322 75.6514 5
      vertex 44.245 75.8004 5
    endloop
  endfacet
  facet normal 0 0 1
    outer loop
      vertex 33.755 75.8004 5
      vertex 44.245 75.8004 5
      vertex 44.4804 75.9101 5
    endloop
  endfacet
  facet normal 0 -0 1
    outer loop
      vertex 33.2687 75.9774 5
      vertex 44.7313 75.9774 5
      vertex 16.4 85.4 5
    endloop
  endfacet
  facet normal 0 0 1
    outer loop
      vertex 43.5226 74.7687 5
      vertex 34.4774 74.7687 5
      vertex 34.5 74.51 5
    endloop
  endfacet
  facet normal 0 0 1
    outer loop
      vertex 43.5899 75.0196 5
      vertex 34.4101 75.0196 5
      vertex 34.4774 74.7687 5
    endloop
  endfacet
  facet normal 0 0 1
    outer loop
      vertex 43.6996 75.255 5
      vertex 34.3004 75.255 5
      vertex 34.4101 75.0196 5
    endloop
  endfacet
  facet normal 0 0 1
    outer loop
      vertex 43.8486 75.4678 5
      vertex 34.1514 75.4678 5
      vertex 34.3004 75.255 5
    endloop
  endfacet
  facet normal 0 0 1
    outer loop
      vertex 44.0322 75.6514 5
      vertex 33.9678 75.6514 5
      vertex 34.1514 75.4678 5
    endloop
  endfacet
  facet normal 0 0 1
    outer loop
      vertex 44.245 75.8004 5
      vertex 33.755 75.8004 5
      vertex 33.9678 75.6514 5
    endloop
  endfacet
  facet normal 0 0 1
    outer loop
      vertex 44.4804 75.9101 5
      vertex 33.5196 75.9101 5
      vertex 33.755 75.8004 5
    endloop
  endfacet
  facet normal 0 0 1
    outer loop
      vertex 44.7313 75.9774 5
      vertex 33.2687 75.9774 5
      vertex 44.4804 75.9101 5
    endloop
  endfacet
  facet normal 0 0 1
    outer loop
      vertex 44.4804 75.9101 5
      vertex 33.2687 75.9774 5
      vertex 33.5196 75.9101 5
    endloop
  endfacet
  facet normal 0 0 1
    outer loop
      vertex 33.2687 75.9774 5
      vertex 16.4 85.4 5
      vertex 33.01 76 5
    endloop
  endfacet
  facet normal 0 0 1
    outer loop
      vertex 33.01 76 5
      vertex 16.4 85.4 5
      vertex 32.99 76 5
    endloop
  endfacet
  facet normal 0 0 1
    outer loop
      vertex 31.5899 75.0196 5
      vertex 18.8191 78.4739 5
      vertex 31.5226 74.7687 5
    endloop
  endfacet
  facet normal -0 0 1
    outer loop
      vertex 18.8191 78.4739 5
      vertex 31.5899 75.0196 5
      vertex 18.9544 78.9791 5
    endloop
  endfacet
  facet normal 0 0 1
    outer loop
      vertex 31.5 61.49 5
      vertex 23.3861 17.3024 5
      vertex 23.5 16 5
    endloop
  endfacet
  facet normal 0 0 1
    outer loop
      vertex 31.5 61.49 5
      vertex 23.0477 18.5652 5
      vertex 23.3861 17.3024 5
    endloop
  endfacet
  facet normal 0 0 1
    outer loop
      vertex 31.5 61.49 5
      vertex 22.4952 19.75 5
      vertex 23.0477 18.5652 5
    endloop
  endfacet
  facet normal 0 0 1
    outer loop
      vertex 31.5 61.49 5
      vertex 21.7453 20.8209 5
      vertex 22.4952 19.75 5
    endloop
  endfacet
  facet normal 0 0 1
    outer loop
      vertex 31.5 61.49 5
      vertex 20.8209 21.7453 5
      vertex 21.7453 20.8209 5
    endloop
  endfacet
  facet normal 0 0 1
    outer loop
      vertex 31.5 61.49 5
      vertex 19.75 22.4952 5
      vertex 20.8209 21.7453 5
    endloop
  endfacet
  facet normal -0 0 1
    outer loop
      vertex 18.5981 78 5
      vertex 31.5226 74.7687 5
      vertex 18.8191 78.4739 5
    endloop
  endfacet
  facet normal 0 0 1
    outer loop
      vertex 31.6996 75.255 5
      vertex 18.9544 78.9791 5
      vertex 31.5899 75.0196 5
    endloop
  endfacet
  facet normal -0 0 1
    outer loop
      vertex 18.9544 78.9791 5
      vertex 31.6996 75.255 5
      vertex 19 79.5 5
    endloop
  endfacet
  facet normal 0 0 1
    outer loop
      vertex 31.8486 75.4678 5
      vertex 19 79.5 5
      vertex 31.6996 75.255 5
    endloop
  endfacet
  facet normal 0 0 1
    outer loop
      vertex 18.9544 80.0209 5
      vertex 31.8486 75.4678 5
      vertex 32.0322 75.6514 5
    endloop
  endfacet
  facet normal 0 0 1
    outer loop
      vertex 18.8191 80.5261 5
      vertex 32.0322 75.6514 5
      vertex 32.245 75.8004 5
    endloop
  endfacet
  facet normal 0 0 1
    outer loop
      vertex 18.8191 80.5261 5
      vertex 32.245 75.8004 5
      vertex 32.4804 75.9101 5
    endloop
  endfacet
  facet normal 0 0 1
    outer loop
      vertex 18.5981 81 5
      vertex 32.4804 75.9101 5
      vertex 32.7313 75.9774 5
    endloop
  endfacet
  facet normal 0 0 1
    outer loop
      vertex 32.99 76 5
      vertex 16.4 85.4 5
      vertex 32.7313 75.9774 5
    endloop
  endfacet
  facet normal 0 0 1
    outer loop
      vertex 31.8486 75.4678 5
      vertex 18.9544 80.0209 5
      vertex 19 79.5 5
    endloop
  endfacet
  facet normal 0 0 1
    outer loop
      vertex 32.0322 75.6514 5
      vertex 18.8191 80.5261 5
      vertex 18.9544 80.0209 5
    endloop
  endfacet
  facet normal 0 0 1
    outer loop
      vertex 32.4804 75.9101 5
      vertex 18.5981 81 5
      vertex 18.8191 80.5261 5
    endloop
  endfacet
  facet normal -0 -0 1
    outer loop
      vertex 18.2981 81.4284 5
      vertex 32.7313 75.9774 5
      vertex 16.4 85.4 5
    endloop
  endfacet
  facet normal 0 0 1
    outer loop
      vertex 32.7313 75.9774 5
      vertex 18.2981 81.4284 5
      vertex 18.5981 81 5
    endloop
  endfacet
  facet normal 0 0 1
    outer loop
      vertex 18.2981 81.4284 5
      vertex 16.4 85.4 5
      vertex 17.9284 81.7981 5
    endloop
  endfacet
  facet normal 0 0 1
    outer loop
      vertex 17.9284 81.7981 5
      vertex 16.4 85.4 5
      vertex 17.5 82.0981 5
    endloop
  endfacet
  facet normal 0 0 1
    outer loop
      vertex 17.5 82.0981 5
      vertex 16.4 85.4 5
      vertex 17.0261 82.3191 5
    endloop
  endfacet
  facet normal 0 0 1
    outer loop
      vertex 17.0261 82.3191 5
      vertex 16.4 85.4 5
      vertex 16.5209 82.4544 5
    endloop
  endfacet
  facet normal 0 0 1
    outer loop
      vertex 16.4 85.4 5
      vertex 16 82.5 5
      vertex 16.5209 82.4544 5
    endloop
  endfacet
  facet normal 0 0 1
    outer loop
      vertex 16.4 85.4 5
      vertex 15.4791 82.4544 5
      vertex 16 82.5 5
    endloop
  endfacet
  facet normal -0 0 1
    outer loop
      vertex 14.351 85.2207 5
      vertex 15.4791 82.4544 5
      vertex 16.4 85.4 5
    endloop
  endfacet
  facet normal 0 0 1
    outer loop
      vertex 15.4791 82.4544 5
      vertex 14.351 85.2207 5
      vertex 14.9739 82.3191 5
    endloop
  endfacet
  facet normal 0 0 1
    outer loop
      vertex 14.9739 82.3191 5
      vertex 14.351 85.2207 5
      vertex 14.5 82.0981 5
    endloop
  endfacet
  facet normal -0 0 1
    outer loop
      vertex 12.3642 84.6884 5
      vertex 14.5 82.0981 5
      vertex 14.351 85.2207 5
    endloop
  endfacet
  facet normal 0 0 1
    outer loop
      vertex 14.5 82.0981 5
      vertex 12.3642 84.6884 5
      vertex 14.0716 81.7981 5
    endloop
  endfacet
  facet normal 0 0 1
    outer loop
      vertex 14.0716 81.7981 5
      vertex 12.3642 84.6884 5
      vertex 13.7019 81.4284 5
    endloop
  endfacet
  facet normal -0 0 1
    outer loop
      vertex 10.5 83.8191 5
      vertex 13.7019 81.4284 5
      vertex 12.3642 84.6884 5
    endloop
  endfacet
  facet normal 0 0 1
    outer loop
      vertex 13.7019 81.4284 5
      vertex 10.5 83.8191 5
      vertex 13.4019 81 5
    endloop
  endfacet
  facet normal 0 0 1
    outer loop
      vertex 13.0456 78.9791 5
      vertex 12.7222 78.5757 5
      vertex 13 78.6 5
    endloop
  endfacet
  facet normal 0 0 1
    outer loop
      vertex 12.2 78.3856 5
      vertex 13 79.5 5
      vertex 13.0456 80.0209 5
    endloop
  endfacet
  facet normal 0 0 1
    outer loop
      vertex 13.0456 78.9791 5
      vertex 12.4528 78.5035 5
      vertex 12.7222 78.5757 5
    endloop
  endfacet
  facet normal 0 0 1
    outer loop
      vertex 13.4019 81 5
      vertex 10.5 83.8191 5
      vertex 13.1809 80.5261 5
    endloop
  endfacet
  facet normal -0 0 1
    outer loop
      vertex 8.81511 82.6393 5
      vertex 13.1809 80.5261 5
      vertex 10.5 83.8191 5
    endloop
  endfacet
  facet normal 0 0 1
    outer loop
      vertex 13.1809 80.5261 5
      vertex 8.81511 82.6393 5
      vertex 13.0456 80.0209 5
    endloop
  endfacet
  facet normal 0 -0 1
    outer loop
      vertex 11.9715 78.2257 5
      vertex 13.0456 80.0209 5
      vertex 8.81511 82.6393 5
    endloop
  endfacet
  facet normal 0 0 1
    outer loop
      vertex 13 79.5 5
      vertex 12.2 78.3856 5
      vertex 12.4528 78.5035 5
    endloop
  endfacet
  facet normal 0 0 1
    outer loop
      vertex 13.0456 80.0209 5
      vertex 11.9715 78.2257 5
      vertex 12.2 78.3856 5
    endloop
  endfacet
  facet normal 0 0 1
    outer loop
      vertex 11.9715 78.2257 5
      vertex 8.81511 82.6393 5
      vertex 11.7743 78.0285 5
    endloop
  endfacet
  facet normal -0 0 1
    outer loop
      vertex 7.36068 81.1849 5
      vertex 11.7743 78.0285 5
      vertex 8.81511 82.6393 5
    endloop
  endfacet
  facet normal 0 0 1
    outer loop
      vertex 11.7743 78.0285 5
      vertex 7.36068 81.1849 5
      vertex 11.6144 77.8 5
    endloop
  endfacet
  facet normal 0 0 1
    outer loop
      vertex 11.6144 77.8 5
      vertex 7.36068 81.1849 5
      vertex 11.4965 77.5472 5
    endloop
  endfacet
  facet normal -0 0 1
    outer loop
      vertex 6.1809 79.5 5
      vertex 11.4965 77.5472 5
      vertex 7.36068 81.1849 5
    endloop
  endfacet
  facet normal 0 0 1
    outer loop
      vertex 14.0716 54.2019 5
      vertex 11.1791 21.7453 5
      vertex 12.25 22.4952 5
    endloop
  endfacet
  facet normal 0 0 1
    outer loop
      vertex 13.4019 55 5
      vertex 10.2547 20.8209 5
      vertex 11.1791 21.7453 5
    endloop
  endfacet
  facet normal 0 0 1
    outer loop
      vertex 13.4019 55 5
      vertex 4.6 16.4 5
      vertex 10.2547 20.8209 5
    endloop
  endfacet
  facet normal 0 0 1
    outer loop
      vertex 11.4965 77.5472 5
      vertex 6.1809 79.5 5
      vertex 11.4243 77.2778 5
    endloop
  endfacet
  facet normal 0 0 1
    outer loop
      vertex 10.2547 20.8209 5
      vertex 4.6 16.4 5
      vertex 9.50481 19.75 5
    endloop
  endfacet
  facet normal 0 0 1
    outer loop
      vertex 9.50481 19.75 5
      vertex 4.6 16.4 5
      vertex 8.95231 18.5652 5
    endloop
  endfacet
  facet normal 0 0 1
    outer loop
      vertex 11.4243 77.2778 5
      vertex 6.1809 79.5 5
      vertex 11.4 77 5
    endloop
  endfacet
  facet normal 0 0 1
    outer loop
      vertex 83.8191 10.5 5
      vertex 78.5035 12.4528 5
      vertex 82.6393 8.81511 5
    endloop
  endfacet
  facet normal -0 0 1
    outer loop
      vertex 78.3856 12.2 5
      vertex 82.6393 8.81511 5
      vertex 78.5035 12.4528 5
    endloop
  endfacet
  facet normal -0 0 1
    outer loop
      vertex 78.2257 11.9715 5
      vertex 82.6393 8.81511 5
      vertex 78.3856 12.2 5
    endloop
  endfacet
  facet normal 0 0 1
    outer loop
      vertex 82.6393 8.81511 5
      vertex 78.2257 11.9715 5
      vertex 81.1849 7.36068 5
    endloop
  endfacet
  facet normal -0 0 1
    outer loop
      vertex 78.0285 11.7743 5
      vertex 81.1849 7.36068 5
      vertex 78.2257 11.9715 5
    endloop
  endfacet
  facet normal -0 0 1
    outer loop
      vertex 77.8 11.6144 5
      vertex 81.1849 7.36068 5
      vertex 78.0285 11.7743 5
    endloop
  endfacet
  facet normal -0 0 1
    outer loop
      vertex 77.5472 11.4965 5
      vertex 81.1849 7.36068 5
      vertex 77.8 11.6144 5
    endloop
  endfacet
  facet normal 0 0 1
    outer loop
      vertex 81.1849 7.36068 5
      vertex 77.5472 11.4965 5
      vertex 79.5 6.1809 5
    endloop
  endfacet
  facet normal -0 0 1
    outer loop
      vertex 77.2778 11.4243 5
      vertex 79.5 6.1809 5
      vertex 77.5472 11.4965 5
    endloop
  endfacet
  facet normal -0 0 1
    outer loop
      vertex 77 11.4 5
      vertex 79.5 6.1809 5
      vertex 77.2778 11.4243 5
    endloop
  endfacet
  facet normal 0 0 1
    outer loop
      vertex 79.5 6.1809 5
      vertex 77 11.4 5
      vertex 77.6358 5.31163 5
    endloop
  endfacet
  facet normal 0 0 1
    outer loop
      vertex 76.7222 11.4243 5
      vertex 77.6358 5.31163 5
      vertex 77 11.4 5
    endloop
  endfacet
  facet normal 0 0 1
    outer loop
      vertex 75.649 4.77927 5
      vertex 76.7222 11.4243 5
      vertex 76.4528 11.4965 5
    endloop
  endfacet
  facet normal 0 0 1
    outer loop
      vertex 75.649 4.77927 5
      vertex 76.4528 11.4965 5
      vertex 76.2 11.6144 5
    endloop
  endfacet
  facet normal 0 0 1
    outer loop
      vertex 73.6 4.6 5
      vertex 76.2 11.6144 5
      vertex 75.9715 11.7743 5
    endloop
  endfacet
  facet normal 0 0 1
    outer loop
      vertex 73.6 4.6 5
      vertex 75.9715 11.7743 5
      vertex 75.7743 11.9715 5
    endloop
  endfacet
  facet normal 0 0 1
    outer loop
      vertex 76.7222 11.4243 5
      vertex 75.649 4.77927 5
      vertex 77.6358 5.31163 5
    endloop
  endfacet
  facet normal 0 0 1
    outer loop
      vertex 73.6 4.6 5
      vertex 75.7743 11.9715 5
      vertex 75.6144 12.2 5
    endloop
  endfacet
  facet normal 0 0 1
    outer loop
      vertex 73.6 4.6 5
      vertex 75.6144 12.2 5
      vertex 75.4965 12.4528 5
    endloop
  endfacet
  facet normal 0 0 1
    outer loop
      vertex 73.6 4.6 5
      vertex 75.4965 12.4528 5
      vertex 75.4243 12.7222 5
    endloop
  endfacet
  facet normal 0 0 1
    outer loop
      vertex 73.6 4.6 5
      vertex 75.4243 12.7222 5
      vertex 75.4 13 5
    endloop
  endfacet
  facet normal 0 0 1
    outer loop
      vertex 75.9715 14.2257 5
      vertex 72.5 53.9019 5
      vertex 75.7743 14.0285 5
    endloop
  endfacet
  facet normal 0 0 1
    outer loop
      vertex 72.0716 54.2019 5
      vertex 75.7743 14.0285 5
      vertex 72.5 53.9019 5
    endloop
  endfacet
  facet normal 0 0 1
    outer loop
      vertex 56.99 60 5
      vertex 75.7743 14.0285 5
      vertex 72.0716 54.2019 5
    endloop
  endfacet
  facet normal 0 0 1
    outer loop
      vertex 76.2 11.6144 5
      vertex 73.6 4.6 5
      vertex 75.649 4.77927 5
    endloop
  endfacet
  facet normal 0 0 1
    outer loop
      vertex 56.7313 60.0226 5
      vertex 75.7743 14.0285 5
      vertex 56.99 60 5
    endloop
  endfacet
  facet normal 0 0 1
    outer loop
      vertex 75.7743 14.0285 5
      vertex 56.7313 60.0226 5
      vertex 75.6144 13.8 5
    endloop
  endfacet
  facet normal -0 0 1
    outer loop
      vertex 45.2687 60.0226 5
      vertex 75.6144 13.8 5
      vertex 56.7313 60.0226 5
    endloop
  endfacet
  facet normal -0 0 1
    outer loop
      vertex 23.5 16 5
      vertex 75.6144 13.8 5
      vertex 45.2687 60.0226 5
    endloop
  endfacet
  facet normal 0 0 1
    outer loop
      vertex 57.01 60 5
      vertex 72.0716 54.2019 5
      vertex 71.7019 54.5716 5
    endloop
  endfacet
  facet normal 0 0 1
    outer loop
      vertex 57.2687 60.0226 5
      vertex 71.7019 54.5716 5
      vertex 71.4019 55 5
    endloop
  endfacet
  facet normal 0 0 1
    outer loop
      vertex 57.5196 60.0899 5
      vertex 71.4019 55 5
      vertex 71.1809 55.4739 5
    endloop
  endfacet
  facet normal 0 0 1
    outer loop
      vertex 57.9678 60.3486 5
      vertex 71.1809 55.4739 5
      vertex 71.0456 55.9791 5
    endloop
  endfacet
  facet normal 0 0 1
    outer loop
      vertex 68.245 60.1996 5
      vertex 71.0456 55.9791 5
      vertex 71 56.5 5
    endloop
  endfacet
  facet normal 0 0 1
    outer loop
      vertex 72.0716 58.7981 5
      vertex 70.1514 60.5322 5
      vertex 71.7019 58.4284 5
    endloop
  endfacet
  facet normal -0 0 1
    outer loop
      vertex 69.9678 60.3486 5
      vertex 71.7019 58.4284 5
      vertex 70.1514 60.5322 5
    endloop
  endfacet
  facet normal -0 0 1
    outer loop
      vertex 69.755 60.1996 5
      vertex 71.7019 58.4284 5
      vertex 69.9678 60.3486 5
    endloop
  endfacet
  facet normal 0 0 1
    outer loop
      vertex 71.7019 58.4284 5
      vertex 69.755 60.1996 5
      vertex 71.4019 58 5
    endloop
  endfacet
  facet normal -0 0 1
    outer loop
      vertex 69.5196 60.0899 5
      vertex 71.4019 58 5
      vertex 69.755 60.1996 5
    endloop
  endfacet
  facet normal 0 0 1
    outer loop
      vertex 71.4019 58 5
      vertex 69.5196 60.0899 5
      vertex 71.1809 57.5261 5
    endloop
  endfacet
  facet normal -0 0 1
    outer loop
      vertex 69.2687 60.0226 5
      vertex 71.1809 57.5261 5
      vertex 69.5196 60.0899 5
    endloop
  endfacet
  facet normal -0 0 1
    outer loop
      vertex 69.01 60 5
      vertex 71.1809 57.5261 5
      vertex 69.2687 60.0226 5
    endloop
  endfacet
  facet normal 0 0 1
    outer loop
      vertex 71.1809 57.5261 5
      vertex 69.01 60 5
      vertex 71.0456 57.0209 5
    endloop
  endfacet
  facet normal -0 0 1
    outer loop
      vertex 68.99 60 5
      vertex 71.0456 57.0209 5
      vertex 69.01 60 5
    endloop
  endfacet
  facet normal 0 0 1
    outer loop
      vertex 68.7313 60.0226 5
      vertex 71.0456 57.0209 5
      vertex 68.99 60 5
    endloop
  endfacet
  facet normal 0 0 1
    outer loop
      vertex 71.0456 57.0209 5
      vertex 68.7313 60.0226 5
      vertex 71 56.5 5
    endloop
  endfacet
  facet normal 0 0 1
    outer loop
      vertex 68.4804 60.0899 5
      vertex 71 56.5 5
      vertex 68.7313 60.0226 5
    endloop
  endfacet
  facet normal 0 0 1
    outer loop
      vertex 68.245 60.1996 5
      vertex 71 56.5 5
      vertex 68.4804 60.0899 5
    endloop
  endfacet
  facet normal 0 0 1
    outer loop
      vertex 71.0456 55.9791 5
      vertex 68.245 60.1996 5
      vertex 68.0322 60.3486 5
    endloop
  endfacet
  facet normal 0 0 1
    outer loop
      vertex 71.0456 55.9791 5
      vertex 68.0322 60.3486 5
      vertex 57.9678 60.3486 5
    endloop
  endfacet
  facet normal 0 0 1
    outer loop
      vertex 57.9678 60.3486 5
      vertex 68.0322 60.3486 5
      vertex 67.8486 60.5322 5
    endloop
  endfacet
  facet normal 0 0 1
    outer loop
      vertex 58.1514 60.5322 5
      vertex 67.8486 60.5322 5
      vertex 67.6996 60.745 5
    endloop
  endfacet
  facet normal 0 0 1
    outer loop
      vertex 58.3004 60.745 5
      vertex 67.6996 60.745 5
      vertex 67.5899 60.9804 5
    endloop
  endfacet
  facet normal 0 0 1
    outer loop
      vertex 58.4101 60.9804 5
      vertex 67.5899 60.9804 5
      vertex 67.5226 61.2313 5
    endloop
  endfacet
  facet normal 0 0 1
    outer loop
      vertex 58.5 61.49 5
      vertex 67.5 61.49 5
      vertex 58.5 74.51 5
    endloop
  endfacet
  facet normal 0 0 1
    outer loop
      vertex 67.5 61.49 5
      vertex 58.5 61.49 5
      vertex 67.5226 61.2313 5
    endloop
  endfacet
  facet normal 0 0 1
    outer loop
      vertex 58.4774 61.2313 5
      vertex 67.5226 61.2313 5
      vertex 58.5 61.49 5
    endloop
  endfacet
  facet normal 0 0 1
    outer loop
      vertex 58.4101 60.9804 5
      vertex 67.5226 61.2313 5
      vertex 58.4774 61.2313 5
    endloop
  endfacet
  facet normal 0 0 1
    outer loop
      vertex 67.5899 60.9804 5
      vertex 58.4101 60.9804 5
      vertex 58.3004 60.745 5
    endloop
  endfacet
  facet normal 0 0 1
    outer loop
      vertex 67.6996 60.745 5
      vertex 58.3004 60.745 5
      vertex 58.1514 60.5322 5
    endloop
  endfacet
  facet normal 0 0 1
    outer loop
      vertex 67.8486 60.5322 5
      vertex 58.1514 60.5322 5
      vertex 57.9678 60.3486 5
    endloop
  endfacet
  facet normal 0 0 1
    outer loop
      vertex 71.1809 55.4739 5
      vertex 57.9678 60.3486 5
      vertex 57.755 60.1996 5
    endloop
  endfacet
  facet normal 0 0 1
    outer loop
      vertex 71.1809 55.4739 5
      vertex 57.755 60.1996 5
      vertex 57.5196 60.0899 5
    endloop
  endfacet
  facet normal 0 0 1
    outer loop
      vertex 71.4019 55 5
      vertex 57.5196 60.0899 5
      vertex 57.2687 60.0226 5
    endloop
  endfacet
  facet normal 0 0 1
    outer loop
      vertex 71.7019 54.5716 5
      vertex 57.2687 60.0226 5
      vertex 57.01 60 5
    endloop
  endfacet
  facet normal 0 0 1
    outer loop
      vertex 72.0716 54.2019 5
      vertex 57.01 60 5
      vertex 56.99 60 5
    endloop
  endfacet
  facet normal 0 0 1
    outer loop
      vertex 75.6144 13.8 5
      vertex 23.5 16 5
      vertex 75.4965 13.5472 5
    endloop
  endfacet
  facet normal 0 0 1
    outer loop
      vertex 75.4965 13.5472 5
      vertex 23.5 16 5
      vertex 75.4243 13.2778 5
    endloop
  endfacet
  facet normal 0 0 1
    outer loop
      vertex 45.2687 60.0226 5
      vertex 56.7313 60.0226 5
      vertex 56.4804 60.0899 5
    endloop
  endfacet
  facet normal 0 0 1
    outer loop
      vertex 45.5196 60.0899 5
      vertex 56.4804 60.0899 5
      vertex 56.245 60.1996 5
    endloop
  endfacet
  facet normal 0 0 1
    outer loop
      vertex 45.755 60.1996 5
      vertex 56.245 60.1996 5
      vertex 56.0322 60.3486 5
    endloop
  endfacet
  facet normal 0 0 1
    outer loop
      vertex 45.9678 60.3486 5
      vertex 56.0322 60.3486 5
      vertex 55.8486 60.5322 5
    endloop
  endfacet
  facet normal 0 0 1
    outer loop
      vertex 46.1514 60.5322 5
      vertex 55.8486 60.5322 5
      vertex 55.6996 60.745 5
    endloop
  endfacet
  facet normal 0 0 1
    outer loop
      vertex 46.3004 60.745 5
      vertex 55.6996 60.745 5
      vertex 55.5899 60.9804 5
    endloop
  endfacet
  facet normal 0 0 1
    outer loop
      vertex 46.5 61.49 5
      vertex 55.5 61.49 5
      vertex 46.5 74.51 5
    endloop
  endfacet
  facet normal 0 0 1
    outer loop
      vertex 55.5 61.49 5
      vertex 46.5 61.49 5
      vertex 55.5226 61.2313 5
    endloop
  endfacet
  facet normal 0 0 1
    outer loop
      vertex 46.4774 61.2313 5
      vertex 55.5226 61.2313 5
      vertex 46.5 61.49 5
    endloop
  endfacet
  facet normal 0 0 1
    outer loop
      vertex 55.5226 61.2313 5
      vertex 46.4774 61.2313 5
      vertex 55.5899 60.9804 5
    endloop
  endfacet
  facet normal 0 0 1
    outer loop
      vertex 46.4101 60.9804 5
      vertex 55.5899 60.9804 5
      vertex 46.4774 61.2313 5
    endloop
  endfacet
  facet normal 0 0 1
    outer loop
      vertex 46.3004 60.745 5
      vertex 55.5899 60.9804 5
      vertex 46.4101 60.9804 5
    endloop
  endfacet
  facet normal 0 0 1
    outer loop
      vertex 55.6996 60.745 5
      vertex 46.3004 60.745 5
      vertex 46.1514 60.5322 5
    endloop
  endfacet
  facet normal 0 0 1
    outer loop
      vertex 55.8486 60.5322 5
      vertex 46.1514 60.5322 5
      vertex 45.9678 60.3486 5
    endloop
  endfacet
  facet normal 0 0 1
    outer loop
      vertex 56.0322 60.3486 5
      vertex 45.9678 60.3486 5
      vertex 45.755 60.1996 5
    endloop
  endfacet
  facet normal 0 0 1
    outer loop
      vertex 56.245 60.1996 5
      vertex 45.755 60.1996 5
      vertex 45.5196 60.0899 5
    endloop
  endfacet
  facet normal 0 0 1
    outer loop
      vertex 56.4804 60.0899 5
      vertex 45.5196 60.0899 5
      vertex 45.2687 60.0226 5
    endloop
  endfacet
  facet normal 0 0 1
    outer loop
      vertex 75.4243 13.2778 5
      vertex 23.5 16 5
      vertex 75.4 13 5
    endloop
  endfacet
  facet normal 0 0 1
    outer loop
      vertex 23.5 16 5
      vertex 45.2687 60.0226 5
      vertex 45.01 60 5
    endloop
  endfacet
  facet normal 0 0 1
    outer loop
      vertex 23.5 16 5
      vertex 45.01 60 5
      vertex 44.99 60 5
    endloop
  endfacet
  facet normal 0 0 1
    outer loop
      vertex 23.5 16 5
      vertex 44.99 60 5
      vertex 44.7313 60.0226 5
    endloop
  endfacet
  facet normal 0 0 1
    outer loop
      vertex 33.2687 60.0226 5
      vertex 44.7313 60.0226 5
      vertex 44.4804 60.0899 5
    endloop
  endfacet
  facet normal 0 0 1
    outer loop
      vertex 33.5196 60.0899 5
      vertex 44.4804 60.0899 5
      vertex 44.245 60.1996 5
    endloop
  endfacet
  facet normal 0 0 1
    outer loop
      vertex 33.755 60.1996 5
      vertex 44.245 60.1996 5
      vertex 44.0322 60.3486 5
    endloop
  endfacet
  facet normal 0 0 1
    outer loop
      vertex 33.9678 60.3486 5
      vertex 44.0322 60.3486 5
      vertex 43.8486 60.5322 5
    endloop
  endfacet
  facet normal 0 0 1
    outer loop
      vertex 34.1514 60.5322 5
      vertex 43.8486 60.5322 5
      vertex 43.6996 60.745 5
    endloop
  endfacet
  facet normal 0 0 1
    outer loop
      vertex 34.5 61.49 5
      vertex 43.5 61.49 5
      vertex 34.5 74.51 5
    endloop
  endfacet
  facet normal 0 0 1
    outer loop
      vertex 43.5 61.49 5
      vertex 34.5 61.49 5
      vertex 43.5226 61.2313 5
    endloop
  endfacet
  facet normal 0 0 1
    outer loop
      vertex 34.4774 61.2313 5
      vertex 43.5226 61.2313 5
      vertex 34.5 61.49 5
    endloop
  endfacet
  facet normal 0 0 1
    outer loop
      vertex 43.5226 61.2313 5
      vertex 34.4774 61.2313 5
      vertex 43.5899 60.9804 5
    endloop
  endfacet
  facet normal 0 0 1
    outer loop
      vertex 34.4101 60.9804 5
      vertex 43.5899 60.9804 5
      vertex 34.4774 61.2313 5
    endloop
  endfacet
  facet normal 0 0 1
    outer loop
      vertex 43.5899 60.9804 5
      vertex 34.4101 60.9804 5
      vertex 43.6996 60.745 5
    endloop
  endfacet
  facet normal 0 0 1
    outer loop
      vertex 34.3004 60.745 5
      vertex 43.6996 60.745 5
      vertex 34.4101 60.9804 5
    endloop
  endfacet
  facet normal 0 0 1
    outer loop
      vertex 34.1514 60.5322 5
      vertex 43.6996 60.745 5
      vertex 34.3004 60.745 5
    endloop
  endfacet
  facet normal 0 0 1
    outer loop
      vertex 43.8486 60.5322 5
      vertex 34.1514 60.5322 5
      vertex 33.9678 60.3486 5
    endloop
  endfacet
  facet normal 0 0 1
    outer loop
      vertex 44.0322 60.3486 5
      vertex 33.9678 60.3486 5
      vertex 33.755 60.1996 5
    endloop
  endfacet
  facet normal 0 0 1
    outer loop
      vertex 44.245 60.1996 5
      vertex 33.755 60.1996 5
      vertex 33.5196 60.0899 5
    endloop
  endfacet
  facet normal 0 0 1
    outer loop
      vertex 44.4804 60.0899 5
      vertex 33.5196 60.0899 5
      vertex 33.2687 60.0226 5
    endloop
  endfacet
  facet normal 0 0 1
    outer loop
      vertex 44.7313 60.0226 5
      vertex 33.2687 60.0226 5
      vertex 23.5 16 5
    endloop
  endfacet
  facet normal 0 0 1
    outer loop
      vertex 23.5 16 5
      vertex 33.2687 60.0226 5
      vertex 33.01 60 5
    endloop
  endfacet
  facet normal 0 0 1
    outer loop
      vertex 23.5 16 5
      vertex 33.01 60 5
      vertex 32.99 60 5
    endloop
  endfacet
  facet normal 0 0 1
    outer loop
      vertex 23.5 16 5
      vertex 32.99 60 5
      vertex 32.7313 60.0226 5
    endloop
  endfacet
  facet normal 0 0 1
    outer loop
      vertex 23.5 16 5
      vertex 32.7313 60.0226 5
      vertex 32.4804 60.0899 5
    endloop
  endfacet
  facet normal 0 0 1
    outer loop
      vertex 23.5 16 5
      vertex 32.4804 60.0899 5
      vertex 32.245 60.1996 5
    endloop
  endfacet
  facet normal 0 0 1
    outer loop
      vertex 23.5 16 5
      vertex 32.245 60.1996 5
      vertex 32.0322 60.3486 5
    endloop
  endfacet
  facet normal 0 0 1
    outer loop
      vertex 23.5 16 5
      vertex 32.0322 60.3486 5
      vertex 31.8486 60.5322 5
    endloop
  endfacet
  facet normal 0 0 1
    outer loop
      vertex 23.5 16 5
      vertex 31.5226 61.2313 5
      vertex 31.5 61.49 5
    endloop
  endfacet
  facet normal 0 0 1
    outer loop
      vertex 23.5 16 5
      vertex 31.5899 60.9804 5
      vertex 31.5226 61.2313 5
    endloop
  endfacet
  facet normal 0 0 1
    outer loop
      vertex 23.5 16 5
      vertex 31.6996 60.745 5
      vertex 31.5899 60.9804 5
    endloop
  endfacet
  facet normal 0 0 1
    outer loop
      vertex 23.5 16 5
      vertex 31.8486 60.5322 5
      vertex 31.6996 60.745 5
    endloop
  endfacet
  facet normal 0 0 1
    outer loop
      vertex 75.4 13 5
      vertex 23.5 16 5
      vertex 73.6 4.6 5
    endloop
  endfacet
  facet normal -0 0 1
    outer loop
      vertex 23.3861 14.6976 5
      vertex 73.6 4.6 5
      vertex 23.5 16 5
    endloop
  endfacet
  facet normal -0 0 1
    outer loop
      vertex 23.0477 13.4348 5
      vertex 73.6 4.6 5
      vertex 23.3861 14.6976 5
    endloop
  endfacet
  facet normal -0 0 1
    outer loop
      vertex 22.4952 12.25 5
      vertex 73.6 4.6 5
      vertex 23.0477 13.4348 5
    endloop
  endfacet
  facet normal -0 0 1
    outer loop
      vertex 21.7453 11.1791 5
      vertex 73.6 4.6 5
      vertex 22.4952 12.25 5
    endloop
  endfacet
  facet normal -0 0 1
    outer loop
      vertex 20.8209 10.2547 5
      vertex 73.6 4.6 5
      vertex 21.7453 11.1791 5
    endloop
  endfacet
  facet normal 0 0 1
    outer loop
      vertex 16.4 4.6 5
      vertex 20.8209 10.2547 5
      vertex 19.75 9.50481 5
    endloop
  endfacet
  facet normal 0 0 1
    outer loop
      vertex 16.4 4.6 5
      vertex 19.75 9.50481 5
      vertex 18.5652 8.95231 5
    endloop
  endfacet
  facet normal 0 0 1
    outer loop
      vertex 16.4 4.6 5
      vertex 18.5652 8.95231 5
      vertex 17.3024 8.61394 5
    endloop
  endfacet
  facet normal 0 0 1
    outer loop
      vertex 20.8209 10.2547 5
      vertex 16.4 4.6 5
      vertex 73.6 4.6 5
    endloop
  endfacet
  facet normal -0 0 1
    outer loop
      vertex 16 8.5 5
      vertex 16.4 4.6 5
      vertex 17.3024 8.61394 5
    endloop
  endfacet
  facet normal 0 0 1
    outer loop
      vertex 14.351 4.77927 5
      vertex 16 8.5 5
      vertex 14.6976 8.61394 5
    endloop
  endfacet
  facet normal 0 0 1
    outer loop
      vertex 16 8.5 5
      vertex 14.351 4.77927 5
      vertex 16.4 4.6 5
    endloop
  endfacet
  facet normal 0 0 1
    outer loop
      vertex 12.3642 5.31163 5
      vertex 14.6976 8.61394 5
      vertex 13.4348 8.95231 5
    endloop
  endfacet
  facet normal 0 0 1
    outer loop
      vertex 14.6976 8.61394 5
      vertex 12.3642 5.31163 5
      vertex 14.351 4.77927 5
    endloop
  endfacet
  facet normal 0 0 1
    outer loop
      vertex 10.5 6.1809 5
      vertex 13.4348 8.95231 5
      vertex 12.25 9.50481 5
    endloop
  endfacet
  facet normal 0 0 1
    outer loop
      vertex 8.81511 7.36068 5
      vertex 12.25 9.50481 5
      vertex 11.1791 10.2547 5
    endloop
  endfacet
  facet normal 0 0 1
    outer loop
      vertex 13.4348 8.95231 5
      vertex 10.5 6.1809 5
      vertex 12.3642 5.31163 5
    endloop
  endfacet
  facet normal 0 0 1
    outer loop
      vertex 8.81511 7.36068 5
      vertex 11.1791 10.2547 5
      vertex 10.2547 11.1791 5
    endloop
  endfacet
  facet normal 0 0 1
    outer loop
      vertex 7.36068 8.81511 5
      vertex 10.2547 11.1791 5
      vertex 9.50481 12.25 5
    endloop
  endfacet
  facet normal 0 0 1
    outer loop
      vertex 6.1809 10.5 5
      vertex 9.50481 12.25 5
      vertex 8.95231 13.4348 5
    endloop
  endfacet
  facet normal 0 0 1
    outer loop
      vertex 12.25 9.50481 5
      vertex 8.81511 7.36068 5
      vertex 10.5 6.1809 5
    endloop
  endfacet
  facet normal 0 0 1
    outer loop
      vertex 5.31163 12.3642 5
      vertex 8.95231 13.4348 5
      vertex 8.61394 14.6976 5
    endloop
  endfacet
  facet normal 0 0 1
    outer loop
      vertex 4.77927 14.351 5
      vertex 8.61394 14.6976 5
      vertex 8.5 16 5
    endloop
  endfacet
  facet normal 0 0 1
    outer loop
      vertex 10.2547 11.1791 5
      vertex 7.36068 8.81511 5
      vertex 8.81511 7.36068 5
    endloop
  endfacet
  facet normal 0 0 1
    outer loop
      vertex 8.95231 18.5652 5
      vertex 4.6 16.4 5
      vertex 8.61394 17.3024 5
    endloop
  endfacet
  facet normal -0 0 1
    outer loop
      vertex 5.31163 77.6358 5
      vertex 11.4 77 5
      vertex 6.1809 79.5 5
    endloop
  endfacet
  facet normal 0 0 1
    outer loop
      vertex 8.61394 17.3024 5
      vertex 4.6 16.4 5
      vertex 8.5 16 5
    endloop
  endfacet
  facet normal 0 0 1
    outer loop
      vertex 11.4243 76.7222 5
      vertex 5.31163 77.6358 5
      vertex 4.77927 75.649 5
    endloop
  endfacet
  facet normal 0 -0 1
    outer loop
      vertex 4.77927 14.351 5
      vertex 8.5 16 5
      vertex 4.6 16.4 5
    endloop
  endfacet
  facet normal 0 0 1
    outer loop
      vertex 11.6144 76.2 5
      vertex 4.77927 75.649 5
      vertex 4.6 73.6 5
    endloop
  endfacet
  facet normal 0 0 1
    outer loop
      vertex 9.50481 12.25 5
      vertex 6.1809 10.5 5
      vertex 7.36068 8.81511 5
    endloop
  endfacet
  facet normal 0 0 1
    outer loop
      vertex 8.95231 13.4348 5
      vertex 5.31163 12.3642 5
      vertex 6.1809 10.5 5
    endloop
  endfacet
  facet normal 0 0 1
    outer loop
      vertex 8.61394 14.6976 5
      vertex 4.77927 14.351 5
      vertex 5.31163 12.3642 5
    endloop
  endfacet
  facet normal 0 0 1
    outer loop
      vertex 77.5472 78.5035 5
      vertex 76.9544 78.9791 5
      vertex 77.2778 78.5757 5
    endloop
  endfacet
  facet normal 0 0 1
    outer loop
      vertex 77.2778 78.5757 5
      vertex 76.9544 78.9791 5
      vertex 77 78.6 5
    endloop
  endfacet
  facet normal 0 0 1
    outer loop
      vertex 77 78.6 5
      vertex 76.9544 78.9791 5
      vertex 76.8493 78.5868 5
    endloop
  endfacet
  facet normal 0 0 1
    outer loop
      vertex 17.7234 56.8039 5
      vertex 17.7234 56.1961 5
      vertex 17.75 56.5 5
    endloop
  endfacet
  facet normal 0 0 1
    outer loop
      vertex 17.6445 57.0985 5
      vertex 17.7234 56.1961 5
      vertex 17.7234 56.8039 5
    endloop
  endfacet
  facet normal 0 0 1
    outer loop
      vertex 17.6445 57.0985 5
      vertex 17.6445 55.9015 5
      vertex 17.7234 56.1961 5
    endloop
  endfacet
  facet normal 0 0 1
    outer loop
      vertex 17.5155 57.375 5
      vertex 17.6445 55.9015 5
      vertex 17.6445 57.0985 5
    endloop
  endfacet
  facet normal 0 0 1
    outer loop
      vertex 17.5155 57.375 5
      vertex 17.5155 55.625 5
      vertex 17.6445 55.9015 5
    endloop
  endfacet
  facet normal 0 0 1
    outer loop
      vertex 17.3406 57.6249 5
      vertex 17.5155 55.625 5
      vertex 17.5155 57.375 5
    endloop
  endfacet
  facet normal 0 0 1
    outer loop
      vertex 17.3406 57.6249 5
      vertex 17.3406 55.3751 5
      vertex 17.5155 55.625 5
    endloop
  endfacet
  facet normal 0 0 1
    outer loop
      vertex 17.1249 57.8406 5
      vertex 17.3406 55.3751 5
      vertex 17.3406 57.6249 5
    endloop
  endfacet
  facet normal 0 0 1
    outer loop
      vertex 17.1249 57.8406 5
      vertex 17.1249 55.1594 5
      vertex 17.3406 55.3751 5
    endloop
  endfacet
  facet normal 0 0 1
    outer loop
      vertex 16.875 58.0155 5
      vertex 17.1249 55.1594 5
      vertex 17.1249 57.8406 5
    endloop
  endfacet
  facet normal 0 0 1
    outer loop
      vertex 16.875 58.0155 5
      vertex 16.875 54.9845 5
      vertex 17.1249 55.1594 5
    endloop
  endfacet
  facet normal 0 0 1
    outer loop
      vertex 16.5985 58.1445 5
      vertex 16.875 54.9845 5
      vertex 16.875 58.0155 5
    endloop
  endfacet
  facet normal 0 0 1
    outer loop
      vertex 16.5985 58.1445 5
      vertex 16.5985 54.8555 5
      vertex 16.875 54.9845 5
    endloop
  endfacet
  facet normal 0 0 1
    outer loop
      vertex 16.3039 58.2234 5
      vertex 16.5985 54.8555 5
      vertex 16.5985 58.1445 5
    endloop
  endfacet
  facet normal 0 0 1
    outer loop
      vertex 16.3039 58.2234 5
      vertex 16.3039 54.7766 5
      vertex 16.5985 54.8555 5
    endloop
  endfacet
  facet normal 0 0 1
    outer loop
      vertex 16 58.25 5
      vertex 16.3039 54.7766 5
      vertex 16.3039 58.2234 5
    endloop
  endfacet
  facet normal 0 0 1
    outer loop
      vertex 16 58.25 5
      vertex 16 54.75 5
      vertex 16.3039 54.7766 5
    endloop
  endfacet
  facet normal -0 0 1
    outer loop
      vertex 15.6961 58.2234 5
      vertex 16 54.75 5
      vertex 16 58.25 5
    endloop
  endfacet
  facet normal 0 0 1
    outer loop
      vertex 15.6961 58.2234 5
      vertex 15.6961 54.7766 5
      vertex 16 54.75 5
    endloop
  endfacet
  facet normal -0 0 1
    outer loop
      vertex 15.4015 58.1445 5
      vertex 15.6961 54.7766 5
      vertex 15.6961 58.2234 5
    endloop
  endfacet
  facet normal 0 0 1
    outer loop
      vertex 15.4015 58.1445 5
      vertex 15.4015 54.8555 5
      vertex 15.6961 54.7766 5
    endloop
  endfacet
  facet normal -0 0 1
    outer loop
      vertex 15.125 58.0155 5
      vertex 15.4015 54.8555 5
      vertex 15.4015 58.1445 5
    endloop
  endfacet
  facet normal 0 0 1
    outer loop
      vertex 15.125 58.0155 5
      vertex 15.125 54.9845 5
      vertex 15.4015 54.8555 5
    endloop
  endfacet
  facet normal -0 0 1
    outer loop
      vertex 14.8751 57.8406 5
      vertex 15.125 54.9845 5
      vertex 15.125 58.0155 5
    endloop
  endfacet
  facet normal 0 0 1
    outer loop
      vertex 14.8751 57.8406 5
      vertex 14.8751 55.1594 5
      vertex 15.125 54.9845 5
    endloop
  endfacet
  facet normal -0 0 1
    outer loop
      vertex 14.6594 57.6249 5
      vertex 14.8751 55.1594 5
      vertex 14.8751 57.8406 5
    endloop
  endfacet
  facet normal 0 0 1
    outer loop
      vertex 14.6594 57.6249 5
      vertex 14.6594 55.3751 5
      vertex 14.8751 55.1594 5
    endloop
  endfacet
  facet normal -0 0 1
    outer loop
      vertex 14.4845 57.375 5
      vertex 14.6594 55.3751 5
      vertex 14.6594 57.6249 5
    endloop
  endfacet
  facet normal 0 0 1
    outer loop
      vertex 14.4845 57.375 5
      vertex 14.4845 55.625 5
      vertex 14.6594 55.3751 5
    endloop
  endfacet
  facet normal -0 0 1
    outer loop
      vertex 14.3555 57.0985 5
      vertex 14.4845 55.625 5
      vertex 14.4845 57.375 5
    endloop
  endfacet
  facet normal 0 0 1
    outer loop
      vertex 14.3555 57.0985 5
      vertex 14.3555 55.9015 5
      vertex 14.4845 55.625 5
    endloop
  endfacet
  facet normal -0 0 1
    outer loop
      vertex 14.2766 56.8039 5
      vertex 14.3555 55.9015 5
      vertex 14.3555 57.0985 5
    endloop
  endfacet
  facet normal 0 0 1
    outer loop
      vertex 14.2766 56.8039 5
      vertex 14.2766 56.1961 5
      vertex 14.3555 55.9015 5
    endloop
  endfacet
  facet normal 0 -0 1
    outer loop
      vertex 14.2766 56.1961 5
      vertex 14.2766 56.8039 5
      vertex 14.25 56.5 5
    endloop
  endfacet
  facet normal 0 0 1
    outer loop
      vertex 17.7234 79.8039 5
      vertex 17.7234 79.1961 5
      vertex 17.75 79.5 5
    endloop
  endfacet
  facet normal 0 0 1
    outer loop
      vertex 17.6445 80.0985 5
      vertex 17.7234 79.1961 5
      vertex 17.7234 79.8039 5
    endloop
  endfacet
  facet normal 0 0 1
    outer loop
      vertex 17.6445 80.0985 5
      vertex 17.6445 78.9015 5
      vertex 17.7234 79.1961 5
    endloop
  endfacet
  facet normal 0 0 1
    outer loop
      vertex 17.5155 80.375 5
      vertex 17.6445 78.9015 5
      vertex 17.6445 80.0985 5
    endloop
  endfacet
  facet normal 0 0 1
    outer loop
      vertex 17.5155 80.375 5
      vertex 17.5155 78.625 5
      vertex 17.6445 78.9015 5
    endloop
  endfacet
  facet normal 0 0 1
    outer loop
      vertex 17.3406 80.6249 5
      vertex 17.5155 78.625 5
      vertex 17.5155 80.375 5
    endloop
  endfacet
  facet normal 0 0 1
    outer loop
      vertex 17.3406 80.6249 5
      vertex 17.3406 78.3751 5
      vertex 17.5155 78.625 5
    endloop
  endfacet
  facet normal 0 0 1
    outer loop
      vertex 17.1249 80.8406 5
      vertex 17.3406 78.3751 5
      vertex 17.3406 80.6249 5
    endloop
  endfacet
  facet normal 0 0 1
    outer loop
      vertex 17.1249 80.8406 5
      vertex 17.1249 78.1594 5
      vertex 17.3406 78.3751 5
    endloop
  endfacet
  facet normal 0 0 1
    outer loop
      vertex 16.875 81.0155 5
      vertex 17.1249 78.1594 5
      vertex 17.1249 80.8406 5
    endloop
  endfacet
  facet normal 0 0 1
    outer loop
      vertex 16.875 81.0155 5
      vertex 16.875 77.9845 5
      vertex 17.1249 78.1594 5
    endloop
  endfacet
  facet normal 0 0 1
    outer loop
      vertex 16.5985 81.1445 5
      vertex 16.875 77.9845 5
      vertex 16.875 81.0155 5
    endloop
  endfacet
  facet normal 0 0 1
    outer loop
      vertex 16.5985 81.1445 5
      vertex 16.5985 77.8555 5
      vertex 16.875 77.9845 5
    endloop
  endfacet
  facet normal 0 0 1
    outer loop
      vertex 16.3039 81.2234 5
      vertex 16.5985 77.8555 5
      vertex 16.5985 81.1445 5
    endloop
  endfacet
  facet normal 0 0 1
    outer loop
      vertex 16.3039 81.2234 5
      vertex 16.3039 77.7766 5
      vertex 16.5985 77.8555 5
    endloop
  endfacet
  facet normal 0 0 1
    outer loop
      vertex 16 81.25 5
      vertex 16.3039 77.7766 5
      vertex 16.3039 81.2234 5
    endloop
  endfacet
  facet normal 0 0 1
    outer loop
      vertex 16 81.25 5
      vertex 16 77.75 5
      vertex 16.3039 77.7766 5
    endloop
  endfacet
  facet normal -0 0 1
    outer loop
      vertex 15.6961 81.2234 5
      vertex 16 77.75 5
      vertex 16 81.25 5
    endloop
  endfacet
  facet normal 0 0 1
    outer loop
      vertex 15.6961 81.2234 5
      vertex 15.6961 77.7766 5
      vertex 16 77.75 5
    endloop
  endfacet
  facet normal -0 0 1
    outer loop
      vertex 15.4015 81.1445 5
      vertex 15.6961 77.7766 5
      vertex 15.6961 81.2234 5
    endloop
  endfacet
  facet normal 0 0 1
    outer loop
      vertex 15.4015 81.1445 5
      vertex 15.4015 77.8555 5
      vertex 15.6961 77.7766 5
    endloop
  endfacet
  facet normal -0 0 1
    outer loop
      vertex 15.125 81.0155 5
      vertex 15.4015 77.8555 5
      vertex 15.4015 81.1445 5
    endloop
  endfacet
  facet normal 0 0 1
    outer loop
      vertex 15.125 81.0155 5
      vertex 15.125 77.9845 5
      vertex 15.4015 77.8555 5
    endloop
  endfacet
  facet normal -0 0 1
    outer loop
      vertex 14.8751 80.8406 5
      vertex 15.125 77.9845 5
      vertex 15.125 81.0155 5
    endloop
  endfacet
  facet normal 0 0 1
    outer loop
      vertex 14.8751 80.8406 5
      vertex 14.8751 78.1594 5
      vertex 15.125 77.9845 5
    endloop
  endfacet
  facet normal -0 0 1
    outer loop
      vertex 14.6594 80.6249 5
      vertex 14.8751 78.1594 5
      vertex 14.8751 80.8406 5
    endloop
  endfacet
  facet normal 0 0 1
    outer loop
      vertex 14.6594 80.6249 5
      vertex 14.6594 78.3751 5
      vertex 14.8751 78.1594 5
    endloop
  endfacet
  facet normal -0 0 1
    outer loop
      vertex 14.4845 80.375 5
      vertex 14.6594 78.3751 5
      vertex 14.6594 80.6249 5
    endloop
  endfacet
  facet normal 0 0 1
    outer loop
      vertex 14.4845 80.375 5
      vertex 14.4845 78.625 5
      vertex 14.6594 78.3751 5
    endloop
  endfacet
  facet normal -0 0 1
    outer loop
      vertex 14.3555 80.0985 5
      vertex 14.4845 78.625 5
      vertex 14.4845 80.375 5
    endloop
  endfacet
  facet normal 0 0 1
    outer loop
      vertex 14.3555 80.0985 5
      vertex 14.3555 78.9015 5
      vertex 14.4845 78.625 5
    endloop
  endfacet
  facet normal -0 0 1
    outer loop
      vertex 14.2766 79.8039 5
      vertex 14.3555 78.9015 5
      vertex 14.3555 80.0985 5
    endloop
  endfacet
  facet normal 0 0 1
    outer loop
      vertex 14.2766 79.8039 5
      vertex 14.2766 79.1961 5
      vertex 14.3555 78.9015 5
    endloop
  endfacet
  facet normal 0 -0 1
    outer loop
      vertex 14.2766 79.1961 5
      vertex 14.2766 79.8039 5
      vertex 14.25 79.5 5
    endloop
  endfacet
  facet normal 0 0 1
    outer loop
      vertex 75.7234 56.8039 5
      vertex 75.7234 56.1961 5
      vertex 75.75 56.5 5
    endloop
  endfacet
  facet normal 0 0 1
    outer loop
      vertex 75.6445 57.0985 5
      vertex 75.7234 56.1961 5
      vertex 75.7234 56.8039 5
    endloop
  endfacet
  facet normal 0 0 1
    outer loop
      vertex 75.6445 57.0985 5
      vertex 75.6445 55.9015 5
      vertex 75.7234 56.1961 5
    endloop
  endfacet
  facet normal 0 0 1
    outer loop
      vertex 75.5155 57.375 5
      vertex 75.6445 55.9015 5
      vertex 75.6445 57.0985 5
    endloop
  endfacet
  facet normal 0 0 1
    outer loop
      vertex 75.5155 57.375 5
      vertex 75.5155 55.625 5
      vertex 75.6445 55.9015 5
    endloop
  endfacet
  facet normal 0 0 1
    outer loop
      vertex 75.3406 57.6249 5
      vertex 75.5155 55.625 5
      vertex 75.5155 57.375 5
    endloop
  endfacet
  facet normal 0 0 1
    outer loop
      vertex 75.3406 57.6249 5
      vertex 75.3406 55.3751 5
      vertex 75.5155 55.625 5
    endloop
  endfacet
  facet normal 0 0 1
    outer loop
      vertex 75.1249 57.8406 5
      vertex 75.3406 55.3751 5
      vertex 75.3406 57.6249 5
    endloop
  endfacet
  facet normal 0 0 1
    outer loop
      vertex 75.1249 57.8406 5
      vertex 75.1249 55.1594 5
      vertex 75.3406 55.3751 5
    endloop
  endfacet
  facet normal 0 0 1
    outer loop
      vertex 74.875 58.0155 5
      vertex 75.1249 55.1594 5
      vertex 75.1249 57.8406 5
    endloop
  endfacet
  facet normal 0 0 1
    outer loop
      vertex 74.875 58.0155 5
      vertex 74.875 54.9845 5
      vertex 75.1249 55.1594 5
    endloop
  endfacet
  facet normal 0 0 1
    outer loop
      vertex 74.5985 58.1445 5
      vertex 74.875 54.9845 5
      vertex 74.875 58.0155 5
    endloop
  endfacet
  facet normal 0 0 1
    outer loop
      vertex 74.5985 58.1445 5
      vertex 74.5985 54.8555 5
      vertex 74.875 54.9845 5
    endloop
  endfacet
  facet normal 0 0 1
    outer loop
      vertex 74.3039 58.2234 5
      vertex 74.5985 54.8555 5
      vertex 74.5985 58.1445 5
    endloop
  endfacet
  facet normal 0 0 1
    outer loop
      vertex 74.3039 58.2234 5
      vertex 74.3039 54.7766 5
      vertex 74.5985 54.8555 5
    endloop
  endfacet
  facet normal 0 0 1
    outer loop
      vertex 74 58.25 5
      vertex 74.3039 54.7766 5
      vertex 74.3039 58.2234 5
    endloop
  endfacet
  facet normal 0 0 1
    outer loop
      vertex 74 58.25 5
      vertex 74 54.75 5
      vertex 74.3039 54.7766 5
    endloop
  endfacet
  facet normal -0 0 1
    outer loop
      vertex 73.6961 58.2234 5
      vertex 74 54.75 5
      vertex 74 58.25 5
    endloop
  endfacet
  facet normal 0 0 1
    outer loop
      vertex 73.6961 58.2234 5
      vertex 73.6961 54.7766 5
      vertex 74 54.75 5
    endloop
  endfacet
  facet normal -0 0 1
    outer loop
      vertex 73.4015 58.1445 5
      vertex 73.6961 54.7766 5
      vertex 73.6961 58.2234 5
    endloop
  endfacet
  facet normal 0 0 1
    outer loop
      vertex 73.4015 58.1445 5
      vertex 73.4015 54.8555 5
      vertex 73.6961 54.7766 5
    endloop
  endfacet
  facet normal -0 0 1
    outer loop
      vertex 73.125 58.0155 5
      vertex 73.4015 54.8555 5
      vertex 73.4015 58.1445 5
    endloop
  endfacet
  facet normal 0 0 1
    outer loop
      vertex 73.125 58.0155 5
      vertex 73.125 54.9845 5
      vertex 73.4015 54.8555 5
    endloop
  endfacet
  facet normal -0 0 1
    outer loop
      vertex 72.8751 57.8406 5
      vertex 73.125 54.9845 5
      vertex 73.125 58.0155 5
    endloop
  endfacet
  facet normal 0 0 1
    outer loop
      vertex 72.8751 57.8406 5
      vertex 72.8751 55.1594 5
      vertex 73.125 54.9845 5
    endloop
  endfacet
  facet normal -0 0 1
    outer loop
      vertex 72.6594 57.6249 5
      vertex 72.8751 55.1594 5
      vertex 72.8751 57.8406 5
    endloop
  endfacet
  facet normal 0 0 1
    outer loop
      vertex 72.6594 57.6249 5
      vertex 72.6594 55.3751 5
      vertex 72.8751 55.1594 5
    endloop
  endfacet
  facet normal -0 0 1
    outer loop
      vertex 72.4845 57.375 5
      vertex 72.6594 55.3751 5
      vertex 72.6594 57.6249 5
    endloop
  endfacet
  facet normal 0 0 1
    outer loop
      vertex 72.4845 57.375 5
      vertex 72.4845 55.625 5
      vertex 72.6594 55.3751 5
    endloop
  endfacet
  facet normal -0 0 1
    outer loop
      vertex 72.3555 57.0985 5
      vertex 72.4845 55.625 5
      vertex 72.4845 57.375 5
    endloop
  endfacet
  facet normal 0 0 1
    outer loop
      vertex 72.3555 57.0985 5
      vertex 72.3555 55.9015 5
      vertex 72.4845 55.625 5
    endloop
  endfacet
  facet normal -0 0 1
    outer loop
      vertex 72.2766 56.8039 5
      vertex 72.3555 55.9015 5
      vertex 72.3555 57.0985 5
    endloop
  endfacet
  facet normal 0 0 1
    outer loop
      vertex 72.2766 56.8039 5
      vertex 72.2766 56.1961 5
      vertex 72.3555 55.9015 5
    endloop
  endfacet
  facet normal 0 -0 1
    outer loop
      vertex 72.2766 56.1961 5
      vertex 72.2766 56.8039 5
      vertex 72.25 56.5 5
    endloop
  endfacet
  facet normal 0 0 1
    outer loop
      vertex 75.7234 79.8039 5
      vertex 75.7234 79.1961 5
      vertex 75.75 79.5 5
    endloop
  endfacet
  facet normal 0 0 1
    outer loop
      vertex 75.6445 80.0985 5
      vertex 75.7234 79.1961 5
      vertex 75.7234 79.8039 5
    endloop
  endfacet
  facet normal 0 0 1
    outer loop
      vertex 75.6445 80.0985 5
      vertex 75.6445 78.9015 5
      vertex 75.7234 79.1961 5
    endloop
  endfacet
  facet normal 0 0 1
    outer loop
      vertex 75.5155 80.375 5
      vertex 75.6445 78.9015 5
      vertex 75.6445 80.0985 5
    endloop
  endfacet
  facet normal 0 0 1
    outer loop
      vertex 75.5155 80.375 5
      vertex 75.5155 78.625 5
      vertex 75.6445 78.9015 5
    endloop
  endfacet
  facet normal 0 0 1
    outer loop
      vertex 75.3406 80.6249 5
      vertex 75.5155 78.625 5
      vertex 75.5155 80.375 5
    endloop
  endfacet
  facet normal 0 0 1
    outer loop
      vertex 75.3406 80.6249 5
      vertex 75.3406 78.3751 5
      vertex 75.5155 78.625 5
    endloop
  endfacet
  facet normal 0 0 1
    outer loop
      vertex 75.1249 80.8406 5
      vertex 75.3406 78.3751 5
      vertex 75.3406 80.6249 5
    endloop
  endfacet
  facet normal 0 0 1
    outer loop
      vertex 75.1249 80.8406 5
      vertex 75.1249 78.1594 5
      vertex 75.3406 78.3751 5
    endloop
  endfacet
  facet normal 0 0 1
    outer loop
      vertex 74.875 81.0155 5
      vertex 75.1249 78.1594 5
      vertex 75.1249 80.8406 5
    endloop
  endfacet
  facet normal 0 0 1
    outer loop
      vertex 74.875 81.0155 5
      vertex 74.875 77.9845 5
      vertex 75.1249 78.1594 5
    endloop
  endfacet
  facet normal 0 0 1
    outer loop
      vertex 74.5985 81.1445 5
      vertex 74.875 77.9845 5
      vertex 74.875 81.0155 5
    endloop
  endfacet
  facet normal 0 0 1
    outer loop
      vertex 74.5985 81.1445 5
      vertex 74.5985 77.8555 5
      vertex 74.875 77.9845 5
    endloop
  endfacet
  facet normal 0 0 1
    outer loop
      vertex 74.3039 81.2234 5
      vertex 74.5985 77.8555 5
      vertex 74.5985 81.1445 5
    endloop
  endfacet
  facet normal 0 0 1
    outer loop
      vertex 74.3039 81.2234 5
      vertex 74.3039 77.7766 5
      vertex 74.5985 77.8555 5
    endloop
  endfacet
  facet normal 0 0 1
    outer loop
      vertex 74 81.25 5
      vertex 74.3039 77.7766 5
      vertex 74.3039 81.2234 5
    endloop
  endfacet
  facet normal 0 0 1
    outer loop
      vertex 74 81.25 5
      vertex 74 77.75 5
      vertex 74.3039 77.7766 5
    endloop
  endfacet
  facet normal -0 0 1
    outer loop
      vertex 73.6961 81.2234 5
      vertex 74 77.75 5
      vertex 74 81.25 5
    endloop
  endfacet
  facet normal 0 0 1
    outer loop
      vertex 73.6961 81.2234 5
      vertex 73.6961 77.7766 5
      vertex 74 77.75 5
    endloop
  endfacet
  facet normal -0 0 1
    outer loop
      vertex 73.4015 81.1445 5
      vertex 73.6961 77.7766 5
      vertex 73.6961 81.2234 5
    endloop
  endfacet
  facet normal 0 0 1
    outer loop
      vertex 73.4015 81.1445 5
      vertex 73.4015 77.8555 5
      vertex 73.6961 77.7766 5
    endloop
  endfacet
  facet normal -0 0 1
    outer loop
      vertex 73.125 81.0155 5
      vertex 73.4015 77.8555 5
      vertex 73.4015 81.1445 5
    endloop
  endfacet
  facet normal 0 0 1
    outer loop
      vertex 73.125 81.0155 5
      vertex 73.125 77.9845 5
      vertex 73.4015 77.8555 5
    endloop
  endfacet
  facet normal -0 0 1
    outer loop
      vertex 72.8751 80.8406 5
      vertex 73.125 77.9845 5
      vertex 73.125 81.0155 5
    endloop
  endfacet
  facet normal 0 0 1
    outer loop
      vertex 72.8751 80.8406 5
      vertex 72.8751 78.1594 5
      vertex 73.125 77.9845 5
    endloop
  endfacet
  facet normal -0 0 1
    outer loop
      vertex 72.6594 80.6249 5
      vertex 72.8751 78.1594 5
      vertex 72.8751 80.8406 5
    endloop
  endfacet
  facet normal 0 0 1
    outer loop
      vertex 72.6594 80.6249 5
      vertex 72.6594 78.3751 5
      vertex 72.8751 78.1594 5
    endloop
  endfacet
  facet normal -0 0 1
    outer loop
      vertex 72.4845 80.375 5
      vertex 72.6594 78.3751 5
      vertex 72.6594 80.6249 5
    endloop
  endfacet
  facet normal 0 0 1
    outer loop
      vertex 72.4845 80.375 5
      vertex 72.4845 78.625 5
      vertex 72.6594 78.3751 5
    endloop
  endfacet
  facet normal -0 0 1
    outer loop
      vertex 72.3555 80.0985 5
      vertex 72.4845 78.625 5
      vertex 72.4845 80.375 5
    endloop
  endfacet
  facet normal 0 0 1
    outer loop
      vertex 72.3555 80.0985 5
      vertex 72.3555 78.9015 5
      vertex 72.4845 78.625 5
    endloop
  endfacet
  facet normal -0 0 1
    outer loop
      vertex 72.2766 79.8039 5
      vertex 72.3555 78.9015 5
      vertex 72.3555 80.0985 5
    endloop
  endfacet
  facet normal 0 0 1
    outer loop
      vertex 72.2766 79.8039 5
      vertex 72.2766 79.1961 5
      vertex 72.3555 78.9015 5
    endloop
  endfacet
  facet normal 0 -0 1
    outer loop
      vertex 72.2766 79.1961 5
      vertex 72.2766 79.8039 5
      vertex 72.25 79.5 5
    endloop
  endfacet
  facet normal -0.573578 0.819151 0
    outer loop
      vertex 8 87.8564 0
      vertex 5.7154 86.2567 5
      vertex 8 87.8564 5
    endloop
  endfacet
  facet normal -0.573578 0.819151 0
    outer loop
      vertex 5.7154 86.2567 5
      vertex 8 87.8564 0
      vertex 5.7154 86.2567 0
    endloop
  endfacet
  facet normal 0.0871634 0.996194 -0
    outer loop
      vertex 76.7784 89.7569 0
      vertex 74 90 5
      vertex 76.7784 89.7569 5
    endloop
  endfacet
  facet normal 0.0871634 0.996194 0
    outer loop
      vertex 74 90 5
      vertex 76.7784 89.7569 0
      vertex 74 90 0
    endloop
  endfacet
  facet normal -0.90631 -0.422614 0
    outer loop
      vertex 2.14359 8 0
      vertex 0.964917 10.5277 5
      vertex 0.964917 10.5277 0
    endloop
  endfacet
  facet normal -0.90631 -0.422614 0
    outer loop
      vertex 0.964917 10.5277 5
      vertex 2.14359 8 0
      vertex 2.14359 8 5
    endloop
  endfacet
  facet normal 0.906306 -0.422622 0
    outer loop
      vertex 87.8564 8 5
      vertex 89.0351 10.5277 0
      vertex 89.0351 10.5277 5
    endloop
  endfacet
  facet normal 0.906306 -0.422622 0
    outer loop
      vertex 89.0351 10.5277 0
      vertex 87.8564 8 5
      vertex 87.8564 8 0
    endloop
  endfacet
  facet normal 0.25881 0.965928 -0
    outer loop
      vertex 79.4723 89.0351 0
      vertex 76.7784 89.7569 5
      vertex 79.4723 89.0351 5
    endloop
  endfacet
  facet normal 0.25881 0.965928 0
    outer loop
      vertex 76.7784 89.7569 5
      vertex 79.4723 89.0351 0
      vertex 76.7784 89.7569 0
    endloop
  endfacet
  facet normal 0.996194 0.0871634 0
    outer loop
      vertex 90 74 5
      vertex 89.7569 76.7784 0
      vertex 89.7569 76.7784 5
    endloop
  endfacet
  facet normal 0.996194 0.0871634 0
    outer loop
      vertex 89.7569 76.7784 0
      vertex 90 74 5
      vertex 90 74 0
    endloop
  endfacet
  facet normal -0.422622 0.906306 0
    outer loop
      vertex 10.5277 89.0351 0
      vertex 8 87.8564 5
      vertex 10.5277 89.0351 5
    endloop
  endfacet
  facet normal -0.422622 0.906306 0
    outer loop
      vertex 8 87.8564 5
      vertex 10.5277 89.0351 0
      vertex 8 87.8564 0
    endloop
  endfacet
  facet normal -0.965925 -0.258824 0
    outer loop
      vertex 0.964917 10.5277 0
      vertex 0.243075 13.2216 5
      vertex 0.243075 13.2216 0
    endloop
  endfacet
  facet normal -0.965925 -0.258824 0
    outer loop
      vertex 0.243075 13.2216 5
      vertex 0.964917 10.5277 0
      vertex 0.964917 10.5277 5
    endloop
  endfacet
  facet normal 0.965928 -0.25881 0
    outer loop
      vertex 89.0351 10.5277 5
      vertex 89.7569 13.2216 0
      vertex 89.7569 13.2216 5
    endloop
  endfacet
  facet normal 0.965928 -0.25881 0
    outer loop
      vertex 89.7569 13.2216 0
      vertex 89.0351 10.5277 5
      vertex 89.0351 10.5277 0
    endloop
  endfacet
  facet normal -0.0871634 0.996194 0
    outer loop
      vertex 16 90 0
      vertex 13.2216 89.7569 5
      vertex 16 90 5
    endloop
  endfacet
  facet normal -0.0871634 0.996194 0
    outer loop
      vertex 13.2216 89.7569 5
      vertex 16 90 0
      vertex 13.2216 89.7569 0
    endloop
  endfacet
  facet normal -0.965957 -0.258703 0
    outer loop
      vertex 17.7234 56.8039 5
      vertex 17.6445 57.0985 8.01
      vertex 17.6445 57.0985 5
    endloop
  endfacet
  facet normal -0.965957 -0.258703 0
    outer loop
      vertex 17.6445 57.0985 8.01
      vertex 17.7234 56.8039 5
      vertex 17.7234 56.8039 8.01
    endloop
  endfacet
  facet normal -0.996191 -0.0871954 0
    outer loop
      vertex 17.75 56.5 5
      vertex 17.7234 56.8039 8.01
      vertex 17.7234 56.8039 5
    endloop
  endfacet
  facet normal -0.996191 -0.0871954 0
    outer loop
      vertex 17.7234 56.8039 8.01
      vertex 17.75 56.5 5
      vertex 17.75 56.5 8.01
    endloop
  endfacet
  facet normal -0.906225 -0.422796 0
    outer loop
      vertex 17.6445 57.0985 5
      vertex 17.5155 57.375 8.01
      vertex 17.5155 57.375 5
    endloop
  endfacet
  facet normal -0.906225 -0.422796 0
    outer loop
      vertex 17.5155 57.375 8.01
      vertex 17.6445 57.0985 5
      vertex 17.6445 57.0985 8.01
    endloop
  endfacet
  facet normal -0.819278 0.573396 0
    outer loop
      vertex 17.3406 55.3751 5
      vertex 17.5155 55.625 8.01
      vertex 17.5155 55.625 5
    endloop
  endfacet
  facet normal -0.819278 0.573396 0
    outer loop
      vertex 17.5155 55.625 8.01
      vertex 17.3406 55.3751 5
      vertex 17.3406 55.3751 8.01
    endloop
  endfacet
  facet normal -0.707107 -0.707107 0
    outer loop
      vertex 17.3406 57.6249 5
      vertex 17.1249 57.8406 8.01
      vertex 17.1249 57.8406 5
    endloop
  endfacet
  facet normal -0.707107 -0.707107 0
    outer loop
      vertex 17.1249 57.8406 8.01
      vertex 17.3406 57.6249 5
      vertex 17.3406 57.6249 8.01
    endloop
  endfacet
  facet normal 0.422796 0.906225 -0
    outer loop
      vertex 15.4015 54.8555 5
      vertex 15.125 54.9845 8.01
      vertex 15.4015 54.8555 8.01
    endloop
  endfacet
  facet normal 0.422796 0.906225 0
    outer loop
      vertex 15.125 54.9845 8.01
      vertex 15.4015 54.8555 5
      vertex 15.125 54.9845 5
    endloop
  endfacet
  facet normal 0.996191 -0.0871954 0
    outer loop
      vertex 14.25 56.5 8.01
      vertex 14.2766 56.8039 5
      vertex 14.2766 56.8039 8.01
    endloop
  endfacet
  facet normal 0.996191 -0.0871954 0
    outer loop
      vertex 14.2766 56.8039 5
      vertex 14.25 56.5 8.01
      vertex 14.25 56.5 5
    endloop
  endfacet
  facet normal -0.0871954 -0.996191 0
    outer loop
      vertex 16 58.25 5
      vertex 16.3039 58.2234 8.01
      vertex 16 58.25 8.01
    endloop
  endfacet
  facet normal -0.0871954 -0.996191 -0
    outer loop
      vertex 16.3039 58.2234 8.01
      vertex 16 58.25 5
      vertex 16.3039 58.2234 5
    endloop
  endfacet
  facet normal -0.258703 0.965957 0
    outer loop
      vertex 16.5985 54.8555 5
      vertex 16.3039 54.7766 8.01
      vertex 16.5985 54.8555 8.01
    endloop
  endfacet
  facet normal -0.258703 0.965957 0
    outer loop
      vertex 16.3039 54.7766 8.01
      vertex 16.5985 54.8555 5
      vertex 16.3039 54.7766 5
    endloop
  endfacet
  facet normal 0.422796 -0.906225 0
    outer loop
      vertex 15.125 58.0155 5
      vertex 15.4015 58.1445 8.01
      vertex 15.125 58.0155 8.01
    endloop
  endfacet
  facet normal 0.422796 -0.906225 0
    outer loop
      vertex 15.4015 58.1445 8.01
      vertex 15.125 58.0155 5
      vertex 15.4015 58.1445 5
    endloop
  endfacet
  facet normal -0.906225 0.422796 0
    outer loop
      vertex 17.5155 55.625 5
      vertex 17.6445 55.9015 8.01
      vertex 17.6445 55.9015 5
    endloop
  endfacet
  facet normal -0.906225 0.422796 0
    outer loop
      vertex 17.6445 55.9015 8.01
      vertex 17.5155 55.625 5
      vertex 17.5155 55.625 8.01
    endloop
  endfacet
  facet normal -0.996191 0.0871954 0
    outer loop
      vertex 17.7234 56.1961 5
      vertex 17.75 56.5 8.01
      vertex 17.75 56.5 5
    endloop
  endfacet
  facet normal -0.996191 0.0871954 0
    outer loop
      vertex 17.75 56.5 8.01
      vertex 17.7234 56.1961 5
      vertex 17.7234 56.1961 8.01
    endloop
  endfacet
  facet normal 0.707107 0.707107 -0
    outer loop
      vertex 14.8751 55.1594 5
      vertex 14.6594 55.3751 8.01
      vertex 14.8751 55.1594 8.01
    endloop
  endfacet
  facet normal 0.707107 0.707107 0
    outer loop
      vertex 14.6594 55.3751 8.01
      vertex 14.8751 55.1594 5
      vertex 14.6594 55.3751 5
    endloop
  endfacet
  facet normal -0.0871954 0.996191 0
    outer loop
      vertex 16.3039 54.7766 5
      vertex 16 54.75 8.01
      vertex 16.3039 54.7766 8.01
    endloop
  endfacet
  facet normal -0.0871954 0.996191 0
    outer loop
      vertex 16 54.75 8.01
      vertex 16.3039 54.7766 5
      vertex 16 54.75 5
    endloop
  endfacet
  facet normal 0.573396 -0.819278 0
    outer loop
      vertex 14.8751 57.8406 5
      vertex 15.125 58.0155 8.01
      vertex 14.8751 57.8406 8.01
    endloop
  endfacet
  facet normal 0.573396 -0.819278 0
    outer loop
      vertex 15.125 58.0155 8.01
      vertex 14.8751 57.8406 5
      vertex 15.125 58.0155 5
    endloop
  endfacet
  facet normal -0.819278 -0.573396 0
    outer loop
      vertex 17.5155 57.375 5
      vertex 17.3406 57.6249 8.01
      vertex 17.3406 57.6249 5
    endloop
  endfacet
  facet normal -0.819278 -0.573396 0
    outer loop
      vertex 17.3406 57.6249 8.01
      vertex 17.5155 57.375 5
      vertex 17.5155 57.375 8.01
    endloop
  endfacet
  facet normal 0.258703 -0.965957 0
    outer loop
      vertex 15.4015 58.1445 5
      vertex 15.6961 58.2234 8.01
      vertex 15.4015 58.1445 8.01
    endloop
  endfacet
  facet normal 0.258703 -0.965957 0
    outer loop
      vertex 15.6961 58.2234 8.01
      vertex 15.4015 58.1445 5
      vertex 15.6961 58.2234 5
    endloop
  endfacet
  facet normal 0.0871954 -0.996191 0
    outer loop
      vertex 15.6961 58.2234 5
      vertex 16 58.25 8.01
      vertex 15.6961 58.2234 8.01
    endloop
  endfacet
  facet normal 0.0871954 -0.996191 0
    outer loop
      vertex 16 58.25 8.01
      vertex 15.6961 58.2234 5
      vertex 16 58.25 5
    endloop
  endfacet
  facet normal -0.965957 0.258703 0
    outer loop
      vertex 17.6445 55.9015 5
      vertex 17.7234 56.1961 8.01
      vertex 17.7234 56.1961 5
    endloop
  endfacet
  facet normal -0.965957 0.258703 0
    outer loop
      vertex 17.7234 56.1961 8.01
      vertex 17.6445 55.9015 5
      vertex 17.6445 55.9015 8.01
    endloop
  endfacet
  facet normal 0.965957 -0.258703 0
    outer loop
      vertex 14.2766 56.8039 8.01
      vertex 14.3555 57.0985 5
      vertex 14.3555 57.0985 8.01
    endloop
  endfacet
  facet normal 0.965957 -0.258703 0
    outer loop
      vertex 14.3555 57.0985 5
      vertex 14.2766 56.8039 8.01
      vertex 14.2766 56.8039 5
    endloop
  endfacet
  facet normal -0.707107 0.707107 0
    outer loop
      vertex 17.1249 55.1594 5
      vertex 17.3406 55.3751 8.01
      vertex 17.3406 55.3751 5
    endloop
  endfacet
  facet normal -0.707107 0.707107 0
    outer loop
      vertex 17.3406 55.3751 8.01
      vertex 17.1249 55.1594 5
      vertex 17.1249 55.1594 8.01
    endloop
  endfacet
  facet normal -0.422796 -0.906225 0
    outer loop
      vertex 16.5985 58.1445 5
      vertex 16.875 58.0155 8.01
      vertex 16.5985 58.1445 8.01
    endloop
  endfacet
  facet normal -0.422796 -0.906225 -0
    outer loop
      vertex 16.875 58.0155 8.01
      vertex 16.5985 58.1445 5
      vertex 16.875 58.0155 5
    endloop
  endfacet
  facet normal 0.996191 0.0871954 0
    outer loop
      vertex 14.2766 56.1961 8.01
      vertex 14.25 56.5 5
      vertex 14.25 56.5 8.01
    endloop
  endfacet
  facet normal 0.996191 0.0871954 0
    outer loop
      vertex 14.25 56.5 5
      vertex 14.2766 56.1961 8.01
      vertex 14.2766 56.1961 5
    endloop
  endfacet
  facet normal -0.573396 0.819278 0
    outer loop
      vertex 17.1249 55.1594 5
      vertex 16.875 54.9845 8.01
      vertex 17.1249 55.1594 8.01
    endloop
  endfacet
  facet normal -0.573396 0.819278 0
    outer loop
      vertex 16.875 54.9845 8.01
      vertex 17.1249 55.1594 5
      vertex 16.875 54.9845 5
    endloop
  endfacet
  facet normal -0.573396 -0.819278 0
    outer loop
      vertex 16.875 58.0155 5
      vertex 17.1249 57.8406 8.01
      vertex 16.875 58.0155 8.01
    endloop
  endfacet
  facet normal -0.573396 -0.819278 -0
    outer loop
      vertex 17.1249 57.8406 8.01
      vertex 16.875 58.0155 5
      vertex 17.1249 57.8406 5
    endloop
  endfacet
  facet normal 0.965957 0.258703 0
    outer loop
      vertex 14.3555 55.9015 8.01
      vertex 14.2766 56.1961 5
      vertex 14.2766 56.1961 8.01
    endloop
  endfacet
  facet normal 0.965957 0.258703 0
    outer loop
      vertex 14.2766 56.1961 5
      vertex 14.3555 55.9015 8.01
      vertex 14.3555 55.9015 5
    endloop
  endfacet
  facet normal 0.906225 0.422796 0
    outer loop
      vertex 14.4845 55.625 8.01
      vertex 14.3555 55.9015 5
      vertex 14.3555 55.9015 8.01
    endloop
  endfacet
  facet normal 0.906225 0.422796 0
    outer loop
      vertex 14.3555 55.9015 5
      vertex 14.4845 55.625 8.01
      vertex 14.4845 55.625 5
    endloop
  endfacet
  facet normal 0.819278 0.573396 0
    outer loop
      vertex 14.6594 55.3751 8.01
      vertex 14.4845 55.625 5
      vertex 14.4845 55.625 8.01
    endloop
  endfacet
  facet normal 0.819278 0.573396 0
    outer loop
      vertex 14.4845 55.625 5
      vertex 14.6594 55.3751 8.01
      vertex 14.6594 55.3751 5
    endloop
  endfacet
  facet normal 0.258703 0.965957 -0
    outer loop
      vertex 15.6961 54.7766 5
      vertex 15.4015 54.8555 8.01
      vertex 15.6961 54.7766 8.01
    endloop
  endfacet
  facet normal 0.258703 0.965957 0
    outer loop
      vertex 15.4015 54.8555 8.01
      vertex 15.6961 54.7766 5
      vertex 15.4015 54.8555 5
    endloop
  endfacet
  facet normal 0.573396 0.819278 -0
    outer loop
      vertex 15.125 54.9845 5
      vertex 14.8751 55.1594 8.01
      vertex 15.125 54.9845 8.01
    endloop
  endfacet
  facet normal 0.573396 0.819278 0
    outer loop
      vertex 14.8751 55.1594 8.01
      vertex 15.125 54.9845 5
      vertex 14.8751 55.1594 5
    endloop
  endfacet
  facet normal -0.422796 0.906225 0
    outer loop
      vertex 16.875 54.9845 5
      vertex 16.5985 54.8555 8.01
      vertex 16.875 54.9845 8.01
    endloop
  endfacet
  facet normal -0.422796 0.906225 0
    outer loop
      vertex 16.5985 54.8555 8.01
      vertex 16.875 54.9845 5
      vertex 16.5985 54.8555 5
    endloop
  endfacet
  facet normal -0.258703 -0.965957 0
    outer loop
      vertex 16.3039 58.2234 5
      vertex 16.5985 58.1445 8.01
      vertex 16.3039 58.2234 8.01
    endloop
  endfacet
  facet normal -0.258703 -0.965957 -0
    outer loop
      vertex 16.5985 58.1445 8.01
      vertex 16.3039 58.2234 5
      vertex 16.5985 58.1445 5
    endloop
  endfacet
  facet normal 0.906225 -0.422796 0
    outer loop
      vertex 14.3555 57.0985 8.01
      vertex 14.4845 57.375 5
      vertex 14.4845 57.375 8.01
    endloop
  endfacet
  facet normal 0.906225 -0.422796 0
    outer loop
      vertex 14.4845 57.375 5
      vertex 14.3555 57.0985 8.01
      vertex 14.3555 57.0985 5
    endloop
  endfacet
  facet normal 0.0871954 0.996191 -0
    outer loop
      vertex 16 54.75 5
      vertex 15.6961 54.7766 8.01
      vertex 16 54.75 8.01
    endloop
  endfacet
  facet normal 0.0871954 0.996191 0
    outer loop
      vertex 15.6961 54.7766 8.01
      vertex 16 54.75 5
      vertex 15.6961 54.7766 5
    endloop
  endfacet
  facet normal 0.819278 -0.573396 0
    outer loop
      vertex 14.4845 57.375 8.01
      vertex 14.6594 57.6249 5
      vertex 14.6594 57.6249 8.01
    endloop
  endfacet
  facet normal 0.819278 -0.573396 0
    outer loop
      vertex 14.6594 57.6249 5
      vertex 14.4845 57.375 8.01
      vertex 14.4845 57.375 5
    endloop
  endfacet
  facet normal 0.707107 -0.707107 0
    outer loop
      vertex 14.6594 57.6249 5
      vertex 14.8751 57.8406 8.01
      vertex 14.6594 57.6249 8.01
    endloop
  endfacet
  facet normal 0.707107 -0.707107 0
    outer loop
      vertex 14.8751 57.8406 8.01
      vertex 14.6594 57.6249 5
      vertex 14.8751 57.8406 5
    endloop
  endfacet
  facet normal -0.855096 -0.0747151 0.513058
    outer loop
      vertex 18.3087 56.904 9
      vertex 17.75 56.5 8.01
      vertex 18.344 56.5 9
    endloop
  endfacet
  facet normal 0.221179 -0.829421 0.512973
    outer loop
      vertex 15.4015 58.1445 8.01
      vertex 15.2013 58.7034 9
      vertex 15.1983 58.7026 9
    endloop
  endfacet
  facet normal 0.222067 -0.829162 0.513007
    outer loop
      vertex 15.2013 58.7034 9
      vertex 15.4015 58.1445 8.01
      vertex 15.6961 58.2234 8.01
    endloop
  endfacet
  facet normal 0.777882 -0.3628 0.513103
    outer loop
      vertex 13.97 57.672 9
      vertex 13.7986 57.3045 9
      vertex 14.4845 57.375 8.01
    endloop
  endfacet
  facet normal -0.703234 0.492179 0.513051
    outer loop
      vertex 17.3406 55.3751 8.01
      vertex 17.7974 54.9958 9
      vertex 17.5155 55.625 8.01
    endloop
  endfacet
  facet normal -0.696401 0.501409 0.513435
    outer loop
      vertex 17.7974 54.9958 9
      vertex 17.3406 55.3751 8.01
      vertex 17.7956 54.9933 9
    endloop
  endfacet
  facet normal -0.696401 -0.501409 0.513435
    outer loop
      vertex 17.3406 57.6249 8.01
      vertex 17.7974 58.0042 9
      vertex 17.7956 58.0067 9
    endloop
  endfacet
  facet normal -0.703234 -0.492179 0.513051
    outer loop
      vertex 17.7974 58.0042 9
      vertex 17.3406 57.6249 8.01
      vertex 17.5155 57.375 8.01
    endloop
  endfacet
  facet normal -0.829421 -0.221179 0.512973
    outer loop
      vertex 17.6445 57.0985 8.01
      vertex 18.2034 57.2987 9
      vertex 18.2026 57.3017 9
    endloop
  endfacet
  facet normal -0.829162 -0.222067 0.513007
    outer loop
      vertex 18.2034 57.2987 9
      vertex 17.6445 57.0985 8.01
      vertex 17.7234 56.8039 8.01
    endloop
  endfacet
  facet normal 0.853862 -0.0853862 0.513447
    outer loop
      vertex 13.6913 56.904 9
      vertex 14.2766 56.8039 8.01
      vertex 13.6916 56.907 9
    endloop
  endfacet
  facet normal 0.855064 -0.0748428 0.513092
    outer loop
      vertex 14.2766 56.8039 8.01
      vertex 13.6913 56.904 9
      vertex 14.25 56.5 8.01
    endloop
  endfacet
  facet normal 0.785111 0.336476 0.519986
    outer loop
      vertex 14.4845 55.625 8.01
      vertex 13.7974 55.6983 9
      vertex 13.7986 55.6955 9
    endloop
  endfacet
  facet normal 0.777886 0.36292 0.513014
    outer loop
      vertex 13.7974 55.6983 9
      vertex 14.4845 55.625 8.01
      vertex 14.3555 55.9015 8.01
    endloop
  endfacet
  facet normal -0.0853862 0.853862 0.513447
    outer loop
      vertex 16.3039 54.7766 8.01
      vertex 16.404 54.1913 9
      vertex 16.407 54.1916 9
    endloop
  endfacet
  facet normal -0.0748428 0.855064 0.513092
    outer loop
      vertex 16.404 54.1913 9
      vertex 16.3039 54.7766 8.01
      vertex 16 54.75 8.01
    endloop
  endfacet
  facet normal 0.829083 0.222246 0.513058
    outer loop
      vertex 14.2766 56.1961 8.01
      vertex 13.6916 56.093 9
      vertex 13.7966 55.7013 9
    endloop
  endfacet
  facet normal 0.492179 0.703234 0.513051
    outer loop
      vertex 14.8751 55.1594 8.01
      vertex 14.4958 54.7026 9
      vertex 15.125 54.9845 8.01
    endloop
  endfacet
  facet normal 0.501409 0.696401 0.513435
    outer loop
      vertex 14.4958 54.7026 9
      vertex 14.8751 55.1594 8.01
      vertex 14.4933 54.7044 9
    endloop
  endfacet
  facet normal 0.0853862 -0.853862 0.513447
    outer loop
      vertex 15.6961 58.2234 8.01
      vertex 15.596 58.8087 9
      vertex 15.593 58.8084 9
    endloop
  endfacet
  facet normal 0.0748428 -0.855064 0.513092
    outer loop
      vertex 15.596 58.8087 9
      vertex 15.6961 58.2234 8.01
      vertex 16 58.25 8.01
    endloop
  endfacet
  facet normal -0.829083 -0.222246 0.513058
    outer loop
      vertex 18.2034 57.2987 9
      vertex 17.7234 56.8039 8.01
      vertex 18.3084 56.907 9
    endloop
  endfacet
  facet normal -0.606958 -0.606958 0.513033
    outer loop
      vertex 17.1249 57.8406 8.01
      vertex 17.7956 58.0067 9
      vertex 17.5067 58.2956 9
    endloop
  endfacet
  facet normal -0.606958 -0.606958 0.513033
    outer loop
      vertex 17.7956 58.0067 9
      vertex 17.1249 57.8406 8.01
      vertex 17.3406 57.6249 8.01
    endloop
  endfacet
  facet normal -0.492306 -0.703112 0.513097
    outer loop
      vertex 17.172 58.53 9
      vertex 16.875 58.0155 8.01
      vertex 17.5042 58.2974 9
    endloop
  endfacet
  facet normal -0.222067 -0.829162 0.513007
    outer loop
      vertex 16.5985 58.1445 8.01
      vertex 16.7987 58.7034 9
      vertex 16.3039 58.2234 8.01
    endloop
  endfacet
  facet normal -0.221179 -0.829421 0.512973
    outer loop
      vertex 16.7987 58.7034 9
      vertex 16.5985 58.1445 8.01
      vertex 16.8017 58.7026 9
    endloop
  endfacet
  facet normal -0.36292 -0.777886 0.513014
    outer loop
      vertex 16.875 58.0155 8.01
      vertex 16.8017 58.7026 9
      vertex 16.5985 58.1445 8.01
    endloop
  endfacet
  facet normal -0.336476 -0.785111 0.519986
    outer loop
      vertex 16.8017 58.7026 9
      vertex 16.875 58.0155 8.01
      vertex 16.8045 58.7014 9
    endloop
  endfacet
  facet normal -0.855096 0.0747151 0.513058
    outer loop
      vertex 18.344 56.5 9
      vertex 17.75 56.5 8.01
      vertex 18.3087 56.096 9
    endloop
  endfacet
  facet normal 0.855064 0.0748428 0.513092
    outer loop
      vertex 13.6913 56.096 9
      vertex 14.2766 56.1961 8.01
      vertex 14.25 56.5 8.01
    endloop
  endfacet
  facet normal 0.853862 0.0853862 0.513447
    outer loop
      vertex 14.2766 56.1961 8.01
      vertex 13.6913 56.096 9
      vertex 13.6916 56.093 9
    endloop
  endfacet
  facet normal 0.703112 -0.492306 0.513097
    outer loop
      vertex 14.2026 58.0042 9
      vertex 13.97 57.672 9
      vertex 14.4845 57.375 8.01
    endloop
  endfacet
  facet normal -0.777968 -0.362628 0.513096
    outer loop
      vertex 18.03 57.672 9
      vertex 17.5155 57.375 8.01
      vertex 18.2013 57.3045 9
    endloop
  endfacet
  facet normal -0.703112 0.492306 0.513097
    outer loop
      vertex 18.03 55.328 9
      vertex 17.5155 55.625 8.01
      vertex 17.7974 54.9958 9
    endloop
  endfacet
  facet normal 0.855096 -0.0747151 0.513058
    outer loop
      vertex 13.6913 56.904 9
      vertex 13.656 56.5 9
      vertex 14.25 56.5 8.01
    endloop
  endfacet
  facet normal 0.3628 -0.777882 0.513103
    outer loop
      vertex 15.1955 58.7014 9
      vertex 14.828 58.53 9
      vertex 15.125 58.0155 8.01
    endloop
  endfacet
  facet normal -0.777886 0.36292 0.513014
    outer loop
      vertex 17.5155 55.625 8.01
      vertex 18.2026 55.6983 9
      vertex 17.6445 55.9015 8.01
    endloop
  endfacet
  facet normal -0.77833 0.361367 0.513436
    outer loop
      vertex 18.2026 55.6983 9
      vertex 17.5155 55.625 8.01
      vertex 18.2013 55.6955 9
    endloop
  endfacet
  facet normal 0.0748428 0.855064 0.513092
    outer loop
      vertex 15.6961 54.7766 8.01
      vertex 15.596 54.1913 9
      vertex 16 54.75 8.01
    endloop
  endfacet
  facet normal 0.0853862 0.853862 0.513447
    outer loop
      vertex 15.596 54.1913 9
      vertex 15.6961 54.7766 8.01
      vertex 15.593 54.1916 9
    endloop
  endfacet
  facet normal 0.501409 -0.696401 0.513435
    outer loop
      vertex 14.8751 57.8406 8.01
      vertex 14.4958 58.2974 9
      vertex 14.4933 58.2956 9
    endloop
  endfacet
  facet normal 0.492179 -0.703234 0.513051
    outer loop
      vertex 14.4958 58.2974 9
      vertex 14.8751 57.8406 8.01
      vertex 15.125 58.0155 8.01
    endloop
  endfacet
  facet normal 0.336476 -0.785111 0.519986
    outer loop
      vertex 15.125 58.0155 8.01
      vertex 15.1983 58.7026 9
      vertex 15.1955 58.7014 9
    endloop
  endfacet
  facet normal 0.36292 -0.777886 0.513014
    outer loop
      vertex 15.1983 58.7026 9
      vertex 15.125 58.0155 8.01
      vertex 15.4015 58.1445 8.01
    endloop
  endfacet
  facet normal -0.0747151 0.855096 0.513058
    outer loop
      vertex 16 54.75 8.01
      vertex 16 54.156 9
      vertex 16.404 54.1913 9
    endloop
  endfacet
  facet normal 0.0747151 0.855096 0.513058
    outer loop
      vertex 16 54.75 8.01
      vertex 15.596 54.1913 9
      vertex 16 54.156 9
    endloop
  endfacet
  facet normal -0.492179 -0.703234 0.513051
    outer loop
      vertex 17.1249 57.8406 8.01
      vertex 17.5042 58.2974 9
      vertex 16.875 58.0155 8.01
    endloop
  endfacet
  facet normal -0.501409 -0.696401 0.513435
    outer loop
      vertex 17.5042 58.2974 9
      vertex 17.1249 57.8406 8.01
      vertex 17.5067 58.2956 9
    endloop
  endfacet
  facet normal -0.77833 -0.361367 0.513436
    outer loop
      vertex 17.5155 57.375 8.01
      vertex 18.2026 57.3017 9
      vertex 18.2013 57.3045 9
    endloop
  endfacet
  facet normal -0.777886 -0.36292 0.513014
    outer loop
      vertex 18.2026 57.3017 9
      vertex 17.5155 57.375 8.01
      vertex 17.6445 57.0985 8.01
    endloop
  endfacet
  facet normal 0.0747151 -0.855096 0.513058
    outer loop
      vertex 16 58.844 9
      vertex 15.596 58.8087 9
      vertex 16 58.25 8.01
    endloop
  endfacet
  facet normal -0.3628 -0.777882 0.513103
    outer loop
      vertex 17.172 58.53 9
      vertex 16.8045 58.7014 9
      vertex 16.875 58.0155 8.01
    endloop
  endfacet
  facet normal -0.777968 0.362628 0.513096
    outer loop
      vertex 18.2013 55.6955 9
      vertex 17.5155 55.625 8.01
      vertex 18.03 55.328 9
    endloop
  endfacet
  facet normal 0.222246 -0.829083 0.513058
    outer loop
      vertex 15.593 58.8084 9
      vertex 15.2013 58.7034 9
      vertex 15.6961 58.2234 8.01
    endloop
  endfacet
  facet normal -0.703112 -0.492306 0.513097
    outer loop
      vertex 17.7974 58.0042 9
      vertex 17.5155 57.375 8.01
      vertex 18.03 57.672 9
    endloop
  endfacet
  facet normal 0.222067 0.829162 0.513007
    outer loop
      vertex 15.4015 54.8555 8.01
      vertex 15.2013 54.2966 9
      vertex 15.6961 54.7766 8.01
    endloop
  endfacet
  facet normal 0.221179 0.829421 0.512973
    outer loop
      vertex 15.2013 54.2966 9
      vertex 15.4015 54.8555 8.01
      vertex 15.1983 54.2974 9
    endloop
  endfacet
  facet normal -0.606958 0.606958 0.513033
    outer loop
      vertex 17.1249 55.1594 8.01
      vertex 17.7956 54.9933 9
      vertex 17.3406 55.3751 8.01
    endloop
  endfacet
  facet normal -0.606958 0.606958 0.513033
    outer loop
      vertex 17.7956 54.9933 9
      vertex 17.1249 55.1594 8.01
      vertex 17.5067 54.7044 9
    endloop
  endfacet
  facet normal 0.785111 -0.336476 0.519986
    outer loop
      vertex 13.7974 57.3017 9
      vertex 14.4845 57.375 8.01
      vertex 13.7986 57.3045 9
    endloop
  endfacet
  facet normal 0.777886 -0.36292 0.513014
    outer loop
      vertex 14.4845 57.375 8.01
      vertex 13.7974 57.3017 9
      vertex 14.3555 57.0985 8.01
    endloop
  endfacet
  facet normal 0.492306 -0.703112 0.513097
    outer loop
      vertex 14.828 58.53 9
      vertex 14.4958 58.2974 9
      vertex 15.125 58.0155 8.01
    endloop
  endfacet
  facet normal 0.855096 0.0747151 0.513058
    outer loop
      vertex 14.25 56.5 8.01
      vertex 13.656 56.5 9
      vertex 13.6913 56.096 9
    endloop
  endfacet
  facet normal -0.0748428 -0.855064 0.513092
    outer loop
      vertex 16.3039 58.2234 8.01
      vertex 16.404 58.8087 9
      vertex 16 58.25 8.01
    endloop
  endfacet
  facet normal -0.0853862 -0.853862 0.513447
    outer loop
      vertex 16.404 58.8087 9
      vertex 16.3039 58.2234 8.01
      vertex 16.407 58.8084 9
    endloop
  endfacet
  facet normal 0.606958 -0.606958 0.513033
    outer loop
      vertex 14.6594 57.6249 8.01
      vertex 14.4933 58.2956 9
      vertex 14.2044 58.0067 9
    endloop
  endfacet
  facet normal 0.606958 -0.606958 0.513033
    outer loop
      vertex 14.4933 58.2956 9
      vertex 14.6594 57.6249 8.01
      vertex 14.8751 57.8406 8.01
    endloop
  endfacet
  facet normal 0.696401 -0.501409 0.513435
    outer loop
      vertex 14.2026 58.0042 9
      vertex 14.6594 57.6249 8.01
      vertex 14.2044 58.0067 9
    endloop
  endfacet
  facet normal 0.703234 -0.492179 0.513051
    outer loop
      vertex 14.6594 57.6249 8.01
      vertex 14.2026 58.0042 9
      vertex 14.4845 57.375 8.01
    endloop
  endfacet
  facet normal -0.501409 0.696401 0.513435
    outer loop
      vertex 17.1249 55.1594 8.01
      vertex 17.5042 54.7026 9
      vertex 17.5067 54.7044 9
    endloop
  endfacet
  facet normal -0.492179 0.703234 0.513051
    outer loop
      vertex 17.5042 54.7026 9
      vertex 17.1249 55.1594 8.01
      vertex 16.875 54.9845 8.01
    endloop
  endfacet
  facet normal -0.336476 0.785111 0.519986
    outer loop
      vertex 16.875 54.9845 8.01
      vertex 16.8017 54.2974 9
      vertex 16.8045 54.2986 9
    endloop
  endfacet
  facet normal -0.36292 0.777886 0.513014
    outer loop
      vertex 16.8017 54.2974 9
      vertex 16.875 54.9845 8.01
      vertex 16.5985 54.8555 8.01
    endloop
  endfacet
  facet normal 0.492306 0.703112 0.513097
    outer loop
      vertex 15.125 54.9845 8.01
      vertex 14.4958 54.7026 9
      vertex 14.828 54.47 9
    endloop
  endfacet
  facet normal -0.222246 0.829083 0.513058
    outer loop
      vertex 16.7987 54.2966 9
      vertex 16.3039 54.7766 8.01
      vertex 16.407 54.1916 9
    endloop
  endfacet
  facet normal 0.829083 -0.222246 0.513058
    outer loop
      vertex 13.7966 57.2987 9
      vertex 13.6916 56.907 9
      vertex 14.2766 56.8039 8.01
    endloop
  endfacet
  facet normal -0.3628 0.777882 0.513103
    outer loop
      vertex 16.875 54.9845 8.01
      vertex 16.8045 54.2986 9
      vertex 17.172 54.47 9
    endloop
  endfacet
  facet normal -0.492306 0.703112 0.513097
    outer loop
      vertex 17.5042 54.7026 9
      vertex 16.875 54.9845 8.01
      vertex 17.172 54.47 9
    endloop
  endfacet
  facet normal 0.829162 0.222067 0.513007
    outer loop
      vertex 13.7966 55.7013 9
      vertex 14.3555 55.9015 8.01
      vertex 14.2766 56.1961 8.01
    endloop
  endfacet
  facet normal 0.829421 0.221179 0.512973
    outer loop
      vertex 14.3555 55.9015 8.01
      vertex 13.7966 55.7013 9
      vertex 13.7974 55.6983 9
    endloop
  endfacet
  facet normal 0.222246 0.829083 0.513058
    outer loop
      vertex 15.6961 54.7766 8.01
      vertex 15.2013 54.2966 9
      vertex 15.593 54.1916 9
    endloop
  endfacet
  facet normal 0.36292 0.777886 0.513014
    outer loop
      vertex 15.125 54.9845 8.01
      vertex 15.1983 54.2974 9
      vertex 15.4015 54.8555 8.01
    endloop
  endfacet
  facet normal 0.336476 0.785111 0.519986
    outer loop
      vertex 15.1983 54.2974 9
      vertex 15.125 54.9845 8.01
      vertex 15.1955 54.2986 9
    endloop
  endfacet
  facet normal -0.0747151 -0.855096 0.513058
    outer loop
      vertex 16 58.844 9
      vertex 16 58.25 8.01
      vertex 16.404 58.8087 9
    endloop
  endfacet
  facet normal 0.3628 0.777882 0.513103
    outer loop
      vertex 15.125 54.9845 8.01
      vertex 14.828 54.47 9
      vertex 15.1955 54.2986 9
    endloop
  endfacet
  facet normal 0.606958 0.606958 0.513033
    outer loop
      vertex 14.6594 55.3751 8.01
      vertex 14.4933 54.7044 9
      vertex 14.8751 55.1594 8.01
    endloop
  endfacet
  facet normal 0.606958 0.606958 0.513033
    outer loop
      vertex 14.4933 54.7044 9
      vertex 14.6594 55.3751 8.01
      vertex 14.2044 54.9933 9
    endloop
  endfacet
  facet normal 0.777882 0.3628 0.513103
    outer loop
      vertex 14.4845 55.625 8.01
      vertex 13.7986 55.6955 9
      vertex 13.97 55.328 9
    endloop
  endfacet
  facet normal -0.829162 0.222067 0.513007
    outer loop
      vertex 17.6445 55.9015 8.01
      vertex 18.2034 55.7013 9
      vertex 17.7234 56.1961 8.01
    endloop
  endfacet
  facet normal -0.829421 0.221179 0.512973
    outer loop
      vertex 18.2034 55.7013 9
      vertex 17.6445 55.9015 8.01
      vertex 18.2026 55.6983 9
    endloop
  endfacet
  facet normal -0.853862 -0.0853862 0.513447
    outer loop
      vertex 17.7234 56.8039 8.01
      vertex 18.3087 56.904 9
      vertex 18.3084 56.907 9
    endloop
  endfacet
  facet normal -0.855064 -0.0748428 0.513092
    outer loop
      vertex 18.3087 56.904 9
      vertex 17.7234 56.8039 8.01
      vertex 17.75 56.5 8.01
    endloop
  endfacet
  facet normal -0.829083 0.222246 0.513058
    outer loop
      vertex 18.3084 56.093 9
      vertex 17.7234 56.1961 8.01
      vertex 18.2034 55.7013 9
    endloop
  endfacet
  facet normal -0.855064 0.0748428 0.513092
    outer loop
      vertex 17.7234 56.1961 8.01
      vertex 18.3087 56.096 9
      vertex 17.75 56.5 8.01
    endloop
  endfacet
  facet normal -0.853862 0.0853862 0.513447
    outer loop
      vertex 18.3087 56.096 9
      vertex 17.7234 56.1961 8.01
      vertex 18.3084 56.093 9
    endloop
  endfacet
  facet normal 0.703112 0.492306 0.513097
    outer loop
      vertex 14.4845 55.625 8.01
      vertex 13.97 55.328 9
      vertex 14.2026 54.9958 9
    endloop
  endfacet
  facet normal 0.703234 0.492179 0.513051
    outer loop
      vertex 14.2026 54.9958 9
      vertex 14.6594 55.3751 8.01
      vertex 14.4845 55.625 8.01
    endloop
  endfacet
  facet normal 0.696401 0.501409 0.513435
    outer loop
      vertex 14.6594 55.3751 8.01
      vertex 14.2026 54.9958 9
      vertex 14.2044 54.9933 9
    endloop
  endfacet
  facet normal -0.222246 -0.829083 0.513058
    outer loop
      vertex 16.407 58.8084 9
      vertex 16.3039 58.2234 8.01
      vertex 16.7987 58.7034 9
    endloop
  endfacet
  facet normal 0.829421 -0.221179 0.512973
    outer loop
      vertex 13.7966 57.2987 9
      vertex 14.3555 57.0985 8.01
      vertex 13.7974 57.3017 9
    endloop
  endfacet
  facet normal 0.829162 -0.222067 0.513007
    outer loop
      vertex 14.3555 57.0985 8.01
      vertex 13.7966 57.2987 9
      vertex 14.2766 56.8039 8.01
    endloop
  endfacet
  facet normal -0.221179 0.829421 0.512973
    outer loop
      vertex 16.5985 54.8555 8.01
      vertex 16.7987 54.2966 9
      vertex 16.8017 54.2974 9
    endloop
  endfacet
  facet normal -0.222067 0.829162 0.513007
    outer loop
      vertex 16.7987 54.2966 9
      vertex 16.5985 54.8555 8.01
      vertex 16.3039 54.7766 8.01
    endloop
  endfacet
  facet normal 0.965958 -0.258698 0
    outer loop
      vertex 18.8191 55.4739 9
      vertex 18.9544 55.9791 5
      vertex 18.9544 55.9791 9
    endloop
  endfacet
  facet normal 0.965958 -0.258698 0
    outer loop
      vertex 18.9544 55.9791 5
      vertex 18.8191 55.4739 9
      vertex 18.8191 55.4739 5
    endloop
  endfacet
  facet normal 0.965958 0.258698 0
    outer loop
      vertex 18.9544 57.0209 9
      vertex 18.8191 57.5261 5
      vertex 18.8191 57.5261 9
    endloop
  endfacet
  facet normal 0.965958 0.258698 0
    outer loop
      vertex 18.8191 57.5261 5
      vertex 18.9544 57.0209 9
      vertex 18.9544 57.0209 5
    endloop
  endfacet
  facet normal 0.99619 0.0872073 0
    outer loop
      vertex 19 56.5 9
      vertex 18.9544 57.0209 5
      vertex 18.9544 57.0209 9
    endloop
  endfacet
  facet normal 0.99619 0.0872073 0
    outer loop
      vertex 18.9544 57.0209 5
      vertex 19 56.5 9
      vertex 19 56.5 5
    endloop
  endfacet
  facet normal 0.906295 0.422645 0
    outer loop
      vertex 18.8191 57.5261 9
      vertex 18.5981 58 5
      vertex 18.5981 58 9
    endloop
  endfacet
  facet normal 0.906295 0.422645 0
    outer loop
      vertex 18.5981 58 5
      vertex 18.8191 57.5261 9
      vertex 18.8191 57.5261 5
    endloop
  endfacet
  facet normal -0.965958 -0.258698 0
    outer loop
      vertex 13.1809 55.4739 5
      vertex 13.0456 55.9791 9
      vertex 13.0456 55.9791 5
    endloop
  endfacet
  facet normal -0.965958 -0.258698 0
    outer loop
      vertex 13.0456 55.9791 9
      vertex 13.1809 55.4739 5
      vertex 13.1809 55.4739 9
    endloop
  endfacet
  facet normal -0.819124 0.573616 0
    outer loop
      vertex 13.4019 58 5
      vertex 13.7019 58.4284 9
      vertex 13.7019 58.4284 5
    endloop
  endfacet
  facet normal -0.819124 0.573616 0
    outer loop
      vertex 13.7019 58.4284 9
      vertex 13.4019 58 5
      vertex 13.4019 58 9
    endloop
  endfacet
  facet normal -0.422645 0.906295 0
    outer loop
      vertex 14.9739 59.3191 5
      vertex 14.5 59.0981 9
      vertex 14.9739 59.3191 9
    endloop
  endfacet
  facet normal -0.422645 0.906295 0
    outer loop
      vertex 14.5 59.0981 9
      vertex 14.9739 59.3191 5
      vertex 14.5 59.0981 5
    endloop
  endfacet
  facet normal -0.573616 -0.819124 0
    outer loop
      vertex 14.0716 54.2019 5
      vertex 14.5 53.9019 9
      vertex 14.0716 54.2019 9
    endloop
  endfacet
  facet normal -0.573616 -0.819124 -0
    outer loop
      vertex 14.5 53.9019 9
      vertex 14.0716 54.2019 5
      vertex 14.5 53.9019 5
    endloop
  endfacet
  facet normal -0.0872073 -0.99619 0
    outer loop
      vertex 15.4791 53.5456 5
      vertex 16 53.5 9
      vertex 15.4791 53.5456 9
    endloop
  endfacet
  facet normal -0.0872073 -0.99619 -0
    outer loop
      vertex 16 53.5 9
      vertex 15.4791 53.5456 5
      vertex 16 53.5 5
    endloop
  endfacet
  facet normal 0.0872073 -0.99619 0
    outer loop
      vertex 16 53.5 5
      vertex 16.5209 53.5456 9
      vertex 16 53.5 9
    endloop
  endfacet
  facet normal 0.0872073 -0.99619 0
    outer loop
      vertex 16.5209 53.5456 9
      vertex 16 53.5 5
      vertex 16.5209 53.5456 5
    endloop
  endfacet
  facet normal 0.906295 -0.422645 0
    outer loop
      vertex 18.5981 55 9
      vertex 18.8191 55.4739 5
      vertex 18.8191 55.4739 9
    endloop
  endfacet
  facet normal 0.906295 -0.422645 0
    outer loop
      vertex 18.8191 55.4739 5
      vertex 18.5981 55 9
      vertex 18.5981 55 5
    endloop
  endfacet
  facet normal 0.707107 0.707107 0
    outer loop
      vertex 18.2981 58.4284 9
      vertex 17.9284 58.7981 5
      vertex 17.9284 58.7981 9
    endloop
  endfacet
  facet normal 0.707107 0.707107 0
    outer loop
      vertex 17.9284 58.7981 5
      vertex 18.2981 58.4284 9
      vertex 18.2981 58.4284 5
    endloop
  endfacet
  facet normal 0.707107 -0.707107 0
    outer loop
      vertex 17.9284 54.2019 9
      vertex 18.2981 54.5716 5
      vertex 18.2981 54.5716 9
    endloop
  endfacet
  facet normal 0.707107 -0.707107 0
    outer loop
      vertex 18.2981 54.5716 5
      vertex 17.9284 54.2019 9
      vertex 17.9284 54.2019 5
    endloop
  endfacet
  facet normal -0.99619 0.0872073 0
    outer loop
      vertex 13 56.5 5
      vertex 13.0456 57.0209 9
      vertex 13.0456 57.0209 5
    endloop
  endfacet
  facet normal -0.99619 0.0872073 0
    outer loop
      vertex 13.0456 57.0209 9
      vertex 13 56.5 5
      vertex 13 56.5 9
    endloop
  endfacet
  facet normal 0.258698 0.965958 -0
    outer loop
      vertex 17.0261 59.3191 5
      vertex 16.5209 59.4544 9
      vertex 17.0261 59.3191 9
    endloop
  endfacet
  facet normal 0.258698 0.965958 0
    outer loop
      vertex 16.5209 59.4544 9
      vertex 17.0261 59.3191 5
      vertex 16.5209 59.4544 5
    endloop
  endfacet
  facet normal -0.99619 -0.0872073 0
    outer loop
      vertex 13.0456 55.9791 5
      vertex 13 56.5 9
      vertex 13 56.5 5
    endloop
  endfacet
  facet normal -0.99619 -0.0872073 0
    outer loop
      vertex 13 56.5 9
      vertex 13.0456 55.9791 5
      vertex 13.0456 55.9791 9
    endloop
  endfacet
  facet normal 0.819124 -0.573616 0
    outer loop
      vertex 18.2981 54.5716 9
      vertex 18.5981 55 5
      vertex 18.5981 55 9
    endloop
  endfacet
  facet normal 0.819124 -0.573616 0
    outer loop
      vertex 18.5981 55 5
      vertex 18.2981 54.5716 9
      vertex 18.2981 54.5716 5
    endloop
  endfacet
  facet normal -0.258698 -0.965958 0
    outer loop
      vertex 14.9739 53.6809 5
      vertex 15.4791 53.5456 9
      vertex 14.9739 53.6809 9
    endloop
  endfacet
  facet normal -0.258698 -0.965958 -0
    outer loop
      vertex 15.4791 53.5456 9
      vertex 14.9739 53.6809 5
      vertex 15.4791 53.5456 5
    endloop
  endfacet
  facet normal 0.422645 -0.906295 0
    outer loop
      vertex 17.0261 53.6809 5
      vertex 17.5 53.9019 9
      vertex 17.0261 53.6809 9
    endloop
  endfacet
  facet normal 0.422645 -0.906295 0
    outer loop
      vertex 17.5 53.9019 9
      vertex 17.0261 53.6809 5
      vertex 17.5 53.9019 5
    endloop
  endfacet
  facet normal -0.573616 0.819124 0
    outer loop
      vertex 14.5 59.0981 5
      vertex 14.0716 58.7981 9
      vertex 14.5 59.0981 9
    endloop
  endfacet
  facet normal -0.573616 0.819124 0
    outer loop
      vertex 14.0716 58.7981 9
      vertex 14.5 59.0981 5
      vertex 14.0716 58.7981 5
    endloop
  endfacet
  facet normal 0.819124 0.573616 0
    outer loop
      vertex 18.5981 58 9
      vertex 18.2981 58.4284 5
      vertex 18.2981 58.4284 9
    endloop
  endfacet
  facet normal 0.819124 0.573616 0
    outer loop
      vertex 18.2981 58.4284 5
      vertex 18.5981 58 9
      vertex 18.5981 58 5
    endloop
  endfacet
  facet normal 0.422645 0.906295 -0
    outer loop
      vertex 17.5 59.0981 5
      vertex 17.0261 59.3191 9
      vertex 17.5 59.0981 9
    endloop
  endfacet
  facet normal 0.422645 0.906295 0
    outer loop
      vertex 17.0261 59.3191 9
      vertex 17.5 59.0981 5
      vertex 17.0261 59.3191 5
    endloop
  endfacet
  facet normal 0.258698 -0.965958 0
    outer loop
      vertex 16.5209 53.5456 5
      vertex 17.0261 53.6809 9
      vertex 16.5209 53.5456 9
    endloop
  endfacet
  facet normal 0.258698 -0.965958 0
    outer loop
      vertex 17.0261 53.6809 9
      vertex 16.5209 53.5456 5
      vertex 17.0261 53.6809 5
    endloop
  endfacet
  facet normal 0 0 1
    outer loop
      vertex 18.344 56.5 9
      vertex 19 56.5 9
      vertex 18.9544 57.0209 9
    endloop
  endfacet
  facet normal 0 0 1
    outer loop
      vertex 18.3084 56.907 9
      vertex 18.9544 57.0209 9
      vertex 18.8191 57.5261 9
    endloop
  endfacet
  facet normal 0 0 1
    outer loop
      vertex 19 56.5 9
      vertex 18.344 56.5 9
      vertex 18.9544 55.9791 9
    endloop
  endfacet
  facet normal 0 0 1
    outer loop
      vertex 18.2013 57.3045 9
      vertex 18.8191 57.5261 9
      vertex 18.5981 58 9
    endloop
  endfacet
  facet normal -0 0 1
    outer loop
      vertex 18.3087 56.096 9
      vertex 18.9544 55.9791 9
      vertex 18.344 56.5 9
    endloop
  endfacet
  facet normal -0 0 1
    outer loop
      vertex 18.3084 56.093 9
      vertex 18.9544 55.9791 9
      vertex 18.3087 56.096 9
    endloop
  endfacet
  facet normal 0 0 1
    outer loop
      vertex 18.9544 57.0209 9
      vertex 18.3087 56.904 9
      vertex 18.344 56.5 9
    endloop
  endfacet
  facet normal 0 0 1
    outer loop
      vertex 18.9544 57.0209 9
      vertex 18.3084 56.907 9
      vertex 18.3087 56.904 9
    endloop
  endfacet
  facet normal 0 0 1
    outer loop
      vertex 18.03 57.672 9
      vertex 18.5981 58 9
      vertex 18.2981 58.4284 9
    endloop
  endfacet
  facet normal 0 0 1
    outer loop
      vertex 18.8191 57.5261 9
      vertex 18.2034 57.2987 9
      vertex 18.3084 56.907 9
    endloop
  endfacet
  facet normal 0 0 1
    outer loop
      vertex 18.8191 57.5261 9
      vertex 18.2026 57.3017 9
      vertex 18.2034 57.2987 9
    endloop
  endfacet
  facet normal 0 0 1
    outer loop
      vertex 18.8191 57.5261 9
      vertex 18.2013 57.3045 9
      vertex 18.2026 57.3017 9
    endloop
  endfacet
  facet normal 0 0 1
    outer loop
      vertex 18.5981 58 9
      vertex 18.03 57.672 9
      vertex 18.2013 57.3045 9
    endloop
  endfacet
  facet normal 0 0 1
    outer loop
      vertex 17.7956 58.0067 9
      vertex 18.2981 58.4284 9
      vertex 17.9284 58.7981 9
    endloop
  endfacet
  facet normal 0 0 1
    outer loop
      vertex 18.2981 58.4284 9
      vertex 17.7974 58.0042 9
      vertex 18.03 57.672 9
    endloop
  endfacet
  facet normal 0 0 1
    outer loop
      vertex 18.2981 58.4284 9
      vertex 17.7956 58.0067 9
      vertex 17.7974 58.0042 9
    endloop
  endfacet
  facet normal 0 0 1
    outer loop
      vertex 17.9284 58.7981 9
      vertex 17.5067 58.2956 9
      vertex 17.7956 58.0067 9
    endloop
  endfacet
  facet normal 0 0 1
    outer loop
      vertex 17.9284 58.7981 9
      vertex 17.5042 58.2974 9
      vertex 17.5067 58.2956 9
    endloop
  endfacet
  facet normal 0 0 1
    outer loop
      vertex 17.5 59.0981 9
      vertex 17.5042 58.2974 9
      vertex 17.9284 58.7981 9
    endloop
  endfacet
  facet normal 0 0 1
    outer loop
      vertex 17.5 59.0981 9
      vertex 17.172 58.53 9
      vertex 17.5042 58.2974 9
    endloop
  endfacet
  facet normal 0 0 1
    outer loop
      vertex 17.0261 59.3191 9
      vertex 17.172 58.53 9
      vertex 17.5 59.0981 9
    endloop
  endfacet
  facet normal 0 0 1
    outer loop
      vertex 17.0261 59.3191 9
      vertex 16.8045 58.7014 9
      vertex 17.172 58.53 9
    endloop
  endfacet
  facet normal 0 0 1
    outer loop
      vertex 17.0261 59.3191 9
      vertex 16.8017 58.7026 9
      vertex 16.8045 58.7014 9
    endloop
  endfacet
  facet normal 0 0 1
    outer loop
      vertex 17.0261 59.3191 9
      vertex 16.7987 58.7034 9
      vertex 16.8017 58.7026 9
    endloop
  endfacet
  facet normal 0 0 1
    outer loop
      vertex 16.5209 59.4544 9
      vertex 16.7987 58.7034 9
      vertex 17.0261 59.3191 9
    endloop
  endfacet
  facet normal 0 0 1
    outer loop
      vertex 16.5209 59.4544 9
      vertex 16.407 58.8084 9
      vertex 16.7987 58.7034 9
    endloop
  endfacet
  facet normal 0 0 1
    outer loop
      vertex 16.5209 59.4544 9
      vertex 16.404 58.8087 9
      vertex 16.407 58.8084 9
    endloop
  endfacet
  facet normal 0 0 1
    outer loop
      vertex 16 59.5 9
      vertex 16.404 58.8087 9
      vertex 16.5209 59.4544 9
    endloop
  endfacet
  facet normal 0 0 1
    outer loop
      vertex 16 59.5 9
      vertex 16 58.844 9
      vertex 16.404 58.8087 9
    endloop
  endfacet
  facet normal 0 0 1
    outer loop
      vertex 16 59.5 9
      vertex 15.596 58.8087 9
      vertex 16 58.844 9
    endloop
  endfacet
  facet normal -0 0 1
    outer loop
      vertex 15.4791 59.4544 9
      vertex 15.596 58.8087 9
      vertex 16 59.5 9
    endloop
  endfacet
  facet normal 0 0 1
    outer loop
      vertex 15.596 58.8087 9
      vertex 15.4791 59.4544 9
      vertex 15.593 58.8084 9
    endloop
  endfacet
  facet normal 0 0 1
    outer loop
      vertex 15.4791 59.4544 9
      vertex 15.2013 58.7034 9
      vertex 15.593 58.8084 9
    endloop
  endfacet
  facet normal -0 0 1
    outer loop
      vertex 14.9739 59.3191 9
      vertex 15.2013 58.7034 9
      vertex 15.4791 59.4544 9
    endloop
  endfacet
  facet normal 0 0 1
    outer loop
      vertex 15.2013 58.7034 9
      vertex 14.9739 59.3191 9
      vertex 15.1983 58.7026 9
    endloop
  endfacet
  facet normal 0 0 1
    outer loop
      vertex 15.1983 58.7026 9
      vertex 14.9739 59.3191 9
      vertex 15.1955 58.7014 9
    endloop
  endfacet
  facet normal 0 0 1
    outer loop
      vertex 14.9739 59.3191 9
      vertex 14.828 58.53 9
      vertex 15.1955 58.7014 9
    endloop
  endfacet
  facet normal -0 0 1
    outer loop
      vertex 14.5 59.0981 9
      vertex 14.828 58.53 9
      vertex 14.9739 59.3191 9
    endloop
  endfacet
  facet normal 0 0 1
    outer loop
      vertex 14.5 59.0981 9
      vertex 14.4958 58.2974 9
      vertex 14.828 58.53 9
    endloop
  endfacet
  facet normal -0 0 1
    outer loop
      vertex 14.0716 58.7981 9
      vertex 14.4958 58.2974 9
      vertex 14.5 59.0981 9
    endloop
  endfacet
  facet normal 0 0 1
    outer loop
      vertex 14.4958 58.2974 9
      vertex 14.0716 58.7981 9
      vertex 14.4933 58.2956 9
    endloop
  endfacet
  facet normal 0 0 1
    outer loop
      vertex 14.4933 58.2956 9
      vertex 14.0716 58.7981 9
      vertex 14.2044 58.0067 9
    endloop
  endfacet
  facet normal -0 0 1
    outer loop
      vertex 13.7019 58.4284 9
      vertex 14.2044 58.0067 9
      vertex 14.0716 58.7981 9
    endloop
  endfacet
  facet normal 0 0 1
    outer loop
      vertex 14.2044 58.0067 9
      vertex 13.7019 58.4284 9
      vertex 14.2026 58.0042 9
    endloop
  endfacet
  facet normal 0 0 1
    outer loop
      vertex 14.2026 58.0042 9
      vertex 13.7019 58.4284 9
      vertex 13.97 57.672 9
    endloop
  endfacet
  facet normal -0 0 1
    outer loop
      vertex 13.4019 58 9
      vertex 13.97 57.672 9
      vertex 13.7019 58.4284 9
    endloop
  endfacet
  facet normal 0 0 1
    outer loop
      vertex 13.97 57.672 9
      vertex 13.4019 58 9
      vertex 13.7986 57.3045 9
    endloop
  endfacet
  facet normal -0 0 1
    outer loop
      vertex 13.1809 57.5261 9
      vertex 13.7986 57.3045 9
      vertex 13.4019 58 9
    endloop
  endfacet
  facet normal 0 0 1
    outer loop
      vertex 13.7986 57.3045 9
      vertex 13.1809 57.5261 9
      vertex 13.7974 57.3017 9
    endloop
  endfacet
  facet normal 0 0 1
    outer loop
      vertex 13.7974 57.3017 9
      vertex 13.1809 57.5261 9
      vertex 13.7966 57.2987 9
    endloop
  endfacet
  facet normal 0 0 1
    outer loop
      vertex 13.7966 57.2987 9
      vertex 13.1809 57.5261 9
      vertex 13.6916 56.907 9
    endloop
  endfacet
  facet normal -0 0 1
    outer loop
      vertex 13.0456 57.0209 9
      vertex 13.6916 56.907 9
      vertex 13.1809 57.5261 9
    endloop
  endfacet
  facet normal 0 0 1
    outer loop
      vertex 18.9544 55.9791 9
      vertex 18.3084 56.093 9
      vertex 18.8191 55.4739 9
    endloop
  endfacet
  facet normal -0 0 1
    outer loop
      vertex 18.2034 55.7013 9
      vertex 18.8191 55.4739 9
      vertex 18.3084 56.093 9
    endloop
  endfacet
  facet normal -0 0 1
    outer loop
      vertex 18.2026 55.6983 9
      vertex 18.8191 55.4739 9
      vertex 18.2034 55.7013 9
    endloop
  endfacet
  facet normal -0 0 1
    outer loop
      vertex 18.2013 55.6955 9
      vertex 18.8191 55.4739 9
      vertex 18.2026 55.6983 9
    endloop
  endfacet
  facet normal 0 0 1
    outer loop
      vertex 18.8191 55.4739 9
      vertex 18.2013 55.6955 9
      vertex 18.5981 55 9
    endloop
  endfacet
  facet normal -0 0 1
    outer loop
      vertex 18.03 55.328 9
      vertex 18.5981 55 9
      vertex 18.2013 55.6955 9
    endloop
  endfacet
  facet normal 0 0 1
    outer loop
      vertex 18.5981 55 9
      vertex 18.03 55.328 9
      vertex 18.2981 54.5716 9
    endloop
  endfacet
  facet normal -0 0 1
    outer loop
      vertex 17.7974 54.9958 9
      vertex 18.2981 54.5716 9
      vertex 18.03 55.328 9
    endloop
  endfacet
  facet normal -0 0 1
    outer loop
      vertex 17.7956 54.9933 9
      vertex 18.2981 54.5716 9
      vertex 17.7974 54.9958 9
    endloop
  endfacet
  facet normal 0 0 1
    outer loop
      vertex 18.2981 54.5716 9
      vertex 17.7956 54.9933 9
      vertex 17.9284 54.2019 9
    endloop
  endfacet
  facet normal -0 0 1
    outer loop
      vertex 17.5067 54.7044 9
      vertex 17.9284 54.2019 9
      vertex 17.7956 54.9933 9
    endloop
  endfacet
  facet normal -0 0 1
    outer loop
      vertex 17.5042 54.7026 9
      vertex 17.9284 54.2019 9
      vertex 17.5067 54.7044 9
    endloop
  endfacet
  facet normal 0 0 1
    outer loop
      vertex 17.5042 54.7026 9
      vertex 17.5 53.9019 9
      vertex 17.9284 54.2019 9
    endloop
  endfacet
  facet normal -0 0 1
    outer loop
      vertex 17.172 54.47 9
      vertex 17.5 53.9019 9
      vertex 17.5042 54.7026 9
    endloop
  endfacet
  facet normal 0 0 1
    outer loop
      vertex 17.172 54.47 9
      vertex 17.0261 53.6809 9
      vertex 17.5 53.9019 9
    endloop
  endfacet
  facet normal -0 0 1
    outer loop
      vertex 16.8045 54.2986 9
      vertex 17.0261 53.6809 9
      vertex 17.172 54.47 9
    endloop
  endfacet
  facet normal -0 0 1
    outer loop
      vertex 16.8017 54.2974 9
      vertex 17.0261 53.6809 9
      vertex 16.8045 54.2986 9
    endloop
  endfacet
  facet normal -0 0 1
    outer loop
      vertex 16.7987 54.2966 9
      vertex 17.0261 53.6809 9
      vertex 16.8017 54.2974 9
    endloop
  endfacet
  facet normal 0 0 1
    outer loop
      vertex 16.7987 54.2966 9
      vertex 16.5209 53.5456 9
      vertex 17.0261 53.6809 9
    endloop
  endfacet
  facet normal -0 0 1
    outer loop
      vertex 16.407 54.1916 9
      vertex 16.5209 53.5456 9
      vertex 16.7987 54.2966 9
    endloop
  endfacet
  facet normal -0 0 1
    outer loop
      vertex 16.404 54.1913 9
      vertex 16.5209 53.5456 9
      vertex 16.407 54.1916 9
    endloop
  endfacet
  facet normal -0 0 1
    outer loop
      vertex 16 54.156 9
      vertex 16.5209 53.5456 9
      vertex 16.404 54.1913 9
    endloop
  endfacet
  facet normal 0 0 1
    outer loop
      vertex 16 54.156 9
      vertex 16 53.5 9
      vertex 16.5209 53.5456 9
    endloop
  endfacet
  facet normal 0 0 1
    outer loop
      vertex 15.596 54.1913 9
      vertex 16 53.5 9
      vertex 16 54.156 9
    endloop
  endfacet
  facet normal 0 0 1
    outer loop
      vertex 15.4791 53.5456 9
      vertex 15.596 54.1913 9
      vertex 15.593 54.1916 9
    endloop
  endfacet
  facet normal 0 0 1
    outer loop
      vertex 15.596 54.1913 9
      vertex 15.4791 53.5456 9
      vertex 16 53.5 9
    endloop
  endfacet
  facet normal 0 0 1
    outer loop
      vertex 15.2013 54.2966 9
      vertex 15.4791 53.5456 9
      vertex 15.593 54.1916 9
    endloop
  endfacet
  facet normal 0 0 1
    outer loop
      vertex 14.9739 53.6809 9
      vertex 15.2013 54.2966 9
      vertex 15.1983 54.2974 9
    endloop
  endfacet
  facet normal 0 0 1
    outer loop
      vertex 14.9739 53.6809 9
      vertex 15.1983 54.2974 9
      vertex 15.1955 54.2986 9
    endloop
  endfacet
  facet normal 0 0 1
    outer loop
      vertex 15.2013 54.2966 9
      vertex 14.9739 53.6809 9
      vertex 15.4791 53.5456 9
    endloop
  endfacet
  facet normal 0 0 1
    outer loop
      vertex 14.828 54.47 9
      vertex 14.9739 53.6809 9
      vertex 15.1955 54.2986 9
    endloop
  endfacet
  facet normal 0 0 1
    outer loop
      vertex 14.828 54.47 9
      vertex 14.5 53.9019 9
      vertex 14.9739 53.6809 9
    endloop
  endfacet
  facet normal 0 0 1
    outer loop
      vertex 14.4958 54.7026 9
      vertex 14.5 53.9019 9
      vertex 14.828 54.47 9
    endloop
  endfacet
  facet normal 0 0 1
    outer loop
      vertex 14.0716 54.2019 9
      vertex 14.4958 54.7026 9
      vertex 14.4933 54.7044 9
    endloop
  endfacet
  facet normal 0 0 1
    outer loop
      vertex 14.0716 54.2019 9
      vertex 14.4933 54.7044 9
      vertex 14.2044 54.9933 9
    endloop
  endfacet
  facet normal 0 0 1
    outer loop
      vertex 13.7019 54.5716 9
      vertex 14.2044 54.9933 9
      vertex 14.2026 54.9958 9
    endloop
  endfacet
  facet normal 0 0 1
    outer loop
      vertex 14.4958 54.7026 9
      vertex 14.0716 54.2019 9
      vertex 14.5 53.9019 9
    endloop
  endfacet
  facet normal 0 0 1
    outer loop
      vertex 13.7019 54.5716 9
      vertex 14.2026 54.9958 9
      vertex 13.97 55.328 9
    endloop
  endfacet
  facet normal 0 0 1
    outer loop
      vertex 13.4019 55 9
      vertex 13.97 55.328 9
      vertex 13.7986 55.6955 9
    endloop
  endfacet
  facet normal 0 0 1
    outer loop
      vertex 13.1809 55.4739 9
      vertex 13.7986 55.6955 9
      vertex 13.7974 55.6983 9
    endloop
  endfacet
  facet normal 0 0 1
    outer loop
      vertex 13.1809 55.4739 9
      vertex 13.7974 55.6983 9
      vertex 13.7966 55.7013 9
    endloop
  endfacet
  facet normal 0 0 1
    outer loop
      vertex 14.2044 54.9933 9
      vertex 13.7019 54.5716 9
      vertex 14.0716 54.2019 9
    endloop
  endfacet
  facet normal 0 0 1
    outer loop
      vertex 13.1809 55.4739 9
      vertex 13.7966 55.7013 9
      vertex 13.6916 56.093 9
    endloop
  endfacet
  facet normal 0 0 1
    outer loop
      vertex 13.0456 55.9791 9
      vertex 13.6916 56.093 9
      vertex 13.6913 56.096 9
    endloop
  endfacet
  facet normal 0 0 1
    outer loop
      vertex 13.0456 55.9791 9
      vertex 13.6913 56.096 9
      vertex 13.656 56.5 9
    endloop
  endfacet
  facet normal 0 0 1
    outer loop
      vertex 13.6916 56.907 9
      vertex 13.0456 57.0209 9
      vertex 13.6913 56.904 9
    endloop
  endfacet
  facet normal 0 0 1
    outer loop
      vertex 13.97 55.328 9
      vertex 13.4019 55 9
      vertex 13.7019 54.5716 9
    endloop
  endfacet
  facet normal 0 0 1
    outer loop
      vertex 13.6913 56.904 9
      vertex 13.0456 57.0209 9
      vertex 13.656 56.5 9
    endloop
  endfacet
  facet normal 0 0 1
    outer loop
      vertex 13.7986 55.6955 9
      vertex 13.1809 55.4739 9
      vertex 13.4019 55 9
    endloop
  endfacet
  facet normal 0 0 1
    outer loop
      vertex 13 56.5 9
      vertex 13.656 56.5 9
      vertex 13.0456 57.0209 9
    endloop
  endfacet
  facet normal 0 0 1
    outer loop
      vertex 13.6916 56.093 9
      vertex 13.0456 55.9791 9
      vertex 13.1809 55.4739 9
    endloop
  endfacet
  facet normal 0 0 1
    outer loop
      vertex 13.656 56.5 9
      vertex 13 56.5 9
      vertex 13.0456 55.9791 9
    endloop
  endfacet
  facet normal 0.573616 -0.819124 0
    outer loop
      vertex 17.5 53.9019 5
      vertex 17.9284 54.2019 9
      vertex 17.5 53.9019 9
    endloop
  endfacet
  facet normal 0.573616 -0.819124 0
    outer loop
      vertex 17.9284 54.2019 9
      vertex 17.5 53.9019 5
      vertex 17.9284 54.2019 5
    endloop
  endfacet
  facet normal 0.573616 0.819124 -0
    outer loop
      vertex 17.9284 58.7981 5
      vertex 17.5 59.0981 9
      vertex 17.9284 58.7981 9
    endloop
  endfacet
  facet normal 0.573616 0.819124 0
    outer loop
      vertex 17.5 59.0981 9
      vertex 17.9284 58.7981 5
      vertex 17.5 59.0981 5
    endloop
  endfacet
  facet normal 0.0872073 0.99619 -0
    outer loop
      vertex 16.5209 59.4544 5
      vertex 16 59.5 9
      vertex 16.5209 59.4544 9
    endloop
  endfacet
  facet normal 0.0872073 0.99619 0
    outer loop
      vertex 16 59.5 9
      vertex 16.5209 59.4544 5
      vertex 16 59.5 5
    endloop
  endfacet
  facet normal -0.906295 0.422645 0
    outer loop
      vertex 13.1809 57.5261 5
      vertex 13.4019 58 9
      vertex 13.4019 58 5
    endloop
  endfacet
  facet normal -0.906295 0.422645 0
    outer loop
      vertex 13.4019 58 9
      vertex 13.1809 57.5261 5
      vertex 13.1809 57.5261 9
    endloop
  endfacet
  facet normal 0.99619 -0.0872073 0
    outer loop
      vertex 18.9544 55.9791 9
      vertex 19 56.5 5
      vertex 19 56.5 9
    endloop
  endfacet
  facet normal 0.99619 -0.0872073 0
    outer loop
      vertex 19 56.5 5
      vertex 18.9544 55.9791 9
      vertex 18.9544 55.9791 5
    endloop
  endfacet
  facet normal -0.258698 0.965958 0
    outer loop
      vertex 15.4791 59.4544 5
      vertex 14.9739 59.3191 9
      vertex 15.4791 59.4544 9
    endloop
  endfacet
  facet normal -0.258698 0.965958 0
    outer loop
      vertex 14.9739 59.3191 9
      vertex 15.4791 59.4544 5
      vertex 14.9739 59.3191 5
    endloop
  endfacet
  facet normal -0.0872073 0.99619 0
    outer loop
      vertex 16 59.5 5
      vertex 15.4791 59.4544 9
      vertex 16 59.5 9
    endloop
  endfacet
  facet normal -0.0872073 0.99619 0
    outer loop
      vertex 15.4791 59.4544 9
      vertex 16 59.5 5
      vertex 15.4791 59.4544 5
    endloop
  endfacet
  facet normal -0.906295 -0.422645 0
    outer loop
      vertex 13.4019 55 5
      vertex 13.1809 55.4739 9
      vertex 13.1809 55.4739 5
    endloop
  endfacet
  facet normal -0.906295 -0.422645 0
    outer loop
      vertex 13.1809 55.4739 9
      vertex 13.4019 55 5
      vertex 13.4019 55 9
    endloop
  endfacet
  facet normal -0.819124 -0.573616 0
    outer loop
      vertex 13.7019 54.5716 5
      vertex 13.4019 55 9
      vertex 13.4019 55 5
    endloop
  endfacet
  facet normal -0.819124 -0.573616 0
    outer loop
      vertex 13.4019 55 9
      vertex 13.7019 54.5716 5
      vertex 13.7019 54.5716 9
    endloop
  endfacet
  facet normal -0.707107 -0.707107 0
    outer loop
      vertex 14.0716 54.2019 5
      vertex 13.7019 54.5716 9
      vertex 13.7019 54.5716 5
    endloop
  endfacet
  facet normal -0.707107 -0.707107 0
    outer loop
      vertex 13.7019 54.5716 9
      vertex 14.0716 54.2019 5
      vertex 14.0716 54.2019 9
    endloop
  endfacet
  facet normal -0.422645 -0.906295 0
    outer loop
      vertex 14.5 53.9019 5
      vertex 14.9739 53.6809 9
      vertex 14.5 53.9019 9
    endloop
  endfacet
  facet normal -0.422645 -0.906295 -0
    outer loop
      vertex 14.9739 53.6809 9
      vertex 14.5 53.9019 5
      vertex 14.9739 53.6809 5
    endloop
  endfacet
  facet normal -0.965958 0.258698 0
    outer loop
      vertex 13.0456 57.0209 5
      vertex 13.1809 57.5261 9
      vertex 13.1809 57.5261 5
    endloop
  endfacet
  facet normal -0.965958 0.258698 0
    outer loop
      vertex 13.1809 57.5261 9
      vertex 13.0456 57.0209 5
      vertex 13.0456 57.0209 9
    endloop
  endfacet
  facet normal -0.707107 0.707107 0
    outer loop
      vertex 13.7019 58.4284 5
      vertex 14.0716 58.7981 9
      vertex 14.0716 58.7981 5
    endloop
  endfacet
  facet normal -0.707107 0.707107 0
    outer loop
      vertex 14.0716 58.7981 9
      vertex 13.7019 58.4284 5
      vertex 13.7019 58.4284 9
    endloop
  endfacet
  facet normal -0.965957 -0.258703 0
    outer loop
      vertex 75.7234 56.8039 5
      vertex 75.6445 57.0985 8.01
      vertex 75.6445 57.0985 5
    endloop
  endfacet
  facet normal -0.965957 -0.258703 0
    outer loop
      vertex 75.6445 57.0985 8.01
      vertex 75.7234 56.8039 5
      vertex 75.7234 56.8039 8.01
    endloop
  endfacet
  facet normal -0.996191 -0.0871954 0
    outer loop
      vertex 75.75 56.5 5
      vertex 75.7234 56.8039 8.01
      vertex 75.7234 56.8039 5
    endloop
  endfacet
  facet normal -0.996191 -0.0871954 0
    outer loop
      vertex 75.7234 56.8039 8.01
      vertex 75.75 56.5 5
      vertex 75.75 56.5 8.01
    endloop
  endfacet
  facet normal -0.906225 -0.422796 0
    outer loop
      vertex 75.6445 57.0985 5
      vertex 75.5155 57.375 8.01
      vertex 75.5155 57.375 5
    endloop
  endfacet
  facet normal -0.906225 -0.422796 0
    outer loop
      vertex 75.5155 57.375 8.01
      vertex 75.6445 57.0985 5
      vertex 75.6445 57.0985 8.01
    endloop
  endfacet
  facet normal -0.819278 0.573396 0
    outer loop
      vertex 75.3406 55.3751 5
      vertex 75.5155 55.625 8.01
      vertex 75.5155 55.625 5
    endloop
  endfacet
  facet normal -0.819278 0.573396 0
    outer loop
      vertex 75.5155 55.625 8.01
      vertex 75.3406 55.3751 5
      vertex 75.3406 55.3751 8.01
    endloop
  endfacet
  facet normal -0.707107 -0.707107 0
    outer loop
      vertex 75.3406 57.6249 5
      vertex 75.1249 57.8406 8.01
      vertex 75.1249 57.8406 5
    endloop
  endfacet
  facet normal -0.707107 -0.707107 0
    outer loop
      vertex 75.1249 57.8406 8.01
      vertex 75.3406 57.6249 5
      vertex 75.3406 57.6249 8.01
    endloop
  endfacet
  facet normal 0.422796 0.906225 -0
    outer loop
      vertex 73.4015 54.8555 5
      vertex 73.125 54.9845 8.01
      vertex 73.4015 54.8555 8.01
    endloop
  endfacet
  facet normal 0.422796 0.906225 0
    outer loop
      vertex 73.125 54.9845 8.01
      vertex 73.4015 54.8555 5
      vertex 73.125 54.9845 5
    endloop
  endfacet
  facet normal 0.996191 -0.0871954 0
    outer loop
      vertex 72.25 56.5 8.01
      vertex 72.2766 56.8039 5
      vertex 72.2766 56.8039 8.01
    endloop
  endfacet
  facet normal 0.996191 -0.0871954 0
    outer loop
      vertex 72.2766 56.8039 5
      vertex 72.25 56.5 8.01
      vertex 72.25 56.5 5
    endloop
  endfacet
  facet normal -0.0871954 -0.996191 0
    outer loop
      vertex 74 58.25 5
      vertex 74.3039 58.2234 8.01
      vertex 74 58.25 8.01
    endloop
  endfacet
  facet normal -0.0871954 -0.996191 -0
    outer loop
      vertex 74.3039 58.2234 8.01
      vertex 74 58.25 5
      vertex 74.3039 58.2234 5
    endloop
  endfacet
  facet normal -0.258703 0.965957 0
    outer loop
      vertex 74.5985 54.8555 5
      vertex 74.3039 54.7766 8.01
      vertex 74.5985 54.8555 8.01
    endloop
  endfacet
  facet normal -0.258703 0.965957 0
    outer loop
      vertex 74.3039 54.7766 8.01
      vertex 74.5985 54.8555 5
      vertex 74.3039 54.7766 5
    endloop
  endfacet
  facet normal 0.422796 -0.906225 0
    outer loop
      vertex 73.125 58.0155 5
      vertex 73.4015 58.1445 8.01
      vertex 73.125 58.0155 8.01
    endloop
  endfacet
  facet normal 0.422796 -0.906225 0
    outer loop
      vertex 73.4015 58.1445 8.01
      vertex 73.125 58.0155 5
      vertex 73.4015 58.1445 5
    endloop
  endfacet
  facet normal -0.906225 0.422796 0
    outer loop
      vertex 75.5155 55.625 5
      vertex 75.6445 55.9015 8.01
      vertex 75.6445 55.9015 5
    endloop
  endfacet
  facet normal -0.906225 0.422796 0
    outer loop
      vertex 75.6445 55.9015 8.01
      vertex 75.5155 55.625 5
      vertex 75.5155 55.625 8.01
    endloop
  endfacet
  facet normal -0.996191 0.0871954 0
    outer loop
      vertex 75.7234 56.1961 5
      vertex 75.75 56.5 8.01
      vertex 75.75 56.5 5
    endloop
  endfacet
  facet normal -0.996191 0.0871954 0
    outer loop
      vertex 75.75 56.5 8.01
      vertex 75.7234 56.1961 5
      vertex 75.7234 56.1961 8.01
    endloop
  endfacet
  facet normal 0.707107 0.707107 0
    outer loop
      vertex 72.8751 55.1594 8.01
      vertex 72.6594 55.3751 5
      vertex 72.6594 55.3751 8.01
    endloop
  endfacet
  facet normal 0.707107 0.707107 0
    outer loop
      vertex 72.6594 55.3751 5
      vertex 72.8751 55.1594 8.01
      vertex 72.8751 55.1594 5
    endloop
  endfacet
  facet normal -0.0871954 0.996191 0
    outer loop
      vertex 74.3039 54.7766 5
      vertex 74 54.75 8.01
      vertex 74.3039 54.7766 8.01
    endloop
  endfacet
  facet normal -0.0871954 0.996191 0
    outer loop
      vertex 74 54.75 8.01
      vertex 74.3039 54.7766 5
      vertex 74 54.75 5
    endloop
  endfacet
  facet normal 0.573396 -0.819278 0
    outer loop
      vertex 72.8751 57.8406 5
      vertex 73.125 58.0155 8.01
      vertex 72.8751 57.8406 8.01
    endloop
  endfacet
  facet normal 0.573396 -0.819278 0
    outer loop
      vertex 73.125 58.0155 8.01
      vertex 72.8751 57.8406 5
      vertex 73.125 58.0155 5
    endloop
  endfacet
  facet normal -0.819278 -0.573396 0
    outer loop
      vertex 75.5155 57.375 5
      vertex 75.3406 57.6249 8.01
      vertex 75.3406 57.6249 5
    endloop
  endfacet
  facet normal -0.819278 -0.573396 0
    outer loop
      vertex 75.3406 57.6249 8.01
      vertex 75.5155 57.375 5
      vertex 75.5155 57.375 8.01
    endloop
  endfacet
  facet normal 0.258703 -0.965957 0
    outer loop
      vertex 73.4015 58.1445 5
      vertex 73.6961 58.2234 8.01
      vertex 73.4015 58.1445 8.01
    endloop
  endfacet
  facet normal 0.258703 -0.965957 0
    outer loop
      vertex 73.6961 58.2234 8.01
      vertex 73.4015 58.1445 5
      vertex 73.6961 58.2234 5
    endloop
  endfacet
  facet normal 0.0871954 -0.996191 0
    outer loop
      vertex 73.6961 58.2234 5
      vertex 74 58.25 8.01
      vertex 73.6961 58.2234 8.01
    endloop
  endfacet
  facet normal 0.0871954 -0.996191 0
    outer loop
      vertex 74 58.25 8.01
      vertex 73.6961 58.2234 5
      vertex 74 58.25 5
    endloop
  endfacet
  facet normal -0.965957 0.258703 0
    outer loop
      vertex 75.6445 55.9015 5
      vertex 75.7234 56.1961 8.01
      vertex 75.7234 56.1961 5
    endloop
  endfacet
  facet normal -0.965957 0.258703 0
    outer loop
      vertex 75.7234 56.1961 8.01
      vertex 75.6445 55.9015 5
      vertex 75.6445 55.9015 8.01
    endloop
  endfacet
  facet normal 0.965957 -0.258703 0
    outer loop
      vertex 72.2766 56.8039 8.01
      vertex 72.3555 57.0985 5
      vertex 72.3555 57.0985 8.01
    endloop
  endfacet
  facet normal 0.965957 -0.258703 0
    outer loop
      vertex 72.3555 57.0985 5
      vertex 72.2766 56.8039 8.01
      vertex 72.2766 56.8039 5
    endloop
  endfacet
  facet normal -0.707107 0.707107 0
    outer loop
      vertex 75.1249 55.1594 5
      vertex 75.3406 55.3751 8.01
      vertex 75.3406 55.3751 5
    endloop
  endfacet
  facet normal -0.707107 0.707107 0
    outer loop
      vertex 75.3406 55.3751 8.01
      vertex 75.1249 55.1594 5
      vertex 75.1249 55.1594 8.01
    endloop
  endfacet
  facet normal -0.422796 -0.906225 0
    outer loop
      vertex 74.5985 58.1445 5
      vertex 74.875 58.0155 8.01
      vertex 74.5985 58.1445 8.01
    endloop
  endfacet
  facet normal -0.422796 -0.906225 -0
    outer loop
      vertex 74.875 58.0155 8.01
      vertex 74.5985 58.1445 5
      vertex 74.875 58.0155 5
    endloop
  endfacet
  facet normal 0.996191 0.0871954 0
    outer loop
      vertex 72.2766 56.1961 8.01
      vertex 72.25 56.5 5
      vertex 72.25 56.5 8.01
    endloop
  endfacet
  facet normal 0.996191 0.0871954 0
    outer loop
      vertex 72.25 56.5 5
      vertex 72.2766 56.1961 8.01
      vertex 72.2766 56.1961 5
    endloop
  endfacet
  facet normal -0.573396 0.819278 0
    outer loop
      vertex 75.1249 55.1594 5
      vertex 74.875 54.9845 8.01
      vertex 75.1249 55.1594 8.01
    endloop
  endfacet
  facet normal -0.573396 0.819278 0
    outer loop
      vertex 74.875 54.9845 8.01
      vertex 75.1249 55.1594 5
      vertex 74.875 54.9845 5
    endloop
  endfacet
  facet normal -0.573396 -0.819278 0
    outer loop
      vertex 74.875 58.0155 5
      vertex 75.1249 57.8406 8.01
      vertex 74.875 58.0155 8.01
    endloop
  endfacet
  facet normal -0.573396 -0.819278 -0
    outer loop
      vertex 75.1249 57.8406 8.01
      vertex 74.875 58.0155 5
      vertex 75.1249 57.8406 5
    endloop
  endfacet
  facet normal 0.965957 0.258703 0
    outer loop
      vertex 72.3555 55.9015 8.01
      vertex 72.2766 56.1961 5
      vertex 72.2766 56.1961 8.01
    endloop
  endfacet
  facet normal 0.965957 0.258703 0
    outer loop
      vertex 72.2766 56.1961 5
      vertex 72.3555 55.9015 8.01
      vertex 72.3555 55.9015 5
    endloop
  endfacet
  facet normal 0.906225 0.422796 0
    outer loop
      vertex 72.4845 55.625 8.01
      vertex 72.3555 55.9015 5
      vertex 72.3555 55.9015 8.01
    endloop
  endfacet
  facet normal 0.906225 0.422796 0
    outer loop
      vertex 72.3555 55.9015 5
      vertex 72.4845 55.625 8.01
      vertex 72.4845 55.625 5
    endloop
  endfacet
  facet normal 0.819278 0.573396 0
    outer loop
      vertex 72.6594 55.3751 8.01
      vertex 72.4845 55.625 5
      vertex 72.4845 55.625 8.01
    endloop
  endfacet
  facet normal 0.819278 0.573396 0
    outer loop
      vertex 72.4845 55.625 5
      vertex 72.6594 55.3751 8.01
      vertex 72.6594 55.3751 5
    endloop
  endfacet
  facet normal 0.258703 0.965957 -0
    outer loop
      vertex 73.6961 54.7766 5
      vertex 73.4015 54.8555 8.01
      vertex 73.6961 54.7766 8.01
    endloop
  endfacet
  facet normal 0.258703 0.965957 0
    outer loop
      vertex 73.4015 54.8555 8.01
      vertex 73.6961 54.7766 5
      vertex 73.4015 54.8555 5
    endloop
  endfacet
  facet normal 0.573396 0.819278 -0
    outer loop
      vertex 73.125 54.9845 5
      vertex 72.8751 55.1594 8.01
      vertex 73.125 54.9845 8.01
    endloop
  endfacet
  facet normal 0.573396 0.819278 0
    outer loop
      vertex 72.8751 55.1594 8.01
      vertex 73.125 54.9845 5
      vertex 72.8751 55.1594 5
    endloop
  endfacet
  facet normal -0.422796 0.906225 0
    outer loop
      vertex 74.875 54.9845 5
      vertex 74.5985 54.8555 8.01
      vertex 74.875 54.9845 8.01
    endloop
  endfacet
  facet normal -0.422796 0.906225 0
    outer loop
      vertex 74.5985 54.8555 8.01
      vertex 74.875 54.9845 5
      vertex 74.5985 54.8555 5
    endloop
  endfacet
  facet normal -0.258703 -0.965957 0
    outer loop
      vertex 74.3039 58.2234 5
      vertex 74.5985 58.1445 8.01
      vertex 74.3039 58.2234 8.01
    endloop
  endfacet
  facet normal -0.258703 -0.965957 -0
    outer loop
      vertex 74.5985 58.1445 8.01
      vertex 74.3039 58.2234 5
      vertex 74.5985 58.1445 5
    endloop
  endfacet
  facet normal 0.906225 -0.422796 0
    outer loop
      vertex 72.3555 57.0985 8.01
      vertex 72.4845 57.375 5
      vertex 72.4845 57.375 8.01
    endloop
  endfacet
  facet normal 0.906225 -0.422796 0
    outer loop
      vertex 72.4845 57.375 5
      vertex 72.3555 57.0985 8.01
      vertex 72.3555 57.0985 5
    endloop
  endfacet
  facet normal 0.0871954 0.996191 -0
    outer loop
      vertex 74 54.75 5
      vertex 73.6961 54.7766 8.01
      vertex 74 54.75 8.01
    endloop
  endfacet
  facet normal 0.0871954 0.996191 0
    outer loop
      vertex 73.6961 54.7766 8.01
      vertex 74 54.75 5
      vertex 73.6961 54.7766 5
    endloop
  endfacet
  facet normal 0.819278 -0.573396 0
    outer loop
      vertex 72.4845 57.375 8.01
      vertex 72.6594 57.6249 5
      vertex 72.6594 57.6249 8.01
    endloop
  endfacet
  facet normal 0.819278 -0.573396 0
    outer loop
      vertex 72.6594 57.6249 5
      vertex 72.4845 57.375 8.01
      vertex 72.4845 57.375 5
    endloop
  endfacet
  facet normal 0.707107 -0.707107 0
    outer loop
      vertex 72.6594 57.6249 8.01
      vertex 72.8751 57.8406 5
      vertex 72.8751 57.8406 8.01
    endloop
  endfacet
  facet normal 0.707107 -0.707107 0
    outer loop
      vertex 72.8751 57.8406 5
      vertex 72.6594 57.6249 8.01
      vertex 72.6594 57.6249 5
    endloop
  endfacet
  facet normal -0.855096 -0.0747151 0.513058
    outer loop
      vertex 76.3087 56.904 9
      vertex 75.75 56.5 8.01
      vertex 76.344 56.5 9
    endloop
  endfacet
  facet normal 0.228231 -0.827338 0.513247
    outer loop
      vertex 73.4015 58.1445 8.01
      vertex 73.2012 58.7034 9
      vertex 73.1983 58.7026 9
    endloop
  endfacet
  facet normal 0.222064 -0.829153 0.513023
    outer loop
      vertex 73.2012 58.7034 9
      vertex 73.4015 58.1445 8.01
      vertex 73.6961 58.2234 8.01
    endloop
  endfacet
  facet normal 0.777968 -0.362628 0.513096
    outer loop
      vertex 71.97 57.672 9
      vertex 71.7987 57.3045 9
      vertex 72.4845 57.375 8.01
    endloop
  endfacet
  facet normal -0.703234 0.492179 0.513051
    outer loop
      vertex 75.3406 55.3751 8.01
      vertex 75.7974 54.9958 9
      vertex 75.5155 55.625 8.01
    endloop
  endfacet
  facet normal -0.696401 0.501409 0.513435
    outer loop
      vertex 75.7974 54.9958 9
      vertex 75.3406 55.3751 8.01
      vertex 75.7956 54.9933 9
    endloop
  endfacet
  facet normal -0.696401 -0.501409 0.513435
    outer loop
      vertex 75.3406 57.6249 8.01
      vertex 75.7974 58.0042 9
      vertex 75.7956 58.0067 9
    endloop
  endfacet
  facet normal -0.703234 -0.492179 0.513051
    outer loop
      vertex 75.7974 58.0042 9
      vertex 75.3406 57.6249 8.01
      vertex 75.5155 57.375 8.01
    endloop
  endfacet
  facet normal -0.829421 -0.221179 0.512973
    outer loop
      vertex 75.6445 57.0985 8.01
      vertex 76.2034 57.2987 9
      vertex 76.2026 57.3017 9
    endloop
  endfacet
  facet normal -0.829162 -0.222067 0.513007
    outer loop
      vertex 76.2034 57.2987 9
      vertex 75.6445 57.0985 8.01
      vertex 75.7234 56.8039 8.01
    endloop
  endfacet
  facet normal 0.853862 -0.0853862 0.513447
    outer loop
      vertex 71.6913 56.904 9
      vertex 72.2766 56.8039 8.01
      vertex 71.6916 56.907 9
    endloop
  endfacet
  facet normal 0.855064 -0.0748428 0.513092
    outer loop
      vertex 72.2766 56.8039 8.01
      vertex 71.6913 56.904 9
      vertex 72.25 56.5 8.01
    endloop
  endfacet
  facet normal 0.77833 0.361367 0.513436
    outer loop
      vertex 72.4845 55.625 8.01
      vertex 71.7974 55.6983 9
      vertex 71.7987 55.6955 9
    endloop
  endfacet
  facet normal 0.777886 0.36292 0.513014
    outer loop
      vertex 71.7974 55.6983 9
      vertex 72.4845 55.625 8.01
      vertex 72.3555 55.9015 8.01
    endloop
  endfacet
  facet normal -0.0853862 0.853862 0.513447
    outer loop
      vertex 74.3039 54.7766 8.01
      vertex 74.404 54.1913 9
      vertex 74.407 54.1916 9
    endloop
  endfacet
  facet normal -0.0748428 0.855064 0.513092
    outer loop
      vertex 74.404 54.1913 9
      vertex 74.3039 54.7766 8.01
      vertex 74 54.75 8.01
    endloop
  endfacet
  facet normal 0.829083 0.222246 0.513058
    outer loop
      vertex 72.2766 56.1961 8.01
      vertex 71.6916 56.093 9
      vertex 71.7966 55.7013 9
    endloop
  endfacet
  facet normal 0.492179 0.703234 0.513051
    outer loop
      vertex 72.8751 55.1594 8.01
      vertex 72.4958 54.7026 9
      vertex 73.125 54.9845 8.01
    endloop
  endfacet
  facet normal 0.501409 0.696401 0.513435
    outer loop
      vertex 72.4958 54.7026 9
      vertex 72.8751 55.1594 8.01
      vertex 72.4933 54.7044 9
    endloop
  endfacet
  facet normal 0.0853862 -0.853862 0.513447
    outer loop
      vertex 73.6961 58.2234 8.01
      vertex 73.596 58.8087 9
      vertex 73.593 58.8084 9
    endloop
  endfacet
  facet normal 0.0748428 -0.855064 0.513092
    outer loop
      vertex 73.596 58.8087 9
      vertex 73.6961 58.2234 8.01
      vertex 74 58.25 8.01
    endloop
  endfacet
  facet normal -0.829083 -0.222246 0.513058
    outer loop
      vertex 76.2034 57.2987 9
      vertex 75.7234 56.8039 8.01
      vertex 76.3084 56.907 9
    endloop
  endfacet
  facet normal -0.606958 -0.606958 0.513033
    outer loop
      vertex 75.3406 57.6249 8.01
      vertex 75.5067 58.2956 9
      vertex 75.1249 57.8406 8.01
    endloop
  endfacet
  facet normal -0.606958 -0.606958 0.513033
    outer loop
      vertex 75.5067 58.2956 9
      vertex 75.3406 57.6249 8.01
      vertex 75.7956 58.0067 9
    endloop
  endfacet
  facet normal -0.492306 -0.703112 0.513097
    outer loop
      vertex 75.172 58.53 9
      vertex 74.875 58.0155 8.01
      vertex 75.5042 58.2974 9
    endloop
  endfacet
  facet normal -0.222064 -0.829153 0.513023
    outer loop
      vertex 74.5985 58.1445 8.01
      vertex 74.7988 58.7034 9
      vertex 74.3039 58.2234 8.01
    endloop
  endfacet
  facet normal -0.228231 -0.827338 0.513247
    outer loop
      vertex 74.7988 58.7034 9
      vertex 74.5985 58.1445 8.01
      vertex 74.8017 58.7026 9
    endloop
  endfacet
  facet normal -0.36292 -0.777886 0.513014
    outer loop
      vertex 74.875 58.0155 8.01
      vertex 74.8017 58.7026 9
      vertex 74.5985 58.1445 8.01
    endloop
  endfacet
  facet normal -0.336476 -0.785111 0.519986
    outer loop
      vertex 74.8017 58.7026 9
      vertex 74.875 58.0155 8.01
      vertex 74.8045 58.7014 9
    endloop
  endfacet
  facet normal -0.855096 0.0747151 0.513058
    outer loop
      vertex 76.344 56.5 9
      vertex 75.75 56.5 8.01
      vertex 76.3087 56.096 9
    endloop
  endfacet
  facet normal 0.855064 0.0748428 0.513092
    outer loop
      vertex 71.6913 56.096 9
      vertex 72.2766 56.1961 8.01
      vertex 72.25 56.5 8.01
    endloop
  endfacet
  facet normal 0.853862 0.0853862 0.513447
    outer loop
      vertex 72.2766 56.1961 8.01
      vertex 71.6913 56.096 9
      vertex 71.6916 56.093 9
    endloop
  endfacet
  facet normal 0.703112 -0.492306 0.513097
    outer loop
      vertex 72.2026 58.0042 9
      vertex 71.97 57.672 9
      vertex 72.4845 57.375 8.01
    endloop
  endfacet
  facet normal -0.777968 -0.362628 0.513096
    outer loop
      vertex 76.03 57.672 9
      vertex 75.5155 57.375 8.01
      vertex 76.2013 57.3045 9
    endloop
  endfacet
  facet normal -0.703112 0.492306 0.513097
    outer loop
      vertex 76.03 55.328 9
      vertex 75.5155 55.625 8.01
      vertex 75.7974 54.9958 9
    endloop
  endfacet
  facet normal 0.855096 -0.0747151 0.513058
    outer loop
      vertex 71.6913 56.904 9
      vertex 71.656 56.5 9
      vertex 72.25 56.5 8.01
    endloop
  endfacet
  facet normal 0.3628 -0.777882 0.513103
    outer loop
      vertex 73.1955 58.7014 9
      vertex 72.828 58.53 9
      vertex 73.125 58.0155 8.01
    endloop
  endfacet
  facet normal -0.777886 0.36292 0.513014
    outer loop
      vertex 75.5155 55.625 8.01
      vertex 76.2026 55.6983 9
      vertex 75.6445 55.9015 8.01
    endloop
  endfacet
  facet normal -0.77833 0.361367 0.513436
    outer loop
      vertex 76.2026 55.6983 9
      vertex 75.5155 55.625 8.01
      vertex 76.2013 55.6955 9
    endloop
  endfacet
  facet normal 0.0748428 0.855064 0.513092
    outer loop
      vertex 73.6961 54.7766 8.01
      vertex 73.596 54.1913 9
      vertex 74 54.75 8.01
    endloop
  endfacet
  facet normal 0.0853862 0.853862 0.513447
    outer loop
      vertex 73.596 54.1913 9
      vertex 73.6961 54.7766 8.01
      vertex 73.593 54.1916 9
    endloop
  endfacet
  facet normal 0.501409 -0.696401 0.513435
    outer loop
      vertex 72.8751 57.8406 8.01
      vertex 72.4958 58.2974 9
      vertex 72.4933 58.2956 9
    endloop
  endfacet
  facet normal 0.492179 -0.703234 0.513051
    outer loop
      vertex 72.4958 58.2974 9
      vertex 72.8751 57.8406 8.01
      vertex 73.125 58.0155 8.01
    endloop
  endfacet
  facet normal 0.336476 -0.785111 0.519986
    outer loop
      vertex 73.125 58.0155 8.01
      vertex 73.1983 58.7026 9
      vertex 73.1955 58.7014 9
    endloop
  endfacet
  facet normal 0.36292 -0.777886 0.513014
    outer loop
      vertex 73.1983 58.7026 9
      vertex 73.125 58.0155 8.01
      vertex 73.4015 58.1445 8.01
    endloop
  endfacet
  facet normal -0.0747151 0.855096 0.513058
    outer loop
      vertex 74 54.75 8.01
      vertex 74 54.156 9
      vertex 74.404 54.1913 9
    endloop
  endfacet
  facet normal 0.0747151 0.855096 0.513058
    outer loop
      vertex 74 54.75 8.01
      vertex 73.596 54.1913 9
      vertex 74 54.156 9
    endloop
  endfacet
  facet normal -0.492179 -0.703234 0.513051
    outer loop
      vertex 75.1249 57.8406 8.01
      vertex 75.5042 58.2974 9
      vertex 74.875 58.0155 8.01
    endloop
  endfacet
  facet normal -0.501409 -0.696401 0.513435
    outer loop
      vertex 75.5042 58.2974 9
      vertex 75.1249 57.8406 8.01
      vertex 75.5067 58.2956 9
    endloop
  endfacet
  facet normal -0.77833 -0.361367 0.513436
    outer loop
      vertex 75.5155 57.375 8.01
      vertex 76.2026 57.3017 9
      vertex 76.2013 57.3045 9
    endloop
  endfacet
  facet normal -0.777886 -0.36292 0.513014
    outer loop
      vertex 76.2026 57.3017 9
      vertex 75.5155 57.375 8.01
      vertex 75.6445 57.0985 8.01
    endloop
  endfacet
  facet normal 0.0747151 -0.855096 0.513058
    outer loop
      vertex 74 58.844 9
      vertex 73.596 58.8087 9
      vertex 74 58.25 8.01
    endloop
  endfacet
  facet normal -0.3628 -0.777882 0.513103
    outer loop
      vertex 75.172 58.53 9
      vertex 74.8045 58.7014 9
      vertex 74.875 58.0155 8.01
    endloop
  endfacet
  facet normal -0.777968 0.362628 0.513096
    outer loop
      vertex 76.2013 55.6955 9
      vertex 75.5155 55.625 8.01
      vertex 76.03 55.328 9
    endloop
  endfacet
  facet normal 0.222193 -0.829096 0.51306
    outer loop
      vertex 73.593 58.8084 9
      vertex 73.2012 58.7034 9
      vertex 73.6961 58.2234 8.01
    endloop
  endfacet
  facet normal -0.703112 -0.492306 0.513097
    outer loop
      vertex 75.7974 58.0042 9
      vertex 75.5155 57.375 8.01
      vertex 76.03 57.672 9
    endloop
  endfacet
  facet normal 0.222064 0.829153 0.513023
    outer loop
      vertex 73.4015 54.8555 8.01
      vertex 73.2012 54.2966 9
      vertex 73.6961 54.7766 8.01
    endloop
  endfacet
  facet normal 0.228231 0.827338 0.513247
    outer loop
      vertex 73.2012 54.2966 9
      vertex 73.4015 54.8555 8.01
      vertex 73.1983 54.2974 9
    endloop
  endfacet
  facet normal -0.606958 0.606958 0.513033
    outer loop
      vertex 75.3406 55.3751 8.01
      vertex 75.5067 54.7044 9
      vertex 75.7956 54.9933 9
    endloop
  endfacet
  facet normal -0.606958 0.606958 0.513033
    outer loop
      vertex 75.5067 54.7044 9
      vertex 75.3406 55.3751 8.01
      vertex 75.1249 55.1594 8.01
    endloop
  endfacet
  facet normal 0.77833 -0.361367 0.513436
    outer loop
      vertex 71.7974 57.3017 9
      vertex 72.4845 57.375 8.01
      vertex 71.7987 57.3045 9
    endloop
  endfacet
  facet normal 0.777886 -0.36292 0.513014
    outer loop
      vertex 72.4845 57.375 8.01
      vertex 71.7974 57.3017 9
      vertex 72.3555 57.0985 8.01
    endloop
  endfacet
  facet normal 0.492306 -0.703112 0.513097
    outer loop
      vertex 72.828 58.53 9
      vertex 72.4958 58.2974 9
      vertex 73.125 58.0155 8.01
    endloop
  endfacet
  facet normal 0.855096 0.0747151 0.513058
    outer loop
      vertex 72.25 56.5 8.01
      vertex 71.656 56.5 9
      vertex 71.6913 56.096 9
    endloop
  endfacet
  facet normal -0.0748428 -0.855064 0.513092
    outer loop
      vertex 74.3039 58.2234 8.01
      vertex 74.404 58.8087 9
      vertex 74 58.25 8.01
    endloop
  endfacet
  facet normal -0.0853862 -0.853862 0.513447
    outer loop
      vertex 74.404 58.8087 9
      vertex 74.3039 58.2234 8.01
      vertex 74.407 58.8084 9
    endloop
  endfacet
  facet normal 0.606958 -0.606958 0.513033
    outer loop
      vertex 72.6594 57.6249 8.01
      vertex 72.4933 58.2956 9
      vertex 72.2044 58.0067 9
    endloop
  endfacet
  facet normal 0.606958 -0.606958 0.513033
    outer loop
      vertex 72.4933 58.2956 9
      vertex 72.6594 57.6249 8.01
      vertex 72.8751 57.8406 8.01
    endloop
  endfacet
  facet normal 0.696401 -0.501409 0.513435
    outer loop
      vertex 72.2026 58.0042 9
      vertex 72.6594 57.6249 8.01
      vertex 72.2044 58.0067 9
    endloop
  endfacet
  facet normal 0.703234 -0.492179 0.513051
    outer loop
      vertex 72.6594 57.6249 8.01
      vertex 72.2026 58.0042 9
      vertex 72.4845 57.375 8.01
    endloop
  endfacet
  facet normal -0.501409 0.696401 0.513435
    outer loop
      vertex 75.1249 55.1594 8.01
      vertex 75.5042 54.7026 9
      vertex 75.5067 54.7044 9
    endloop
  endfacet
  facet normal -0.492179 0.703234 0.513051
    outer loop
      vertex 75.5042 54.7026 9
      vertex 75.1249 55.1594 8.01
      vertex 74.875 54.9845 8.01
    endloop
  endfacet
  facet normal -0.336476 0.785111 0.519986
    outer loop
      vertex 74.875 54.9845 8.01
      vertex 74.8017 54.2974 9
      vertex 74.8045 54.2986 9
    endloop
  endfacet
  facet normal -0.36292 0.777886 0.513014
    outer loop
      vertex 74.8017 54.2974 9
      vertex 74.875 54.9845 8.01
      vertex 74.5985 54.8555 8.01
    endloop
  endfacet
  facet normal 0.492306 0.703112 0.513097
    outer loop
      vertex 73.125 54.9845 8.01
      vertex 72.4958 54.7026 9
      vertex 72.828 54.47 9
    endloop
  endfacet
  facet normal -0.222193 0.829096 0.51306
    outer loop
      vertex 74.7988 54.2966 9
      vertex 74.3039 54.7766 8.01
      vertex 74.407 54.1916 9
    endloop
  endfacet
  facet normal 0.829083 -0.222246 0.513058
    outer loop
      vertex 71.7966 57.2987 9
      vertex 71.6916 56.907 9
      vertex 72.2766 56.8039 8.01
    endloop
  endfacet
  facet normal -0.3628 0.777882 0.513103
    outer loop
      vertex 74.875 54.9845 8.01
      vertex 74.8045 54.2986 9
      vertex 75.172 54.47 9
    endloop
  endfacet
  facet normal -0.492306 0.703112 0.513097
    outer loop
      vertex 75.5042 54.7026 9
      vertex 74.875 54.9845 8.01
      vertex 75.172 54.47 9
    endloop
  endfacet
  facet normal 0.829162 0.222067 0.513007
    outer loop
      vertex 71.7966 55.7013 9
      vertex 72.3555 55.9015 8.01
      vertex 72.2766 56.1961 8.01
    endloop
  endfacet
  facet normal 0.829421 0.221179 0.512973
    outer loop
      vertex 72.3555 55.9015 8.01
      vertex 71.7966 55.7013 9
      vertex 71.7974 55.6983 9
    endloop
  endfacet
  facet normal 0.222193 0.829096 0.51306
    outer loop
      vertex 73.6961 54.7766 8.01
      vertex 73.2012 54.2966 9
      vertex 73.593 54.1916 9
    endloop
  endfacet
  facet normal 0.36292 0.777886 0.513014
    outer loop
      vertex 73.125 54.9845 8.01
      vertex 73.1983 54.2974 9
      vertex 73.4015 54.8555 8.01
    endloop
  endfacet
  facet normal 0.336476 0.785111 0.519986
    outer loop
      vertex 73.1983 54.2974 9
      vertex 73.125 54.9845 8.01
      vertex 73.1955 54.2986 9
    endloop
  endfacet
  facet normal -0.0747151 -0.855096 0.513058
    outer loop
      vertex 74 58.844 9
      vertex 74 58.25 8.01
      vertex 74.404 58.8087 9
    endloop
  endfacet
  facet normal 0.3628 0.777882 0.513103
    outer loop
      vertex 73.125 54.9845 8.01
      vertex 72.828 54.47 9
      vertex 73.1955 54.2986 9
    endloop
  endfacet
  facet normal 0.606958 0.606958 0.513033
    outer loop
      vertex 72.6594 55.3751 8.01
      vertex 72.4933 54.7044 9
      vertex 72.8751 55.1594 8.01
    endloop
  endfacet
  facet normal 0.606958 0.606958 0.513033
    outer loop
      vertex 72.4933 54.7044 9
      vertex 72.6594 55.3751 8.01
      vertex 72.2044 54.9933 9
    endloop
  endfacet
  facet normal 0.777968 0.362628 0.513096
    outer loop
      vertex 72.4845 55.625 8.01
      vertex 71.7987 55.6955 9
      vertex 71.97 55.328 9
    endloop
  endfacet
  facet normal -0.829162 0.222067 0.513007
    outer loop
      vertex 75.6445 55.9015 8.01
      vertex 76.2034 55.7013 9
      vertex 75.7234 56.1961 8.01
    endloop
  endfacet
  facet normal -0.829421 0.221179 0.512973
    outer loop
      vertex 76.2034 55.7013 9
      vertex 75.6445 55.9015 8.01
      vertex 76.2026 55.6983 9
    endloop
  endfacet
  facet normal -0.853862 -0.0853862 0.513447
    outer loop
      vertex 75.7234 56.8039 8.01
      vertex 76.3087 56.904 9
      vertex 76.3084 56.907 9
    endloop
  endfacet
  facet normal -0.855064 -0.0748428 0.513092
    outer loop
      vertex 76.3087 56.904 9
      vertex 75.7234 56.8039 8.01
      vertex 75.75 56.5 8.01
    endloop
  endfacet
  facet normal -0.829083 0.222246 0.513058
    outer loop
      vertex 76.3084 56.093 9
      vertex 75.7234 56.1961 8.01
      vertex 76.2034 55.7013 9
    endloop
  endfacet
  facet normal -0.855064 0.0748428 0.513092
    outer loop
      vertex 75.7234 56.1961 8.01
      vertex 76.3087 56.096 9
      vertex 75.75 56.5 8.01
    endloop
  endfacet
  facet normal -0.853862 0.0853862 0.513447
    outer loop
      vertex 76.3087 56.096 9
      vertex 75.7234 56.1961 8.01
      vertex 76.3084 56.093 9
    endloop
  endfacet
  facet normal 0.703112 0.492306 0.513097
    outer loop
      vertex 72.4845 55.625 8.01
      vertex 71.97 55.328 9
      vertex 72.2026 54.9958 9
    endloop
  endfacet
  facet normal 0.703234 0.492179 0.513051
    outer loop
      vertex 72.2026 54.9958 9
      vertex 72.6594 55.3751 8.01
      vertex 72.4845 55.625 8.01
    endloop
  endfacet
  facet normal 0.696401 0.501409 0.513435
    outer loop
      vertex 72.6594 55.3751 8.01
      vertex 72.2026 54.9958 9
      vertex 72.2044 54.9933 9
    endloop
  endfacet
  facet normal -0.222193 -0.829096 0.51306
    outer loop
      vertex 74.407 58.8084 9
      vertex 74.3039 58.2234 8.01
      vertex 74.7988 58.7034 9
    endloop
  endfacet
  facet normal 0.829421 -0.221179 0.512973
    outer loop
      vertex 71.7966 57.2987 9
      vertex 72.3555 57.0985 8.01
      vertex 71.7974 57.3017 9
    endloop
  endfacet
  facet normal 0.829162 -0.222067 0.513007
    outer loop
      vertex 72.3555 57.0985 8.01
      vertex 71.7966 57.2987 9
      vertex 72.2766 56.8039 8.01
    endloop
  endfacet
  facet normal -0.228231 0.827338 0.513247
    outer loop
      vertex 74.5985 54.8555 8.01
      vertex 74.7988 54.2966 9
      vertex 74.8017 54.2974 9
    endloop
  endfacet
  facet normal -0.222064 0.829153 0.513023
    outer loop
      vertex 74.7988 54.2966 9
      vertex 74.5985 54.8555 8.01
      vertex 74.3039 54.7766 8.01
    endloop
  endfacet
  facet normal 0.965958 -0.258698 0
    outer loop
      vertex 76.8191 55.4739 9
      vertex 76.9544 55.9791 5
      vertex 76.9544 55.9791 9
    endloop
  endfacet
  facet normal 0.965958 -0.258698 0
    outer loop
      vertex 76.9544 55.9791 5
      vertex 76.8191 55.4739 9
      vertex 76.8191 55.4739 5
    endloop
  endfacet
  facet normal 0.965958 0.258698 0
    outer loop
      vertex 76.9544 57.0209 9
      vertex 76.8191 57.5261 5
      vertex 76.8191 57.5261 9
    endloop
  endfacet
  facet normal 0.965958 0.258698 0
    outer loop
      vertex 76.8191 57.5261 5
      vertex 76.9544 57.0209 9
      vertex 76.9544 57.0209 5
    endloop
  endfacet
  facet normal 0.99619 0.0872073 0
    outer loop
      vertex 77 56.5 9
      vertex 76.9544 57.0209 5
      vertex 76.9544 57.0209 9
    endloop
  endfacet
  facet normal 0.99619 0.0872073 0
    outer loop
      vertex 76.9544 57.0209 5
      vertex 77 56.5 9
      vertex 77 56.5 5
    endloop
  endfacet
  facet normal 0.906295 0.422645 0
    outer loop
      vertex 76.8191 57.5261 9
      vertex 76.5981 58 5
      vertex 76.5981 58 9
    endloop
  endfacet
  facet normal 0.906295 0.422645 0
    outer loop
      vertex 76.5981 58 5
      vertex 76.8191 57.5261 9
      vertex 76.8191 57.5261 5
    endloop
  endfacet
  facet normal -0.965958 -0.258698 0
    outer loop
      vertex 71.1809 55.4739 5
      vertex 71.0456 55.9791 9
      vertex 71.0456 55.9791 5
    endloop
  endfacet
  facet normal -0.965958 -0.258698 0
    outer loop
      vertex 71.0456 55.9791 9
      vertex 71.1809 55.4739 5
      vertex 71.1809 55.4739 9
    endloop
  endfacet
  facet normal -0.819124 0.573616 0
    outer loop
      vertex 71.4019 58 5
      vertex 71.7019 58.4284 9
      vertex 71.7019 58.4284 5
    endloop
  endfacet
  facet normal -0.819124 0.573616 0
    outer loop
      vertex 71.7019 58.4284 9
      vertex 71.4019 58 5
      vertex 71.4019 58 9
    endloop
  endfacet
  facet normal -0.422645 0.906295 0
    outer loop
      vertex 72.9739 59.3191 5
      vertex 72.5 59.0981 9
      vertex 72.9739 59.3191 9
    endloop
  endfacet
  facet normal -0.422645 0.906295 0
    outer loop
      vertex 72.5 59.0981 9
      vertex 72.9739 59.3191 5
      vertex 72.5 59.0981 5
    endloop
  endfacet
  facet normal -0.573616 -0.819124 0
    outer loop
      vertex 72.0716 54.2019 5
      vertex 72.5 53.9019 9
      vertex 72.0716 54.2019 9
    endloop
  endfacet
  facet normal -0.573616 -0.819124 -0
    outer loop
      vertex 72.5 53.9019 9
      vertex 72.0716 54.2019 5
      vertex 72.5 53.9019 5
    endloop
  endfacet
  facet normal -0.0872073 -0.99619 0
    outer loop
      vertex 73.4791 53.5456 5
      vertex 74 53.5 9
      vertex 73.4791 53.5456 9
    endloop
  endfacet
  facet normal -0.0872073 -0.99619 -0
    outer loop
      vertex 74 53.5 9
      vertex 73.4791 53.5456 5
      vertex 74 53.5 5
    endloop
  endfacet
  facet normal 0.0872073 -0.99619 0
    outer loop
      vertex 74 53.5 5
      vertex 74.5209 53.5456 9
      vertex 74 53.5 9
    endloop
  endfacet
  facet normal 0.0872073 -0.99619 0
    outer loop
      vertex 74.5209 53.5456 9
      vertex 74 53.5 5
      vertex 74.5209 53.5456 5
    endloop
  endfacet
  facet normal 0.906295 -0.422645 0
    outer loop
      vertex 76.5981 55 9
      vertex 76.8191 55.4739 5
      vertex 76.8191 55.4739 9
    endloop
  endfacet
  facet normal 0.906295 -0.422645 0
    outer loop
      vertex 76.8191 55.4739 5
      vertex 76.5981 55 9
      vertex 76.5981 55 5
    endloop
  endfacet
  facet normal 0.707107 0.707107 0
    outer loop
      vertex 76.2981 58.4284 9
      vertex 75.9284 58.7981 5
      vertex 75.9284 58.7981 9
    endloop
  endfacet
  facet normal 0.707107 0.707107 0
    outer loop
      vertex 75.9284 58.7981 5
      vertex 76.2981 58.4284 9
      vertex 76.2981 58.4284 5
    endloop
  endfacet
  facet normal 0.707107 -0.707107 0
    outer loop
      vertex 75.9284 54.2019 9
      vertex 76.2981 54.5716 5
      vertex 76.2981 54.5716 9
    endloop
  endfacet
  facet normal 0.707107 -0.707107 0
    outer loop
      vertex 76.2981 54.5716 5
      vertex 75.9284 54.2019 9
      vertex 75.9284 54.2019 5
    endloop
  endfacet
  facet normal -0.99619 0.0872073 0
    outer loop
      vertex 71 56.5 5
      vertex 71.0456 57.0209 9
      vertex 71.0456 57.0209 5
    endloop
  endfacet
  facet normal -0.99619 0.0872073 0
    outer loop
      vertex 71.0456 57.0209 9
      vertex 71 56.5 5
      vertex 71 56.5 9
    endloop
  endfacet
  facet normal 0.258698 0.965958 -0
    outer loop
      vertex 75.0261 59.3191 5
      vertex 74.5209 59.4544 9
      vertex 75.0261 59.3191 9
    endloop
  endfacet
  facet normal 0.258698 0.965958 0
    outer loop
      vertex 74.5209 59.4544 9
      vertex 75.0261 59.3191 5
      vertex 74.5209 59.4544 5
    endloop
  endfacet
  facet normal -0.99619 -0.0872073 0
    outer loop
      vertex 71.0456 55.9791 5
      vertex 71 56.5 9
      vertex 71 56.5 5
    endloop
  endfacet
  facet normal -0.99619 -0.0872073 0
    outer loop
      vertex 71 56.5 9
      vertex 71.0456 55.9791 5
      vertex 71.0456 55.9791 9
    endloop
  endfacet
  facet normal 0.819124 -0.573616 0
    outer loop
      vertex 76.2981 54.5716 9
      vertex 76.5981 55 5
      vertex 76.5981 55 9
    endloop
  endfacet
  facet normal 0.819124 -0.573616 0
    outer loop
      vertex 76.5981 55 5
      vertex 76.2981 54.5716 9
      vertex 76.2981 54.5716 5
    endloop
  endfacet
  facet normal -0.258698 -0.965958 0
    outer loop
      vertex 72.9739 53.6809 5
      vertex 73.4791 53.5456 9
      vertex 72.9739 53.6809 9
    endloop
  endfacet
  facet normal -0.258698 -0.965958 -0
    outer loop
      vertex 73.4791 53.5456 9
      vertex 72.9739 53.6809 5
      vertex 73.4791 53.5456 5
    endloop
  endfacet
  facet normal 0.422645 -0.906295 0
    outer loop
      vertex 75.0261 53.6809 5
      vertex 75.5 53.9019 9
      vertex 75.0261 53.6809 9
    endloop
  endfacet
  facet normal 0.422645 -0.906295 0
    outer loop
      vertex 75.5 53.9019 9
      vertex 75.0261 53.6809 5
      vertex 75.5 53.9019 5
    endloop
  endfacet
  facet normal -0.573616 0.819124 0
    outer loop
      vertex 72.5 59.0981 5
      vertex 72.0716 58.7981 9
      vertex 72.5 59.0981 9
    endloop
  endfacet
  facet normal -0.573616 0.819124 0
    outer loop
      vertex 72.0716 58.7981 9
      vertex 72.5 59.0981 5
      vertex 72.0716 58.7981 5
    endloop
  endfacet
  facet normal 0.819124 0.573616 0
    outer loop
      vertex 76.5981 58 9
      vertex 76.2981 58.4284 5
      vertex 76.2981 58.4284 9
    endloop
  endfacet
  facet normal 0.819124 0.573616 0
    outer loop
      vertex 76.2981 58.4284 5
      vertex 76.5981 58 9
      vertex 76.5981 58 5
    endloop
  endfacet
  facet normal 0.422645 0.906295 -0
    outer loop
      vertex 75.5 59.0981 5
      vertex 75.0261 59.3191 9
      vertex 75.5 59.0981 9
    endloop
  endfacet
  facet normal 0.422645 0.906295 0
    outer loop
      vertex 75.0261 59.3191 9
      vertex 75.5 59.0981 5
      vertex 75.0261 59.3191 5
    endloop
  endfacet
  facet normal 0.258698 -0.965958 0
    outer loop
      vertex 74.5209 53.5456 5
      vertex 75.0261 53.6809 9
      vertex 74.5209 53.5456 9
    endloop
  endfacet
  facet normal 0.258698 -0.965958 0
    outer loop
      vertex 75.0261 53.6809 9
      vertex 74.5209 53.5456 5
      vertex 75.0261 53.6809 5
    endloop
  endfacet
  facet normal 0 0 1
    outer loop
      vertex 76.344 56.5 9
      vertex 77 56.5 9
      vertex 76.9544 57.0209 9
    endloop
  endfacet
  facet normal 0 0 1
    outer loop
      vertex 76.3084 56.907 9
      vertex 76.9544 57.0209 9
      vertex 76.8191 57.5261 9
    endloop
  endfacet
  facet normal 0 0 1
    outer loop
      vertex 77 56.5 9
      vertex 76.344 56.5 9
      vertex 76.9544 55.9791 9
    endloop
  endfacet
  facet normal 0 0 1
    outer loop
      vertex 76.2013 57.3045 9
      vertex 76.8191 57.5261 9
      vertex 76.5981 58 9
    endloop
  endfacet
  facet normal -0 0 1
    outer loop
      vertex 76.3087 56.096 9
      vertex 76.9544 55.9791 9
      vertex 76.344 56.5 9
    endloop
  endfacet
  facet normal -0 0 1
    outer loop
      vertex 76.3084 56.093 9
      vertex 76.9544 55.9791 9
      vertex 76.3087 56.096 9
    endloop
  endfacet
  facet normal 0 0 1
    outer loop
      vertex 76.9544 57.0209 9
      vertex 76.3087 56.904 9
      vertex 76.344 56.5 9
    endloop
  endfacet
  facet normal 0 0 1
    outer loop
      vertex 76.9544 57.0209 9
      vertex 76.3084 56.907 9
      vertex 76.3087 56.904 9
    endloop
  endfacet
  facet normal 0 0 1
    outer loop
      vertex 76.03 57.672 9
      vertex 76.5981 58 9
      vertex 76.2981 58.4284 9
    endloop
  endfacet
  facet normal 0 0 1
    outer loop
      vertex 76.8191 57.5261 9
      vertex 76.2034 57.2987 9
      vertex 76.3084 56.907 9
    endloop
  endfacet
  facet normal 0 0 1
    outer loop
      vertex 76.8191 57.5261 9
      vertex 76.2026 57.3017 9
      vertex 76.2034 57.2987 9
    endloop
  endfacet
  facet normal 0 0 1
    outer loop
      vertex 76.8191 57.5261 9
      vertex 76.2013 57.3045 9
      vertex 76.2026 57.3017 9
    endloop
  endfacet
  facet normal 0 0 1
    outer loop
      vertex 76.5981 58 9
      vertex 76.03 57.672 9
      vertex 76.2013 57.3045 9
    endloop
  endfacet
  facet normal 0 0 1
    outer loop
      vertex 75.7956 58.0067 9
      vertex 76.2981 58.4284 9
      vertex 75.9284 58.7981 9
    endloop
  endfacet
  facet normal 0 0 1
    outer loop
      vertex 76.2981 58.4284 9
      vertex 75.7974 58.0042 9
      vertex 76.03 57.672 9
    endloop
  endfacet
  facet normal 0 0 1
    outer loop
      vertex 76.2981 58.4284 9
      vertex 75.7956 58.0067 9
      vertex 75.7974 58.0042 9
    endloop
  endfacet
  facet normal 0 0 1
    outer loop
      vertex 75.9284 58.7981 9
      vertex 75.5067 58.2956 9
      vertex 75.7956 58.0067 9
    endloop
  endfacet
  facet normal 0 0 1
    outer loop
      vertex 75.9284 58.7981 9
      vertex 75.5042 58.2974 9
      vertex 75.5067 58.2956 9
    endloop
  endfacet
  facet normal 0 0 1
    outer loop
      vertex 75.5 59.0981 9
      vertex 75.5042 58.2974 9
      vertex 75.9284 58.7981 9
    endloop
  endfacet
  facet normal 0 0 1
    outer loop
      vertex 75.5 59.0981 9
      vertex 75.172 58.53 9
      vertex 75.5042 58.2974 9
    endloop
  endfacet
  facet normal 0 0 1
    outer loop
      vertex 75.0261 59.3191 9
      vertex 75.172 58.53 9
      vertex 75.5 59.0981 9
    endloop
  endfacet
  facet normal 0 0 1
    outer loop
      vertex 75.0261 59.3191 9
      vertex 74.8045 58.7014 9
      vertex 75.172 58.53 9
    endloop
  endfacet
  facet normal 0 0 1
    outer loop
      vertex 75.0261 59.3191 9
      vertex 74.8017 58.7026 9
      vertex 74.8045 58.7014 9
    endloop
  endfacet
  facet normal 0 0 1
    outer loop
      vertex 75.0261 59.3191 9
      vertex 74.7988 58.7034 9
      vertex 74.8017 58.7026 9
    endloop
  endfacet
  facet normal 0 0 1
    outer loop
      vertex 74.5209 59.4544 9
      vertex 74.7988 58.7034 9
      vertex 75.0261 59.3191 9
    endloop
  endfacet
  facet normal 0 0 1
    outer loop
      vertex 74.5209 59.4544 9
      vertex 74.407 58.8084 9
      vertex 74.7988 58.7034 9
    endloop
  endfacet
  facet normal 0 0 1
    outer loop
      vertex 74.5209 59.4544 9
      vertex 74.404 58.8087 9
      vertex 74.407 58.8084 9
    endloop
  endfacet
  facet normal 0 0 1
    outer loop
      vertex 74 59.5 9
      vertex 74.404 58.8087 9
      vertex 74.5209 59.4544 9
    endloop
  endfacet
  facet normal 0 0 1
    outer loop
      vertex 74 59.5 9
      vertex 74 58.844 9
      vertex 74.404 58.8087 9
    endloop
  endfacet
  facet normal 0 0 1
    outer loop
      vertex 74 59.5 9
      vertex 73.596 58.8087 9
      vertex 74 58.844 9
    endloop
  endfacet
  facet normal -0 0 1
    outer loop
      vertex 73.4791 59.4544 9
      vertex 73.596 58.8087 9
      vertex 74 59.5 9
    endloop
  endfacet
  facet normal 0 0 1
    outer loop
      vertex 73.596 58.8087 9
      vertex 73.4791 59.4544 9
      vertex 73.593 58.8084 9
    endloop
  endfacet
  facet normal 0 0 1
    outer loop
      vertex 73.4791 59.4544 9
      vertex 73.2012 58.7034 9
      vertex 73.593 58.8084 9
    endloop
  endfacet
  facet normal -0 0 1
    outer loop
      vertex 72.9739 59.3191 9
      vertex 73.2012 58.7034 9
      vertex 73.4791 59.4544 9
    endloop
  endfacet
  facet normal 0 0 1
    outer loop
      vertex 73.2012 58.7034 9
      vertex 72.9739 59.3191 9
      vertex 73.1983 58.7026 9
    endloop
  endfacet
  facet normal 0 0 1
    outer loop
      vertex 73.1983 58.7026 9
      vertex 72.9739 59.3191 9
      vertex 73.1955 58.7014 9
    endloop
  endfacet
  facet normal 0 0 1
    outer loop
      vertex 72.9739 59.3191 9
      vertex 72.828 58.53 9
      vertex 73.1955 58.7014 9
    endloop
  endfacet
  facet normal -0 0 1
    outer loop
      vertex 72.5 59.0981 9
      vertex 72.828 58.53 9
      vertex 72.9739 59.3191 9
    endloop
  endfacet
  facet normal 0 0 1
    outer loop
      vertex 72.5 59.0981 9
      vertex 72.4958 58.2974 9
      vertex 72.828 58.53 9
    endloop
  endfacet
  facet normal -0 0 1
    outer loop
      vertex 72.0716 58.7981 9
      vertex 72.4958 58.2974 9
      vertex 72.5 59.0981 9
    endloop
  endfacet
  facet normal 0 0 1
    outer loop
      vertex 72.4958 58.2974 9
      vertex 72.0716 58.7981 9
      vertex 72.4933 58.2956 9
    endloop
  endfacet
  facet normal 0 0 1
    outer loop
      vertex 72.4933 58.2956 9
      vertex 72.0716 58.7981 9
      vertex 72.2044 58.0067 9
    endloop
  endfacet
  facet normal -0 0 1
    outer loop
      vertex 71.7019 58.4284 9
      vertex 72.2044 58.0067 9
      vertex 72.0716 58.7981 9
    endloop
  endfacet
  facet normal 0 0 1
    outer loop
      vertex 72.2044 58.0067 9
      vertex 71.7019 58.4284 9
      vertex 72.2026 58.0042 9
    endloop
  endfacet
  facet normal 0 0 1
    outer loop
      vertex 72.2026 58.0042 9
      vertex 71.7019 58.4284 9
      vertex 71.97 57.672 9
    endloop
  endfacet
  facet normal -0 0 1
    outer loop
      vertex 71.4019 58 9
      vertex 71.97 57.672 9
      vertex 71.7019 58.4284 9
    endloop
  endfacet
  facet normal 0 0 1
    outer loop
      vertex 71.97 57.672 9
      vertex 71.4019 58 9
      vertex 71.7987 57.3045 9
    endloop
  endfacet
  facet normal -0 0 1
    outer loop
      vertex 71.1809 57.5261 9
      vertex 71.7987 57.3045 9
      vertex 71.4019 58 9
    endloop
  endfacet
  facet normal 0 0 1
    outer loop
      vertex 71.7987 57.3045 9
      vertex 71.1809 57.5261 9
      vertex 71.7974 57.3017 9
    endloop
  endfacet
  facet normal 0 0 1
    outer loop
      vertex 71.7974 57.3017 9
      vertex 71.1809 57.5261 9
      vertex 71.7966 57.2987 9
    endloop
  endfacet
  facet normal 0 0 1
    outer loop
      vertex 71.7966 57.2987 9
      vertex 71.1809 57.5261 9
      vertex 71.6916 56.907 9
    endloop
  endfacet
  facet normal -0 0 1
    outer loop
      vertex 71.0456 57.0209 9
      vertex 71.6916 56.907 9
      vertex 71.1809 57.5261 9
    endloop
  endfacet
  facet normal 0 0 1
    outer loop
      vertex 76.9544 55.9791 9
      vertex 76.3084 56.093 9
      vertex 76.8191 55.4739 9
    endloop
  endfacet
  facet normal -0 0 1
    outer loop
      vertex 76.2034 55.7013 9
      vertex 76.8191 55.4739 9
      vertex 76.3084 56.093 9
    endloop
  endfacet
  facet normal -0 0 1
    outer loop
      vertex 76.2026 55.6983 9
      vertex 76.8191 55.4739 9
      vertex 76.2034 55.7013 9
    endloop
  endfacet
  facet normal -0 0 1
    outer loop
      vertex 76.2013 55.6955 9
      vertex 76.8191 55.4739 9
      vertex 76.2026 55.6983 9
    endloop
  endfacet
  facet normal 0 0 1
    outer loop
      vertex 76.8191 55.4739 9
      vertex 76.2013 55.6955 9
      vertex 76.5981 55 9
    endloop
  endfacet
  facet normal -0 0 1
    outer loop
      vertex 76.03 55.328 9
      vertex 76.5981 55 9
      vertex 76.2013 55.6955 9
    endloop
  endfacet
  facet normal 0 0 1
    outer loop
      vertex 76.5981 55 9
      vertex 76.03 55.328 9
      vertex 76.2981 54.5716 9
    endloop
  endfacet
  facet normal -0 0 1
    outer loop
      vertex 75.7974 54.9958 9
      vertex 76.2981 54.5716 9
      vertex 76.03 55.328 9
    endloop
  endfacet
  facet normal -0 0 1
    outer loop
      vertex 75.7956 54.9933 9
      vertex 76.2981 54.5716 9
      vertex 75.7974 54.9958 9
    endloop
  endfacet
  facet normal 0 0 1
    outer loop
      vertex 76.2981 54.5716 9
      vertex 75.7956 54.9933 9
      vertex 75.9284 54.2019 9
    endloop
  endfacet
  facet normal -0 0 1
    outer loop
      vertex 75.5067 54.7044 9
      vertex 75.9284 54.2019 9
      vertex 75.7956 54.9933 9
    endloop
  endfacet
  facet normal -0 0 1
    outer loop
      vertex 75.5042 54.7026 9
      vertex 75.9284 54.2019 9
      vertex 75.5067 54.7044 9
    endloop
  endfacet
  facet normal 0 0 1
    outer loop
      vertex 75.5042 54.7026 9
      vertex 75.5 53.9019 9
      vertex 75.9284 54.2019 9
    endloop
  endfacet
  facet normal -0 0 1
    outer loop
      vertex 75.172 54.47 9
      vertex 75.5 53.9019 9
      vertex 75.5042 54.7026 9
    endloop
  endfacet
  facet normal 0 0 1
    outer loop
      vertex 75.172 54.47 9
      vertex 75.0261 53.6809 9
      vertex 75.5 53.9019 9
    endloop
  endfacet
  facet normal -0 0 1
    outer loop
      vertex 74.8045 54.2986 9
      vertex 75.0261 53.6809 9
      vertex 75.172 54.47 9
    endloop
  endfacet
  facet normal -0 0 1
    outer loop
      vertex 74.8017 54.2974 9
      vertex 75.0261 53.6809 9
      vertex 74.8045 54.2986 9
    endloop
  endfacet
  facet normal -0 0 1
    outer loop
      vertex 74.7988 54.2966 9
      vertex 75.0261 53.6809 9
      vertex 74.8017 54.2974 9
    endloop
  endfacet
  facet normal 0 0 1
    outer loop
      vertex 74.7988 54.2966 9
      vertex 74.5209 53.5456 9
      vertex 75.0261 53.6809 9
    endloop
  endfacet
  facet normal -0 0 1
    outer loop
      vertex 74.407 54.1916 9
      vertex 74.5209 53.5456 9
      vertex 74.7988 54.2966 9
    endloop
  endfacet
  facet normal -0 0 1
    outer loop
      vertex 74.404 54.1913 9
      vertex 74.5209 53.5456 9
      vertex 74.407 54.1916 9
    endloop
  endfacet
  facet normal -0 0 1
    outer loop
      vertex 74 54.156 9
      vertex 74.5209 53.5456 9
      vertex 74.404 54.1913 9
    endloop
  endfacet
  facet normal 0 0 1
    outer loop
      vertex 74 54.156 9
      vertex 74 53.5 9
      vertex 74.5209 53.5456 9
    endloop
  endfacet
  facet normal 0 0 1
    outer loop
      vertex 73.596 54.1913 9
      vertex 74 53.5 9
      vertex 74 54.156 9
    endloop
  endfacet
  facet normal 0 0 1
    outer loop
      vertex 73.4791 53.5456 9
      vertex 73.596 54.1913 9
      vertex 73.593 54.1916 9
    endloop
  endfacet
  facet normal 0 0 1
    outer loop
      vertex 73.596 54.1913 9
      vertex 73.4791 53.5456 9
      vertex 74 53.5 9
    endloop
  endfacet
  facet normal 0 0 1
    outer loop
      vertex 73.2012 54.2966 9
      vertex 73.4791 53.5456 9
      vertex 73.593 54.1916 9
    endloop
  endfacet
  facet normal 0 0 1
    outer loop
      vertex 72.9739 53.6809 9
      vertex 73.2012 54.2966 9
      vertex 73.1983 54.2974 9
    endloop
  endfacet
  facet normal 0 0 1
    outer loop
      vertex 72.9739 53.6809 9
      vertex 73.1983 54.2974 9
      vertex 73.1955 54.2986 9
    endloop
  endfacet
  facet normal 0 0 1
    outer loop
      vertex 73.2012 54.2966 9
      vertex 72.9739 53.6809 9
      vertex 73.4791 53.5456 9
    endloop
  endfacet
  facet normal 0 0 1
    outer loop
      vertex 72.828 54.47 9
      vertex 72.9739 53.6809 9
      vertex 73.1955 54.2986 9
    endloop
  endfacet
  facet normal 0 0 1
    outer loop
      vertex 72.828 54.47 9
      vertex 72.5 53.9019 9
      vertex 72.9739 53.6809 9
    endloop
  endfacet
  facet normal 0 0 1
    outer loop
      vertex 72.4958 54.7026 9
      vertex 72.5 53.9019 9
      vertex 72.828 54.47 9
    endloop
  endfacet
  facet normal 0 0 1
    outer loop
      vertex 72.0716 54.2019 9
      vertex 72.4958 54.7026 9
      vertex 72.4933 54.7044 9
    endloop
  endfacet
  facet normal 0 0 1
    outer loop
      vertex 72.0716 54.2019 9
      vertex 72.4933 54.7044 9
      vertex 72.2044 54.9933 9
    endloop
  endfacet
  facet normal 0 0 1
    outer loop
      vertex 71.7019 54.5716 9
      vertex 72.2044 54.9933 9
      vertex 72.2026 54.9958 9
    endloop
  endfacet
  facet normal 0 0 1
    outer loop
      vertex 72.4958 54.7026 9
      vertex 72.0716 54.2019 9
      vertex 72.5 53.9019 9
    endloop
  endfacet
  facet normal 0 0 1
    outer loop
      vertex 71.7019 54.5716 9
      vertex 72.2026 54.9958 9
      vertex 71.97 55.328 9
    endloop
  endfacet
  facet normal 0 0 1
    outer loop
      vertex 71.4019 55 9
      vertex 71.97 55.328 9
      vertex 71.7987 55.6955 9
    endloop
  endfacet
  facet normal 0 0 1
    outer loop
      vertex 71.1809 55.4739 9
      vertex 71.7987 55.6955 9
      vertex 71.7974 55.6983 9
    endloop
  endfacet
  facet normal 0 0 1
    outer loop
      vertex 71.1809 55.4739 9
      vertex 71.7974 55.6983 9
      vertex 71.7966 55.7013 9
    endloop
  endfacet
  facet normal 0 0 1
    outer loop
      vertex 72.2044 54.9933 9
      vertex 71.7019 54.5716 9
      vertex 72.0716 54.2019 9
    endloop
  endfacet
  facet normal 0 0 1
    outer loop
      vertex 71.1809 55.4739 9
      vertex 71.7966 55.7013 9
      vertex 71.6916 56.093 9
    endloop
  endfacet
  facet normal 0 0 1
    outer loop
      vertex 71.0456 55.9791 9
      vertex 71.6916 56.093 9
      vertex 71.6913 56.096 9
    endloop
  endfacet
  facet normal 0 0 1
    outer loop
      vertex 71.0456 55.9791 9
      vertex 71.6913 56.096 9
      vertex 71.656 56.5 9
    endloop
  endfacet
  facet normal 0 0 1
    outer loop
      vertex 71.6916 56.907 9
      vertex 71.0456 57.0209 9
      vertex 71.6913 56.904 9
    endloop
  endfacet
  facet normal 0 0 1
    outer loop
      vertex 71.97 55.328 9
      vertex 71.4019 55 9
      vertex 71.7019 54.5716 9
    endloop
  endfacet
  facet normal 0 0 1
    outer loop
      vertex 71.6913 56.904 9
      vertex 71.0456 57.0209 9
      vertex 71.656 56.5 9
    endloop
  endfacet
  facet normal 0 0 1
    outer loop
      vertex 71.7987 55.6955 9
      vertex 71.1809 55.4739 9
      vertex 71.4019 55 9
    endloop
  endfacet
  facet normal 0 0 1
    outer loop
      vertex 71 56.5 9
      vertex 71.656 56.5 9
      vertex 71.0456 57.0209 9
    endloop
  endfacet
  facet normal 0 0 1
    outer loop
      vertex 71.6916 56.093 9
      vertex 71.0456 55.9791 9
      vertex 71.1809 55.4739 9
    endloop
  endfacet
  facet normal 0 0 1
    outer loop
      vertex 71.656 56.5 9
      vertex 71 56.5 9
      vertex 71.0456 55.9791 9
    endloop
  endfacet
  facet normal 0.573616 -0.819124 0
    outer loop
      vertex 75.5 53.9019 5
      vertex 75.9284 54.2019 9
      vertex 75.5 53.9019 9
    endloop
  endfacet
  facet normal 0.573616 -0.819124 0
    outer loop
      vertex 75.9284 54.2019 9
      vertex 75.5 53.9019 5
      vertex 75.9284 54.2019 5
    endloop
  endfacet
  facet normal 0.573616 0.819124 -0
    outer loop
      vertex 75.9284 58.7981 5
      vertex 75.5 59.0981 9
      vertex 75.9284 58.7981 9
    endloop
  endfacet
  facet normal 0.573616 0.819124 0
    outer loop
      vertex 75.5 59.0981 9
      vertex 75.9284 58.7981 5
      vertex 75.5 59.0981 5
    endloop
  endfacet
  facet normal 0.0872073 0.99619 -0
    outer loop
      vertex 74.5209 59.4544 5
      vertex 74 59.5 9
      vertex 74.5209 59.4544 9
    endloop
  endfacet
  facet normal 0.0872073 0.99619 0
    outer loop
      vertex 74 59.5 9
      vertex 74.5209 59.4544 5
      vertex 74 59.5 5
    endloop
  endfacet
  facet normal -0.906295 0.422645 0
    outer loop
      vertex 71.1809 57.5261 5
      vertex 71.4019 58 9
      vertex 71.4019 58 5
    endloop
  endfacet
  facet normal -0.906295 0.422645 0
    outer loop
      vertex 71.4019 58 9
      vertex 71.1809 57.5261 5
      vertex 71.1809 57.5261 9
    endloop
  endfacet
  facet normal 0.99619 -0.0872073 0
    outer loop
      vertex 76.9544 55.9791 9
      vertex 77 56.5 5
      vertex 77 56.5 9
    endloop
  endfacet
  facet normal 0.99619 -0.0872073 0
    outer loop
      vertex 77 56.5 5
      vertex 76.9544 55.9791 9
      vertex 76.9544 55.9791 5
    endloop
  endfacet
  facet normal -0.258698 0.965958 0
    outer loop
      vertex 73.4791 59.4544 5
      vertex 72.9739 59.3191 9
      vertex 73.4791 59.4544 9
    endloop
  endfacet
  facet normal -0.258698 0.965958 0
    outer loop
      vertex 72.9739 59.3191 9
      vertex 73.4791 59.4544 5
      vertex 72.9739 59.3191 5
    endloop
  endfacet
  facet normal -0.0872073 0.99619 0
    outer loop
      vertex 74 59.5 5
      vertex 73.4791 59.4544 9
      vertex 74 59.5 9
    endloop
  endfacet
  facet normal -0.0872073 0.99619 0
    outer loop
      vertex 73.4791 59.4544 9
      vertex 74 59.5 5
      vertex 73.4791 59.4544 5
    endloop
  endfacet
  facet normal -0.906295 -0.422645 0
    outer loop
      vertex 71.4019 55 5
      vertex 71.1809 55.4739 9
      vertex 71.1809 55.4739 5
    endloop
  endfacet
  facet normal -0.906295 -0.422645 0
    outer loop
      vertex 71.1809 55.4739 9
      vertex 71.4019 55 5
      vertex 71.4019 55 9
    endloop
  endfacet
  facet normal -0.819124 -0.573616 0
    outer loop
      vertex 71.7019 54.5716 5
      vertex 71.4019 55 9
      vertex 71.4019 55 5
    endloop
  endfacet
  facet normal -0.819124 -0.573616 0
    outer loop
      vertex 71.4019 55 9
      vertex 71.7019 54.5716 5
      vertex 71.7019 54.5716 9
    endloop
  endfacet
  facet normal -0.707107 -0.707107 0
    outer loop
      vertex 72.0716 54.2019 5
      vertex 71.7019 54.5716 9
      vertex 71.7019 54.5716 5
    endloop
  endfacet
  facet normal -0.707107 -0.707107 0
    outer loop
      vertex 71.7019 54.5716 9
      vertex 72.0716 54.2019 5
      vertex 72.0716 54.2019 9
    endloop
  endfacet
  facet normal -0.422645 -0.906295 0
    outer loop
      vertex 72.5 53.9019 5
      vertex 72.9739 53.6809 9
      vertex 72.5 53.9019 9
    endloop
  endfacet
  facet normal -0.422645 -0.906295 -0
    outer loop
      vertex 72.9739 53.6809 9
      vertex 72.5 53.9019 5
      vertex 72.9739 53.6809 5
    endloop
  endfacet
  facet normal -0.965958 0.258698 0
    outer loop
      vertex 71.0456 57.0209 5
      vertex 71.1809 57.5261 9
      vertex 71.1809 57.5261 5
    endloop
  endfacet
  facet normal -0.965958 0.258698 0
    outer loop
      vertex 71.1809 57.5261 9
      vertex 71.0456 57.0209 5
      vertex 71.0456 57.0209 9
    endloop
  endfacet
  facet normal -0.707107 0.707107 0
    outer loop
      vertex 71.7019 58.4284 5
      vertex 72.0716 58.7981 9
      vertex 72.0716 58.7981 5
    endloop
  endfacet
  facet normal -0.707107 0.707107 0
    outer loop
      vertex 72.0716 58.7981 9
      vertex 71.7019 58.4284 5
      vertex 71.7019 58.4284 9
    endloop
  endfacet
  facet normal -0.965957 -0.258703 0
    outer loop
      vertex 17.7234 79.8039 5
      vertex 17.6445 80.0985 8.01
      vertex 17.6445 80.0985 5
    endloop
  endfacet
  facet normal -0.965957 -0.258703 0
    outer loop
      vertex 17.6445 80.0985 8.01
      vertex 17.7234 79.8039 5
      vertex 17.7234 79.8039 8.01
    endloop
  endfacet
  facet normal -0.996191 -0.0871954 0
    outer loop
      vertex 17.75 79.5 5
      vertex 17.7234 79.8039 8.01
      vertex 17.7234 79.8039 5
    endloop
  endfacet
  facet normal -0.996191 -0.0871954 0
    outer loop
      vertex 17.7234 79.8039 8.01
      vertex 17.75 79.5 5
      vertex 17.75 79.5 8.01
    endloop
  endfacet
  facet normal -0.906225 -0.422796 0
    outer loop
      vertex 17.6445 80.0985 5
      vertex 17.5155 80.375 8.01
      vertex 17.5155 80.375 5
    endloop
  endfacet
  facet normal -0.906225 -0.422796 0
    outer loop
      vertex 17.5155 80.375 8.01
      vertex 17.6445 80.0985 5
      vertex 17.6445 80.0985 8.01
    endloop
  endfacet
  facet normal -0.819278 0.573396 0
    outer loop
      vertex 17.3406 78.3751 5
      vertex 17.5155 78.625 8.01
      vertex 17.5155 78.625 5
    endloop
  endfacet
  facet normal -0.819278 0.573396 0
    outer loop
      vertex 17.5155 78.625 8.01
      vertex 17.3406 78.3751 5
      vertex 17.3406 78.3751 8.01
    endloop
  endfacet
  facet normal -0.707107 -0.707107 0
    outer loop
      vertex 17.3406 80.6249 5
      vertex 17.1249 80.8406 8.01
      vertex 17.1249 80.8406 5
    endloop
  endfacet
  facet normal -0.707107 -0.707107 0
    outer loop
      vertex 17.1249 80.8406 8.01
      vertex 17.3406 80.6249 5
      vertex 17.3406 80.6249 8.01
    endloop
  endfacet
  facet normal 0.422796 0.906225 -0
    outer loop
      vertex 15.4015 77.8555 5
      vertex 15.125 77.9845 8.01
      vertex 15.4015 77.8555 8.01
    endloop
  endfacet
  facet normal 0.422796 0.906225 0
    outer loop
      vertex 15.125 77.9845 8.01
      vertex 15.4015 77.8555 5
      vertex 15.125 77.9845 5
    endloop
  endfacet
  facet normal 0.996191 -0.0871954 0
    outer loop
      vertex 14.25 79.5 8.01
      vertex 14.2766 79.8039 5
      vertex 14.2766 79.8039 8.01
    endloop
  endfacet
  facet normal 0.996191 -0.0871954 0
    outer loop
      vertex 14.2766 79.8039 5
      vertex 14.25 79.5 8.01
      vertex 14.25 79.5 5
    endloop
  endfacet
  facet normal -0.0871954 -0.996191 0
    outer loop
      vertex 16 81.25 5
      vertex 16.3039 81.2234 8.01
      vertex 16 81.25 8.01
    endloop
  endfacet
  facet normal -0.0871954 -0.996191 -0
    outer loop
      vertex 16.3039 81.2234 8.01
      vertex 16 81.25 5
      vertex 16.3039 81.2234 5
    endloop
  endfacet
  facet normal -0.258703 0.965957 0
    outer loop
      vertex 16.5985 77.8555 5
      vertex 16.3039 77.7766 8.01
      vertex 16.5985 77.8555 8.01
    endloop
  endfacet
  facet normal -0.258703 0.965957 0
    outer loop
      vertex 16.3039 77.7766 8.01
      vertex 16.5985 77.8555 5
      vertex 16.3039 77.7766 5
    endloop
  endfacet
  facet normal 0.422796 -0.906225 0
    outer loop
      vertex 15.125 81.0155 5
      vertex 15.4015 81.1445 8.01
      vertex 15.125 81.0155 8.01
    endloop
  endfacet
  facet normal 0.422796 -0.906225 0
    outer loop
      vertex 15.4015 81.1445 8.01
      vertex 15.125 81.0155 5
      vertex 15.4015 81.1445 5
    endloop
  endfacet
  facet normal -0.906225 0.422796 0
    outer loop
      vertex 17.5155 78.625 5
      vertex 17.6445 78.9015 8.01
      vertex 17.6445 78.9015 5
    endloop
  endfacet
  facet normal -0.906225 0.422796 0
    outer loop
      vertex 17.6445 78.9015 8.01
      vertex 17.5155 78.625 5
      vertex 17.5155 78.625 8.01
    endloop
  endfacet
  facet normal -0.996191 0.0871954 0
    outer loop
      vertex 17.7234 79.1961 5
      vertex 17.75 79.5 8.01
      vertex 17.75 79.5 5
    endloop
  endfacet
  facet normal -0.996191 0.0871954 0
    outer loop
      vertex 17.75 79.5 8.01
      vertex 17.7234 79.1961 5
      vertex 17.7234 79.1961 8.01
    endloop
  endfacet
  facet normal 0.707107 0.707107 -0
    outer loop
      vertex 14.8751 78.1594 5
      vertex 14.6594 78.3751 8.01
      vertex 14.8751 78.1594 8.01
    endloop
  endfacet
  facet normal 0.707107 0.707107 0
    outer loop
      vertex 14.6594 78.3751 8.01
      vertex 14.8751 78.1594 5
      vertex 14.6594 78.3751 5
    endloop
  endfacet
  facet normal -0.0871954 0.996191 0
    outer loop
      vertex 16.3039 77.7766 5
      vertex 16 77.75 8.01
      vertex 16.3039 77.7766 8.01
    endloop
  endfacet
  facet normal -0.0871954 0.996191 0
    outer loop
      vertex 16 77.75 8.01
      vertex 16.3039 77.7766 5
      vertex 16 77.75 5
    endloop
  endfacet
  facet normal 0.573396 -0.819278 0
    outer loop
      vertex 14.8751 80.8406 5
      vertex 15.125 81.0155 8.01
      vertex 14.8751 80.8406 8.01
    endloop
  endfacet
  facet normal 0.573396 -0.819278 0
    outer loop
      vertex 15.125 81.0155 8.01
      vertex 14.8751 80.8406 5
      vertex 15.125 81.0155 5
    endloop
  endfacet
  facet normal -0.819278 -0.573396 0
    outer loop
      vertex 17.5155 80.375 5
      vertex 17.3406 80.6249 8.01
      vertex 17.3406 80.6249 5
    endloop
  endfacet
  facet normal -0.819278 -0.573396 0
    outer loop
      vertex 17.3406 80.6249 8.01
      vertex 17.5155 80.375 5
      vertex 17.5155 80.375 8.01
    endloop
  endfacet
  facet normal 0.258703 -0.965957 0
    outer loop
      vertex 15.4015 81.1445 5
      vertex 15.6961 81.2234 8.01
      vertex 15.4015 81.1445 8.01
    endloop
  endfacet
  facet normal 0.258703 -0.965957 0
    outer loop
      vertex 15.6961 81.2234 8.01
      vertex 15.4015 81.1445 5
      vertex 15.6961 81.2234 5
    endloop
  endfacet
  facet normal 0.0871954 -0.996191 0
    outer loop
      vertex 15.6961 81.2234 5
      vertex 16 81.25 8.01
      vertex 15.6961 81.2234 8.01
    endloop
  endfacet
  facet normal 0.0871954 -0.996191 0
    outer loop
      vertex 16 81.25 8.01
      vertex 15.6961 81.2234 5
      vertex 16 81.25 5
    endloop
  endfacet
  facet normal -0.965957 0.258703 0
    outer loop
      vertex 17.6445 78.9015 5
      vertex 17.7234 79.1961 8.01
      vertex 17.7234 79.1961 5
    endloop
  endfacet
  facet normal -0.965957 0.258703 0
    outer loop
      vertex 17.7234 79.1961 8.01
      vertex 17.6445 78.9015 5
      vertex 17.6445 78.9015 8.01
    endloop
  endfacet
  facet normal 0.965957 -0.258703 0
    outer loop
      vertex 14.2766 79.8039 8.01
      vertex 14.3555 80.0985 5
      vertex 14.3555 80.0985 8.01
    endloop
  endfacet
  facet normal 0.965957 -0.258703 0
    outer loop
      vertex 14.3555 80.0985 5
      vertex 14.2766 79.8039 8.01
      vertex 14.2766 79.8039 5
    endloop
  endfacet
  facet normal -0.707107 0.707107 0
    outer loop
      vertex 17.1249 78.1594 5
      vertex 17.3406 78.3751 8.01
      vertex 17.3406 78.3751 5
    endloop
  endfacet
  facet normal -0.707107 0.707107 0
    outer loop
      vertex 17.3406 78.3751 8.01
      vertex 17.1249 78.1594 5
      vertex 17.1249 78.1594 8.01
    endloop
  endfacet
  facet normal -0.422796 -0.906225 0
    outer loop
      vertex 16.5985 81.1445 5
      vertex 16.875 81.0155 8.01
      vertex 16.5985 81.1445 8.01
    endloop
  endfacet
  facet normal -0.422796 -0.906225 -0
    outer loop
      vertex 16.875 81.0155 8.01
      vertex 16.5985 81.1445 5
      vertex 16.875 81.0155 5
    endloop
  endfacet
  facet normal 0.996191 0.0871954 0
    outer loop
      vertex 14.2766 79.1961 8.01
      vertex 14.25 79.5 5
      vertex 14.25 79.5 8.01
    endloop
  endfacet
  facet normal 0.996191 0.0871954 0
    outer loop
      vertex 14.25 79.5 5
      vertex 14.2766 79.1961 8.01
      vertex 14.2766 79.1961 5
    endloop
  endfacet
  facet normal -0.573396 0.819278 0
    outer loop
      vertex 17.1249 78.1594 5
      vertex 16.875 77.9845 8.01
      vertex 17.1249 78.1594 8.01
    endloop
  endfacet
  facet normal -0.573396 0.819278 0
    outer loop
      vertex 16.875 77.9845 8.01
      vertex 17.1249 78.1594 5
      vertex 16.875 77.9845 5
    endloop
  endfacet
  facet normal -0.573396 -0.819278 0
    outer loop
      vertex 16.875 81.0155 5
      vertex 17.1249 80.8406 8.01
      vertex 16.875 81.0155 8.01
    endloop
  endfacet
  facet normal -0.573396 -0.819278 -0
    outer loop
      vertex 17.1249 80.8406 8.01
      vertex 16.875 81.0155 5
      vertex 17.1249 80.8406 5
    endloop
  endfacet
  facet normal 0.965957 0.258703 0
    outer loop
      vertex 14.3555 78.9015 8.01
      vertex 14.2766 79.1961 5
      vertex 14.2766 79.1961 8.01
    endloop
  endfacet
  facet normal 0.965957 0.258703 0
    outer loop
      vertex 14.2766 79.1961 5
      vertex 14.3555 78.9015 8.01
      vertex 14.3555 78.9015 5
    endloop
  endfacet
  facet normal 0.906225 0.422796 0
    outer loop
      vertex 14.4845 78.625 8.01
      vertex 14.3555 78.9015 5
      vertex 14.3555 78.9015 8.01
    endloop
  endfacet
  facet normal 0.906225 0.422796 0
    outer loop
      vertex 14.3555 78.9015 5
      vertex 14.4845 78.625 8.01
      vertex 14.4845 78.625 5
    endloop
  endfacet
  facet normal 0.819278 0.573396 0
    outer loop
      vertex 14.6594 78.3751 8.01
      vertex 14.4845 78.625 5
      vertex 14.4845 78.625 8.01
    endloop
  endfacet
  facet normal 0.819278 0.573396 0
    outer loop
      vertex 14.4845 78.625 5
      vertex 14.6594 78.3751 8.01
      vertex 14.6594 78.3751 5
    endloop
  endfacet
  facet normal 0.258703 0.965957 -0
    outer loop
      vertex 15.6961 77.7766 5
      vertex 15.4015 77.8555 8.01
      vertex 15.6961 77.7766 8.01
    endloop
  endfacet
  facet normal 0.258703 0.965957 0
    outer loop
      vertex 15.4015 77.8555 8.01
      vertex 15.6961 77.7766 5
      vertex 15.4015 77.8555 5
    endloop
  endfacet
  facet normal 0.573396 0.819278 -0
    outer loop
      vertex 15.125 77.9845 5
      vertex 14.8751 78.1594 8.01
      vertex 15.125 77.9845 8.01
    endloop
  endfacet
  facet normal 0.573396 0.819278 0
    outer loop
      vertex 14.8751 78.1594 8.01
      vertex 15.125 77.9845 5
      vertex 14.8751 78.1594 5
    endloop
  endfacet
  facet normal -0.422796 0.906225 0
    outer loop
      vertex 16.875 77.9845 5
      vertex 16.5985 77.8555 8.01
      vertex 16.875 77.9845 8.01
    endloop
  endfacet
  facet normal -0.422796 0.906225 0
    outer loop
      vertex 16.5985 77.8555 8.01
      vertex 16.875 77.9845 5
      vertex 16.5985 77.8555 5
    endloop
  endfacet
  facet normal -0.258703 -0.965957 0
    outer loop
      vertex 16.3039 81.2234 5
      vertex 16.5985 81.1445 8.01
      vertex 16.3039 81.2234 8.01
    endloop
  endfacet
  facet normal -0.258703 -0.965957 -0
    outer loop
      vertex 16.5985 81.1445 8.01
      vertex 16.3039 81.2234 5
      vertex 16.5985 81.1445 5
    endloop
  endfacet
  facet normal 0.906225 -0.422796 0
    outer loop
      vertex 14.3555 80.0985 8.01
      vertex 14.4845 80.375 5
      vertex 14.4845 80.375 8.01
    endloop
  endfacet
  facet normal 0.906225 -0.422796 0
    outer loop
      vertex 14.4845 80.375 5
      vertex 14.3555 80.0985 8.01
      vertex 14.3555 80.0985 5
    endloop
  endfacet
  facet normal 0.0871954 0.996191 -0
    outer loop
      vertex 16 77.75 5
      vertex 15.6961 77.7766 8.01
      vertex 16 77.75 8.01
    endloop
  endfacet
  facet normal 0.0871954 0.996191 0
    outer loop
      vertex 15.6961 77.7766 8.01
      vertex 16 77.75 5
      vertex 15.6961 77.7766 5
    endloop
  endfacet
  facet normal 0.819278 -0.573396 0
    outer loop
      vertex 14.4845 80.375 8.01
      vertex 14.6594 80.6249 5
      vertex 14.6594 80.6249 8.01
    endloop
  endfacet
  facet normal 0.819278 -0.573396 0
    outer loop
      vertex 14.6594 80.6249 5
      vertex 14.4845 80.375 8.01
      vertex 14.4845 80.375 5
    endloop
  endfacet
  facet normal 0.707107 -0.707107 0
    outer loop
      vertex 14.6594 80.6249 5
      vertex 14.8751 80.8406 8.01
      vertex 14.6594 80.6249 8.01
    endloop
  endfacet
  facet normal 0.707107 -0.707107 0
    outer loop
      vertex 14.8751 80.8406 8.01
      vertex 14.6594 80.6249 5
      vertex 14.8751 80.8406 5
    endloop
  endfacet
  facet normal -0.855096 -0.0747151 0.513058
    outer loop
      vertex 18.3087 79.904 9
      vertex 17.75 79.5 8.01
      vertex 18.344 79.5 9
    endloop
  endfacet
  facet normal 0.221179 -0.829421 0.512973
    outer loop
      vertex 15.4015 81.1445 8.01
      vertex 15.2013 81.7034 9
      vertex 15.1983 81.7026 9
    endloop
  endfacet
  facet normal 0.222067 -0.829162 0.513007
    outer loop
      vertex 15.2013 81.7034 9
      vertex 15.4015 81.1445 8.01
      vertex 15.6961 81.2234 8.01
    endloop
  endfacet
  facet normal 0.777882 -0.3628 0.513103
    outer loop
      vertex 13.97 80.672 9
      vertex 13.7986 80.3045 9
      vertex 14.4845 80.375 8.01
    endloop
  endfacet
  facet normal -0.703234 0.492179 0.513051
    outer loop
      vertex 17.3406 78.3751 8.01
      vertex 17.7974 77.9958 9
      vertex 17.5155 78.625 8.01
    endloop
  endfacet
  facet normal -0.696401 0.501409 0.513435
    outer loop
      vertex 17.7974 77.9958 9
      vertex 17.3406 78.3751 8.01
      vertex 17.7956 77.9933 9
    endloop
  endfacet
  facet normal -0.696401 -0.501409 0.513435
    outer loop
      vertex 17.3406 80.6249 8.01
      vertex 17.7974 81.0042 9
      vertex 17.7956 81.0067 9
    endloop
  endfacet
  facet normal -0.703234 -0.492179 0.513051
    outer loop
      vertex 17.7974 81.0042 9
      vertex 17.3406 80.6249 8.01
      vertex 17.5155 80.375 8.01
    endloop
  endfacet
  facet normal -0.827338 -0.228231 0.513247
    outer loop
      vertex 17.6445 80.0985 8.01
      vertex 18.2034 80.2988 9
      vertex 18.2026 80.3017 9
    endloop
  endfacet
  facet normal -0.829153 -0.222064 0.513023
    outer loop
      vertex 18.2034 80.2988 9
      vertex 17.6445 80.0985 8.01
      vertex 17.7234 79.8039 8.01
    endloop
  endfacet
  facet normal 0.853862 -0.0853862 0.513447
    outer loop
      vertex 13.6913 79.904 9
      vertex 14.2766 79.8039 8.01
      vertex 13.6916 79.907 9
    endloop
  endfacet
  facet normal 0.855064 -0.0748428 0.513092
    outer loop
      vertex 14.2766 79.8039 8.01
      vertex 13.6913 79.904 9
      vertex 14.25 79.5 8.01
    endloop
  endfacet
  facet normal 0.785111 0.336476 0.519986
    outer loop
      vertex 14.4845 78.625 8.01
      vertex 13.7974 78.6983 9
      vertex 13.7986 78.6955 9
    endloop
  endfacet
  facet normal 0.777886 0.36292 0.513014
    outer loop
      vertex 13.7974 78.6983 9
      vertex 14.4845 78.625 8.01
      vertex 14.3555 78.9015 8.01
    endloop
  endfacet
  facet normal -0.0853862 0.853862 0.513447
    outer loop
      vertex 16.3039 77.7766 8.01
      vertex 16.404 77.1913 9
      vertex 16.407 77.1916 9
    endloop
  endfacet
  facet normal -0.0748428 0.855064 0.513092
    outer loop
      vertex 16.404 77.1913 9
      vertex 16.3039 77.7766 8.01
      vertex 16 77.75 8.01
    endloop
  endfacet
  facet normal 0.829096 0.222193 0.51306
    outer loop
      vertex 14.2766 79.1961 8.01
      vertex 13.6916 79.093 9
      vertex 13.7966 78.7012 9
    endloop
  endfacet
  facet normal 0.492179 0.703234 0.513051
    outer loop
      vertex 14.8751 78.1594 8.01
      vertex 14.4958 77.7026 9
      vertex 15.125 77.9845 8.01
    endloop
  endfacet
  facet normal 0.501409 0.696401 0.513435
    outer loop
      vertex 14.4958 77.7026 9
      vertex 14.8751 78.1594 8.01
      vertex 14.4933 77.7044 9
    endloop
  endfacet
  facet normal 0.0853862 -0.853862 0.513447
    outer loop
      vertex 15.6961 81.2234 8.01
      vertex 15.596 81.8087 9
      vertex 15.593 81.8084 9
    endloop
  endfacet
  facet normal 0.0748428 -0.855064 0.513092
    outer loop
      vertex 15.596 81.8087 9
      vertex 15.6961 81.2234 8.01
      vertex 16 81.25 8.01
    endloop
  endfacet
  facet normal -0.829096 -0.222193 0.51306
    outer loop
      vertex 18.2034 80.2988 9
      vertex 17.7234 79.8039 8.01
      vertex 18.3084 79.907 9
    endloop
  endfacet
  facet normal -0.606958 -0.606958 0.513033
    outer loop
      vertex 17.1249 80.8406 8.01
      vertex 17.7956 81.0067 9
      vertex 17.5067 81.2956 9
    endloop
  endfacet
  facet normal -0.606958 -0.606958 0.513033
    outer loop
      vertex 17.7956 81.0067 9
      vertex 17.1249 80.8406 8.01
      vertex 17.3406 80.6249 8.01
    endloop
  endfacet
  facet normal -0.492306 -0.703112 0.513097
    outer loop
      vertex 17.172 81.53 9
      vertex 16.875 81.0155 8.01
      vertex 17.5042 81.2974 9
    endloop
  endfacet
  facet normal -0.222067 -0.829162 0.513007
    outer loop
      vertex 16.5985 81.1445 8.01
      vertex 16.7987 81.7034 9
      vertex 16.3039 81.2234 8.01
    endloop
  endfacet
  facet normal -0.221179 -0.829421 0.512973
    outer loop
      vertex 16.7987 81.7034 9
      vertex 16.5985 81.1445 8.01
      vertex 16.8017 81.7026 9
    endloop
  endfacet
  facet normal -0.36292 -0.777886 0.513014
    outer loop
      vertex 16.875 81.0155 8.01
      vertex 16.8017 81.7026 9
      vertex 16.5985 81.1445 8.01
    endloop
  endfacet
  facet normal -0.361367 -0.77833 0.513436
    outer loop
      vertex 16.8017 81.7026 9
      vertex 16.875 81.0155 8.01
      vertex 16.8045 81.7013 9
    endloop
  endfacet
  facet normal -0.855096 0.0747151 0.513058
    outer loop
      vertex 18.344 79.5 9
      vertex 17.75 79.5 8.01
      vertex 18.3087 79.096 9
    endloop
  endfacet
  facet normal 0.855064 0.0748428 0.513092
    outer loop
      vertex 13.6913 79.096 9
      vertex 14.2766 79.1961 8.01
      vertex 14.25 79.5 8.01
    endloop
  endfacet
  facet normal 0.853862 0.0853862 0.513447
    outer loop
      vertex 14.2766 79.1961 8.01
      vertex 13.6913 79.096 9
      vertex 13.6916 79.093 9
    endloop
  endfacet
  facet normal 0.703112 -0.492306 0.513097
    outer loop
      vertex 14.2026 81.0042 9
      vertex 13.97 80.672 9
      vertex 14.4845 80.375 8.01
    endloop
  endfacet
  facet normal -0.777968 -0.362628 0.513096
    outer loop
      vertex 18.03 80.672 9
      vertex 17.5155 80.375 8.01
      vertex 18.2013 80.3045 9
    endloop
  endfacet
  facet normal -0.703112 0.492306 0.513097
    outer loop
      vertex 18.03 78.328 9
      vertex 17.5155 78.625 8.01
      vertex 17.7974 77.9958 9
    endloop
  endfacet
  facet normal 0.855096 -0.0747151 0.513058
    outer loop
      vertex 13.6913 79.904 9
      vertex 13.656 79.5 9
      vertex 14.25 79.5 8.01
    endloop
  endfacet
  facet normal 0.362628 -0.777968 0.513096
    outer loop
      vertex 15.1955 81.7013 9
      vertex 14.828 81.53 9
      vertex 15.125 81.0155 8.01
    endloop
  endfacet
  facet normal -0.777886 0.36292 0.513014
    outer loop
      vertex 17.5155 78.625 8.01
      vertex 18.2026 78.6983 9
      vertex 17.6445 78.9015 8.01
    endloop
  endfacet
  facet normal -0.77833 0.361367 0.513436
    outer loop
      vertex 18.2026 78.6983 9
      vertex 17.5155 78.625 8.01
      vertex 18.2013 78.6955 9
    endloop
  endfacet
  facet normal 0.0748428 0.855064 0.513092
    outer loop
      vertex 15.6961 77.7766 8.01
      vertex 15.596 77.1913 9
      vertex 16 77.75 8.01
    endloop
  endfacet
  facet normal 0.0853862 0.853862 0.513447
    outer loop
      vertex 15.596 77.1913 9
      vertex 15.6961 77.7766 8.01
      vertex 15.593 77.1916 9
    endloop
  endfacet
  facet normal 0.501409 -0.696401 0.513435
    outer loop
      vertex 14.8751 80.8406 8.01
      vertex 14.4958 81.2974 9
      vertex 14.4933 81.2956 9
    endloop
  endfacet
  facet normal 0.492179 -0.703234 0.513051
    outer loop
      vertex 14.4958 81.2974 9
      vertex 14.8751 80.8406 8.01
      vertex 15.125 81.0155 8.01
    endloop
  endfacet
  facet normal 0.361367 -0.77833 0.513436
    outer loop
      vertex 15.125 81.0155 8.01
      vertex 15.1983 81.7026 9
      vertex 15.1955 81.7013 9
    endloop
  endfacet
  facet normal 0.36292 -0.777886 0.513014
    outer loop
      vertex 15.1983 81.7026 9
      vertex 15.125 81.0155 8.01
      vertex 15.4015 81.1445 8.01
    endloop
  endfacet
  facet normal -0.0747151 0.855096 0.513058
    outer loop
      vertex 16 77.75 8.01
      vertex 16 77.156 9
      vertex 16.404 77.1913 9
    endloop
  endfacet
  facet normal 0.0747151 0.855096 0.513058
    outer loop
      vertex 16 77.75 8.01
      vertex 15.596 77.1913 9
      vertex 16 77.156 9
    endloop
  endfacet
  facet normal -0.492179 -0.703234 0.513051
    outer loop
      vertex 17.1249 80.8406 8.01
      vertex 17.5042 81.2974 9
      vertex 16.875 81.0155 8.01
    endloop
  endfacet
  facet normal -0.501409 -0.696401 0.513435
    outer loop
      vertex 17.5042 81.2974 9
      vertex 17.1249 80.8406 8.01
      vertex 17.5067 81.2956 9
    endloop
  endfacet
  facet normal -0.77833 -0.361367 0.513436
    outer loop
      vertex 17.5155 80.375 8.01
      vertex 18.2026 80.3017 9
      vertex 18.2013 80.3045 9
    endloop
  endfacet
  facet normal -0.777886 -0.36292 0.513014
    outer loop
      vertex 18.2026 80.3017 9
      vertex 17.5155 80.375 8.01
      vertex 17.6445 80.0985 8.01
    endloop
  endfacet
  facet normal 0.0747151 -0.855096 0.513058
    outer loop
      vertex 16 81.844 9
      vertex 15.596 81.8087 9
      vertex 16 81.25 8.01
    endloop
  endfacet
  facet normal -0.362628 -0.777968 0.513096
    outer loop
      vertex 17.172 81.53 9
      vertex 16.8045 81.7013 9
      vertex 16.875 81.0155 8.01
    endloop
  endfacet
  facet normal -0.777968 0.362628 0.513096
    outer loop
      vertex 18.2013 78.6955 9
      vertex 17.5155 78.625 8.01
      vertex 18.03 78.328 9
    endloop
  endfacet
  facet normal 0.222246 -0.829083 0.513058
    outer loop
      vertex 15.593 81.8084 9
      vertex 15.2013 81.7034 9
      vertex 15.6961 81.2234 8.01
    endloop
  endfacet
  facet normal -0.703112 -0.492306 0.513097
    outer loop
      vertex 17.7974 81.0042 9
      vertex 17.5155 80.375 8.01
      vertex 18.03 80.672 9
    endloop
  endfacet
  facet normal 0.222067 0.829162 0.513007
    outer loop
      vertex 15.4015 77.8555 8.01
      vertex 15.2013 77.2966 9
      vertex 15.6961 77.7766 8.01
    endloop
  endfacet
  facet normal 0.221179 0.829421 0.512973
    outer loop
      vertex 15.2013 77.2966 9
      vertex 15.4015 77.8555 8.01
      vertex 15.1983 77.2974 9
    endloop
  endfacet
  facet normal -0.606958 0.606958 0.513033
    outer loop
      vertex 17.1249 78.1594 8.01
      vertex 17.7956 77.9933 9
      vertex 17.3406 78.3751 8.01
    endloop
  endfacet
  facet normal -0.606958 0.606958 0.513033
    outer loop
      vertex 17.7956 77.9933 9
      vertex 17.1249 78.1594 8.01
      vertex 17.5067 77.7044 9
    endloop
  endfacet
  facet normal 0.785111 -0.336476 0.519986
    outer loop
      vertex 13.7974 80.3017 9
      vertex 14.4845 80.375 8.01
      vertex 13.7986 80.3045 9
    endloop
  endfacet
  facet normal 0.777886 -0.36292 0.513014
    outer loop
      vertex 14.4845 80.375 8.01
      vertex 13.7974 80.3017 9
      vertex 14.3555 80.0985 8.01
    endloop
  endfacet
  facet normal 0.492306 -0.703112 0.513097
    outer loop
      vertex 14.828 81.53 9
      vertex 14.4958 81.2974 9
      vertex 15.125 81.0155 8.01
    endloop
  endfacet
  facet normal 0.855096 0.0747151 0.513058
    outer loop
      vertex 14.25 79.5 8.01
      vertex 13.656 79.5 9
      vertex 13.6913 79.096 9
    endloop
  endfacet
  facet normal -0.0748428 -0.855064 0.513092
    outer loop
      vertex 16.3039 81.2234 8.01
      vertex 16.404 81.8087 9
      vertex 16 81.25 8.01
    endloop
  endfacet
  facet normal -0.0853862 -0.853862 0.513447
    outer loop
      vertex 16.404 81.8087 9
      vertex 16.3039 81.2234 8.01
      vertex 16.407 81.8084 9
    endloop
  endfacet
  facet normal 0.606958 -0.606958 0.513033
    outer loop
      vertex 14.2044 81.0067 9
      vertex 14.8751 80.8406 8.01
      vertex 14.4933 81.2956 9
    endloop
  endfacet
  facet normal 0.606958 -0.606958 0.513033
    outer loop
      vertex 14.8751 80.8406 8.01
      vertex 14.2044 81.0067 9
      vertex 14.6594 80.6249 8.01
    endloop
  endfacet
  facet normal 0.696401 -0.501409 0.513435
    outer loop
      vertex 14.2026 81.0042 9
      vertex 14.6594 80.6249 8.01
      vertex 14.2044 81.0067 9
    endloop
  endfacet
  facet normal 0.703234 -0.492179 0.513051
    outer loop
      vertex 14.6594 80.6249 8.01
      vertex 14.2026 81.0042 9
      vertex 14.4845 80.375 8.01
    endloop
  endfacet
  facet normal -0.501409 0.696401 0.513435
    outer loop
      vertex 17.1249 78.1594 8.01
      vertex 17.5042 77.7026 9
      vertex 17.5067 77.7044 9
    endloop
  endfacet
  facet normal -0.492179 0.703234 0.513051
    outer loop
      vertex 17.5042 77.7026 9
      vertex 17.1249 78.1594 8.01
      vertex 16.875 77.9845 8.01
    endloop
  endfacet
  facet normal -0.361367 0.77833 0.513436
    outer loop
      vertex 16.875 77.9845 8.01
      vertex 16.8017 77.2974 9
      vertex 16.8045 77.2987 9
    endloop
  endfacet
  facet normal -0.36292 0.777886 0.513014
    outer loop
      vertex 16.8017 77.2974 9
      vertex 16.875 77.9845 8.01
      vertex 16.5985 77.8555 8.01
    endloop
  endfacet
  facet normal 0.492306 0.703112 0.513097
    outer loop
      vertex 15.125 77.9845 8.01
      vertex 14.4958 77.7026 9
      vertex 14.828 77.47 9
    endloop
  endfacet
  facet normal -0.222246 0.829083 0.513058
    outer loop
      vertex 16.7987 77.2966 9
      vertex 16.3039 77.7766 8.01
      vertex 16.407 77.1916 9
    endloop
  endfacet
  facet normal 0.829096 -0.222193 0.51306
    outer loop
      vertex 13.7966 80.2988 9
      vertex 13.6916 79.907 9
      vertex 14.2766 79.8039 8.01
    endloop
  endfacet
  facet normal -0.362628 0.777968 0.513096
    outer loop
      vertex 16.875 77.9845 8.01
      vertex 16.8045 77.2987 9
      vertex 17.172 77.47 9
    endloop
  endfacet
  facet normal -0.492306 0.703112 0.513097
    outer loop
      vertex 17.5042 77.7026 9
      vertex 16.875 77.9845 8.01
      vertex 17.172 77.47 9
    endloop
  endfacet
  facet normal 0.829153 0.222064 0.513023
    outer loop
      vertex 13.7966 78.7012 9
      vertex 14.3555 78.9015 8.01
      vertex 14.2766 79.1961 8.01
    endloop
  endfacet
  facet normal 0.827338 0.228231 0.513247
    outer loop
      vertex 14.3555 78.9015 8.01
      vertex 13.7966 78.7012 9
      vertex 13.7974 78.6983 9
    endloop
  endfacet
  facet normal 0.222246 0.829083 0.513058
    outer loop
      vertex 15.6961 77.7766 8.01
      vertex 15.2013 77.2966 9
      vertex 15.593 77.1916 9
    endloop
  endfacet
  facet normal 0.36292 0.777886 0.513014
    outer loop
      vertex 15.125 77.9845 8.01
      vertex 15.1983 77.2974 9
      vertex 15.4015 77.8555 8.01
    endloop
  endfacet
  facet normal 0.361367 0.77833 0.513436
    outer loop
      vertex 15.1983 77.2974 9
      vertex 15.125 77.9845 8.01
      vertex 15.1955 77.2987 9
    endloop
  endfacet
  facet normal -0.0747151 -0.855096 0.513058
    outer loop
      vertex 16 81.844 9
      vertex 16 81.25 8.01
      vertex 16.404 81.8087 9
    endloop
  endfacet
  facet normal 0.362628 0.777968 0.513096
    outer loop
      vertex 15.125 77.9845 8.01
      vertex 14.828 77.47 9
      vertex 15.1955 77.2987 9
    endloop
  endfacet
  facet normal 0.606958 0.606958 0.513033
    outer loop
      vertex 14.2044 77.9933 9
      vertex 14.8751 78.1594 8.01
      vertex 14.6594 78.3751 8.01
    endloop
  endfacet
  facet normal 0.606958 0.606958 0.513033
    outer loop
      vertex 14.8751 78.1594 8.01
      vertex 14.2044 77.9933 9
      vertex 14.4933 77.7044 9
    endloop
  endfacet
  facet normal 0.777882 0.3628 0.513103
    outer loop
      vertex 14.4845 78.625 8.01
      vertex 13.7986 78.6955 9
      vertex 13.97 78.328 9
    endloop
  endfacet
  facet normal -0.829153 0.222064 0.513023
    outer loop
      vertex 17.6445 78.9015 8.01
      vertex 18.2034 78.7012 9
      vertex 17.7234 79.1961 8.01
    endloop
  endfacet
  facet normal -0.827338 0.228231 0.513247
    outer loop
      vertex 18.2034 78.7012 9
      vertex 17.6445 78.9015 8.01
      vertex 18.2026 78.6983 9
    endloop
  endfacet
  facet normal -0.853862 -0.0853862 0.513447
    outer loop
      vertex 17.7234 79.8039 8.01
      vertex 18.3087 79.904 9
      vertex 18.3084 79.907 9
    endloop
  endfacet
  facet normal -0.855064 -0.0748428 0.513092
    outer loop
      vertex 18.3087 79.904 9
      vertex 17.7234 79.8039 8.01
      vertex 17.75 79.5 8.01
    endloop
  endfacet
  facet normal -0.829096 0.222193 0.51306
    outer loop
      vertex 18.3084 79.093 9
      vertex 17.7234 79.1961 8.01
      vertex 18.2034 78.7012 9
    endloop
  endfacet
  facet normal -0.855064 0.0748428 0.513092
    outer loop
      vertex 17.7234 79.1961 8.01
      vertex 18.3087 79.096 9
      vertex 17.75 79.5 8.01
    endloop
  endfacet
  facet normal -0.853862 0.0853862 0.513447
    outer loop
      vertex 18.3087 79.096 9
      vertex 17.7234 79.1961 8.01
      vertex 18.3084 79.093 9
    endloop
  endfacet
  facet normal 0.703112 0.492306 0.513097
    outer loop
      vertex 14.4845 78.625 8.01
      vertex 13.97 78.328 9
      vertex 14.2026 77.9958 9
    endloop
  endfacet
  facet normal 0.703234 0.492179 0.513051
    outer loop
      vertex 14.2026 77.9958 9
      vertex 14.6594 78.3751 8.01
      vertex 14.4845 78.625 8.01
    endloop
  endfacet
  facet normal 0.696401 0.501409 0.513435
    outer loop
      vertex 14.6594 78.3751 8.01
      vertex 14.2026 77.9958 9
      vertex 14.2044 77.9933 9
    endloop
  endfacet
  facet normal -0.222246 -0.829083 0.513058
    outer loop
      vertex 16.407 81.8084 9
      vertex 16.3039 81.2234 8.01
      vertex 16.7987 81.7034 9
    endloop
  endfacet
  facet normal 0.827338 -0.228231 0.513247
    outer loop
      vertex 13.7966 80.2988 9
      vertex 14.3555 80.0985 8.01
      vertex 13.7974 80.3017 9
    endloop
  endfacet
  facet normal 0.829153 -0.222064 0.513023
    outer loop
      vertex 14.3555 80.0985 8.01
      vertex 13.7966 80.2988 9
      vertex 14.2766 79.8039 8.01
    endloop
  endfacet
  facet normal -0.221179 0.829421 0.512973
    outer loop
      vertex 16.5985 77.8555 8.01
      vertex 16.7987 77.2966 9
      vertex 16.8017 77.2974 9
    endloop
  endfacet
  facet normal -0.222067 0.829162 0.513007
    outer loop
      vertex 16.7987 77.2966 9
      vertex 16.5985 77.8555 8.01
      vertex 16.3039 77.7766 8.01
    endloop
  endfacet
  facet normal 0.965958 -0.258698 0
    outer loop
      vertex 18.8191 78.4739 9
      vertex 18.9544 78.9791 5
      vertex 18.9544 78.9791 9
    endloop
  endfacet
  facet normal 0.965958 -0.258698 0
    outer loop
      vertex 18.9544 78.9791 5
      vertex 18.8191 78.4739 9
      vertex 18.8191 78.4739 5
    endloop
  endfacet
  facet normal 0.965958 0.258698 0
    outer loop
      vertex 18.9544 80.0209 9
      vertex 18.8191 80.5261 5
      vertex 18.8191 80.5261 9
    endloop
  endfacet
  facet normal 0.965958 0.258698 0
    outer loop
      vertex 18.8191 80.5261 5
      vertex 18.9544 80.0209 9
      vertex 18.9544 80.0209 5
    endloop
  endfacet
  facet normal 0.99619 0.0872073 0
    outer loop
      vertex 19 79.5 9
      vertex 18.9544 80.0209 5
      vertex 18.9544 80.0209 9
    endloop
  endfacet
  facet normal 0.99619 0.0872073 0
    outer loop
      vertex 18.9544 80.0209 5
      vertex 19 79.5 9
      vertex 19 79.5 5
    endloop
  endfacet
  facet normal 0.906295 0.422645 0
    outer loop
      vertex 18.8191 80.5261 9
      vertex 18.5981 81 5
      vertex 18.5981 81 9
    endloop
  endfacet
  facet normal 0.906295 0.422645 0
    outer loop
      vertex 18.5981 81 5
      vertex 18.8191 80.5261 9
      vertex 18.8191 80.5261 5
    endloop
  endfacet
  facet normal -0.965936 -0.258781 -0
    outer loop
      vertex 13.1507 78.5868 5.01
      vertex 13.0456 78.9791 5
      vertex 13.1507 78.5868 5
    endloop
  endfacet
  facet normal -0.965936 -0.258781 0
    outer loop
      vertex 13.0456 78.9791 5
      vertex 13.1507 78.5868 5.01
      vertex 13.0456 78.9791 9
    endloop
  endfacet
  facet normal -0.966036 -0.258408 -0
    outer loop
      vertex 13.1809 78.4739 9
      vertex 13.1507 78.5868 5.01
      vertex 13.1809 78.4739 5.01
    endloop
  endfacet
  facet normal -0.965958 -0.258698 -8.78384e-06
    outer loop
      vertex 13.1507 78.5868 5.01
      vertex 13.1809 78.4739 9
      vertex 13.0456 78.9791 9
    endloop
  endfacet
  facet normal -0.819124 0.573616 0
    outer loop
      vertex 13.4019 81 5
      vertex 13.7019 81.4284 9
      vertex 13.7019 81.4284 5
    endloop
  endfacet
  facet normal -0.819124 0.573616 0
    outer loop
      vertex 13.7019 81.4284 9
      vertex 13.4019 81 5
      vertex 13.4019 81 9
    endloop
  endfacet
  facet normal -0.422645 0.906295 0
    outer loop
      vertex 14.9739 82.3191 5
      vertex 14.5 82.0981 9
      vertex 14.9739 82.3191 9
    endloop
  endfacet
  facet normal -0.422645 0.906295 0
    outer loop
      vertex 14.5 82.0981 9
      vertex 14.9739 82.3191 5
      vertex 14.5 82.0981 5
    endloop
  endfacet
  facet normal -0.573616 -0.819124 0
    outer loop
      vertex 14.0716 77.2019 5.01
      vertex 14.5 76.9019 9
      vertex 14.0716 77.2019 9
    endloop
  endfacet
  facet normal -0.573616 -0.819124 -0
    outer loop
      vertex 14.5 76.9019 9
      vertex 14.0716 77.2019 5.01
      vertex 14.5 76.9019 5.01
    endloop
  endfacet
  facet normal -0.0872073 -0.99619 0
    outer loop
      vertex 15.4791 76.5456 5
      vertex 16 76.5 9
      vertex 15.4791 76.5456 9
    endloop
  endfacet
  facet normal -0.0872073 -0.99619 -0
    outer loop
      vertex 16 76.5 9
      vertex 15.4791 76.5456 5
      vertex 16 76.5 5
    endloop
  endfacet
  facet normal 0.0872073 -0.99619 0
    outer loop
      vertex 16 76.5 5
      vertex 16.5209 76.5456 9
      vertex 16 76.5 9
    endloop
  endfacet
  facet normal 0.0872073 -0.99619 0
    outer loop
      vertex 16.5209 76.5456 9
      vertex 16 76.5 5
      vertex 16.5209 76.5456 5
    endloop
  endfacet
  facet normal 0.906295 -0.422645 0
    outer loop
      vertex 18.5981 78 9
      vertex 18.8191 78.4739 5
      vertex 18.8191 78.4739 9
    endloop
  endfacet
  facet normal 0.906295 -0.422645 0
    outer loop
      vertex 18.8191 78.4739 5
      vertex 18.5981 78 9
      vertex 18.5981 78 5
    endloop
  endfacet
  facet normal 0.707107 0.707107 0
    outer loop
      vertex 18.2981 81.4284 9
      vertex 17.9284 81.7981 5
      vertex 17.9284 81.7981 9
    endloop
  endfacet
  facet normal 0.707107 0.707107 0
    outer loop
      vertex 17.9284 81.7981 5
      vertex 18.2981 81.4284 9
      vertex 18.2981 81.4284 5
    endloop
  endfacet
  facet normal 0.707107 -0.707107 0
    outer loop
      vertex 17.9284 77.2019 9
      vertex 18.2981 77.5716 5
      vertex 18.2981 77.5716 9
    endloop
  endfacet
  facet normal 0.707107 -0.707107 0
    outer loop
      vertex 18.2981 77.5716 5
      vertex 17.9284 77.2019 9
      vertex 17.9284 77.2019 5
    endloop
  endfacet
  facet normal -0.99619 0.0872073 0
    outer loop
      vertex 13 79.5 5
      vertex 13.0456 80.0209 9
      vertex 13.0456 80.0209 5
    endloop
  endfacet
  facet normal -0.99619 0.0872073 0
    outer loop
      vertex 13.0456 80.0209 9
      vertex 13 79.5 5
      vertex 13 79.5 9
    endloop
  endfacet
  facet normal 0.258698 0.965958 -0
    outer loop
      vertex 17.0261 82.3191 5
      vertex 16.5209 82.4544 9
      vertex 17.0261 82.3191 9
    endloop
  endfacet
  facet normal 0.258698 0.965958 0
    outer loop
      vertex 16.5209 82.4544 9
      vertex 17.0261 82.3191 5
      vertex 16.5209 82.4544 5
    endloop
  endfacet
  facet normal -0.99619 -0.0872073 0
    outer loop
      vertex 13.0456 78.9791 5
      vertex 13 79.5 9
      vertex 13 79.5 5
    endloop
  endfacet
  facet normal -0.99619 -0.0872073 0
    outer loop
      vertex 13 79.5 9
      vertex 13.0456 78.9791 5
      vertex 13.0456 78.9791 9
    endloop
  endfacet
  facet normal 0.819124 -0.573616 0
    outer loop
      vertex 18.2981 77.5716 9
      vertex 18.5981 78 5
      vertex 18.5981 78 9
    endloop
  endfacet
  facet normal 0.819124 -0.573616 0
    outer loop
      vertex 18.5981 78 5
      vertex 18.2981 77.5716 9
      vertex 18.2981 77.5716 5
    endloop
  endfacet
  facet normal -0.258698 -0.965958 0
    outer loop
      vertex 14.9739 76.6809 5
      vertex 15.4791 76.5456 9
      vertex 14.9739 76.6809 9
    endloop
  endfacet
  facet normal -0.258698 -0.965958 -0
    outer loop
      vertex 15.4791 76.5456 9
      vertex 14.9739 76.6809 5
      vertex 15.4791 76.5456 5
    endloop
  endfacet
  facet normal 0.422645 -0.906295 0
    outer loop
      vertex 17.0261 76.6809 5
      vertex 17.5 76.9019 9
      vertex 17.0261 76.6809 9
    endloop
  endfacet
  facet normal 0.422645 -0.906295 0
    outer loop
      vertex 17.5 76.9019 9
      vertex 17.0261 76.6809 5
      vertex 17.5 76.9019 5
    endloop
  endfacet
  facet normal -0.573616 0.819124 0
    outer loop
      vertex 14.5 82.0981 5
      vertex 14.0716 81.7981 9
      vertex 14.5 82.0981 9
    endloop
  endfacet
  facet normal -0.573616 0.819124 0
    outer loop
      vertex 14.0716 81.7981 9
      vertex 14.5 82.0981 5
      vertex 14.0716 81.7981 5
    endloop
  endfacet
  facet normal 0.819124 0.573616 0
    outer loop
      vertex 18.5981 81 9
      vertex 18.2981 81.4284 5
      vertex 18.2981 81.4284 9
    endloop
  endfacet
  facet normal 0.819124 0.573616 0
    outer loop
      vertex 18.2981 81.4284 5
      vertex 18.5981 81 9
      vertex 18.5981 81 5
    endloop
  endfacet
  facet normal 0.422645 0.906295 -0
    outer loop
      vertex 17.5 82.0981 5
      vertex 17.0261 82.3191 9
      vertex 17.5 82.0981 9
    endloop
  endfacet
  facet normal 0.422645 0.906295 0
    outer loop
      vertex 17.0261 82.3191 9
      vertex 17.5 82.0981 5
      vertex 17.0261 82.3191 5
    endloop
  endfacet
  facet normal 0.258698 -0.965958 0
    outer loop
      vertex 16.5209 76.5456 5
      vertex 17.0261 76.6809 9
      vertex 16.5209 76.5456 9
    endloop
  endfacet
  facet normal 0.258698 -0.965958 0
    outer loop
      vertex 17.0261 76.6809 9
      vertex 16.5209 76.5456 5
      vertex 17.0261 76.6809 5
    endloop
  endfacet
  facet normal 0 0 1
    outer loop
      vertex 18.344 79.5 9
      vertex 19 79.5 9
      vertex 18.9544 80.0209 9
    endloop
  endfacet
  facet normal 0 0 1
    outer loop
      vertex 18.3084 79.907 9
      vertex 18.9544 80.0209 9
      vertex 18.8191 80.5261 9
    endloop
  endfacet
  facet normal 0 0 1
    outer loop
      vertex 19 79.5 9
      vertex 18.344 79.5 9
      vertex 18.9544 78.9791 9
    endloop
  endfacet
  facet normal 0 0 1
    outer loop
      vertex 18.2013 80.3045 9
      vertex 18.8191 80.5261 9
      vertex 18.5981 81 9
    endloop
  endfacet
  facet normal -0 0 1
    outer loop
      vertex 18.3087 79.096 9
      vertex 18.9544 78.9791 9
      vertex 18.344 79.5 9
    endloop
  endfacet
  facet normal -0 0 1
    outer loop
      vertex 18.3084 79.093 9
      vertex 18.9544 78.9791 9
      vertex 18.3087 79.096 9
    endloop
  endfacet
  facet normal 0 0 1
    outer loop
      vertex 18.9544 80.0209 9
      vertex 18.3087 79.904 9
      vertex 18.344 79.5 9
    endloop
  endfacet
  facet normal 0 0 1
    outer loop
      vertex 18.9544 80.0209 9
      vertex 18.3084 79.907 9
      vertex 18.3087 79.904 9
    endloop
  endfacet
  facet normal 0 0 1
    outer loop
      vertex 18.03 80.672 9
      vertex 18.5981 81 9
      vertex 18.2981 81.4284 9
    endloop
  endfacet
  facet normal 0 0 1
    outer loop
      vertex 18.8191 80.5261 9
      vertex 18.2034 80.2988 9
      vertex 18.3084 79.907 9
    endloop
  endfacet
  facet normal 0 0 1
    outer loop
      vertex 18.8191 80.5261 9
      vertex 18.2026 80.3017 9
      vertex 18.2034 80.2988 9
    endloop
  endfacet
  facet normal 0 0 1
    outer loop
      vertex 18.8191 80.5261 9
      vertex 18.2013 80.3045 9
      vertex 18.2026 80.3017 9
    endloop
  endfacet
  facet normal 0 0 1
    outer loop
      vertex 18.5981 81 9
      vertex 18.03 80.672 9
      vertex 18.2013 80.3045 9
    endloop
  endfacet
  facet normal 0 0 1
    outer loop
      vertex 17.7956 81.0067 9
      vertex 18.2981 81.4284 9
      vertex 17.9284 81.7981 9
    endloop
  endfacet
  facet normal 0 0 1
    outer loop
      vertex 18.2981 81.4284 9
      vertex 17.7974 81.0042 9
      vertex 18.03 80.672 9
    endloop
  endfacet
  facet normal 0 0 1
    outer loop
      vertex 18.2981 81.4284 9
      vertex 17.7956 81.0067 9
      vertex 17.7974 81.0042 9
    endloop
  endfacet
  facet normal 0 0 1
    outer loop
      vertex 17.9284 81.7981 9
      vertex 17.5067 81.2956 9
      vertex 17.7956 81.0067 9
    endloop
  endfacet
  facet normal 0 0 1
    outer loop
      vertex 17.9284 81.7981 9
      vertex 17.5042 81.2974 9
      vertex 17.5067 81.2956 9
    endloop
  endfacet
  facet normal 0 0 1
    outer loop
      vertex 17.5 82.0981 9
      vertex 17.5042 81.2974 9
      vertex 17.9284 81.7981 9
    endloop
  endfacet
  facet normal 0 0 1
    outer loop
      vertex 17.5 82.0981 9
      vertex 17.172 81.53 9
      vertex 17.5042 81.2974 9
    endloop
  endfacet
  facet normal 0 0 1
    outer loop
      vertex 17.0261 82.3191 9
      vertex 17.172 81.53 9
      vertex 17.5 82.0981 9
    endloop
  endfacet
  facet normal 0 0 1
    outer loop
      vertex 17.0261 82.3191 9
      vertex 16.8045 81.7013 9
      vertex 17.172 81.53 9
    endloop
  endfacet
  facet normal 0 0 1
    outer loop
      vertex 17.0261 82.3191 9
      vertex 16.8017 81.7026 9
      vertex 16.8045 81.7013 9
    endloop
  endfacet
  facet normal 0 0 1
    outer loop
      vertex 17.0261 82.3191 9
      vertex 16.7987 81.7034 9
      vertex 16.8017 81.7026 9
    endloop
  endfacet
  facet normal 0 0 1
    outer loop
      vertex 16.5209 82.4544 9
      vertex 16.7987 81.7034 9
      vertex 17.0261 82.3191 9
    endloop
  endfacet
  facet normal 0 0 1
    outer loop
      vertex 16.5209 82.4544 9
      vertex 16.407 81.8084 9
      vertex 16.7987 81.7034 9
    endloop
  endfacet
  facet normal 0 0 1
    outer loop
      vertex 16.5209 82.4544 9
      vertex 16.404 81.8087 9
      vertex 16.407 81.8084 9
    endloop
  endfacet
  facet normal 0 0 1
    outer loop
      vertex 16 82.5 9
      vertex 16.404 81.8087 9
      vertex 16.5209 82.4544 9
    endloop
  endfacet
  facet normal 0 0 1
    outer loop
      vertex 16 82.5 9
      vertex 16 81.844 9
      vertex 16.404 81.8087 9
    endloop
  endfacet
  facet normal 0 0 1
    outer loop
      vertex 16 82.5 9
      vertex 15.596 81.8087 9
      vertex 16 81.844 9
    endloop
  endfacet
  facet normal -0 0 1
    outer loop
      vertex 15.4791 82.4544 9
      vertex 15.596 81.8087 9
      vertex 16 82.5 9
    endloop
  endfacet
  facet normal 0 0 1
    outer loop
      vertex 15.596 81.8087 9
      vertex 15.4791 82.4544 9
      vertex 15.593 81.8084 9
    endloop
  endfacet
  facet normal 0 0 1
    outer loop
      vertex 15.4791 82.4544 9
      vertex 15.2013 81.7034 9
      vertex 15.593 81.8084 9
    endloop
  endfacet
  facet normal -0 0 1
    outer loop
      vertex 14.9739 82.3191 9
      vertex 15.2013 81.7034 9
      vertex 15.4791 82.4544 9
    endloop
  endfacet
  facet normal 0 0 1
    outer loop
      vertex 15.2013 81.7034 9
      vertex 14.9739 82.3191 9
      vertex 15.1983 81.7026 9
    endloop
  endfacet
  facet normal 0 0 1
    outer loop
      vertex 15.1983 81.7026 9
      vertex 14.9739 82.3191 9
      vertex 15.1955 81.7013 9
    endloop
  endfacet
  facet normal 0 0 1
    outer loop
      vertex 14.9739 82.3191 9
      vertex 14.828 81.53 9
      vertex 15.1955 81.7013 9
    endloop
  endfacet
  facet normal -0 0 1
    outer loop
      vertex 14.5 82.0981 9
      vertex 14.828 81.53 9
      vertex 14.9739 82.3191 9
    endloop
  endfacet
  facet normal 0 0 1
    outer loop
      vertex 14.5 82.0981 9
      vertex 14.4958 81.2974 9
      vertex 14.828 81.53 9
    endloop
  endfacet
  facet normal -0 0 1
    outer loop
      vertex 14.0716 81.7981 9
      vertex 14.4958 81.2974 9
      vertex 14.5 82.0981 9
    endloop
  endfacet
  facet normal 0 0 1
    outer loop
      vertex 14.4958 81.2974 9
      vertex 14.0716 81.7981 9
      vertex 14.4933 81.2956 9
    endloop
  endfacet
  facet normal 0 0 1
    outer loop
      vertex 14.4933 81.2956 9
      vertex 14.0716 81.7981 9
      vertex 14.2044 81.0067 9
    endloop
  endfacet
  facet normal -0 0 1
    outer loop
      vertex 13.7019 81.4284 9
      vertex 14.2044 81.0067 9
      vertex 14.0716 81.7981 9
    endloop
  endfacet
  facet normal 0 0 1
    outer loop
      vertex 14.2044 81.0067 9
      vertex 13.7019 81.4284 9
      vertex 14.2026 81.0042 9
    endloop
  endfacet
  facet normal 0 0 1
    outer loop
      vertex 14.2026 81.0042 9
      vertex 13.7019 81.4284 9
      vertex 13.97 80.672 9
    endloop
  endfacet
  facet normal -0 0 1
    outer loop
      vertex 13.4019 81 9
      vertex 13.97 80.672 9
      vertex 13.7019 81.4284 9
    endloop
  endfacet
  facet normal 0 0 1
    outer loop
      vertex 13.97 80.672 9
      vertex 13.4019 81 9
      vertex 13.7986 80.3045 9
    endloop
  endfacet
  facet normal -0 0 1
    outer loop
      vertex 13.1809 80.5261 9
      vertex 13.7986 80.3045 9
      vertex 13.4019 81 9
    endloop
  endfacet
  facet normal 0 0 1
    outer loop
      vertex 13.7986 80.3045 9
      vertex 13.1809 80.5261 9
      vertex 13.7974 80.3017 9
    endloop
  endfacet
  facet normal 0 0 1
    outer loop
      vertex 13.7974 80.3017 9
      vertex 13.1809 80.5261 9
      vertex 13.7966 80.2988 9
    endloop
  endfacet
  facet normal 0 0 1
    outer loop
      vertex 13.7966 80.2988 9
      vertex 13.1809 80.5261 9
      vertex 13.6916 79.907 9
    endloop
  endfacet
  facet normal -0 0 1
    outer loop
      vertex 13.0456 80.0209 9
      vertex 13.6916 79.907 9
      vertex 13.1809 80.5261 9
    endloop
  endfacet
  facet normal 0 0 1
    outer loop
      vertex 18.9544 78.9791 9
      vertex 18.3084 79.093 9
      vertex 18.8191 78.4739 9
    endloop
  endfacet
  facet normal -0 0 1
    outer loop
      vertex 18.2034 78.7012 9
      vertex 18.8191 78.4739 9
      vertex 18.3084 79.093 9
    endloop
  endfacet
  facet normal -0 0 1
    outer loop
      vertex 18.2026 78.6983 9
      vertex 18.8191 78.4739 9
      vertex 18.2034 78.7012 9
    endloop
  endfacet
  facet normal -0 0 1
    outer loop
      vertex 18.2013 78.6955 9
      vertex 18.8191 78.4739 9
      vertex 18.2026 78.6983 9
    endloop
  endfacet
  facet normal 0 0 1
    outer loop
      vertex 18.8191 78.4739 9
      vertex 18.2013 78.6955 9
      vertex 18.5981 78 9
    endloop
  endfacet
  facet normal -0 0 1
    outer loop
      vertex 18.03 78.328 9
      vertex 18.5981 78 9
      vertex 18.2013 78.6955 9
    endloop
  endfacet
  facet normal 0 0 1
    outer loop
      vertex 18.5981 78 9
      vertex 18.03 78.328 9
      vertex 18.2981 77.5716 9
    endloop
  endfacet
  facet normal -0 0 1
    outer loop
      vertex 17.7974 77.9958 9
      vertex 18.2981 77.5716 9
      vertex 18.03 78.328 9
    endloop
  endfacet
  facet normal -0 0 1
    outer loop
      vertex 17.7956 77.9933 9
      vertex 18.2981 77.5716 9
      vertex 17.7974 77.9958 9
    endloop
  endfacet
  facet normal 0 0 1
    outer loop
      vertex 18.2981 77.5716 9
      vertex 17.7956 77.9933 9
      vertex 17.9284 77.2019 9
    endloop
  endfacet
  facet normal -0 0 1
    outer loop
      vertex 17.5067 77.7044 9
      vertex 17.9284 77.2019 9
      vertex 17.7956 77.9933 9
    endloop
  endfacet
  facet normal -0 0 1
    outer loop
      vertex 17.5042 77.7026 9
      vertex 17.9284 77.2019 9
      vertex 17.5067 77.7044 9
    endloop
  endfacet
  facet normal 0 0 1
    outer loop
      vertex 17.5042 77.7026 9
      vertex 17.5 76.9019 9
      vertex 17.9284 77.2019 9
    endloop
  endfacet
  facet normal -0 0 1
    outer loop
      vertex 17.172 77.47 9
      vertex 17.5 76.9019 9
      vertex 17.5042 77.7026 9
    endloop
  endfacet
  facet normal 0 0 1
    outer loop
      vertex 17.172 77.47 9
      vertex 17.0261 76.6809 9
      vertex 17.5 76.9019 9
    endloop
  endfacet
  facet normal -0 0 1
    outer loop
      vertex 16.8045 77.2987 9
      vertex 17.0261 76.6809 9
      vertex 17.172 77.47 9
    endloop
  endfacet
  facet normal -0 0 1
    outer loop
      vertex 16.8017 77.2974 9
      vertex 17.0261 76.6809 9
      vertex 16.8045 77.2987 9
    endloop
  endfacet
  facet normal -0 0 1
    outer loop
      vertex 16.7987 77.2966 9
      vertex 17.0261 76.6809 9
      vertex 16.8017 77.2974 9
    endloop
  endfacet
  facet normal 0 0 1
    outer loop
      vertex 16.7987 77.2966 9
      vertex 16.5209 76.5456 9
      vertex 17.0261 76.6809 9
    endloop
  endfacet
  facet normal -0 0 1
    outer loop
      vertex 16.407 77.1916 9
      vertex 16.5209 76.5456 9
      vertex 16.7987 77.2966 9
    endloop
  endfacet
  facet normal -0 0 1
    outer loop
      vertex 16.404 77.1913 9
      vertex 16.5209 76.5456 9
      vertex 16.407 77.1916 9
    endloop
  endfacet
  facet normal -0 0 1
    outer loop
      vertex 16 77.156 9
      vertex 16.5209 76.5456 9
      vertex 16.404 77.1913 9
    endloop
  endfacet
  facet normal 0 0 1
    outer loop
      vertex 16 77.156 9
      vertex 16 76.5 9
      vertex 16.5209 76.5456 9
    endloop
  endfacet
  facet normal 0 0 1
    outer loop
      vertex 15.596 77.1913 9
      vertex 16 76.5 9
      vertex 16 77.156 9
    endloop
  endfacet
  facet normal 0 0 1
    outer loop
      vertex 15.4791 76.5456 9
      vertex 15.596 77.1913 9
      vertex 15.593 77.1916 9
    endloop
  endfacet
  facet normal 0 0 1
    outer loop
      vertex 15.596 77.1913 9
      vertex 15.4791 76.5456 9
      vertex 16 76.5 9
    endloop
  endfacet
  facet normal 0 0 1
    outer loop
      vertex 15.2013 77.2966 9
      vertex 15.4791 76.5456 9
      vertex 15.593 77.1916 9
    endloop
  endfacet
  facet normal 0 0 1
    outer loop
      vertex 14.9739 76.6809 9
      vertex 15.2013 77.2966 9
      vertex 15.1983 77.2974 9
    endloop
  endfacet
  facet normal 0 0 1
    outer loop
      vertex 14.9739 76.6809 9
      vertex 15.1983 77.2974 9
      vertex 15.1955 77.2987 9
    endloop
  endfacet
  facet normal 0 0 1
    outer loop
      vertex 15.2013 77.2966 9
      vertex 14.9739 76.6809 9
      vertex 15.4791 76.5456 9
    endloop
  endfacet
  facet normal 0 0 1
    outer loop
      vertex 14.828 77.47 9
      vertex 14.9739 76.6809 9
      vertex 15.1955 77.2987 9
    endloop
  endfacet
  facet normal 0 0 1
    outer loop
      vertex 14.828 77.47 9
      vertex 14.5 76.9019 9
      vertex 14.9739 76.6809 9
    endloop
  endfacet
  facet normal 0 0 1
    outer loop
      vertex 14.4958 77.7026 9
      vertex 14.5 76.9019 9
      vertex 14.828 77.47 9
    endloop
  endfacet
  facet normal 0 0 1
    outer loop
      vertex 14.0716 77.2019 9
      vertex 14.4958 77.7026 9
      vertex 14.4933 77.7044 9
    endloop
  endfacet
  facet normal 0 0 1
    outer loop
      vertex 14.0716 77.2019 9
      vertex 14.4933 77.7044 9
      vertex 14.2044 77.9933 9
    endloop
  endfacet
  facet normal 0 0 1
    outer loop
      vertex 13.7019 77.5716 9
      vertex 14.2044 77.9933 9
      vertex 14.2026 77.9958 9
    endloop
  endfacet
  facet normal 0 0 1
    outer loop
      vertex 14.4958 77.7026 9
      vertex 14.0716 77.2019 9
      vertex 14.5 76.9019 9
    endloop
  endfacet
  facet normal 0 0 1
    outer loop
      vertex 13.7019 77.5716 9
      vertex 14.2026 77.9958 9
      vertex 13.97 78.328 9
    endloop
  endfacet
  facet normal 0 0 1
    outer loop
      vertex 13.4019 78 9
      vertex 13.97 78.328 9
      vertex 13.7986 78.6955 9
    endloop
  endfacet
  facet normal 0 0 1
    outer loop
      vertex 13.1809 78.4739 9
      vertex 13.7986 78.6955 9
      vertex 13.7974 78.6983 9
    endloop
  endfacet
  facet normal 0 0 1
    outer loop
      vertex 13.1809 78.4739 9
      vertex 13.7974 78.6983 9
      vertex 13.7966 78.7012 9
    endloop
  endfacet
  facet normal 0 0 1
    outer loop
      vertex 14.2044 77.9933 9
      vertex 13.7019 77.5716 9
      vertex 14.0716 77.2019 9
    endloop
  endfacet
  facet normal 0 0 1
    outer loop
      vertex 13.1809 78.4739 9
      vertex 13.7966 78.7012 9
      vertex 13.6916 79.093 9
    endloop
  endfacet
  facet normal 0 0 1
    outer loop
      vertex 13.0456 78.9791 9
      vertex 13.6916 79.093 9
      vertex 13.6913 79.096 9
    endloop
  endfacet
  facet normal 0 0 1
    outer loop
      vertex 13.0456 78.9791 9
      vertex 13.6913 79.096 9
      vertex 13.656 79.5 9
    endloop
  endfacet
  facet normal 0 0 1
    outer loop
      vertex 13.6916 79.907 9
      vertex 13.0456 80.0209 9
      vertex 13.6913 79.904 9
    endloop
  endfacet
  facet normal 0 0 1
    outer loop
      vertex 13.97 78.328 9
      vertex 13.4019 78 9
      vertex 13.7019 77.5716 9
    endloop
  endfacet
  facet normal 0 0 1
    outer loop
      vertex 13.6913 79.904 9
      vertex 13.0456 80.0209 9
      vertex 13.656 79.5 9
    endloop
  endfacet
  facet normal 0 0 1
    outer loop
      vertex 13.7986 78.6955 9
      vertex 13.1809 78.4739 9
      vertex 13.4019 78 9
    endloop
  endfacet
  facet normal 0 0 1
    outer loop
      vertex 13 79.5 9
      vertex 13.656 79.5 9
      vertex 13.0456 80.0209 9
    endloop
  endfacet
  facet normal 0 0 1
    outer loop
      vertex 13.6916 79.093 9
      vertex 13.0456 78.9791 9
      vertex 13.1809 78.4739 9
    endloop
  endfacet
  facet normal 0 0 1
    outer loop
      vertex 13.656 79.5 9
      vertex 13 79.5 9
      vertex 13.0456 78.9791 9
    endloop
  endfacet
  facet normal 0.573616 -0.819124 0
    outer loop
      vertex 17.5 76.9019 5
      vertex 17.9284 77.2019 9
      vertex 17.5 76.9019 9
    endloop
  endfacet
  facet normal 0.573616 -0.819124 0
    outer loop
      vertex 17.9284 77.2019 9
      vertex 17.5 76.9019 5
      vertex 17.9284 77.2019 5
    endloop
  endfacet
  facet normal 0.573616 0.819124 -0
    outer loop
      vertex 17.9284 81.7981 5
      vertex 17.5 82.0981 9
      vertex 17.9284 81.7981 9
    endloop
  endfacet
  facet normal 0.573616 0.819124 0
    outer loop
      vertex 17.5 82.0981 9
      vertex 17.9284 81.7981 5
      vertex 17.5 82.0981 5
    endloop
  endfacet
  facet normal 0.0872073 0.99619 -0
    outer loop
      vertex 16.5209 82.4544 5
      vertex 16 82.5 9
      vertex 16.5209 82.4544 9
    endloop
  endfacet
  facet normal 0.0872073 0.99619 0
    outer loop
      vertex 16 82.5 9
      vertex 16.5209 82.4544 5
      vertex 16 82.5 5
    endloop
  endfacet
  facet normal -0.906295 0.422645 0
    outer loop
      vertex 13.1809 80.5261 5
      vertex 13.4019 81 9
      vertex 13.4019 81 5
    endloop
  endfacet
  facet normal -0.906295 0.422645 0
    outer loop
      vertex 13.4019 81 9
      vertex 13.1809 80.5261 5
      vertex 13.1809 80.5261 9
    endloop
  endfacet
  facet normal 0.99619 -0.0872073 0
    outer loop
      vertex 18.9544 78.9791 9
      vertex 19 79.5 5
      vertex 19 79.5 9
    endloop
  endfacet
  facet normal 0.99619 -0.0872073 0
    outer loop
      vertex 19 79.5 5
      vertex 18.9544 78.9791 9
      vertex 18.9544 78.9791 5
    endloop
  endfacet
  facet normal -0.258698 0.965958 0
    outer loop
      vertex 15.4791 82.4544 5
      vertex 14.9739 82.3191 9
      vertex 15.4791 82.4544 9
    endloop
  endfacet
  facet normal -0.258698 0.965958 0
    outer loop
      vertex 14.9739 82.3191 9
      vertex 15.4791 82.4544 5
      vertex 14.9739 82.3191 5
    endloop
  endfacet
  facet normal -0.0872073 0.99619 0
    outer loop
      vertex 16 82.5 5
      vertex 15.4791 82.4544 9
      vertex 16 82.5 9
    endloop
  endfacet
  facet normal -0.0872073 0.99619 0
    outer loop
      vertex 15.4791 82.4544 9
      vertex 16 82.5 5
      vertex 15.4791 82.4544 5
    endloop
  endfacet
  facet normal -0.906295 -0.422645 0
    outer loop
      vertex 13.4019 78 5.01
      vertex 13.1809 78.4739 9
      vertex 13.1809 78.4739 5.01
    endloop
  endfacet
  facet normal -0.906295 -0.422645 0
    outer loop
      vertex 13.1809 78.4739 9
      vertex 13.4019 78 5.01
      vertex 13.4019 78 9
    endloop
  endfacet
  facet normal -0.819124 -0.573616 0
    outer loop
      vertex 13.7019 77.5716 5.01
      vertex 13.4019 78 9
      vertex 13.4019 78 5.01
    endloop
  endfacet
  facet normal -0.819124 -0.573616 0
    outer loop
      vertex 13.4019 78 9
      vertex 13.7019 77.5716 5.01
      vertex 13.7019 77.5716 9
    endloop
  endfacet
  facet normal -0.707107 -0.707107 0
    outer loop
      vertex 14.0716 77.2019 5.01
      vertex 13.7019 77.5716 9
      vertex 13.7019 77.5716 5.01
    endloop
  endfacet
  facet normal -0.707107 -0.707107 0
    outer loop
      vertex 13.7019 77.5716 9
      vertex 14.0716 77.2019 5.01
      vertex 14.0716 77.2019 9
    endloop
  endfacet
  facet normal -0.422264 -0.906473 0
    outer loop
      vertex 14.5878 76.861 5.01
      vertex 14.5 76.9019 9
      vertex 14.5 76.9019 5.01
    endloop
  endfacet
  facet normal -0.422645 -0.906295 -1.02044e-05
    outer loop
      vertex 14.5 76.9019 9
      vertex 14.5878 76.861 5.01
      vertex 14.9739 76.6809 9
    endloop
  endfacet
  facet normal -0.422731 -0.906255 0
    outer loop
      vertex 14.9739 76.6809 5
      vertex 14.5878 76.861 5.01
      vertex 14.5878 76.861 5
    endloop
  endfacet
  facet normal -0.422731 -0.906255 0
    outer loop
      vertex 14.5878 76.861 5.01
      vertex 14.9739 76.6809 5
      vertex 14.9739 76.6809 9
    endloop
  endfacet
  facet normal -0.965958 0.258698 0
    outer loop
      vertex 13.0456 80.0209 5
      vertex 13.1809 80.5261 9
      vertex 13.1809 80.5261 5
    endloop
  endfacet
  facet normal -0.965958 0.258698 0
    outer loop
      vertex 13.1809 80.5261 9
      vertex 13.0456 80.0209 5
      vertex 13.0456 80.0209 9
    endloop
  endfacet
  facet normal -0.707107 0.707107 0
    outer loop
      vertex 13.7019 81.4284 5
      vertex 14.0716 81.7981 9
      vertex 14.0716 81.7981 5
    endloop
  endfacet
  facet normal -0.707107 0.707107 0
    outer loop
      vertex 14.0716 81.7981 9
      vertex 13.7019 81.4284 5
      vertex 13.7019 81.4284 9
    endloop
  endfacet
  facet normal -0.965957 -0.258703 0
    outer loop
      vertex 75.7234 79.8039 5
      vertex 75.6445 80.0985 8.01
      vertex 75.6445 80.0985 5
    endloop
  endfacet
  facet normal -0.965957 -0.258703 0
    outer loop
      vertex 75.6445 80.0985 8.01
      vertex 75.7234 79.8039 5
      vertex 75.7234 79.8039 8.01
    endloop
  endfacet
  facet normal -0.996191 -0.0871954 0
    outer loop
      vertex 75.75 79.5 5
      vertex 75.7234 79.8039 8.01
      vertex 75.7234 79.8039 5
    endloop
  endfacet
  facet normal -0.996191 -0.0871954 0
    outer loop
      vertex 75.7234 79.8039 8.01
      vertex 75.75 79.5 5
      vertex 75.75 79.5 8.01
    endloop
  endfacet
  facet normal -0.906225 -0.422796 0
    outer loop
      vertex 75.6445 80.0985 5
      vertex 75.5155 80.375 8.01
      vertex 75.5155 80.375 5
    endloop
  endfacet
  facet normal -0.906225 -0.422796 0
    outer loop
      vertex 75.5155 80.375 8.01
      vertex 75.6445 80.0985 5
      vertex 75.6445 80.0985 8.01
    endloop
  endfacet
  facet normal -0.819278 0.573396 0
    outer loop
      vertex 75.3406 78.3751 5
      vertex 75.5155 78.625 8.01
      vertex 75.5155 78.625 5
    endloop
  endfacet
  facet normal -0.819278 0.573396 0
    outer loop
      vertex 75.5155 78.625 8.01
      vertex 75.3406 78.3751 5
      vertex 75.3406 78.3751 8.01
    endloop
  endfacet
  facet normal -0.707107 -0.707107 0
    outer loop
      vertex 75.3406 80.6249 5
      vertex 75.1249 80.8406 8.01
      vertex 75.1249 80.8406 5
    endloop
  endfacet
  facet normal -0.707107 -0.707107 0
    outer loop
      vertex 75.1249 80.8406 8.01
      vertex 75.3406 80.6249 5
      vertex 75.3406 80.6249 8.01
    endloop
  endfacet
  facet normal 0.422796 0.906225 -0
    outer loop
      vertex 73.4015 77.8555 5
      vertex 73.125 77.9845 8.01
      vertex 73.4015 77.8555 8.01
    endloop
  endfacet
  facet normal 0.422796 0.906225 0
    outer loop
      vertex 73.125 77.9845 8.01
      vertex 73.4015 77.8555 5
      vertex 73.125 77.9845 5
    endloop
  endfacet
  facet normal 0.996191 -0.0871954 0
    outer loop
      vertex 72.25 79.5 8.01
      vertex 72.2766 79.8039 5
      vertex 72.2766 79.8039 8.01
    endloop
  endfacet
  facet normal 0.996191 -0.0871954 0
    outer loop
      vertex 72.2766 79.8039 5
      vertex 72.25 79.5 8.01
      vertex 72.25 79.5 5
    endloop
  endfacet
  facet normal -0.0871954 -0.996191 0
    outer loop
      vertex 74 81.25 5
      vertex 74.3039 81.2234 8.01
      vertex 74 81.25 8.01
    endloop
  endfacet
  facet normal -0.0871954 -0.996191 -0
    outer loop
      vertex 74.3039 81.2234 8.01
      vertex 74 81.25 5
      vertex 74.3039 81.2234 5
    endloop
  endfacet
  facet normal -0.258703 0.965957 0
    outer loop
      vertex 74.5985 77.8555 5
      vertex 74.3039 77.7766 8.01
      vertex 74.5985 77.8555 8.01
    endloop
  endfacet
  facet normal -0.258703 0.965957 0
    outer loop
      vertex 74.3039 77.7766 8.01
      vertex 74.5985 77.8555 5
      vertex 74.3039 77.7766 5
    endloop
  endfacet
  facet normal 0.422796 -0.906225 0
    outer loop
      vertex 73.125 81.0155 5
      vertex 73.4015 81.1445 8.01
      vertex 73.125 81.0155 8.01
    endloop
  endfacet
  facet normal 0.422796 -0.906225 0
    outer loop
      vertex 73.4015 81.1445 8.01
      vertex 73.125 81.0155 5
      vertex 73.4015 81.1445 5
    endloop
  endfacet
  facet normal -0.906225 0.422796 0
    outer loop
      vertex 75.5155 78.625 5
      vertex 75.6445 78.9015 8.01
      vertex 75.6445 78.9015 5
    endloop
  endfacet
  facet normal -0.906225 0.422796 0
    outer loop
      vertex 75.6445 78.9015 8.01
      vertex 75.5155 78.625 5
      vertex 75.5155 78.625 8.01
    endloop
  endfacet
  facet normal -0.996191 0.0871954 0
    outer loop
      vertex 75.7234 79.1961 5
      vertex 75.75 79.5 8.01
      vertex 75.75 79.5 5
    endloop
  endfacet
  facet normal -0.996191 0.0871954 0
    outer loop
      vertex 75.75 79.5 8.01
      vertex 75.7234 79.1961 5
      vertex 75.7234 79.1961 8.01
    endloop
  endfacet
  facet normal 0.707107 0.707107 0
    outer loop
      vertex 72.8751 78.1594 8.01
      vertex 72.6594 78.3751 5
      vertex 72.6594 78.3751 8.01
    endloop
  endfacet
  facet normal 0.707107 0.707107 0
    outer loop
      vertex 72.6594 78.3751 5
      vertex 72.8751 78.1594 8.01
      vertex 72.8751 78.1594 5
    endloop
  endfacet
  facet normal -0.0871954 0.996191 0
    outer loop
      vertex 74.3039 77.7766 5
      vertex 74 77.75 8.01
      vertex 74.3039 77.7766 8.01
    endloop
  endfacet
  facet normal -0.0871954 0.996191 0
    outer loop
      vertex 74 77.75 8.01
      vertex 74.3039 77.7766 5
      vertex 74 77.75 5
    endloop
  endfacet
  facet normal 0.573396 -0.819278 0
    outer loop
      vertex 72.8751 80.8406 5
      vertex 73.125 81.0155 8.01
      vertex 72.8751 80.8406 8.01
    endloop
  endfacet
  facet normal 0.573396 -0.819278 0
    outer loop
      vertex 73.125 81.0155 8.01
      vertex 72.8751 80.8406 5
      vertex 73.125 81.0155 5
    endloop
  endfacet
  facet normal -0.819278 -0.573396 0
    outer loop
      vertex 75.5155 80.375 5
      vertex 75.3406 80.6249 8.01
      vertex 75.3406 80.6249 5
    endloop
  endfacet
  facet normal -0.819278 -0.573396 0
    outer loop
      vertex 75.3406 80.6249 8.01
      vertex 75.5155 80.375 5
      vertex 75.5155 80.375 8.01
    endloop
  endfacet
  facet normal 0.258703 -0.965957 0
    outer loop
      vertex 73.4015 81.1445 5
      vertex 73.6961 81.2234 8.01
      vertex 73.4015 81.1445 8.01
    endloop
  endfacet
  facet normal 0.258703 -0.965957 0
    outer loop
      vertex 73.6961 81.2234 8.01
      vertex 73.4015 81.1445 5
      vertex 73.6961 81.2234 5
    endloop
  endfacet
  facet normal 0.0871954 -0.996191 0
    outer loop
      vertex 73.6961 81.2234 5
      vertex 74 81.25 8.01
      vertex 73.6961 81.2234 8.01
    endloop
  endfacet
  facet normal 0.0871954 -0.996191 0
    outer loop
      vertex 74 81.25 8.01
      vertex 73.6961 81.2234 5
      vertex 74 81.25 5
    endloop
  endfacet
  facet normal -0.965957 0.258703 0
    outer loop
      vertex 75.6445 78.9015 5
      vertex 75.7234 79.1961 8.01
      vertex 75.7234 79.1961 5
    endloop
  endfacet
  facet normal -0.965957 0.258703 0
    outer loop
      vertex 75.7234 79.1961 8.01
      vertex 75.6445 78.9015 5
      vertex 75.6445 78.9015 8.01
    endloop
  endfacet
  facet normal 0.965957 -0.258703 0
    outer loop
      vertex 72.2766 79.8039 8.01
      vertex 72.3555 80.0985 5
      vertex 72.3555 80.0985 8.01
    endloop
  endfacet
  facet normal 0.965957 -0.258703 0
    outer loop
      vertex 72.3555 80.0985 5
      vertex 72.2766 79.8039 8.01
      vertex 72.2766 79.8039 5
    endloop
  endfacet
  facet normal -0.707107 0.707107 0
    outer loop
      vertex 75.1249 78.1594 5
      vertex 75.3406 78.3751 8.01
      vertex 75.3406 78.3751 5
    endloop
  endfacet
  facet normal -0.707107 0.707107 0
    outer loop
      vertex 75.3406 78.3751 8.01
      vertex 75.1249 78.1594 5
      vertex 75.1249 78.1594 8.01
    endloop
  endfacet
  facet normal -0.422796 -0.906225 0
    outer loop
      vertex 74.5985 81.1445 5
      vertex 74.875 81.0155 8.01
      vertex 74.5985 81.1445 8.01
    endloop
  endfacet
  facet normal -0.422796 -0.906225 -0
    outer loop
      vertex 74.875 81.0155 8.01
      vertex 74.5985 81.1445 5
      vertex 74.875 81.0155 5
    endloop
  endfacet
  facet normal 0.996191 0.0871954 0
    outer loop
      vertex 72.2766 79.1961 8.01
      vertex 72.25 79.5 5
      vertex 72.25 79.5 8.01
    endloop
  endfacet
  facet normal 0.996191 0.0871954 0
    outer loop
      vertex 72.25 79.5 5
      vertex 72.2766 79.1961 8.01
      vertex 72.2766 79.1961 5
    endloop
  endfacet
  facet normal -0.573396 0.819278 0
    outer loop
      vertex 75.1249 78.1594 5
      vertex 74.875 77.9845 8.01
      vertex 75.1249 78.1594 8.01
    endloop
  endfacet
  facet normal -0.573396 0.819278 0
    outer loop
      vertex 74.875 77.9845 8.01
      vertex 75.1249 78.1594 5
      vertex 74.875 77.9845 5
    endloop
  endfacet
  facet normal -0.573396 -0.819278 0
    outer loop
      vertex 74.875 81.0155 5
      vertex 75.1249 80.8406 8.01
      vertex 74.875 81.0155 8.01
    endloop
  endfacet
  facet normal -0.573396 -0.819278 -0
    outer loop
      vertex 75.1249 80.8406 8.01
      vertex 74.875 81.0155 5
      vertex 75.1249 80.8406 5
    endloop
  endfacet
  facet normal 0.965957 0.258703 0
    outer loop
      vertex 72.3555 78.9015 8.01
      vertex 72.2766 79.1961 5
      vertex 72.2766 79.1961 8.01
    endloop
  endfacet
  facet normal 0.965957 0.258703 0
    outer loop
      vertex 72.2766 79.1961 5
      vertex 72.3555 78.9015 8.01
      vertex 72.3555 78.9015 5
    endloop
  endfacet
  facet normal 0.906225 0.422796 0
    outer loop
      vertex 72.4845 78.625 8.01
      vertex 72.3555 78.9015 5
      vertex 72.3555 78.9015 8.01
    endloop
  endfacet
  facet normal 0.906225 0.422796 0
    outer loop
      vertex 72.3555 78.9015 5
      vertex 72.4845 78.625 8.01
      vertex 72.4845 78.625 5
    endloop
  endfacet
  facet normal 0.819278 0.573396 0
    outer loop
      vertex 72.6594 78.3751 8.01
      vertex 72.4845 78.625 5
      vertex 72.4845 78.625 8.01
    endloop
  endfacet
  facet normal 0.819278 0.573396 0
    outer loop
      vertex 72.4845 78.625 5
      vertex 72.6594 78.3751 8.01
      vertex 72.6594 78.3751 5
    endloop
  endfacet
  facet normal 0.258703 0.965957 -0
    outer loop
      vertex 73.6961 77.7766 5
      vertex 73.4015 77.8555 8.01
      vertex 73.6961 77.7766 8.01
    endloop
  endfacet
  facet normal 0.258703 0.965957 0
    outer loop
      vertex 73.4015 77.8555 8.01
      vertex 73.6961 77.7766 5
      vertex 73.4015 77.8555 5
    endloop
  endfacet
  facet normal 0.573396 0.819278 -0
    outer loop
      vertex 73.125 77.9845 5
      vertex 72.8751 78.1594 8.01
      vertex 73.125 77.9845 8.01
    endloop
  endfacet
  facet normal 0.573396 0.819278 0
    outer loop
      vertex 72.8751 78.1594 8.01
      vertex 73.125 77.9845 5
      vertex 72.8751 78.1594 5
    endloop
  endfacet
  facet normal -0.422796 0.906225 0
    outer loop
      vertex 74.875 77.9845 5
      vertex 74.5985 77.8555 8.01
      vertex 74.875 77.9845 8.01
    endloop
  endfacet
  facet normal -0.422796 0.906225 0
    outer loop
      vertex 74.5985 77.8555 8.01
      vertex 74.875 77.9845 5
      vertex 74.5985 77.8555 5
    endloop
  endfacet
  facet normal -0.258703 -0.965957 0
    outer loop
      vertex 74.3039 81.2234 5
      vertex 74.5985 81.1445 8.01
      vertex 74.3039 81.2234 8.01
    endloop
  endfacet
  facet normal -0.258703 -0.965957 -0
    outer loop
      vertex 74.5985 81.1445 8.01
      vertex 74.3039 81.2234 5
      vertex 74.5985 81.1445 5
    endloop
  endfacet
  facet normal 0.906225 -0.422796 0
    outer loop
      vertex 72.3555 80.0985 8.01
      vertex 72.4845 80.375 5
      vertex 72.4845 80.375 8.01
    endloop
  endfacet
  facet normal 0.906225 -0.422796 0
    outer loop
      vertex 72.4845 80.375 5
      vertex 72.3555 80.0985 8.01
      vertex 72.3555 80.0985 5
    endloop
  endfacet
  facet normal 0.0871954 0.996191 -0
    outer loop
      vertex 74 77.75 5
      vertex 73.6961 77.7766 8.01
      vertex 74 77.75 8.01
    endloop
  endfacet
  facet normal 0.0871954 0.996191 0
    outer loop
      vertex 73.6961 77.7766 8.01
      vertex 74 77.75 5
      vertex 73.6961 77.7766 5
    endloop
  endfacet
  facet normal 0.819278 -0.573396 0
    outer loop
      vertex 72.4845 80.375 8.01
      vertex 72.6594 80.6249 5
      vertex 72.6594 80.6249 8.01
    endloop
  endfacet
  facet normal 0.819278 -0.573396 0
    outer loop
      vertex 72.6594 80.6249 5
      vertex 72.4845 80.375 8.01
      vertex 72.4845 80.375 5
    endloop
  endfacet
  facet normal 0.707107 -0.707107 0
    outer loop
      vertex 72.6594 80.6249 8.01
      vertex 72.8751 80.8406 5
      vertex 72.8751 80.8406 8.01
    endloop
  endfacet
  facet normal 0.707107 -0.707107 0
    outer loop
      vertex 72.8751 80.8406 5
      vertex 72.6594 80.6249 8.01
      vertex 72.6594 80.6249 5
    endloop
  endfacet
  facet normal -0.855096 -0.0747151 0.513058
    outer loop
      vertex 76.3087 79.904 9
      vertex 75.75 79.5 8.01
      vertex 76.344 79.5 9
    endloop
  endfacet
  facet normal 0.228231 -0.827338 0.513247
    outer loop
      vertex 73.4015 81.1445 8.01
      vertex 73.2012 81.7034 9
      vertex 73.1983 81.7026 9
    endloop
  endfacet
  facet normal 0.222064 -0.829153 0.513023
    outer loop
      vertex 73.2012 81.7034 9
      vertex 73.4015 81.1445 8.01
      vertex 73.6961 81.2234 8.01
    endloop
  endfacet
  facet normal 0.777968 -0.362628 0.513096
    outer loop
      vertex 71.97 80.672 9
      vertex 71.7987 80.3045 9
      vertex 72.4845 80.375 8.01
    endloop
  endfacet
  facet normal -0.703234 0.492179 0.513051
    outer loop
      vertex 75.3406 78.3751 8.01
      vertex 75.7974 77.9958 9
      vertex 75.5155 78.625 8.01
    endloop
  endfacet
  facet normal -0.696401 0.501409 0.513435
    outer loop
      vertex 75.7974 77.9958 9
      vertex 75.3406 78.3751 8.01
      vertex 75.7956 77.9933 9
    endloop
  endfacet
  facet normal -0.696401 -0.501409 0.513435
    outer loop
      vertex 75.3406 80.6249 8.01
      vertex 75.7974 81.0042 9
      vertex 75.7956 81.0067 9
    endloop
  endfacet
  facet normal -0.703234 -0.492179 0.513051
    outer loop
      vertex 75.7974 81.0042 9
      vertex 75.3406 80.6249 8.01
      vertex 75.5155 80.375 8.01
    endloop
  endfacet
  facet normal -0.827338 -0.228231 0.513247
    outer loop
      vertex 75.6445 80.0985 8.01
      vertex 76.2034 80.2988 9
      vertex 76.2026 80.3017 9
    endloop
  endfacet
  facet normal -0.829153 -0.222064 0.513023
    outer loop
      vertex 76.2034 80.2988 9
      vertex 75.6445 80.0985 8.01
      vertex 75.7234 79.8039 8.01
    endloop
  endfacet
  facet normal 0.853862 -0.0853862 0.513447
    outer loop
      vertex 71.6913 79.904 9
      vertex 72.2766 79.8039 8.01
      vertex 71.6916 79.907 9
    endloop
  endfacet
  facet normal 0.855064 -0.0748428 0.513092
    outer loop
      vertex 72.2766 79.8039 8.01
      vertex 71.6913 79.904 9
      vertex 72.25 79.5 8.01
    endloop
  endfacet
  facet normal 0.77833 0.361367 0.513436
    outer loop
      vertex 72.4845 78.625 8.01
      vertex 71.7974 78.6983 9
      vertex 71.7987 78.6955 9
    endloop
  endfacet
  facet normal 0.777886 0.36292 0.513014
    outer loop
      vertex 71.7974 78.6983 9
      vertex 72.4845 78.625 8.01
      vertex 72.3555 78.9015 8.01
    endloop
  endfacet
  facet normal -0.0853862 0.853862 0.513447
    outer loop
      vertex 74.3039 77.7766 8.01
      vertex 74.404 77.1913 9
      vertex 74.407 77.1916 9
    endloop
  endfacet
  facet normal -0.0748428 0.855064 0.513092
    outer loop
      vertex 74.404 77.1913 9
      vertex 74.3039 77.7766 8.01
      vertex 74 77.75 8.01
    endloop
  endfacet
  facet normal 0.829096 0.222193 0.51306
    outer loop
      vertex 72.2766 79.1961 8.01
      vertex 71.6916 79.093 9
      vertex 71.7966 78.7012 9
    endloop
  endfacet
  facet normal 0.492179 0.703234 0.513051
    outer loop
      vertex 72.8751 78.1594 8.01
      vertex 72.4958 77.7026 9
      vertex 73.125 77.9845 8.01
    endloop
  endfacet
  facet normal 0.501409 0.696401 0.513435
    outer loop
      vertex 72.4958 77.7026 9
      vertex 72.8751 78.1594 8.01
      vertex 72.4933 77.7044 9
    endloop
  endfacet
  facet normal 0.0853862 -0.853862 0.513447
    outer loop
      vertex 73.6961 81.2234 8.01
      vertex 73.596 81.8087 9
      vertex 73.593 81.8084 9
    endloop
  endfacet
  facet normal 0.0748428 -0.855064 0.513092
    outer loop
      vertex 73.596 81.8087 9
      vertex 73.6961 81.2234 8.01
      vertex 74 81.25 8.01
    endloop
  endfacet
  facet normal -0.829096 -0.222193 0.51306
    outer loop
      vertex 76.2034 80.2988 9
      vertex 75.7234 79.8039 8.01
      vertex 76.3084 79.907 9
    endloop
  endfacet
  facet normal -0.606958 -0.606958 0.513033
    outer loop
      vertex 75.1249 80.8406 8.01
      vertex 75.7956 81.0067 9
      vertex 75.5067 81.2956 9
    endloop
  endfacet
  facet normal -0.606958 -0.606958 0.513033
    outer loop
      vertex 75.7956 81.0067 9
      vertex 75.1249 80.8406 8.01
      vertex 75.3406 80.6249 8.01
    endloop
  endfacet
  facet normal -0.492306 -0.703112 0.513097
    outer loop
      vertex 75.172 81.53 9
      vertex 74.875 81.0155 8.01
      vertex 75.5042 81.2974 9
    endloop
  endfacet
  facet normal -0.222064 -0.829153 0.513023
    outer loop
      vertex 74.5985 81.1445 8.01
      vertex 74.7988 81.7034 9
      vertex 74.3039 81.2234 8.01
    endloop
  endfacet
  facet normal -0.228231 -0.827338 0.513247
    outer loop
      vertex 74.7988 81.7034 9
      vertex 74.5985 81.1445 8.01
      vertex 74.8017 81.7026 9
    endloop
  endfacet
  facet normal -0.36292 -0.777886 0.513014
    outer loop
      vertex 74.875 81.0155 8.01
      vertex 74.8017 81.7026 9
      vertex 74.5985 81.1445 8.01
    endloop
  endfacet
  facet normal -0.361367 -0.77833 0.513436
    outer loop
      vertex 74.8017 81.7026 9
      vertex 74.875 81.0155 8.01
      vertex 74.8045 81.7013 9
    endloop
  endfacet
  facet normal -0.855096 0.0747151 0.513058
    outer loop
      vertex 76.344 79.5 9
      vertex 75.75 79.5 8.01
      vertex 76.3087 79.096 9
    endloop
  endfacet
  facet normal 0.855064 0.0748428 0.513092
    outer loop
      vertex 71.6913 79.096 9
      vertex 72.2766 79.1961 8.01
      vertex 72.25 79.5 8.01
    endloop
  endfacet
  facet normal 0.853862 0.0853862 0.513447
    outer loop
      vertex 72.2766 79.1961 8.01
      vertex 71.6913 79.096 9
      vertex 71.6916 79.093 9
    endloop
  endfacet
  facet normal 0.703112 -0.492306 0.513097
    outer loop
      vertex 72.2026 81.0042 9
      vertex 71.97 80.672 9
      vertex 72.4845 80.375 8.01
    endloop
  endfacet
  facet normal -0.777968 -0.362628 0.513096
    outer loop
      vertex 76.03 80.672 9
      vertex 75.5155 80.375 8.01
      vertex 76.2013 80.3045 9
    endloop
  endfacet
  facet normal -0.703112 0.492306 0.513097
    outer loop
      vertex 76.03 78.328 9
      vertex 75.5155 78.625 8.01
      vertex 75.7974 77.9958 9
    endloop
  endfacet
  facet normal 0.855096 -0.0747151 0.513058
    outer loop
      vertex 71.6913 79.904 9
      vertex 71.656 79.5 9
      vertex 72.25 79.5 8.01
    endloop
  endfacet
  facet normal 0.362628 -0.777968 0.513096
    outer loop
      vertex 73.1955 81.7013 9
      vertex 72.828 81.53 9
      vertex 73.125 81.0155 8.01
    endloop
  endfacet
  facet normal -0.777886 0.36292 0.513014
    outer loop
      vertex 75.5155 78.625 8.01
      vertex 76.2026 78.6983 9
      vertex 75.6445 78.9015 8.01
    endloop
  endfacet
  facet normal -0.77833 0.361367 0.513436
    outer loop
      vertex 76.2026 78.6983 9
      vertex 75.5155 78.625 8.01
      vertex 76.2013 78.6955 9
    endloop
  endfacet
  facet normal 0.0748428 0.855064 0.513092
    outer loop
      vertex 73.6961 77.7766 8.01
      vertex 73.596 77.1913 9
      vertex 74 77.75 8.01
    endloop
  endfacet
  facet normal 0.0853862 0.853862 0.513447
    outer loop
      vertex 73.596 77.1913 9
      vertex 73.6961 77.7766 8.01
      vertex 73.593 77.1916 9
    endloop
  endfacet
  facet normal 0.501409 -0.696401 0.513435
    outer loop
      vertex 72.8751 80.8406 8.01
      vertex 72.4958 81.2974 9
      vertex 72.4933 81.2956 9
    endloop
  endfacet
  facet normal 0.492179 -0.703234 0.513051
    outer loop
      vertex 72.4958 81.2974 9
      vertex 72.8751 80.8406 8.01
      vertex 73.125 81.0155 8.01
    endloop
  endfacet
  facet normal 0.361367 -0.77833 0.513436
    outer loop
      vertex 73.125 81.0155 8.01
      vertex 73.1983 81.7026 9
      vertex 73.1955 81.7013 9
    endloop
  endfacet
  facet normal 0.36292 -0.777886 0.513014
    outer loop
      vertex 73.1983 81.7026 9
      vertex 73.125 81.0155 8.01
      vertex 73.4015 81.1445 8.01
    endloop
  endfacet
  facet normal -0.0747151 0.855096 0.513058
    outer loop
      vertex 74 77.75 8.01
      vertex 74 77.156 9
      vertex 74.404 77.1913 9
    endloop
  endfacet
  facet normal 0.0747151 0.855096 0.513058
    outer loop
      vertex 74 77.75 8.01
      vertex 73.596 77.1913 9
      vertex 74 77.156 9
    endloop
  endfacet
  facet normal -0.492179 -0.703234 0.513051
    outer loop
      vertex 75.1249 80.8406 8.01
      vertex 75.5042 81.2974 9
      vertex 74.875 81.0155 8.01
    endloop
  endfacet
  facet normal -0.501409 -0.696401 0.513435
    outer loop
      vertex 75.5042 81.2974 9
      vertex 75.1249 80.8406 8.01
      vertex 75.5067 81.2956 9
    endloop
  endfacet
  facet normal -0.77833 -0.361367 0.513436
    outer loop
      vertex 75.5155 80.375 8.01
      vertex 76.2026 80.3017 9
      vertex 76.2013 80.3045 9
    endloop
  endfacet
  facet normal -0.777886 -0.36292 0.513014
    outer loop
      vertex 76.2026 80.3017 9
      vertex 75.5155 80.375 8.01
      vertex 75.6445 80.0985 8.01
    endloop
  endfacet
  facet normal 0.0747151 -0.855096 0.513058
    outer loop
      vertex 74 81.844 9
      vertex 73.596 81.8087 9
      vertex 74 81.25 8.01
    endloop
  endfacet
  facet normal -0.362628 -0.777968 0.513096
    outer loop
      vertex 75.172 81.53 9
      vertex 74.8045 81.7013 9
      vertex 74.875 81.0155 8.01
    endloop
  endfacet
  facet normal -0.777968 0.362628 0.513096
    outer loop
      vertex 76.2013 78.6955 9
      vertex 75.5155 78.625 8.01
      vertex 76.03 78.328 9
    endloop
  endfacet
  facet normal 0.222193 -0.829096 0.51306
    outer loop
      vertex 73.593 81.8084 9
      vertex 73.2012 81.7034 9
      vertex 73.6961 81.2234 8.01
    endloop
  endfacet
  facet normal -0.703112 -0.492306 0.513097
    outer loop
      vertex 75.7974 81.0042 9
      vertex 75.5155 80.375 8.01
      vertex 76.03 80.672 9
    endloop
  endfacet
  facet normal 0.222064 0.829153 0.513023
    outer loop
      vertex 73.4015 77.8555 8.01
      vertex 73.2012 77.2966 9
      vertex 73.6961 77.7766 8.01
    endloop
  endfacet
  facet normal 0.228231 0.827338 0.513247
    outer loop
      vertex 73.2012 77.2966 9
      vertex 73.4015 77.8555 8.01
      vertex 73.1983 77.2974 9
    endloop
  endfacet
  facet normal -0.606958 0.606958 0.513033
    outer loop
      vertex 75.1249 78.1594 8.01
      vertex 75.7956 77.9933 9
      vertex 75.3406 78.3751 8.01
    endloop
  endfacet
  facet normal -0.606958 0.606958 0.513033
    outer loop
      vertex 75.7956 77.9933 9
      vertex 75.1249 78.1594 8.01
      vertex 75.5067 77.7044 9
    endloop
  endfacet
  facet normal 0.77833 -0.361367 0.513436
    outer loop
      vertex 71.7974 80.3017 9
      vertex 72.4845 80.375 8.01
      vertex 71.7987 80.3045 9
    endloop
  endfacet
  facet normal 0.777886 -0.36292 0.513014
    outer loop
      vertex 72.4845 80.375 8.01
      vertex 71.7974 80.3017 9
      vertex 72.3555 80.0985 8.01
    endloop
  endfacet
  facet normal 0.492306 -0.703112 0.513097
    outer loop
      vertex 72.828 81.53 9
      vertex 72.4958 81.2974 9
      vertex 73.125 81.0155 8.01
    endloop
  endfacet
  facet normal 0.855096 0.0747151 0.513058
    outer loop
      vertex 72.25 79.5 8.01
      vertex 71.656 79.5 9
      vertex 71.6913 79.096 9
    endloop
  endfacet
  facet normal -0.0748428 -0.855064 0.513092
    outer loop
      vertex 74.3039 81.2234 8.01
      vertex 74.404 81.8087 9
      vertex 74 81.25 8.01
    endloop
  endfacet
  facet normal -0.0853862 -0.853862 0.513447
    outer loop
      vertex 74.404 81.8087 9
      vertex 74.3039 81.2234 8.01
      vertex 74.407 81.8084 9
    endloop
  endfacet
  facet normal 0.606958 -0.606958 0.513033
    outer loop
      vertex 72.2044 81.0067 9
      vertex 72.8751 80.8406 8.01
      vertex 72.4933 81.2956 9
    endloop
  endfacet
  facet normal 0.606958 -0.606958 0.513033
    outer loop
      vertex 72.8751 80.8406 8.01
      vertex 72.2044 81.0067 9
      vertex 72.6594 80.6249 8.01
    endloop
  endfacet
  facet normal 0.696401 -0.501409 0.513435
    outer loop
      vertex 72.2026 81.0042 9
      vertex 72.6594 80.6249 8.01
      vertex 72.2044 81.0067 9
    endloop
  endfacet
  facet normal 0.703234 -0.492179 0.513051
    outer loop
      vertex 72.6594 80.6249 8.01
      vertex 72.2026 81.0042 9
      vertex 72.4845 80.375 8.01
    endloop
  endfacet
  facet normal -0.501409 0.696401 0.513435
    outer loop
      vertex 75.1249 78.1594 8.01
      vertex 75.5042 77.7026 9
      vertex 75.5067 77.7044 9
    endloop
  endfacet
  facet normal -0.492179 0.703234 0.513051
    outer loop
      vertex 75.5042 77.7026 9
      vertex 75.1249 78.1594 8.01
      vertex 74.875 77.9845 8.01
    endloop
  endfacet
  facet normal -0.361367 0.77833 0.513436
    outer loop
      vertex 74.875 77.9845 8.01
      vertex 74.8017 77.2974 9
      vertex 74.8045 77.2987 9
    endloop
  endfacet
  facet normal -0.36292 0.777886 0.513014
    outer loop
      vertex 74.8017 77.2974 9
      vertex 74.875 77.9845 8.01
      vertex 74.5985 77.8555 8.01
    endloop
  endfacet
  facet normal 0.492306 0.703112 0.513097
    outer loop
      vertex 73.125 77.9845 8.01
      vertex 72.4958 77.7026 9
      vertex 72.828 77.47 9
    endloop
  endfacet
  facet normal -0.222193 0.829096 0.51306
    outer loop
      vertex 74.7988 77.2966 9
      vertex 74.3039 77.7766 8.01
      vertex 74.407 77.1916 9
    endloop
  endfacet
  facet normal 0.829096 -0.222193 0.51306
    outer loop
      vertex 71.7966 80.2988 9
      vertex 71.6916 79.907 9
      vertex 72.2766 79.8039 8.01
    endloop
  endfacet
  facet normal -0.362628 0.777968 0.513096
    outer loop
      vertex 74.875 77.9845 8.01
      vertex 74.8045 77.2987 9
      vertex 75.172 77.47 9
    endloop
  endfacet
  facet normal -0.492306 0.703112 0.513097
    outer loop
      vertex 75.5042 77.7026 9
      vertex 74.875 77.9845 8.01
      vertex 75.172 77.47 9
    endloop
  endfacet
  facet normal 0.829153 0.222064 0.513023
    outer loop
      vertex 71.7966 78.7012 9
      vertex 72.3555 78.9015 8.01
      vertex 72.2766 79.1961 8.01
    endloop
  endfacet
  facet normal 0.827338 0.228231 0.513247
    outer loop
      vertex 72.3555 78.9015 8.01
      vertex 71.7966 78.7012 9
      vertex 71.7974 78.6983 9
    endloop
  endfacet
  facet normal 0.222193 0.829096 0.51306
    outer loop
      vertex 73.6961 77.7766 8.01
      vertex 73.2012 77.2966 9
      vertex 73.593 77.1916 9
    endloop
  endfacet
  facet normal 0.36292 0.777886 0.513014
    outer loop
      vertex 73.125 77.9845 8.01
      vertex 73.1983 77.2974 9
      vertex 73.4015 77.8555 8.01
    endloop
  endfacet
  facet normal 0.361367 0.77833 0.513436
    outer loop
      vertex 73.1983 77.2974 9
      vertex 73.125 77.9845 8.01
      vertex 73.1955 77.2987 9
    endloop
  endfacet
  facet normal -0.0747151 -0.855096 0.513058
    outer loop
      vertex 74 81.844 9
      vertex 74 81.25 8.01
      vertex 74.404 81.8087 9
    endloop
  endfacet
  facet normal 0.362628 0.777968 0.513096
    outer loop
      vertex 73.125 77.9845 8.01
      vertex 72.828 77.47 9
      vertex 73.1955 77.2987 9
    endloop
  endfacet
  facet normal 0.606958 0.606958 0.513033
    outer loop
      vertex 72.2044 77.9933 9
      vertex 72.8751 78.1594 8.01
      vertex 72.6594 78.3751 8.01
    endloop
  endfacet
  facet normal 0.606958 0.606958 0.513033
    outer loop
      vertex 72.8751 78.1594 8.01
      vertex 72.2044 77.9933 9
      vertex 72.4933 77.7044 9
    endloop
  endfacet
  facet normal 0.777968 0.362628 0.513096
    outer loop
      vertex 72.4845 78.625 8.01
      vertex 71.7987 78.6955 9
      vertex 71.97 78.328 9
    endloop
  endfacet
  facet normal -0.829153 0.222064 0.513023
    outer loop
      vertex 75.6445 78.9015 8.01
      vertex 76.2034 78.7012 9
      vertex 75.7234 79.1961 8.01
    endloop
  endfacet
  facet normal -0.827338 0.228231 0.513247
    outer loop
      vertex 76.2034 78.7012 9
      vertex 75.6445 78.9015 8.01
      vertex 76.2026 78.6983 9
    endloop
  endfacet
  facet normal -0.853862 -0.0853862 0.513447
    outer loop
      vertex 75.7234 79.8039 8.01
      vertex 76.3087 79.904 9
      vertex 76.3084 79.907 9
    endloop
  endfacet
  facet normal -0.855064 -0.0748428 0.513092
    outer loop
      vertex 76.3087 79.904 9
      vertex 75.7234 79.8039 8.01
      vertex 75.75 79.5 8.01
    endloop
  endfacet
  facet normal -0.829096 0.222193 0.51306
    outer loop
      vertex 76.3084 79.093 9
      vertex 75.7234 79.1961 8.01
      vertex 76.2034 78.7012 9
    endloop
  endfacet
  facet normal -0.855064 0.0748428 0.513092
    outer loop
      vertex 75.7234 79.1961 8.01
      vertex 76.3087 79.096 9
      vertex 75.75 79.5 8.01
    endloop
  endfacet
  facet normal -0.853862 0.0853862 0.513447
    outer loop
      vertex 76.3087 79.096 9
      vertex 75.7234 79.1961 8.01
      vertex 76.3084 79.093 9
    endloop
  endfacet
  facet normal 0.703112 0.492306 0.513097
    outer loop
      vertex 72.4845 78.625 8.01
      vertex 71.97 78.328 9
      vertex 72.2026 77.9958 9
    endloop
  endfacet
  facet normal 0.703234 0.492179 0.513051
    outer loop
      vertex 72.2026 77.9958 9
      vertex 72.6594 78.3751 8.01
      vertex 72.4845 78.625 8.01
    endloop
  endfacet
  facet normal 0.696401 0.501409 0.513435
    outer loop
      vertex 72.6594 78.3751 8.01
      vertex 72.2026 77.9958 9
      vertex 72.2044 77.9933 9
    endloop
  endfacet
  facet normal -0.222193 -0.829096 0.51306
    outer loop
      vertex 74.407 81.8084 9
      vertex 74.3039 81.2234 8.01
      vertex 74.7988 81.7034 9
    endloop
  endfacet
  facet normal 0.827338 -0.228231 0.513247
    outer loop
      vertex 71.7966 80.2988 9
      vertex 72.3555 80.0985 8.01
      vertex 71.7974 80.3017 9
    endloop
  endfacet
  facet normal 0.829153 -0.222064 0.513023
    outer loop
      vertex 72.3555 80.0985 8.01
      vertex 71.7966 80.2988 9
      vertex 72.2766 79.8039 8.01
    endloop
  endfacet
  facet normal -0.228231 0.827338 0.513247
    outer loop
      vertex 74.5985 77.8555 8.01
      vertex 74.7988 77.2966 9
      vertex 74.8017 77.2974 9
    endloop
  endfacet
  facet normal -0.222064 0.829153 0.513023
    outer loop
      vertex 74.7988 77.2966 9
      vertex 74.5985 77.8555 8.01
      vertex 74.3039 77.7766 8.01
    endloop
  endfacet
  facet normal 0.965936 -0.258781 0
    outer loop
      vertex 76.9544 78.9791 9
      vertex 76.8493 78.5868 5.01
      vertex 76.9544 78.9791 5
    endloop
  endfacet
  facet normal 0.965958 -0.258698 -8.78384e-06
    outer loop
      vertex 76.8191 78.4739 9
      vertex 76.8493 78.5868 5.01
      vertex 76.9544 78.9791 9
    endloop
  endfacet
  facet normal 0.966036 -0.258408 0
    outer loop
      vertex 76.8493 78.5868 5.01
      vertex 76.8191 78.4739 9
      vertex 76.8191 78.4739 5.01
    endloop
  endfacet
  facet normal 0.965936 -0.258781 0
    outer loop
      vertex 76.9544 78.9791 5
      vertex 76.8493 78.5868 5.01
      vertex 76.8493 78.5868 5
    endloop
  endfacet
  facet normal 0.965958 0.258698 0
    outer loop
      vertex 76.9544 80.0209 9
      vertex 76.8191 80.5261 5
      vertex 76.8191 80.5261 9
    endloop
  endfacet
  facet normal 0.965958 0.258698 0
    outer loop
      vertex 76.8191 80.5261 5
      vertex 76.9544 80.0209 9
      vertex 76.9544 80.0209 5
    endloop
  endfacet
  facet normal 0.99619 0.0872073 0
    outer loop
      vertex 77 79.5 9
      vertex 76.9544 80.0209 5
      vertex 76.9544 80.0209 9
    endloop
  endfacet
  facet normal 0.99619 0.0872073 0
    outer loop
      vertex 76.9544 80.0209 5
      vertex 77 79.5 9
      vertex 77 79.5 5
    endloop
  endfacet
  facet normal 0.906295 0.422645 0
    outer loop
      vertex 76.8191 80.5261 9
      vertex 76.5981 81 5
      vertex 76.5981 81 9
    endloop
  endfacet
  facet normal 0.906295 0.422645 0
    outer loop
      vertex 76.5981 81 5
      vertex 76.8191 80.5261 9
      vertex 76.8191 80.5261 5
    endloop
  endfacet
  facet normal -0.965958 -0.258698 0
    outer loop
      vertex 71.1809 78.4739 5
      vertex 71.0456 78.9791 9
      vertex 71.0456 78.9791 5
    endloop
  endfacet
  facet normal -0.965958 -0.258698 0
    outer loop
      vertex 71.0456 78.9791 9
      vertex 71.1809 78.4739 5
      vertex 71.1809 78.4739 9
    endloop
  endfacet
  facet normal -0.819124 0.573616 0
    outer loop
      vertex 71.4019 81 5
      vertex 71.7019 81.4284 9
      vertex 71.7019 81.4284 5
    endloop
  endfacet
  facet normal -0.819124 0.573616 0
    outer loop
      vertex 71.7019 81.4284 9
      vertex 71.4019 81 5
      vertex 71.4019 81 9
    endloop
  endfacet
  facet normal -0.422645 0.906295 0
    outer loop
      vertex 72.9739 82.3191 5
      vertex 72.5 82.0981 9
      vertex 72.9739 82.3191 9
    endloop
  endfacet
  facet normal -0.422645 0.906295 0
    outer loop
      vertex 72.5 82.0981 9
      vertex 72.9739 82.3191 5
      vertex 72.5 82.0981 5
    endloop
  endfacet
  facet normal -0.573616 -0.819124 0
    outer loop
      vertex 72.0716 77.2019 5
      vertex 72.5 76.9019 9
      vertex 72.0716 77.2019 9
    endloop
  endfacet
  facet normal -0.573616 -0.819124 -0
    outer loop
      vertex 72.5 76.9019 9
      vertex 72.0716 77.2019 5
      vertex 72.5 76.9019 5
    endloop
  endfacet
  facet normal -0.0872073 -0.99619 0
    outer loop
      vertex 73.4791 76.5456 5
      vertex 74 76.5 9
      vertex 73.4791 76.5456 9
    endloop
  endfacet
  facet normal -0.0872073 -0.99619 -0
    outer loop
      vertex 74 76.5 9
      vertex 73.4791 76.5456 5
      vertex 74 76.5 5
    endloop
  endfacet
  facet normal 0.0872073 -0.99619 0
    outer loop
      vertex 74 76.5 5
      vertex 74.5209 76.5456 9
      vertex 74 76.5 9
    endloop
  endfacet
  facet normal 0.0872073 -0.99619 0
    outer loop
      vertex 74.5209 76.5456 9
      vertex 74 76.5 5
      vertex 74.5209 76.5456 5
    endloop
  endfacet
  facet normal 0.906295 -0.422645 0
    outer loop
      vertex 76.5981 78 9
      vertex 76.8191 78.4739 5.01
      vertex 76.8191 78.4739 9
    endloop
  endfacet
  facet normal 0.906295 -0.422645 0
    outer loop
      vertex 76.8191 78.4739 5.01
      vertex 76.5981 78 9
      vertex 76.5981 78 5.01
    endloop
  endfacet
  facet normal 0.707107 0.707107 0
    outer loop
      vertex 76.2981 81.4284 9
      vertex 75.9284 81.7981 5
      vertex 75.9284 81.7981 9
    endloop
  endfacet
  facet normal 0.707107 0.707107 0
    outer loop
      vertex 75.9284 81.7981 5
      vertex 76.2981 81.4284 9
      vertex 76.2981 81.4284 5
    endloop
  endfacet
  facet normal 0.707107 -0.707107 0
    outer loop
      vertex 75.9284 77.2019 9
      vertex 76.2981 77.5716 5.01
      vertex 76.2981 77.5716 9
    endloop
  endfacet
  facet normal 0.707107 -0.707107 0
    outer loop
      vertex 76.2981 77.5716 5.01
      vertex 75.9284 77.2019 9
      vertex 75.9284 77.2019 5.01
    endloop
  endfacet
  facet normal -0.99619 0.0872073 0
    outer loop
      vertex 71 79.5 5
      vertex 71.0456 80.0209 9
      vertex 71.0456 80.0209 5
    endloop
  endfacet
  facet normal -0.99619 0.0872073 0
    outer loop
      vertex 71.0456 80.0209 9
      vertex 71 79.5 5
      vertex 71 79.5 9
    endloop
  endfacet
  facet normal 0.258698 0.965958 -0
    outer loop
      vertex 75.0261 82.3191 5
      vertex 74.5209 82.4544 9
      vertex 75.0261 82.3191 9
    endloop
  endfacet
  facet normal 0.258698 0.965958 0
    outer loop
      vertex 74.5209 82.4544 9
      vertex 75.0261 82.3191 5
      vertex 74.5209 82.4544 5
    endloop
  endfacet
  facet normal -0.99619 -0.0872073 0
    outer loop
      vertex 71.0456 78.9791 5
      vertex 71 79.5 9
      vertex 71 79.5 5
    endloop
  endfacet
  facet normal -0.99619 -0.0872073 0
    outer loop
      vertex 71 79.5 9
      vertex 71.0456 78.9791 5
      vertex 71.0456 78.9791 9
    endloop
  endfacet
  facet normal 0.819124 -0.573616 0
    outer loop
      vertex 76.2981 77.5716 9
      vertex 76.5981 78 5.01
      vertex 76.5981 78 9
    endloop
  endfacet
  facet normal 0.819124 -0.573616 0
    outer loop
      vertex 76.5981 78 5.01
      vertex 76.2981 77.5716 9
      vertex 76.2981 77.5716 5.01
    endloop
  endfacet
  facet normal -0.258698 -0.965958 0
    outer loop
      vertex 72.9739 76.6809 5
      vertex 73.4791 76.5456 9
      vertex 72.9739 76.6809 9
    endloop
  endfacet
  facet normal -0.258698 -0.965958 -0
    outer loop
      vertex 73.4791 76.5456 9
      vertex 72.9739 76.6809 5
      vertex 73.4791 76.5456 5
    endloop
  endfacet
  facet normal 0.422645 -0.906295 -1.02044e-05
    outer loop
      vertex 75.0261 76.6809 9
      vertex 75.4122 76.861 5.01
      vertex 75.5 76.9019 9
    endloop
  endfacet
  facet normal 0.422731 -0.906255 0
    outer loop
      vertex 75.0261 76.6809 5
      vertex 75.4122 76.861 5.01
      vertex 75.0261 76.6809 9
    endloop
  endfacet
  facet normal 0.422731 -0.906255 0
    outer loop
      vertex 75.4122 76.861 5.01
      vertex 75.0261 76.6809 5
      vertex 75.4122 76.861 5
    endloop
  endfacet
  facet normal 0.422264 -0.906473 0
    outer loop
      vertex 75.5 76.9019 9
      vertex 75.4122 76.861 5.01
      vertex 75.5 76.9019 5.01
    endloop
  endfacet
  facet normal -0.573616 0.819124 0
    outer loop
      vertex 72.5 82.0981 5
      vertex 72.0716 81.7981 9
      vertex 72.5 82.0981 9
    endloop
  endfacet
  facet normal -0.573616 0.819124 0
    outer loop
      vertex 72.0716 81.7981 9
      vertex 72.5 82.0981 5
      vertex 72.0716 81.7981 5
    endloop
  endfacet
  facet normal 0.819124 0.573616 0
    outer loop
      vertex 76.5981 81 9
      vertex 76.2981 81.4284 5
      vertex 76.2981 81.4284 9
    endloop
  endfacet
  facet normal 0.819124 0.573616 0
    outer loop
      vertex 76.2981 81.4284 5
      vertex 76.5981 81 9
      vertex 76.5981 81 5
    endloop
  endfacet
  facet normal 0.422645 0.906295 -0
    outer loop
      vertex 75.5 82.0981 5
      vertex 75.0261 82.3191 9
      vertex 75.5 82.0981 9
    endloop
  endfacet
  facet normal 0.422645 0.906295 0
    outer loop
      vertex 75.0261 82.3191 9
      vertex 75.5 82.0981 5
      vertex 75.0261 82.3191 5
    endloop
  endfacet
  facet normal 0.258698 -0.965958 0
    outer loop
      vertex 74.5209 76.5456 5
      vertex 75.0261 76.6809 9
      vertex 74.5209 76.5456 9
    endloop
  endfacet
  facet normal 0.258698 -0.965958 0
    outer loop
      vertex 75.0261 76.6809 9
      vertex 74.5209 76.5456 5
      vertex 75.0261 76.6809 5
    endloop
  endfacet
  facet normal 0 0 1
    outer loop
      vertex 76.344 79.5 9
      vertex 77 79.5 9
      vertex 76.9544 80.0209 9
    endloop
  endfacet
  facet normal 0 0 1
    outer loop
      vertex 76.3084 79.907 9
      vertex 76.9544 80.0209 9
      vertex 76.8191 80.5261 9
    endloop
  endfacet
  facet normal 0 0 1
    outer loop
      vertex 77 79.5 9
      vertex 76.344 79.5 9
      vertex 76.9544 78.9791 9
    endloop
  endfacet
  facet normal 0 0 1
    outer loop
      vertex 76.2013 80.3045 9
      vertex 76.8191 80.5261 9
      vertex 76.5981 81 9
    endloop
  endfacet
  facet normal -0 0 1
    outer loop
      vertex 76.3087 79.096 9
      vertex 76.9544 78.9791 9
      vertex 76.344 79.5 9
    endloop
  endfacet
  facet normal -0 0 1
    outer loop
      vertex 76.3084 79.093 9
      vertex 76.9544 78.9791 9
      vertex 76.3087 79.096 9
    endloop
  endfacet
  facet normal 0 0 1
    outer loop
      vertex 76.9544 80.0209 9
      vertex 76.3087 79.904 9
      vertex 76.344 79.5 9
    endloop
  endfacet
  facet normal 0 0 1
    outer loop
      vertex 76.9544 80.0209 9
      vertex 76.3084 79.907 9
      vertex 76.3087 79.904 9
    endloop
  endfacet
  facet normal 0 0 1
    outer loop
      vertex 76.03 80.672 9
      vertex 76.5981 81 9
      vertex 76.2981 81.4284 9
    endloop
  endfacet
  facet normal 0 0 1
    outer loop
      vertex 76.8191 80.5261 9
      vertex 76.2034 80.2988 9
      vertex 76.3084 79.907 9
    endloop
  endfacet
  facet normal 0 0 1
    outer loop
      vertex 76.8191 80.5261 9
      vertex 76.2026 80.3017 9
      vertex 76.2034 80.2988 9
    endloop
  endfacet
  facet normal 0 0 1
    outer loop
      vertex 76.8191 80.5261 9
      vertex 76.2013 80.3045 9
      vertex 76.2026 80.3017 9
    endloop
  endfacet
  facet normal 0 0 1
    outer loop
      vertex 76.5981 81 9
      vertex 76.03 80.672 9
      vertex 76.2013 80.3045 9
    endloop
  endfacet
  facet normal 0 0 1
    outer loop
      vertex 75.7956 81.0067 9
      vertex 76.2981 81.4284 9
      vertex 75.9284 81.7981 9
    endloop
  endfacet
  facet normal 0 0 1
    outer loop
      vertex 76.2981 81.4284 9
      vertex 75.7974 81.0042 9
      vertex 76.03 80.672 9
    endloop
  endfacet
  facet normal 0 0 1
    outer loop
      vertex 76.2981 81.4284 9
      vertex 75.7956 81.0067 9
      vertex 75.7974 81.0042 9
    endloop
  endfacet
  facet normal 0 0 1
    outer loop
      vertex 75.9284 81.7981 9
      vertex 75.5067 81.2956 9
      vertex 75.7956 81.0067 9
    endloop
  endfacet
  facet normal 0 0 1
    outer loop
      vertex 75.9284 81.7981 9
      vertex 75.5042 81.2974 9
      vertex 75.5067 81.2956 9
    endloop
  endfacet
  facet normal 0 0 1
    outer loop
      vertex 75.5 82.0981 9
      vertex 75.5042 81.2974 9
      vertex 75.9284 81.7981 9
    endloop
  endfacet
  facet normal 0 0 1
    outer loop
      vertex 75.5 82.0981 9
      vertex 75.172 81.53 9
      vertex 75.5042 81.2974 9
    endloop
  endfacet
  facet normal 0 0 1
    outer loop
      vertex 75.0261 82.3191 9
      vertex 75.172 81.53 9
      vertex 75.5 82.0981 9
    endloop
  endfacet
  facet normal 0 0 1
    outer loop
      vertex 75.0261 82.3191 9
      vertex 74.8045 81.7013 9
      vertex 75.172 81.53 9
    endloop
  endfacet
  facet normal 0 0 1
    outer loop
      vertex 75.0261 82.3191 9
      vertex 74.8017 81.7026 9
      vertex 74.8045 81.7013 9
    endloop
  endfacet
  facet normal 0 0 1
    outer loop
      vertex 75.0261 82.3191 9
      vertex 74.7988 81.7034 9
      vertex 74.8017 81.7026 9
    endloop
  endfacet
  facet normal 0 0 1
    outer loop
      vertex 74.5209 82.4544 9
      vertex 74.7988 81.7034 9
      vertex 75.0261 82.3191 9
    endloop
  endfacet
  facet normal 0 0 1
    outer loop
      vertex 74.5209 82.4544 9
      vertex 74.407 81.8084 9
      vertex 74.7988 81.7034 9
    endloop
  endfacet
  facet normal 0 0 1
    outer loop
      vertex 74.5209 82.4544 9
      vertex 74.404 81.8087 9
      vertex 74.407 81.8084 9
    endloop
  endfacet
  facet normal 0 0 1
    outer loop
      vertex 74 82.5 9
      vertex 74.404 81.8087 9
      vertex 74.5209 82.4544 9
    endloop
  endfacet
  facet normal 0 0 1
    outer loop
      vertex 74 82.5 9
      vertex 74 81.844 9
      vertex 74.404 81.8087 9
    endloop
  endfacet
  facet normal 0 0 1
    outer loop
      vertex 74 82.5 9
      vertex 73.596 81.8087 9
      vertex 74 81.844 9
    endloop
  endfacet
  facet normal -0 0 1
    outer loop
      vertex 73.4791 82.4544 9
      vertex 73.596 81.8087 9
      vertex 74 82.5 9
    endloop
  endfacet
  facet normal 0 0 1
    outer loop
      vertex 73.596 81.8087 9
      vertex 73.4791 82.4544 9
      vertex 73.593 81.8084 9
    endloop
  endfacet
  facet normal 0 0 1
    outer loop
      vertex 73.4791 82.4544 9
      vertex 73.2012 81.7034 9
      vertex 73.593 81.8084 9
    endloop
  endfacet
  facet normal -0 0 1
    outer loop
      vertex 72.9739 82.3191 9
      vertex 73.2012 81.7034 9
      vertex 73.4791 82.4544 9
    endloop
  endfacet
  facet normal 0 0 1
    outer loop
      vertex 73.2012 81.7034 9
      vertex 72.9739 82.3191 9
      vertex 73.1983 81.7026 9
    endloop
  endfacet
  facet normal 0 0 1
    outer loop
      vertex 73.1983 81.7026 9
      vertex 72.9739 82.3191 9
      vertex 73.1955 81.7013 9
    endloop
  endfacet
  facet normal 0 0 1
    outer loop
      vertex 72.9739 82.3191 9
      vertex 72.828 81.53 9
      vertex 73.1955 81.7013 9
    endloop
  endfacet
  facet normal -0 0 1
    outer loop
      vertex 72.5 82.0981 9
      vertex 72.828 81.53 9
      vertex 72.9739 82.3191 9
    endloop
  endfacet
  facet normal 0 0 1
    outer loop
      vertex 72.5 82.0981 9
      vertex 72.4958 81.2974 9
      vertex 72.828 81.53 9
    endloop
  endfacet
  facet normal -0 0 1
    outer loop
      vertex 72.0716 81.7981 9
      vertex 72.4958 81.2974 9
      vertex 72.5 82.0981 9
    endloop
  endfacet
  facet normal 0 0 1
    outer loop
      vertex 72.4958 81.2974 9
      vertex 72.0716 81.7981 9
      vertex 72.4933 81.2956 9
    endloop
  endfacet
  facet normal 0 0 1
    outer loop
      vertex 72.4933 81.2956 9
      vertex 72.0716 81.7981 9
      vertex 72.2044 81.0067 9
    endloop
  endfacet
  facet normal -0 0 1
    outer loop
      vertex 71.7019 81.4284 9
      vertex 72.2044 81.0067 9
      vertex 72.0716 81.7981 9
    endloop
  endfacet
  facet normal 0 0 1
    outer loop
      vertex 72.2044 81.0067 9
      vertex 71.7019 81.4284 9
      vertex 72.2026 81.0042 9
    endloop
  endfacet
  facet normal 0 0 1
    outer loop
      vertex 72.2026 81.0042 9
      vertex 71.7019 81.4284 9
      vertex 71.97 80.672 9
    endloop
  endfacet
  facet normal -0 0 1
    outer loop
      vertex 71.4019 81 9
      vertex 71.97 80.672 9
      vertex 71.7019 81.4284 9
    endloop
  endfacet
  facet normal 0 0 1
    outer loop
      vertex 71.97 80.672 9
      vertex 71.4019 81 9
      vertex 71.7987 80.3045 9
    endloop
  endfacet
  facet normal -0 0 1
    outer loop
      vertex 71.1809 80.5261 9
      vertex 71.7987 80.3045 9
      vertex 71.4019 81 9
    endloop
  endfacet
  facet normal 0 0 1
    outer loop
      vertex 71.7987 80.3045 9
      vertex 71.1809 80.5261 9
      vertex 71.7974 80.3017 9
    endloop
  endfacet
  facet normal 0 0 1
    outer loop
      vertex 71.7974 80.3017 9
      vertex 71.1809 80.5261 9
      vertex 71.7966 80.2988 9
    endloop
  endfacet
  facet normal 0 0 1
    outer loop
      vertex 71.7966 80.2988 9
      vertex 71.1809 80.5261 9
      vertex 71.6916 79.907 9
    endloop
  endfacet
  facet normal -0 0 1
    outer loop
      vertex 71.0456 80.0209 9
      vertex 71.6916 79.907 9
      vertex 71.1809 80.5261 9
    endloop
  endfacet
  facet normal 0 0 1
    outer loop
      vertex 76.9544 78.9791 9
      vertex 76.3084 79.093 9
      vertex 76.8191 78.4739 9
    endloop
  endfacet
  facet normal -0 0 1
    outer loop
      vertex 76.2034 78.7012 9
      vertex 76.8191 78.4739 9
      vertex 76.3084 79.093 9
    endloop
  endfacet
  facet normal -0 0 1
    outer loop
      vertex 76.2026 78.6983 9
      vertex 76.8191 78.4739 9
      vertex 76.2034 78.7012 9
    endloop
  endfacet
  facet normal -0 0 1
    outer loop
      vertex 76.2013 78.6955 9
      vertex 76.8191 78.4739 9
      vertex 76.2026 78.6983 9
    endloop
  endfacet
  facet normal 0 0 1
    outer loop
      vertex 76.8191 78.4739 9
      vertex 76.2013 78.6955 9
      vertex 76.5981 78 9
    endloop
  endfacet
  facet normal -0 0 1
    outer loop
      vertex 76.03 78.328 9
      vertex 76.5981 78 9
      vertex 76.2013 78.6955 9
    endloop
  endfacet
  facet normal 0 0 1
    outer loop
      vertex 76.5981 78 9
      vertex 76.03 78.328 9
      vertex 76.2981 77.5716 9
    endloop
  endfacet
  facet normal -0 0 1
    outer loop
      vertex 75.7974 77.9958 9
      vertex 76.2981 77.5716 9
      vertex 76.03 78.328 9
    endloop
  endfacet
  facet normal -0 0 1
    outer loop
      vertex 75.7956 77.9933 9
      vertex 76.2981 77.5716 9
      vertex 75.7974 77.9958 9
    endloop
  endfacet
  facet normal 0 0 1
    outer loop
      vertex 76.2981 77.5716 9
      vertex 75.7956 77.9933 9
      vertex 75.9284 77.2019 9
    endloop
  endfacet
  facet normal -0 0 1
    outer loop
      vertex 75.5067 77.7044 9
      vertex 75.9284 77.2019 9
      vertex 75.7956 77.9933 9
    endloop
  endfacet
  facet normal -0 0 1
    outer loop
      vertex 75.5042 77.7026 9
      vertex 75.9284 77.2019 9
      vertex 75.5067 77.7044 9
    endloop
  endfacet
  facet normal 0 0 1
    outer loop
      vertex 75.5042 77.7026 9
      vertex 75.5 76.9019 9
      vertex 75.9284 77.2019 9
    endloop
  endfacet
  facet normal -0 0 1
    outer loop
      vertex 75.172 77.47 9
      vertex 75.5 76.9019 9
      vertex 75.5042 77.7026 9
    endloop
  endfacet
  facet normal 0 0 1
    outer loop
      vertex 75.172 77.47 9
      vertex 75.0261 76.6809 9
      vertex 75.5 76.9019 9
    endloop
  endfacet
  facet normal -0 0 1
    outer loop
      vertex 74.8045 77.2987 9
      vertex 75.0261 76.6809 9
      vertex 75.172 77.47 9
    endloop
  endfacet
  facet normal -0 0 1
    outer loop
      vertex 74.8017 77.2974 9
      vertex 75.0261 76.6809 9
      vertex 74.8045 77.2987 9
    endloop
  endfacet
  facet normal -0 0 1
    outer loop
      vertex 74.7988 77.2966 9
      vertex 75.0261 76.6809 9
      vertex 74.8017 77.2974 9
    endloop
  endfacet
  facet normal 0 0 1
    outer loop
      vertex 74.7988 77.2966 9
      vertex 74.5209 76.5456 9
      vertex 75.0261 76.6809 9
    endloop
  endfacet
  facet normal -0 0 1
    outer loop
      vertex 74.407 77.1916 9
      vertex 74.5209 76.5456 9
      vertex 74.7988 77.2966 9
    endloop
  endfacet
  facet normal -0 0 1
    outer loop
      vertex 74.404 77.1913 9
      vertex 74.5209 76.5456 9
      vertex 74.407 77.1916 9
    endloop
  endfacet
  facet normal -0 0 1
    outer loop
      vertex 74 77.156 9
      vertex 74.5209 76.5456 9
      vertex 74.404 77.1913 9
    endloop
  endfacet
  facet normal 0 0 1
    outer loop
      vertex 74 77.156 9
      vertex 74 76.5 9
      vertex 74.5209 76.5456 9
    endloop
  endfacet
  facet normal 0 0 1
    outer loop
      vertex 73.596 77.1913 9
      vertex 74 76.5 9
      vertex 74 77.156 9
    endloop
  endfacet
  facet normal 0 0 1
    outer loop
      vertex 73.4791 76.5456 9
      vertex 73.596 77.1913 9
      vertex 73.593 77.1916 9
    endloop
  endfacet
  facet normal 0 0 1
    outer loop
      vertex 73.596 77.1913 9
      vertex 73.4791 76.5456 9
      vertex 74 76.5 9
    endloop
  endfacet
  facet normal 0 0 1
    outer loop
      vertex 73.2012 77.2966 9
      vertex 73.4791 76.5456 9
      vertex 73.593 77.1916 9
    endloop
  endfacet
  facet normal 0 0 1
    outer loop
      vertex 72.9739 76.6809 9
      vertex 73.2012 77.2966 9
      vertex 73.1983 77.2974 9
    endloop
  endfacet
  facet normal 0 0 1
    outer loop
      vertex 72.9739 76.6809 9
      vertex 73.1983 77.2974 9
      vertex 73.1955 77.2987 9
    endloop
  endfacet
  facet normal 0 0 1
    outer loop
      vertex 73.2012 77.2966 9
      vertex 72.9739 76.6809 9
      vertex 73.4791 76.5456 9
    endloop
  endfacet
  facet normal 0 0 1
    outer loop
      vertex 72.828 77.47 9
      vertex 72.9739 76.6809 9
      vertex 73.1955 77.2987 9
    endloop
  endfacet
  facet normal 0 0 1
    outer loop
      vertex 72.828 77.47 9
      vertex 72.5 76.9019 9
      vertex 72.9739 76.6809 9
    endloop
  endfacet
  facet normal 0 0 1
    outer loop
      vertex 72.4958 77.7026 9
      vertex 72.5 76.9019 9
      vertex 72.828 77.47 9
    endloop
  endfacet
  facet normal 0 0 1
    outer loop
      vertex 72.0716 77.2019 9
      vertex 72.4958 77.7026 9
      vertex 72.4933 77.7044 9
    endloop
  endfacet
  facet normal 0 0 1
    outer loop
      vertex 72.0716 77.2019 9
      vertex 72.4933 77.7044 9
      vertex 72.2044 77.9933 9
    endloop
  endfacet
  facet normal 0 0 1
    outer loop
      vertex 71.7019 77.5716 9
      vertex 72.2044 77.9933 9
      vertex 72.2026 77.9958 9
    endloop
  endfacet
  facet normal 0 0 1
    outer loop
      vertex 72.4958 77.7026 9
      vertex 72.0716 77.2019 9
      vertex 72.5 76.9019 9
    endloop
  endfacet
  facet normal 0 0 1
    outer loop
      vertex 71.7019 77.5716 9
      vertex 72.2026 77.9958 9
      vertex 71.97 78.328 9
    endloop
  endfacet
  facet normal 0 0 1
    outer loop
      vertex 71.4019 78 9
      vertex 71.97 78.328 9
      vertex 71.7987 78.6955 9
    endloop
  endfacet
  facet normal 0 0 1
    outer loop
      vertex 71.1809 78.4739 9
      vertex 71.7987 78.6955 9
      vertex 71.7974 78.6983 9
    endloop
  endfacet
  facet normal 0 0 1
    outer loop
      vertex 71.1809 78.4739 9
      vertex 71.7974 78.6983 9
      vertex 71.7966 78.7012 9
    endloop
  endfacet
  facet normal 0 0 1
    outer loop
      vertex 72.2044 77.9933 9
      vertex 71.7019 77.5716 9
      vertex 72.0716 77.2019 9
    endloop
  endfacet
  facet normal 0 0 1
    outer loop
      vertex 71.1809 78.4739 9
      vertex 71.7966 78.7012 9
      vertex 71.6916 79.093 9
    endloop
  endfacet
  facet normal 0 0 1
    outer loop
      vertex 71.0456 78.9791 9
      vertex 71.6916 79.093 9
      vertex 71.6913 79.096 9
    endloop
  endfacet
  facet normal 0 0 1
    outer loop
      vertex 71.0456 78.9791 9
      vertex 71.6913 79.096 9
      vertex 71.656 79.5 9
    endloop
  endfacet
  facet normal 0 0 1
    outer loop
      vertex 71.6916 79.907 9
      vertex 71.0456 80.0209 9
      vertex 71.6913 79.904 9
    endloop
  endfacet
  facet normal 0 0 1
    outer loop
      vertex 71.97 78.328 9
      vertex 71.4019 78 9
      vertex 71.7019 77.5716 9
    endloop
  endfacet
  facet normal 0 0 1
    outer loop
      vertex 71.6913 79.904 9
      vertex 71.0456 80.0209 9
      vertex 71.656 79.5 9
    endloop
  endfacet
  facet normal 0 0 1
    outer loop
      vertex 71.7987 78.6955 9
      vertex 71.1809 78.4739 9
      vertex 71.4019 78 9
    endloop
  endfacet
  facet normal 0 0 1
    outer loop
      vertex 71 79.5 9
      vertex 71.656 79.5 9
      vertex 71.0456 80.0209 9
    endloop
  endfacet
  facet normal 0 0 1
    outer loop
      vertex 71.6916 79.093 9
      vertex 71.0456 78.9791 9
      vertex 71.1809 78.4739 9
    endloop
  endfacet
  facet normal 0 0 1
    outer loop
      vertex 71.656 79.5 9
      vertex 71 79.5 9
      vertex 71.0456 78.9791 9
    endloop
  endfacet
  facet normal 0.573616 -0.819124 0
    outer loop
      vertex 75.5 76.9019 5.01
      vertex 75.9284 77.2019 9
      vertex 75.5 76.9019 9
    endloop
  endfacet
  facet normal 0.573616 -0.819124 0
    outer loop
      vertex 75.9284 77.2019 9
      vertex 75.5 76.9019 5.01
      vertex 75.9284 77.2019 5.01
    endloop
  endfacet
  facet normal 0.573616 0.819124 -0
    outer loop
      vertex 75.9284 81.7981 5
      vertex 75.5 82.0981 9
      vertex 75.9284 81.7981 9
    endloop
  endfacet
  facet normal 0.573616 0.819124 0
    outer loop
      vertex 75.5 82.0981 9
      vertex 75.9284 81.7981 5
      vertex 75.5 82.0981 5
    endloop
  endfacet
  facet normal 0.0872073 0.99619 -0
    outer loop
      vertex 74.5209 82.4544 5
      vertex 74 82.5 9
      vertex 74.5209 82.4544 9
    endloop
  endfacet
  facet normal 0.0872073 0.99619 0
    outer loop
      vertex 74 82.5 9
      vertex 74.5209 82.4544 5
      vertex 74 82.5 5
    endloop
  endfacet
  facet normal -0.906295 0.422645 0
    outer loop
      vertex 71.1809 80.5261 5
      vertex 71.4019 81 9
      vertex 71.4019 81 5
    endloop
  endfacet
  facet normal -0.906295 0.422645 0
    outer loop
      vertex 71.4019 81 9
      vertex 71.1809 80.5261 5
      vertex 71.1809 80.5261 9
    endloop
  endfacet
  facet normal 0.99619 -0.0872073 0
    outer loop
      vertex 76.9544 78.9791 9
      vertex 77 79.5 5
      vertex 77 79.5 9
    endloop
  endfacet
  facet normal 0.99619 -0.0872073 0
    outer loop
      vertex 77 79.5 5
      vertex 76.9544 78.9791 9
      vertex 76.9544 78.9791 5
    endloop
  endfacet
  facet normal -0.258698 0.965958 0
    outer loop
      vertex 73.4791 82.4544 5
      vertex 72.9739 82.3191 9
      vertex 73.4791 82.4544 9
    endloop
  endfacet
  facet normal -0.258698 0.965958 0
    outer loop
      vertex 72.9739 82.3191 9
      vertex 73.4791 82.4544 5
      vertex 72.9739 82.3191 5
    endloop
  endfacet
  facet normal -0.0872073 0.99619 0
    outer loop
      vertex 74 82.5 5
      vertex 73.4791 82.4544 9
      vertex 74 82.5 9
    endloop
  endfacet
  facet normal -0.0872073 0.99619 0
    outer loop
      vertex 73.4791 82.4544 9
      vertex 74 82.5 5
      vertex 73.4791 82.4544 5
    endloop
  endfacet
  facet normal -0.906295 -0.422645 0
    outer loop
      vertex 71.4019 78 5
      vertex 71.1809 78.4739 9
      vertex 71.1809 78.4739 5
    endloop
  endfacet
  facet normal -0.906295 -0.422645 0
    outer loop
      vertex 71.1809 78.4739 9
      vertex 71.4019 78 5
      vertex 71.4019 78 9
    endloop
  endfacet
  facet normal -0.819124 -0.573616 0
    outer loop
      vertex 71.7019 77.5716 5
      vertex 71.4019 78 9
      vertex 71.4019 78 5
    endloop
  endfacet
  facet normal -0.819124 -0.573616 0
    outer loop
      vertex 71.4019 78 9
      vertex 71.7019 77.5716 5
      vertex 71.7019 77.5716 9
    endloop
  endfacet
  facet normal -0.707107 -0.707107 0
    outer loop
      vertex 72.0716 77.2019 5
      vertex 71.7019 77.5716 9
      vertex 71.7019 77.5716 5
    endloop
  endfacet
  facet normal -0.707107 -0.707107 0
    outer loop
      vertex 71.7019 77.5716 9
      vertex 72.0716 77.2019 5
      vertex 72.0716 77.2019 9
    endloop
  endfacet
  facet normal -0.422645 -0.906295 0
    outer loop
      vertex 72.5 76.9019 5
      vertex 72.9739 76.6809 9
      vertex 72.5 76.9019 9
    endloop
  endfacet
  facet normal -0.422645 -0.906295 -0
    outer loop
      vertex 72.9739 76.6809 9
      vertex 72.5 76.9019 5
      vertex 72.9739 76.6809 5
    endloop
  endfacet
  facet normal -0.965958 0.258698 0
    outer loop
      vertex 71.0456 80.0209 5
      vertex 71.1809 80.5261 9
      vertex 71.1809 80.5261 5
    endloop
  endfacet
  facet normal -0.965958 0.258698 0
    outer loop
      vertex 71.1809 80.5261 9
      vertex 71.0456 80.0209 5
      vertex 71.0456 80.0209 9
    endloop
  endfacet
  facet normal -0.707107 0.707107 0
    outer loop
      vertex 71.7019 81.4284 5
      vertex 72.0716 81.7981 9
      vertex 72.0716 81.7981 5
    endloop
  endfacet
  facet normal -0.707107 0.707107 0
    outer loop
      vertex 72.0716 81.7981 9
      vertex 71.7019 81.4284 5
      vertex 71.7019 81.4284 9
    endloop
  endfacet
  facet normal -0.906302 0.42263 0
    outer loop
      vertex 8.95231 18.5652 5
      vertex 9.50481 19.75 9
      vertex 9.50481 19.75 5
    endloop
  endfacet
  facet normal -0.906302 0.42263 0
    outer loop
      vertex 9.50481 19.75 9
      vertex 8.95231 18.5652 5
      vertex 8.95231 18.5652 9
    endloop
  endfacet
  facet normal 0.965919 0.258843 0
    outer loop
      vertex 23.3861 17.3024 9
      vertex 23.0477 18.5652 5
      vertex 23.0477 18.5652 9
    endloop
  endfacet
  facet normal 0.965919 0.258843 0
    outer loop
      vertex 23.0477 18.5652 5
      vertex 23.3861 17.3024 9
      vertex 23.3861 17.3024 5
    endloop
  endfacet
  facet normal 0.996198 0.0871214 0
    outer loop
      vertex 23.5 16 9
      vertex 23.3861 17.3024 5
      vertex 23.3861 17.3024 9
    endloop
  endfacet
  facet normal 0.996198 0.0871214 0
    outer loop
      vertex 23.3861 17.3024 5
      vertex 23.5 16 9
      vertex 23.5 16 5
    endloop
  endfacet
  facet normal 0.906302 0.42263 0
    outer loop
      vertex 23.0477 18.5652 9
      vertex 22.4952 19.75 5
      vertex 22.4952 19.75 9
    endloop
  endfacet
  facet normal 0.906302 0.42263 0
    outer loop
      vertex 22.4952 19.75 5
      vertex 23.0477 18.5652 9
      vertex 23.0477 18.5652 5
    endloop
  endfacet
  facet normal -0.573596 -0.819138 0
    outer loop
      vertex 11.1791 10.2547 5
      vertex 12.25 9.50481 9
      vertex 11.1791 10.2547 9
    endloop
  endfacet
  facet normal -0.573596 -0.819138 -0
    outer loop
      vertex 12.25 9.50481 9
      vertex 11.1791 10.2547 5
      vertex 12.25 9.50481 5
    endloop
  endfacet
  facet normal 0.819135 -0.573601 0
    outer loop
      vertex 21.7453 11.1791 9
      vertex 22.4952 12.25 5
      vertex 22.4952 12.25 9
    endloop
  endfacet
  facet normal 0.819135 -0.573601 0
    outer loop
      vertex 22.4952 12.25 5
      vertex 21.7453 11.1791 9
      vertex 21.7453 11.1791 5
    endloop
  endfacet
  facet normal -0.0871518 -0.996195 0
    outer loop
      vertex 14.6976 8.61394 5
      vertex 16 8.5 9
      vertex 14.6976 8.61394 9
    endloop
  endfacet
  facet normal -0.0871518 -0.996195 -0
    outer loop
      vertex 16 8.5 9
      vertex 14.6976 8.61394 5
      vertex 16 8.5 5
    endloop
  endfacet
  facet normal -0.573601 0.819135 0
    outer loop
      vertex 12.25 22.4952 5
      vertex 11.1791 21.7453 9
      vertex 12.25 22.4952 9
    endloop
  endfacet
  facet normal -0.573601 0.819135 0
    outer loop
      vertex 11.1791 21.7453 9
      vertex 12.25 22.4952 5
      vertex 11.1791 21.7453 5
    endloop
  endfacet
  facet normal -0.258822 -0.965925 0
    outer loop
      vertex 13.4348 8.95231 5
      vertex 14.6976 8.61394 9
      vertex 13.4348 8.95231 9
    endloop
  endfacet
  facet normal -0.258822 -0.965925 -0
    outer loop
      vertex 14.6976 8.61394 9
      vertex 13.4348 8.95231 5
      vertex 14.6976 8.61394 5
    endloop
  endfacet
  facet normal 0.42263 -0.906302 0
    outer loop
      vertex 18.5652 8.95231 5
      vertex 19.75 9.50481 9
      vertex 18.5652 8.95231 9
    endloop
  endfacet
  facet normal 0.42263 -0.906302 0
    outer loop
      vertex 19.75 9.50481 9
      vertex 18.5652 8.95231 5
      vertex 19.75 9.50481 5
    endloop
  endfacet
  facet normal 0.707107 -0.707107 0
    outer loop
      vertex 20.8209 10.2547 9
      vertex 21.7453 11.1791 5
      vertex 21.7453 11.1791 9
    endloop
  endfacet
  facet normal 0.707107 -0.707107 0
    outer loop
      vertex 21.7453 11.1791 5
      vertex 20.8209 10.2547 9
      vertex 20.8209 10.2547 5
    endloop
  endfacet
  facet normal -0.996195 -0.0871518 0
    outer loop
      vertex 8.61394 14.6976 5
      vertex 8.5 16 9
      vertex 8.5 16 5
    endloop
  endfacet
  facet normal -0.996195 -0.0871518 0
    outer loop
      vertex 8.5 16 9
      vertex 8.61394 14.6976 5
      vertex 8.61394 14.6976 9
    endloop
  endfacet
  facet normal 0.573596 -0.819138 0
    outer loop
      vertex 19.75 9.50481 5
      vertex 20.8209 10.2547 9
      vertex 19.75 9.50481 9
    endloop
  endfacet
  facet normal 0.573596 -0.819138 0
    outer loop
      vertex 20.8209 10.2547 9
      vertex 19.75 9.50481 5
      vertex 20.8209 10.2547 5
    endloop
  endfacet
  facet normal 0.0871518 -0.996195 0
    outer loop
      vertex 16 8.5 5
      vertex 17.3024 8.61394 9
      vertex 16 8.5 9
    endloop
  endfacet
  facet normal 0.0871518 -0.996195 0
    outer loop
      vertex 17.3024 8.61394 9
      vertex 16 8.5 5
      vertex 17.3024 8.61394 5
    endloop
  endfacet
  facet normal -0.819138 0.573596 0
    outer loop
      vertex 9.50481 19.75 5
      vertex 10.2547 20.8209 9
      vertex 10.2547 20.8209 5
    endloop
  endfacet
  facet normal -0.819138 0.573596 0
    outer loop
      vertex 10.2547 20.8209 9
      vertex 9.50481 19.75 5
      vertex 9.50481 19.75 9
    endloop
  endfacet
  facet normal -0.42263 0.906302 0
    outer loop
      vertex 13.4348 23.0477 5
      vertex 12.25 22.4952 9
      vertex 13.4348 23.0477 9
    endloop
  endfacet
  facet normal -0.42263 0.906302 0
    outer loop
      vertex 12.25 22.4952 9
      vertex 13.4348 23.0477 5
      vertex 12.25 22.4952 5
    endloop
  endfacet
  facet normal -0.965925 -0.258822 0
    outer loop
      vertex 8.95231 13.4348 5
      vertex 8.61394 14.6976 9
      vertex 8.61394 14.6976 5
    endloop
  endfacet
  facet normal -0.965925 -0.258822 0
    outer loop
      vertex 8.61394 14.6976 9
      vertex 8.95231 13.4348 5
      vertex 8.95231 13.4348 9
    endloop
  endfacet
  facet normal 0 0 1
    outer loop
      vertex 22.2 16 9
      vertex 23.5 16 9
      vertex 23.3861 17.3024 9
    endloop
  endfacet
  facet normal 0 0 1
    outer loop
      vertex 22.1058 17.0766 9
      vertex 23.3861 17.3024 9
      vertex 23.0477 18.5652 9
    endloop
  endfacet
  facet normal 0 0 1
    outer loop
      vertex 23.5 16 9
      vertex 22.2 16 9
      vertex 23.3861 14.6976 9
    endloop
  endfacet
  facet normal 0 0 1
    outer loop
      vertex 21.8261 18.1205 9
      vertex 23.0477 18.5652 9
      vertex 22.4952 19.75 9
    endloop
  endfacet
  facet normal -0 0 1
    outer loop
      vertex 22.1058 14.9234 9
      vertex 23.3861 14.6976 9
      vertex 22.2 16 9
    endloop
  endfacet
  facet normal 0 0 1
    outer loop
      vertex 23.3861 14.6976 9
      vertex 22.1058 14.9234 9
      vertex 23.0477 13.4348 9
    endloop
  endfacet
  facet normal 0 0 1
    outer loop
      vertex 23.3861 17.3024 9
      vertex 22.1058 17.0766 9
      vertex 22.2 16 9
    endloop
  endfacet
  facet normal 0 0 1
    outer loop
      vertex 23.0477 18.5652 9
      vertex 21.8261 18.1205 9
      vertex 22.1058 17.0766 9
    endloop
  endfacet
  facet normal 0 0 1
    outer loop
      vertex 21.3694 19.1 9
      vertex 22.4952 19.75 9
      vertex 21.7453 20.8209 9
    endloop
  endfacet
  facet normal 0 0 1
    outer loop
      vertex 22.4952 19.75 9
      vertex 21.3694 19.1 9
      vertex 21.8261 18.1205 9
    endloop
  endfacet
  facet normal 0 0 1
    outer loop
      vertex 20.7495 19.9853 9
      vertex 21.7453 20.8209 9
      vertex 20.8209 21.7453 9
    endloop
  endfacet
  facet normal 0 0 1
    outer loop
      vertex 21.7453 20.8209 9
      vertex 20.7495 19.9853 9
      vertex 21.3694 19.1 9
    endloop
  endfacet
  facet normal 0 0 1
    outer loop
      vertex 20.8209 21.7453 9
      vertex 19.9853 20.7495 9
      vertex 20.7495 19.9853 9
    endloop
  endfacet
  facet normal 0 0 1
    outer loop
      vertex 19.75 22.4952 9
      vertex 19.9853 20.7495 9
      vertex 20.8209 21.7453 9
    endloop
  endfacet
  facet normal 0 0 1
    outer loop
      vertex 19.75 22.4952 9
      vertex 19.1 21.3694 9
      vertex 19.9853 20.7495 9
    endloop
  endfacet
  facet normal 0 0 1
    outer loop
      vertex 18.5652 23.0477 9
      vertex 19.1 21.3694 9
      vertex 19.75 22.4952 9
    endloop
  endfacet
  facet normal 0 0 1
    outer loop
      vertex 18.5652 23.0477 9
      vertex 18.1205 21.8261 9
      vertex 19.1 21.3694 9
    endloop
  endfacet
  facet normal 0 0 1
    outer loop
      vertex 17.3024 23.3861 9
      vertex 18.1205 21.8261 9
      vertex 18.5652 23.0477 9
    endloop
  endfacet
  facet normal 0 0 1
    outer loop
      vertex 17.3024 23.3861 9
      vertex 17.0766 22.1058 9
      vertex 18.1205 21.8261 9
    endloop
  endfacet
  facet normal 0 0 1
    outer loop
      vertex 16 23.5 9
      vertex 17.0766 22.1058 9
      vertex 17.3024 23.3861 9
    endloop
  endfacet
  facet normal 0 0 1
    outer loop
      vertex 16 23.5 9
      vertex 16 22.2 9
      vertex 17.0766 22.1058 9
    endloop
  endfacet
  facet normal 0 0 1
    outer loop
      vertex 16 23.5 9
      vertex 14.9234 22.1058 9
      vertex 16 22.2 9
    endloop
  endfacet
  facet normal -0 0 1
    outer loop
      vertex 14.6976 23.3861 9
      vertex 14.9234 22.1058 9
      vertex 16 23.5 9
    endloop
  endfacet
  facet normal 0 0 1
    outer loop
      vertex 14.6976 23.3861 9
      vertex 13.8795 21.8261 9
      vertex 14.9234 22.1058 9
    endloop
  endfacet
  facet normal -0 0 1
    outer loop
      vertex 13.4348 23.0477 9
      vertex 13.8795 21.8261 9
      vertex 14.6976 23.3861 9
    endloop
  endfacet
  facet normal 0 0 1
    outer loop
      vertex 13.4348 23.0477 9
      vertex 12.9 21.3694 9
      vertex 13.8795 21.8261 9
    endloop
  endfacet
  facet normal -0 0 1
    outer loop
      vertex 12.25 22.4952 9
      vertex 12.9 21.3694 9
      vertex 13.4348 23.0477 9
    endloop
  endfacet
  facet normal 0 0 1
    outer loop
      vertex 12.25 22.4952 9
      vertex 12.0147 20.7495 9
      vertex 12.9 21.3694 9
    endloop
  endfacet
  facet normal -0 0 1
    outer loop
      vertex 11.1791 21.7453 9
      vertex 12.0147 20.7495 9
      vertex 12.25 22.4952 9
    endloop
  endfacet
  facet normal 0 0 1
    outer loop
      vertex 12.0147 20.7495 9
      vertex 11.1791 21.7453 9
      vertex 11.2505 19.9853 9
    endloop
  endfacet
  facet normal -0 0 1
    outer loop
      vertex 10.2547 20.8209 9
      vertex 11.2505 19.9853 9
      vertex 11.1791 21.7453 9
    endloop
  endfacet
  facet normal 0 0 1
    outer loop
      vertex 11.2505 19.9853 9
      vertex 10.2547 20.8209 9
      vertex 10.6306 19.1 9
    endloop
  endfacet
  facet normal -0 0 1
    outer loop
      vertex 9.50481 19.75 9
      vertex 10.6306 19.1 9
      vertex 10.2547 20.8209 9
    endloop
  endfacet
  facet normal 0 0 1
    outer loop
      vertex 10.6306 19.1 9
      vertex 9.50481 19.75 9
      vertex 10.1739 18.1205 9
    endloop
  endfacet
  facet normal 0 0 1
    outer loop
      vertex 10.1739 18.1205 9
      vertex 8.95231 18.5652 9
      vertex 9.89419 17.0766 9
    endloop
  endfacet
  facet normal -0 0 1
    outer loop
      vertex 8.95231 18.5652 9
      vertex 10.1739 18.1205 9
      vertex 9.50481 19.75 9
    endloop
  endfacet
  facet normal -0 0 1
    outer loop
      vertex 21.8261 13.8795 9
      vertex 23.0477 13.4348 9
      vertex 22.1058 14.9234 9
    endloop
  endfacet
  facet normal 0 0 1
    outer loop
      vertex 23.0477 13.4348 9
      vertex 21.8261 13.8795 9
      vertex 22.4952 12.25 9
    endloop
  endfacet
  facet normal -0 0 1
    outer loop
      vertex 21.3694 12.9 9
      vertex 22.4952 12.25 9
      vertex 21.8261 13.8795 9
    endloop
  endfacet
  facet normal 0 0 1
    outer loop
      vertex 22.4952 12.25 9
      vertex 21.3694 12.9 9
      vertex 21.7453 11.1791 9
    endloop
  endfacet
  facet normal -0 0 1
    outer loop
      vertex 20.7495 12.0147 9
      vertex 21.7453 11.1791 9
      vertex 21.3694 12.9 9
    endloop
  endfacet
  facet normal 0 0 1
    outer loop
      vertex 21.7453 11.1791 9
      vertex 20.7495 12.0147 9
      vertex 20.8209 10.2547 9
    endloop
  endfacet
  facet normal -0 0 1
    outer loop
      vertex 19.9853 11.2505 9
      vertex 20.8209 10.2547 9
      vertex 20.7495 12.0147 9
    endloop
  endfacet
  facet normal 0 0 1
    outer loop
      vertex 19.9853 11.2505 9
      vertex 19.75 9.50481 9
      vertex 20.8209 10.2547 9
    endloop
  endfacet
  facet normal -0 0 1
    outer loop
      vertex 19.1 10.6306 9
      vertex 19.75 9.50481 9
      vertex 19.9853 11.2505 9
    endloop
  endfacet
  facet normal 0 0 1
    outer loop
      vertex 19.1 10.6306 9
      vertex 18.5652 8.95231 9
      vertex 19.75 9.50481 9
    endloop
  endfacet
  facet normal -0 0 1
    outer loop
      vertex 18.1205 10.1739 9
      vertex 18.5652 8.95231 9
      vertex 19.1 10.6306 9
    endloop
  endfacet
  facet normal 0 0 1
    outer loop
      vertex 18.1205 10.1739 9
      vertex 17.3024 8.61394 9
      vertex 18.5652 8.95231 9
    endloop
  endfacet
  facet normal -0 0 1
    outer loop
      vertex 17.0766 9.89419 9
      vertex 17.3024 8.61394 9
      vertex 18.1205 10.1739 9
    endloop
  endfacet
  facet normal -0 0 1
    outer loop
      vertex 16 9.8 9
      vertex 17.3024 8.61394 9
      vertex 17.0766 9.89419 9
    endloop
  endfacet
  facet normal 0 0 1
    outer loop
      vertex 16 9.8 9
      vertex 16 8.5 9
      vertex 17.3024 8.61394 9
    endloop
  endfacet
  facet normal 0 0 1
    outer loop
      vertex 14.9234 9.89419 9
      vertex 16 8.5 9
      vertex 16 9.8 9
    endloop
  endfacet
  facet normal 0 0 1
    outer loop
      vertex 14.9234 9.89419 9
      vertex 14.6976 8.61394 9
      vertex 16 8.5 9
    endloop
  endfacet
  facet normal 0 0 1
    outer loop
      vertex 13.8795 10.1739 9
      vertex 14.6976 8.61394 9
      vertex 14.9234 9.89419 9
    endloop
  endfacet
  facet normal 0 0 1
    outer loop
      vertex 13.8795 10.1739 9
      vertex 13.4348 8.95231 9
      vertex 14.6976 8.61394 9
    endloop
  endfacet
  facet normal 0 0 1
    outer loop
      vertex 12.9 10.6306 9
      vertex 13.4348 8.95231 9
      vertex 13.8795 10.1739 9
    endloop
  endfacet
  facet normal 0 0 1
    outer loop
      vertex 12.9 10.6306 9
      vertex 12.25 9.50481 9
      vertex 13.4348 8.95231 9
    endloop
  endfacet
  facet normal 0 0 1
    outer loop
      vertex 12.0147 11.2505 9
      vertex 12.25 9.50481 9
      vertex 12.9 10.6306 9
    endloop
  endfacet
  facet normal 0 0 1
    outer loop
      vertex 11.1791 10.2547 9
      vertex 12.0147 11.2505 9
      vertex 11.2505 12.0147 9
    endloop
  endfacet
  facet normal 0 0 1
    outer loop
      vertex 12.0147 11.2505 9
      vertex 11.1791 10.2547 9
      vertex 12.25 9.50481 9
    endloop
  endfacet
  facet normal 0 0 1
    outer loop
      vertex 10.2547 11.1791 9
      vertex 11.2505 12.0147 9
      vertex 10.6306 12.9 9
    endloop
  endfacet
  facet normal 0 0 1
    outer loop
      vertex 11.2505 12.0147 9
      vertex 10.2547 11.1791 9
      vertex 11.1791 10.2547 9
    endloop
  endfacet
  facet normal 0 0 1
    outer loop
      vertex 9.50481 12.25 9
      vertex 10.6306 12.9 9
      vertex 10.1739 13.8795 9
    endloop
  endfacet
  facet normal 0 0 1
    outer loop
      vertex 8.95231 13.4348 9
      vertex 10.1739 13.8795 9
      vertex 9.89419 14.9234 9
    endloop
  endfacet
  facet normal 0 0 1
    outer loop
      vertex 10.6306 12.9 9
      vertex 9.50481 12.25 9
      vertex 10.2547 11.1791 9
    endloop
  endfacet
  facet normal 0 0 1
    outer loop
      vertex 8.61394 14.6976 9
      vertex 9.89419 14.9234 9
      vertex 9.8 16 9
    endloop
  endfacet
  facet normal -0 0 1
    outer loop
      vertex 8.61394 17.3024 9
      vertex 9.89419 17.0766 9
      vertex 8.95231 18.5652 9
    endloop
  endfacet
  facet normal 0 0 1
    outer loop
      vertex 9.89419 17.0766 9
      vertex 8.61394 17.3024 9
      vertex 9.8 16 9
    endloop
  endfacet
  facet normal 0 0 1
    outer loop
      vertex 10.1739 13.8795 9
      vertex 8.95231 13.4348 9
      vertex 9.50481 12.25 9
    endloop
  endfacet
  facet normal 0 0 1
    outer loop
      vertex 8.5 16 9
      vertex 9.8 16 9
      vertex 8.61394 17.3024 9
    endloop
  endfacet
  facet normal 0 0 1
    outer loop
      vertex 9.89419 14.9234 9
      vertex 8.61394 14.6976 9
      vertex 8.95231 13.4348 9
    endloop
  endfacet
  facet normal 0 0 1
    outer loop
      vertex 9.8 16 9
      vertex 8.5 16 9
      vertex 8.61394 14.6976 9
    endloop
  endfacet
  facet normal 0.819135 0.573601 0
    outer loop
      vertex 22.4952 19.75 9
      vertex 21.7453 20.8209 5
      vertex 21.7453 20.8209 9
    endloop
  endfacet
  facet normal 0.819135 0.573601 0
    outer loop
      vertex 21.7453 20.8209 5
      vertex 22.4952 19.75 9
      vertex 22.4952 19.75 5
    endloop
  endfacet
  facet normal 0.906302 -0.42263 0
    outer loop
      vertex 22.4952 12.25 9
      vertex 23.0477 13.4348 5
      vertex 23.0477 13.4348 9
    endloop
  endfacet
  facet normal 0.906302 -0.42263 0
    outer loop
      vertex 23.0477 13.4348 5
      vertex 22.4952 12.25 9
      vertex 22.4952 12.25 5
    endloop
  endfacet
  facet normal 0.996198 -0.0871214 0
    outer loop
      vertex 23.3861 14.6976 9
      vertex 23.5 16 5
      vertex 23.5 16 9
    endloop
  endfacet
  facet normal 0.996198 -0.0871214 0
    outer loop
      vertex 23.5 16 5
      vertex 23.3861 14.6976 9
      vertex 23.3861 14.6976 5
    endloop
  endfacet
  facet normal 0.965919 -0.258843 0
    outer loop
      vertex 23.0477 13.4348 9
      vertex 23.3861 14.6976 5
      vertex 23.3861 14.6976 9
    endloop
  endfacet
  facet normal 0.965919 -0.258843 0
    outer loop
      vertex 23.3861 14.6976 5
      vertex 23.0477 13.4348 9
      vertex 23.0477 13.4348 5
    endloop
  endfacet
  facet normal 0.42263 0.906302 -0
    outer loop
      vertex 19.75 22.4952 5
      vertex 18.5652 23.0477 9
      vertex 19.75 22.4952 9
    endloop
  endfacet
  facet normal 0.42263 0.906302 0
    outer loop
      vertex 18.5652 23.0477 9
      vertex 19.75 22.4952 5
      vertex 18.5652 23.0477 5
    endloop
  endfacet
  facet normal 0.707107 0.707107 0
    outer loop
      vertex 21.7453 20.8209 9
      vertex 20.8209 21.7453 5
      vertex 20.8209 21.7453 9
    endloop
  endfacet
  facet normal 0.707107 0.707107 0
    outer loop
      vertex 20.8209 21.7453 5
      vertex 21.7453 20.8209 9
      vertex 21.7453 20.8209 5
    endloop
  endfacet
  facet normal 0.258822 -0.965925 0
    outer loop
      vertex 17.3024 8.61394 5
      vertex 18.5652 8.95231 9
      vertex 17.3024 8.61394 9
    endloop
  endfacet
  facet normal 0.258822 -0.965925 0
    outer loop
      vertex 18.5652 8.95231 9
      vertex 17.3024 8.61394 5
      vertex 18.5652 8.95231 5
    endloop
  endfacet
  facet normal -0.996195 0.0871518 0
    outer loop
      vertex 8.5 16 5
      vertex 8.61394 17.3024 9
      vertex 8.61394 17.3024 5
    endloop
  endfacet
  facet normal -0.996195 0.0871518 0
    outer loop
      vertex 8.61394 17.3024 9
      vertex 8.5 16 5
      vertex 8.5 16 9
    endloop
  endfacet
  facet normal 0.573601 0.819135 -0
    outer loop
      vertex 20.8209 21.7453 5
      vertex 19.75 22.4952 9
      vertex 20.8209 21.7453 9
    endloop
  endfacet
  facet normal 0.573601 0.819135 0
    outer loop
      vertex 19.75 22.4952 9
      vertex 20.8209 21.7453 5
      vertex 19.75 22.4952 5
    endloop
  endfacet
  facet normal -0.42263 -0.906302 0
    outer loop
      vertex 12.25 9.50481 5
      vertex 13.4348 8.95231 9
      vertex 12.25 9.50481 9
    endloop
  endfacet
  facet normal -0.42263 -0.906302 -0
    outer loop
      vertex 13.4348 8.95231 9
      vertex 12.25 9.50481 5
      vertex 13.4348 8.95231 5
    endloop
  endfacet
  facet normal -0.258843 0.965919 0
    outer loop
      vertex 14.6976 23.3861 5
      vertex 13.4348 23.0477 9
      vertex 14.6976 23.3861 9
    endloop
  endfacet
  facet normal -0.258843 0.965919 0
    outer loop
      vertex 13.4348 23.0477 9
      vertex 14.6976 23.3861 5
      vertex 13.4348 23.0477 5
    endloop
  endfacet
  facet normal -0.0871214 0.996198 0
    outer loop
      vertex 16 23.5 5
      vertex 14.6976 23.3861 9
      vertex 16 23.5 9
    endloop
  endfacet
  facet normal -0.0871214 0.996198 0
    outer loop
      vertex 14.6976 23.3861 9
      vertex 16 23.5 5
      vertex 14.6976 23.3861 5
    endloop
  endfacet
  facet normal -0.906302 -0.42263 0
    outer loop
      vertex 9.50481 12.25 5
      vertex 8.95231 13.4348 9
      vertex 8.95231 13.4348 5
    endloop
  endfacet
  facet normal -0.906302 -0.42263 0
    outer loop
      vertex 8.95231 13.4348 9
      vertex 9.50481 12.25 5
      vertex 9.50481 12.25 9
    endloop
  endfacet
  facet normal 0.0871214 0.996198 -0
    outer loop
      vertex 17.3024 23.3861 5
      vertex 16 23.5 9
      vertex 17.3024 23.3861 9
    endloop
  endfacet
  facet normal 0.0871214 0.996198 0
    outer loop
      vertex 16 23.5 9
      vertex 17.3024 23.3861 5
      vertex 16 23.5 5
    endloop
  endfacet
  facet normal -0.819138 -0.573596 0
    outer loop
      vertex 10.2547 11.1791 5
      vertex 9.50481 12.25 9
      vertex 9.50481 12.25 5
    endloop
  endfacet
  facet normal -0.819138 -0.573596 0
    outer loop
      vertex 9.50481 12.25 9
      vertex 10.2547 11.1791 5
      vertex 10.2547 11.1791 9
    endloop
  endfacet
  facet normal -0.707107 -0.707107 0
    outer loop
      vertex 11.1791 10.2547 5
      vertex 10.2547 11.1791 9
      vertex 10.2547 11.1791 5
    endloop
  endfacet
  facet normal -0.707107 -0.707107 0
    outer loop
      vertex 10.2547 11.1791 9
      vertex 11.1791 10.2547 5
      vertex 11.1791 10.2547 9
    endloop
  endfacet
  facet normal 0.258843 0.965919 -0
    outer loop
      vertex 18.5652 23.0477 5
      vertex 17.3024 23.3861 9
      vertex 18.5652 23.0477 9
    endloop
  endfacet
  facet normal 0.258843 0.965919 0
    outer loop
      vertex 17.3024 23.3861 9
      vertex 18.5652 23.0477 5
      vertex 17.3024 23.3861 5
    endloop
  endfacet
  facet normal -0.965925 0.258822 0
    outer loop
      vertex 8.61394 17.3024 5
      vertex 8.95231 18.5652 9
      vertex 8.95231 18.5652 5
    endloop
  endfacet
  facet normal -0.965925 0.258822 0
    outer loop
      vertex 8.95231 18.5652 9
      vertex 8.61394 17.3024 5
      vertex 8.61394 17.3024 9
    endloop
  endfacet
  facet normal -0.707107 0.707107 0
    outer loop
      vertex 11.1791 21.7453 5
      vertex 10.2547 20.8209 9
      vertex 11.1791 21.7453 9
    endloop
  endfacet
  facet normal -0.707107 0.707107 0
    outer loop
      vertex 10.2547 20.8209 9
      vertex 11.1791 21.7453 5
      vertex 10.2547 20.8209 5
    endloop
  endfacet
  facet normal 0.707107 0.707107 0
    outer loop
      vertex 12.0147 11.2505 9
      vertex 11.2505 12.0147 6
      vertex 11.2505 12.0147 9
    endloop
  endfacet
  facet normal 0.707107 0.707107 0
    outer loop
      vertex 11.2505 12.0147 6
      vertex 12.0147 11.2505 9
      vertex 12.0147 11.2505 6
    endloop
  endfacet
  facet normal 0.906325 -0.422582 0
    outer loop
      vertex 10.1739 18.1205 9
      vertex 10.6306 19.1 6
      vertex 10.6306 19.1 9
    endloop
  endfacet
  facet normal 0.906325 -0.422582 0
    outer loop
      vertex 10.6306 19.1 6
      vertex 10.1739 18.1205 9
      vertex 10.1739 18.1205 6
    endloop
  endfacet
  facet normal -0.965929 -0.258809 0
    outer loop
      vertex 22.1058 17.0766 6
      vertex 21.8261 18.1205 9
      vertex 21.8261 18.1205 6
    endloop
  endfacet
  facet normal -0.965929 -0.258809 0
    outer loop
      vertex 21.8261 18.1205 9
      vertex 22.1058 17.0766 6
      vertex 22.1058 17.0766 9
    endloop
  endfacet
  facet normal -0.996194 -0.0871647 0
    outer loop
      vertex 22.2 16 6
      vertex 22.1058 17.0766 9
      vertex 22.1058 17.0766 6
    endloop
  endfacet
  facet normal -0.996194 -0.0871647 0
    outer loop
      vertex 22.1058 17.0766 9
      vertex 22.2 16 6
      vertex 22.2 16 9
    endloop
  endfacet
  facet normal -0.906325 -0.422582 0
    outer loop
      vertex 21.8261 18.1205 6
      vertex 21.3694 19.1 9
      vertex 21.3694 19.1 6
    endloop
  endfacet
  facet normal -0.906325 -0.422582 0
    outer loop
      vertex 21.3694 19.1 9
      vertex 21.8261 18.1205 6
      vertex 21.8261 18.1205 9
    endloop
  endfacet
  facet normal -0.57358 0.819149 0
    outer loop
      vertex 19.9853 11.2505 6
      vertex 19.1 10.6306 9
      vertex 19.9853 11.2505 9
    endloop
  endfacet
  facet normal -0.57358 0.819149 0
    outer loop
      vertex 19.1 10.6306 9
      vertex 19.9853 11.2505 6
      vertex 19.1 10.6306 6
    endloop
  endfacet
  facet normal 0.0871555 0.996195 -0
    outer loop
      vertex 16 9.8 6
      vertex 14.9234 9.89419 9
      vertex 16 9.8 9
    endloop
  endfacet
  facet normal 0.0871555 0.996195 0
    outer loop
      vertex 14.9234 9.89419 9
      vertex 16 9.8 6
      vertex 14.9234 9.89419 6
    endloop
  endfacet
  facet normal -0.422582 0.906325 0
    outer loop
      vertex 19.1 10.6306 6
      vertex 18.1205 10.1739 9
      vertex 19.1 10.6306 9
    endloop
  endfacet
  facet normal -0.422582 0.906325 0
    outer loop
      vertex 18.1205 10.1739 9
      vertex 19.1 10.6306 6
      vertex 18.1205 10.1739 6
    endloop
  endfacet
  facet normal 0.258809 -0.965929 0
    outer loop
      vertex 13.8795 21.8261 6
      vertex 14.9234 22.1058 9
      vertex 13.8795 21.8261 9
    endloop
  endfacet
  facet normal 0.258809 -0.965929 0
    outer loop
      vertex 14.9234 22.1058 9
      vertex 13.8795 21.8261 6
      vertex 14.9234 22.1058 6
    endloop
  endfacet
  facet normal 0.422582 -0.906325 0
    outer loop
      vertex 12.9 21.3694 6
      vertex 13.8795 21.8261 9
      vertex 12.9 21.3694 9
    endloop
  endfacet
  facet normal 0.422582 -0.906325 0
    outer loop
      vertex 13.8795 21.8261 9
      vertex 12.9 21.3694 6
      vertex 13.8795 21.8261 6
    endloop
  endfacet
  facet normal -0.0871555 0.996195 0
    outer loop
      vertex 17.0766 9.89419 6
      vertex 16 9.8 9
      vertex 17.0766 9.89419 9
    endloop
  endfacet
  facet normal -0.0871555 0.996195 0
    outer loop
      vertex 16 9.8 9
      vertex 17.0766 9.89419 6
      vertex 16 9.8 6
    endloop
  endfacet
  facet normal 0.965926 0.258817 0
    outer loop
      vertex 10.1739 13.8795 9
      vertex 9.89419 14.9234 6
      vertex 9.89419 14.9234 9
    endloop
  endfacet
  facet normal 0.965926 0.258817 0
    outer loop
      vertex 9.89419 14.9234 6
      vertex 10.1739 13.8795 9
      vertex 10.1739 13.8795 6
    endloop
  endfacet
  facet normal 0.57358 0.819149 -0
    outer loop
      vertex 12.9 10.6306 6
      vertex 12.0147 11.2505 9
      vertex 12.9 10.6306 9
    endloop
  endfacet
  facet normal 0.57358 0.819149 0
    outer loop
      vertex 12.0147 11.2505 9
      vertex 12.9 10.6306 6
      vertex 12.0147 11.2505 6
    endloop
  endfacet
  facet normal 0.819149 -0.57358 0
    outer loop
      vertex 10.6306 19.1 9
      vertex 11.2505 19.9853 6
      vertex 11.2505 19.9853 9
    endloop
  endfacet
  facet normal 0.819149 -0.57358 0
    outer loop
      vertex 11.2505 19.9853 6
      vertex 10.6306 19.1 9
      vertex 10.6306 19.1 6
    endloop
  endfacet
  facet normal -0.906325 0.422582 0
    outer loop
      vertex 21.3694 12.9 6
      vertex 21.8261 13.8795 9
      vertex 21.8261 13.8795 6
    endloop
  endfacet
  facet normal -0.906325 0.422582 0
    outer loop
      vertex 21.8261 13.8795 9
      vertex 21.3694 12.9 6
      vertex 21.3694 12.9 9
    endloop
  endfacet
  facet normal 0.819149 0.57358 0
    outer loop
      vertex 11.2505 12.0147 9
      vertex 10.6306 12.9 6
      vertex 10.6306 12.9 9
    endloop
  endfacet
  facet normal 0.819149 0.57358 0
    outer loop
      vertex 10.6306 12.9 6
      vertex 11.2505 12.0147 9
      vertex 11.2505 12.0147 6
    endloop
  endfacet
  facet normal 0.57358 -0.819149 0
    outer loop
      vertex 12.0147 20.7495 6
      vertex 12.9 21.3694 9
      vertex 12.0147 20.7495 9
    endloop
  endfacet
  facet normal 0.57358 -0.819149 0
    outer loop
      vertex 12.9 21.3694 9
      vertex 12.0147 20.7495 6
      vertex 12.9 21.3694 6
    endloop
  endfacet
  facet normal -0.819149 0.57358 0
    outer loop
      vertex 20.7495 12.0147 6
      vertex 21.3694 12.9 9
      vertex 21.3694 12.9 6
    endloop
  endfacet
  facet normal -0.819149 0.57358 0
    outer loop
      vertex 21.3694 12.9 9
      vertex 20.7495 12.0147 6
      vertex 20.7495 12.0147 9
    endloop
  endfacet
  facet normal -0.819149 -0.57358 0
    outer loop
      vertex 21.3694 19.1 6
      vertex 20.7495 19.9853 9
      vertex 20.7495 19.9853 6
    endloop
  endfacet
  facet normal -0.819149 -0.57358 0
    outer loop
      vertex 20.7495 19.9853 9
      vertex 21.3694 19.1 6
      vertex 21.3694 19.1 9
    endloop
  endfacet
  facet normal -0.965929 0.258809 0
    outer loop
      vertex 21.8261 13.8795 6
      vertex 22.1058 14.9234 9
      vertex 22.1058 14.9234 6
    endloop
  endfacet
  facet normal -0.965929 0.258809 0
    outer loop
      vertex 22.1058 14.9234 9
      vertex 21.8261 13.8795 6
      vertex 21.8261 13.8795 9
    endloop
  endfacet
  facet normal 0.996195 -0.0871555 0
    outer loop
      vertex 9.8 16 9
      vertex 9.89419 17.0766 6
      vertex 9.89419 17.0766 9
    endloop
  endfacet
  facet normal 0.996195 -0.0871555 0
    outer loop
      vertex 9.89419 17.0766 6
      vertex 9.8 16 9
      vertex 9.8 16 6
    endloop
  endfacet
  facet normal -0.422582 -0.906325 0
    outer loop
      vertex 18.1205 21.8261 6
      vertex 19.1 21.3694 9
      vertex 18.1205 21.8261 9
    endloop
  endfacet
  facet normal -0.422582 -0.906325 -0
    outer loop
      vertex 19.1 21.3694 9
      vertex 18.1205 21.8261 6
      vertex 19.1 21.3694 6
    endloop
  endfacet
  facet normal -0.707107 -0.707107 0
    outer loop
      vertex 20.7495 19.9853 6
      vertex 19.9853 20.7495 9
      vertex 19.9853 20.7495 6
    endloop
  endfacet
  facet normal -0.707107 -0.707107 0
    outer loop
      vertex 19.9853 20.7495 9
      vertex 20.7495 19.9853 6
      vertex 20.7495 19.9853 9
    endloop
  endfacet
  facet normal -0.258817 0.965926 0
    outer loop
      vertex 18.1205 10.1739 6
      vertex 17.0766 9.89419 9
      vertex 18.1205 10.1739 9
    endloop
  endfacet
  facet normal -0.258817 0.965926 0
    outer loop
      vertex 17.0766 9.89419 9
      vertex 18.1205 10.1739 6
      vertex 17.0766 9.89419 6
    endloop
  endfacet
  facet normal -0.996194 0.0871647 0
    outer loop
      vertex 22.1058 14.9234 6
      vertex 22.2 16 9
      vertex 22.2 16 6
    endloop
  endfacet
  facet normal -0.996194 0.0871647 0
    outer loop
      vertex 22.2 16 9
      vertex 22.1058 14.9234 6
      vertex 22.1058 14.9234 9
    endloop
  endfacet
  facet normal 0 0 1
    outer loop
      vertex 22.1058 17.0766 6
      vertex 22.1058 14.9234 6
      vertex 22.2 16 6
    endloop
  endfacet
  facet normal 0 0 1
    outer loop
      vertex 21.8261 18.1205 6
      vertex 22.1058 14.9234 6
      vertex 22.1058 17.0766 6
    endloop
  endfacet
  facet normal 0 0 1
    outer loop
      vertex 21.8261 18.1205 6
      vertex 21.8261 13.8795 6
      vertex 22.1058 14.9234 6
    endloop
  endfacet
  facet normal 0 0 1
    outer loop
      vertex 21.3694 19.1 6
      vertex 21.8261 13.8795 6
      vertex 21.8261 18.1205 6
    endloop
  endfacet
  facet normal 0 0 1
    outer loop
      vertex 21.3694 19.1 6
      vertex 21.3694 12.9 6
      vertex 21.8261 13.8795 6
    endloop
  endfacet
  facet normal 0 0 1
    outer loop
      vertex 20.7495 19.9853 6
      vertex 21.3694 12.9 6
      vertex 21.3694 19.1 6
    endloop
  endfacet
  facet normal 0 0 1
    outer loop
      vertex 20.7495 19.9853 6
      vertex 20.7495 12.0147 6
      vertex 21.3694 12.9 6
    endloop
  endfacet
  facet normal 0 0 1
    outer loop
      vertex 19.9853 20.7495 6
      vertex 20.7495 12.0147 6
      vertex 20.7495 19.9853 6
    endloop
  endfacet
  facet normal 0 0 1
    outer loop
      vertex 19.9853 20.7495 6
      vertex 19.9853 11.2505 6
      vertex 20.7495 12.0147 6
    endloop
  endfacet
  facet normal 0 0 1
    outer loop
      vertex 19.1 21.3694 6
      vertex 19.9853 11.2505 6
      vertex 19.9853 20.7495 6
    endloop
  endfacet
  facet normal 0 0 1
    outer loop
      vertex 19.1 21.3694 6
      vertex 19.1 10.6306 6
      vertex 19.9853 11.2505 6
    endloop
  endfacet
  facet normal 0 0 1
    outer loop
      vertex 18.1205 21.8261 6
      vertex 19.1 10.6306 6
      vertex 19.1 21.3694 6
    endloop
  endfacet
  facet normal 0 0 1
    outer loop
      vertex 18.1205 21.8261 6
      vertex 18.1205 10.1739 6
      vertex 19.1 10.6306 6
    endloop
  endfacet
  facet normal 0 0 1
    outer loop
      vertex 17.0766 22.1058 6
      vertex 18.1205 10.1739 6
      vertex 18.1205 21.8261 6
    endloop
  endfacet
  facet normal 0 0 1
    outer loop
      vertex 17.0766 22.1058 6
      vertex 17.0766 9.89419 6
      vertex 18.1205 10.1739 6
    endloop
  endfacet
  facet normal 0 0 1
    outer loop
      vertex 16 22.2 6
      vertex 17.0766 9.89419 6
      vertex 17.0766 22.1058 6
    endloop
  endfacet
  facet normal 0 0 1
    outer loop
      vertex 16 22.2 6
      vertex 16 9.8 6
      vertex 17.0766 9.89419 6
    endloop
  endfacet
  facet normal -0 0 1
    outer loop
      vertex 14.9234 22.1058 6
      vertex 16 9.8 6
      vertex 16 22.2 6
    endloop
  endfacet
  facet normal 0 0 1
    outer loop
      vertex 14.9234 22.1058 6
      vertex 14.9234 9.89419 6
      vertex 16 9.8 6
    endloop
  endfacet
  facet normal -0 0 1
    outer loop
      vertex 13.8795 21.8261 6
      vertex 14.9234 9.89419 6
      vertex 14.9234 22.1058 6
    endloop
  endfacet
  facet normal 0 0 1
    outer loop
      vertex 13.8795 21.8261 6
      vertex 13.8795 10.1739 6
      vertex 14.9234 9.89419 6
    endloop
  endfacet
  facet normal -0 0 1
    outer loop
      vertex 12.9 21.3694 6
      vertex 13.8795 10.1739 6
      vertex 13.8795 21.8261 6
    endloop
  endfacet
  facet normal 0 0 1
    outer loop
      vertex 12.9 21.3694 6
      vertex 12.9 10.6306 6
      vertex 13.8795 10.1739 6
    endloop
  endfacet
  facet normal -0 0 1
    outer loop
      vertex 12.0147 20.7495 6
      vertex 12.9 10.6306 6
      vertex 12.9 21.3694 6
    endloop
  endfacet
  facet normal 0 0 1
    outer loop
      vertex 12.0147 20.7495 6
      vertex 12.0147 11.2505 6
      vertex 12.9 10.6306 6
    endloop
  endfacet
  facet normal -0 0 1
    outer loop
      vertex 11.2505 19.9853 6
      vertex 12.0147 11.2505 6
      vertex 12.0147 20.7495 6
    endloop
  endfacet
  facet normal 0 0 1
    outer loop
      vertex 11.2505 19.9853 6
      vertex 11.2505 12.0147 6
      vertex 12.0147 11.2505 6
    endloop
  endfacet
  facet normal -0 0 1
    outer loop
      vertex 10.6306 19.1 6
      vertex 11.2505 12.0147 6
      vertex 11.2505 19.9853 6
    endloop
  endfacet
  facet normal 0 0 1
    outer loop
      vertex 10.6306 19.1 6
      vertex 10.6306 12.9 6
      vertex 11.2505 12.0147 6
    endloop
  endfacet
  facet normal -0 0 1
    outer loop
      vertex 10.1739 18.1205 6
      vertex 10.6306 12.9 6
      vertex 10.6306 19.1 6
    endloop
  endfacet
  facet normal 0 0 1
    outer loop
      vertex 10.1739 18.1205 6
      vertex 10.1739 13.8795 6
      vertex 10.6306 12.9 6
    endloop
  endfacet
  facet normal -0 0 1
    outer loop
      vertex 9.89419 17.0766 6
      vertex 10.1739 13.8795 6
      vertex 10.1739 18.1205 6
    endloop
  endfacet
  facet normal 0 0 1
    outer loop
      vertex 9.89419 17.0766 6
      vertex 9.89419 14.9234 6
      vertex 10.1739 13.8795 6
    endloop
  endfacet
  facet normal 0 -0 1
    outer loop
      vertex 9.89419 14.9234 6
      vertex 9.89419 17.0766 6
      vertex 9.8 16 6
    endloop
  endfacet
  facet normal -0.57358 -0.819149 0
    outer loop
      vertex 19.1 21.3694 6
      vertex 19.9853 20.7495 9
      vertex 19.1 21.3694 9
    endloop
  endfacet
  facet normal -0.57358 -0.819149 -0
    outer loop
      vertex 19.9853 20.7495 9
      vertex 19.1 21.3694 6
      vertex 19.9853 20.7495 6
    endloop
  endfacet
  facet normal 0.422582 0.906325 -0
    outer loop
      vertex 13.8795 10.1739 6
      vertex 12.9 10.6306 9
      vertex 13.8795 10.1739 9
    endloop
  endfacet
  facet normal 0.422582 0.906325 0
    outer loop
      vertex 12.9 10.6306 9
      vertex 13.8795 10.1739 6
      vertex 12.9 10.6306 6
    endloop
  endfacet
  facet normal 0.0871647 -0.996194 0
    outer loop
      vertex 14.9234 22.1058 6
      vertex 16 22.2 9
      vertex 14.9234 22.1058 9
    endloop
  endfacet
  facet normal 0.0871647 -0.996194 0
    outer loop
      vertex 16 22.2 9
      vertex 14.9234 22.1058 6
      vertex 16 22.2 6
    endloop
  endfacet
  facet normal 0.258817 0.965926 -0
    outer loop
      vertex 14.9234 9.89419 6
      vertex 13.8795 10.1739 9
      vertex 14.9234 9.89419 9
    endloop
  endfacet
  facet normal 0.258817 0.965926 0
    outer loop
      vertex 13.8795 10.1739 9
      vertex 14.9234 9.89419 6
      vertex 13.8795 10.1739 6
    endloop
  endfacet
  facet normal 0.906325 0.422582 0
    outer loop
      vertex 10.6306 12.9 9
      vertex 10.1739 13.8795 6
      vertex 10.1739 13.8795 9
    endloop
  endfacet
  facet normal 0.906325 0.422582 0
    outer loop
      vertex 10.1739 13.8795 6
      vertex 10.6306 12.9 9
      vertex 10.6306 12.9 6
    endloop
  endfacet
  facet normal -0.0871647 -0.996194 0
    outer loop
      vertex 16 22.2 6
      vertex 17.0766 22.1058 9
      vertex 16 22.2 9
    endloop
  endfacet
  facet normal -0.0871647 -0.996194 -0
    outer loop
      vertex 17.0766 22.1058 9
      vertex 16 22.2 6
      vertex 17.0766 22.1058 6
    endloop
  endfacet
  facet normal -0.707107 0.707107 0
    outer loop
      vertex 19.9853 11.2505 6
      vertex 20.7495 12.0147 9
      vertex 20.7495 12.0147 6
    endloop
  endfacet
  facet normal -0.707107 0.707107 0
    outer loop
      vertex 20.7495 12.0147 9
      vertex 19.9853 11.2505 6
      vertex 19.9853 11.2505 9
    endloop
  endfacet
  facet normal 0.996195 0.0871555 0
    outer loop
      vertex 9.89419 14.9234 9
      vertex 9.8 16 6
      vertex 9.8 16 9
    endloop
  endfacet
  facet normal 0.996195 0.0871555 0
    outer loop
      vertex 9.8 16 6
      vertex 9.89419 14.9234 9
      vertex 9.89419 14.9234 6
    endloop
  endfacet
  facet normal -0.258809 -0.965929 0
    outer loop
      vertex 17.0766 22.1058 6
      vertex 18.1205 21.8261 9
      vertex 17.0766 22.1058 9
    endloop
  endfacet
  facet normal -0.258809 -0.965929 -0
    outer loop
      vertex 18.1205 21.8261 9
      vertex 17.0766 22.1058 6
      vertex 18.1205 21.8261 6
    endloop
  endfacet
  facet normal 0.965926 -0.258817 0
    outer loop
      vertex 9.89419 17.0766 9
      vertex 10.1739 18.1205 6
      vertex 10.1739 18.1205 9
    endloop
  endfacet
  facet normal 0.965926 -0.258817 0
    outer loop
      vertex 10.1739 18.1205 6
      vertex 9.89419 17.0766 9
      vertex 9.89419 17.0766 6
    endloop
  endfacet
  facet normal 0.707107 -0.707107 0
    outer loop
      vertex 11.2505 19.9853 9
      vertex 12.0147 20.7495 6
      vertex 12.0147 20.7495 9
    endloop
  endfacet
  facet normal 0.707107 -0.707107 0
    outer loop
      vertex 12.0147 20.7495 6
      vertex 11.2505 19.9853 9
      vertex 11.2505 19.9853 6
    endloop
  endfacet
  facet normal 0.258868 -0.965913 0
    outer loop
      vertex 12.4528 14.5035 2.19
      vertex 12.7222 14.5757 5.01
      vertex 12.4528 14.5035 5.01
    endloop
  endfacet
  facet normal 0.258868 -0.965913 0
    outer loop
      vertex 12.7222 14.5757 5.01
      vertex 12.4528 14.5035 2.19
      vertex 12.7222 14.5757 2.19
    endloop
  endfacet
  facet normal -0.965913 -0.258868 0
    outer loop
      vertex 14.5757 13.2778 2.19
      vertex 14.5035 13.5472 5.01
      vertex 14.5035 13.5472 2.19
    endloop
  endfacet
  facet normal -0.965913 -0.258868 0
    outer loop
      vertex 14.5035 13.5472 5.01
      vertex 14.5757 13.2778 2.19
      vertex 14.5757 13.2778 5.01
    endloop
  endfacet
  facet normal -0.996196 -0.0871403 0
    outer loop
      vertex 14.6 13 2.19
      vertex 14.5757 13.2778 5.01
      vertex 14.5757 13.2778 2.19
    endloop
  endfacet
  facet normal -0.996196 -0.0871403 0
    outer loop
      vertex 14.5757 13.2778 5.01
      vertex 14.6 13 2.19
      vertex 14.6 13 5.01
    endloop
  endfacet
  facet normal -0.906284 -0.42267 0
    outer loop
      vertex 14.5035 13.5472 2.19
      vertex 14.3856 13.8 5.01
      vertex 14.3856 13.8 2.19
    endloop
  endfacet
  facet normal -0.906284 -0.42267 0
    outer loop
      vertex 14.3856 13.8 5.01
      vertex 14.5035 13.5472 2.19
      vertex 14.5035 13.5472 5.01
    endloop
  endfacet
  facet normal 0.906284 0.42267 0
    outer loop
      vertex 11.6144 12.2 5.01
      vertex 11.4965 12.4528 2.19
      vertex 11.4965 12.4528 5.01
    endloop
  endfacet
  facet normal 0.906284 0.42267 0
    outer loop
      vertex 11.4965 12.4528 2.19
      vertex 11.6144 12.2 5.01
      vertex 11.6144 12.2 2.19
    endloop
  endfacet
  facet normal -0.906284 0.42267 0
    outer loop
      vertex 14.3856 12.2 2.19
      vertex 14.5035 12.4528 5.01
      vertex 14.5035 12.4528 2.19
    endloop
  endfacet
  facet normal -0.906284 0.42267 0
    outer loop
      vertex 14.5035 12.4528 5.01
      vertex 14.3856 12.2 2.19
      vertex 14.3856 12.2 5.01
    endloop
  endfacet
  facet normal -0.819316 0.573342 0
    outer loop
      vertex 14.2257 11.9715 2.19
      vertex 14.3856 12.2 5.01
      vertex 14.3856 12.2 2.19
    endloop
  endfacet
  facet normal -0.819316 0.573342 0
    outer loop
      vertex 14.3856 12.2 5.01
      vertex 14.2257 11.9715 2.19
      vertex 14.2257 11.9715 5.01
    endloop
  endfacet
  facet normal -0.996196 0.0871403 0
    outer loop
      vertex 14.5757 12.7222 2.19
      vertex 14.6 13 5.01
      vertex 14.6 13 2.19
    endloop
  endfacet
  facet normal -0.996196 0.0871403 0
    outer loop
      vertex 14.6 13 5.01
      vertex 14.5757 12.7222 2.19
      vertex 14.5757 12.7222 5.01
    endloop
  endfacet
  facet normal -0.819316 -0.573342 0
    outer loop
      vertex 14.3856 13.8 2.19
      vertex 14.2257 14.0285 5.01
      vertex 14.2257 14.0285 2.19
    endloop
  endfacet
  facet normal -0.819316 -0.573342 0
    outer loop
      vertex 14.2257 14.0285 5.01
      vertex 14.3856 13.8 2.19
      vertex 14.3856 13.8 5.01
    endloop
  endfacet
  facet normal 0.965913 0.258868 0
    outer loop
      vertex 11.4965 12.4528 5.01
      vertex 11.4243 12.7222 2.19
      vertex 11.4243 12.7222 5.01
    endloop
  endfacet
  facet normal 0.965913 0.258868 0
    outer loop
      vertex 11.4243 12.7222 2.19
      vertex 11.4965 12.4528 5.01
      vertex 11.4965 12.4528 2.19
    endloop
  endfacet
  facet normal 0.707107 -0.707107 0
    outer loop
      vertex 11.7743 14.0285 5.01
      vertex 11.9715 14.2257 2.19
      vertex 11.9715 14.2257 5.01
    endloop
  endfacet
  facet normal 0.707107 -0.707107 0
    outer loop
      vertex 11.9715 14.2257 2.19
      vertex 11.7743 14.0285 5.01
      vertex 11.7743 14.0285 2.19
    endloop
  endfacet
  facet normal 0 0 -1
    outer loop
      vertex 14.5757 12.7222 5.01
      vertex 14.5757 13.2778 5.01
      vertex 14.6 13 5.01
    endloop
  endfacet
  facet normal 0 0 -1
    outer loop
      vertex 14.5035 12.4528 5.01
      vertex 14.5757 13.2778 5.01
      vertex 14.5757 12.7222 5.01
    endloop
  endfacet
  facet normal 0 0 -1
    outer loop
      vertex 14.5035 12.4528 5.01
      vertex 14.5035 13.5472 5.01
      vertex 14.5757 13.2778 5.01
    endloop
  endfacet
  facet normal 0 0 -1
    outer loop
      vertex 14.3856 12.2 5.01
      vertex 14.5035 13.5472 5.01
      vertex 14.5035 12.4528 5.01
    endloop
  endfacet
  facet normal 0 0 -1
    outer loop
      vertex 14.3856 12.2 5.01
      vertex 14.3856 13.8 5.01
      vertex 14.5035 13.5472 5.01
    endloop
  endfacet
  facet normal 0 0 -1
    outer loop
      vertex 14.2257 11.9715 5.01
      vertex 14.3856 13.8 5.01
      vertex 14.3856 12.2 5.01
    endloop
  endfacet
  facet normal 0 0 -1
    outer loop
      vertex 14.2257 11.9715 5.01
      vertex 14.2257 14.0285 5.01
      vertex 14.3856 13.8 5.01
    endloop
  endfacet
  facet normal 0 0 -1
    outer loop
      vertex 14.0285 11.7743 5.01
      vertex 14.2257 14.0285 5.01
      vertex 14.2257 11.9715 5.01
    endloop
  endfacet
  facet normal 0 0 -1
    outer loop
      vertex 14.0285 11.7743 5.01
      vertex 14.0285 14.2257 5.01
      vertex 14.2257 14.0285 5.01
    endloop
  endfacet
  facet normal 0 0 -1
    outer loop
      vertex 13.8 11.6144 5.01
      vertex 14.0285 14.2257 5.01
      vertex 14.0285 11.7743 5.01
    endloop
  endfacet
  facet normal 0 0 -1
    outer loop
      vertex 13.8 11.6144 5.01
      vertex 13.8 14.3856 5.01
      vertex 14.0285 14.2257 5.01
    endloop
  endfacet
  facet normal 0 0 -1
    outer loop
      vertex 13.5472 11.4965 5.01
      vertex 13.8 14.3856 5.01
      vertex 13.8 11.6144 5.01
    endloop
  endfacet
  facet normal 0 0 -1
    outer loop
      vertex 13.5472 11.4965 5.01
      vertex 13.5472 14.5035 5.01
      vertex 13.8 14.3856 5.01
    endloop
  endfacet
  facet normal 0 0 -1
    outer loop
      vertex 13.2778 11.4243 5.01
      vertex 13.5472 14.5035 5.01
      vertex 13.5472 11.4965 5.01
    endloop
  endfacet
  facet normal 0 0 -1
    outer loop
      vertex 13.2778 11.4243 5.01
      vertex 13.2778 14.5757 5.01
      vertex 13.5472 14.5035 5.01
    endloop
  endfacet
  facet normal 0 0 -1
    outer loop
      vertex 13 11.4 5.01
      vertex 13.2778 14.5757 5.01
      vertex 13.2778 11.4243 5.01
    endloop
  endfacet
  facet normal 0 0 -1
    outer loop
      vertex 13 11.4 5.01
      vertex 13 14.6 5.01
      vertex 13.2778 14.5757 5.01
    endloop
  endfacet
  facet normal 0 0 -1
    outer loop
      vertex 12.7222 11.4243 5.01
      vertex 13 14.6 5.01
      vertex 13 11.4 5.01
    endloop
  endfacet
  facet normal 0 0 -1
    outer loop
      vertex 12.7222 11.4243 5.01
      vertex 12.7222 14.5757 5.01
      vertex 13 14.6 5.01
    endloop
  endfacet
  facet normal 0 0 -1
    outer loop
      vertex 12.4528 11.4965 5.01
      vertex 12.7222 14.5757 5.01
      vertex 12.7222 11.4243 5.01
    endloop
  endfacet
  facet normal 0 0 -1
    outer loop
      vertex 12.4528 11.4965 5.01
      vertex 12.4528 14.5035 5.01
      vertex 12.7222 14.5757 5.01
    endloop
  endfacet
  facet normal 0 0 -1
    outer loop
      vertex 12.2 11.6144 5.01
      vertex 12.4528 14.5035 5.01
      vertex 12.4528 11.4965 5.01
    endloop
  endfacet
  facet normal 0 0 -1
    outer loop
      vertex 12.2 11.6144 5.01
      vertex 12.2 14.3856 5.01
      vertex 12.4528 14.5035 5.01
    endloop
  endfacet
  facet normal 0 0 -1
    outer loop
      vertex 11.9715 11.7743 5.01
      vertex 12.2 14.3856 5.01
      vertex 12.2 11.6144 5.01
    endloop
  endfacet
  facet normal 0 0 -1
    outer loop
      vertex 11.9715 11.7743 5.01
      vertex 11.9715 14.2257 5.01
      vertex 12.2 14.3856 5.01
    endloop
  endfacet
  facet normal 0 0 -1
    outer loop
      vertex 11.7743 11.9715 5.01
      vertex 11.9715 14.2257 5.01
      vertex 11.9715 11.7743 5.01
    endloop
  endfacet
  facet normal 0 0 -1
    outer loop
      vertex 11.7743 11.9715 5.01
      vertex 11.7743 14.0285 5.01
      vertex 11.9715 14.2257 5.01
    endloop
  endfacet
  facet normal 0 0 -1
    outer loop
      vertex 11.6144 12.2 5.01
      vertex 11.7743 14.0285 5.01
      vertex 11.7743 11.9715 5.01
    endloop
  endfacet
  facet normal 0 0 -1
    outer loop
      vertex 11.6144 12.2 5.01
      vertex 11.6144 13.8 5.01
      vertex 11.7743 14.0285 5.01
    endloop
  endfacet
  facet normal 0 0 -1
    outer loop
      vertex 11.4965 12.4528 5.01
      vertex 11.6144 13.8 5.01
      vertex 11.6144 12.2 5.01
    endloop
  endfacet
  facet normal 0 0 -1
    outer loop
      vertex 11.4965 12.4528 5.01
      vertex 11.4965 13.5472 5.01
      vertex 11.6144 13.8 5.01
    endloop
  endfacet
  facet normal 0 0 -1
    outer loop
      vertex 11.4243 12.7222 5.01
      vertex 11.4965 13.5472 5.01
      vertex 11.4965 12.4528 5.01
    endloop
  endfacet
  facet normal 0 0 -1
    outer loop
      vertex 11.4243 12.7222 5.01
      vertex 11.4243 13.2778 5.01
      vertex 11.4965 13.5472 5.01
    endloop
  endfacet
  facet normal 0 -0 -1
    outer loop
      vertex 11.4243 13.2778 5.01
      vertex 11.4243 12.7222 5.01
      vertex 11.4 13 5.01
    endloop
  endfacet
  facet normal 0.0871403 -0.996196 0
    outer loop
      vertex 12.7222 14.5757 2.19
      vertex 13 14.6 5.01
      vertex 12.7222 14.5757 5.01
    endloop
  endfacet
  facet normal 0.0871403 -0.996196 0
    outer loop
      vertex 13 14.6 5.01
      vertex 12.7222 14.5757 2.19
      vertex 13 14.6 2.19
    endloop
  endfacet
  facet normal 0.573342 -0.819316 0
    outer loop
      vertex 11.9715 14.2257 2.19
      vertex 12.2 14.3856 5.01
      vertex 11.9715 14.2257 5.01
    endloop
  endfacet
  facet normal 0.573342 -0.819316 0
    outer loop
      vertex 12.2 14.3856 5.01
      vertex 11.9715 14.2257 2.19
      vertex 12.2 14.3856 2.19
    endloop
  endfacet
  facet normal 0.42267 -0.906284 0
    outer loop
      vertex 12.2 14.3856 2.19
      vertex 12.4528 14.5035 5.01
      vertex 12.2 14.3856 5.01
    endloop
  endfacet
  facet normal 0.42267 -0.906284 0
    outer loop
      vertex 12.4528 14.5035 5.01
      vertex 12.2 14.3856 2.19
      vertex 12.4528 14.5035 2.19
    endloop
  endfacet
  facet normal -0.42267 0.906284 0
    outer loop
      vertex 13.8 11.6144 2.19
      vertex 13.5472 11.4965 5.01
      vertex 13.8 11.6144 5.01
    endloop
  endfacet
  facet normal -0.42267 0.906284 0
    outer loop
      vertex 13.5472 11.4965 5.01
      vertex 13.8 11.6144 2.19
      vertex 13.5472 11.4965 2.19
    endloop
  endfacet
  facet normal 0.996196 0.0871403 0
    outer loop
      vertex 11.4243 12.7222 5.01
      vertex 11.4 13 2.19
      vertex 11.4 13 5.01
    endloop
  endfacet
  facet normal 0.996196 0.0871403 0
    outer loop
      vertex 11.4 13 2.19
      vertex 11.4243 12.7222 5.01
      vertex 11.4243 12.7222 2.19
    endloop
  endfacet
  facet normal -0.258868 -0.965913 0
    outer loop
      vertex 13.2778 14.5757 2.19
      vertex 13.5472 14.5035 5.01
      vertex 13.2778 14.5757 5.01
    endloop
  endfacet
  facet normal -0.258868 -0.965913 -0
    outer loop
      vertex 13.5472 14.5035 5.01
      vertex 13.2778 14.5757 2.19
      vertex 13.5472 14.5035 2.19
    endloop
  endfacet
  facet normal -0.573342 0.819316 0
    outer loop
      vertex 14.0285 11.7743 2.19
      vertex 13.8 11.6144 5.01
      vertex 14.0285 11.7743 5.01
    endloop
  endfacet
  facet normal -0.573342 0.819316 0
    outer loop
      vertex 13.8 11.6144 5.01
      vertex 14.0285 11.7743 2.19
      vertex 13.8 11.6144 2.19
    endloop
  endfacet
  facet normal 0.965913 -0.258868 0
    outer loop
      vertex 11.4243 13.2778 5.01
      vertex 11.4965 13.5472 2.19
      vertex 11.4965 13.5472 5.01
    endloop
  endfacet
  facet normal 0.965913 -0.258868 0
    outer loop
      vertex 11.4965 13.5472 2.19
      vertex 11.4243 13.2778 5.01
      vertex 11.4243 13.2778 2.19
    endloop
  endfacet
  facet normal -0.42267 -0.906284 0
    outer loop
      vertex 13.5472 14.5035 2.19
      vertex 13.8 14.3856 5.01
      vertex 13.5472 14.5035 5.01
    endloop
  endfacet
  facet normal -0.42267 -0.906284 -0
    outer loop
      vertex 13.8 14.3856 5.01
      vertex 13.5472 14.5035 2.19
      vertex 13.8 14.3856 2.19
    endloop
  endfacet
  facet normal 0.819316 -0.573342 0
    outer loop
      vertex 11.6144 13.8 5.01
      vertex 11.7743 14.0285 2.19
      vertex 11.7743 14.0285 5.01
    endloop
  endfacet
  facet normal 0.819316 -0.573342 0
    outer loop
      vertex 11.7743 14.0285 2.19
      vertex 11.6144 13.8 5.01
      vertex 11.6144 13.8 2.19
    endloop
  endfacet
  facet normal 0.819316 0.573342 0
    outer loop
      vertex 11.7743 11.9715 5.01
      vertex 11.6144 12.2 2.19
      vertex 11.6144 12.2 5.01
    endloop
  endfacet
  facet normal 0.819316 0.573342 0
    outer loop
      vertex 11.6144 12.2 2.19
      vertex 11.7743 11.9715 5.01
      vertex 11.7743 11.9715 2.19
    endloop
  endfacet
  facet normal -0.258868 0.965913 0
    outer loop
      vertex 13.5472 11.4965 2.19
      vertex 13.2778 11.4243 5.01
      vertex 13.5472 11.4965 5.01
    endloop
  endfacet
  facet normal -0.258868 0.965913 0
    outer loop
      vertex 13.2778 11.4243 5.01
      vertex 13.5472 11.4965 2.19
      vertex 13.2778 11.4243 2.19
    endloop
  endfacet
  facet normal -0.707107 0.707107 0
    outer loop
      vertex 14.0285 11.7743 2.19
      vertex 14.2257 11.9715 5.01
      vertex 14.2257 11.9715 2.19
    endloop
  endfacet
  facet normal -0.707107 0.707107 0
    outer loop
      vertex 14.2257 11.9715 5.01
      vertex 14.0285 11.7743 2.19
      vertex 14.0285 11.7743 5.01
    endloop
  endfacet
  facet normal -0.707107 -0.707107 0
    outer loop
      vertex 14.2257 14.0285 2.19
      vertex 14.0285 14.2257 5.01
      vertex 14.0285 14.2257 2.19
    endloop
  endfacet
  facet normal -0.707107 -0.707107 0
    outer loop
      vertex 14.0285 14.2257 5.01
      vertex 14.2257 14.0285 2.19
      vertex 14.2257 14.0285 5.01
    endloop
  endfacet
  facet normal -0.965913 0.258868 0
    outer loop
      vertex 14.5035 12.4528 2.19
      vertex 14.5757 12.7222 5.01
      vertex 14.5757 12.7222 2.19
    endloop
  endfacet
  facet normal -0.965913 0.258868 0
    outer loop
      vertex 14.5757 12.7222 5.01
      vertex 14.5035 12.4528 2.19
      vertex 14.5035 12.4528 5.01
    endloop
  endfacet
  facet normal -0.573342 -0.819316 0
    outer loop
      vertex 13.8 14.3856 2.19
      vertex 14.0285 14.2257 5.01
      vertex 13.8 14.3856 5.01
    endloop
  endfacet
  facet normal -0.573342 -0.819316 -0
    outer loop
      vertex 14.0285 14.2257 5.01
      vertex 13.8 14.3856 2.19
      vertex 14.0285 14.2257 2.19
    endloop
  endfacet
  facet normal 0.707107 0.707107 0
    outer loop
      vertex 11.9715 11.7743 5.01
      vertex 11.7743 11.9715 2.19
      vertex 11.7743 11.9715 5.01
    endloop
  endfacet
  facet normal 0.707107 0.707107 0
    outer loop
      vertex 11.7743 11.9715 2.19
      vertex 11.9715 11.7743 5.01
      vertex 11.9715 11.7743 2.19
    endloop
  endfacet
  facet normal 0.906284 -0.42267 0
    outer loop
      vertex 11.4965 13.5472 5.01
      vertex 11.6144 13.8 2.19
      vertex 11.6144 13.8 5.01
    endloop
  endfacet
  facet normal 0.906284 -0.42267 0
    outer loop
      vertex 11.6144 13.8 2.19
      vertex 11.4965 13.5472 5.01
      vertex 11.4965 13.5472 2.19
    endloop
  endfacet
  facet normal 0.573342 0.819316 -0
    outer loop
      vertex 12.2 11.6144 2.19
      vertex 11.9715 11.7743 5.01
      vertex 12.2 11.6144 5.01
    endloop
  endfacet
  facet normal 0.573342 0.819316 0
    outer loop
      vertex 11.9715 11.7743 5.01
      vertex 12.2 11.6144 2.19
      vertex 11.9715 11.7743 2.19
    endloop
  endfacet
  facet normal -0.0871403 0.996196 0
    outer loop
      vertex 13.2778 11.4243 2.19
      vertex 13 11.4 5.01
      vertex 13.2778 11.4243 5.01
    endloop
  endfacet
  facet normal -0.0871403 0.996196 0
    outer loop
      vertex 13 11.4 5.01
      vertex 13.2778 11.4243 2.19
      vertex 13 11.4 2.19
    endloop
  endfacet
  facet normal -0.0871403 -0.996196 0
    outer loop
      vertex 13 14.6 2.19
      vertex 13.2778 14.5757 5.01
      vertex 13 14.6 5.01
    endloop
  endfacet
  facet normal -0.0871403 -0.996196 -0
    outer loop
      vertex 13.2778 14.5757 5.01
      vertex 13 14.6 2.19
      vertex 13.2778 14.5757 2.19
    endloop
  endfacet
  facet normal 0.996196 -0.0871403 0
    outer loop
      vertex 11.4 13 5.01
      vertex 11.4243 13.2778 2.19
      vertex 11.4243 13.2778 5.01
    endloop
  endfacet
  facet normal 0.996196 -0.0871403 0
    outer loop
      vertex 11.4243 13.2778 2.19
      vertex 11.4 13 5.01
      vertex 11.4 13 2.19
    endloop
  endfacet
  facet normal 0.0871403 0.996196 -0
    outer loop
      vertex 13 11.4 2.19
      vertex 12.7222 11.4243 5.01
      vertex 13 11.4 5.01
    endloop
  endfacet
  facet normal 0.0871403 0.996196 0
    outer loop
      vertex 12.7222 11.4243 5.01
      vertex 13 11.4 2.19
      vertex 12.7222 11.4243 2.19
    endloop
  endfacet
  facet normal 0.258868 0.965913 -0
    outer loop
      vertex 12.7222 11.4243 2.19
      vertex 12.4528 11.4965 5.01
      vertex 12.7222 11.4243 5.01
    endloop
  endfacet
  facet normal 0.258868 0.965913 0
    outer loop
      vertex 12.4528 11.4965 5.01
      vertex 12.7222 11.4243 2.19
      vertex 12.4528 11.4965 2.19
    endloop
  endfacet
  facet normal 0.42267 0.906284 -0
    outer loop
      vertex 12.4528 11.4965 2.19
      vertex 12.2 11.6144 5.01
      vertex 12.4528 11.4965 5.01
    endloop
  endfacet
  facet normal 0.42267 0.906284 0
    outer loop
      vertex 12.2 11.6144 5.01
      vertex 12.4528 11.4965 2.19
      vertex 12.2 11.6144 2.19
    endloop
  endfacet
  facet normal 0.707107 0.707107 0
    outer loop
      vertex 10.9109 10.5104 2.19
      vertex 10.5104 10.9109 0
      vertex 10.5104 10.9109 2.19
    endloop
  endfacet
  facet normal 0.707107 0.707107 0
    outer loop
      vertex 10.5104 10.9109 0
      vertex 10.9109 10.5104 2.19
      vertex 10.9109 10.5104 0
    endloop
  endfacet
  facet normal 0.906309 -0.422615 0
    outer loop
      vertex 9.946 14.1116 2.19
      vertex 10.1854 14.625 0
      vertex 10.1854 14.625 2.19
    endloop
  endfacet
  facet normal 0.906309 -0.422615 0
    outer loop
      vertex 10.1854 14.625 0
      vertex 9.946 14.1116 2.19
      vertex 9.946 14.1116 0
    endloop
  endfacet
  facet normal -0.965935 -0.258783 0
    outer loop
      vertex 16.2006 13.5644 0.49
      vertex 16.054 14.1116 2.19
      vertex 16.054 14.1116 0.49
    endloop
  endfacet
  facet normal -0.965935 -0.258783 0
    outer loop
      vertex 16.054 14.1116 2.19
      vertex 16.2006 13.5644 0.49
      vertex 16.2006 13.5644 2.19
    endloop
  endfacet
  facet normal -0.996191 -0.0871932 0
    outer loop
      vertex 16.25 13 0.49
      vertex 16.2006 13.5644 2.19
      vertex 16.2006 13.5644 0.49
    endloop
  endfacet
  facet normal -0.996191 -0.0871932 0
    outer loop
      vertex 16.2006 13.5644 2.19
      vertex 16.25 13 0.49
      vertex 16.25 13 2.19
    endloop
  endfacet
  facet normal -0.906309 -0.422615 0
    outer loop
      vertex 16.054 14.1116 0.49
      vertex 15.8146 14.625 2.19
      vertex 15.8146 14.625 0.49
    endloop
  endfacet
  facet normal -0.906309 -0.422615 0
    outer loop
      vertex 15.8146 14.625 2.19
      vertex 16.054 14.1116 0.49
      vertex 16.054 14.1116 2.19
    endloop
  endfacet
  facet normal -0.573616 0.819124 0
    outer loop
      vertex 15.0891 10.5104 0
      vertex 14.625 10.1854 2.19
      vertex 15.0891 10.5104 2.19
    endloop
  endfacet
  facet normal -0.573616 0.819124 0
    outer loop
      vertex 14.625 10.1854 2.19
      vertex 15.0891 10.5104 0
      vertex 14.625 10.1854 0
    endloop
  endfacet
  facet normal 0.0871582 0.996194 -0
    outer loop
      vertex 13 9.75 0
      vertex 12.4356 9.79938 2.19
      vertex 13 9.75 2.19
    endloop
  endfacet
  facet normal 0.0871582 0.996194 0
    outer loop
      vertex 12.4356 9.79938 2.19
      vertex 13 9.75 0
      vertex 12.4356 9.79938 0
    endloop
  endfacet
  facet normal 0 0 -1
    outer loop
      vertex 14.6 13 2.19
      vertex 16.25 13 2.19
      vertex 16.2006 12.4356 2.19
    endloop
  endfacet
  facet normal 0 0 -1
    outer loop
      vertex 14.5757 12.7222 2.19
      vertex 16.2006 12.4356 2.19
      vertex 16.054 11.8884 2.19
    endloop
  endfacet
  facet normal 0 0 -1
    outer loop
      vertex 16.25 13 2.19
      vertex 14.6 13 2.19
      vertex 16.2006 13.5644 2.19
    endloop
  endfacet
  facet normal 0 0 -1
    outer loop
      vertex 14.5035 12.4528 2.19
      vertex 16.054 11.8884 2.19
      vertex 15.8146 11.375 2.19
    endloop
  endfacet
  facet normal 0 0 -1
    outer loop
      vertex 14.5757 13.2778 2.19
      vertex 16.2006 13.5644 2.19
      vertex 14.6 13 2.19
    endloop
  endfacet
  facet normal 0 0 -1
    outer loop
      vertex 14.3856 12.2 2.19
      vertex 15.8146 11.375 2.19
      vertex 15.4896 10.9109 2.19
    endloop
  endfacet
  facet normal -0 0 -1
    outer loop
      vertex 16.2006 13.5644 2.19
      vertex 14.5757 13.2778 2.19
      vertex 16.054 14.1116 2.19
    endloop
  endfacet
  facet normal 0 0 -1
    outer loop
      vertex 14.2257 11.9715 2.19
      vertex 15.4896 10.9109 2.19
      vertex 15.0891 10.5104 2.19
    endloop
  endfacet
  facet normal 0 0 -1
    outer loop
      vertex 14.5035 13.5472 2.19
      vertex 16.054 14.1116 2.19
      vertex 14.5757 13.2778 2.19
    endloop
  endfacet
  facet normal 0 0 -1
    outer loop
      vertex 14.0285 11.7743 2.19
      vertex 15.0891 10.5104 2.19
      vertex 14.625 10.1854 2.19
    endloop
  endfacet
  facet normal -0 0 -1
    outer loop
      vertex 16.054 14.1116 2.19
      vertex 14.5035 13.5472 2.19
      vertex 15.8146 14.625 2.19
    endloop
  endfacet
  facet normal 0 0 -1
    outer loop
      vertex 14.3856 13.8 2.19
      vertex 15.8146 14.625 2.19
      vertex 14.5035 13.5472 2.19
    endloop
  endfacet
  facet normal 0 0 -1
    outer loop
      vertex 16.2006 12.4356 2.19
      vertex 14.5757 12.7222 2.19
      vertex 14.6 13 2.19
    endloop
  endfacet
  facet normal 0 0 -1
    outer loop
      vertex 16.054 11.8884 2.19
      vertex 14.5035 12.4528 2.19
      vertex 14.5757 12.7222 2.19
    endloop
  endfacet
  facet normal 0 0 -1
    outer loop
      vertex 15.8146 11.375 2.19
      vertex 14.3856 12.2 2.19
      vertex 14.5035 12.4528 2.19
    endloop
  endfacet
  facet normal 0 0 -1
    outer loop
      vertex 15.4896 10.9109 2.19
      vertex 14.2257 11.9715 2.19
      vertex 14.3856 12.2 2.19
    endloop
  endfacet
  facet normal 0 0 -1
    outer loop
      vertex 13.8 11.6144 2.19
      vertex 14.625 10.1854 2.19
      vertex 14.1116 9.946 2.19
    endloop
  endfacet
  facet normal 0 0 -1
    outer loop
      vertex 15.0891 10.5104 2.19
      vertex 14.0285 11.7743 2.19
      vertex 14.2257 11.9715 2.19
    endloop
  endfacet
  facet normal 0 0 -1
    outer loop
      vertex 14.625 10.1854 2.19
      vertex 13.8 11.6144 2.19
      vertex 14.0285 11.7743 2.19
    endloop
  endfacet
  facet normal 0 0 -1
    outer loop
      vertex 13.5472 11.4965 2.19
      vertex 14.1116 9.946 2.19
      vertex 13.5644 9.79938 2.19
    endloop
  endfacet
  facet normal 0 0 -1
    outer loop
      vertex 14.1116 9.946 2.19
      vertex 13.5472 11.4965 2.19
      vertex 13.8 11.6144 2.19
    endloop
  endfacet
  facet normal 0 0 -1
    outer loop
      vertex 13.5644 9.79938 2.19
      vertex 13.2778 11.4243 2.19
      vertex 13.5472 11.4965 2.19
    endloop
  endfacet
  facet normal 0 0 -1
    outer loop
      vertex 13 9.75 2.19
      vertex 13.2778 11.4243 2.19
      vertex 13.5644 9.79938 2.19
    endloop
  endfacet
  facet normal 0 0 -1
    outer loop
      vertex 13 9.75 2.19
      vertex 13 11.4 2.19
      vertex 13.2778 11.4243 2.19
    endloop
  endfacet
  facet normal 0 0 -1
    outer loop
      vertex 13 9.75 2.19
      vertex 12.7222 11.4243 2.19
      vertex 13 11.4 2.19
    endloop
  endfacet
  facet normal 0 0 -1
    outer loop
      vertex 12.4356 9.79938 2.19
      vertex 12.7222 11.4243 2.19
      vertex 13 9.75 2.19
    endloop
  endfacet
  facet normal -0 0 -1
    outer loop
      vertex 12.7222 11.4243 2.19
      vertex 12.4356 9.79938 2.19
      vertex 12.4528 11.4965 2.19
    endloop
  endfacet
  facet normal 0 0 -1
    outer loop
      vertex 11.8884 9.946 2.19
      vertex 12.4528 11.4965 2.19
      vertex 12.4356 9.79938 2.19
    endloop
  endfacet
  facet normal -0 0 -1
    outer loop
      vertex 12.4528 11.4965 2.19
      vertex 11.8884 9.946 2.19
      vertex 12.2 11.6144 2.19
    endloop
  endfacet
  facet normal 0 0 -1
    outer loop
      vertex 11.375 10.1854 2.19
      vertex 12.2 11.6144 2.19
      vertex 11.8884 9.946 2.19
    endloop
  endfacet
  facet normal -0 0 -1
    outer loop
      vertex 12.2 11.6144 2.19
      vertex 11.375 10.1854 2.19
      vertex 11.9715 11.7743 2.19
    endloop
  endfacet
  facet normal 0 0 -1
    outer loop
      vertex 10.9109 10.5104 2.19
      vertex 11.9715 11.7743 2.19
      vertex 11.375 10.1854 2.19
    endloop
  endfacet
  facet normal -0 0 -1
    outer loop
      vertex 11.9715 11.7743 2.19
      vertex 10.9109 10.5104 2.19
      vertex 11.7743 11.9715 2.19
    endloop
  endfacet
  facet normal 0 0 -1
    outer loop
      vertex 10.5104 10.9109 2.19
      vertex 11.7743 11.9715 2.19
      vertex 10.9109 10.5104 2.19
    endloop
  endfacet
  facet normal 0 0 -1
    outer loop
      vertex 10.1854 11.375 2.19
      vertex 11.6144 12.2 2.19
      vertex 10.5104 10.9109 2.19
    endloop
  endfacet
  facet normal -0 0 -1
    outer loop
      vertex 11.7743 11.9715 2.19
      vertex 10.5104 10.9109 2.19
      vertex 11.6144 12.2 2.19
    endloop
  endfacet
  facet normal -0 0 -1
    outer loop
      vertex 15.8146 14.625 2.19
      vertex 14.3856 13.8 2.19
      vertex 15.4896 15.0891 2.19
    endloop
  endfacet
  facet normal 0 0 -1
    outer loop
      vertex 14.2257 14.0285 2.19
      vertex 15.4896 15.0891 2.19
      vertex 14.3856 13.8 2.19
    endloop
  endfacet
  facet normal -0 0 -1
    outer loop
      vertex 15.4896 15.0891 2.19
      vertex 14.2257 14.0285 2.19
      vertex 15.0891 15.4896 2.19
    endloop
  endfacet
  facet normal 0 0 -1
    outer loop
      vertex 14.0285 14.2257 2.19
      vertex 15.0891 15.4896 2.19
      vertex 14.2257 14.0285 2.19
    endloop
  endfacet
  facet normal -0 0 -1
    outer loop
      vertex 15.0891 15.4896 2.19
      vertex 14.0285 14.2257 2.19
      vertex 14.625 15.8146 2.19
    endloop
  endfacet
  facet normal 0 0 -1
    outer loop
      vertex 13.8 14.3856 2.19
      vertex 14.625 15.8146 2.19
      vertex 14.0285 14.2257 2.19
    endloop
  endfacet
  facet normal -0 0 -1
    outer loop
      vertex 14.625 15.8146 2.19
      vertex 13.8 14.3856 2.19
      vertex 14.1116 16.054 2.19
    endloop
  endfacet
  facet normal 0 0 -1
    outer loop
      vertex 13.5472 14.5035 2.19
      vertex 14.1116 16.054 2.19
      vertex 13.8 14.3856 2.19
    endloop
  endfacet
  facet normal -0 0 -1
    outer loop
      vertex 14.1116 16.054 2.19
      vertex 13.5472 14.5035 2.19
      vertex 13.5644 16.2006 2.19
    endloop
  endfacet
  facet normal 0 0 -1
    outer loop
      vertex 13.2778 14.5757 2.19
      vertex 13.5644 16.2006 2.19
      vertex 13.5472 14.5035 2.19
    endloop
  endfacet
  facet normal 0 0 -1
    outer loop
      vertex 13 14.6 2.19
      vertex 13.5644 16.2006 2.19
      vertex 13.2778 14.5757 2.19
    endloop
  endfacet
  facet normal 0 0 -1
    outer loop
      vertex 13 14.6 2.19
      vertex 13 16.25 2.19
      vertex 13.5644 16.2006 2.19
    endloop
  endfacet
  facet normal 0 0 -1
    outer loop
      vertex 12.7222 14.5757 2.19
      vertex 13 16.25 2.19
      vertex 13 14.6 2.19
    endloop
  endfacet
  facet normal 0 0 -1
    outer loop
      vertex 12.4356 16.2006 2.19
      vertex 12.7222 14.5757 2.19
      vertex 12.4528 14.5035 2.19
    endloop
  endfacet
  facet normal 0 0 -1
    outer loop
      vertex 12.7222 14.5757 2.19
      vertex 12.4356 16.2006 2.19
      vertex 13 16.25 2.19
    endloop
  endfacet
  facet normal 0 0 -1
    outer loop
      vertex 11.8884 16.054 2.19
      vertex 12.4528 14.5035 2.19
      vertex 12.2 14.3856 2.19
    endloop
  endfacet
  facet normal 0 0 -1
    outer loop
      vertex 11.375 15.8146 2.19
      vertex 12.2 14.3856 2.19
      vertex 11.9715 14.2257 2.19
    endloop
  endfacet
  facet normal 0 0 -1
    outer loop
      vertex 12.4528 14.5035 2.19
      vertex 11.8884 16.054 2.19
      vertex 12.4356 16.2006 2.19
    endloop
  endfacet
  facet normal 0 0 -1
    outer loop
      vertex 10.9109 15.4896 2.19
      vertex 11.9715 14.2257 2.19
      vertex 11.7743 14.0285 2.19
    endloop
  endfacet
  facet normal 0 0 -1
    outer loop
      vertex 10.5104 15.0891 2.19
      vertex 11.7743 14.0285 2.19
      vertex 11.6144 13.8 2.19
    endloop
  endfacet
  facet normal 0 0 -1
    outer loop
      vertex 10.1854 14.625 2.19
      vertex 11.6144 13.8 2.19
      vertex 11.4965 13.5472 2.19
    endloop
  endfacet
  facet normal 0 0 -1
    outer loop
      vertex 9.946 14.1116 2.19
      vertex 11.4965 13.5472 2.19
      vertex 11.4243 13.2778 2.19
    endloop
  endfacet
  facet normal 0 0 -1
    outer loop
      vertex 12.2 14.3856 2.19
      vertex 11.375 15.8146 2.19
      vertex 11.8884 16.054 2.19
    endloop
  endfacet
  facet normal 0 0 -1
    outer loop
      vertex 9.79938 13.5644 2.19
      vertex 11.4243 13.2778 2.19
      vertex 11.4 13 2.19
    endloop
  endfacet
  facet normal -0 0 -1
    outer loop
      vertex 11.6144 12.2 2.19
      vertex 10.1854 11.375 2.19
      vertex 11.4965 12.4528 2.19
    endloop
  endfacet
  facet normal 0 0 -1
    outer loop
      vertex 9.946 11.8884 2.19
      vertex 11.4965 12.4528 2.19
      vertex 10.1854 11.375 2.19
    endloop
  endfacet
  facet normal 0 0 -1
    outer loop
      vertex 11.9715 14.2257 2.19
      vertex 10.9109 15.4896 2.19
      vertex 11.375 15.8146 2.19
    endloop
  endfacet
  facet normal -0 0 -1
    outer loop
      vertex 11.4965 12.4528 2.19
      vertex 9.946 11.8884 2.19
      vertex 11.4243 12.7222 2.19
    endloop
  endfacet
  facet normal 0 0 -1
    outer loop
      vertex 11.7743 14.0285 2.19
      vertex 10.5104 15.0891 2.19
      vertex 10.9109 15.4896 2.19
    endloop
  endfacet
  facet normal 0 0 -1
    outer loop
      vertex 9.79938 12.4356 2.19
      vertex 11.4243 12.7222 2.19
      vertex 9.946 11.8884 2.19
    endloop
  endfacet
  facet normal 0 0 -1
    outer loop
      vertex 11.6144 13.8 2.19
      vertex 10.1854 14.625 2.19
      vertex 10.5104 15.0891 2.19
    endloop
  endfacet
  facet normal -0 0 -1
    outer loop
      vertex 11.4243 12.7222 2.19
      vertex 9.79938 12.4356 2.19
      vertex 11.4 13 2.19
    endloop
  endfacet
  facet normal 0 0 -1
    outer loop
      vertex 11.4965 13.5472 2.19
      vertex 9.946 14.1116 2.19
      vertex 10.1854 14.625 2.19
    endloop
  endfacet
  facet normal 0 0 -1
    outer loop
      vertex 9.75 13 2.19
      vertex 11.4 13 2.19
      vertex 9.79938 12.4356 2.19
    endloop
  endfacet
  facet normal 0 0 -1
    outer loop
      vertex 11.4243 13.2778 2.19
      vertex 9.79938 13.5644 2.19
      vertex 9.946 14.1116 2.19
    endloop
  endfacet
  facet normal 0 0 -1
    outer loop
      vertex 11.4 13 2.19
      vertex 9.75 13 2.19
      vertex 9.79938 13.5644 2.19
    endloop
  endfacet
  facet normal -0.707107 0.707107 0
    outer loop
      vertex 15.1528 10.5741 0
      vertex 15.0891 10.5104 0
      vertex 15.1528 10.5741 0.49
    endloop
  endfacet
  facet normal -0.707107 0.707107 0
    outer loop
      vertex 15.1528 10.5741 0.49
      vertex 15.4896 10.9109 2.19
      vertex 15.4896 10.9109 0.49
    endloop
  endfacet
  facet normal -0.707107 0.707107 0
    outer loop
      vertex 15.1528 10.5741 0.49
      vertex 15.0891 10.5104 2.19
      vertex 15.4896 10.9109 2.19
    endloop
  endfacet
  facet normal -0.707107 0.707107 0
    outer loop
      vertex 15.0891 10.5104 2.19
      vertex 15.1528 10.5741 0.49
      vertex 15.0891 10.5104 0
    endloop
  endfacet
  facet normal -0.422615 0.906309 0
    outer loop
      vertex 14.625 10.1854 0
      vertex 14.1116 9.946 2.19
      vertex 14.625 10.1854 2.19
    endloop
  endfacet
  facet normal -0.422615 0.906309 0
    outer loop
      vertex 14.1116 9.946 2.19
      vertex 14.625 10.1854 0
      vertex 14.1116 9.946 0
    endloop
  endfacet
  facet normal 0.258783 -0.965935 0
    outer loop
      vertex 11.8884 16.054 0.49
      vertex 12.4356 16.2006 2.19
      vertex 11.8884 16.054 2.19
    endloop
  endfacet
  facet normal 0.258783 -0.965935 0
    outer loop
      vertex 12.4356 16.2006 2.19
      vertex 11.8884 16.054 0.49
      vertex 12.4356 16.2006 0.49
    endloop
  endfacet
  facet normal 0.422615 -0.906309 0
    outer loop
      vertex 11.375 15.8146 0.49
      vertex 11.8884 16.054 2.19
      vertex 11.375 15.8146 2.19
    endloop
  endfacet
  facet normal 0.422615 -0.906309 0
    outer loop
      vertex 11.8884 16.054 2.19
      vertex 11.375 15.8146 0.49
      vertex 11.8884 16.054 0.49
    endloop
  endfacet
  facet normal -0.0871582 0.996194 0
    outer loop
      vertex 13.5644 9.79938 0
      vertex 13 9.75 2.19
      vertex 13.5644 9.79938 2.19
    endloop
  endfacet
  facet normal -0.0871582 0.996194 0
    outer loop
      vertex 13 9.75 2.19
      vertex 13.5644 9.79938 0
      vertex 13 9.75 0
    endloop
  endfacet
  facet normal 0.965927 0.258816 0
    outer loop
      vertex 9.946 11.8884 2.19
      vertex 9.79938 12.4356 0
      vertex 9.79938 12.4356 2.19
    endloop
  endfacet
  facet normal 0.965927 0.258816 0
    outer loop
      vertex 9.79938 12.4356 0
      vertex 9.946 11.8884 2.19
      vertex 9.946 11.8884 0
    endloop
  endfacet
  facet normal 0.573616 0.819124 -0
    outer loop
      vertex 11.375 10.1854 0
      vertex 10.9109 10.5104 2.19
      vertex 11.375 10.1854 2.19
    endloop
  endfacet
  facet normal 0.573616 0.819124 0
    outer loop
      vertex 10.9109 10.5104 2.19
      vertex 11.375 10.1854 0
      vertex 10.9109 10.5104 0
    endloop
  endfacet
  facet normal 0.819124 -0.573616 0
    outer loop
      vertex 10.1854 14.625 2.19
      vertex 10.5104 15.0891 0
      vertex 10.5104 15.0891 2.19
    endloop
  endfacet
  facet normal 0.819124 -0.573616 0
    outer loop
      vertex 10.5104 15.0891 0
      vertex 10.1854 14.625 2.19
      vertex 10.1854 14.625 0
    endloop
  endfacet
  facet normal -0.906309 0.422615 0
    outer loop
      vertex 15.8146 11.375 0.49
      vertex 16.054 11.8884 2.19
      vertex 16.054 11.8884 0.49
    endloop
  endfacet
  facet normal -0.906309 0.422615 0
    outer loop
      vertex 16.054 11.8884 2.19
      vertex 15.8146 11.375 0.49
      vertex 15.8146 11.375 2.19
    endloop
  endfacet
  facet normal 0.819124 0.573616 0
    outer loop
      vertex 10.5104 10.9109 2.19
      vertex 10.1854 11.375 0
      vertex 10.1854 11.375 2.19
    endloop
  endfacet
  facet normal 0.819124 0.573616 0
    outer loop
      vertex 10.1854 11.375 0
      vertex 10.5104 10.9109 2.19
      vertex 10.5104 10.9109 0
    endloop
  endfacet
  facet normal 0.573616 -0.819124 0
    outer loop
      vertex 10.9109 15.4896 0.49
      vertex 11.375 15.8146 2.19
      vertex 10.9109 15.4896 2.19
    endloop
  endfacet
  facet normal 0.573616 -0.819124 0
    outer loop
      vertex 11.375 15.8146 2.19
      vertex 10.9109 15.4896 0.49
      vertex 11.375 15.8146 0.49
    endloop
  endfacet
  facet normal -0.819124 0.573616 0
    outer loop
      vertex 15.4896 10.9109 0.49
      vertex 15.8146 11.375 2.19
      vertex 15.8146 11.375 0.49
    endloop
  endfacet
  facet normal -0.819124 0.573616 0
    outer loop
      vertex 15.8146 11.375 2.19
      vertex 15.4896 10.9109 0.49
      vertex 15.4896 10.9109 2.19
    endloop
  endfacet
  facet normal -0.819124 -0.573616 0
    outer loop
      vertex 15.8146 14.625 0.49
      vertex 15.4896 15.0891 2.19
      vertex 15.4896 15.0891 0.49
    endloop
  endfacet
  facet normal -0.819124 -0.573616 0
    outer loop
      vertex 15.4896 15.0891 2.19
      vertex 15.8146 14.625 0.49
      vertex 15.8146 14.625 2.19
    endloop
  endfacet
  facet normal -0.965935 0.258783 0
    outer loop
      vertex 16.054 11.8884 0.49
      vertex 16.2006 12.4356 2.19
      vertex 16.2006 12.4356 0.49
    endloop
  endfacet
  facet normal -0.965935 0.258783 0
    outer loop
      vertex 16.2006 12.4356 2.19
      vertex 16.054 11.8884 0.49
      vertex 16.054 11.8884 2.19
    endloop
  endfacet
  facet normal 0.996194 -0.0871582 0
    outer loop
      vertex 9.75 13 2.19
      vertex 9.79938 13.5644 0
      vertex 9.79938 13.5644 2.19
    endloop
  endfacet
  facet normal 0.996194 -0.0871582 0
    outer loop
      vertex 9.79938 13.5644 0
      vertex 9.75 13 2.19
      vertex 9.75 13 0
    endloop
  endfacet
  facet normal -0.422615 -0.906309 0
    outer loop
      vertex 14.1116 16.054 0.49
      vertex 14.625 15.8146 2.19
      vertex 14.1116 16.054 2.19
    endloop
  endfacet
  facet normal -0.422615 -0.906309 -0
    outer loop
      vertex 14.625 15.8146 2.19
      vertex 14.1116 16.054 0.49
      vertex 14.625 15.8146 0.49
    endloop
  endfacet
  facet normal -0.707107 -0.707107 0
    outer loop
      vertex 15.4896 15.0891 0.49
      vertex 15.0891 15.4896 2.19
      vertex 15.0891 15.4896 0.49
    endloop
  endfacet
  facet normal -0.707107 -0.707107 0
    outer loop
      vertex 15.0891 15.4896 2.19
      vertex 15.4896 15.0891 0.49
      vertex 15.4896 15.0891 2.19
    endloop
  endfacet
  facet normal -0.258816 0.965927 0
    outer loop
      vertex 14.1116 9.946 0
      vertex 13.5644 9.79938 2.19
      vertex 14.1116 9.946 2.19
    endloop
  endfacet
  facet normal -0.258816 0.965927 0
    outer loop
      vertex 13.5644 9.79938 2.19
      vertex 14.1116 9.946 0
      vertex 13.5644 9.79938 0
    endloop
  endfacet
  facet normal -0.996191 0.0871932 0
    outer loop
      vertex 16.2006 12.4356 0.49
      vertex 16.25 13 2.19
      vertex 16.25 13 0.49
    endloop
  endfacet
  facet normal -0.996191 0.0871932 0
    outer loop
      vertex 16.25 13 2.19
      vertex 16.2006 12.4356 0.49
      vertex 16.2006 12.4356 2.19
    endloop
  endfacet
  facet normal -0.573616 -0.819124 0
    outer loop
      vertex 14.625 15.8146 0.49
      vertex 15.0891 15.4896 2.19
      vertex 14.625 15.8146 2.19
    endloop
  endfacet
  facet normal -0.573616 -0.819124 -0
    outer loop
      vertex 15.0891 15.4896 2.19
      vertex 14.625 15.8146 0.49
      vertex 15.0891 15.4896 0.49
    endloop
  endfacet
  facet normal 0.0871932 -0.996191 0
    outer loop
      vertex 12.4356 16.2006 0.49
      vertex 13 16.25 2.19
      vertex 12.4356 16.2006 2.19
    endloop
  endfacet
  facet normal 0.0871932 -0.996191 0
    outer loop
      vertex 13 16.25 2.19
      vertex 12.4356 16.2006 0.49
      vertex 13 16.25 0.49
    endloop
  endfacet
  facet normal 0.258816 0.965927 -0
    outer loop
      vertex 12.4356 9.79938 0
      vertex 11.8884 9.946 2.19
      vertex 12.4356 9.79938 2.19
    endloop
  endfacet
  facet normal 0.258816 0.965927 0
    outer loop
      vertex 11.8884 9.946 2.19
      vertex 12.4356 9.79938 0
      vertex 11.8884 9.946 0
    endloop
  endfacet
  facet normal 0.906309 0.422615 0
    outer loop
      vertex 10.1854 11.375 2.19
      vertex 9.946 11.8884 0
      vertex 9.946 11.8884 2.19
    endloop
  endfacet
  facet normal 0.906309 0.422615 0
    outer loop
      vertex 9.946 11.8884 0
      vertex 10.1854 11.375 2.19
      vertex 10.1854 11.375 0
    endloop
  endfacet
  facet normal -0.0871932 -0.996191 0
    outer loop
      vertex 13 16.25 0.49
      vertex 13.5644 16.2006 2.19
      vertex 13 16.25 2.19
    endloop
  endfacet
  facet normal -0.0871932 -0.996191 -0
    outer loop
      vertex 13.5644 16.2006 2.19
      vertex 13 16.25 0.49
      vertex 13.5644 16.2006 0.49
    endloop
  endfacet
  facet normal 0.996194 0.0871582 0
    outer loop
      vertex 9.79938 12.4356 2.19
      vertex 9.75 13 0
      vertex 9.75 13 2.19
    endloop
  endfacet
  facet normal 0.996194 0.0871582 0
    outer loop
      vertex 9.75 13 0
      vertex 9.79938 12.4356 2.19
      vertex 9.79938 12.4356 0
    endloop
  endfacet
  facet normal -0.258783 -0.965935 0
    outer loop
      vertex 13.5644 16.2006 0.49
      vertex 14.1116 16.054 2.19
      vertex 13.5644 16.2006 2.19
    endloop
  endfacet
  facet normal -0.258783 -0.965935 -0
    outer loop
      vertex 14.1116 16.054 2.19
      vertex 13.5644 16.2006 0.49
      vertex 14.1116 16.054 0.49
    endloop
  endfacet
  facet normal 0.965927 -0.258816 0
    outer loop
      vertex 9.79938 13.5644 2.19
      vertex 9.946 14.1116 0
      vertex 9.946 14.1116 2.19
    endloop
  endfacet
  facet normal 0.965927 -0.258816 0
    outer loop
      vertex 9.946 14.1116 0
      vertex 9.79938 13.5644 2.19
      vertex 9.79938 13.5644 0
    endloop
  endfacet
  facet normal 0.422615 0.906309 -0
    outer loop
      vertex 11.8884 9.946 0
      vertex 11.375 10.1854 2.19
      vertex 11.8884 9.946 2.19
    endloop
  endfacet
  facet normal 0.422615 0.906309 0
    outer loop
      vertex 11.375 10.1854 2.19
      vertex 11.8884 9.946 0
      vertex 11.375 10.1854 0
    endloop
  endfacet
  facet normal 0.707107 -0.707107 0
    outer loop
      vertex 10.9109 15.4896 2.19
      vertex 10.5741 15.1528 0.49
      vertex 10.9109 15.4896 0.49
    endloop
  endfacet
  facet normal 0.707107 -0.707107 0
    outer loop
      vertex 10.5104 15.0891 2.19
      vertex 10.5741 15.1528 0.49
      vertex 10.9109 15.4896 2.19
    endloop
  endfacet
  facet normal 0.707107 -0.707107 0
    outer loop
      vertex 10.5104 15.0891 0
      vertex 10.5741 15.1528 0.49
      vertex 10.5104 15.0891 2.19
    endloop
  endfacet
  facet normal 0.707107 -0.707107 0
    outer loop
      vertex 10.5741 15.1528 0.49
      vertex 10.5104 15.0891 0
      vertex 10.5741 15.1528 0
    endloop
  endfacet
  facet normal 0.258868 -0.965913 0
    outer loop
      vertex 76.4528 14.5035 2.19
      vertex 76.7222 14.5757 5
      vertex 76.4528 14.5035 5
    endloop
  endfacet
  facet normal 0.258868 -0.965913 0
    outer loop
      vertex 76.7222 14.5757 5
      vertex 76.4528 14.5035 2.19
      vertex 76.7222 14.5757 2.19
    endloop
  endfacet
  facet normal -0.965913 -0.258868 0
    outer loop
      vertex 78.5757 13.2778 2.19
      vertex 78.5035 13.5472 5
      vertex 78.5035 13.5472 2.19
    endloop
  endfacet
  facet normal -0.965913 -0.258868 0
    outer loop
      vertex 78.5035 13.5472 5
      vertex 78.5757 13.2778 2.19
      vertex 78.5757 13.2778 5
    endloop
  endfacet
  facet normal -0.996196 -0.0871403 0
    outer loop
      vertex 78.6 13 2.19
      vertex 78.5757 13.2778 5
      vertex 78.5757 13.2778 2.19
    endloop
  endfacet
  facet normal -0.996196 -0.0871403 0
    outer loop
      vertex 78.5757 13.2778 5
      vertex 78.6 13 2.19
      vertex 78.6 13 5
    endloop
  endfacet
  facet normal -0.906284 -0.42267 0
    outer loop
      vertex 78.5035 13.5472 2.19
      vertex 78.3856 13.8 5
      vertex 78.3856 13.8 2.19
    endloop
  endfacet
  facet normal -0.906284 -0.42267 0
    outer loop
      vertex 78.3856 13.8 5
      vertex 78.5035 13.5472 2.19
      vertex 78.5035 13.5472 5
    endloop
  endfacet
  facet normal 0.906284 0.42267 0
    outer loop
      vertex 75.6144 12.2 5
      vertex 75.4965 12.4528 2.19
      vertex 75.4965 12.4528 5
    endloop
  endfacet
  facet normal 0.906284 0.42267 0
    outer loop
      vertex 75.4965 12.4528 2.19
      vertex 75.6144 12.2 5
      vertex 75.6144 12.2 2.19
    endloop
  endfacet
  facet normal -0.906284 0.42267 0
    outer loop
      vertex 78.3856 12.2 2.19
      vertex 78.5035 12.4528 5
      vertex 78.5035 12.4528 2.19
    endloop
  endfacet
  facet normal -0.906284 0.42267 0
    outer loop
      vertex 78.5035 12.4528 5
      vertex 78.3856 12.2 2.19
      vertex 78.3856 12.2 5
    endloop
  endfacet
  facet normal -0.819316 0.573342 0
    outer loop
      vertex 78.2257 11.9715 2.19
      vertex 78.3856 12.2 5
      vertex 78.3856 12.2 2.19
    endloop
  endfacet
  facet normal -0.819316 0.573342 0
    outer loop
      vertex 78.3856 12.2 5
      vertex 78.2257 11.9715 2.19
      vertex 78.2257 11.9715 5
    endloop
  endfacet
  facet normal -0.996196 0.0871403 0
    outer loop
      vertex 78.5757 12.7222 2.19
      vertex 78.6 13 5
      vertex 78.6 13 2.19
    endloop
  endfacet
  facet normal -0.996196 0.0871403 0
    outer loop
      vertex 78.6 13 5
      vertex 78.5757 12.7222 2.19
      vertex 78.5757 12.7222 5
    endloop
  endfacet
  facet normal -0.819316 -0.573342 0
    outer loop
      vertex 78.3856 13.8 2.19
      vertex 78.2257 14.0285 5
      vertex 78.2257 14.0285 2.19
    endloop
  endfacet
  facet normal -0.819316 -0.573342 0
    outer loop
      vertex 78.2257 14.0285 5
      vertex 78.3856 13.8 2.19
      vertex 78.3856 13.8 5
    endloop
  endfacet
  facet normal 0.965913 0.258868 0
    outer loop
      vertex 75.4965 12.4528 5
      vertex 75.4243 12.7222 2.19
      vertex 75.4243 12.7222 5
    endloop
  endfacet
  facet normal 0.965913 0.258868 0
    outer loop
      vertex 75.4243 12.7222 2.19
      vertex 75.4965 12.4528 5
      vertex 75.4965 12.4528 2.19
    endloop
  endfacet
  facet normal 0.707107 -0.707107 0
    outer loop
      vertex 75.7743 14.0285 2.19
      vertex 75.9715 14.2257 5
      vertex 75.7743 14.0285 5
    endloop
  endfacet
  facet normal 0.707107 -0.707107 0
    outer loop
      vertex 75.9715 14.2257 5
      vertex 75.7743 14.0285 2.19
      vertex 75.9715 14.2257 2.19
    endloop
  endfacet
  facet normal 0.0871403 -0.996196 0
    outer loop
      vertex 76.7222 14.5757 2.19
      vertex 77 14.6 5
      vertex 76.7222 14.5757 5
    endloop
  endfacet
  facet normal 0.0871403 -0.996196 0
    outer loop
      vertex 77 14.6 5
      vertex 76.7222 14.5757 2.19
      vertex 77 14.6 2.19
    endloop
  endfacet
  facet normal 0.573342 -0.819316 0
    outer loop
      vertex 75.9715 14.2257 2.19
      vertex 76.2 14.3856 5
      vertex 75.9715 14.2257 5
    endloop
  endfacet
  facet normal 0.573342 -0.819316 0
    outer loop
      vertex 76.2 14.3856 5
      vertex 75.9715 14.2257 2.19
      vertex 76.2 14.3856 2.19
    endloop
  endfacet
  facet normal 0.42267 -0.906284 0
    outer loop
      vertex 76.2 14.3856 2.19
      vertex 76.4528 14.5035 5
      vertex 76.2 14.3856 5
    endloop
  endfacet
  facet normal 0.42267 -0.906284 0
    outer loop
      vertex 76.4528 14.5035 5
      vertex 76.2 14.3856 2.19
      vertex 76.4528 14.5035 2.19
    endloop
  endfacet
  facet normal -0.42267 0.906284 0
    outer loop
      vertex 77.8 11.6144 2.19
      vertex 77.5472 11.4965 5
      vertex 77.8 11.6144 5
    endloop
  endfacet
  facet normal -0.42267 0.906284 0
    outer loop
      vertex 77.5472 11.4965 5
      vertex 77.8 11.6144 2.19
      vertex 77.5472 11.4965 2.19
    endloop
  endfacet
  facet normal 0.996196 0.0871403 0
    outer loop
      vertex 75.4243 12.7222 5
      vertex 75.4 13 2.19
      vertex 75.4 13 5
    endloop
  endfacet
  facet normal 0.996196 0.0871403 0
    outer loop
      vertex 75.4 13 2.19
      vertex 75.4243 12.7222 5
      vertex 75.4243 12.7222 2.19
    endloop
  endfacet
  facet normal -0.258868 -0.965913 0
    outer loop
      vertex 77.2778 14.5757 2.19
      vertex 77.5472 14.5035 5
      vertex 77.2778 14.5757 5
    endloop
  endfacet
  facet normal -0.258868 -0.965913 -0
    outer loop
      vertex 77.5472 14.5035 5
      vertex 77.2778 14.5757 2.19
      vertex 77.5472 14.5035 2.19
    endloop
  endfacet
  facet normal -0.573342 0.819316 0
    outer loop
      vertex 78.0285 11.7743 2.19
      vertex 77.8 11.6144 5
      vertex 78.0285 11.7743 5
    endloop
  endfacet
  facet normal -0.573342 0.819316 0
    outer loop
      vertex 77.8 11.6144 5
      vertex 78.0285 11.7743 2.19
      vertex 77.8 11.6144 2.19
    endloop
  endfacet
  facet normal 0.965913 -0.258868 0
    outer loop
      vertex 75.4243 13.2778 5
      vertex 75.4965 13.5472 2.19
      vertex 75.4965 13.5472 5
    endloop
  endfacet
  facet normal 0.965913 -0.258868 0
    outer loop
      vertex 75.4965 13.5472 2.19
      vertex 75.4243 13.2778 5
      vertex 75.4243 13.2778 2.19
    endloop
  endfacet
  facet normal 0.819316 -0.573342 0
    outer loop
      vertex 75.6144 13.8 5
      vertex 75.7743 14.0285 2.19
      vertex 75.7743 14.0285 5
    endloop
  endfacet
  facet normal 0.819316 -0.573342 0
    outer loop
      vertex 75.7743 14.0285 2.19
      vertex 75.6144 13.8 5
      vertex 75.6144 13.8 2.19
    endloop
  endfacet
  facet normal 0.819316 0.573342 0
    outer loop
      vertex 75.7743 11.9715 5
      vertex 75.6144 12.2 2.19
      vertex 75.6144 12.2 5
    endloop
  endfacet
  facet normal 0.819316 0.573342 0
    outer loop
      vertex 75.6144 12.2 2.19
      vertex 75.7743 11.9715 5
      vertex 75.7743 11.9715 2.19
    endloop
  endfacet
  facet normal -0.258868 0.965913 0
    outer loop
      vertex 77.5472 11.4965 2.19
      vertex 77.2778 11.4243 5
      vertex 77.5472 11.4965 5
    endloop
  endfacet
  facet normal -0.258868 0.965913 0
    outer loop
      vertex 77.2778 11.4243 5
      vertex 77.5472 11.4965 2.19
      vertex 77.2778 11.4243 2.19
    endloop
  endfacet
  facet normal -0.707107 0.707107 0
    outer loop
      vertex 78.2257 11.9715 2.19
      vertex 78.0285 11.7743 5
      vertex 78.2257 11.9715 5
    endloop
  endfacet
  facet normal -0.707107 0.707107 0
    outer loop
      vertex 78.0285 11.7743 5
      vertex 78.2257 11.9715 2.19
      vertex 78.0285 11.7743 2.19
    endloop
  endfacet
  facet normal -0.707107 -0.707107 0
    outer loop
      vertex 78.0285 14.2257 2.19
      vertex 78.2257 14.0285 5
      vertex 78.0285 14.2257 5
    endloop
  endfacet
  facet normal -0.707107 -0.707107 -0
    outer loop
      vertex 78.2257 14.0285 5
      vertex 78.0285 14.2257 2.19
      vertex 78.2257 14.0285 2.19
    endloop
  endfacet
  facet normal -0.965913 0.258868 0
    outer loop
      vertex 78.5035 12.4528 2.19
      vertex 78.5757 12.7222 5
      vertex 78.5757 12.7222 2.19
    endloop
  endfacet
  facet normal -0.965913 0.258868 0
    outer loop
      vertex 78.5757 12.7222 5
      vertex 78.5035 12.4528 2.19
      vertex 78.5035 12.4528 5
    endloop
  endfacet
  facet normal -0.573342 -0.819316 0
    outer loop
      vertex 77.8 14.3856 2.19
      vertex 78.0285 14.2257 5
      vertex 77.8 14.3856 5
    endloop
  endfacet
  facet normal -0.573342 -0.819316 -0
    outer loop
      vertex 78.0285 14.2257 5
      vertex 77.8 14.3856 2.19
      vertex 78.0285 14.2257 2.19
    endloop
  endfacet
  facet normal 0.707107 0.707107 -0
    outer loop
      vertex 75.9715 11.7743 2.19
      vertex 75.7743 11.9715 5
      vertex 75.9715 11.7743 5
    endloop
  endfacet
  facet normal 0.707107 0.707107 0
    outer loop
      vertex 75.7743 11.9715 5
      vertex 75.9715 11.7743 2.19
      vertex 75.7743 11.9715 2.19
    endloop
  endfacet
  facet normal 0.906284 -0.42267 0
    outer loop
      vertex 75.4965 13.5472 5
      vertex 75.6144 13.8 2.19
      vertex 75.6144 13.8 5
    endloop
  endfacet
  facet normal 0.906284 -0.42267 0
    outer loop
      vertex 75.6144 13.8 2.19
      vertex 75.4965 13.5472 5
      vertex 75.4965 13.5472 2.19
    endloop
  endfacet
  facet normal 0.573342 0.819316 -0
    outer loop
      vertex 76.2 11.6144 2.19
      vertex 75.9715 11.7743 5
      vertex 76.2 11.6144 5
    endloop
  endfacet
  facet normal 0.573342 0.819316 0
    outer loop
      vertex 75.9715 11.7743 5
      vertex 76.2 11.6144 2.19
      vertex 75.9715 11.7743 2.19
    endloop
  endfacet
  facet normal -0.0871403 0.996196 0
    outer loop
      vertex 77.2778 11.4243 2.19
      vertex 77 11.4 5
      vertex 77.2778 11.4243 5
    endloop
  endfacet
  facet normal -0.0871403 0.996196 0
    outer loop
      vertex 77 11.4 5
      vertex 77.2778 11.4243 2.19
      vertex 77 11.4 2.19
    endloop
  endfacet
  facet normal -0.0871403 -0.996196 0
    outer loop
      vertex 77 14.6 2.19
      vertex 77.2778 14.5757 5
      vertex 77 14.6 5
    endloop
  endfacet
  facet normal -0.0871403 -0.996196 -0
    outer loop
      vertex 77.2778 14.5757 5
      vertex 77 14.6 2.19
      vertex 77.2778 14.5757 2.19
    endloop
  endfacet
  facet normal -0.42267 -0.906284 0
    outer loop
      vertex 77.5472 14.5035 2.19
      vertex 77.8 14.3856 5
      vertex 77.5472 14.5035 5
    endloop
  endfacet
  facet normal -0.42267 -0.906284 -0
    outer loop
      vertex 77.8 14.3856 5
      vertex 77.5472 14.5035 2.19
      vertex 77.8 14.3856 2.19
    endloop
  endfacet
  facet normal 0.0871403 0.996196 -0
    outer loop
      vertex 77 11.4 2.19
      vertex 76.7222 11.4243 5
      vertex 77 11.4 5
    endloop
  endfacet
  facet normal 0.0871403 0.996196 0
    outer loop
      vertex 76.7222 11.4243 5
      vertex 77 11.4 2.19
      vertex 76.7222 11.4243 2.19
    endloop
  endfacet
  facet normal 0.258868 0.965913 -0
    outer loop
      vertex 76.7222 11.4243 2.19
      vertex 76.4528 11.4965 5
      vertex 76.7222 11.4243 5
    endloop
  endfacet
  facet normal 0.258868 0.965913 0
    outer loop
      vertex 76.4528 11.4965 5
      vertex 76.7222 11.4243 2.19
      vertex 76.4528 11.4965 2.19
    endloop
  endfacet
  facet normal 0.996196 -0.0871403 0
    outer loop
      vertex 75.4 13 5
      vertex 75.4243 13.2778 2.19
      vertex 75.4243 13.2778 5
    endloop
  endfacet
  facet normal 0.996196 -0.0871403 0
    outer loop
      vertex 75.4243 13.2778 2.19
      vertex 75.4 13 5
      vertex 75.4 13 2.19
    endloop
  endfacet
  facet normal 0.42267 0.906284 -0
    outer loop
      vertex 76.4528 11.4965 2.19
      vertex 76.2 11.6144 5
      vertex 76.4528 11.4965 5
    endloop
  endfacet
  facet normal 0.42267 0.906284 0
    outer loop
      vertex 76.2 11.6144 5
      vertex 76.4528 11.4965 2.19
      vertex 76.2 11.6144 2.19
    endloop
  endfacet
  facet normal 0.707107 0.707107 3.85547e-16
    outer loop
      vertex 74.9109 10.5104 2.19
      vertex 74.8472 10.5741 0.49
      vertex 74.5104 10.9109 2.19
    endloop
  endfacet
  facet normal 0.707107 0.707107 -0
    outer loop
      vertex 74.9109 10.5104 0
      vertex 74.8472 10.5741 0.49
      vertex 74.9109 10.5104 2.19
    endloop
  endfacet
  facet normal 0.707107 0.707107 0
    outer loop
      vertex 74.8472 10.5741 0.49
      vertex 74.9109 10.5104 0
      vertex 74.8472 10.5741 0
    endloop
  endfacet
  facet normal 0.707107 0.707107 0
    outer loop
      vertex 74.5104 10.9109 2.19
      vertex 74.8472 10.5741 0.49
      vertex 74.5104 10.9109 0.49
    endloop
  endfacet
  facet normal 0.906309 -0.422615 0
    outer loop
      vertex 73.946 14.1116 2.19
      vertex 74.1854 14.625 0.49
      vertex 74.1854 14.625 2.19
    endloop
  endfacet
  facet normal 0.906309 -0.422615 0
    outer loop
      vertex 74.1854 14.625 0.49
      vertex 73.946 14.1116 2.19
      vertex 73.946 14.1116 0.49
    endloop
  endfacet
  facet normal -0.965935 -0.258783 0
    outer loop
      vertex 80.2006 13.5644 0
      vertex 80.054 14.1116 2.19
      vertex 80.054 14.1116 0
    endloop
  endfacet
  facet normal -0.965935 -0.258783 0
    outer loop
      vertex 80.054 14.1116 2.19
      vertex 80.2006 13.5644 0
      vertex 80.2006 13.5644 2.19
    endloop
  endfacet
  facet normal -0.996191 -0.0871932 0
    outer loop
      vertex 80.25 13 0
      vertex 80.2006 13.5644 2.19
      vertex 80.2006 13.5644 0
    endloop
  endfacet
  facet normal -0.996191 -0.0871932 0
    outer loop
      vertex 80.2006 13.5644 2.19
      vertex 80.25 13 0
      vertex 80.25 13 2.19
    endloop
  endfacet
  facet normal -0.906309 -0.422615 0
    outer loop
      vertex 80.054 14.1116 0
      vertex 79.8146 14.625 2.19
      vertex 79.8146 14.625 0
    endloop
  endfacet
  facet normal -0.906309 -0.422615 0
    outer loop
      vertex 79.8146 14.625 2.19
      vertex 80.054 14.1116 0
      vertex 80.054 14.1116 2.19
    endloop
  endfacet
  facet normal -0.573616 0.819124 0
    outer loop
      vertex 79.0891 10.5104 0
      vertex 78.625 10.1854 2.19
      vertex 79.0891 10.5104 2.19
    endloop
  endfacet
  facet normal -0.573616 0.819124 0
    outer loop
      vertex 78.625 10.1854 2.19
      vertex 79.0891 10.5104 0
      vertex 78.625 10.1854 0
    endloop
  endfacet
  facet normal 0.0871582 0.996194 -0
    outer loop
      vertex 77 9.75 0
      vertex 76.4356 9.79938 2.19
      vertex 77 9.75 2.19
    endloop
  endfacet
  facet normal 0.0871582 0.996194 0
    outer loop
      vertex 76.4356 9.79938 2.19
      vertex 77 9.75 0
      vertex 76.4356 9.79938 0
    endloop
  endfacet
  facet normal 0 0 -1
    outer loop
      vertex 78.6 13 2.19
      vertex 80.25 13 2.19
      vertex 80.2006 12.4356 2.19
    endloop
  endfacet
  facet normal 0 0 -1
    outer loop
      vertex 78.5757 12.7222 2.19
      vertex 80.2006 12.4356 2.19
      vertex 80.054 11.8884 2.19
    endloop
  endfacet
  facet normal 0 0 -1
    outer loop
      vertex 80.25 13 2.19
      vertex 78.6 13 2.19
      vertex 80.2006 13.5644 2.19
    endloop
  endfacet
  facet normal 0 0 -1
    outer loop
      vertex 78.5035 12.4528 2.19
      vertex 80.054 11.8884 2.19
      vertex 79.8146 11.375 2.19
    endloop
  endfacet
  facet normal 0 0 -1
    outer loop
      vertex 78.5757 13.2778 2.19
      vertex 80.2006 13.5644 2.19
      vertex 78.6 13 2.19
    endloop
  endfacet
  facet normal 0 0 -1
    outer loop
      vertex 78.3856 12.2 2.19
      vertex 79.8146 11.375 2.19
      vertex 79.4896 10.9109 2.19
    endloop
  endfacet
  facet normal -0 0 -1
    outer loop
      vertex 80.2006 13.5644 2.19
      vertex 78.5757 13.2778 2.19
      vertex 80.054 14.1116 2.19
    endloop
  endfacet
  facet normal 0 0 -1
    outer loop
      vertex 78.2257 11.9715 2.19
      vertex 79.4896 10.9109 2.19
      vertex 79.0891 10.5104 2.19
    endloop
  endfacet
  facet normal 0 0 -1
    outer loop
      vertex 78.5035 13.5472 2.19
      vertex 80.054 14.1116 2.19
      vertex 78.5757 13.2778 2.19
    endloop
  endfacet
  facet normal 0 0 -1
    outer loop
      vertex 78.0285 11.7743 2.19
      vertex 79.0891 10.5104 2.19
      vertex 78.625 10.1854 2.19
    endloop
  endfacet
  facet normal -0 0 -1
    outer loop
      vertex 80.054 14.1116 2.19
      vertex 78.5035 13.5472 2.19
      vertex 79.8146 14.625 2.19
    endloop
  endfacet
  facet normal 0 0 -1
    outer loop
      vertex 78.3856 13.8 2.19
      vertex 79.8146 14.625 2.19
      vertex 78.5035 13.5472 2.19
    endloop
  endfacet
  facet normal 0 0 -1
    outer loop
      vertex 80.2006 12.4356 2.19
      vertex 78.5757 12.7222 2.19
      vertex 78.6 13 2.19
    endloop
  endfacet
  facet normal 0 0 -1
    outer loop
      vertex 80.054 11.8884 2.19
      vertex 78.5035 12.4528 2.19
      vertex 78.5757 12.7222 2.19
    endloop
  endfacet
  facet normal 0 0 -1
    outer loop
      vertex 79.8146 11.375 2.19
      vertex 78.3856 12.2 2.19
      vertex 78.5035 12.4528 2.19
    endloop
  endfacet
  facet normal 0 0 -1
    outer loop
      vertex 79.4896 10.9109 2.19
      vertex 78.2257 11.9715 2.19
      vertex 78.3856 12.2 2.19
    endloop
  endfacet
  facet normal 0 0 -1
    outer loop
      vertex 77.8 11.6144 2.19
      vertex 78.625 10.1854 2.19
      vertex 78.1116 9.946 2.19
    endloop
  endfacet
  facet normal 0 0 -1
    outer loop
      vertex 79.0891 10.5104 2.19
      vertex 78.0285 11.7743 2.19
      vertex 78.2257 11.9715 2.19
    endloop
  endfacet
  facet normal 0 0 -1
    outer loop
      vertex 78.625 10.1854 2.19
      vertex 77.8 11.6144 2.19
      vertex 78.0285 11.7743 2.19
    endloop
  endfacet
  facet normal 0 0 -1
    outer loop
      vertex 77.5472 11.4965 2.19
      vertex 78.1116 9.946 2.19
      vertex 77.5644 9.79938 2.19
    endloop
  endfacet
  facet normal 0 0 -1
    outer loop
      vertex 78.1116 9.946 2.19
      vertex 77.5472 11.4965 2.19
      vertex 77.8 11.6144 2.19
    endloop
  endfacet
  facet normal 0 0 -1
    outer loop
      vertex 77.5644 9.79938 2.19
      vertex 77.2778 11.4243 2.19
      vertex 77.5472 11.4965 2.19
    endloop
  endfacet
  facet normal 0 0 -1
    outer loop
      vertex 77 9.75 2.19
      vertex 77.2778 11.4243 2.19
      vertex 77.5644 9.79938 2.19
    endloop
  endfacet
  facet normal 0 0 -1
    outer loop
      vertex 77 9.75 2.19
      vertex 77 11.4 2.19
      vertex 77.2778 11.4243 2.19
    endloop
  endfacet
  facet normal 0 0 -1
    outer loop
      vertex 77 9.75 2.19
      vertex 76.7222 11.4243 2.19
      vertex 77 11.4 2.19
    endloop
  endfacet
  facet normal 0 0 -1
    outer loop
      vertex 76.4356 9.79938 2.19
      vertex 76.7222 11.4243 2.19
      vertex 77 9.75 2.19
    endloop
  endfacet
  facet normal -0 0 -1
    outer loop
      vertex 76.7222 11.4243 2.19
      vertex 76.4356 9.79938 2.19
      vertex 76.4528 11.4965 2.19
    endloop
  endfacet
  facet normal 0 0 -1
    outer loop
      vertex 75.8884 9.946 2.19
      vertex 76.4528 11.4965 2.19
      vertex 76.4356 9.79938 2.19
    endloop
  endfacet
  facet normal -0 0 -1
    outer loop
      vertex 76.4528 11.4965 2.19
      vertex 75.8884 9.946 2.19
      vertex 76.2 11.6144 2.19
    endloop
  endfacet
  facet normal 0 0 -1
    outer loop
      vertex 75.375 10.1854 2.19
      vertex 76.2 11.6144 2.19
      vertex 75.8884 9.946 2.19
    endloop
  endfacet
  facet normal -0 0 -1
    outer loop
      vertex 76.2 11.6144 2.19
      vertex 75.375 10.1854 2.19
      vertex 75.9715 11.7743 2.19
    endloop
  endfacet
  facet normal 0 0 -1
    outer loop
      vertex 74.9109 10.5104 2.19
      vertex 75.9715 11.7743 2.19
      vertex 75.375 10.1854 2.19
    endloop
  endfacet
  facet normal -0 0 -1
    outer loop
      vertex 75.9715 11.7743 2.19
      vertex 74.9109 10.5104 2.19
      vertex 75.7743 11.9715 2.19
    endloop
  endfacet
  facet normal 0 0 -1
    outer loop
      vertex 74.5104 10.9109 2.19
      vertex 75.7743 11.9715 2.19
      vertex 74.9109 10.5104 2.19
    endloop
  endfacet
  facet normal 0 0 -1
    outer loop
      vertex 74.1854 11.375 2.19
      vertex 75.6144 12.2 2.19
      vertex 74.5104 10.9109 2.19
    endloop
  endfacet
  facet normal -0 0 -1
    outer loop
      vertex 75.7743 11.9715 2.19
      vertex 74.5104 10.9109 2.19
      vertex 75.6144 12.2 2.19
    endloop
  endfacet
  facet normal -0 0 -1
    outer loop
      vertex 79.8146 14.625 2.19
      vertex 78.3856 13.8 2.19
      vertex 79.4896 15.0891 2.19
    endloop
  endfacet
  facet normal 0 0 -1
    outer loop
      vertex 78.2257 14.0285 2.19
      vertex 79.4896 15.0891 2.19
      vertex 78.3856 13.8 2.19
    endloop
  endfacet
  facet normal -0 0 -1
    outer loop
      vertex 79.4896 15.0891 2.19
      vertex 78.2257 14.0285 2.19
      vertex 79.0891 15.4896 2.19
    endloop
  endfacet
  facet normal 0 0 -1
    outer loop
      vertex 78.0285 14.2257 2.19
      vertex 79.0891 15.4896 2.19
      vertex 78.2257 14.0285 2.19
    endloop
  endfacet
  facet normal -0 0 -1
    outer loop
      vertex 79.0891 15.4896 2.19
      vertex 78.0285 14.2257 2.19
      vertex 78.625 15.8146 2.19
    endloop
  endfacet
  facet normal 0 0 -1
    outer loop
      vertex 77.8 14.3856 2.19
      vertex 78.625 15.8146 2.19
      vertex 78.0285 14.2257 2.19
    endloop
  endfacet
  facet normal -0 0 -1
    outer loop
      vertex 78.625 15.8146 2.19
      vertex 77.8 14.3856 2.19
      vertex 78.1116 16.054 2.19
    endloop
  endfacet
  facet normal 0 0 -1
    outer loop
      vertex 77.5472 14.5035 2.19
      vertex 78.1116 16.054 2.19
      vertex 77.8 14.3856 2.19
    endloop
  endfacet
  facet normal -0 0 -1
    outer loop
      vertex 78.1116 16.054 2.19
      vertex 77.5472 14.5035 2.19
      vertex 77.5644 16.2006 2.19
    endloop
  endfacet
  facet normal 0 0 -1
    outer loop
      vertex 77.2778 14.5757 2.19
      vertex 77.5644 16.2006 2.19
      vertex 77.5472 14.5035 2.19
    endloop
  endfacet
  facet normal 0 0 -1
    outer loop
      vertex 77 14.6 2.19
      vertex 77.5644 16.2006 2.19
      vertex 77.2778 14.5757 2.19
    endloop
  endfacet
  facet normal 0 0 -1
    outer loop
      vertex 77 14.6 2.19
      vertex 77 16.25 2.19
      vertex 77.5644 16.2006 2.19
    endloop
  endfacet
  facet normal 0 0 -1
    outer loop
      vertex 76.7222 14.5757 2.19
      vertex 77 16.25 2.19
      vertex 77 14.6 2.19
    endloop
  endfacet
  facet normal 0 0 -1
    outer loop
      vertex 76.4356 16.2006 2.19
      vertex 76.7222 14.5757 2.19
      vertex 76.4528 14.5035 2.19
    endloop
  endfacet
  facet normal 0 0 -1
    outer loop
      vertex 76.7222 14.5757 2.19
      vertex 76.4356 16.2006 2.19
      vertex 77 16.25 2.19
    endloop
  endfacet
  facet normal 0 0 -1
    outer loop
      vertex 75.8884 16.054 2.19
      vertex 76.4528 14.5035 2.19
      vertex 76.2 14.3856 2.19
    endloop
  endfacet
  facet normal 0 0 -1
    outer loop
      vertex 75.375 15.8146 2.19
      vertex 76.2 14.3856 2.19
      vertex 75.9715 14.2257 2.19
    endloop
  endfacet
  facet normal 0 0 -1
    outer loop
      vertex 76.4528 14.5035 2.19
      vertex 75.8884 16.054 2.19
      vertex 76.4356 16.2006 2.19
    endloop
  endfacet
  facet normal 0 0 -1
    outer loop
      vertex 74.9109 15.4896 2.19
      vertex 75.9715 14.2257 2.19
      vertex 75.7743 14.0285 2.19
    endloop
  endfacet
  facet normal 0 0 -1
    outer loop
      vertex 74.5104 15.0891 2.19
      vertex 75.7743 14.0285 2.19
      vertex 75.6144 13.8 2.19
    endloop
  endfacet
  facet normal 0 0 -1
    outer loop
      vertex 74.1854 14.625 2.19
      vertex 75.6144 13.8 2.19
      vertex 75.4965 13.5472 2.19
    endloop
  endfacet
  facet normal 0 0 -1
    outer loop
      vertex 73.946 14.1116 2.19
      vertex 75.4965 13.5472 2.19
      vertex 75.4243 13.2778 2.19
    endloop
  endfacet
  facet normal 0 0 -1
    outer loop
      vertex 76.2 14.3856 2.19
      vertex 75.375 15.8146 2.19
      vertex 75.8884 16.054 2.19
    endloop
  endfacet
  facet normal 0 0 -1
    outer loop
      vertex 73.7994 13.5644 2.19
      vertex 75.4243 13.2778 2.19
      vertex 75.4 13 2.19
    endloop
  endfacet
  facet normal -0 0 -1
    outer loop
      vertex 75.6144 12.2 2.19
      vertex 74.1854 11.375 2.19
      vertex 75.4965 12.4528 2.19
    endloop
  endfacet
  facet normal 0 0 -1
    outer loop
      vertex 73.946 11.8884 2.19
      vertex 75.4965 12.4528 2.19
      vertex 74.1854 11.375 2.19
    endloop
  endfacet
  facet normal 0 0 -1
    outer loop
      vertex 75.9715 14.2257 2.19
      vertex 74.9109 15.4896 2.19
      vertex 75.375 15.8146 2.19
    endloop
  endfacet
  facet normal -0 0 -1
    outer loop
      vertex 75.4965 12.4528 2.19
      vertex 73.946 11.8884 2.19
      vertex 75.4243 12.7222 2.19
    endloop
  endfacet
  facet normal 0 0 -1
    outer loop
      vertex 75.7743 14.0285 2.19
      vertex 74.5104 15.0891 2.19
      vertex 74.9109 15.4896 2.19
    endloop
  endfacet
  facet normal 0 0 -1
    outer loop
      vertex 73.7994 12.4356 2.19
      vertex 75.4243 12.7222 2.19
      vertex 73.946 11.8884 2.19
    endloop
  endfacet
  facet normal 0 0 -1
    outer loop
      vertex 75.6144 13.8 2.19
      vertex 74.1854 14.625 2.19
      vertex 74.5104 15.0891 2.19
    endloop
  endfacet
  facet normal -0 0 -1
    outer loop
      vertex 75.4243 12.7222 2.19
      vertex 73.7994 12.4356 2.19
      vertex 75.4 13 2.19
    endloop
  endfacet
  facet normal 0 0 -1
    outer loop
      vertex 75.4965 13.5472 2.19
      vertex 73.946 14.1116 2.19
      vertex 74.1854 14.625 2.19
    endloop
  endfacet
  facet normal 0 0 -1
    outer loop
      vertex 73.75 13 2.19
      vertex 75.4 13 2.19
      vertex 73.7994 12.4356 2.19
    endloop
  endfacet
  facet normal 0 0 -1
    outer loop
      vertex 75.4243 13.2778 2.19
      vertex 73.7994 13.5644 2.19
      vertex 73.946 14.1116 2.19
    endloop
  endfacet
  facet normal 0 0 -1
    outer loop
      vertex 75.4 13 2.19
      vertex 73.75 13 2.19
      vertex 73.7994 13.5644 2.19
    endloop
  endfacet
  facet normal -0.707107 0.707107 0
    outer loop
      vertex 79.4896 10.9109 0
      vertex 79.0891 10.5104 2.19
      vertex 79.4896 10.9109 2.19
    endloop
  endfacet
  facet normal -0.707107 0.707107 0
    outer loop
      vertex 79.0891 10.5104 2.19
      vertex 79.4896 10.9109 0
      vertex 79.0891 10.5104 0
    endloop
  endfacet
  facet normal -0.422615 0.906309 0
    outer loop
      vertex 78.625 10.1854 0
      vertex 78.1116 9.946 2.19
      vertex 78.625 10.1854 2.19
    endloop
  endfacet
  facet normal -0.422615 0.906309 0
    outer loop
      vertex 78.1116 9.946 2.19
      vertex 78.625 10.1854 0
      vertex 78.1116 9.946 0
    endloop
  endfacet
  facet normal 0.258783 -0.965935 0
    outer loop
      vertex 75.8884 16.054 0.49
      vertex 76.4356 16.2006 2.19
      vertex 75.8884 16.054 2.19
    endloop
  endfacet
  facet normal 0.258783 -0.965935 0
    outer loop
      vertex 76.4356 16.2006 2.19
      vertex 75.8884 16.054 0.49
      vertex 76.4356 16.2006 0.49
    endloop
  endfacet
  facet normal 0.422615 -0.906309 0
    outer loop
      vertex 75.375 15.8146 0.49
      vertex 75.8884 16.054 2.19
      vertex 75.375 15.8146 2.19
    endloop
  endfacet
  facet normal 0.422615 -0.906309 0
    outer loop
      vertex 75.8884 16.054 2.19
      vertex 75.375 15.8146 0.49
      vertex 75.8884 16.054 0.49
    endloop
  endfacet
  facet normal -0.0871582 0.996194 0
    outer loop
      vertex 77.5644 9.79938 0
      vertex 77 9.75 2.19
      vertex 77.5644 9.79938 2.19
    endloop
  endfacet
  facet normal -0.0871582 0.996194 0
    outer loop
      vertex 77 9.75 2.19
      vertex 77.5644 9.79938 0
      vertex 77 9.75 0
    endloop
  endfacet
  facet normal 0.965935 0.258783 0
    outer loop
      vertex 73.946 11.8884 2.19
      vertex 73.7994 12.4356 0.49
      vertex 73.7994 12.4356 2.19
    endloop
  endfacet
  facet normal 0.965935 0.258783 0
    outer loop
      vertex 73.7994 12.4356 0.49
      vertex 73.946 11.8884 2.19
      vertex 73.946 11.8884 0.49
    endloop
  endfacet
  facet normal 0.573616 0.819124 -0
    outer loop
      vertex 75.375 10.1854 0
      vertex 74.9109 10.5104 2.19
      vertex 75.375 10.1854 2.19
    endloop
  endfacet
  facet normal 0.573616 0.819124 0
    outer loop
      vertex 74.9109 10.5104 2.19
      vertex 75.375 10.1854 0
      vertex 74.9109 10.5104 0
    endloop
  endfacet
  facet normal 0.819124 -0.573616 0
    outer loop
      vertex 74.1854 14.625 2.19
      vertex 74.5104 15.0891 0.49
      vertex 74.5104 15.0891 2.19
    endloop
  endfacet
  facet normal 0.819124 -0.573616 0
    outer loop
      vertex 74.5104 15.0891 0.49
      vertex 74.1854 14.625 2.19
      vertex 74.1854 14.625 0.49
    endloop
  endfacet
  facet normal -0.906309 0.422615 0
    outer loop
      vertex 79.8146 11.375 0
      vertex 80.054 11.8884 2.19
      vertex 80.054 11.8884 0
    endloop
  endfacet
  facet normal -0.906309 0.422615 0
    outer loop
      vertex 80.054 11.8884 2.19
      vertex 79.8146 11.375 0
      vertex 79.8146 11.375 2.19
    endloop
  endfacet
  facet normal 0.819124 0.573616 0
    outer loop
      vertex 74.5104 10.9109 2.19
      vertex 74.1854 11.375 0.49
      vertex 74.1854 11.375 2.19
    endloop
  endfacet
  facet normal 0.819124 0.573616 0
    outer loop
      vertex 74.1854 11.375 0.49
      vertex 74.5104 10.9109 2.19
      vertex 74.5104 10.9109 0.49
    endloop
  endfacet
  facet normal 0.573616 -0.819124 0
    outer loop
      vertex 74.9109 15.4896 0.49
      vertex 75.375 15.8146 2.19
      vertex 74.9109 15.4896 2.19
    endloop
  endfacet
  facet normal 0.573616 -0.819124 0
    outer loop
      vertex 75.375 15.8146 2.19
      vertex 74.9109 15.4896 0.49
      vertex 75.375 15.8146 0.49
    endloop
  endfacet
  facet normal -0.819124 0.573616 0
    outer loop
      vertex 79.4896 10.9109 0
      vertex 79.8146 11.375 2.19
      vertex 79.8146 11.375 0
    endloop
  endfacet
  facet normal -0.819124 0.573616 0
    outer loop
      vertex 79.8146 11.375 2.19
      vertex 79.4896 10.9109 0
      vertex 79.4896 10.9109 2.19
    endloop
  endfacet
  facet normal -0.819124 -0.573616 0
    outer loop
      vertex 79.8146 14.625 0
      vertex 79.4896 15.0891 2.19
      vertex 79.4896 15.0891 0
    endloop
  endfacet
  facet normal -0.819124 -0.573616 0
    outer loop
      vertex 79.4896 15.0891 2.19
      vertex 79.8146 14.625 0
      vertex 79.8146 14.625 2.19
    endloop
  endfacet
  facet normal -0.965935 0.258783 0
    outer loop
      vertex 80.054 11.8884 0
      vertex 80.2006 12.4356 2.19
      vertex 80.2006 12.4356 0
    endloop
  endfacet
  facet normal -0.965935 0.258783 0
    outer loop
      vertex 80.2006 12.4356 2.19
      vertex 80.054 11.8884 0
      vertex 80.054 11.8884 2.19
    endloop
  endfacet
  facet normal 0.996191 -0.0871932 0
    outer loop
      vertex 73.75 13 2.19
      vertex 73.7994 13.5644 0.49
      vertex 73.7994 13.5644 2.19
    endloop
  endfacet
  facet normal 0.996191 -0.0871932 0
    outer loop
      vertex 73.7994 13.5644 0.49
      vertex 73.75 13 2.19
      vertex 73.75 13 0.49
    endloop
  endfacet
  facet normal -0.422615 -0.906309 0
    outer loop
      vertex 78.1116 16.054 0.49
      vertex 78.625 15.8146 2.19
      vertex 78.1116 16.054 2.19
    endloop
  endfacet
  facet normal -0.422615 -0.906309 -0
    outer loop
      vertex 78.625 15.8146 2.19
      vertex 78.1116 16.054 0.49
      vertex 78.625 15.8146 0.49
    endloop
  endfacet
  facet normal -0.707107 -0.707107 0
    outer loop
      vertex 79.4259 15.1528 0.49
      vertex 79.0891 15.4896 2.19
      vertex 79.0891 15.4896 0.49
    endloop
  endfacet
  facet normal -0.707107 -0.707107 -3.74737e-16
    outer loop
      vertex 79.0891 15.4896 2.19
      vertex 79.4259 15.1528 0.49
      vertex 79.4896 15.0891 2.19
    endloop
  endfacet
  facet normal -0.707107 -0.707107 0
    outer loop
      vertex 79.4896 15.0891 0
      vertex 79.4259 15.1528 0.49
      vertex 79.4259 15.1528 0
    endloop
  endfacet
  facet normal -0.707107 -0.707107 0
    outer loop
      vertex 79.4259 15.1528 0.49
      vertex 79.4896 15.0891 0
      vertex 79.4896 15.0891 2.19
    endloop
  endfacet
  facet normal -0.258816 0.965927 0
    outer loop
      vertex 78.1116 9.946 0
      vertex 77.5644 9.79938 2.19
      vertex 78.1116 9.946 2.19
    endloop
  endfacet
  facet normal -0.258816 0.965927 0
    outer loop
      vertex 77.5644 9.79938 2.19
      vertex 78.1116 9.946 0
      vertex 77.5644 9.79938 0
    endloop
  endfacet
  facet normal -0.996191 0.0871932 0
    outer loop
      vertex 80.2006 12.4356 0
      vertex 80.25 13 2.19
      vertex 80.25 13 0
    endloop
  endfacet
  facet normal -0.996191 0.0871932 0
    outer loop
      vertex 80.25 13 2.19
      vertex 80.2006 12.4356 0
      vertex 80.2006 12.4356 2.19
    endloop
  endfacet
  facet normal -0.573616 -0.819124 0
    outer loop
      vertex 78.625 15.8146 0.49
      vertex 79.0891 15.4896 2.19
      vertex 78.625 15.8146 2.19
    endloop
  endfacet
  facet normal -0.573616 -0.819124 -0
    outer loop
      vertex 79.0891 15.4896 2.19
      vertex 78.625 15.8146 0.49
      vertex 79.0891 15.4896 0.49
    endloop
  endfacet
  facet normal 0.0871932 -0.996191 0
    outer loop
      vertex 76.4356 16.2006 0.49
      vertex 77 16.25 2.19
      vertex 76.4356 16.2006 2.19
    endloop
  endfacet
  facet normal 0.0871932 -0.996191 0
    outer loop
      vertex 77 16.25 2.19
      vertex 76.4356 16.2006 0.49
      vertex 77 16.25 0.49
    endloop
  endfacet
  facet normal 0.258816 0.965927 -0
    outer loop
      vertex 76.4356 9.79938 0
      vertex 75.8884 9.946 2.19
      vertex 76.4356 9.79938 2.19
    endloop
  endfacet
  facet normal 0.258816 0.965927 0
    outer loop
      vertex 75.8884 9.946 2.19
      vertex 76.4356 9.79938 0
      vertex 75.8884 9.946 0
    endloop
  endfacet
  facet normal 0.906309 0.422615 0
    outer loop
      vertex 74.1854 11.375 2.19
      vertex 73.946 11.8884 0.49
      vertex 73.946 11.8884 2.19
    endloop
  endfacet
  facet normal 0.906309 0.422615 0
    outer loop
      vertex 73.946 11.8884 0.49
      vertex 74.1854 11.375 2.19
      vertex 74.1854 11.375 0.49
    endloop
  endfacet
  facet normal -0.0871932 -0.996191 0
    outer loop
      vertex 77 16.25 0.49
      vertex 77.5644 16.2006 2.19
      vertex 77 16.25 2.19
    endloop
  endfacet
  facet normal -0.0871932 -0.996191 -0
    outer loop
      vertex 77.5644 16.2006 2.19
      vertex 77 16.25 0.49
      vertex 77.5644 16.2006 0.49
    endloop
  endfacet
  facet normal 0.996191 0.0871932 0
    outer loop
      vertex 73.7994 12.4356 2.19
      vertex 73.75 13 0.49
      vertex 73.75 13 2.19
    endloop
  endfacet
  facet normal 0.996191 0.0871932 0
    outer loop
      vertex 73.75 13 0.49
      vertex 73.7994 12.4356 2.19
      vertex 73.7994 12.4356 0.49
    endloop
  endfacet
  facet normal -0.258783 -0.965935 0
    outer loop
      vertex 77.5644 16.2006 0.49
      vertex 78.1116 16.054 2.19
      vertex 77.5644 16.2006 2.19
    endloop
  endfacet
  facet normal -0.258783 -0.965935 -0
    outer loop
      vertex 78.1116 16.054 2.19
      vertex 77.5644 16.2006 0.49
      vertex 78.1116 16.054 0.49
    endloop
  endfacet
  facet normal 0.965935 -0.258783 0
    outer loop
      vertex 73.7994 13.5644 2.19
      vertex 73.946 14.1116 0.49
      vertex 73.946 14.1116 2.19
    endloop
  endfacet
  facet normal 0.965935 -0.258783 0
    outer loop
      vertex 73.946 14.1116 0.49
      vertex 73.7994 13.5644 2.19
      vertex 73.7994 13.5644 0.49
    endloop
  endfacet
  facet normal 0.422615 0.906309 -0
    outer loop
      vertex 75.8884 9.946 0
      vertex 75.375 10.1854 2.19
      vertex 75.8884 9.946 2.19
    endloop
  endfacet
  facet normal 0.422615 0.906309 0
    outer loop
      vertex 75.375 10.1854 2.19
      vertex 75.8884 9.946 0
      vertex 75.375 10.1854 0
    endloop
  endfacet
  facet normal 0.707107 -0.707107 0
    outer loop
      vertex 74.5104 15.0891 0.49
      vertex 74.9109 15.4896 2.19
      vertex 74.5104 15.0891 2.19
    endloop
  endfacet
  facet normal 0.707107 -0.707107 0
    outer loop
      vertex 74.9109 15.4896 2.19
      vertex 74.5104 15.0891 0.49
      vertex 74.9109 15.4896 0.49
    endloop
  endfacet
  facet normal 0.258868 -0.965913 0
    outer loop
      vertex 12.4528 78.5035 2.19
      vertex 12.7222 78.5757 5
      vertex 12.4528 78.5035 5
    endloop
  endfacet
  facet normal 0.258868 -0.965913 0
    outer loop
      vertex 12.7222 78.5757 5
      vertex 12.4528 78.5035 2.19
      vertex 12.7222 78.5757 2.19
    endloop
  endfacet
  facet normal -0.965913 -0.258868 0
    outer loop
      vertex 14.5757 77.2778 2.19
      vertex 14.5035 77.5472 5.01
      vertex 14.5035 77.5472 2.19
    endloop
  endfacet
  facet normal -0.965913 -0.258868 0
    outer loop
      vertex 14.5035 77.5472 5.01
      vertex 14.5757 77.2778 2.19
      vertex 14.5757 77.2778 5.01
    endloop
  endfacet
  facet normal -0.996196 -0.0871403 0
    outer loop
      vertex 14.6 77 2.19
      vertex 14.5757 77.2778 5.01
      vertex 14.5757 77.2778 2.19
    endloop
  endfacet
  facet normal -0.996196 -0.0871403 0
    outer loop
      vertex 14.5757 77.2778 5.01
      vertex 14.6 77 2.19
      vertex 14.6 77 5.01
    endloop
  endfacet
  facet normal -0.906284 -0.42267 0
    outer loop
      vertex 14.5035 77.5472 2.19
      vertex 14.3856 77.8 5.01
      vertex 14.3856 77.8 2.19
    endloop
  endfacet
  facet normal -0.906284 -0.42267 0
    outer loop
      vertex 14.3856 77.8 5.01
      vertex 14.5035 77.5472 2.19
      vertex 14.5035 77.5472 5.01
    endloop
  endfacet
  facet normal 0.906284 0.42267 0
    outer loop
      vertex 11.6144 76.2 5
      vertex 11.4965 76.4528 2.19
      vertex 11.4965 76.4528 5
    endloop
  endfacet
  facet normal 0.906284 0.42267 0
    outer loop
      vertex 11.4965 76.4528 2.19
      vertex 11.6144 76.2 5
      vertex 11.6144 76.2 2.19
    endloop
  endfacet
  facet normal -0.906284 0.42267 0
    outer loop
      vertex 14.3856 76.2 2.19
      vertex 14.5035 76.4528 5
      vertex 14.5035 76.4528 2.19
    endloop
  endfacet
  facet normal -0.906284 0.42267 0
    outer loop
      vertex 14.5035 76.4528 5
      vertex 14.3856 76.2 2.19
      vertex 14.3856 76.2 5
    endloop
  endfacet
  facet normal -0.819316 0.573342 0
    outer loop
      vertex 14.2257 75.9715 2.19
      vertex 14.3856 76.2 5
      vertex 14.3856 76.2 2.19
    endloop
  endfacet
  facet normal -0.819316 0.573342 0
    outer loop
      vertex 14.3856 76.2 5
      vertex 14.2257 75.9715 2.19
      vertex 14.2257 75.9715 5
    endloop
  endfacet
  facet normal -0.99617 0.0874337 0
    outer loop
      vertex 14.6 77 2.19
      vertex 14.5878 76.861 5
      vertex 14.6 77 5.01
    endloop
  endfacet
  facet normal -0.996196 0.0871403 -1.46248e-05
    outer loop
      vertex 14.5757 76.7222 2.19
      vertex 14.5878 76.861 5
      vertex 14.6 77 2.19
    endloop
  endfacet
  facet normal -0.996222 0.0868464 0
    outer loop
      vertex 14.5878 76.861 5
      vertex 14.5757 76.7222 2.19
      vertex 14.5757 76.7222 5
    endloop
  endfacet
  facet normal -0.99617 0.0874337 0
    outer loop
      vertex 14.6 77 5.01
      vertex 14.5878 76.861 5
      vertex 14.5878 76.861 5.01
    endloop
  endfacet
  facet normal -0.819316 -0.573342 0
    outer loop
      vertex 14.3856 77.8 2.19
      vertex 14.2257 78.0285 5.01
      vertex 14.2257 78.0285 2.19
    endloop
  endfacet
  facet normal -0.819316 -0.573342 0
    outer loop
      vertex 14.2257 78.0285 5.01
      vertex 14.3856 77.8 2.19
      vertex 14.3856 77.8 5.01
    endloop
  endfacet
  facet normal 0.965913 0.258868 0
    outer loop
      vertex 11.4965 76.4528 5
      vertex 11.4243 76.7222 2.19
      vertex 11.4243 76.7222 5
    endloop
  endfacet
  facet normal 0.965913 0.258868 0
    outer loop
      vertex 11.4243 76.7222 2.19
      vertex 11.4965 76.4528 5
      vertex 11.4965 76.4528 2.19
    endloop
  endfacet
  facet normal 0.707107 -0.707107 0
    outer loop
      vertex 11.7743 78.0285 5
      vertex 11.9715 78.2257 2.19
      vertex 11.9715 78.2257 5
    endloop
  endfacet
  facet normal 0.707107 -0.707107 0
    outer loop
      vertex 11.9715 78.2257 2.19
      vertex 11.7743 78.0285 5
      vertex 11.7743 78.0285 2.19
    endloop
  endfacet
  facet normal 0 0 -1
    outer loop
      vertex 14.5 76.9019 5.01
      vertex 14.6 77 5.01
      vertex 14.5878 76.861 5.01
    endloop
  endfacet
  facet normal -0 0 -1
    outer loop
      vertex 14.6 77 5.01
      vertex 14.5 76.9019 5.01
      vertex 14.5757 77.2778 5.01
    endloop
  endfacet
  facet normal 0 0 -1
    outer loop
      vertex 14.0716 77.2019 5.01
      vertex 14.5757 77.2778 5.01
      vertex 14.5 76.9019 5.01
    endloop
  endfacet
  facet normal -0 0 -1
    outer loop
      vertex 14.5757 77.2778 5.01
      vertex 14.0716 77.2019 5.01
      vertex 14.5035 77.5472 5.01
    endloop
  endfacet
  facet normal -0 0 -1
    outer loop
      vertex 14.5035 77.5472 5.01
      vertex 14.0716 77.2019 5.01
      vertex 14.3856 77.8 5.01
    endloop
  endfacet
  facet normal 0 0 -1
    outer loop
      vertex 13.7019 77.5716 5.01
      vertex 14.3856 77.8 5.01
      vertex 14.0716 77.2019 5.01
    endloop
  endfacet
  facet normal -0 0 -1
    outer loop
      vertex 14.3856 77.8 5.01
      vertex 13.7019 77.5716 5.01
      vertex 14.2257 78.0285 5.01
    endloop
  endfacet
  facet normal -0 0 -1
    outer loop
      vertex 14.2257 78.0285 5.01
      vertex 13.7019 77.5716 5.01
      vertex 14.0285 78.2257 5.01
    endloop
  endfacet
  facet normal 0 0 -1
    outer loop
      vertex 13.4019 78 5.01
      vertex 14.0285 78.2257 5.01
      vertex 13.7019 77.5716 5.01
    endloop
  endfacet
  facet normal -0 0 -1
    outer loop
      vertex 14.0285 78.2257 5.01
      vertex 13.4019 78 5.01
      vertex 13.8 78.3856 5.01
    endloop
  endfacet
  facet normal -0 0 -1
    outer loop
      vertex 13.8 78.3856 5.01
      vertex 13.4019 78 5.01
      vertex 13.5472 78.5035 5.01
    endloop
  endfacet
  facet normal 0 0 -1
    outer loop
      vertex 13.1809 78.4739 5.01
      vertex 13.5472 78.5035 5.01
      vertex 13.4019 78 5.01
    endloop
  endfacet
  facet normal -0 0 -1
    outer loop
      vertex 13.5472 78.5035 5.01
      vertex 13.1809 78.4739 5.01
      vertex 13.2778 78.5757 5.01
    endloop
  endfacet
  facet normal -0 0 -1
    outer loop
      vertex 13.2778 78.5757 5.01
      vertex 13.1809 78.4739 5.01
      vertex 13.1507 78.5868 5.01
    endloop
  endfacet
  facet normal 0.0871403 -0.996196 0
    outer loop
      vertex 12.7222 78.5757 2.19
      vertex 13 78.6 5
      vertex 12.7222 78.5757 5
    endloop
  endfacet
  facet normal 0.0871403 -0.996196 0
    outer loop
      vertex 13 78.6 5
      vertex 12.7222 78.5757 2.19
      vertex 13 78.6 2.19
    endloop
  endfacet
  facet normal 0.573342 -0.819316 0
    outer loop
      vertex 11.9715 78.2257 2.19
      vertex 12.2 78.3856 5
      vertex 11.9715 78.2257 5
    endloop
  endfacet
  facet normal 0.573342 -0.819316 0
    outer loop
      vertex 12.2 78.3856 5
      vertex 11.9715 78.2257 2.19
      vertex 12.2 78.3856 2.19
    endloop
  endfacet
  facet normal 0.42267 -0.906284 0
    outer loop
      vertex 12.2 78.3856 2.19
      vertex 12.4528 78.5035 5
      vertex 12.2 78.3856 5
    endloop
  endfacet
  facet normal 0.42267 -0.906284 0
    outer loop
      vertex 12.4528 78.5035 5
      vertex 12.2 78.3856 2.19
      vertex 12.4528 78.5035 2.19
    endloop
  endfacet
  facet normal -0.42267 0.906284 0
    outer loop
      vertex 13.8 75.6144 2.19
      vertex 13.5472 75.4965 5
      vertex 13.8 75.6144 5
    endloop
  endfacet
  facet normal -0.42267 0.906284 0
    outer loop
      vertex 13.5472 75.4965 5
      vertex 13.8 75.6144 2.19
      vertex 13.5472 75.4965 2.19
    endloop
  endfacet
  facet normal 0.996196 0.0871403 0
    outer loop
      vertex 11.4243 76.7222 5
      vertex 11.4 77 2.19
      vertex 11.4 77 5
    endloop
  endfacet
  facet normal 0.996196 0.0871403 0
    outer loop
      vertex 11.4 77 2.19
      vertex 11.4243 76.7222 5
      vertex 11.4243 76.7222 2.19
    endloop
  endfacet
  facet normal -0.258868 -0.965913 0
    outer loop
      vertex 13.2778 78.5757 2.19
      vertex 13.5472 78.5035 5.01
      vertex 13.2778 78.5757 5.01
    endloop
  endfacet
  facet normal -0.258868 -0.965913 -0
    outer loop
      vertex 13.5472 78.5035 5.01
      vertex 13.2778 78.5757 2.19
      vertex 13.5472 78.5035 2.19
    endloop
  endfacet
  facet normal -0.573342 0.819316 0
    outer loop
      vertex 14.0285 75.7743 2.19
      vertex 13.8 75.6144 5
      vertex 14.0285 75.7743 5
    endloop
  endfacet
  facet normal -0.573342 0.819316 0
    outer loop
      vertex 13.8 75.6144 5
      vertex 14.0285 75.7743 2.19
      vertex 13.8 75.6144 2.19
    endloop
  endfacet
  facet normal 0.965913 -0.258868 0
    outer loop
      vertex 11.4243 77.2778 5
      vertex 11.4965 77.5472 2.19
      vertex 11.4965 77.5472 5
    endloop
  endfacet
  facet normal 0.965913 -0.258868 0
    outer loop
      vertex 11.4965 77.5472 2.19
      vertex 11.4243 77.2778 5
      vertex 11.4243 77.2778 2.19
    endloop
  endfacet
  facet normal 0.819316 -0.573342 0
    outer loop
      vertex 11.6144 77.8 5
      vertex 11.7743 78.0285 2.19
      vertex 11.7743 78.0285 5
    endloop
  endfacet
  facet normal 0.819316 -0.573342 0
    outer loop
      vertex 11.7743 78.0285 2.19
      vertex 11.6144 77.8 5
      vertex 11.6144 77.8 2.19
    endloop
  endfacet
  facet normal 0.819316 0.573342 0
    outer loop
      vertex 11.7743 75.9715 5
      vertex 11.6144 76.2 2.19
      vertex 11.6144 76.2 5
    endloop
  endfacet
  facet normal 0.819316 0.573342 0
    outer loop
      vertex 11.6144 76.2 2.19
      vertex 11.7743 75.9715 5
      vertex 11.7743 75.9715 2.19
    endloop
  endfacet
  facet normal -0.258868 0.965913 0
    outer loop
      vertex 13.5472 75.4965 2.19
      vertex 13.2778 75.4243 5
      vertex 13.5472 75.4965 5
    endloop
  endfacet
  facet normal -0.258868 0.965913 0
    outer loop
      vertex 13.2778 75.4243 5
      vertex 13.5472 75.4965 2.19
      vertex 13.2778 75.4243 2.19
    endloop
  endfacet
  facet normal -0.707107 0.707107 0
    outer loop
      vertex 14.0285 75.7743 2.19
      vertex 14.2257 75.9715 5
      vertex 14.2257 75.9715 2.19
    endloop
  endfacet
  facet normal -0.707107 0.707107 0
    outer loop
      vertex 14.2257 75.9715 5
      vertex 14.0285 75.7743 2.19
      vertex 14.0285 75.7743 5
    endloop
  endfacet
  facet normal -0.707107 -0.707107 0
    outer loop
      vertex 14.2257 78.0285 2.19
      vertex 14.0285 78.2257 5.01
      vertex 14.0285 78.2257 2.19
    endloop
  endfacet
  facet normal -0.707107 -0.707107 0
    outer loop
      vertex 14.0285 78.2257 5.01
      vertex 14.2257 78.0285 2.19
      vertex 14.2257 78.0285 5.01
    endloop
  endfacet
  facet normal -0.965913 0.258868 0
    outer loop
      vertex 14.5035 76.4528 2.19
      vertex 14.5757 76.7222 5
      vertex 14.5757 76.7222 2.19
    endloop
  endfacet
  facet normal -0.965913 0.258868 0
    outer loop
      vertex 14.5757 76.7222 5
      vertex 14.5035 76.4528 2.19
      vertex 14.5035 76.4528 5
    endloop
  endfacet
  facet normal -0.573342 -0.819316 0
    outer loop
      vertex 13.8 78.3856 2.19
      vertex 14.0285 78.2257 5.01
      vertex 13.8 78.3856 5.01
    endloop
  endfacet
  facet normal -0.573342 -0.819316 -0
    outer loop
      vertex 14.0285 78.2257 5.01
      vertex 13.8 78.3856 2.19
      vertex 14.0285 78.2257 2.19
    endloop
  endfacet
  facet normal 0.707107 0.707107 0
    outer loop
      vertex 11.9715 75.7743 5
      vertex 11.7743 75.9715 2.19
      vertex 11.7743 75.9715 5
    endloop
  endfacet
  facet normal 0.707107 0.707107 0
    outer loop
      vertex 11.7743 75.9715 2.19
      vertex 11.9715 75.7743 5
      vertex 11.9715 75.7743 2.19
    endloop
  endfacet
  facet normal 0.906284 -0.42267 0
    outer loop
      vertex 11.4965 77.5472 5
      vertex 11.6144 77.8 2.19
      vertex 11.6144 77.8 5
    endloop
  endfacet
  facet normal 0.906284 -0.42267 0
    outer loop
      vertex 11.6144 77.8 2.19
      vertex 11.4965 77.5472 5
      vertex 11.4965 77.5472 2.19
    endloop
  endfacet
  facet normal 0.573342 0.819316 -0
    outer loop
      vertex 12.2 75.6144 2.19
      vertex 11.9715 75.7743 5
      vertex 12.2 75.6144 5
    endloop
  endfacet
  facet normal 0.573342 0.819316 0
    outer loop
      vertex 11.9715 75.7743 5
      vertex 12.2 75.6144 2.19
      vertex 11.9715 75.7743 2.19
    endloop
  endfacet
  facet normal -0.0871403 0.996196 0
    outer loop
      vertex 13.2778 75.4243 2.19
      vertex 13 75.4 5
      vertex 13.2778 75.4243 5
    endloop
  endfacet
  facet normal -0.0871403 0.996196 0
    outer loop
      vertex 13 75.4 5
      vertex 13.2778 75.4243 2.19
      vertex 13 75.4 2.19
    endloop
  endfacet
  facet normal -0.0872572 -0.996186 -0
    outer loop
      vertex 13 78.6 5
      vertex 13 78.6 2.19
      vertex 13.1507 78.5868 5
    endloop
  endfacet
  facet normal -0.0870017 -0.996208 0
    outer loop
      vertex 13.1507 78.5868 5
      vertex 13.2778 78.5757 5.01
      vertex 13.1507 78.5868 5.01
    endloop
  endfacet
  facet normal -0.0871403 -0.996196 -6.31701e-06
    outer loop
      vertex 13.2778 78.5757 2.19
      vertex 13.1507 78.5868 5
      vertex 13 78.6 2.19
    endloop
  endfacet
  facet normal -0.0870017 -0.996208 0
    outer loop
      vertex 13.1507 78.5868 5
      vertex 13.2778 78.5757 2.19
      vertex 13.2778 78.5757 5.01
    endloop
  endfacet
  facet normal -0.42267 -0.906284 0
    outer loop
      vertex 13.5472 78.5035 2.19
      vertex 13.8 78.3856 5.01
      vertex 13.5472 78.5035 5.01
    endloop
  endfacet
  facet normal -0.42267 -0.906284 -0
    outer loop
      vertex 13.8 78.3856 5.01
      vertex 13.5472 78.5035 2.19
      vertex 13.8 78.3856 2.19
    endloop
  endfacet
  facet normal 0.0871403 0.996196 -0
    outer loop
      vertex 13 75.4 2.19
      vertex 12.7222 75.4243 5
      vertex 13 75.4 5
    endloop
  endfacet
  facet normal 0.0871403 0.996196 0
    outer loop
      vertex 12.7222 75.4243 5
      vertex 13 75.4 2.19
      vertex 12.7222 75.4243 2.19
    endloop
  endfacet
  facet normal 0.258868 0.965913 -0
    outer loop
      vertex 12.7222 75.4243 2.19
      vertex 12.4528 75.4965 5
      vertex 12.7222 75.4243 5
    endloop
  endfacet
  facet normal 0.258868 0.965913 0
    outer loop
      vertex 12.4528 75.4965 5
      vertex 12.7222 75.4243 2.19
      vertex 12.4528 75.4965 2.19
    endloop
  endfacet
  facet normal 0.996196 -0.0871403 0
    outer loop
      vertex 11.4 77 5
      vertex 11.4243 77.2778 2.19
      vertex 11.4243 77.2778 5
    endloop
  endfacet
  facet normal 0.996196 -0.0871403 0
    outer loop
      vertex 11.4243 77.2778 2.19
      vertex 11.4 77 5
      vertex 11.4 77 2.19
    endloop
  endfacet
  facet normal 0.42267 0.906284 -0
    outer loop
      vertex 12.4528 75.4965 2.19
      vertex 12.2 75.6144 5
      vertex 12.4528 75.4965 5
    endloop
  endfacet
  facet normal 0.42267 0.906284 0
    outer loop
      vertex 12.2 75.6144 5
      vertex 12.4528 75.4965 2.19
      vertex 12.2 75.6144 2.19
    endloop
  endfacet
  facet normal 0.707107 0.707107 0
    outer loop
      vertex 10.5104 74.9109 2.19
      vertex 10.5741 74.8472 0.49
      vertex 10.5104 74.9109 0
    endloop
  endfacet
  facet normal 0.707107 0.707107 3.74737e-16
    outer loop
      vertex 10.9109 74.5104 2.19
      vertex 10.5741 74.8472 0.49
      vertex 10.5104 74.9109 2.19
    endloop
  endfacet
  facet normal 0.707107 0.707107 0
    outer loop
      vertex 10.5741 74.8472 0.49
      vertex 10.9109 74.5104 2.19
      vertex 10.9109 74.5104 0.49
    endloop
  endfacet
  facet normal 0.707107 0.707107 0
    outer loop
      vertex 10.5104 74.9109 0
      vertex 10.5741 74.8472 0.49
      vertex 10.5741 74.8472 0
    endloop
  endfacet
  facet normal 0.906309 -0.422615 0
    outer loop
      vertex 9.946 78.1116 2.19
      vertex 10.1854 78.625 0
      vertex 10.1854 78.625 2.19
    endloop
  endfacet
  facet normal 0.906309 -0.422615 0
    outer loop
      vertex 10.1854 78.625 0
      vertex 9.946 78.1116 2.19
      vertex 9.946 78.1116 0
    endloop
  endfacet
  facet normal -0.965935 -0.258783 0
    outer loop
      vertex 16.2006 77.5644 0.49
      vertex 16.054 78.1116 2.19
      vertex 16.054 78.1116 0.49
    endloop
  endfacet
  facet normal -0.965935 -0.258783 0
    outer loop
      vertex 16.054 78.1116 2.19
      vertex 16.2006 77.5644 0.49
      vertex 16.2006 77.5644 2.19
    endloop
  endfacet
  facet normal -0.996191 -0.0871932 0
    outer loop
      vertex 16.25 77 0.49
      vertex 16.2006 77.5644 2.19
      vertex 16.2006 77.5644 0.49
    endloop
  endfacet
  facet normal -0.996191 -0.0871932 0
    outer loop
      vertex 16.2006 77.5644 2.19
      vertex 16.25 77 0.49
      vertex 16.25 77 2.19
    endloop
  endfacet
  facet normal -0.906309 -0.422615 0
    outer loop
      vertex 16.054 78.1116 0.49
      vertex 15.8146 78.625 2.19
      vertex 15.8146 78.625 0.49
    endloop
  endfacet
  facet normal -0.906309 -0.422615 0
    outer loop
      vertex 15.8146 78.625 2.19
      vertex 16.054 78.1116 0.49
      vertex 16.054 78.1116 2.19
    endloop
  endfacet
  facet normal -0.573616 0.819124 0
    outer loop
      vertex 15.0891 74.5104 0.49
      vertex 14.625 74.1854 2.19
      vertex 15.0891 74.5104 2.19
    endloop
  endfacet
  facet normal -0.573616 0.819124 0
    outer loop
      vertex 14.625 74.1854 2.19
      vertex 15.0891 74.5104 0.49
      vertex 14.625 74.1854 0.49
    endloop
  endfacet
  facet normal 0.0871932 0.996191 -0
    outer loop
      vertex 13 73.75 0.49
      vertex 12.4356 73.7994 2.19
      vertex 13 73.75 2.19
    endloop
  endfacet
  facet normal 0.0871932 0.996191 0
    outer loop
      vertex 12.4356 73.7994 2.19
      vertex 13 73.75 0.49
      vertex 12.4356 73.7994 0.49
    endloop
  endfacet
  facet normal 0 0 -1
    outer loop
      vertex 14.6 77 2.19
      vertex 16.25 77 2.19
      vertex 16.2006 76.4356 2.19
    endloop
  endfacet
  facet normal 0 0 -1
    outer loop
      vertex 14.5757 76.7222 2.19
      vertex 16.2006 76.4356 2.19
      vertex 16.054 75.8884 2.19
    endloop
  endfacet
  facet normal 0 0 -1
    outer loop
      vertex 16.25 77 2.19
      vertex 14.6 77 2.19
      vertex 16.2006 77.5644 2.19
    endloop
  endfacet
  facet normal 0 0 -1
    outer loop
      vertex 14.5035 76.4528 2.19
      vertex 16.054 75.8884 2.19
      vertex 15.8146 75.375 2.19
    endloop
  endfacet
  facet normal 0 0 -1
    outer loop
      vertex 14.5757 77.2778 2.19
      vertex 16.2006 77.5644 2.19
      vertex 14.6 77 2.19
    endloop
  endfacet
  facet normal 0 0 -1
    outer loop
      vertex 14.3856 76.2 2.19
      vertex 15.8146 75.375 2.19
      vertex 15.4896 74.9109 2.19
    endloop
  endfacet
  facet normal -0 0 -1
    outer loop
      vertex 16.2006 77.5644 2.19
      vertex 14.5757 77.2778 2.19
      vertex 16.054 78.1116 2.19
    endloop
  endfacet
  facet normal 0 0 -1
    outer loop
      vertex 14.2257 75.9715 2.19
      vertex 15.4896 74.9109 2.19
      vertex 15.0891 74.5104 2.19
    endloop
  endfacet
  facet normal 0 0 -1
    outer loop
      vertex 14.5035 77.5472 2.19
      vertex 16.054 78.1116 2.19
      vertex 14.5757 77.2778 2.19
    endloop
  endfacet
  facet normal 0 0 -1
    outer loop
      vertex 14.0285 75.7743 2.19
      vertex 15.0891 74.5104 2.19
      vertex 14.625 74.1854 2.19
    endloop
  endfacet
  facet normal -0 0 -1
    outer loop
      vertex 16.054 78.1116 2.19
      vertex 14.5035 77.5472 2.19
      vertex 15.8146 78.625 2.19
    endloop
  endfacet
  facet normal 0 0 -1
    outer loop
      vertex 14.3856 77.8 2.19
      vertex 15.8146 78.625 2.19
      vertex 14.5035 77.5472 2.19
    endloop
  endfacet
  facet normal 0 0 -1
    outer loop
      vertex 16.2006 76.4356 2.19
      vertex 14.5757 76.7222 2.19
      vertex 14.6 77 2.19
    endloop
  endfacet
  facet normal 0 0 -1
    outer loop
      vertex 16.054 75.8884 2.19
      vertex 14.5035 76.4528 2.19
      vertex 14.5757 76.7222 2.19
    endloop
  endfacet
  facet normal 0 0 -1
    outer loop
      vertex 15.8146 75.375 2.19
      vertex 14.3856 76.2 2.19
      vertex 14.5035 76.4528 2.19
    endloop
  endfacet
  facet normal 0 0 -1
    outer loop
      vertex 15.4896 74.9109 2.19
      vertex 14.2257 75.9715 2.19
      vertex 14.3856 76.2 2.19
    endloop
  endfacet
  facet normal 0 0 -1
    outer loop
      vertex 13.8 75.6144 2.19
      vertex 14.625 74.1854 2.19
      vertex 14.1116 73.946 2.19
    endloop
  endfacet
  facet normal 0 0 -1
    outer loop
      vertex 15.0891 74.5104 2.19
      vertex 14.0285 75.7743 2.19
      vertex 14.2257 75.9715 2.19
    endloop
  endfacet
  facet normal 0 0 -1
    outer loop
      vertex 14.625 74.1854 2.19
      vertex 13.8 75.6144 2.19
      vertex 14.0285 75.7743 2.19
    endloop
  endfacet
  facet normal 0 0 -1
    outer loop
      vertex 13.5472 75.4965 2.19
      vertex 14.1116 73.946 2.19
      vertex 13.5644 73.7994 2.19
    endloop
  endfacet
  facet normal 0 0 -1
    outer loop
      vertex 14.1116 73.946 2.19
      vertex 13.5472 75.4965 2.19
      vertex 13.8 75.6144 2.19
    endloop
  endfacet
  facet normal 0 0 -1
    outer loop
      vertex 13.5644 73.7994 2.19
      vertex 13.2778 75.4243 2.19
      vertex 13.5472 75.4965 2.19
    endloop
  endfacet
  facet normal 0 0 -1
    outer loop
      vertex 13 73.75 2.19
      vertex 13.2778 75.4243 2.19
      vertex 13.5644 73.7994 2.19
    endloop
  endfacet
  facet normal 0 0 -1
    outer loop
      vertex 13 73.75 2.19
      vertex 13 75.4 2.19
      vertex 13.2778 75.4243 2.19
    endloop
  endfacet
  facet normal 0 0 -1
    outer loop
      vertex 13 73.75 2.19
      vertex 12.7222 75.4243 2.19
      vertex 13 75.4 2.19
    endloop
  endfacet
  facet normal 0 0 -1
    outer loop
      vertex 12.4356 73.7994 2.19
      vertex 12.7222 75.4243 2.19
      vertex 13 73.75 2.19
    endloop
  endfacet
  facet normal -0 0 -1
    outer loop
      vertex 12.7222 75.4243 2.19
      vertex 12.4356 73.7994 2.19
      vertex 12.4528 75.4965 2.19
    endloop
  endfacet
  facet normal 0 0 -1
    outer loop
      vertex 11.8884 73.946 2.19
      vertex 12.4528 75.4965 2.19
      vertex 12.4356 73.7994 2.19
    endloop
  endfacet
  facet normal -0 0 -1
    outer loop
      vertex 12.4528 75.4965 2.19
      vertex 11.8884 73.946 2.19
      vertex 12.2 75.6144 2.19
    endloop
  endfacet
  facet normal 0 0 -1
    outer loop
      vertex 11.375 74.1854 2.19
      vertex 12.2 75.6144 2.19
      vertex 11.8884 73.946 2.19
    endloop
  endfacet
  facet normal -0 0 -1
    outer loop
      vertex 12.2 75.6144 2.19
      vertex 11.375 74.1854 2.19
      vertex 11.9715 75.7743 2.19
    endloop
  endfacet
  facet normal 0 0 -1
    outer loop
      vertex 10.9109 74.5104 2.19
      vertex 11.9715 75.7743 2.19
      vertex 11.375 74.1854 2.19
    endloop
  endfacet
  facet normal -0 0 -1
    outer loop
      vertex 11.9715 75.7743 2.19
      vertex 10.9109 74.5104 2.19
      vertex 11.7743 75.9715 2.19
    endloop
  endfacet
  facet normal 0 0 -1
    outer loop
      vertex 10.5104 74.9109 2.19
      vertex 11.7743 75.9715 2.19
      vertex 10.9109 74.5104 2.19
    endloop
  endfacet
  facet normal 0 0 -1
    outer loop
      vertex 10.1854 75.375 2.19
      vertex 11.6144 76.2 2.19
      vertex 10.5104 74.9109 2.19
    endloop
  endfacet
  facet normal -0 0 -1
    outer loop
      vertex 11.7743 75.9715 2.19
      vertex 10.5104 74.9109 2.19
      vertex 11.6144 76.2 2.19
    endloop
  endfacet
  facet normal -0 0 -1
    outer loop
      vertex 15.8146 78.625 2.19
      vertex 14.3856 77.8 2.19
      vertex 15.4896 79.0891 2.19
    endloop
  endfacet
  facet normal 0 0 -1
    outer loop
      vertex 14.2257 78.0285 2.19
      vertex 15.4896 79.0891 2.19
      vertex 14.3856 77.8 2.19
    endloop
  endfacet
  facet normal -0 0 -1
    outer loop
      vertex 15.4896 79.0891 2.19
      vertex 14.2257 78.0285 2.19
      vertex 15.0891 79.4896 2.19
    endloop
  endfacet
  facet normal 0 0 -1
    outer loop
      vertex 14.0285 78.2257 2.19
      vertex 15.0891 79.4896 2.19
      vertex 14.2257 78.0285 2.19
    endloop
  endfacet
  facet normal -0 0 -1
    outer loop
      vertex 15.0891 79.4896 2.19
      vertex 14.0285 78.2257 2.19
      vertex 14.625 79.8146 2.19
    endloop
  endfacet
  facet normal 0 0 -1
    outer loop
      vertex 13.8 78.3856 2.19
      vertex 14.625 79.8146 2.19
      vertex 14.0285 78.2257 2.19
    endloop
  endfacet
  facet normal -0 0 -1
    outer loop
      vertex 14.625 79.8146 2.19
      vertex 13.8 78.3856 2.19
      vertex 14.1116 80.054 2.19
    endloop
  endfacet
  facet normal 0 0 -1
    outer loop
      vertex 13.5472 78.5035 2.19
      vertex 14.1116 80.054 2.19
      vertex 13.8 78.3856 2.19
    endloop
  endfacet
  facet normal -0 0 -1
    outer loop
      vertex 14.1116 80.054 2.19
      vertex 13.5472 78.5035 2.19
      vertex 13.5644 80.2006 2.19
    endloop
  endfacet
  facet normal 0 0 -1
    outer loop
      vertex 13.2778 78.5757 2.19
      vertex 13.5644 80.2006 2.19
      vertex 13.5472 78.5035 2.19
    endloop
  endfacet
  facet normal 0 0 -1
    outer loop
      vertex 13 78.6 2.19
      vertex 13.5644 80.2006 2.19
      vertex 13.2778 78.5757 2.19
    endloop
  endfacet
  facet normal 0 0 -1
    outer loop
      vertex 13 78.6 2.19
      vertex 13 80.25 2.19
      vertex 13.5644 80.2006 2.19
    endloop
  endfacet
  facet normal 0 0 -1
    outer loop
      vertex 12.7222 78.5757 2.19
      vertex 13 80.25 2.19
      vertex 13 78.6 2.19
    endloop
  endfacet
  facet normal 0 0 -1
    outer loop
      vertex 12.4356 80.2006 2.19
      vertex 12.7222 78.5757 2.19
      vertex 12.4528 78.5035 2.19
    endloop
  endfacet
  facet normal 0 0 -1
    outer loop
      vertex 12.7222 78.5757 2.19
      vertex 12.4356 80.2006 2.19
      vertex 13 80.25 2.19
    endloop
  endfacet
  facet normal 0 0 -1
    outer loop
      vertex 11.8884 80.054 2.19
      vertex 12.4528 78.5035 2.19
      vertex 12.2 78.3856 2.19
    endloop
  endfacet
  facet normal 0 0 -1
    outer loop
      vertex 11.375 79.8146 2.19
      vertex 12.2 78.3856 2.19
      vertex 11.9715 78.2257 2.19
    endloop
  endfacet
  facet normal 0 0 -1
    outer loop
      vertex 12.4528 78.5035 2.19
      vertex 11.8884 80.054 2.19
      vertex 12.4356 80.2006 2.19
    endloop
  endfacet
  facet normal 0 0 -1
    outer loop
      vertex 10.9109 79.4896 2.19
      vertex 11.9715 78.2257 2.19
      vertex 11.7743 78.0285 2.19
    endloop
  endfacet
  facet normal 0 0 -1
    outer loop
      vertex 10.5104 79.0891 2.19
      vertex 11.7743 78.0285 2.19
      vertex 11.6144 77.8 2.19
    endloop
  endfacet
  facet normal 0 0 -1
    outer loop
      vertex 10.1854 78.625 2.19
      vertex 11.6144 77.8 2.19
      vertex 11.4965 77.5472 2.19
    endloop
  endfacet
  facet normal 0 0 -1
    outer loop
      vertex 9.946 78.1116 2.19
      vertex 11.4965 77.5472 2.19
      vertex 11.4243 77.2778 2.19
    endloop
  endfacet
  facet normal 0 0 -1
    outer loop
      vertex 12.2 78.3856 2.19
      vertex 11.375 79.8146 2.19
      vertex 11.8884 80.054 2.19
    endloop
  endfacet
  facet normal 0 0 -1
    outer loop
      vertex 9.79938 77.5644 2.19
      vertex 11.4243 77.2778 2.19
      vertex 11.4 77 2.19
    endloop
  endfacet
  facet normal -0 0 -1
    outer loop
      vertex 11.6144 76.2 2.19
      vertex 10.1854 75.375 2.19
      vertex 11.4965 76.4528 2.19
    endloop
  endfacet
  facet normal 0 0 -1
    outer loop
      vertex 9.946 75.8884 2.19
      vertex 11.4965 76.4528 2.19
      vertex 10.1854 75.375 2.19
    endloop
  endfacet
  facet normal 0 0 -1
    outer loop
      vertex 11.9715 78.2257 2.19
      vertex 10.9109 79.4896 2.19
      vertex 11.375 79.8146 2.19
    endloop
  endfacet
  facet normal -0 0 -1
    outer loop
      vertex 11.4965 76.4528 2.19
      vertex 9.946 75.8884 2.19
      vertex 11.4243 76.7222 2.19
    endloop
  endfacet
  facet normal 0 0 -1
    outer loop
      vertex 11.7743 78.0285 2.19
      vertex 10.5104 79.0891 2.19
      vertex 10.9109 79.4896 2.19
    endloop
  endfacet
  facet normal 0 0 -1
    outer loop
      vertex 9.79938 76.4356 2.19
      vertex 11.4243 76.7222 2.19
      vertex 9.946 75.8884 2.19
    endloop
  endfacet
  facet normal 0 0 -1
    outer loop
      vertex 11.6144 77.8 2.19
      vertex 10.1854 78.625 2.19
      vertex 10.5104 79.0891 2.19
    endloop
  endfacet
  facet normal -0 0 -1
    outer loop
      vertex 11.4243 76.7222 2.19
      vertex 9.79938 76.4356 2.19
      vertex 11.4 77 2.19
    endloop
  endfacet
  facet normal 0 0 -1
    outer loop
      vertex 11.4965 77.5472 2.19
      vertex 9.946 78.1116 2.19
      vertex 10.1854 78.625 2.19
    endloop
  endfacet
  facet normal 0 0 -1
    outer loop
      vertex 9.75 77 2.19
      vertex 11.4 77 2.19
      vertex 9.79938 76.4356 2.19
    endloop
  endfacet
  facet normal 0 0 -1
    outer loop
      vertex 11.4243 77.2778 2.19
      vertex 9.79938 77.5644 2.19
      vertex 9.946 78.1116 2.19
    endloop
  endfacet
  facet normal 0 0 -1
    outer loop
      vertex 11.4 77 2.19
      vertex 9.75 77 2.19
      vertex 9.79938 77.5644 2.19
    endloop
  endfacet
  facet normal -0.707107 0.707107 0
    outer loop
      vertex 15.0891 74.5104 0.49
      vertex 15.4896 74.9109 2.19
      vertex 15.4896 74.9109 0.49
    endloop
  endfacet
  facet normal -0.707107 0.707107 0
    outer loop
      vertex 15.4896 74.9109 2.19
      vertex 15.0891 74.5104 0.49
      vertex 15.0891 74.5104 2.19
    endloop
  endfacet
  facet normal -0.422615 0.906309 0
    outer loop
      vertex 14.625 74.1854 0.49
      vertex 14.1116 73.946 2.19
      vertex 14.625 74.1854 2.19
    endloop
  endfacet
  facet normal -0.422615 0.906309 0
    outer loop
      vertex 14.1116 73.946 2.19
      vertex 14.625 74.1854 0.49
      vertex 14.1116 73.946 0.49
    endloop
  endfacet
  facet normal 0.258783 -0.965935 0
    outer loop
      vertex 11.8884 80.054 0
      vertex 12.4356 80.2006 2.19
      vertex 11.8884 80.054 2.19
    endloop
  endfacet
  facet normal 0.258783 -0.965935 0
    outer loop
      vertex 12.4356 80.2006 2.19
      vertex 11.8884 80.054 0
      vertex 12.4356 80.2006 0
    endloop
  endfacet
  facet normal 0.422615 -0.906309 0
    outer loop
      vertex 11.375 79.8146 0
      vertex 11.8884 80.054 2.19
      vertex 11.375 79.8146 2.19
    endloop
  endfacet
  facet normal 0.422615 -0.906309 0
    outer loop
      vertex 11.8884 80.054 2.19
      vertex 11.375 79.8146 0
      vertex 11.8884 80.054 0
    endloop
  endfacet
  facet normal -0.0871932 0.996191 0
    outer loop
      vertex 13.5644 73.7994 0.49
      vertex 13 73.75 2.19
      vertex 13.5644 73.7994 2.19
    endloop
  endfacet
  facet normal -0.0871932 0.996191 0
    outer loop
      vertex 13 73.75 2.19
      vertex 13.5644 73.7994 0.49
      vertex 13 73.75 0.49
    endloop
  endfacet
  facet normal 0.965927 0.258816 0
    outer loop
      vertex 9.946 75.8884 2.19
      vertex 9.79938 76.4356 0
      vertex 9.79938 76.4356 2.19
    endloop
  endfacet
  facet normal 0.965927 0.258816 0
    outer loop
      vertex 9.79938 76.4356 0
      vertex 9.946 75.8884 2.19
      vertex 9.946 75.8884 0
    endloop
  endfacet
  facet normal 0.573616 0.819124 -0
    outer loop
      vertex 11.375 74.1854 0.49
      vertex 10.9109 74.5104 2.19
      vertex 11.375 74.1854 2.19
    endloop
  endfacet
  facet normal 0.573616 0.819124 0
    outer loop
      vertex 10.9109 74.5104 2.19
      vertex 11.375 74.1854 0.49
      vertex 10.9109 74.5104 0.49
    endloop
  endfacet
  facet normal 0.819124 -0.573616 0
    outer loop
      vertex 10.1854 78.625 2.19
      vertex 10.5104 79.0891 0
      vertex 10.5104 79.0891 2.19
    endloop
  endfacet
  facet normal 0.819124 -0.573616 0
    outer loop
      vertex 10.5104 79.0891 0
      vertex 10.1854 78.625 2.19
      vertex 10.1854 78.625 0
    endloop
  endfacet
  facet normal -0.906309 0.422615 0
    outer loop
      vertex 15.8146 75.375 0.49
      vertex 16.054 75.8884 2.19
      vertex 16.054 75.8884 0.49
    endloop
  endfacet
  facet normal -0.906309 0.422615 0
    outer loop
      vertex 16.054 75.8884 2.19
      vertex 15.8146 75.375 0.49
      vertex 15.8146 75.375 2.19
    endloop
  endfacet
  facet normal 0.819124 0.573616 0
    outer loop
      vertex 10.5104 74.9109 2.19
      vertex 10.1854 75.375 0
      vertex 10.1854 75.375 2.19
    endloop
  endfacet
  facet normal 0.819124 0.573616 0
    outer loop
      vertex 10.1854 75.375 0
      vertex 10.5104 74.9109 2.19
      vertex 10.5104 74.9109 0
    endloop
  endfacet
  facet normal 0.573616 -0.819124 0
    outer loop
      vertex 10.9109 79.4896 0
      vertex 11.375 79.8146 2.19
      vertex 10.9109 79.4896 2.19
    endloop
  endfacet
  facet normal 0.573616 -0.819124 0
    outer loop
      vertex 11.375 79.8146 2.19
      vertex 10.9109 79.4896 0
      vertex 11.375 79.8146 0
    endloop
  endfacet
  facet normal -0.819124 0.573616 0
    outer loop
      vertex 15.4896 74.9109 0.49
      vertex 15.8146 75.375 2.19
      vertex 15.8146 75.375 0.49
    endloop
  endfacet
  facet normal -0.819124 0.573616 0
    outer loop
      vertex 15.8146 75.375 2.19
      vertex 15.4896 74.9109 0.49
      vertex 15.4896 74.9109 2.19
    endloop
  endfacet
  facet normal -0.819124 -0.573616 0
    outer loop
      vertex 15.8146 78.625 0.49
      vertex 15.4896 79.0891 2.19
      vertex 15.4896 79.0891 0.49
    endloop
  endfacet
  facet normal -0.819124 -0.573616 0
    outer loop
      vertex 15.4896 79.0891 2.19
      vertex 15.8146 78.625 0.49
      vertex 15.8146 78.625 2.19
    endloop
  endfacet
  facet normal -0.965935 0.258783 0
    outer loop
      vertex 16.054 75.8884 0.49
      vertex 16.2006 76.4356 2.19
      vertex 16.2006 76.4356 0.49
    endloop
  endfacet
  facet normal -0.965935 0.258783 0
    outer loop
      vertex 16.2006 76.4356 2.19
      vertex 16.054 75.8884 0.49
      vertex 16.054 75.8884 2.19
    endloop
  endfacet
  facet normal 0.996194 -0.0871582 0
    outer loop
      vertex 9.75 77 2.19
      vertex 9.79938 77.5644 0
      vertex 9.79938 77.5644 2.19
    endloop
  endfacet
  facet normal 0.996194 -0.0871582 0
    outer loop
      vertex 9.79938 77.5644 0
      vertex 9.75 77 2.19
      vertex 9.75 77 0
    endloop
  endfacet
  facet normal -0.422615 -0.906309 0
    outer loop
      vertex 14.1116 80.054 0
      vertex 14.625 79.8146 2.19
      vertex 14.1116 80.054 2.19
    endloop
  endfacet
  facet normal -0.422615 -0.906309 -0
    outer loop
      vertex 14.625 79.8146 2.19
      vertex 14.1116 80.054 0
      vertex 14.625 79.8146 0
    endloop
  endfacet
  facet normal -0.707107 -0.707107 -0
    outer loop
      vertex 15.1528 79.4259 0.49
      vertex 15.0891 79.4896 0
      vertex 15.1528 79.4259 0
    endloop
  endfacet
  facet normal -0.707107 -0.707107 0
    outer loop
      vertex 15.0891 79.4896 0
      vertex 15.1528 79.4259 0.49
      vertex 15.0891 79.4896 2.19
    endloop
  endfacet
  facet normal -0.707107 -0.707107 -0
    outer loop
      vertex 15.4896 79.0891 2.19
      vertex 15.1528 79.4259 0.49
      vertex 15.4896 79.0891 0.49
    endloop
  endfacet
  facet normal -0.707107 -0.707107 -3.8915e-16
    outer loop
      vertex 15.1528 79.4259 0.49
      vertex 15.4896 79.0891 2.19
      vertex 15.0891 79.4896 2.19
    endloop
  endfacet
  facet normal -0.258783 0.965935 0
    outer loop
      vertex 14.1116 73.946 0.49
      vertex 13.5644 73.7994 2.19
      vertex 14.1116 73.946 2.19
    endloop
  endfacet
  facet normal -0.258783 0.965935 0
    outer loop
      vertex 13.5644 73.7994 2.19
      vertex 14.1116 73.946 0.49
      vertex 13.5644 73.7994 0.49
    endloop
  endfacet
  facet normal -0.996191 0.0871932 0
    outer loop
      vertex 16.2006 76.4356 0.49
      vertex 16.25 77 2.19
      vertex 16.25 77 0.49
    endloop
  endfacet
  facet normal -0.996191 0.0871932 0
    outer loop
      vertex 16.25 77 2.19
      vertex 16.2006 76.4356 0.49
      vertex 16.2006 76.4356 2.19
    endloop
  endfacet
  facet normal -0.573616 -0.819124 0
    outer loop
      vertex 14.625 79.8146 0
      vertex 15.0891 79.4896 2.19
      vertex 14.625 79.8146 2.19
    endloop
  endfacet
  facet normal -0.573616 -0.819124 -0
    outer loop
      vertex 15.0891 79.4896 2.19
      vertex 14.625 79.8146 0
      vertex 15.0891 79.4896 0
    endloop
  endfacet
  facet normal 0.422615 0.906309 -0
    outer loop
      vertex 11.8884 73.946 0.49
      vertex 11.375 74.1854 2.19
      vertex 11.8884 73.946 2.19
    endloop
  endfacet
  facet normal 0.422615 0.906309 0
    outer loop
      vertex 11.375 74.1854 2.19
      vertex 11.8884 73.946 0.49
      vertex 11.375 74.1854 0.49
    endloop
  endfacet
  facet normal 0.0871932 -0.996191 0
    outer loop
      vertex 12.4356 80.2006 0
      vertex 13 80.25 2.19
      vertex 12.4356 80.2006 2.19
    endloop
  endfacet
  facet normal 0.0871932 -0.996191 0
    outer loop
      vertex 13 80.25 2.19
      vertex 12.4356 80.2006 0
      vertex 13 80.25 0
    endloop
  endfacet
  facet normal 0.258783 0.965935 -0
    outer loop
      vertex 12.4356 73.7994 0.49
      vertex 11.8884 73.946 2.19
      vertex 12.4356 73.7994 2.19
    endloop
  endfacet
  facet normal 0.258783 0.965935 0
    outer loop
      vertex 11.8884 73.946 2.19
      vertex 12.4356 73.7994 0.49
      vertex 11.8884 73.946 0.49
    endloop
  endfacet
  facet normal 0.906309 0.422615 0
    outer loop
      vertex 10.1854 75.375 2.19
      vertex 9.946 75.8884 0
      vertex 9.946 75.8884 2.19
    endloop
  endfacet
  facet normal 0.906309 0.422615 0
    outer loop
      vertex 9.946 75.8884 0
      vertex 10.1854 75.375 2.19
      vertex 10.1854 75.375 0
    endloop
  endfacet
  facet normal -0.0871932 -0.996191 0
    outer loop
      vertex 13 80.25 0
      vertex 13.5644 80.2006 2.19
      vertex 13 80.25 2.19
    endloop
  endfacet
  facet normal -0.0871932 -0.996191 -0
    outer loop
      vertex 13.5644 80.2006 2.19
      vertex 13 80.25 0
      vertex 13.5644 80.2006 0
    endloop
  endfacet
  facet normal 0.996194 0.0871582 0
    outer loop
      vertex 9.79938 76.4356 2.19
      vertex 9.75 77 0
      vertex 9.75 77 2.19
    endloop
  endfacet
  facet normal 0.996194 0.0871582 0
    outer loop
      vertex 9.75 77 0
      vertex 9.79938 76.4356 2.19
      vertex 9.79938 76.4356 0
    endloop
  endfacet
  facet normal -0.258783 -0.965935 0
    outer loop
      vertex 13.5644 80.2006 0
      vertex 14.1116 80.054 2.19
      vertex 13.5644 80.2006 2.19
    endloop
  endfacet
  facet normal -0.258783 -0.965935 -0
    outer loop
      vertex 14.1116 80.054 2.19
      vertex 13.5644 80.2006 0
      vertex 14.1116 80.054 0
    endloop
  endfacet
  facet normal 0.965927 -0.258816 0
    outer loop
      vertex 9.79938 77.5644 2.19
      vertex 9.946 78.1116 0
      vertex 9.946 78.1116 2.19
    endloop
  endfacet
  facet normal 0.965927 -0.258816 0
    outer loop
      vertex 9.946 78.1116 0
      vertex 9.79938 77.5644 2.19
      vertex 9.79938 77.5644 0
    endloop
  endfacet
  facet normal 0.707107 -0.707107 0
    outer loop
      vertex 10.5104 79.0891 2.19
      vertex 10.9109 79.4896 0
      vertex 10.9109 79.4896 2.19
    endloop
  endfacet
  facet normal 0.707107 -0.707107 0
    outer loop
      vertex 10.9109 79.4896 0
      vertex 10.5104 79.0891 2.19
      vertex 10.5104 79.0891 0
    endloop
  endfacet
  facet normal 0.258868 -0.965913 0
    outer loop
      vertex 76.4528 78.5035 2.19
      vertex 76.7222 78.5757 5.01
      vertex 76.4528 78.5035 5.01
    endloop
  endfacet
  facet normal 0.258868 -0.965913 0
    outer loop
      vertex 76.7222 78.5757 5.01
      vertex 76.4528 78.5035 2.19
      vertex 76.7222 78.5757 2.19
    endloop
  endfacet
  facet normal -0.965913 -0.258868 0
    outer loop
      vertex 78.5757 77.2778 2.19
      vertex 78.5035 77.5472 5
      vertex 78.5035 77.5472 2.19
    endloop
  endfacet
  facet normal -0.965913 -0.258868 0
    outer loop
      vertex 78.5035 77.5472 5
      vertex 78.5757 77.2778 2.19
      vertex 78.5757 77.2778 5
    endloop
  endfacet
  facet normal -0.996196 -0.0871403 0
    outer loop
      vertex 78.6 77 2.19
      vertex 78.5757 77.2778 5
      vertex 78.5757 77.2778 2.19
    endloop
  endfacet
  facet normal -0.996196 -0.0871403 0
    outer loop
      vertex 78.5757 77.2778 5
      vertex 78.6 77 2.19
      vertex 78.6 77 5
    endloop
  endfacet
  facet normal -0.906284 -0.42267 0
    outer loop
      vertex 78.5035 77.5472 2.19
      vertex 78.3856 77.8 5
      vertex 78.3856 77.8 2.19
    endloop
  endfacet
  facet normal -0.906284 -0.42267 0
    outer loop
      vertex 78.3856 77.8 5
      vertex 78.5035 77.5472 2.19
      vertex 78.5035 77.5472 5
    endloop
  endfacet
  facet normal 0.906284 0.42267 0
    outer loop
      vertex 75.6144 76.2 5
      vertex 75.4965 76.4528 2.19
      vertex 75.4965 76.4528 5
    endloop
  endfacet
  facet normal 0.906284 0.42267 0
    outer loop
      vertex 75.4965 76.4528 2.19
      vertex 75.6144 76.2 5
      vertex 75.6144 76.2 2.19
    endloop
  endfacet
  facet normal -0.906284 0.42267 0
    outer loop
      vertex 78.3856 76.2 2.19
      vertex 78.5035 76.4528 5
      vertex 78.5035 76.4528 2.19
    endloop
  endfacet
  facet normal -0.906284 0.42267 0
    outer loop
      vertex 78.5035 76.4528 5
      vertex 78.3856 76.2 2.19
      vertex 78.3856 76.2 5
    endloop
  endfacet
  facet normal -0.819316 0.573342 0
    outer loop
      vertex 78.2257 75.9715 2.19
      vertex 78.3856 76.2 5
      vertex 78.3856 76.2 2.19
    endloop
  endfacet
  facet normal -0.819316 0.573342 0
    outer loop
      vertex 78.3856 76.2 5
      vertex 78.2257 75.9715 2.19
      vertex 78.2257 75.9715 5
    endloop
  endfacet
  facet normal -0.996196 0.0871403 0
    outer loop
      vertex 78.5757 76.7222 2.19
      vertex 78.6 77 5
      vertex 78.6 77 2.19
    endloop
  endfacet
  facet normal -0.996196 0.0871403 0
    outer loop
      vertex 78.6 77 5
      vertex 78.5757 76.7222 2.19
      vertex 78.5757 76.7222 5
    endloop
  endfacet
  facet normal -0.819316 -0.573342 0
    outer loop
      vertex 78.3856 77.8 2.19
      vertex 78.2257 78.0285 5
      vertex 78.2257 78.0285 2.19
    endloop
  endfacet
  facet normal -0.819316 -0.573342 0
    outer loop
      vertex 78.2257 78.0285 5
      vertex 78.3856 77.8 2.19
      vertex 78.3856 77.8 5
    endloop
  endfacet
  facet normal 0.707107 -0.707107 0
    outer loop
      vertex 75.7743 78.0285 5.01
      vertex 75.9715 78.2257 2.19
      vertex 75.9715 78.2257 5.01
    endloop
  endfacet
  facet normal 0.707107 -0.707107 0
    outer loop
      vertex 75.9715 78.2257 2.19
      vertex 75.7743 78.0285 5.01
      vertex 75.7743 78.0285 2.19
    endloop
  endfacet
  facet normal 0 0 -1
    outer loop
      vertex 76.8191 78.4739 5.01
      vertex 76.7222 78.5757 5.01
      vertex 76.8493 78.5868 5.01
    endloop
  endfacet
  facet normal 0 0 -1
    outer loop
      vertex 76.4528 78.5035 5.01
      vertex 76.8191 78.4739 5.01
      vertex 76.5981 78 5.01
    endloop
  endfacet
  facet normal 0 0 -1
    outer loop
      vertex 76.8191 78.4739 5.01
      vertex 76.4528 78.5035 5.01
      vertex 76.7222 78.5757 5.01
    endloop
  endfacet
  facet normal 0 0 -1
    outer loop
      vertex 75.9715 78.2257 5.01
      vertex 76.5981 78 5.01
      vertex 76.2981 77.5716 5.01
    endloop
  endfacet
  facet normal 0 0 -1
    outer loop
      vertex 76.5981 78 5.01
      vertex 76.2 78.3856 5.01
      vertex 76.4528 78.5035 5.01
    endloop
  endfacet
  facet normal 0 0 -1
    outer loop
      vertex 76.5981 78 5.01
      vertex 75.9715 78.2257 5.01
      vertex 76.2 78.3856 5.01
    endloop
  endfacet
  facet normal 0 0 -1
    outer loop
      vertex 75.6144 77.8 5.01
      vertex 76.2981 77.5716 5.01
      vertex 75.9284 77.2019 5.01
    endloop
  endfacet
  facet normal 0 0 -1
    outer loop
      vertex 76.2981 77.5716 5.01
      vertex 75.7743 78.0285 5.01
      vertex 75.9715 78.2257 5.01
    endloop
  endfacet
  facet normal 0 0 -1
    outer loop
      vertex 76.2981 77.5716 5.01
      vertex 75.6144 77.8 5.01
      vertex 75.7743 78.0285 5.01
    endloop
  endfacet
  facet normal 0 0 -1
    outer loop
      vertex 75.4243 77.2778 5.01
      vertex 75.9284 77.2019 5.01
      vertex 75.5 76.9019 5.01
    endloop
  endfacet
  facet normal 0 0 -1
    outer loop
      vertex 75.9284 77.2019 5.01
      vertex 75.4965 77.5472 5.01
      vertex 75.6144 77.8 5.01
    endloop
  endfacet
  facet normal 0 0 -1
    outer loop
      vertex 75.9284 77.2019 5.01
      vertex 75.4243 77.2778 5.01
      vertex 75.4965 77.5472 5.01
    endloop
  endfacet
  facet normal 0 0 -1
    outer loop
      vertex 75.4 77 5.01
      vertex 75.5 76.9019 5.01
      vertex 75.4122 76.861 5.01
    endloop
  endfacet
  facet normal 0 0 -1
    outer loop
      vertex 75.5 76.9019 5.01
      vertex 75.4 77 5.01
      vertex 75.4243 77.2778 5.01
    endloop
  endfacet
  facet normal 0.0870017 -0.996208 0
    outer loop
      vertex 76.7222 78.5757 5.01
      vertex 76.8493 78.5868 5
      vertex 76.8493 78.5868 5.01
    endloop
  endfacet
  facet normal 0.0870017 -0.996208 0
    outer loop
      vertex 76.7222 78.5757 2.19
      vertex 76.8493 78.5868 5
      vertex 76.7222 78.5757 5.01
    endloop
  endfacet
  facet normal 0.0871403 -0.996196 -6.31701e-06
    outer loop
      vertex 77 78.6 2.19
      vertex 76.8493 78.5868 5
      vertex 76.7222 78.5757 2.19
    endloop
  endfacet
  facet normal 0.0872572 -0.996186 0
    outer loop
      vertex 76.8493 78.5868 5
      vertex 77 78.6 2.19
      vertex 77 78.6 5
    endloop
  endfacet
  facet normal 0.573342 -0.819316 0
    outer loop
      vertex 75.9715 78.2257 2.19
      vertex 76.2 78.3856 5.01
      vertex 75.9715 78.2257 5.01
    endloop
  endfacet
  facet normal 0.573342 -0.819316 0
    outer loop
      vertex 76.2 78.3856 5.01
      vertex 75.9715 78.2257 2.19
      vertex 76.2 78.3856 2.19
    endloop
  endfacet
  facet normal 0.42267 -0.906284 0
    outer loop
      vertex 76.2 78.3856 2.19
      vertex 76.4528 78.5035 5.01
      vertex 76.2 78.3856 5.01
    endloop
  endfacet
  facet normal 0.42267 -0.906284 0
    outer loop
      vertex 76.4528 78.5035 5.01
      vertex 76.2 78.3856 2.19
      vertex 76.4528 78.5035 2.19
    endloop
  endfacet
  facet normal -0.42267 0.906284 0
    outer loop
      vertex 77.8 75.6144 2.19
      vertex 77.5472 75.4965 5
      vertex 77.8 75.6144 5
    endloop
  endfacet
  facet normal -0.42267 0.906284 0
    outer loop
      vertex 77.5472 75.4965 5
      vertex 77.8 75.6144 2.19
      vertex 77.5472 75.4965 2.19
    endloop
  endfacet
  facet normal 0.99617 0.0874337 -0
    outer loop
      vertex 75.4122 76.861 5
      vertex 75.4 77 5.01
      vertex 75.4122 76.861 5.01
    endloop
  endfacet
  facet normal 0.99617 0.0874337 0
    outer loop
      vertex 75.4 77 5.01
      vertex 75.4122 76.861 5
      vertex 75.4 77 2.19
    endloop
  endfacet
  facet normal 0.996222 0.0868464 -0
    outer loop
      vertex 75.4243 76.7222 2.19
      vertex 75.4122 76.861 5
      vertex 75.4243 76.7222 5
    endloop
  endfacet
  facet normal 0.996196 0.0871403 -1.46248e-05
    outer loop
      vertex 75.4122 76.861 5
      vertex 75.4243 76.7222 2.19
      vertex 75.4 77 2.19
    endloop
  endfacet
  facet normal -0.258868 -0.965913 0
    outer loop
      vertex 77.2778 78.5757 2.19
      vertex 77.5472 78.5035 5
      vertex 77.2778 78.5757 5
    endloop
  endfacet
  facet normal -0.258868 -0.965913 -0
    outer loop
      vertex 77.5472 78.5035 5
      vertex 77.2778 78.5757 2.19
      vertex 77.5472 78.5035 2.19
    endloop
  endfacet
  facet normal -0.573342 0.819316 0
    outer loop
      vertex 78.0285 75.7743 2.19
      vertex 77.8 75.6144 5
      vertex 78.0285 75.7743 5
    endloop
  endfacet
  facet normal -0.573342 0.819316 0
    outer loop
      vertex 77.8 75.6144 5
      vertex 78.0285 75.7743 2.19
      vertex 77.8 75.6144 2.19
    endloop
  endfacet
  facet normal 0.965913 -0.258868 0
    outer loop
      vertex 75.4243 77.2778 5.01
      vertex 75.4965 77.5472 2.19
      vertex 75.4965 77.5472 5.01
    endloop
  endfacet
  facet normal 0.965913 -0.258868 0
    outer loop
      vertex 75.4965 77.5472 2.19
      vertex 75.4243 77.2778 5.01
      vertex 75.4243 77.2778 2.19
    endloop
  endfacet
  facet normal 0.819316 -0.573342 0
    outer loop
      vertex 75.6144 77.8 5.01
      vertex 75.7743 78.0285 2.19
      vertex 75.7743 78.0285 5.01
    endloop
  endfacet
  facet normal 0.819316 -0.573342 0
    outer loop
      vertex 75.7743 78.0285 2.19
      vertex 75.6144 77.8 5.01
      vertex 75.6144 77.8 2.19
    endloop
  endfacet
  facet normal 0.819316 0.573342 0
    outer loop
      vertex 75.7743 75.9715 5
      vertex 75.6144 76.2 2.19
      vertex 75.6144 76.2 5
    endloop
  endfacet
  facet normal 0.819316 0.573342 0
    outer loop
      vertex 75.6144 76.2 2.19
      vertex 75.7743 75.9715 5
      vertex 75.7743 75.9715 2.19
    endloop
  endfacet
  facet normal -0.258868 0.965913 0
    outer loop
      vertex 77.5472 75.4965 2.19
      vertex 77.2778 75.4243 5
      vertex 77.5472 75.4965 5
    endloop
  endfacet
  facet normal -0.258868 0.965913 0
    outer loop
      vertex 77.2778 75.4243 5
      vertex 77.5472 75.4965 2.19
      vertex 77.2778 75.4243 2.19
    endloop
  endfacet
  facet normal -0.707107 0.707107 0
    outer loop
      vertex 78.0285 75.7743 2.19
      vertex 78.2257 75.9715 5
      vertex 78.2257 75.9715 2.19
    endloop
  endfacet
  facet normal -0.707107 0.707107 0
    outer loop
      vertex 78.2257 75.9715 5
      vertex 78.0285 75.7743 2.19
      vertex 78.0285 75.7743 5
    endloop
  endfacet
  facet normal -0.707107 -0.707107 0
    outer loop
      vertex 78.2257 78.0285 2.19
      vertex 78.0285 78.2257 5
      vertex 78.0285 78.2257 2.19
    endloop
  endfacet
  facet normal -0.707107 -0.707107 0
    outer loop
      vertex 78.0285 78.2257 5
      vertex 78.2257 78.0285 2.19
      vertex 78.2257 78.0285 5
    endloop
  endfacet
  facet normal -0.965913 0.258868 0
    outer loop
      vertex 78.5035 76.4528 2.19
      vertex 78.5757 76.7222 5
      vertex 78.5757 76.7222 2.19
    endloop
  endfacet
  facet normal -0.965913 0.258868 0
    outer loop
      vertex 78.5757 76.7222 5
      vertex 78.5035 76.4528 2.19
      vertex 78.5035 76.4528 5
    endloop
  endfacet
  facet normal -0.573342 -0.819316 0
    outer loop
      vertex 77.8 78.3856 2.19
      vertex 78.0285 78.2257 5
      vertex 77.8 78.3856 5
    endloop
  endfacet
  facet normal -0.573342 -0.819316 -0
    outer loop
      vertex 78.0285 78.2257 5
      vertex 77.8 78.3856 2.19
      vertex 78.0285 78.2257 2.19
    endloop
  endfacet
  facet normal 0.707107 0.707107 0
    outer loop
      vertex 75.9715 75.7743 5
      vertex 75.7743 75.9715 2.19
      vertex 75.7743 75.9715 5
    endloop
  endfacet
  facet normal 0.707107 0.707107 0
    outer loop
      vertex 75.7743 75.9715 2.19
      vertex 75.9715 75.7743 5
      vertex 75.9715 75.7743 2.19
    endloop
  endfacet
  facet normal 0.906284 -0.42267 0
    outer loop
      vertex 75.4965 77.5472 5.01
      vertex 75.6144 77.8 2.19
      vertex 75.6144 77.8 5.01
    endloop
  endfacet
  facet normal 0.906284 -0.42267 0
    outer loop
      vertex 75.6144 77.8 2.19
      vertex 75.4965 77.5472 5.01
      vertex 75.4965 77.5472 2.19
    endloop
  endfacet
  facet normal 0.573342 0.819316 -0
    outer loop
      vertex 76.2 75.6144 2.19
      vertex 75.9715 75.7743 5
      vertex 76.2 75.6144 5
    endloop
  endfacet
  facet normal 0.573342 0.819316 0
    outer loop
      vertex 75.9715 75.7743 5
      vertex 76.2 75.6144 2.19
      vertex 75.9715 75.7743 2.19
    endloop
  endfacet
  facet normal -0.0871403 0.996196 0
    outer loop
      vertex 77.2778 75.4243 2.19
      vertex 77 75.4 5
      vertex 77.2778 75.4243 5
    endloop
  endfacet
  facet normal -0.0871403 0.996196 0
    outer loop
      vertex 77 75.4 5
      vertex 77.2778 75.4243 2.19
      vertex 77 75.4 2.19
    endloop
  endfacet
  facet normal -0.0871403 -0.996196 0
    outer loop
      vertex 77 78.6 2.19
      vertex 77.2778 78.5757 5
      vertex 77 78.6 5
    endloop
  endfacet
  facet normal -0.0871403 -0.996196 -0
    outer loop
      vertex 77.2778 78.5757 5
      vertex 77 78.6 2.19
      vertex 77.2778 78.5757 2.19
    endloop
  endfacet
  facet normal -0.42267 -0.906284 0
    outer loop
      vertex 77.5472 78.5035 2.19
      vertex 77.8 78.3856 5
      vertex 77.5472 78.5035 5
    endloop
  endfacet
  facet normal -0.42267 -0.906284 -0
    outer loop
      vertex 77.8 78.3856 5
      vertex 77.5472 78.5035 2.19
      vertex 77.8 78.3856 2.19
    endloop
  endfacet
  facet normal 0.0871403 0.996196 -0
    outer loop
      vertex 77 75.4 2.19
      vertex 76.7222 75.4243 5
      vertex 77 75.4 5
    endloop
  endfacet
  facet normal 0.0871403 0.996196 0
    outer loop
      vertex 76.7222 75.4243 5
      vertex 77 75.4 2.19
      vertex 76.7222 75.4243 2.19
    endloop
  endfacet
  facet normal 0.258868 0.965913 -0
    outer loop
      vertex 76.7222 75.4243 2.19
      vertex 76.4528 75.4965 5
      vertex 76.7222 75.4243 5
    endloop
  endfacet
  facet normal 0.258868 0.965913 0
    outer loop
      vertex 76.4528 75.4965 5
      vertex 76.7222 75.4243 2.19
      vertex 76.4528 75.4965 2.19
    endloop
  endfacet
  facet normal 0.996196 -0.0871403 0
    outer loop
      vertex 75.4 77 5.01
      vertex 75.4243 77.2778 2.19
      vertex 75.4243 77.2778 5.01
    endloop
  endfacet
  facet normal 0.996196 -0.0871403 0
    outer loop
      vertex 75.4243 77.2778 2.19
      vertex 75.4 77 5.01
      vertex 75.4 77 2.19
    endloop
  endfacet
  facet normal 0.965913 0.258868 0
    outer loop
      vertex 75.4965 76.4528 5
      vertex 75.4243 76.7222 2.19
      vertex 75.4243 76.7222 5
    endloop
  endfacet
  facet normal 0.965913 0.258868 0
    outer loop
      vertex 75.4243 76.7222 2.19
      vertex 75.4965 76.4528 5
      vertex 75.4965 76.4528 2.19
    endloop
  endfacet
  facet normal 0.42267 0.906284 -0
    outer loop
      vertex 76.4528 75.4965 2.19
      vertex 76.2 75.6144 5
      vertex 76.4528 75.4965 5
    endloop
  endfacet
  facet normal 0.42267 0.906284 0
    outer loop
      vertex 76.2 75.6144 5
      vertex 76.4528 75.4965 2.19
      vertex 76.2 75.6144 2.19
    endloop
  endfacet
  facet normal 0.707107 0.707107 0
    outer loop
      vertex 74.9109 74.5104 2.19
      vertex 74.5104 74.9109 0.49
      vertex 74.5104 74.9109 2.19
    endloop
  endfacet
  facet normal 0.707107 0.707107 0
    outer loop
      vertex 74.5104 74.9109 0.49
      vertex 74.9109 74.5104 2.19
      vertex 74.9109 74.5104 0.49
    endloop
  endfacet
  facet normal 0.906309 -0.422615 0
    outer loop
      vertex 73.946 78.1116 2.19
      vertex 74.1854 78.625 0.49
      vertex 74.1854 78.625 2.19
    endloop
  endfacet
  facet normal 0.906309 -0.422615 0
    outer loop
      vertex 74.1854 78.625 0.49
      vertex 73.946 78.1116 2.19
      vertex 73.946 78.1116 0.49
    endloop
  endfacet
  facet normal -0.965935 -0.258783 0
    outer loop
      vertex 80.2006 77.5644 0
      vertex 80.054 78.1116 2.19
      vertex 80.054 78.1116 0
    endloop
  endfacet
  facet normal -0.965935 -0.258783 0
    outer loop
      vertex 80.054 78.1116 2.19
      vertex 80.2006 77.5644 0
      vertex 80.2006 77.5644 2.19
    endloop
  endfacet
  facet normal -0.996191 -0.0871932 0
    outer loop
      vertex 80.25 77 0
      vertex 80.2006 77.5644 2.19
      vertex 80.2006 77.5644 0
    endloop
  endfacet
  facet normal -0.996191 -0.0871932 0
    outer loop
      vertex 80.2006 77.5644 2.19
      vertex 80.25 77 0
      vertex 80.25 77 2.19
    endloop
  endfacet
  facet normal -0.906309 -0.422615 0
    outer loop
      vertex 80.054 78.1116 0
      vertex 79.8146 78.625 2.19
      vertex 79.8146 78.625 0
    endloop
  endfacet
  facet normal -0.906309 -0.422615 0
    outer loop
      vertex 79.8146 78.625 2.19
      vertex 80.054 78.1116 0
      vertex 80.054 78.1116 2.19
    endloop
  endfacet
  facet normal -0.573616 0.819124 0
    outer loop
      vertex 79.0891 74.5104 0.49
      vertex 78.625 74.1854 2.19
      vertex 79.0891 74.5104 2.19
    endloop
  endfacet
  facet normal -0.573616 0.819124 0
    outer loop
      vertex 78.625 74.1854 2.19
      vertex 79.0891 74.5104 0.49
      vertex 78.625 74.1854 0.49
    endloop
  endfacet
  facet normal 0.0871932 0.996191 -0
    outer loop
      vertex 77 73.75 0.49
      vertex 76.4356 73.7994 2.19
      vertex 77 73.75 2.19
    endloop
  endfacet
  facet normal 0.0871932 0.996191 0
    outer loop
      vertex 76.4356 73.7994 2.19
      vertex 77 73.75 0.49
      vertex 76.4356 73.7994 0.49
    endloop
  endfacet
  facet normal 0 0 -1
    outer loop
      vertex 78.6 77 2.19
      vertex 80.25 77 2.19
      vertex 80.2006 76.4356 2.19
    endloop
  endfacet
  facet normal 0 0 -1
    outer loop
      vertex 78.5757 76.7222 2.19
      vertex 80.2006 76.4356 2.19
      vertex 80.054 75.8884 2.19
    endloop
  endfacet
  facet normal 0 0 -1
    outer loop
      vertex 80.25 77 2.19
      vertex 78.6 77 2.19
      vertex 80.2006 77.5644 2.19
    endloop
  endfacet
  facet normal 0 0 -1
    outer loop
      vertex 78.5035 76.4528 2.19
      vertex 80.054 75.8884 2.19
      vertex 79.8146 75.375 2.19
    endloop
  endfacet
  facet normal 0 0 -1
    outer loop
      vertex 78.5757 77.2778 2.19
      vertex 80.2006 77.5644 2.19
      vertex 78.6 77 2.19
    endloop
  endfacet
  facet normal 0 0 -1
    outer loop
      vertex 78.3856 76.2 2.19
      vertex 79.8146 75.375 2.19
      vertex 79.4896 74.9109 2.19
    endloop
  endfacet
  facet normal -0 0 -1
    outer loop
      vertex 80.2006 77.5644 2.19
      vertex 78.5757 77.2778 2.19
      vertex 80.054 78.1116 2.19
    endloop
  endfacet
  facet normal 0 0 -1
    outer loop
      vertex 78.2257 75.9715 2.19
      vertex 79.4896 74.9109 2.19
      vertex 79.0891 74.5104 2.19
    endloop
  endfacet
  facet normal 0 0 -1
    outer loop
      vertex 78.5035 77.5472 2.19
      vertex 80.054 78.1116 2.19
      vertex 78.5757 77.2778 2.19
    endloop
  endfacet
  facet normal 0 0 -1
    outer loop
      vertex 78.0285 75.7743 2.19
      vertex 79.0891 74.5104 2.19
      vertex 78.625 74.1854 2.19
    endloop
  endfacet
  facet normal -0 0 -1
    outer loop
      vertex 80.054 78.1116 2.19
      vertex 78.5035 77.5472 2.19
      vertex 79.8146 78.625 2.19
    endloop
  endfacet
  facet normal 0 0 -1
    outer loop
      vertex 78.3856 77.8 2.19
      vertex 79.8146 78.625 2.19
      vertex 78.5035 77.5472 2.19
    endloop
  endfacet
  facet normal 0 0 -1
    outer loop
      vertex 80.2006 76.4356 2.19
      vertex 78.5757 76.7222 2.19
      vertex 78.6 77 2.19
    endloop
  endfacet
  facet normal 0 0 -1
    outer loop
      vertex 80.054 75.8884 2.19
      vertex 78.5035 76.4528 2.19
      vertex 78.5757 76.7222 2.19
    endloop
  endfacet
  facet normal 0 0 -1
    outer loop
      vertex 79.8146 75.375 2.19
      vertex 78.3856 76.2 2.19
      vertex 78.5035 76.4528 2.19
    endloop
  endfacet
  facet normal 0 0 -1
    outer loop
      vertex 79.4896 74.9109 2.19
      vertex 78.2257 75.9715 2.19
      vertex 78.3856 76.2 2.19
    endloop
  endfacet
  facet normal 0 0 -1
    outer loop
      vertex 77.8 75.6144 2.19
      vertex 78.625 74.1854 2.19
      vertex 78.1116 73.946 2.19
    endloop
  endfacet
  facet normal 0 0 -1
    outer loop
      vertex 79.0891 74.5104 2.19
      vertex 78.0285 75.7743 2.19
      vertex 78.2257 75.9715 2.19
    endloop
  endfacet
  facet normal 0 0 -1
    outer loop
      vertex 78.625 74.1854 2.19
      vertex 77.8 75.6144 2.19
      vertex 78.0285 75.7743 2.19
    endloop
  endfacet
  facet normal 0 0 -1
    outer loop
      vertex 77.5472 75.4965 2.19
      vertex 78.1116 73.946 2.19
      vertex 77.5644 73.7994 2.19
    endloop
  endfacet
  facet normal 0 0 -1
    outer loop
      vertex 78.1116 73.946 2.19
      vertex 77.5472 75.4965 2.19
      vertex 77.8 75.6144 2.19
    endloop
  endfacet
  facet normal 0 0 -1
    outer loop
      vertex 77.5644 73.7994 2.19
      vertex 77.2778 75.4243 2.19
      vertex 77.5472 75.4965 2.19
    endloop
  endfacet
  facet normal 0 0 -1
    outer loop
      vertex 77 73.75 2.19
      vertex 77.2778 75.4243 2.19
      vertex 77.5644 73.7994 2.19
    endloop
  endfacet
  facet normal 0 0 -1
    outer loop
      vertex 77 73.75 2.19
      vertex 77 75.4 2.19
      vertex 77.2778 75.4243 2.19
    endloop
  endfacet
  facet normal 0 0 -1
    outer loop
      vertex 77 73.75 2.19
      vertex 76.7222 75.4243 2.19
      vertex 77 75.4 2.19
    endloop
  endfacet
  facet normal 0 0 -1
    outer loop
      vertex 76.4356 73.7994 2.19
      vertex 76.7222 75.4243 2.19
      vertex 77 73.75 2.19
    endloop
  endfacet
  facet normal -0 0 -1
    outer loop
      vertex 76.7222 75.4243 2.19
      vertex 76.4356 73.7994 2.19
      vertex 76.4528 75.4965 2.19
    endloop
  endfacet
  facet normal 0 0 -1
    outer loop
      vertex 75.8884 73.946 2.19
      vertex 76.4528 75.4965 2.19
      vertex 76.4356 73.7994 2.19
    endloop
  endfacet
  facet normal -0 0 -1
    outer loop
      vertex 76.4528 75.4965 2.19
      vertex 75.8884 73.946 2.19
      vertex 76.2 75.6144 2.19
    endloop
  endfacet
  facet normal 0 0 -1
    outer loop
      vertex 75.375 74.1854 2.19
      vertex 76.2 75.6144 2.19
      vertex 75.8884 73.946 2.19
    endloop
  endfacet
  facet normal -0 0 -1
    outer loop
      vertex 76.2 75.6144 2.19
      vertex 75.375 74.1854 2.19
      vertex 75.9715 75.7743 2.19
    endloop
  endfacet
  facet normal 0 0 -1
    outer loop
      vertex 74.9109 74.5104 2.19
      vertex 75.9715 75.7743 2.19
      vertex 75.375 74.1854 2.19
    endloop
  endfacet
  facet normal -0 0 -1
    outer loop
      vertex 75.9715 75.7743 2.19
      vertex 74.9109 74.5104 2.19
      vertex 75.7743 75.9715 2.19
    endloop
  endfacet
  facet normal 0 0 -1
    outer loop
      vertex 74.5104 74.9109 2.19
      vertex 75.7743 75.9715 2.19
      vertex 74.9109 74.5104 2.19
    endloop
  endfacet
  facet normal 0 0 -1
    outer loop
      vertex 74.1854 75.375 2.19
      vertex 75.6144 76.2 2.19
      vertex 74.5104 74.9109 2.19
    endloop
  endfacet
  facet normal -0 0 -1
    outer loop
      vertex 75.7743 75.9715 2.19
      vertex 74.5104 74.9109 2.19
      vertex 75.6144 76.2 2.19
    endloop
  endfacet
  facet normal -0 0 -1
    outer loop
      vertex 79.8146 78.625 2.19
      vertex 78.3856 77.8 2.19
      vertex 79.4896 79.0891 2.19
    endloop
  endfacet
  facet normal 0 0 -1
    outer loop
      vertex 78.2257 78.0285 2.19
      vertex 79.4896 79.0891 2.19
      vertex 78.3856 77.8 2.19
    endloop
  endfacet
  facet normal -0 0 -1
    outer loop
      vertex 79.4896 79.0891 2.19
      vertex 78.2257 78.0285 2.19
      vertex 79.0891 79.4896 2.19
    endloop
  endfacet
  facet normal 0 0 -1
    outer loop
      vertex 78.0285 78.2257 2.19
      vertex 79.0891 79.4896 2.19
      vertex 78.2257 78.0285 2.19
    endloop
  endfacet
  facet normal -0 0 -1
    outer loop
      vertex 79.0891 79.4896 2.19
      vertex 78.0285 78.2257 2.19
      vertex 78.625 79.8146 2.19
    endloop
  endfacet
  facet normal 0 0 -1
    outer loop
      vertex 77.8 78.3856 2.19
      vertex 78.625 79.8146 2.19
      vertex 78.0285 78.2257 2.19
    endloop
  endfacet
  facet normal -0 0 -1
    outer loop
      vertex 78.625 79.8146 2.19
      vertex 77.8 78.3856 2.19
      vertex 78.1116 80.054 2.19
    endloop
  endfacet
  facet normal 0 0 -1
    outer loop
      vertex 77.5472 78.5035 2.19
      vertex 78.1116 80.054 2.19
      vertex 77.8 78.3856 2.19
    endloop
  endfacet
  facet normal -0 0 -1
    outer loop
      vertex 78.1116 80.054 2.19
      vertex 77.5472 78.5035 2.19
      vertex 77.5644 80.2006 2.19
    endloop
  endfacet
  facet normal 0 0 -1
    outer loop
      vertex 77.2778 78.5757 2.19
      vertex 77.5644 80.2006 2.19
      vertex 77.5472 78.5035 2.19
    endloop
  endfacet
  facet normal 0 0 -1
    outer loop
      vertex 77 78.6 2.19
      vertex 77.5644 80.2006 2.19
      vertex 77.2778 78.5757 2.19
    endloop
  endfacet
  facet normal 0 0 -1
    outer loop
      vertex 77 78.6 2.19
      vertex 77 80.25 2.19
      vertex 77.5644 80.2006 2.19
    endloop
  endfacet
  facet normal 0 0 -1
    outer loop
      vertex 76.7222 78.5757 2.19
      vertex 77 80.25 2.19
      vertex 77 78.6 2.19
    endloop
  endfacet
  facet normal 0 0 -1
    outer loop
      vertex 76.4356 80.2006 2.19
      vertex 76.7222 78.5757 2.19
      vertex 76.4528 78.5035 2.19
    endloop
  endfacet
  facet normal 0 0 -1
    outer loop
      vertex 76.7222 78.5757 2.19
      vertex 76.4356 80.2006 2.19
      vertex 77 80.25 2.19
    endloop
  endfacet
  facet normal 0 0 -1
    outer loop
      vertex 75.8884 80.054 2.19
      vertex 76.4528 78.5035 2.19
      vertex 76.2 78.3856 2.19
    endloop
  endfacet
  facet normal 0 0 -1
    outer loop
      vertex 75.375 79.8146 2.19
      vertex 76.2 78.3856 2.19
      vertex 75.9715 78.2257 2.19
    endloop
  endfacet
  facet normal 0 0 -1
    outer loop
      vertex 76.4528 78.5035 2.19
      vertex 75.8884 80.054 2.19
      vertex 76.4356 80.2006 2.19
    endloop
  endfacet
  facet normal 0 0 -1
    outer loop
      vertex 74.9109 79.4896 2.19
      vertex 75.9715 78.2257 2.19
      vertex 75.7743 78.0285 2.19
    endloop
  endfacet
  facet normal 0 0 -1
    outer loop
      vertex 74.5104 79.0891 2.19
      vertex 75.7743 78.0285 2.19
      vertex 75.6144 77.8 2.19
    endloop
  endfacet
  facet normal 0 0 -1
    outer loop
      vertex 74.1854 78.625 2.19
      vertex 75.6144 77.8 2.19
      vertex 75.4965 77.5472 2.19
    endloop
  endfacet
  facet normal 0 0 -1
    outer loop
      vertex 73.946 78.1116 2.19
      vertex 75.4965 77.5472 2.19
      vertex 75.4243 77.2778 2.19
    endloop
  endfacet
  facet normal 0 0 -1
    outer loop
      vertex 76.2 78.3856 2.19
      vertex 75.375 79.8146 2.19
      vertex 75.8884 80.054 2.19
    endloop
  endfacet
  facet normal 0 0 -1
    outer loop
      vertex 73.7994 77.5644 2.19
      vertex 75.4243 77.2778 2.19
      vertex 75.4 77 2.19
    endloop
  endfacet
  facet normal -0 0 -1
    outer loop
      vertex 75.6144 76.2 2.19
      vertex 74.1854 75.375 2.19
      vertex 75.4965 76.4528 2.19
    endloop
  endfacet
  facet normal 0 0 -1
    outer loop
      vertex 73.946 75.8884 2.19
      vertex 75.4965 76.4528 2.19
      vertex 74.1854 75.375 2.19
    endloop
  endfacet
  facet normal 0 0 -1
    outer loop
      vertex 75.9715 78.2257 2.19
      vertex 74.9109 79.4896 2.19
      vertex 75.375 79.8146 2.19
    endloop
  endfacet
  facet normal -0 0 -1
    outer loop
      vertex 75.4965 76.4528 2.19
      vertex 73.946 75.8884 2.19
      vertex 75.4243 76.7222 2.19
    endloop
  endfacet
  facet normal 0 0 -1
    outer loop
      vertex 75.7743 78.0285 2.19
      vertex 74.5104 79.0891 2.19
      vertex 74.9109 79.4896 2.19
    endloop
  endfacet
  facet normal 0 0 -1
    outer loop
      vertex 73.7994 76.4356 2.19
      vertex 75.4243 76.7222 2.19
      vertex 73.946 75.8884 2.19
    endloop
  endfacet
  facet normal 0 0 -1
    outer loop
      vertex 75.6144 77.8 2.19
      vertex 74.1854 78.625 2.19
      vertex 74.5104 79.0891 2.19
    endloop
  endfacet
  facet normal -0 0 -1
    outer loop
      vertex 75.4243 76.7222 2.19
      vertex 73.7994 76.4356 2.19
      vertex 75.4 77 2.19
    endloop
  endfacet
  facet normal 0 0 -1
    outer loop
      vertex 75.4965 77.5472 2.19
      vertex 73.946 78.1116 2.19
      vertex 74.1854 78.625 2.19
    endloop
  endfacet
  facet normal 0 0 -1
    outer loop
      vertex 73.75 77 2.19
      vertex 75.4 77 2.19
      vertex 73.7994 76.4356 2.19
    endloop
  endfacet
  facet normal 0 0 -1
    outer loop
      vertex 75.4243 77.2778 2.19
      vertex 73.7994 77.5644 2.19
      vertex 73.946 78.1116 2.19
    endloop
  endfacet
  facet normal 0 0 -1
    outer loop
      vertex 75.4 77 2.19
      vertex 73.75 77 2.19
      vertex 73.7994 77.5644 2.19
    endloop
  endfacet
  facet normal -0.422615 0.906309 0
    outer loop
      vertex 78.625 74.1854 0.49
      vertex 78.1116 73.946 2.19
      vertex 78.625 74.1854 2.19
    endloop
  endfacet
  facet normal -0.422615 0.906309 0
    outer loop
      vertex 78.1116 73.946 2.19
      vertex 78.625 74.1854 0.49
      vertex 78.1116 73.946 0.49
    endloop
  endfacet
  facet normal 0.258783 -0.965935 0
    outer loop
      vertex 75.8884 80.054 0
      vertex 76.4356 80.2006 2.19
      vertex 75.8884 80.054 2.19
    endloop
  endfacet
  facet normal 0.258783 -0.965935 0
    outer loop
      vertex 76.4356 80.2006 2.19
      vertex 75.8884 80.054 0
      vertex 76.4356 80.2006 0
    endloop
  endfacet
  facet normal 0.422615 -0.906309 0
    outer loop
      vertex 75.375 79.8146 0
      vertex 75.8884 80.054 2.19
      vertex 75.375 79.8146 2.19
    endloop
  endfacet
  facet normal 0.422615 -0.906309 0
    outer loop
      vertex 75.8884 80.054 2.19
      vertex 75.375 79.8146 0
      vertex 75.8884 80.054 0
    endloop
  endfacet
  facet normal -0.0871932 0.996191 0
    outer loop
      vertex 77.5644 73.7994 0.49
      vertex 77 73.75 2.19
      vertex 77.5644 73.7994 2.19
    endloop
  endfacet
  facet normal -0.0871932 0.996191 0
    outer loop
      vertex 77 73.75 2.19
      vertex 77.5644 73.7994 0.49
      vertex 77 73.75 0.49
    endloop
  endfacet
  facet normal 0.965935 0.258783 0
    outer loop
      vertex 73.946 75.8884 2.19
      vertex 73.7994 76.4356 0.49
      vertex 73.7994 76.4356 2.19
    endloop
  endfacet
  facet normal 0.965935 0.258783 0
    outer loop
      vertex 73.7994 76.4356 0.49
      vertex 73.946 75.8884 2.19
      vertex 73.946 75.8884 0.49
    endloop
  endfacet
  facet normal 0.573616 0.819124 -0
    outer loop
      vertex 75.375 74.1854 0.49
      vertex 74.9109 74.5104 2.19
      vertex 75.375 74.1854 2.19
    endloop
  endfacet
  facet normal 0.573616 0.819124 0
    outer loop
      vertex 74.9109 74.5104 2.19
      vertex 75.375 74.1854 0.49
      vertex 74.9109 74.5104 0.49
    endloop
  endfacet
  facet normal 0.819124 -0.573616 0
    outer loop
      vertex 74.1854 78.625 2.19
      vertex 74.5104 79.0891 0.49
      vertex 74.5104 79.0891 2.19
    endloop
  endfacet
  facet normal 0.819124 -0.573616 0
    outer loop
      vertex 74.5104 79.0891 0.49
      vertex 74.1854 78.625 2.19
      vertex 74.1854 78.625 0.49
    endloop
  endfacet
  facet normal -0.906309 0.422615 0
    outer loop
      vertex 79.8146 75.375 0
      vertex 80.054 75.8884 2.19
      vertex 80.054 75.8884 0
    endloop
  endfacet
  facet normal -0.906309 0.422615 0
    outer loop
      vertex 80.054 75.8884 2.19
      vertex 79.8146 75.375 0
      vertex 79.8146 75.375 2.19
    endloop
  endfacet
  facet normal 0.819124 0.573616 0
    outer loop
      vertex 74.5104 74.9109 2.19
      vertex 74.1854 75.375 0.49
      vertex 74.1854 75.375 2.19
    endloop
  endfacet
  facet normal 0.819124 0.573616 0
    outer loop
      vertex 74.1854 75.375 0.49
      vertex 74.5104 74.9109 2.19
      vertex 74.5104 74.9109 0.49
    endloop
  endfacet
  facet normal 0.573616 -0.819124 0
    outer loop
      vertex 74.9109 79.4896 0
      vertex 75.375 79.8146 2.19
      vertex 74.9109 79.4896 2.19
    endloop
  endfacet
  facet normal 0.573616 -0.819124 0
    outer loop
      vertex 75.375 79.8146 2.19
      vertex 74.9109 79.4896 0
      vertex 75.375 79.8146 0
    endloop
  endfacet
  facet normal -0.819124 0.573616 0
    outer loop
      vertex 79.4896 74.9109 0
      vertex 79.8146 75.375 2.19
      vertex 79.8146 75.375 0
    endloop
  endfacet
  facet normal -0.819124 0.573616 0
    outer loop
      vertex 79.8146 75.375 2.19
      vertex 79.4896 74.9109 0
      vertex 79.4896 74.9109 2.19
    endloop
  endfacet
  facet normal -0.819124 -0.573616 0
    outer loop
      vertex 79.8146 78.625 0
      vertex 79.4896 79.0891 2.19
      vertex 79.4896 79.0891 0
    endloop
  endfacet
  facet normal -0.819124 -0.573616 0
    outer loop
      vertex 79.4896 79.0891 2.19
      vertex 79.8146 78.625 0
      vertex 79.8146 78.625 2.19
    endloop
  endfacet
  facet normal -0.965935 0.258783 0
    outer loop
      vertex 80.054 75.8884 0
      vertex 80.2006 76.4356 2.19
      vertex 80.2006 76.4356 0
    endloop
  endfacet
  facet normal -0.965935 0.258783 0
    outer loop
      vertex 80.2006 76.4356 2.19
      vertex 80.054 75.8884 0
      vertex 80.054 75.8884 2.19
    endloop
  endfacet
  facet normal 0.996191 -0.0871932 0
    outer loop
      vertex 73.75 77 2.19
      vertex 73.7994 77.5644 0.49
      vertex 73.7994 77.5644 2.19
    endloop
  endfacet
  facet normal 0.996191 -0.0871932 0
    outer loop
      vertex 73.7994 77.5644 0.49
      vertex 73.75 77 2.19
      vertex 73.75 77 0.49
    endloop
  endfacet
  facet normal -0.422615 -0.906309 0
    outer loop
      vertex 78.1116 80.054 0
      vertex 78.625 79.8146 2.19
      vertex 78.1116 80.054 2.19
    endloop
  endfacet
  facet normal -0.422615 -0.906309 -0
    outer loop
      vertex 78.625 79.8146 2.19
      vertex 78.1116 80.054 0
      vertex 78.625 79.8146 0
    endloop
  endfacet
  facet normal -0.707107 -0.707107 0
    outer loop
      vertex 79.4896 79.0891 0
      vertex 79.0891 79.4896 2.19
      vertex 79.0891 79.4896 0
    endloop
  endfacet
  facet normal -0.707107 -0.707107 0
    outer loop
      vertex 79.0891 79.4896 2.19
      vertex 79.4896 79.0891 0
      vertex 79.4896 79.0891 2.19
    endloop
  endfacet
  facet normal -0.258783 0.965935 0
    outer loop
      vertex 78.1116 73.946 0.49
      vertex 77.5644 73.7994 2.19
      vertex 78.1116 73.946 2.19
    endloop
  endfacet
  facet normal -0.258783 0.965935 0
    outer loop
      vertex 77.5644 73.7994 2.19
      vertex 78.1116 73.946 0.49
      vertex 77.5644 73.7994 0.49
    endloop
  endfacet
  facet normal -0.996191 0.0871932 0
    outer loop
      vertex 80.2006 76.4356 0
      vertex 80.25 77 2.19
      vertex 80.25 77 0
    endloop
  endfacet
  facet normal -0.996191 0.0871932 0
    outer loop
      vertex 80.25 77 2.19
      vertex 80.2006 76.4356 0
      vertex 80.2006 76.4356 2.19
    endloop
  endfacet
  facet normal -0.573616 -0.819124 0
    outer loop
      vertex 78.625 79.8146 0
      vertex 79.0891 79.4896 2.19
      vertex 78.625 79.8146 2.19
    endloop
  endfacet
  facet normal -0.573616 -0.819124 -0
    outer loop
      vertex 79.0891 79.4896 2.19
      vertex 78.625 79.8146 0
      vertex 79.0891 79.4896 0
    endloop
  endfacet
  facet normal 0.422615 0.906309 -0
    outer loop
      vertex 75.8884 73.946 0.49
      vertex 75.375 74.1854 2.19
      vertex 75.8884 73.946 2.19
    endloop
  endfacet
  facet normal 0.422615 0.906309 0
    outer loop
      vertex 75.375 74.1854 2.19
      vertex 75.8884 73.946 0.49
      vertex 75.375 74.1854 0.49
    endloop
  endfacet
  facet normal 0.0871932 -0.996191 0
    outer loop
      vertex 76.4356 80.2006 0
      vertex 77 80.25 2.19
      vertex 76.4356 80.2006 2.19
    endloop
  endfacet
  facet normal 0.0871932 -0.996191 0
    outer loop
      vertex 77 80.25 2.19
      vertex 76.4356 80.2006 0
      vertex 77 80.25 0
    endloop
  endfacet
  facet normal 0.258783 0.965935 -0
    outer loop
      vertex 76.4356 73.7994 0.49
      vertex 75.8884 73.946 2.19
      vertex 76.4356 73.7994 2.19
    endloop
  endfacet
  facet normal 0.258783 0.965935 0
    outer loop
      vertex 75.8884 73.946 2.19
      vertex 76.4356 73.7994 0.49
      vertex 75.8884 73.946 0.49
    endloop
  endfacet
  facet normal 0.906309 0.422615 0
    outer loop
      vertex 74.1854 75.375 2.19
      vertex 73.946 75.8884 0.49
      vertex 73.946 75.8884 2.19
    endloop
  endfacet
  facet normal 0.906309 0.422615 0
    outer loop
      vertex 73.946 75.8884 0.49
      vertex 74.1854 75.375 2.19
      vertex 74.1854 75.375 0.49
    endloop
  endfacet
  facet normal -0.0871932 -0.996191 0
    outer loop
      vertex 77 80.25 0
      vertex 77.5644 80.2006 2.19
      vertex 77 80.25 2.19
    endloop
  endfacet
  facet normal -0.0871932 -0.996191 -0
    outer loop
      vertex 77.5644 80.2006 2.19
      vertex 77 80.25 0
      vertex 77.5644 80.2006 0
    endloop
  endfacet
  facet normal -0.707107 0.707107 0
    outer loop
      vertex 79.4259 74.8472 0.49
      vertex 79.4896 74.9109 0
      vertex 79.4259 74.8472 0
    endloop
  endfacet
  facet normal -0.707107 0.707107 0
    outer loop
      vertex 79.4896 74.9109 0
      vertex 79.4259 74.8472 0.49
      vertex 79.4896 74.9109 2.19
    endloop
  endfacet
  facet normal -0.707107 0.707107 0
    outer loop
      vertex 79.0891 74.5104 2.19
      vertex 79.4259 74.8472 0.49
      vertex 79.0891 74.5104 0.49
    endloop
  endfacet
  facet normal -0.707107 0.707107 0
    outer loop
      vertex 79.4259 74.8472 0.49
      vertex 79.0891 74.5104 2.19
      vertex 79.4896 74.9109 2.19
    endloop
  endfacet
  facet normal 0.996191 0.0871932 0
    outer loop
      vertex 73.7994 76.4356 2.19
      vertex 73.75 77 0.49
      vertex 73.75 77 2.19
    endloop
  endfacet
  facet normal 0.996191 0.0871932 0
    outer loop
      vertex 73.75 77 0.49
      vertex 73.7994 76.4356 2.19
      vertex 73.7994 76.4356 0.49
    endloop
  endfacet
  facet normal -0.258783 -0.965935 0
    outer loop
      vertex 77.5644 80.2006 0
      vertex 78.1116 80.054 2.19
      vertex 77.5644 80.2006 2.19
    endloop
  endfacet
  facet normal -0.258783 -0.965935 -0
    outer loop
      vertex 78.1116 80.054 2.19
      vertex 77.5644 80.2006 0
      vertex 78.1116 80.054 0
    endloop
  endfacet
  facet normal 0.965935 -0.258783 0
    outer loop
      vertex 73.7994 77.5644 2.19
      vertex 73.946 78.1116 0.49
      vertex 73.946 78.1116 2.19
    endloop
  endfacet
  facet normal 0.965935 -0.258783 0
    outer loop
      vertex 73.946 78.1116 0.49
      vertex 73.7994 77.5644 2.19
      vertex 73.7994 77.5644 0.49
    endloop
  endfacet
  facet normal 0.707107 -0.707107 0
    outer loop
      vertex 74.9109 79.4896 2.19
      vertex 74.8472 79.4259 0.49
      vertex 74.9109 79.4896 0
    endloop
  endfacet
  facet normal 0.707107 -0.707107 0
    outer loop
      vertex 74.5104 79.0891 2.19
      vertex 74.8472 79.4259 0.49
      vertex 74.9109 79.4896 2.19
    endloop
  endfacet
  facet normal 0.707107 -0.707107 0
    outer loop
      vertex 74.8472 79.4259 0.49
      vertex 74.5104 79.0891 2.19
      vertex 74.5104 79.0891 0.49
    endloop
  endfacet
  facet normal 0.707107 -0.707107 0
    outer loop
      vertex 74.9109 79.4896 0
      vertex 74.8472 79.4259 0.49
      vertex 74.8472 79.4259 0
    endloop
  endfacet
  facet normal -0.422401 0.906409 0
    outer loop
      vertex 33.755 60.1996 0
      vertex 33.5196 60.0899 5
      vertex 33.755 60.1996 5
    endloop
  endfacet
  facet normal -0.422401 0.906409 0
    outer loop
      vertex 33.5196 60.0899 5
      vertex 33.755 60.1996 0
      vertex 33.5196 60.0899 0
    endloop
  endfacet
  facet normal 0.906409 0.422401 0
    outer loop
      vertex 31.6996 60.745 5
      vertex 31.5899 60.9804 0
      vertex 31.5899 60.9804 5
    endloop
  endfacet
  facet normal 0.906409 0.422401 0
    outer loop
      vertex 31.5899 60.9804 0
      vertex 31.6996 60.745 5
      vertex 31.6996 60.745 0
    endloop
  endfacet
  facet normal 0.965857 0.259076 0
    outer loop
      vertex 31.5899 60.9804 5
      vertex 31.5226 61.2313 0
      vertex 31.5226 61.2313 5
    endloop
  endfacet
  facet normal 0.965857 0.259076 0
    outer loop
      vertex 31.5226 61.2313 0
      vertex 31.5899 60.9804 5
      vertex 31.5899 60.9804 0
    endloop
  endfacet
  facet normal 0.906409 -0.422401 0
    outer loop
      vertex 31.5899 75.0196 5
      vertex 31.6996 75.255 0
      vertex 31.6996 75.255 5
    endloop
  endfacet
  facet normal 0.906409 -0.422401 0
    outer loop
      vertex 31.6996 75.255 0
      vertex 31.5899 75.0196 5
      vertex 31.5899 75.0196 0
    endloop
  endfacet
  facet normal -0.259076 0.965857 0
    outer loop
      vertex 33.5196 60.0899 0
      vertex 33.2687 60.0226 5
      vertex 33.5196 60.0899 5
    endloop
  endfacet
  facet normal -0.259076 0.965857 0
    outer loop
      vertex 33.2687 60.0226 5
      vertex 33.5196 60.0899 0
      vertex 33.2687 60.0226 0
    endloop
  endfacet
  facet normal -0.707107 0.707107 0
    outer loop
      vertex 33.9678 60.3486 0
      vertex 34.1514 60.5322 5
      vertex 34.1514 60.5322 0
    endloop
  endfacet
  facet normal -0.707107 0.707107 0
    outer loop
      vertex 34.1514 60.5322 5
      vertex 33.9678 60.3486 0
      vertex 33.9678 60.3486 5
    endloop
  endfacet
  facet normal -0.996206 0.0870284 0
    outer loop
      vertex 34.4774 61.2313 0
      vertex 34.5 61.49 5
      vertex 34.5 61.49 0
    endloop
  endfacet
  facet normal -0.996206 0.0870284 0
    outer loop
      vertex 34.5 61.49 5
      vertex 34.4774 61.2313 0
      vertex 34.4774 61.2313 5
    endloop
  endfacet
  facet normal -1 0 0
    outer loop
      vertex 34.5 61.49 0
      vertex 34.5 74.51 5
      vertex 34.5 74.51 0
    endloop
  endfacet
  facet normal -1 -0 0
    outer loop
      vertex 34.5 74.51 5
      vertex 34.5 61.49 0
      vertex 34.5 61.49 5
    endloop
  endfacet
  facet normal -0.906409 0.422401 0
    outer loop
      vertex 34.3004 60.745 0
      vertex 34.4101 60.9804 5
      vertex 34.4101 60.9804 0
    endloop
  endfacet
  facet normal -0.906409 0.422401 0
    outer loop
      vertex 34.4101 60.9804 5
      vertex 34.3004 60.745 0
      vertex 34.3004 60.745 5
    endloop
  endfacet
  facet normal -0.81916 -0.573566 0
    outer loop
      vertex 34.3004 75.255 0
      vertex 34.1514 75.4678 5
      vertex 34.1514 75.4678 0
    endloop
  endfacet
  facet normal -0.81916 -0.573566 0
    outer loop
      vertex 34.1514 75.4678 5
      vertex 34.3004 75.255 0
      vertex 34.3004 75.255 5
    endloop
  endfacet
  facet normal 0.707107 -0.707107 0
    outer loop
      vertex 31.8486 75.4678 5
      vertex 32.0322 75.6514 0
      vertex 32.0322 75.6514 5
    endloop
  endfacet
  facet normal 0.707107 -0.707107 0
    outer loop
      vertex 32.0322 75.6514 0
      vertex 31.8486 75.4678 5
      vertex 31.8486 75.4678 0
    endloop
  endfacet
  facet normal -0.906409 -0.422401 0
    outer loop
      vertex 34.4101 75.0196 0
      vertex 34.3004 75.255 5
      vertex 34.3004 75.255 0
    endloop
  endfacet
  facet normal -0.906409 -0.422401 0
    outer loop
      vertex 34.3004 75.255 5
      vertex 34.4101 75.0196 0
      vertex 34.4101 75.0196 5
    endloop
  endfacet
  facet normal 0.996206 0.0870284 0
    outer loop
      vertex 31.5226 61.2313 5
      vertex 31.5 61.49 0
      vertex 31.5 61.49 5
    endloop
  endfacet
  facet normal 0.996206 0.0870284 0
    outer loop
      vertex 31.5 61.49 0
      vertex 31.5226 61.2313 5
      vertex 31.5226 61.2313 0
    endloop
  endfacet
  facet normal -0.259076 -0.965857 0
    outer loop
      vertex 33.2687 75.9774 0
      vertex 33.5196 75.9101 5
      vertex 33.2687 75.9774 5
    endloop
  endfacet
  facet normal -0.259076 -0.965857 -0
    outer loop
      vertex 33.5196 75.9101 5
      vertex 33.2687 75.9774 0
      vertex 33.5196 75.9101 0
    endloop
  endfacet
  facet normal -0.573566 0.81916 0
    outer loop
      vertex 33.9678 60.3486 0
      vertex 33.755 60.1996 5
      vertex 33.9678 60.3486 5
    endloop
  endfacet
  facet normal -0.573566 0.81916 0
    outer loop
      vertex 33.755 60.1996 5
      vertex 33.9678 60.3486 0
      vertex 33.755 60.1996 0
    endloop
  endfacet
  facet normal 0.996206 -0.0870284 0
    outer loop
      vertex 31.5 74.51 5
      vertex 31.5226 74.7687 0
      vertex 31.5226 74.7687 5
    endloop
  endfacet
  facet normal 0.996206 -0.0870284 0
    outer loop
      vertex 31.5226 74.7687 0
      vertex 31.5 74.51 5
      vertex 31.5 74.51 0
    endloop
  endfacet
  facet normal 0.573566 -0.81916 0
    outer loop
      vertex 32.0322 75.6514 0
      vertex 32.245 75.8004 5
      vertex 32.0322 75.6514 5
    endloop
  endfacet
  facet normal 0.573566 -0.81916 0
    outer loop
      vertex 32.245 75.8004 5
      vertex 32.0322 75.6514 0
      vertex 32.245 75.8004 0
    endloop
  endfacet
  facet normal 0.259076 -0.965857 0
    outer loop
      vertex 32.4804 75.9101 0
      vertex 32.7313 75.9774 5
      vertex 32.4804 75.9101 5
    endloop
  endfacet
  facet normal 0.259076 -0.965857 0
    outer loop
      vertex 32.7313 75.9774 5
      vertex 32.4804 75.9101 0
      vertex 32.7313 75.9774 0
    endloop
  endfacet
  facet normal -0.965857 0.259076 0
    outer loop
      vertex 34.4101 60.9804 0
      vertex 34.4774 61.2313 5
      vertex 34.4774 61.2313 0
    endloop
  endfacet
  facet normal -0.965857 0.259076 0
    outer loop
      vertex 34.4774 61.2313 5
      vertex 34.4101 60.9804 0
      vertex 34.4101 60.9804 5
    endloop
  endfacet
  facet normal 0.81916 0.573566 0
    outer loop
      vertex 31.8486 60.5322 5
      vertex 31.6996 60.745 0
      vertex 31.6996 60.745 5
    endloop
  endfacet
  facet normal 0.81916 0.573566 0
    outer loop
      vertex 31.6996 60.745 0
      vertex 31.8486 60.5322 5
      vertex 31.8486 60.5322 0
    endloop
  endfacet
  facet normal -0.81916 0.573566 0
    outer loop
      vertex 34.1514 60.5322 0
      vertex 34.3004 60.745 5
      vertex 34.3004 60.745 0
    endloop
  endfacet
  facet normal -0.81916 0.573566 0
    outer loop
      vertex 34.3004 60.745 5
      vertex 34.1514 60.5322 0
      vertex 34.1514 60.5322 5
    endloop
  endfacet
  facet normal -0.996206 -0.0870284 0
    outer loop
      vertex 34.5 74.51 0
      vertex 34.4774 74.7687 5
      vertex 34.4774 74.7687 0
    endloop
  endfacet
  facet normal -0.996206 -0.0870284 0
    outer loop
      vertex 34.4774 74.7687 5
      vertex 34.5 74.51 0
      vertex 34.5 74.51 5
    endloop
  endfacet
  facet normal -0.573566 -0.81916 0
    outer loop
      vertex 33.755 75.8004 0
      vertex 33.9678 75.6514 5
      vertex 33.755 75.8004 5
    endloop
  endfacet
  facet normal -0.573566 -0.81916 -0
    outer loop
      vertex 33.9678 75.6514 5
      vertex 33.755 75.8004 0
      vertex 33.9678 75.6514 0
    endloop
  endfacet
  facet normal 1 -0 0
    outer loop
      vertex 31.5 61.49 5
      vertex 31.5 74.51 0
      vertex 31.5 74.51 5
    endloop
  endfacet
  facet normal 1 0 0
    outer loop
      vertex 31.5 74.51 0
      vertex 31.5 61.49 5
      vertex 31.5 61.49 0
    endloop
  endfacet
  facet normal -0.422401 -0.906409 0
    outer loop
      vertex 33.5196 75.9101 0
      vertex 33.755 75.8004 5
      vertex 33.5196 75.9101 5
    endloop
  endfacet
  facet normal -0.422401 -0.906409 -0
    outer loop
      vertex 33.755 75.8004 5
      vertex 33.5196 75.9101 0
      vertex 33.755 75.8004 0
    endloop
  endfacet
  facet normal -0.0870284 -0.996206 0
    outer loop
      vertex 33.01 76 0
      vertex 33.2687 75.9774 5
      vertex 33.01 76 5
    endloop
  endfacet
  facet normal -0.0870284 -0.996206 -0
    outer loop
      vertex 33.2687 75.9774 5
      vertex 33.01 76 0
      vertex 33.2687 75.9774 0
    endloop
  endfacet
  facet normal 0.965857 -0.259076 0
    outer loop
      vertex 31.5226 74.7687 5
      vertex 31.5899 75.0196 0
      vertex 31.5899 75.0196 5
    endloop
  endfacet
  facet normal 0.965857 -0.259076 0
    outer loop
      vertex 31.5899 75.0196 0
      vertex 31.5226 74.7687 5
      vertex 31.5226 74.7687 0
    endloop
  endfacet
  facet normal 0.422401 -0.906409 0
    outer loop
      vertex 32.245 75.8004 0
      vertex 32.4804 75.9101 5
      vertex 32.245 75.8004 5
    endloop
  endfacet
  facet normal 0.422401 -0.906409 0
    outer loop
      vertex 32.4804 75.9101 5
      vertex 32.245 75.8004 0
      vertex 32.4804 75.9101 0
    endloop
  endfacet
  facet normal 0.81916 -0.573566 0
    outer loop
      vertex 31.6996 75.255 5
      vertex 31.8486 75.4678 0
      vertex 31.8486 75.4678 5
    endloop
  endfacet
  facet normal 0.81916 -0.573566 0
    outer loop
      vertex 31.8486 75.4678 0
      vertex 31.6996 75.255 5
      vertex 31.6996 75.255 0
    endloop
  endfacet
  facet normal -0.0870284 0.996206 0
    outer loop
      vertex 33.2687 60.0226 0
      vertex 33.01 60 5
      vertex 33.2687 60.0226 5
    endloop
  endfacet
  facet normal -0.0870284 0.996206 0
    outer loop
      vertex 33.01 60 5
      vertex 33.2687 60.0226 0
      vertex 33.01 60 0
    endloop
  endfacet
  facet normal -0.707107 -0.707107 0
    outer loop
      vertex 34.1514 75.4678 0
      vertex 33.9678 75.6514 5
      vertex 33.9678 75.6514 0
    endloop
  endfacet
  facet normal -0.707107 -0.707107 0
    outer loop
      vertex 33.9678 75.6514 5
      vertex 34.1514 75.4678 0
      vertex 34.1514 75.4678 5
    endloop
  endfacet
  facet normal 0.0870284 -0.996206 0
    outer loop
      vertex 32.7313 75.9774 0
      vertex 32.99 76 5
      vertex 32.7313 75.9774 5
    endloop
  endfacet
  facet normal 0.0870284 -0.996206 0
    outer loop
      vertex 32.99 76 5
      vertex 32.7313 75.9774 0
      vertex 32.99 76 0
    endloop
  endfacet
  facet normal -0.965857 -0.259076 0
    outer loop
      vertex 34.4774 74.7687 0
      vertex 34.4101 75.0196 5
      vertex 34.4101 75.0196 0
    endloop
  endfacet
  facet normal -0.965857 -0.259076 0
    outer loop
      vertex 34.4101 75.0196 5
      vertex 34.4774 74.7687 0
      vertex 34.4774 74.7687 5
    endloop
  endfacet
  facet normal 0.259076 0.965857 -0
    outer loop
      vertex 32.7313 60.0226 0
      vertex 32.4804 60.0899 5
      vertex 32.7313 60.0226 5
    endloop
  endfacet
  facet normal 0.259076 0.965857 0
    outer loop
      vertex 32.4804 60.0899 5
      vertex 32.7313 60.0226 0
      vertex 32.4804 60.0899 0
    endloop
  endfacet
  facet normal 0 -1 0
    outer loop
      vertex 32.99 76 0
      vertex 33.01 76 5
      vertex 32.99 76 5
    endloop
  endfacet
  facet normal 0 -1 -0
    outer loop
      vertex 33.01 76 5
      vertex 32.99 76 0
      vertex 33.01 76 0
    endloop
  endfacet
  facet normal 0.0870284 0.996206 -0
    outer loop
      vertex 32.99 60 0
      vertex 32.7313 60.0226 5
      vertex 32.99 60 5
    endloop
  endfacet
  facet normal 0.0870284 0.996206 0
    outer loop
      vertex 32.7313 60.0226 5
      vertex 32.99 60 0
      vertex 32.7313 60.0226 0
    endloop
  endfacet
  facet normal 0 1 -0
    outer loop
      vertex 33.01 60 0
      vertex 32.99 60 5
      vertex 33.01 60 5
    endloop
  endfacet
  facet normal 0 1 0
    outer loop
      vertex 32.99 60 5
      vertex 33.01 60 0
      vertex 32.99 60 0
    endloop
  endfacet
  facet normal 0.573566 0.81916 -0
    outer loop
      vertex 32.245 60.1996 0
      vertex 32.0322 60.3486 5
      vertex 32.245 60.1996 5
    endloop
  endfacet
  facet normal 0.573566 0.81916 0
    outer loop
      vertex 32.0322 60.3486 5
      vertex 32.245 60.1996 0
      vertex 32.0322 60.3486 0
    endloop
  endfacet
  facet normal 0.422401 0.906409 -0
    outer loop
      vertex 32.4804 60.0899 0
      vertex 32.245 60.1996 5
      vertex 32.4804 60.0899 5
    endloop
  endfacet
  facet normal 0.422401 0.906409 0
    outer loop
      vertex 32.245 60.1996 5
      vertex 32.4804 60.0899 0
      vertex 32.245 60.1996 0
    endloop
  endfacet
  facet normal 0.707107 0.707107 0
    outer loop
      vertex 32.0322 60.3486 5
      vertex 31.8486 60.5322 0
      vertex 31.8486 60.5322 5
    endloop
  endfacet
  facet normal 0.707107 0.707107 0
    outer loop
      vertex 31.8486 60.5322 0
      vertex 32.0322 60.3486 5
      vertex 32.0322 60.3486 0
    endloop
  endfacet
  facet normal -0.422401 0.906409 0
    outer loop
      vertex 45.755 60.1996 0
      vertex 45.5196 60.0899 5
      vertex 45.755 60.1996 5
    endloop
  endfacet
  facet normal -0.422401 0.906409 0
    outer loop
      vertex 45.5196 60.0899 5
      vertex 45.755 60.1996 0
      vertex 45.5196 60.0899 0
    endloop
  endfacet
  facet normal 0.906409 0.422401 0
    outer loop
      vertex 43.6996 60.745 5
      vertex 43.5899 60.9804 0
      vertex 43.5899 60.9804 5
    endloop
  endfacet
  facet normal 0.906409 0.422401 0
    outer loop
      vertex 43.5899 60.9804 0
      vertex 43.6996 60.745 5
      vertex 43.6996 60.745 0
    endloop
  endfacet
  facet normal 0.965857 0.259076 0
    outer loop
      vertex 43.5899 60.9804 5
      vertex 43.5226 61.2313 0
      vertex 43.5226 61.2313 5
    endloop
  endfacet
  facet normal 0.965857 0.259076 0
    outer loop
      vertex 43.5226 61.2313 0
      vertex 43.5899 60.9804 5
      vertex 43.5899 60.9804 0
    endloop
  endfacet
  facet normal 0.906409 -0.422401 0
    outer loop
      vertex 43.5899 75.0196 5
      vertex 43.6996 75.255 0
      vertex 43.6996 75.255 5
    endloop
  endfacet
  facet normal 0.906409 -0.422401 0
    outer loop
      vertex 43.6996 75.255 0
      vertex 43.5899 75.0196 5
      vertex 43.5899 75.0196 0
    endloop
  endfacet
  facet normal -0.259076 0.965857 0
    outer loop
      vertex 45.5196 60.0899 0
      vertex 45.2687 60.0226 5
      vertex 45.5196 60.0899 5
    endloop
  endfacet
  facet normal -0.259076 0.965857 0
    outer loop
      vertex 45.2687 60.0226 5
      vertex 45.5196 60.0899 0
      vertex 45.2687 60.0226 0
    endloop
  endfacet
  facet normal -0.996206 0.0870284 0
    outer loop
      vertex 46.4774 61.2313 0
      vertex 46.5 61.49 5
      vertex 46.5 61.49 0
    endloop
  endfacet
  facet normal -0.996206 0.0870284 0
    outer loop
      vertex 46.5 61.49 5
      vertex 46.4774 61.2313 0
      vertex 46.4774 61.2313 5
    endloop
  endfacet
  facet normal -0.906409 0.422401 0
    outer loop
      vertex 46.3004 60.745 0
      vertex 46.4101 60.9804 5
      vertex 46.4101 60.9804 0
    endloop
  endfacet
  facet normal -0.906409 0.422401 0
    outer loop
      vertex 46.4101 60.9804 5
      vertex 46.3004 60.745 0
      vertex 46.3004 60.745 5
    endloop
  endfacet
  facet normal -0.81916 -0.573566 0
    outer loop
      vertex 46.3004 75.255 0
      vertex 46.1514 75.4678 5
      vertex 46.1514 75.4678 0
    endloop
  endfacet
  facet normal -0.81916 -0.573566 0
    outer loop
      vertex 46.1514 75.4678 5
      vertex 46.3004 75.255 0
      vertex 46.3004 75.255 5
    endloop
  endfacet
  facet normal 0.707107 -0.707107 0
    outer loop
      vertex 43.8486 75.4678 5
      vertex 44.0322 75.6514 0
      vertex 44.0322 75.6514 5
    endloop
  endfacet
  facet normal 0.707107 -0.707107 0
    outer loop
      vertex 44.0322 75.6514 0
      vertex 43.8486 75.4678 5
      vertex 43.8486 75.4678 0
    endloop
  endfacet
  facet normal -0.906409 -0.422401 0
    outer loop
      vertex 46.4101 75.0196 0
      vertex 46.3004 75.255 5
      vertex 46.3004 75.255 0
    endloop
  endfacet
  facet normal -0.906409 -0.422401 0
    outer loop
      vertex 46.3004 75.255 5
      vertex 46.4101 75.0196 0
      vertex 46.4101 75.0196 5
    endloop
  endfacet
  facet normal 0.996206 0.0870284 0
    outer loop
      vertex 43.5226 61.2313 5
      vertex 43.5 61.49 0
      vertex 43.5 61.49 5
    endloop
  endfacet
  facet normal 0.996206 0.0870284 0
    outer loop
      vertex 43.5 61.49 0
      vertex 43.5226 61.2313 5
      vertex 43.5226 61.2313 0
    endloop
  endfacet
  facet normal -0.259076 -0.965857 0
    outer loop
      vertex 45.2687 75.9774 0
      vertex 45.5196 75.9101 5
      vertex 45.2687 75.9774 5
    endloop
  endfacet
  facet normal -0.259076 -0.965857 -0
    outer loop
      vertex 45.5196 75.9101 5
      vertex 45.2687 75.9774 0
      vertex 45.5196 75.9101 0
    endloop
  endfacet
  facet normal -0.573566 0.81916 0
    outer loop
      vertex 45.9678 60.3486 0
      vertex 45.755 60.1996 5
      vertex 45.9678 60.3486 5
    endloop
  endfacet
  facet normal -0.573566 0.81916 0
    outer loop
      vertex 45.755 60.1996 5
      vertex 45.9678 60.3486 0
      vertex 45.755 60.1996 0
    endloop
  endfacet
  facet normal 0.996206 -0.0870284 0
    outer loop
      vertex 43.5 74.51 5
      vertex 43.5226 74.7687 0
      vertex 43.5226 74.7687 5
    endloop
  endfacet
  facet normal 0.996206 -0.0870284 0
    outer loop
      vertex 43.5226 74.7687 0
      vertex 43.5 74.51 5
      vertex 43.5 74.51 0
    endloop
  endfacet
  facet normal 0.573566 -0.81916 0
    outer loop
      vertex 44.0322 75.6514 0
      vertex 44.245 75.8004 5
      vertex 44.0322 75.6514 5
    endloop
  endfacet
  facet normal 0.573566 -0.81916 0
    outer loop
      vertex 44.245 75.8004 5
      vertex 44.0322 75.6514 0
      vertex 44.245 75.8004 0
    endloop
  endfacet
  facet normal 0.259076 -0.965857 0
    outer loop
      vertex 44.4804 75.9101 0
      vertex 44.7313 75.9774 5
      vertex 44.4804 75.9101 5
    endloop
  endfacet
  facet normal 0.259076 -0.965857 0
    outer loop
      vertex 44.7313 75.9774 5
      vertex 44.4804 75.9101 0
      vertex 44.7313 75.9774 0
    endloop
  endfacet
  facet normal -0.965857 0.259076 0
    outer loop
      vertex 46.4101 60.9804 0
      vertex 46.4774 61.2313 5
      vertex 46.4774 61.2313 0
    endloop
  endfacet
  facet normal -0.965857 0.259076 0
    outer loop
      vertex 46.4774 61.2313 5
      vertex 46.4101 60.9804 0
      vertex 46.4101 60.9804 5
    endloop
  endfacet
  facet normal 0.81916 0.573566 0
    outer loop
      vertex 43.8486 60.5322 5
      vertex 43.6996 60.745 0
      vertex 43.6996 60.745 5
    endloop
  endfacet
  facet normal 0.81916 0.573566 0
    outer loop
      vertex 43.6996 60.745 0
      vertex 43.8486 60.5322 5
      vertex 43.8486 60.5322 0
    endloop
  endfacet
  facet normal -0.81916 0.573566 0
    outer loop
      vertex 46.1514 60.5322 0
      vertex 46.3004 60.745 5
      vertex 46.3004 60.745 0
    endloop
  endfacet
  facet normal -0.81916 0.573566 0
    outer loop
      vertex 46.3004 60.745 5
      vertex 46.1514 60.5322 0
      vertex 46.1514 60.5322 5
    endloop
  endfacet
  facet normal -0.996206 -0.0870284 0
    outer loop
      vertex 46.5 74.51 0
      vertex 46.4774 74.7687 5
      vertex 46.4774 74.7687 0
    endloop
  endfacet
  facet normal -0.996206 -0.0870284 0
    outer loop
      vertex 46.4774 74.7687 5
      vertex 46.5 74.51 0
      vertex 46.5 74.51 5
    endloop
  endfacet
  facet normal -0.573566 -0.81916 0
    outer loop
      vertex 45.755 75.8004 0
      vertex 45.9678 75.6514 5
      vertex 45.755 75.8004 5
    endloop
  endfacet
  facet normal -0.573566 -0.81916 -0
    outer loop
      vertex 45.9678 75.6514 5
      vertex 45.755 75.8004 0
      vertex 45.9678 75.6514 0
    endloop
  endfacet
  facet normal 1 -0 0
    outer loop
      vertex 43.5 61.49 5
      vertex 43.5 74.51 0
      vertex 43.5 74.51 5
    endloop
  endfacet
  facet normal 1 0 0
    outer loop
      vertex 43.5 74.51 0
      vertex 43.5 61.49 5
      vertex 43.5 61.49 0
    endloop
  endfacet
  facet normal -0.422401 -0.906409 0
    outer loop
      vertex 45.5196 75.9101 0
      vertex 45.755 75.8004 5
      vertex 45.5196 75.9101 5
    endloop
  endfacet
  facet normal -0.422401 -0.906409 -0
    outer loop
      vertex 45.755 75.8004 5
      vertex 45.5196 75.9101 0
      vertex 45.755 75.8004 0
    endloop
  endfacet
  facet normal -0.0870284 -0.996206 0
    outer loop
      vertex 45.01 76 0
      vertex 45.2687 75.9774 5
      vertex 45.01 76 5
    endloop
  endfacet
  facet normal -0.0870284 -0.996206 -0
    outer loop
      vertex 45.2687 75.9774 5
      vertex 45.01 76 0
      vertex 45.2687 75.9774 0
    endloop
  endfacet
  facet normal 0.965857 -0.259076 0
    outer loop
      vertex 43.5226 74.7687 5
      vertex 43.5899 75.0196 0
      vertex 43.5899 75.0196 5
    endloop
  endfacet
  facet normal 0.965857 -0.259076 0
    outer loop
      vertex 43.5899 75.0196 0
      vertex 43.5226 74.7687 5
      vertex 43.5226 74.7687 0
    endloop
  endfacet
  facet normal 0.422401 -0.906409 0
    outer loop
      vertex 44.245 75.8004 0
      vertex 44.4804 75.9101 5
      vertex 44.245 75.8004 5
    endloop
  endfacet
  facet normal 0.422401 -0.906409 0
    outer loop
      vertex 44.4804 75.9101 5
      vertex 44.245 75.8004 0
      vertex 44.4804 75.9101 0
    endloop
  endfacet
  facet normal 0.81916 -0.573566 0
    outer loop
      vertex 43.6996 75.255 5
      vertex 43.8486 75.4678 0
      vertex 43.8486 75.4678 5
    endloop
  endfacet
  facet normal 0.81916 -0.573566 0
    outer loop
      vertex 43.8486 75.4678 0
      vertex 43.6996 75.255 5
      vertex 43.6996 75.255 0
    endloop
  endfacet
  facet normal -0.965857 -0.259076 0
    outer loop
      vertex 46.4774 74.7687 0
      vertex 46.4101 75.0196 5
      vertex 46.4101 75.0196 0
    endloop
  endfacet
  facet normal -0.965857 -0.259076 0
    outer loop
      vertex 46.4101 75.0196 5
      vertex 46.4774 74.7687 0
      vertex 46.4774 74.7687 5
    endloop
  endfacet
  facet normal -0.0870284 0.996206 0
    outer loop
      vertex 45.2687 60.0226 0
      vertex 45.01 60 5
      vertex 45.2687 60.0226 5
    endloop
  endfacet
  facet normal -0.0870284 0.996206 0
    outer loop
      vertex 45.01 60 5
      vertex 45.2687 60.0226 0
      vertex 45.01 60 0
    endloop
  endfacet
  facet normal -0.707107 -0.707107 0
    outer loop
      vertex 46.1514 75.4678 0
      vertex 45.9678 75.6514 5
      vertex 45.9678 75.6514 0
    endloop
  endfacet
  facet normal -0.707107 -0.707107 0
    outer loop
      vertex 45.9678 75.6514 5
      vertex 46.1514 75.4678 0
      vertex 46.1514 75.4678 5
    endloop
  endfacet
  facet normal 0.0870284 -0.996206 0
    outer loop
      vertex 44.7313 75.9774 0
      vertex 44.99 76 5
      vertex 44.7313 75.9774 5
    endloop
  endfacet
  facet normal 0.0870284 -0.996206 0
    outer loop
      vertex 44.99 76 5
      vertex 44.7313 75.9774 0
      vertex 44.99 76 0
    endloop
  endfacet
  facet normal 0.259076 0.965857 -0
    outer loop
      vertex 44.7313 60.0226 0
      vertex 44.4804 60.0899 5
      vertex 44.7313 60.0226 5
    endloop
  endfacet
  facet normal 0.259076 0.965857 0
    outer loop
      vertex 44.4804 60.0899 5
      vertex 44.7313 60.0226 0
      vertex 44.4804 60.0899 0
    endloop
  endfacet
  facet normal 0 -1 0
    outer loop
      vertex 44.99 76 0
      vertex 45.01 76 5
      vertex 44.99 76 5
    endloop
  endfacet
  facet normal 0 -1 -0
    outer loop
      vertex 45.01 76 5
      vertex 44.99 76 0
      vertex 45.01 76 0
    endloop
  endfacet
  facet normal 0.0870284 0.996206 -0
    outer loop
      vertex 44.99 60 0
      vertex 44.7313 60.0226 5
      vertex 44.99 60 5
    endloop
  endfacet
  facet normal 0.0870284 0.996206 0
    outer loop
      vertex 44.7313 60.0226 5
      vertex 44.99 60 0
      vertex 44.7313 60.0226 0
    endloop
  endfacet
  facet normal -1 0 0
    outer loop
      vertex 46.5 61.49 0
      vertex 46.5 74.51 5
      vertex 46.5 74.51 0
    endloop
  endfacet
  facet normal -1 -0 0
    outer loop
      vertex 46.5 74.51 5
      vertex 46.5 61.49 0
      vertex 46.5 61.49 5
    endloop
  endfacet
  facet normal 0 1 -0
    outer loop
      vertex 45.01 60 0
      vertex 44.99 60 5
      vertex 45.01 60 5
    endloop
  endfacet
  facet normal 0 1 0
    outer loop
      vertex 44.99 60 5
      vertex 45.01 60 0
      vertex 44.99 60 0
    endloop
  endfacet
  facet normal 0.422401 0.906409 -0
    outer loop
      vertex 44.4804 60.0899 0
      vertex 44.245 60.1996 5
      vertex 44.4804 60.0899 5
    endloop
  endfacet
  facet normal 0.422401 0.906409 0
    outer loop
      vertex 44.245 60.1996 5
      vertex 44.4804 60.0899 0
      vertex 44.245 60.1996 0
    endloop
  endfacet
  facet normal 0.707107 0.707107 0
    outer loop
      vertex 44.0322 60.3486 5
      vertex 43.8486 60.5322 0
      vertex 43.8486 60.5322 5
    endloop
  endfacet
  facet normal 0.707107 0.707107 0
    outer loop
      vertex 43.8486 60.5322 0
      vertex 44.0322 60.3486 5
      vertex 44.0322 60.3486 0
    endloop
  endfacet
  facet normal -0.707107 0.707107 0
    outer loop
      vertex 45.9678 60.3486 0
      vertex 46.1514 60.5322 5
      vertex 46.1514 60.5322 0
    endloop
  endfacet
  facet normal -0.707107 0.707107 0
    outer loop
      vertex 46.1514 60.5322 5
      vertex 45.9678 60.3486 0
      vertex 45.9678 60.3486 5
    endloop
  endfacet
  facet normal 0.573566 0.81916 -0
    outer loop
      vertex 44.245 60.1996 0
      vertex 44.0322 60.3486 5
      vertex 44.245 60.1996 5
    endloop
  endfacet
  facet normal 0.573566 0.81916 0
    outer loop
      vertex 44.0322 60.3486 5
      vertex 44.245 60.1996 0
      vertex 44.0322 60.3486 0
    endloop
  endfacet
  facet normal -0.422401 0.906409 0
    outer loop
      vertex 57.755 60.1996 0
      vertex 57.5196 60.0899 5
      vertex 57.755 60.1996 5
    endloop
  endfacet
  facet normal -0.422401 0.906409 0
    outer loop
      vertex 57.5196 60.0899 5
      vertex 57.755 60.1996 0
      vertex 57.5196 60.0899 0
    endloop
  endfacet
  facet normal 0.906409 0.422401 0
    outer loop
      vertex 55.6996 60.745 5
      vertex 55.5899 60.9804 0
      vertex 55.5899 60.9804 5
    endloop
  endfacet
  facet normal 0.906409 0.422401 0
    outer loop
      vertex 55.5899 60.9804 0
      vertex 55.6996 60.745 5
      vertex 55.6996 60.745 0
    endloop
  endfacet
  facet normal 0.965857 0.259076 0
    outer loop
      vertex 55.5899 60.9804 5
      vertex 55.5226 61.2313 0
      vertex 55.5226 61.2313 5
    endloop
  endfacet
  facet normal 0.965857 0.259076 0
    outer loop
      vertex 55.5226 61.2313 0
      vertex 55.5899 60.9804 5
      vertex 55.5899 60.9804 0
    endloop
  endfacet
  facet normal 0.906409 -0.422401 0
    outer loop
      vertex 55.5899 75.0196 5
      vertex 55.6996 75.255 0
      vertex 55.6996 75.255 5
    endloop
  endfacet
  facet normal 0.906409 -0.422401 0
    outer loop
      vertex 55.6996 75.255 0
      vertex 55.5899 75.0196 5
      vertex 55.5899 75.0196 0
    endloop
  endfacet
  facet normal -0.259076 0.965857 0
    outer loop
      vertex 57.5196 60.0899 0
      vertex 57.2687 60.0226 5
      vertex 57.5196 60.0899 5
    endloop
  endfacet
  facet normal -0.259076 0.965857 0
    outer loop
      vertex 57.2687 60.0226 5
      vertex 57.5196 60.0899 0
      vertex 57.2687 60.0226 0
    endloop
  endfacet
  facet normal -0.707107 0.707107 0
    outer loop
      vertex 57.9678 60.3486 0
      vertex 58.1514 60.5322 5
      vertex 58.1514 60.5322 0
    endloop
  endfacet
  facet normal -0.707107 0.707107 0
    outer loop
      vertex 58.1514 60.5322 5
      vertex 57.9678 60.3486 0
      vertex 57.9678 60.3486 5
    endloop
  endfacet
  facet normal -0.996206 0.0870284 0
    outer loop
      vertex 58.4774 61.2313 0
      vertex 58.5 61.49 5
      vertex 58.5 61.49 0
    endloop
  endfacet
  facet normal -0.996206 0.0870284 0
    outer loop
      vertex 58.5 61.49 5
      vertex 58.4774 61.2313 0
      vertex 58.4774 61.2313 5
    endloop
  endfacet
  facet normal -0.906409 0.422401 0
    outer loop
      vertex 58.3004 60.745 0
      vertex 58.4101 60.9804 5
      vertex 58.4101 60.9804 0
    endloop
  endfacet
  facet normal -0.906409 0.422401 0
    outer loop
      vertex 58.4101 60.9804 5
      vertex 58.3004 60.745 0
      vertex 58.3004 60.745 5
    endloop
  endfacet
  facet normal -0.81916 -0.573566 0
    outer loop
      vertex 58.3004 75.255 0
      vertex 58.1514 75.4678 5
      vertex 58.1514 75.4678 0
    endloop
  endfacet
  facet normal -0.81916 -0.573566 0
    outer loop
      vertex 58.1514 75.4678 5
      vertex 58.3004 75.255 0
      vertex 58.3004 75.255 5
    endloop
  endfacet
  facet normal 0.707107 -0.707107 0
    outer loop
      vertex 55.8486 75.4678 5
      vertex 56.0322 75.6514 0
      vertex 56.0322 75.6514 5
    endloop
  endfacet
  facet normal 0.707107 -0.707107 0
    outer loop
      vertex 56.0322 75.6514 0
      vertex 55.8486 75.4678 5
      vertex 55.8486 75.4678 0
    endloop
  endfacet
  facet normal -0.906409 -0.422401 0
    outer loop
      vertex 58.4101 75.0196 0
      vertex 58.3004 75.255 5
      vertex 58.3004 75.255 0
    endloop
  endfacet
  facet normal -0.906409 -0.422401 0
    outer loop
      vertex 58.3004 75.255 5
      vertex 58.4101 75.0196 0
      vertex 58.4101 75.0196 5
    endloop
  endfacet
  facet normal 0.996206 0.0870284 0
    outer loop
      vertex 55.5226 61.2313 5
      vertex 55.5 61.49 0
      vertex 55.5 61.49 5
    endloop
  endfacet
  facet normal 0.996206 0.0870284 0
    outer loop
      vertex 55.5 61.49 0
      vertex 55.5226 61.2313 5
      vertex 55.5226 61.2313 0
    endloop
  endfacet
  facet normal -0.259076 -0.965857 0
    outer loop
      vertex 57.2687 75.9774 0
      vertex 57.5196 75.9101 5
      vertex 57.2687 75.9774 5
    endloop
  endfacet
  facet normal -0.259076 -0.965857 -0
    outer loop
      vertex 57.5196 75.9101 5
      vertex 57.2687 75.9774 0
      vertex 57.5196 75.9101 0
    endloop
  endfacet
  facet normal -0.573566 0.81916 0
    outer loop
      vertex 57.9678 60.3486 0
      vertex 57.755 60.1996 5
      vertex 57.9678 60.3486 5
    endloop
  endfacet
  facet normal -0.573566 0.81916 0
    outer loop
      vertex 57.755 60.1996 5
      vertex 57.9678 60.3486 0
      vertex 57.755 60.1996 0
    endloop
  endfacet
  facet normal 0.996206 -0.0870284 0
    outer loop
      vertex 55.5 74.51 5
      vertex 55.5226 74.7687 0
      vertex 55.5226 74.7687 5
    endloop
  endfacet
  facet normal 0.996206 -0.0870284 0
    outer loop
      vertex 55.5226 74.7687 0
      vertex 55.5 74.51 5
      vertex 55.5 74.51 0
    endloop
  endfacet
  facet normal 0.573566 -0.81916 0
    outer loop
      vertex 56.0322 75.6514 0
      vertex 56.245 75.8004 5
      vertex 56.0322 75.6514 5
    endloop
  endfacet
  facet normal 0.573566 -0.81916 0
    outer loop
      vertex 56.245 75.8004 5
      vertex 56.0322 75.6514 0
      vertex 56.245 75.8004 0
    endloop
  endfacet
  facet normal 0.259076 -0.965857 0
    outer loop
      vertex 56.4804 75.9101 0
      vertex 56.7313 75.9774 5
      vertex 56.4804 75.9101 5
    endloop
  endfacet
  facet normal 0.259076 -0.965857 0
    outer loop
      vertex 56.7313 75.9774 5
      vertex 56.4804 75.9101 0
      vertex 56.7313 75.9774 0
    endloop
  endfacet
  facet normal -0.965857 0.259076 0
    outer loop
      vertex 58.4101 60.9804 0
      vertex 58.4774 61.2313 5
      vertex 58.4774 61.2313 0
    endloop
  endfacet
  facet normal -0.965857 0.259076 0
    outer loop
      vertex 58.4774 61.2313 5
      vertex 58.4101 60.9804 0
      vertex 58.4101 60.9804 5
    endloop
  endfacet
  facet normal 0.81916 0.573566 0
    outer loop
      vertex 55.8486 60.5322 5
      vertex 55.6996 60.745 0
      vertex 55.6996 60.745 5
    endloop
  endfacet
  facet normal 0.81916 0.573566 0
    outer loop
      vertex 55.6996 60.745 0
      vertex 55.8486 60.5322 5
      vertex 55.8486 60.5322 0
    endloop
  endfacet
  facet normal -0.81916 0.573566 0
    outer loop
      vertex 58.1514 60.5322 0
      vertex 58.3004 60.745 5
      vertex 58.3004 60.745 0
    endloop
  endfacet
  facet normal -0.81916 0.573566 0
    outer loop
      vertex 58.3004 60.745 5
      vertex 58.1514 60.5322 0
      vertex 58.1514 60.5322 5
    endloop
  endfacet
  facet normal -0.996206 -0.0870284 0
    outer loop
      vertex 58.5 74.51 0
      vertex 58.4774 74.7687 5
      vertex 58.4774 74.7687 0
    endloop
  endfacet
  facet normal -0.996206 -0.0870284 0
    outer loop
      vertex 58.4774 74.7687 5
      vertex 58.5 74.51 0
      vertex 58.5 74.51 5
    endloop
  endfacet
  facet normal -0.573566 -0.81916 0
    outer loop
      vertex 57.755 75.8004 0
      vertex 57.9678 75.6514 5
      vertex 57.755 75.8004 5
    endloop
  endfacet
  facet normal -0.573566 -0.81916 -0
    outer loop
      vertex 57.9678 75.6514 5
      vertex 57.755 75.8004 0
      vertex 57.9678 75.6514 0
    endloop
  endfacet
  facet normal 1 -0 0
    outer loop
      vertex 55.5 61.49 5
      vertex 55.5 74.51 0
      vertex 55.5 74.51 5
    endloop
  endfacet
  facet normal 1 0 0
    outer loop
      vertex 55.5 74.51 0
      vertex 55.5 61.49 5
      vertex 55.5 61.49 0
    endloop
  endfacet
  facet normal -0.422401 -0.906409 0
    outer loop
      vertex 57.5196 75.9101 0
      vertex 57.755 75.8004 5
      vertex 57.5196 75.9101 5
    endloop
  endfacet
  facet normal -0.422401 -0.906409 -0
    outer loop
      vertex 57.755 75.8004 5
      vertex 57.5196 75.9101 0
      vertex 57.755 75.8004 0
    endloop
  endfacet
  facet normal -0.0870284 -0.996206 0
    outer loop
      vertex 57.01 76 0
      vertex 57.2687 75.9774 5
      vertex 57.01 76 5
    endloop
  endfacet
  facet normal -0.0870284 -0.996206 -0
    outer loop
      vertex 57.2687 75.9774 5
      vertex 57.01 76 0
      vertex 57.2687 75.9774 0
    endloop
  endfacet
  facet normal 0.965857 -0.259076 0
    outer loop
      vertex 55.5226 74.7687 5
      vertex 55.5899 75.0196 0
      vertex 55.5899 75.0196 5
    endloop
  endfacet
  facet normal 0.965857 -0.259076 0
    outer loop
      vertex 55.5899 75.0196 0
      vertex 55.5226 74.7687 5
      vertex 55.5226 74.7687 0
    endloop
  endfacet
  facet normal 0.422401 -0.906409 0
    outer loop
      vertex 56.245 75.8004 0
      vertex 56.4804 75.9101 5
      vertex 56.245 75.8004 5
    endloop
  endfacet
  facet normal 0.422401 -0.906409 0
    outer loop
      vertex 56.4804 75.9101 5
      vertex 56.245 75.8004 0
      vertex 56.4804 75.9101 0
    endloop
  endfacet
  facet normal 0.81916 -0.573566 0
    outer loop
      vertex 55.6996 75.255 5
      vertex 55.8486 75.4678 0
      vertex 55.8486 75.4678 5
    endloop
  endfacet
  facet normal 0.81916 -0.573566 0
    outer loop
      vertex 55.8486 75.4678 0
      vertex 55.6996 75.255 5
      vertex 55.6996 75.255 0
    endloop
  endfacet
  facet normal -0.965857 -0.259076 0
    outer loop
      vertex 58.4774 74.7687 0
      vertex 58.4101 75.0196 5
      vertex 58.4101 75.0196 0
    endloop
  endfacet
  facet normal -0.965857 -0.259076 0
    outer loop
      vertex 58.4101 75.0196 5
      vertex 58.4774 74.7687 0
      vertex 58.4774 74.7687 5
    endloop
  endfacet
  facet normal -0.0870284 0.996206 0
    outer loop
      vertex 57.2687 60.0226 0
      vertex 57.01 60 5
      vertex 57.2687 60.0226 5
    endloop
  endfacet
  facet normal -0.0870284 0.996206 0
    outer loop
      vertex 57.01 60 5
      vertex 57.2687 60.0226 0
      vertex 57.01 60 0
    endloop
  endfacet
  facet normal -0.707107 -0.707107 0
    outer loop
      vertex 58.1514 75.4678 0
      vertex 57.9678 75.6514 5
      vertex 57.9678 75.6514 0
    endloop
  endfacet
  facet normal -0.707107 -0.707107 0
    outer loop
      vertex 57.9678 75.6514 5
      vertex 58.1514 75.4678 0
      vertex 58.1514 75.4678 5
    endloop
  endfacet
  facet normal 0.0870284 -0.996206 0
    outer loop
      vertex 56.7313 75.9774 0
      vertex 56.99 76 5
      vertex 56.7313 75.9774 5
    endloop
  endfacet
  facet normal 0.0870284 -0.996206 0
    outer loop
      vertex 56.99 76 5
      vertex 56.7313 75.9774 0
      vertex 56.99 76 0
    endloop
  endfacet
  facet normal 0.259076 0.965857 -0
    outer loop
      vertex 56.7313 60.0226 0
      vertex 56.4804 60.0899 5
      vertex 56.7313 60.0226 5
    endloop
  endfacet
  facet normal 0.259076 0.965857 0
    outer loop
      vertex 56.4804 60.0899 5
      vertex 56.7313 60.0226 0
      vertex 56.4804 60.0899 0
    endloop
  endfacet
  facet normal 0 -1 0
    outer loop
      vertex 56.99 76 0
      vertex 57.01 76 5
      vertex 56.99 76 5
    endloop
  endfacet
  facet normal 0 -1 -0
    outer loop
      vertex 57.01 76 5
      vertex 56.99 76 0
      vertex 57.01 76 0
    endloop
  endfacet
  facet normal 0.0870284 0.996206 -0
    outer loop
      vertex 56.99 60 0
      vertex 56.7313 60.0226 5
      vertex 56.99 60 5
    endloop
  endfacet
  facet normal 0.0870284 0.996206 0
    outer loop
      vertex 56.7313 60.0226 5
      vertex 56.99 60 0
      vertex 56.7313 60.0226 0
    endloop
  endfacet
  facet normal -1 0 0
    outer loop
      vertex 58.5 61.49 0
      vertex 58.5 74.51 5
      vertex 58.5 74.51 0
    endloop
  endfacet
  facet normal -1 -0 0
    outer loop
      vertex 58.5 74.51 5
      vertex 58.5 61.49 0
      vertex 58.5 61.49 5
    endloop
  endfacet
  facet normal 0 1 -0
    outer loop
      vertex 57.01 60 0
      vertex 56.99 60 5
      vertex 57.01 60 5
    endloop
  endfacet
  facet normal 0 1 0
    outer loop
      vertex 56.99 60 5
      vertex 57.01 60 0
      vertex 56.99 60 0
    endloop
  endfacet
  facet normal 0.573566 0.81916 -0
    outer loop
      vertex 56.245 60.1996 0
      vertex 56.0322 60.3486 5
      vertex 56.245 60.1996 5
    endloop
  endfacet
  facet normal 0.573566 0.81916 0
    outer loop
      vertex 56.0322 60.3486 5
      vertex 56.245 60.1996 0
      vertex 56.0322 60.3486 0
    endloop
  endfacet
  facet normal 0.422401 0.906409 -0
    outer loop
      vertex 56.4804 60.0899 0
      vertex 56.245 60.1996 5
      vertex 56.4804 60.0899 5
    endloop
  endfacet
  facet normal 0.422401 0.906409 0
    outer loop
      vertex 56.245 60.1996 5
      vertex 56.4804 60.0899 0
      vertex 56.245 60.1996 0
    endloop
  endfacet
  facet normal 0.707107 0.707107 0
    outer loop
      vertex 56.0322 60.3486 5
      vertex 55.8486 60.5322 0
      vertex 55.8486 60.5322 5
    endloop
  endfacet
  facet normal 0.707107 0.707107 0
    outer loop
      vertex 55.8486 60.5322 0
      vertex 56.0322 60.3486 5
      vertex 56.0322 60.3486 0
    endloop
  endfacet
  facet normal -0.422401 0.906409 0
    outer loop
      vertex 69.755 60.1996 0
      vertex 69.5196 60.0899 5
      vertex 69.755 60.1996 5
    endloop
  endfacet
  facet normal -0.422401 0.906409 0
    outer loop
      vertex 69.5196 60.0899 5
      vertex 69.755 60.1996 0
      vertex 69.5196 60.0899 0
    endloop
  endfacet
  facet normal 0.906409 0.422401 0
    outer loop
      vertex 67.6996 60.745 5
      vertex 67.5899 60.9804 0
      vertex 67.5899 60.9804 5
    endloop
  endfacet
  facet normal 0.906409 0.422401 0
    outer loop
      vertex 67.5899 60.9804 0
      vertex 67.6996 60.745 5
      vertex 67.6996 60.745 0
    endloop
  endfacet
  facet normal 0.965857 0.259076 0
    outer loop
      vertex 67.5899 60.9804 5
      vertex 67.5226 61.2313 0
      vertex 67.5226 61.2313 5
    endloop
  endfacet
  facet normal 0.965857 0.259076 0
    outer loop
      vertex 67.5226 61.2313 0
      vertex 67.5899 60.9804 5
      vertex 67.5899 60.9804 0
    endloop
  endfacet
  facet normal 0.906409 -0.422401 0
    outer loop
      vertex 67.5899 75.0196 5
      vertex 67.6996 75.255 0
      vertex 67.6996 75.255 5
    endloop
  endfacet
  facet normal 0.906409 -0.422401 0
    outer loop
      vertex 67.6996 75.255 0
      vertex 67.5899 75.0196 5
      vertex 67.5899 75.0196 0
    endloop
  endfacet
  facet normal -0.259076 0.965857 0
    outer loop
      vertex 69.5196 60.0899 0
      vertex 69.2687 60.0226 5
      vertex 69.5196 60.0899 5
    endloop
  endfacet
  facet normal -0.259076 0.965857 0
    outer loop
      vertex 69.2687 60.0226 5
      vertex 69.5196 60.0899 0
      vertex 69.2687 60.0226 0
    endloop
  endfacet
  facet normal -0.996206 0.0870284 0
    outer loop
      vertex 70.4774 61.2313 0
      vertex 70.5 61.49 5
      vertex 70.5 61.49 0
    endloop
  endfacet
  facet normal -0.996206 0.0870284 0
    outer loop
      vertex 70.5 61.49 5
      vertex 70.4774 61.2313 0
      vertex 70.4774 61.2313 5
    endloop
  endfacet
  facet normal -0.906409 0.422401 0
    outer loop
      vertex 70.3004 60.745 0
      vertex 70.4101 60.9804 5
      vertex 70.4101 60.9804 0
    endloop
  endfacet
  facet normal -0.906409 0.422401 0
    outer loop
      vertex 70.4101 60.9804 5
      vertex 70.3004 60.745 0
      vertex 70.3004 60.745 5
    endloop
  endfacet
  facet normal -0.81916 -0.573566 0
    outer loop
      vertex 70.3004 75.255 0.49
      vertex 70.1514 75.4678 5
      vertex 70.1514 75.4678 0.49
    endloop
  endfacet
  facet normal -0.81916 -0.573566 0
    outer loop
      vertex 70.1514 75.4678 5
      vertex 70.3004 75.255 0.49
      vertex 70.3004 75.255 5
    endloop
  endfacet
  facet normal 0.707107 -0.707107 0
    outer loop
      vertex 67.8486 75.4678 5
      vertex 68.0322 75.6514 0
      vertex 68.0322 75.6514 5
    endloop
  endfacet
  facet normal 0.707107 -0.707107 0
    outer loop
      vertex 68.0322 75.6514 0
      vertex 67.8486 75.4678 5
      vertex 67.8486 75.4678 0
    endloop
  endfacet
  facet normal -0.906409 -0.422401 0
    outer loop
      vertex 70.4101 75.0196 0.49
      vertex 70.3004 75.255 5
      vertex 70.3004 75.255 0.49
    endloop
  endfacet
  facet normal -0.906409 -0.422401 0
    outer loop
      vertex 70.3004 75.255 5
      vertex 70.4101 75.0196 0.49
      vertex 70.4101 75.0196 5
    endloop
  endfacet
  facet normal 0.996206 0.0870284 0
    outer loop
      vertex 67.5226 61.2313 5
      vertex 67.5 61.49 0
      vertex 67.5 61.49 5
    endloop
  endfacet
  facet normal 0.996206 0.0870284 0
    outer loop
      vertex 67.5 61.49 0
      vertex 67.5226 61.2313 5
      vertex 67.5226 61.2313 0
    endloop
  endfacet
  facet normal -0.259076 -0.965857 0
    outer loop
      vertex 69.2687 75.9774 0.49
      vertex 69.5196 75.9101 5
      vertex 69.2687 75.9774 5
    endloop
  endfacet
  facet normal -0.259076 -0.965857 -0
    outer loop
      vertex 69.5196 75.9101 5
      vertex 69.2687 75.9774 0.49
      vertex 69.5196 75.9101 0.49
    endloop
  endfacet
  facet normal -0.573566 0.81916 0
    outer loop
      vertex 69.9678 60.3486 0
      vertex 69.755 60.1996 5
      vertex 69.9678 60.3486 5
    endloop
  endfacet
  facet normal -0.573566 0.81916 0
    outer loop
      vertex 69.755 60.1996 5
      vertex 69.9678 60.3486 0
      vertex 69.755 60.1996 0
    endloop
  endfacet
  facet normal 0.996206 -0.0870284 0
    outer loop
      vertex 67.5 74.51 5
      vertex 67.5226 74.7687 0
      vertex 67.5226 74.7687 5
    endloop
  endfacet
  facet normal 0.996206 -0.0870284 0
    outer loop
      vertex 67.5226 74.7687 0
      vertex 67.5 74.51 5
      vertex 67.5 74.51 0
    endloop
  endfacet
  facet normal 0.573566 -0.81916 0
    outer loop
      vertex 68.0322 75.6514 0
      vertex 68.245 75.8004 5
      vertex 68.0322 75.6514 5
    endloop
  endfacet
  facet normal 0.573566 -0.81916 0
    outer loop
      vertex 68.245 75.8004 5
      vertex 68.0322 75.6514 0
      vertex 68.245 75.8004 0
    endloop
  endfacet
  facet normal 0.259076 -0.965857 0
    outer loop
      vertex 68.4804 75.9101 0
      vertex 68.7313 75.9774 5
      vertex 68.4804 75.9101 5
    endloop
  endfacet
  facet normal 0.259076 -0.965857 0
    outer loop
      vertex 68.7313 75.9774 5
      vertex 68.4804 75.9101 0
      vertex 68.7313 75.9774 0
    endloop
  endfacet
  facet normal -0.965857 0.259076 0
    outer loop
      vertex 70.4101 60.9804 0
      vertex 70.4774 61.2313 5
      vertex 70.4774 61.2313 0
    endloop
  endfacet
  facet normal -0.965857 0.259076 0
    outer loop
      vertex 70.4774 61.2313 5
      vertex 70.4101 60.9804 0
      vertex 70.4101 60.9804 5
    endloop
  endfacet
  facet normal 0.81916 0.573566 0
    outer loop
      vertex 67.8486 60.5322 5
      vertex 67.6996 60.745 0
      vertex 67.6996 60.745 5
    endloop
  endfacet
  facet normal 0.81916 0.573566 0
    outer loop
      vertex 67.6996 60.745 0
      vertex 67.8486 60.5322 5
      vertex 67.8486 60.5322 0
    endloop
  endfacet
  facet normal -0.81916 0.573566 0
    outer loop
      vertex 70.1514 60.5322 0
      vertex 70.3004 60.745 5
      vertex 70.3004 60.745 0
    endloop
  endfacet
  facet normal -0.81916 0.573566 0
    outer loop
      vertex 70.3004 60.745 5
      vertex 70.1514 60.5322 0
      vertex 70.1514 60.5322 5
    endloop
  endfacet
  facet normal -0.996206 -0.0870284 0
    outer loop
      vertex 70.5 74.51 0.49
      vertex 70.4774 74.7687 5
      vertex 70.4774 74.7687 0.49
    endloop
  endfacet
  facet normal -0.996206 -0.0870284 0
    outer loop
      vertex 70.4774 74.7687 5
      vertex 70.5 74.51 0.49
      vertex 70.5 74.51 5
    endloop
  endfacet
  facet normal -0.573566 -0.81916 0
    outer loop
      vertex 69.755 75.8004 0.49
      vertex 69.9678 75.6514 5
      vertex 69.755 75.8004 5
    endloop
  endfacet
  facet normal -0.573566 -0.81916 -0
    outer loop
      vertex 69.9678 75.6514 5
      vertex 69.755 75.8004 0.49
      vertex 69.9678 75.6514 0.49
    endloop
  endfacet
  facet normal 1 -0 0
    outer loop
      vertex 67.5 61.49 5
      vertex 67.5 74.51 0
      vertex 67.5 74.51 5
    endloop
  endfacet
  facet normal 1 0 0
    outer loop
      vertex 67.5 74.51 0
      vertex 67.5 61.49 5
      vertex 67.5 61.49 0
    endloop
  endfacet
  facet normal -0.422401 -0.906409 0
    outer loop
      vertex 69.5196 75.9101 0.49
      vertex 69.755 75.8004 5
      vertex 69.5196 75.9101 5
    endloop
  endfacet
  facet normal -0.422401 -0.906409 -0
    outer loop
      vertex 69.755 75.8004 5
      vertex 69.5196 75.9101 0.49
      vertex 69.755 75.8004 0.49
    endloop
  endfacet
  facet normal -0.0870284 -0.996206 0
    outer loop
      vertex 69.01 76 0.49
      vertex 69.2687 75.9774 5
      vertex 69.01 76 5
    endloop
  endfacet
  facet normal -0.0870284 -0.996206 -0
    outer loop
      vertex 69.2687 75.9774 5
      vertex 69.01 76 0.49
      vertex 69.2687 75.9774 0.49
    endloop
  endfacet
  facet normal 0.965857 -0.259076 0
    outer loop
      vertex 67.5226 74.7687 5
      vertex 67.5899 75.0196 0
      vertex 67.5899 75.0196 5
    endloop
  endfacet
  facet normal 0.965857 -0.259076 0
    outer loop
      vertex 67.5899 75.0196 0
      vertex 67.5226 74.7687 5
      vertex 67.5226 74.7687 0
    endloop
  endfacet
  facet normal 0.422401 -0.906409 0
    outer loop
      vertex 68.245 75.8004 0
      vertex 68.4804 75.9101 5
      vertex 68.245 75.8004 5
    endloop
  endfacet
  facet normal 0.422401 -0.906409 0
    outer loop
      vertex 68.4804 75.9101 5
      vertex 68.245 75.8004 0
      vertex 68.4804 75.9101 0
    endloop
  endfacet
  facet normal 0.81916 -0.573566 0
    outer loop
      vertex 67.6996 75.255 5
      vertex 67.8486 75.4678 0
      vertex 67.8486 75.4678 5
    endloop
  endfacet
  facet normal 0.81916 -0.573566 0
    outer loop
      vertex 67.8486 75.4678 0
      vertex 67.6996 75.255 5
      vertex 67.6996 75.255 0
    endloop
  endfacet
  facet normal -0.0870284 0.996206 0
    outer loop
      vertex 69.2687 60.0226 0
      vertex 69.01 60 5
      vertex 69.2687 60.0226 5
    endloop
  endfacet
  facet normal -0.0870284 0.996206 0
    outer loop
      vertex 69.01 60 5
      vertex 69.2687 60.0226 0
      vertex 69.01 60 0
    endloop
  endfacet
  facet normal -0.707107 -0.707107 0
    outer loop
      vertex 70.1514 75.4678 0.49
      vertex 69.9678 75.6514 5
      vertex 69.9678 75.6514 0.49
    endloop
  endfacet
  facet normal -0.707107 -0.707107 0
    outer loop
      vertex 69.9678 75.6514 5
      vertex 70.1514 75.4678 0.49
      vertex 70.1514 75.4678 5
    endloop
  endfacet
  facet normal 0.0870284 -0.996206 7.73578e-06
    outer loop
      vertex 68.7313 75.9774 5
      vertex 68.8828 75.9906 0.49
      vertex 68.99 76 5
    endloop
  endfacet
  facet normal 0.0867999 -0.996226 0
    outer loop
      vertex 68.7313 75.9774 0
      vertex 68.8828 75.9906 0.49
      vertex 68.7313 75.9774 5
    endloop
  endfacet
  facet normal 0.0867999 -0.996226 0
    outer loop
      vertex 68.8828 75.9906 0.49
      vertex 68.7313 75.9774 0
      vertex 68.8828 75.9906 0
    endloop
  endfacet
  facet normal 0.0873514 -0.996178 0
    outer loop
      vertex 68.99 76 5
      vertex 68.8828 75.9906 0.49
      vertex 68.99 76 0.49
    endloop
  endfacet
  facet normal -0.965857 -0.259076 0
    outer loop
      vertex 70.4774 74.7687 0.49
      vertex 70.4101 75.0196 5
      vertex 70.4101 75.0196 0.49
    endloop
  endfacet
  facet normal -0.965857 -0.259076 0
    outer loop
      vertex 70.4101 75.0196 5
      vertex 70.4774 74.7687 0.49
      vertex 70.4774 74.7687 5
    endloop
  endfacet
  facet normal 0.259076 0.965857 -0
    outer loop
      vertex 68.7313 60.0226 0
      vertex 68.4804 60.0899 5
      vertex 68.7313 60.0226 5
    endloop
  endfacet
  facet normal 0.259076 0.965857 0
    outer loop
      vertex 68.4804 60.0899 5
      vertex 68.7313 60.0226 0
      vertex 68.4804 60.0899 0
    endloop
  endfacet
  facet normal 0 -1 0
    outer loop
      vertex 68.99 76 0.49
      vertex 69.01 76 5
      vertex 68.99 76 5
    endloop
  endfacet
  facet normal 0 -1 -0
    outer loop
      vertex 69.01 76 5
      vertex 68.99 76 0.49
      vertex 69.01 76 0.49
    endloop
  endfacet
  facet normal 0.0870284 0.996206 -0
    outer loop
      vertex 68.99 60 0
      vertex 68.7313 60.0226 5
      vertex 68.99 60 5
    endloop
  endfacet
  facet normal 0.0870284 0.996206 0
    outer loop
      vertex 68.7313 60.0226 5
      vertex 68.99 60 0
      vertex 68.7313 60.0226 0
    endloop
  endfacet
  facet normal -1 0 0
    outer loop
      vertex 70.5 69.762 0
      vertex 70.5 61.49 0
      vertex 70.5 69.762 0.49
    endloop
  endfacet
  facet normal -1 0 0
    outer loop
      vertex 70.5 69.762 0.49
      vertex 70.5 74.51 5
      vertex 70.5 74.51 0.49
    endloop
  endfacet
  facet normal -1 0 0
    outer loop
      vertex 70.5 61.49 5
      vertex 70.5 69.762 0.49
      vertex 70.5 61.49 0
    endloop
  endfacet
  facet normal -1 0 0
    outer loop
      vertex 70.5 69.762 0.49
      vertex 70.5 61.49 5
      vertex 70.5 74.51 5
    endloop
  endfacet
  facet normal 0 1 -0
    outer loop
      vertex 69.01 60 0
      vertex 68.99 60 5
      vertex 69.01 60 5
    endloop
  endfacet
  facet normal 0 1 0
    outer loop
      vertex 68.99 60 5
      vertex 69.01 60 0
      vertex 68.99 60 0
    endloop
  endfacet
  facet normal 0.573566 0.81916 -0
    outer loop
      vertex 68.245 60.1996 0
      vertex 68.0322 60.3486 5
      vertex 68.245 60.1996 5
    endloop
  endfacet
  facet normal 0.573566 0.81916 0
    outer loop
      vertex 68.0322 60.3486 5
      vertex 68.245 60.1996 0
      vertex 68.0322 60.3486 0
    endloop
  endfacet
  facet normal 0.422401 0.906409 -0
    outer loop
      vertex 68.4804 60.0899 0
      vertex 68.245 60.1996 5
      vertex 68.4804 60.0899 5
    endloop
  endfacet
  facet normal 0.422401 0.906409 0
    outer loop
      vertex 68.245 60.1996 5
      vertex 68.4804 60.0899 0
      vertex 68.245 60.1996 0
    endloop
  endfacet
  facet normal 0.707107 0.707107 0
    outer loop
      vertex 68.0322 60.3486 5
      vertex 67.8486 60.5322 0
      vertex 67.8486 60.5322 5
    endloop
  endfacet
  facet normal 0.707107 0.707107 0
    outer loop
      vertex 67.8486 60.5322 0
      vertex 68.0322 60.3486 5
      vertex 68.0322 60.3486 0
    endloop
  endfacet
  facet normal -0.707107 0.707107 0
    outer loop
      vertex 70.1514 60.5322 0
      vertex 69.9678 60.3486 5
      vertex 70.1514 60.5322 5
    endloop
  endfacet
  facet normal -0.707107 0.707107 0
    outer loop
      vertex 69.9678 60.3486 5
      vertex 70.1514 60.5322 0
      vertex 69.9678 60.3486 0
    endloop
  endfacet
  facet normal -0.258799 0.965931 0
    outer loop
      vertex 17.8811 10.8317 0
      vertex 16.9551 10.5836 0.49
      vertex 17.8811 10.8317 0.49
    endloop
  endfacet
  facet normal -0.258799 0.965931 0
    outer loop
      vertex 16.9551 10.5836 0.49
      vertex 17.8811 10.8317 0
      vertex 16.9551 10.5836 0
    endloop
  endfacet
  facet normal -0.965931 -0.258799 0
    outer loop
      vertex 21.4164 16.9551 0
      vertex 21.1683 17.8811 0.49
      vertex 21.1683 17.8811 0
    endloop
  endfacet
  facet normal -0.965931 -0.258799 0
    outer loop
      vertex 21.1683 17.8811 0.49
      vertex 21.4164 16.9551 0
      vertex 21.4164 16.9551 0.49
    endloop
  endfacet
  facet normal -0.996191 -0.0871967 0
    outer loop
      vertex 21.5 16 0
      vertex 21.4164 16.9551 0.49
      vertex 21.4164 16.9551 0
    endloop
  endfacet
  facet normal -0.996191 -0.0871967 0
    outer loop
      vertex 21.4164 16.9551 0.49
      vertex 21.5 16 0
      vertex 21.5 16 0.49
    endloop
  endfacet
  facet normal -0.906298 -0.42264 0
    outer loop
      vertex 21.1683 17.8811 0
      vertex 20.7631 18.75 0.49
      vertex 20.7631 18.75 0
    endloop
  endfacet
  facet normal -0.906298 -0.42264 0
    outer loop
      vertex 20.7631 18.75 0.49
      vertex 21.1683 17.8811 0
      vertex 21.1683 17.8811 0.49
    endloop
  endfacet
  facet normal -0.996191 0.0871967 0
    outer loop
      vertex 21.4164 15.0449 0
      vertex 21.5 16 0.49
      vertex 21.5 16 0
    endloop
  endfacet
  facet normal -0.996191 0.0871967 0
    outer loop
      vertex 21.5 16 0.49
      vertex 21.4164 15.0449 0
      vertex 21.4164 15.0449 0.49
    endloop
  endfacet
  facet normal -0.819139 -0.573595 0
    outer loop
      vertex 20.7631 18.75 0
      vertex 20.2132 19.5353 0.49
      vertex 20.2132 19.5353 0
    endloop
  endfacet
  facet normal -0.819139 -0.573595 0
    outer loop
      vertex 20.2132 19.5353 0.49
      vertex 20.7631 18.75 0
      vertex 20.7631 18.75 0.49
    endloop
  endfacet
  facet normal 0.0871967 -0.996191 0
    outer loop
      vertex 15.0449 21.4164 0
      vertex 16 21.5 0.49
      vertex 15.0449 21.4164 0.49
    endloop
  endfacet
  facet normal 0.0871967 -0.996191 0
    outer loop
      vertex 16 21.5 0.49
      vertex 15.0449 21.4164 0
      vertex 16 21.5 0
    endloop
  endfacet
  facet normal 0.707107 -0.707107 0
    outer loop
      vertex 11.7868 19.5353 0.49
      vertex 12.4647 20.2132 0
      vertex 12.4647 20.2132 0.49
    endloop
  endfacet
  facet normal 0.707107 -0.707107 0
    outer loop
      vertex 12.4647 20.2132 0
      vertex 11.7868 19.5353 0.49
      vertex 11.7868 19.5353 0
    endloop
  endfacet
  facet normal -0.42264 0.906298 0
    outer loop
      vertex 18.75 11.2369 0
      vertex 17.8811 10.8317 0.49
      vertex 18.75 11.2369 0.49
    endloop
  endfacet
  facet normal -0.42264 0.906298 0
    outer loop
      vertex 17.8811 10.8317 0.49
      vertex 18.75 11.2369 0
      vertex 17.8811 10.8317 0
    endloop
  endfacet
  facet normal 0.996191 -0.0871967 0
    outer loop
      vertex 10.5 16 0.49
      vertex 10.5836 16.9551 0
      vertex 10.5836 16.9551 0.49
    endloop
  endfacet
  facet normal 0.996191 -0.0871967 0
    outer loop
      vertex 10.5836 16.9551 0
      vertex 10.5 16 0.49
      vertex 10.5 16 0
    endloop
  endfacet
  facet normal -0.573595 -0.819139 0
    outer loop
      vertex 18.75 20.7631 0
      vertex 19.5353 20.2132 0.49
      vertex 18.75 20.7631 0.49
    endloop
  endfacet
  facet normal -0.573595 -0.819139 -0
    outer loop
      vertex 19.5353 20.2132 0.49
      vertex 18.75 20.7631 0
      vertex 19.5353 20.2132 0
    endloop
  endfacet
  facet normal -0.819139 0.573595 0
    outer loop
      vertex 20.2132 12.4647 0
      vertex 20.7631 13.25 0.49
      vertex 20.7631 13.25 0
    endloop
  endfacet
  facet normal -0.819139 0.573595 0
    outer loop
      vertex 20.7631 13.25 0.49
      vertex 20.2132 12.4647 0
      vertex 20.2132 12.4647 0.49
    endloop
  endfacet
  facet normal 0.573595 -0.819139 0
    outer loop
      vertex 12.4647 20.2132 0
      vertex 13.25 20.7631 0.49
      vertex 12.4647 20.2132 0.49
    endloop
  endfacet
  facet normal 0.573595 -0.819139 0
    outer loop
      vertex 13.25 20.7631 0.49
      vertex 12.4647 20.2132 0
      vertex 13.25 20.7631 0
    endloop
  endfacet
  facet normal 0.0871319 0.996197 -0
    outer loop
      vertex 16 10.5 0
      vertex 15.1528 10.5741 0.49
      vertex 16 10.5 0.49
    endloop
  endfacet
  facet normal 0.0871319 0.996197 0
    outer loop
      vertex 15.1528 10.5741 0.49
      vertex 16 10.5 0
      vertex 15.1528 10.5741 0
    endloop
  endfacet
  facet normal -0.906298 0.42264 0
    outer loop
      vertex 20.7631 13.25 0
      vertex 21.1683 14.1189 0.49
      vertex 21.1683 14.1189 0
    endloop
  endfacet
  facet normal -0.906298 0.42264 0
    outer loop
      vertex 21.1683 14.1189 0.49
      vertex 20.7631 13.25 0
      vertex 20.7631 13.25 0.49
    endloop
  endfacet
  facet normal -0.258799 -0.965931 0
    outer loop
      vertex 16.9551 21.4164 0
      vertex 17.8811 21.1683 0.49
      vertex 16.9551 21.4164 0.49
    endloop
  endfacet
  facet normal -0.258799 -0.965931 -0
    outer loop
      vertex 17.8811 21.1683 0.49
      vertex 16.9551 21.4164 0
      vertex 17.8811 21.1683 0
    endloop
  endfacet
  facet normal -0.707107 -0.707107 0
    outer loop
      vertex 20.2132 19.5353 0
      vertex 19.5353 20.2132 0.49
      vertex 19.5353 20.2132 0
    endloop
  endfacet
  facet normal -0.707107 -0.707107 0
    outer loop
      vertex 19.5353 20.2132 0.49
      vertex 20.2132 19.5353 0
      vertex 20.2132 19.5353 0.49
    endloop
  endfacet
  facet normal 0.819139 -0.573595 0
    outer loop
      vertex 11.2369 18.75 0.49
      vertex 11.7868 19.5353 0
      vertex 11.7868 19.5353 0.49
    endloop
  endfacet
  facet normal 0.819139 -0.573595 0
    outer loop
      vertex 11.7868 19.5353 0
      vertex 11.2369 18.75 0.49
      vertex 11.2369 18.75 0
    endloop
  endfacet
  facet normal -0.42264 -0.906298 0
    outer loop
      vertex 17.8811 21.1683 0
      vertex 18.75 20.7631 0.49
      vertex 17.8811 21.1683 0.49
    endloop
  endfacet
  facet normal -0.42264 -0.906298 -0
    outer loop
      vertex 18.75 20.7631 0.49
      vertex 17.8811 21.1683 0
      vertex 18.75 20.7631 0
    endloop
  endfacet
  facet normal -0.0871967 0.996191 0
    outer loop
      vertex 16.9551 10.5836 0
      vertex 16 10.5 0.49
      vertex 16.9551 10.5836 0.49
    endloop
  endfacet
  facet normal -0.0871967 0.996191 0
    outer loop
      vertex 16 10.5 0.49
      vertex 16.9551 10.5836 0
      vertex 16 10.5 0
    endloop
  endfacet
  facet normal 0.258799 -0.965931 0
    outer loop
      vertex 14.1189 21.1683 0
      vertex 15.0449 21.4164 0.49
      vertex 14.1189 21.1683 0.49
    endloop
  endfacet
  facet normal 0.258799 -0.965931 0
    outer loop
      vertex 15.0449 21.4164 0.49
      vertex 14.1189 21.1683 0
      vertex 15.0449 21.4164 0
    endloop
  endfacet
  facet normal -0.965931 0.258799 0
    outer loop
      vertex 21.1683 14.1189 0
      vertex 21.4164 15.0449 0.49
      vertex 21.4164 15.0449 0
    endloop
  endfacet
  facet normal -0.965931 0.258799 0
    outer loop
      vertex 21.4164 15.0449 0.49
      vertex 21.1683 14.1189 0
      vertex 21.1683 14.1189 0.49
    endloop
  endfacet
  facet normal -0.707107 0.707107 0
    outer loop
      vertex 19.5353 11.7868 0
      vertex 20.2132 12.4647 0.49
      vertex 20.2132 12.4647 0
    endloop
  endfacet
  facet normal -0.707107 0.707107 0
    outer loop
      vertex 20.2132 12.4647 0.49
      vertex 19.5353 11.7868 0
      vertex 19.5353 11.7868 0.49
    endloop
  endfacet
  facet normal -0.573595 0.819139 0
    outer loop
      vertex 19.5353 11.7868 0
      vertex 18.75 11.2369 0.49
      vertex 19.5353 11.7868 0.49
    endloop
  endfacet
  facet normal -0.573595 0.819139 0
    outer loop
      vertex 18.75 11.2369 0.49
      vertex 19.5353 11.7868 0
      vertex 18.75 11.2369 0
    endloop
  endfacet
  facet normal -0.0871967 -0.996191 0
    outer loop
      vertex 16 21.5 0
      vertex 16.9551 21.4164 0.49
      vertex 16 21.5 0.49
    endloop
  endfacet
  facet normal -0.0871967 -0.996191 -0
    outer loop
      vertex 16.9551 21.4164 0.49
      vertex 16 21.5 0
      vertex 16.9551 21.4164 0
    endloop
  endfacet
  facet normal 0.906298 -0.42264 0
    outer loop
      vertex 10.8317 17.8811 0.49
      vertex 11.2369 18.75 0
      vertex 11.2369 18.75 0.49
    endloop
  endfacet
  facet normal 0.906298 -0.42264 0
    outer loop
      vertex 11.2369 18.75 0
      vertex 10.8317 17.8811 0.49
      vertex 10.8317 17.8811 0
    endloop
  endfacet
  facet normal 0.965931 -0.258799 0
    outer loop
      vertex 10.5836 16.9551 0.49
      vertex 10.8317 17.8811 0
      vertex 10.8317 17.8811 0.49
    endloop
  endfacet
  facet normal 0.965931 -0.258799 0
    outer loop
      vertex 10.8317 17.8811 0
      vertex 10.5836 16.9551 0.49
      vertex 10.5836 16.9551 0
    endloop
  endfacet
  facet normal 0.42264 -0.906298 0
    outer loop
      vertex 13.25 20.7631 0
      vertex 14.1189 21.1683 0.49
      vertex 13.25 20.7631 0.49
    endloop
  endfacet
  facet normal 0.42264 -0.906298 0
    outer loop
      vertex 14.1189 21.1683 0.49
      vertex 13.25 20.7631 0
      vertex 14.1189 21.1683 0
    endloop
  endfacet
  facet normal 0.996197 0.0871319 0
    outer loop
      vertex 10.5741 15.1528 0.49
      vertex 10.5 16 0
      vertex 10.5 16 0.49
    endloop
  endfacet
  facet normal 0.996197 0.0871319 0
    outer loop
      vertex 10.5 16 0
      vertex 10.5741 15.1528 0.49
      vertex 10.5741 15.1528 0
    endloop
  endfacet
  facet normal 0 0 -1
    outer loop
      vertex 15.8146 14.625 0.49
      vertex 21.5 16 0.49
      vertex 21.4164 15.0449 0.49
    endloop
  endfacet
  facet normal 0 0 -1
    outer loop
      vertex 16.054 14.1116 0.49
      vertex 21.4164 15.0449 0.49
      vertex 21.1683 14.1189 0.49
    endloop
  endfacet
  facet normal -0 0 -1
    outer loop
      vertex 21.5 16 0.49
      vertex 15.8146 14.625 0.49
      vertex 21.4164 16.9551 0.49
    endloop
  endfacet
  facet normal 0 0 -1
    outer loop
      vertex 16.054 14.1116 0.49
      vertex 21.1683 14.1189 0.49
      vertex 20.7631 13.25 0.49
    endloop
  endfacet
  facet normal -0 0 -1
    outer loop
      vertex 21.4164 16.9551 0.49
      vertex 15.8146 14.625 0.49
      vertex 21.1683 17.8811 0.49
    endloop
  endfacet
  facet normal 0 0 -1
    outer loop
      vertex 16.2006 13.5644 0.49
      vertex 20.7631 13.25 0.49
      vertex 20.2132 12.4647 0.49
    endloop
  endfacet
  facet normal 0 0 -1
    outer loop
      vertex 21.4164 15.0449 0.49
      vertex 16.054 14.1116 0.49
      vertex 15.8146 14.625 0.49
    endloop
  endfacet
  facet normal 0 0 -1
    outer loop
      vertex 16.2006 13.5644 0.49
      vertex 20.2132 12.4647 0.49
      vertex 19.5353 11.7868 0.49
    endloop
  endfacet
  facet normal 0 0 -1
    outer loop
      vertex 15.4896 15.0891 0.49
      vertex 21.1683 17.8811 0.49
      vertex 15.8146 14.625 0.49
    endloop
  endfacet
  facet normal 0 0 -1
    outer loop
      vertex 16.25 13 0.49
      vertex 19.5353 11.7868 0.49
      vertex 18.75 11.2369 0.49
    endloop
  endfacet
  facet normal -0 0 -1
    outer loop
      vertex 21.1683 17.8811 0.49
      vertex 15.4896 15.0891 0.49
      vertex 20.7631 18.75 0.49
    endloop
  endfacet
  facet normal 0 0 -1
    outer loop
      vertex 16.2006 12.4356 0.49
      vertex 18.75 11.2369 0.49
      vertex 17.8811 10.8317 0.49
    endloop
  endfacet
  facet normal -0 0 -1
    outer loop
      vertex 20.7631 18.75 0.49
      vertex 15.4896 15.0891 0.49
      vertex 20.2132 19.5353 0.49
    endloop
  endfacet
  facet normal 0 0 -1
    outer loop
      vertex 16.054 11.8884 0.49
      vertex 17.8811 10.8317 0.49
      vertex 16.9551 10.5836 0.49
    endloop
  endfacet
  facet normal 0 0 -1
    outer loop
      vertex 20.7631 13.25 0.49
      vertex 16.2006 13.5644 0.49
      vertex 16.054 14.1116 0.49
    endloop
  endfacet
  facet normal 0 0 -1
    outer loop
      vertex 19.5353 11.7868 0.49
      vertex 16.25 13 0.49
      vertex 16.2006 13.5644 0.49
    endloop
  endfacet
  facet normal 0 0 -1
    outer loop
      vertex 18.75 11.2369 0.49
      vertex 16.2006 12.4356 0.49
      vertex 16.25 13 0.49
    endloop
  endfacet
  facet normal 0 0 -1
    outer loop
      vertex 17.8811 10.8317 0.49
      vertex 16.054 11.8884 0.49
      vertex 16.2006 12.4356 0.49
    endloop
  endfacet
  facet normal 0 0 -1
    outer loop
      vertex 15.8146 11.375 0.49
      vertex 16.9551 10.5836 0.49
      vertex 16 10.5 0.49
    endloop
  endfacet
  facet normal 0 0 -1
    outer loop
      vertex 16.9551 10.5836 0.49
      vertex 15.8146 11.375 0.49
      vertex 16.054 11.8884 0.49
    endloop
  endfacet
  facet normal 0 0 -1
    outer loop
      vertex 16 10.5 0.49
      vertex 15.4896 10.9109 0.49
      vertex 15.8146 11.375 0.49
    endloop
  endfacet
  facet normal 0 -0 -1
    outer loop
      vertex 15.4896 10.9109 0.49
      vertex 16 10.5 0.49
      vertex 15.1528 10.5741 0.49
    endloop
  endfacet
  facet normal -0 0 -1
    outer loop
      vertex 20.2132 19.5353 0.49
      vertex 15.4896 15.0891 0.49
      vertex 19.5353 20.2132 0.49
    endloop
  endfacet
  facet normal 0 0 -1
    outer loop
      vertex 15.0891 15.4896 0.49
      vertex 19.5353 20.2132 0.49
      vertex 15.4896 15.0891 0.49
    endloop
  endfacet
  facet normal -0 0 -1
    outer loop
      vertex 19.5353 20.2132 0.49
      vertex 15.0891 15.4896 0.49
      vertex 18.75 20.7631 0.49
    endloop
  endfacet
  facet normal -0 0 -1
    outer loop
      vertex 18.75 20.7631 0.49
      vertex 15.0891 15.4896 0.49
      vertex 17.8811 21.1683 0.49
    endloop
  endfacet
  facet normal 0 0 -1
    outer loop
      vertex 14.625 15.8146 0.49
      vertex 17.8811 21.1683 0.49
      vertex 15.0891 15.4896 0.49
    endloop
  endfacet
  facet normal -0 0 -1
    outer loop
      vertex 17.8811 21.1683 0.49
      vertex 14.625 15.8146 0.49
      vertex 16.9551 21.4164 0.49
    endloop
  endfacet
  facet normal -0 0 -1
    outer loop
      vertex 16.9551 21.4164 0.49
      vertex 14.625 15.8146 0.49
      vertex 16 21.5 0.49
    endloop
  endfacet
  facet normal 0 0 -1
    outer loop
      vertex 16 21.5 0.49
      vertex 14.625 15.8146 0.49
      vertex 15.0449 21.4164 0.49
    endloop
  endfacet
  facet normal 0 0 -1
    outer loop
      vertex 14.1116 16.054 0.49
      vertex 15.0449 21.4164 0.49
      vertex 14.625 15.8146 0.49
    endloop
  endfacet
  facet normal 0 0 -1
    outer loop
      vertex 15.0449 21.4164 0.49
      vertex 14.1116 16.054 0.49
      vertex 14.1189 21.1683 0.49
    endloop
  endfacet
  facet normal 0 0 -1
    outer loop
      vertex 13.25 20.7631 0.49
      vertex 14.1116 16.054 0.49
      vertex 13.5644 16.2006 0.49
    endloop
  endfacet
  facet normal 0 0 -1
    outer loop
      vertex 14.1116 16.054 0.49
      vertex 13.25 20.7631 0.49
      vertex 14.1189 21.1683 0.49
    endloop
  endfacet
  facet normal 0 0 -1
    outer loop
      vertex 11.7868 19.5353 0.49
      vertex 13.5644 16.2006 0.49
      vertex 13 16.25 0.49
    endloop
  endfacet
  facet normal 0 0 -1
    outer loop
      vertex 13.5644 16.2006 0.49
      vertex 12.4647 20.2132 0.49
      vertex 13.25 20.7631 0.49
    endloop
  endfacet
  facet normal 0 0 -1
    outer loop
      vertex 11.2369 18.75 0.49
      vertex 13 16.25 0.49
      vertex 12.4356 16.2006 0.49
    endloop
  endfacet
  facet normal 0 0 -1
    outer loop
      vertex 10.8317 17.8811 0.49
      vertex 12.4356 16.2006 0.49
      vertex 11.8884 16.054 0.49
    endloop
  endfacet
  facet normal 0 0 -1
    outer loop
      vertex 13.5644 16.2006 0.49
      vertex 11.7868 19.5353 0.49
      vertex 12.4647 20.2132 0.49
    endloop
  endfacet
  facet normal 0 0 -1
    outer loop
      vertex 10.5836 16.9551 0.49
      vertex 11.8884 16.054 0.49
      vertex 11.375 15.8146 0.49
    endloop
  endfacet
  facet normal 0 0 -1
    outer loop
      vertex 13 16.25 0.49
      vertex 11.2369 18.75 0.49
      vertex 11.7868 19.5353 0.49
    endloop
  endfacet
  facet normal 0 0 -1
    outer loop
      vertex 10.5 16 0.49
      vertex 11.375 15.8146 0.49
      vertex 10.9109 15.4896 0.49
    endloop
  endfacet
  facet normal 0 0 -1
    outer loop
      vertex 12.4356 16.2006 0.49
      vertex 10.8317 17.8811 0.49
      vertex 11.2369 18.75 0.49
    endloop
  endfacet
  facet normal 0 0 -1
    outer loop
      vertex 11.8884 16.054 0.49
      vertex 10.5836 16.9551 0.49
      vertex 10.8317 17.8811 0.49
    endloop
  endfacet
  facet normal 0 0 -1
    outer loop
      vertex 10.5 16 0.49
      vertex 10.9109 15.4896 0.49
      vertex 10.5741 15.1528 0.49
    endloop
  endfacet
  facet normal 0 0 -1
    outer loop
      vertex 11.375 15.8146 0.49
      vertex 10.5 16 0.49
      vertex 10.5836 16.9551 0.49
    endloop
  endfacet
  facet normal 0.42264 -0.906298 0
    outer loop
      vertex 71.25 20.7631 0
      vertex 72.1189 21.1683 0.49
      vertex 71.25 20.7631 0.49
    endloop
  endfacet
  facet normal 0.42264 -0.906298 0
    outer loop
      vertex 72.1189 21.1683 0.49
      vertex 71.25 20.7631 0
      vertex 72.1189 21.1683 0
    endloop
  endfacet
  facet normal -0.965931 -0.258799 0
    outer loop
      vertex 79.4164 16.9551 0
      vertex 79.1683 17.8811 0.49
      vertex 79.1683 17.8811 0
    endloop
  endfacet
  facet normal -0.965931 -0.258799 0
    outer loop
      vertex 79.1683 17.8811 0.49
      vertex 79.4164 16.9551 0
      vertex 79.4164 16.9551 0.49
    endloop
  endfacet
  facet normal -0.996191 -0.0871967 0
    outer loop
      vertex 79.5 16 0
      vertex 79.4164 16.9551 0.49
      vertex 79.4164 16.9551 0
    endloop
  endfacet
  facet normal -0.996191 -0.0871967 0
    outer loop
      vertex 79.4164 16.9551 0.49
      vertex 79.5 16 0
      vertex 79.5 16 0.49
    endloop
  endfacet
  facet normal -0.906298 -0.42264 0
    outer loop
      vertex 79.1683 17.8811 0
      vertex 78.7631 18.75 0.49
      vertex 78.7631 18.75 0
    endloop
  endfacet
  facet normal -0.906298 -0.42264 0
    outer loop
      vertex 78.7631 18.75 0.49
      vertex 79.1683 17.8811 0
      vertex 79.1683 17.8811 0.49
    endloop
  endfacet
  facet normal -0.996197 0.0871319 0
    outer loop
      vertex 79.4259 15.1528 0
      vertex 79.5 16 0.49
      vertex 79.5 16 0
    endloop
  endfacet
  facet normal -0.996197 0.0871319 0
    outer loop
      vertex 79.5 16 0.49
      vertex 79.4259 15.1528 0
      vertex 79.4259 15.1528 0.49
    endloop
  endfacet
  facet normal 0 0 -1
    outer loop
      vertex 74 10.5 0.49
      vertex 74.5104 10.9109 0.49
      vertex 74.8472 10.5741 0.49
    endloop
  endfacet
  facet normal 0 0 -1
    outer loop
      vertex 74 10.5 0.49
      vertex 74.1854 11.375 0.49
      vertex 74.5104 10.9109 0.49
    endloop
  endfacet
  facet normal 0 0 -1
    outer loop
      vertex 73.0449 10.5836 0.49
      vertex 74.1854 11.375 0.49
      vertex 74 10.5 0.49
    endloop
  endfacet
  facet normal -0 0 -1
    outer loop
      vertex 74.1854 11.375 0.49
      vertex 73.0449 10.5836 0.49
      vertex 73.946 11.8884 0.49
    endloop
  endfacet
  facet normal -0 0 -1
    outer loop
      vertex 73.946 11.8884 0.49
      vertex 72.1189 10.8317 0.49
      vertex 73.7994 12.4356 0.49
    endloop
  endfacet
  facet normal 0 0 -1
    outer loop
      vertex 72.1189 10.8317 0.49
      vertex 73.946 11.8884 0.49
      vertex 73.0449 10.5836 0.49
    endloop
  endfacet
  facet normal 0 0 -1
    outer loop
      vertex 79.0891 15.4896 0.49
      vertex 79.5 16 0.49
      vertex 79.4259 15.1528 0.49
    endloop
  endfacet
  facet normal 0 0 -1
    outer loop
      vertex 78.625 15.8146 0.49
      vertex 79.5 16 0.49
      vertex 79.0891 15.4896 0.49
    endloop
  endfacet
  facet normal -0 0 -1
    outer loop
      vertex 79.5 16 0.49
      vertex 78.625 15.8146 0.49
      vertex 79.4164 16.9551 0.49
    endloop
  endfacet
  facet normal 0 0 -1
    outer loop
      vertex 78.1116 16.054 0.49
      vertex 79.4164 16.9551 0.49
      vertex 78.625 15.8146 0.49
    endloop
  endfacet
  facet normal -0 0 -1
    outer loop
      vertex 79.4164 16.9551 0.49
      vertex 78.1116 16.054 0.49
      vertex 79.1683 17.8811 0.49
    endloop
  endfacet
  facet normal 0 0 -1
    outer loop
      vertex 77.5644 16.2006 0.49
      vertex 79.1683 17.8811 0.49
      vertex 78.1116 16.054 0.49
    endloop
  endfacet
  facet normal -0 0 -1
    outer loop
      vertex 79.1683 17.8811 0.49
      vertex 77.5644 16.2006 0.49
      vertex 78.7631 18.75 0.49
    endloop
  endfacet
  facet normal 0 0 -1
    outer loop
      vertex 77 16.25 0.49
      vertex 78.7631 18.75 0.49
      vertex 77.5644 16.2006 0.49
    endloop
  endfacet
  facet normal -0 0 -1
    outer loop
      vertex 78.7631 18.75 0.49
      vertex 77 16.25 0.49
      vertex 78.2132 19.5353 0.49
    endloop
  endfacet
  facet normal 0 0 -1
    outer loop
      vertex 76.4356 16.2006 0.49
      vertex 78.2132 19.5353 0.49
      vertex 77 16.25 0.49
    endloop
  endfacet
  facet normal -0 0 -1
    outer loop
      vertex 78.2132 19.5353 0.49
      vertex 76.4356 16.2006 0.49
      vertex 77.5353 20.2132 0.49
    endloop
  endfacet
  facet normal -0 0 -1
    outer loop
      vertex 77.5353 20.2132 0.49
      vertex 76.4356 16.2006 0.49
      vertex 76.75 20.7631 0.49
    endloop
  endfacet
  facet normal 0 0 -1
    outer loop
      vertex 75.8884 16.054 0.49
      vertex 76.75 20.7631 0.49
      vertex 76.4356 16.2006 0.49
    endloop
  endfacet
  facet normal 0 0 -1
    outer loop
      vertex 75.8884 16.054 0.49
      vertex 75.8811 21.1683 0.49
      vertex 76.75 20.7631 0.49
    endloop
  endfacet
  facet normal 0 0 -1
    outer loop
      vertex 74.9551 21.4164 0.49
      vertex 75.8884 16.054 0.49
      vertex 75.375 15.8146 0.49
    endloop
  endfacet
  facet normal 0 0 -1
    outer loop
      vertex 75.8884 16.054 0.49
      vertex 74.9551 21.4164 0.49
      vertex 75.8811 21.1683 0.49
    endloop
  endfacet
  facet normal 0 0 -1
    outer loop
      vertex 72.1189 21.1683 0.49
      vertex 75.375 15.8146 0.49
      vertex 74.9109 15.4896 0.49
    endloop
  endfacet
  facet normal 0 0 -1
    outer loop
      vertex 70.4647 20.2132 0.49
      vertex 74.9109 15.4896 0.49
      vertex 74.5104 15.0891 0.49
    endloop
  endfacet
  facet normal 0 0 -1
    outer loop
      vertex 68.8317 17.8811 0.49
      vertex 74.5104 15.0891 0.49
      vertex 74.1854 14.625 0.49
    endloop
  endfacet
  facet normal 0 0 -1
    outer loop
      vertex 75.375 15.8146 0.49
      vertex 74 21.5 0.49
      vertex 74.9551 21.4164 0.49
    endloop
  endfacet
  facet normal 0 0 -1
    outer loop
      vertex 68.5836 15.0449 0.49
      vertex 74.1854 14.625 0.49
      vertex 73.946 14.1116 0.49
    endloop
  endfacet
  facet normal 0 0 -1
    outer loop
      vertex 69.2369 13.25 0.49
      vertex 73.946 14.1116 0.49
      vertex 73.7994 13.5644 0.49
    endloop
  endfacet
  facet normal 0 0 -1
    outer loop
      vertex 70.4647 11.7868 0.49
      vertex 73.7994 13.5644 0.49
      vertex 73.75 13 0.49
    endloop
  endfacet
  facet normal 0 0 -1
    outer loop
      vertex 71.25 11.2369 0.49
      vertex 73.7994 12.4356 0.49
      vertex 72.1189 10.8317 0.49
    endloop
  endfacet
  facet normal 0 0 -1
    outer loop
      vertex 75.375 15.8146 0.49
      vertex 73.0449 21.4164 0.49
      vertex 74 21.5 0.49
    endloop
  endfacet
  facet normal -0 0 -1
    outer loop
      vertex 73.7994 12.4356 0.49
      vertex 71.25 11.2369 0.49
      vertex 73.75 13 0.49
    endloop
  endfacet
  facet normal 0 0 -1
    outer loop
      vertex 75.375 15.8146 0.49
      vertex 72.1189 21.1683 0.49
      vertex 73.0449 21.4164 0.49
    endloop
  endfacet
  facet normal 0 0 -1
    outer loop
      vertex 70.4647 11.7868 0.49
      vertex 73.75 13 0.49
      vertex 71.25 11.2369 0.49
    endloop
  endfacet
  facet normal 0 0 -1
    outer loop
      vertex 74.9109 15.4896 0.49
      vertex 71.25 20.7631 0.49
      vertex 72.1189 21.1683 0.49
    endloop
  endfacet
  facet normal 0 0 -1
    outer loop
      vertex 73.7994 13.5644 0.49
      vertex 70.4647 11.7868 0.49
      vertex 69.7868 12.4647 0.49
    endloop
  endfacet
  facet normal 0 0 -1
    outer loop
      vertex 74.9109 15.4896 0.49
      vertex 70.4647 20.2132 0.49
      vertex 71.25 20.7631 0.49
    endloop
  endfacet
  facet normal 0 0 -1
    outer loop
      vertex 73.7994 13.5644 0.49
      vertex 69.7868 12.4647 0.49
      vertex 69.2369 13.25 0.49
    endloop
  endfacet
  facet normal 0 0 -1
    outer loop
      vertex 74.5104 15.0891 0.49
      vertex 69.7868 19.5353 0.49
      vertex 70.4647 20.2132 0.49
    endloop
  endfacet
  facet normal -0 0 -1
    outer loop
      vertex 73.946 14.1116 0.49
      vertex 69.2369 13.25 0.49
      vertex 68.8317 14.1189 0.49
    endloop
  endfacet
  facet normal 0 0 -1
    outer loop
      vertex 74.5104 15.0891 0.49
      vertex 69.2369 18.75 0.49
      vertex 69.7868 19.5353 0.49
    endloop
  endfacet
  facet normal 0 0 -1
    outer loop
      vertex 73.946 14.1116 0.49
      vertex 68.8317 14.1189 0.49
      vertex 68.5836 15.0449 0.49
    endloop
  endfacet
  facet normal 0 0 -1
    outer loop
      vertex 74.5104 15.0891 0.49
      vertex 68.8317 17.8811 0.49
      vertex 69.2369 18.75 0.49
    endloop
  endfacet
  facet normal 0 0 -1
    outer loop
      vertex 74.1854 14.625 0.49
      vertex 68.5836 15.0449 0.49
      vertex 68.5 16 0.49
    endloop
  endfacet
  facet normal 0 0 -1
    outer loop
      vertex 74.1854 14.625 0.49
      vertex 68.5836 16.9551 0.49
      vertex 68.8317 17.8811 0.49
    endloop
  endfacet
  facet normal 0 0 -1
    outer loop
      vertex 74.1854 14.625 0.49
      vertex 68.5 16 0.49
      vertex 68.5836 16.9551 0.49
    endloop
  endfacet
  facet normal -0.819139 -0.573595 0
    outer loop
      vertex 78.7631 18.75 0
      vertex 78.2132 19.5353 0.49
      vertex 78.2132 19.5353 0
    endloop
  endfacet
  facet normal -0.819139 -0.573595 0
    outer loop
      vertex 78.2132 19.5353 0.49
      vertex 78.7631 18.75 0
      vertex 78.7631 18.75 0.49
    endloop
  endfacet
  facet normal 0.0871967 -0.996191 0
    outer loop
      vertex 73.0449 21.4164 0
      vertex 74 21.5 0.49
      vertex 73.0449 21.4164 0.49
    endloop
  endfacet
  facet normal 0.0871967 -0.996191 0
    outer loop
      vertex 74 21.5 0.49
      vertex 73.0449 21.4164 0
      vertex 74 21.5 0
    endloop
  endfacet
  facet normal 0.707107 -0.707107 0
    outer loop
      vertex 69.7868 19.5353 0.49
      vertex 70.4647 20.2132 0
      vertex 70.4647 20.2132 0.49
    endloop
  endfacet
  facet normal 0.707107 -0.707107 0
    outer loop
      vertex 70.4647 20.2132 0
      vertex 69.7868 19.5353 0.49
      vertex 69.7868 19.5353 0
    endloop
  endfacet
  facet normal 0.42264 0.906298 -0
    outer loop
      vertex 72.1189 10.8317 0
      vertex 71.25 11.2369 0.49
      vertex 72.1189 10.8317 0.49
    endloop
  endfacet
  facet normal 0.42264 0.906298 0
    outer loop
      vertex 71.25 11.2369 0.49
      vertex 72.1189 10.8317 0
      vertex 71.25 11.2369 0
    endloop
  endfacet
  facet normal 0.996191 -0.0871967 0
    outer loop
      vertex 68.5 16 0.49
      vertex 68.5836 16.9551 0
      vertex 68.5836 16.9551 0.49
    endloop
  endfacet
  facet normal 0.996191 -0.0871967 0
    outer loop
      vertex 68.5836 16.9551 0
      vertex 68.5 16 0.49
      vertex 68.5 16 0
    endloop
  endfacet
  facet normal 0.258799 0.965931 -0
    outer loop
      vertex 73.0449 10.5836 0
      vertex 72.1189 10.8317 0.49
      vertex 73.0449 10.5836 0.49
    endloop
  endfacet
  facet normal 0.258799 0.965931 0
    outer loop
      vertex 72.1189 10.8317 0.49
      vertex 73.0449 10.5836 0
      vertex 72.1189 10.8317 0
    endloop
  endfacet
  facet normal -0.573595 -0.819139 0
    outer loop
      vertex 76.75 20.7631 0
      vertex 77.5353 20.2132 0.49
      vertex 76.75 20.7631 0.49
    endloop
  endfacet
  facet normal -0.573595 -0.819139 -0
    outer loop
      vertex 77.5353 20.2132 0.49
      vertex 76.75 20.7631 0
      vertex 77.5353 20.2132 0
    endloop
  endfacet
  facet normal 0.965931 0.258799 0
    outer loop
      vertex 68.8317 14.1189 0.49
      vertex 68.5836 15.0449 0
      vertex 68.5836 15.0449 0.49
    endloop
  endfacet
  facet normal 0.965931 0.258799 0
    outer loop
      vertex 68.5836 15.0449 0
      vertex 68.8317 14.1189 0.49
      vertex 68.8317 14.1189 0
    endloop
  endfacet
  facet normal 0.573595 -0.819139 0
    outer loop
      vertex 70.4647 20.2132 0
      vertex 71.25 20.7631 0.49
      vertex 70.4647 20.2132 0.49
    endloop
  endfacet
  facet normal 0.573595 -0.819139 0
    outer loop
      vertex 71.25 20.7631 0.49
      vertex 70.4647 20.2132 0
      vertex 71.25 20.7631 0
    endloop
  endfacet
  facet normal 0.0871967 0.996191 -0
    outer loop
      vertex 74 10.5 0
      vertex 73.0449 10.5836 0.49
      vertex 74 10.5 0.49
    endloop
  endfacet
  facet normal 0.0871967 0.996191 0
    outer loop
      vertex 73.0449 10.5836 0.49
      vertex 74 10.5 0
      vertex 73.0449 10.5836 0
    endloop
  endfacet
  facet normal -0.258799 -0.965931 0
    outer loop
      vertex 74.9551 21.4164 0
      vertex 75.8811 21.1683 0.49
      vertex 74.9551 21.4164 0.49
    endloop
  endfacet
  facet normal -0.258799 -0.965931 -0
    outer loop
      vertex 75.8811 21.1683 0.49
      vertex 74.9551 21.4164 0
      vertex 75.8811 21.1683 0
    endloop
  endfacet
  facet normal 0.906298 0.42264 0
    outer loop
      vertex 69.2369 13.25 0.49
      vertex 68.8317 14.1189 0
      vertex 68.8317 14.1189 0.49
    endloop
  endfacet
  facet normal 0.906298 0.42264 0
    outer loop
      vertex 68.8317 14.1189 0
      vertex 69.2369 13.25 0.49
      vertex 69.2369 13.25 0
    endloop
  endfacet
  facet normal -0.707107 -0.707107 0
    outer loop
      vertex 78.2132 19.5353 0
      vertex 77.5353 20.2132 0.49
      vertex 77.5353 20.2132 0
    endloop
  endfacet
  facet normal -0.707107 -0.707107 0
    outer loop
      vertex 77.5353 20.2132 0.49
      vertex 78.2132 19.5353 0
      vertex 78.2132 19.5353 0.49
    endloop
  endfacet
  facet normal 0.819139 -0.573595 0
    outer loop
      vertex 69.2369 18.75 0.49
      vertex 69.7868 19.5353 0
      vertex 69.7868 19.5353 0.49
    endloop
  endfacet
  facet normal 0.819139 -0.573595 0
    outer loop
      vertex 69.7868 19.5353 0
      vertex 69.2369 18.75 0.49
      vertex 69.2369 18.75 0
    endloop
  endfacet
  facet normal -0.42264 -0.906298 0
    outer loop
      vertex 75.8811 21.1683 0
      vertex 76.75 20.7631 0.49
      vertex 75.8811 21.1683 0.49
    endloop
  endfacet
  facet normal -0.42264 -0.906298 -0
    outer loop
      vertex 76.75 20.7631 0.49
      vertex 75.8811 21.1683 0
      vertex 76.75 20.7631 0
    endloop
  endfacet
  facet normal -0.0871319 0.996197 0
    outer loop
      vertex 74.8472 10.5741 0
      vertex 74 10.5 0.49
      vertex 74.8472 10.5741 0.49
    endloop
  endfacet
  facet normal -0.0871319 0.996197 0
    outer loop
      vertex 74 10.5 0.49
      vertex 74.8472 10.5741 0
      vertex 74 10.5 0
    endloop
  endfacet
  facet normal 0.258799 -0.965931 0
    outer loop
      vertex 72.1189 21.1683 0
      vertex 73.0449 21.4164 0.49
      vertex 72.1189 21.1683 0.49
    endloop
  endfacet
  facet normal 0.258799 -0.965931 0
    outer loop
      vertex 73.0449 21.4164 0.49
      vertex 72.1189 21.1683 0
      vertex 73.0449 21.4164 0
    endloop
  endfacet
  facet normal 0.819139 0.573595 0
    outer loop
      vertex 69.7868 12.4647 0.49
      vertex 69.2369 13.25 0
      vertex 69.2369 13.25 0.49
    endloop
  endfacet
  facet normal 0.819139 0.573595 0
    outer loop
      vertex 69.2369 13.25 0
      vertex 69.7868 12.4647 0.49
      vertex 69.7868 12.4647 0
    endloop
  endfacet
  facet normal 0.707107 0.707107 0
    outer loop
      vertex 70.4647 11.7868 0.49
      vertex 69.7868 12.4647 0
      vertex 69.7868 12.4647 0.49
    endloop
  endfacet
  facet normal 0.707107 0.707107 0
    outer loop
      vertex 69.7868 12.4647 0
      vertex 70.4647 11.7868 0.49
      vertex 70.4647 11.7868 0
    endloop
  endfacet
  facet normal -0.0871967 -0.996191 0
    outer loop
      vertex 74 21.5 0
      vertex 74.9551 21.4164 0.49
      vertex 74 21.5 0.49
    endloop
  endfacet
  facet normal -0.0871967 -0.996191 -0
    outer loop
      vertex 74.9551 21.4164 0.49
      vertex 74 21.5 0
      vertex 74.9551 21.4164 0
    endloop
  endfacet
  facet normal 0.906298 -0.42264 0
    outer loop
      vertex 68.8317 17.8811 0.49
      vertex 69.2369 18.75 0
      vertex 69.2369 18.75 0.49
    endloop
  endfacet
  facet normal 0.906298 -0.42264 0
    outer loop
      vertex 69.2369 18.75 0
      vertex 68.8317 17.8811 0.49
      vertex 68.8317 17.8811 0
    endloop
  endfacet
  facet normal 0.965931 -0.258799 0
    outer loop
      vertex 68.5836 16.9551 0.49
      vertex 68.8317 17.8811 0
      vertex 68.8317 17.8811 0.49
    endloop
  endfacet
  facet normal 0.965931 -0.258799 0
    outer loop
      vertex 68.8317 17.8811 0
      vertex 68.5836 16.9551 0.49
      vertex 68.5836 16.9551 0
    endloop
  endfacet
  facet normal 0.996191 0.0871967 0
    outer loop
      vertex 68.5836 15.0449 0.49
      vertex 68.5 16 0
      vertex 68.5 16 0.49
    endloop
  endfacet
  facet normal 0.996191 0.0871967 0
    outer loop
      vertex 68.5 16 0
      vertex 68.5836 15.0449 0.49
      vertex 68.5836 15.0449 0
    endloop
  endfacet
  facet normal 0.573595 0.819139 -0
    outer loop
      vertex 71.25 11.2369 0
      vertex 70.4647 11.7868 0.49
      vertex 71.25 11.2369 0.49
    endloop
  endfacet
  facet normal 0.573595 0.819139 0
    outer loop
      vertex 70.4647 11.7868 0.49
      vertex 71.25 11.2369 0
      vertex 70.4647 11.7868 0
    endloop
  endfacet
  facet normal -0.258799 0.965931 0
    outer loop
      vertex 17.8811 68.8317 0
      vertex 16.9551 68.5836 0.49
      vertex 17.8811 68.8317 0.49
    endloop
  endfacet
  facet normal -0.258799 0.965931 0
    outer loop
      vertex 16.9551 68.5836 0.49
      vertex 17.8811 68.8317 0
      vertex 16.9551 68.5836 0
    endloop
  endfacet
  facet normal -0.965931 -0.258799 0
    outer loop
      vertex 21.4164 74.9551 0
      vertex 21.1683 75.8811 0.49
      vertex 21.1683 75.8811 0
    endloop
  endfacet
  facet normal -0.965931 -0.258799 0
    outer loop
      vertex 21.1683 75.8811 0.49
      vertex 21.4164 74.9551 0
      vertex 21.4164 74.9551 0.49
    endloop
  endfacet
  facet normal -0.996191 -0.0871967 0
    outer loop
      vertex 21.5 74 0
      vertex 21.4164 74.9551 0.49
      vertex 21.4164 74.9551 0
    endloop
  endfacet
  facet normal -0.996191 -0.0871967 0
    outer loop
      vertex 21.4164 74.9551 0.49
      vertex 21.5 74 0
      vertex 21.5 74 0.49
    endloop
  endfacet
  facet normal -0.906298 -0.42264 0
    outer loop
      vertex 21.1683 75.8811 0
      vertex 20.7631 76.75 0.49
      vertex 20.7631 76.75 0
    endloop
  endfacet
  facet normal -0.906298 -0.42264 0
    outer loop
      vertex 20.7631 76.75 0.49
      vertex 21.1683 75.8811 0
      vertex 21.1683 75.8811 0.49
    endloop
  endfacet
  facet normal -0.996191 0.0871967 0
    outer loop
      vertex 21.4164 73.0449 0
      vertex 21.5 74 0.49
      vertex 21.5 74 0
    endloop
  endfacet
  facet normal -0.996191 0.0871967 0
    outer loop
      vertex 21.5 74 0.49
      vertex 21.4164 73.0449 0
      vertex 21.4164 73.0449 0.49
    endloop
  endfacet
  facet normal 0 0 -1
    outer loop
      vertex 15.8146 75.375 0.49
      vertex 21.5 74 0.49
      vertex 21.4164 73.0449 0.49
    endloop
  endfacet
  facet normal 0 0 -1
    outer loop
      vertex 15.8146 75.375 0.49
      vertex 21.4164 73.0449 0.49
      vertex 21.1683 72.1189 0.49
    endloop
  endfacet
  facet normal 0 0 -1
    outer loop
      vertex 21.5 74 0.49
      vertex 15.8146 75.375 0.49
      vertex 21.4164 74.9551 0.49
    endloop
  endfacet
  facet normal 0 0 -1
    outer loop
      vertex 15.4896 74.9109 0.49
      vertex 21.1683 72.1189 0.49
      vertex 20.7631 71.25 0.49
    endloop
  endfacet
  facet normal 0 -0 -1
    outer loop
      vertex 16.054 75.8884 0.49
      vertex 21.4164 74.9551 0.49
      vertex 15.8146 75.375 0.49
    endloop
  endfacet
  facet normal 0 0 -1
    outer loop
      vertex 15.4896 74.9109 0.49
      vertex 20.7631 71.25 0.49
      vertex 20.2132 70.4647 0.49
    endloop
  endfacet
  facet normal 0 0 -1
    outer loop
      vertex 21.4164 74.9551 0.49
      vertex 16.054 75.8884 0.49
      vertex 21.1683 75.8811 0.49
    endloop
  endfacet
  facet normal 0 0 -1
    outer loop
      vertex 15.4896 74.9109 0.49
      vertex 20.2132 70.4647 0.49
      vertex 19.5353 69.7868 0.49
    endloop
  endfacet
  facet normal 0 0 -1
    outer loop
      vertex 21.1683 75.8811 0.49
      vertex 16.054 75.8884 0.49
      vertex 20.7631 76.75 0.49
    endloop
  endfacet
  facet normal 0 0 -1
    outer loop
      vertex 15.0891 74.5104 0.49
      vertex 19.5353 69.7868 0.49
      vertex 18.75 69.2369 0.49
    endloop
  endfacet
  facet normal 0 -0 -1
    outer loop
      vertex 16.2006 76.4356 0.49
      vertex 20.7631 76.75 0.49
      vertex 16.054 75.8884 0.49
    endloop
  endfacet
  facet normal 0 0 -1
    outer loop
      vertex 15.0891 74.5104 0.49
      vertex 18.75 69.2369 0.49
      vertex 17.8811 68.8317 0.49
    endloop
  endfacet
  facet normal -0 0 -1
    outer loop
      vertex 20.2132 77.5353 0.49
      vertex 16.2006 76.4356 0.49
      vertex 19.5353 78.2132 0.49
    endloop
  endfacet
  facet normal 0 0 -1
    outer loop
      vertex 14.625 74.1854 0.49
      vertex 17.8811 68.8317 0.49
      vertex 16.9551 68.5836 0.49
    endloop
  endfacet
  facet normal 0 -0 -1
    outer loop
      vertex 16.25 77 0.49
      vertex 19.5353 78.2132 0.49
      vertex 16.2006 76.4356 0.49
    endloop
  endfacet
  facet normal 0 0 -1
    outer loop
      vertex 16.2006 77.5644 0.49
      vertex 18.75 78.7631 0.49
      vertex 16.25 77 0.49
    endloop
  endfacet
  facet normal -0 0 -1
    outer loop
      vertex 18.75 78.7631 0.49
      vertex 16.2006 77.5644 0.49
      vertex 17.8811 79.1683 0.49
    endloop
  endfacet
  facet normal -0 0 -1
    outer loop
      vertex 19.5353 78.2132 0.49
      vertex 16.25 77 0.49
      vertex 18.75 78.7631 0.49
    endloop
  endfacet
  facet normal 0 0 -1
    outer loop
      vertex 14.625 74.1854 0.49
      vertex 16.9551 68.5836 0.49
      vertex 16 68.5 0.49
    endloop
  endfacet
  facet normal -0 0 -1
    outer loop
      vertex 20.7631 76.75 0.49
      vertex 16.2006 76.4356 0.49
      vertex 20.2132 77.5353 0.49
    endloop
  endfacet
  facet normal 0 0 -1
    outer loop
      vertex 21.1683 72.1189 0.49
      vertex 15.4896 74.9109 0.49
      vertex 15.8146 75.375 0.49
    endloop
  endfacet
  facet normal 0 0 -1
    outer loop
      vertex 19.5353 69.7868 0.49
      vertex 15.0891 74.5104 0.49
      vertex 15.4896 74.9109 0.49
    endloop
  endfacet
  facet normal 0 0 -1
    outer loop
      vertex 14.625 74.1854 0.49
      vertex 16 68.5 0.49
      vertex 15.0449 68.5836 0.49
    endloop
  endfacet
  facet normal 0 0 -1
    outer loop
      vertex 17.8811 68.8317 0.49
      vertex 14.625 74.1854 0.49
      vertex 15.0891 74.5104 0.49
    endloop
  endfacet
  facet normal 0 0 -1
    outer loop
      vertex 14.1116 73.946 0.49
      vertex 15.0449 68.5836 0.49
      vertex 14.1189 68.8317 0.49
    endloop
  endfacet
  facet normal 0 0 -1
    outer loop
      vertex 15.0449 68.5836 0.49
      vertex 14.1116 73.946 0.49
      vertex 14.625 74.1854 0.49
    endloop
  endfacet
  facet normal 0 0 -1
    outer loop
      vertex 13.25 69.2369 0.49
      vertex 14.1116 73.946 0.49
      vertex 14.1189 68.8317 0.49
    endloop
  endfacet
  facet normal 0 0 -1
    outer loop
      vertex 14.1116 73.946 0.49
      vertex 13.25 69.2369 0.49
      vertex 13.5644 73.7994 0.49
    endloop
  endfacet
  facet normal 0 0 -1
    outer loop
      vertex 12.4647 69.7868 0.49
      vertex 13.5644 73.7994 0.49
      vertex 13.25 69.2369 0.49
    endloop
  endfacet
  facet normal 0 0 -1
    outer loop
      vertex 11.7868 70.4647 0.49
      vertex 13.5644 73.7994 0.49
      vertex 12.4647 69.7868 0.49
    endloop
  endfacet
  facet normal 0 0 -1
    outer loop
      vertex 13.5644 73.7994 0.49
      vertex 11.7868 70.4647 0.49
      vertex 13 73.75 0.49
    endloop
  endfacet
  facet normal 0 0 -1
    outer loop
      vertex 11.2369 71.25 0.49
      vertex 13 73.75 0.49
      vertex 11.7868 70.4647 0.49
    endloop
  endfacet
  facet normal -0 0 -1
    outer loop
      vertex 13 73.75 0.49
      vertex 11.2369 71.25 0.49
      vertex 12.4356 73.7994 0.49
    endloop
  endfacet
  facet normal 0 0 -1
    outer loop
      vertex 10.8317 72.1189 0.49
      vertex 12.4356 73.7994 0.49
      vertex 11.2369 71.25 0.49
    endloop
  endfacet
  facet normal -0 0 -1
    outer loop
      vertex 12.4356 73.7994 0.49
      vertex 10.8317 72.1189 0.49
      vertex 11.8884 73.946 0.49
    endloop
  endfacet
  facet normal 0 0 -1
    outer loop
      vertex 10.5836 73.0449 0.49
      vertex 11.8884 73.946 0.49
      vertex 10.8317 72.1189 0.49
    endloop
  endfacet
  facet normal -0 0 -1
    outer loop
      vertex 11.8884 73.946 0.49
      vertex 10.5836 73.0449 0.49
      vertex 11.375 74.1854 0.49
    endloop
  endfacet
  facet normal 0 0 -1
    outer loop
      vertex 10.5 74 0.49
      vertex 11.375 74.1854 0.49
      vertex 10.5836 73.0449 0.49
    endloop
  endfacet
  facet normal -0 0 -1
    outer loop
      vertex 11.375 74.1854 0.49
      vertex 10.5 74 0.49
      vertex 10.9109 74.5104 0.49
    endloop
  endfacet
  facet normal -0 0 -1
    outer loop
      vertex 10.9109 74.5104 0.49
      vertex 10.5 74 0.49
      vertex 10.5741 74.8472 0.49
    endloop
  endfacet
  facet normal 0 0 -1
    outer loop
      vertex 16.054 78.1116 0.49
      vertex 17.8811 79.1683 0.49
      vertex 16.2006 77.5644 0.49
    endloop
  endfacet
  facet normal -0 0 -1
    outer loop
      vertex 17.8811 79.1683 0.49
      vertex 16.054 78.1116 0.49
      vertex 16.9551 79.4164 0.49
    endloop
  endfacet
  facet normal 0 0 -1
    outer loop
      vertex 15.8146 78.625 0.49
      vertex 16.9551 79.4164 0.49
      vertex 16.054 78.1116 0.49
    endloop
  endfacet
  facet normal -0 0 -1
    outer loop
      vertex 16.9551 79.4164 0.49
      vertex 15.8146 78.625 0.49
      vertex 16 79.5 0.49
    endloop
  endfacet
  facet normal 0 0 -1
    outer loop
      vertex 15.4896 79.0891 0.49
      vertex 16 79.5 0.49
      vertex 15.8146 78.625 0.49
    endloop
  endfacet
  facet normal 0 0 -1
    outer loop
      vertex 16 79.5 0.49
      vertex 15.4896 79.0891 0.49
      vertex 15.1528 79.4259 0.49
    endloop
  endfacet
  facet normal -0.819139 -0.573595 0
    outer loop
      vertex 20.7631 76.75 0
      vertex 20.2132 77.5353 0.49
      vertex 20.2132 77.5353 0
    endloop
  endfacet
  facet normal -0.819139 -0.573595 0
    outer loop
      vertex 20.2132 77.5353 0.49
      vertex 20.7631 76.75 0
      vertex 20.7631 76.75 0.49
    endloop
  endfacet
  facet normal 0.0871319 -0.996197 0
    outer loop
      vertex 15.1528 79.4259 0
      vertex 16 79.5 0.49
      vertex 15.1528 79.4259 0.49
    endloop
  endfacet
  facet normal 0.0871319 -0.996197 0
    outer loop
      vertex 16 79.5 0.49
      vertex 15.1528 79.4259 0
      vertex 16 79.5 0
    endloop
  endfacet
  facet normal -0.707107 0.707107 0
    outer loop
      vertex 20.2132 70.4647 0
      vertex 19.5353 69.7868 0.49
      vertex 20.2132 70.4647 0.49
    endloop
  endfacet
  facet normal -0.707107 0.707107 0
    outer loop
      vertex 19.5353 69.7868 0.49
      vertex 20.2132 70.4647 0
      vertex 19.5353 69.7868 0
    endloop
  endfacet
  facet normal -0.42264 0.906298 0
    outer loop
      vertex 18.75 69.2369 0
      vertex 17.8811 68.8317 0.49
      vertex 18.75 69.2369 0.49
    endloop
  endfacet
  facet normal -0.42264 0.906298 0
    outer loop
      vertex 17.8811 68.8317 0.49
      vertex 18.75 69.2369 0
      vertex 17.8811 68.8317 0
    endloop
  endfacet
  facet normal 0.42264 0.906298 -0
    outer loop
      vertex 14.1189 68.8317 0
      vertex 13.25 69.2369 0.49
      vertex 14.1189 68.8317 0.49
    endloop
  endfacet
  facet normal 0.42264 0.906298 0
    outer loop
      vertex 13.25 69.2369 0.49
      vertex 14.1189 68.8317 0
      vertex 13.25 69.2369 0
    endloop
  endfacet
  facet normal 0.996197 -0.0871319 0
    outer loop
      vertex 10.5 74 0.49
      vertex 10.5741 74.8472 0
      vertex 10.5741 74.8472 0.49
    endloop
  endfacet
  facet normal 0.996197 -0.0871319 0
    outer loop
      vertex 10.5741 74.8472 0
      vertex 10.5 74 0.49
      vertex 10.5 74 0
    endloop
  endfacet
  facet normal 0.258799 0.965931 -0
    outer loop
      vertex 15.0449 68.5836 0
      vertex 14.1189 68.8317 0.49
      vertex 15.0449 68.5836 0.49
    endloop
  endfacet
  facet normal 0.258799 0.965931 0
    outer loop
      vertex 14.1189 68.8317 0.49
      vertex 15.0449 68.5836 0
      vertex 14.1189 68.8317 0
    endloop
  endfacet
  facet normal -0.573595 -0.819139 0
    outer loop
      vertex 18.75 78.7631 0
      vertex 19.5353 78.2132 0.49
      vertex 18.75 78.7631 0.49
    endloop
  endfacet
  facet normal -0.573595 -0.819139 -0
    outer loop
      vertex 19.5353 78.2132 0.49
      vertex 18.75 78.7631 0
      vertex 19.5353 78.2132 0
    endloop
  endfacet
  facet normal 0.965931 0.258799 0
    outer loop
      vertex 10.8317 72.1189 0.49
      vertex 10.5836 73.0449 0
      vertex 10.5836 73.0449 0.49
    endloop
  endfacet
  facet normal 0.965931 0.258799 0
    outer loop
      vertex 10.5836 73.0449 0
      vertex 10.8317 72.1189 0.49
      vertex 10.8317 72.1189 0
    endloop
  endfacet
  facet normal -0.819139 0.573595 0
    outer loop
      vertex 20.2132 70.4647 0
      vertex 20.7631 71.25 0.49
      vertex 20.7631 71.25 0
    endloop
  endfacet
  facet normal -0.819139 0.573595 0
    outer loop
      vertex 20.7631 71.25 0.49
      vertex 20.2132 70.4647 0
      vertex 20.2132 70.4647 0.49
    endloop
  endfacet
  facet normal 0.0871967 0.996191 -0
    outer loop
      vertex 16 68.5 0
      vertex 15.0449 68.5836 0.49
      vertex 16 68.5 0.49
    endloop
  endfacet
  facet normal 0.0871967 0.996191 0
    outer loop
      vertex 15.0449 68.5836 0.49
      vertex 16 68.5 0
      vertex 15.0449 68.5836 0
    endloop
  endfacet
  facet normal -0.906298 0.42264 0
    outer loop
      vertex 20.7631 71.25 0
      vertex 21.1683 72.1189 0.49
      vertex 21.1683 72.1189 0
    endloop
  endfacet
  facet normal -0.906298 0.42264 0
    outer loop
      vertex 21.1683 72.1189 0.49
      vertex 20.7631 71.25 0
      vertex 20.7631 71.25 0.49
    endloop
  endfacet
  facet normal -0.258799 -0.965931 0
    outer loop
      vertex 16.9551 79.4164 0
      vertex 17.8811 79.1683 0.49
      vertex 16.9551 79.4164 0.49
    endloop
  endfacet
  facet normal -0.258799 -0.965931 -0
    outer loop
      vertex 17.8811 79.1683 0.49
      vertex 16.9551 79.4164 0
      vertex 17.8811 79.1683 0
    endloop
  endfacet
  facet normal 0.906298 0.42264 0
    outer loop
      vertex 11.2369 71.25 0.49
      vertex 10.8317 72.1189 0
      vertex 10.8317 72.1189 0.49
    endloop
  endfacet
  facet normal 0.906298 0.42264 0
    outer loop
      vertex 10.8317 72.1189 0
      vertex 11.2369 71.25 0.49
      vertex 11.2369 71.25 0
    endloop
  endfacet
  facet normal -0.707107 -0.707107 0
    outer loop
      vertex 19.5353 78.2132 0
      vertex 20.2132 77.5353 0.49
      vertex 19.5353 78.2132 0.49
    endloop
  endfacet
  facet normal -0.707107 -0.707107 -0
    outer loop
      vertex 20.2132 77.5353 0.49
      vertex 19.5353 78.2132 0
      vertex 20.2132 77.5353 0
    endloop
  endfacet
  facet normal -0.42264 -0.906298 0
    outer loop
      vertex 17.8811 79.1683 0
      vertex 18.75 78.7631 0.49
      vertex 17.8811 79.1683 0.49
    endloop
  endfacet
  facet normal -0.42264 -0.906298 -0
    outer loop
      vertex 18.75 78.7631 0.49
      vertex 17.8811 79.1683 0
      vertex 18.75 78.7631 0
    endloop
  endfacet
  facet normal -0.0871967 0.996191 0
    outer loop
      vertex 16.9551 68.5836 0
      vertex 16 68.5 0.49
      vertex 16.9551 68.5836 0.49
    endloop
  endfacet
  facet normal -0.0871967 0.996191 0
    outer loop
      vertex 16 68.5 0.49
      vertex 16.9551 68.5836 0
      vertex 16 68.5 0
    endloop
  endfacet
  facet normal 0.819139 0.573595 0
    outer loop
      vertex 11.7868 70.4647 0.49
      vertex 11.2369 71.25 0
      vertex 11.2369 71.25 0.49
    endloop
  endfacet
  facet normal 0.819139 0.573595 0
    outer loop
      vertex 11.2369 71.25 0
      vertex 11.7868 70.4647 0.49
      vertex 11.7868 70.4647 0
    endloop
  endfacet
  facet normal -0.965931 0.258799 0
    outer loop
      vertex 21.1683 72.1189 0
      vertex 21.4164 73.0449 0.49
      vertex 21.4164 73.0449 0
    endloop
  endfacet
  facet normal -0.965931 0.258799 0
    outer loop
      vertex 21.4164 73.0449 0.49
      vertex 21.1683 72.1189 0
      vertex 21.1683 72.1189 0.49
    endloop
  endfacet
  facet normal 0.707107 0.707107 -0
    outer loop
      vertex 12.4647 69.7868 0
      vertex 11.7868 70.4647 0.49
      vertex 12.4647 69.7868 0.49
    endloop
  endfacet
  facet normal 0.707107 0.707107 0
    outer loop
      vertex 11.7868 70.4647 0.49
      vertex 12.4647 69.7868 0
      vertex 11.7868 70.4647 0
    endloop
  endfacet
  facet normal -0.573595 0.819139 0
    outer loop
      vertex 19.5353 69.7868 0
      vertex 18.75 69.2369 0.49
      vertex 19.5353 69.7868 0.49
    endloop
  endfacet
  facet normal -0.573595 0.819139 0
    outer loop
      vertex 18.75 69.2369 0.49
      vertex 19.5353 69.7868 0
      vertex 18.75 69.2369 0
    endloop
  endfacet
  facet normal -0.0871967 -0.996191 0
    outer loop
      vertex 16 79.5 0
      vertex 16.9551 79.4164 0.49
      vertex 16 79.5 0.49
    endloop
  endfacet
  facet normal -0.0871967 -0.996191 -0
    outer loop
      vertex 16.9551 79.4164 0.49
      vertex 16 79.5 0
      vertex 16.9551 79.4164 0
    endloop
  endfacet
  facet normal 0.996191 0.0871967 0
    outer loop
      vertex 10.5836 73.0449 0.49
      vertex 10.5 74 0
      vertex 10.5 74 0.49
    endloop
  endfacet
  facet normal 0.996191 0.0871967 0
    outer loop
      vertex 10.5 74 0
      vertex 10.5836 73.0449 0.49
      vertex 10.5836 73.0449 0
    endloop
  endfacet
  facet normal 0.573595 0.819139 -0
    outer loop
      vertex 13.25 69.2369 0
      vertex 12.4647 69.7868 0.49
      vertex 13.25 69.2369 0.49
    endloop
  endfacet
  facet normal 0.573595 0.819139 0
    outer loop
      vertex 12.4647 69.7868 0.49
      vertex 13.25 69.2369 0
      vertex 12.4647 69.7868 0
    endloop
  endfacet
  facet normal 0.42264 -0.906298 0
    outer loop
      vertex 71.25 78.7631 0
      vertex 72.1189 79.1683 0.49
      vertex 71.25 78.7631 0.49
    endloop
  endfacet
  facet normal 0.42264 -0.906298 0
    outer loop
      vertex 72.1189 79.1683 0.49
      vertex 71.25 78.7631 0
      vertex 72.1189 79.1683 0
    endloop
  endfacet
  facet normal -0.258799 0.965931 0
    outer loop
      vertex 75.8811 68.8317 0
      vertex 74.9551 68.5836 0.49
      vertex 75.8811 68.8317 0.49
    endloop
  endfacet
  facet normal -0.258799 0.965931 0
    outer loop
      vertex 74.9551 68.5836 0.49
      vertex 75.8811 68.8317 0
      vertex 74.9551 68.5836 0
    endloop
  endfacet
  facet normal -0.996197 -0.0871319 0
    outer loop
      vertex 79.5 74 0
      vertex 79.4259 74.8472 0.49
      vertex 79.4259 74.8472 0
    endloop
  endfacet
  facet normal -0.996197 -0.0871319 0
    outer loop
      vertex 79.4259 74.8472 0.49
      vertex 79.5 74 0
      vertex 79.5 74 0.49
    endloop
  endfacet
  facet normal -0.996191 0.0871967 0
    outer loop
      vertex 79.4164 73.0449 0
      vertex 79.5 74 0.49
      vertex 79.5 74 0
    endloop
  endfacet
  facet normal -0.996191 0.0871967 0
    outer loop
      vertex 79.5 74 0.49
      vertex 79.4164 73.0449 0
      vertex 79.4164 73.0449 0.49
    endloop
  endfacet
  facet normal 0 0 -1
    outer loop
      vertex 78.625 74.1854 0.49
      vertex 79.5 74 0.49
      vertex 79.4164 73.0449 0.49
    endloop
  endfacet
  facet normal 0 0 -1
    outer loop
      vertex 78.1116 73.946 0.49
      vertex 79.4164 73.0449 0.49
      vertex 79.1683 72.1189 0.49
    endloop
  endfacet
  facet normal 0 0 -1
    outer loop
      vertex 79.5 74 0.49
      vertex 79.0891 74.5104 0.49
      vertex 79.4259 74.8472 0.49
    endloop
  endfacet
  facet normal 0 0 -1
    outer loop
      vertex 77.5644 73.7994 0.49
      vertex 79.1683 72.1189 0.49
      vertex 78.7631 71.25 0.49
    endloop
  endfacet
  facet normal 0 0 -1
    outer loop
      vertex 79.5 74 0.49
      vertex 78.625 74.1854 0.49
      vertex 79.0891 74.5104 0.49
    endloop
  endfacet
  facet normal 0 0 -1
    outer loop
      vertex 77 73.75 0.49
      vertex 78.7631 71.25 0.49
      vertex 78.2132 70.4647 0.49
    endloop
  endfacet
  facet normal 0 0 -1
    outer loop
      vertex 79.4164 73.0449 0.49
      vertex 78.1116 73.946 0.49
      vertex 78.625 74.1854 0.49
    endloop
  endfacet
  facet normal 0 0 -1
    outer loop
      vertex 79.1683 72.1189 0.49
      vertex 77.5644 73.7994 0.49
      vertex 78.1116 73.946 0.49
    endloop
  endfacet
  facet normal 0 0 -1
    outer loop
      vertex 76.4356 73.7994 0.49
      vertex 78.2132 70.4647 0.49
      vertex 77.5353 69.7868 0.49
    endloop
  endfacet
  facet normal 0 0 -1
    outer loop
      vertex 78.7631 71.25 0.49
      vertex 77 73.75 0.49
      vertex 77.5644 73.7994 0.49
    endloop
  endfacet
  facet normal 0 0 -1
    outer loop
      vertex 76.4356 73.7994 0.49
      vertex 77.5353 69.7868 0.49
      vertex 76.75 69.2369 0.49
    endloop
  endfacet
  facet normal 0 0 -1
    outer loop
      vertex 78.2132 70.4647 0.49
      vertex 76.4356 73.7994 0.49
      vertex 77 73.75 0.49
    endloop
  endfacet
  facet normal 0 0 -1
    outer loop
      vertex 76.75 69.2369 0.49
      vertex 75.8884 73.946 0.49
      vertex 76.4356 73.7994 0.49
    endloop
  endfacet
  facet normal 0 0 -1
    outer loop
      vertex 75.8811 68.8317 0.49
      vertex 75.8884 73.946 0.49
      vertex 76.75 69.2369 0.49
    endloop
  endfacet
  facet normal 0 0 -1
    outer loop
      vertex 74.9551 68.5836 0.49
      vertex 75.8884 73.946 0.49
      vertex 75.8811 68.8317 0.49
    endloop
  endfacet
  facet normal -0 0 -1
    outer loop
      vertex 75.8884 73.946 0.49
      vertex 74.9551 68.5836 0.49
      vertex 75.375 74.1854 0.49
    endloop
  endfacet
  facet normal 0 0 -1
    outer loop
      vertex 74 68.5 0.49
      vertex 75.375 74.1854 0.49
      vertex 74.9551 68.5836 0.49
    endloop
  endfacet
  facet normal 0 0 -1
    outer loop
      vertex 73.0449 68.5836 0.49
      vertex 75.375 74.1854 0.49
      vertex 74 68.5 0.49
    endloop
  endfacet
  facet normal 0 0 -1
    outer loop
      vertex 72.1189 68.8317 0.49
      vertex 75.375 74.1854 0.49
      vertex 73.0449 68.5836 0.49
    endloop
  endfacet
  facet normal -0 0 -1
    outer loop
      vertex 75.375 74.1854 0.49
      vertex 72.1189 68.8317 0.49
      vertex 74.9109 74.5104 0.49
    endloop
  endfacet
  facet normal 0 0 -1
    outer loop
      vertex 71.25 69.2369 0.49
      vertex 74.9109 74.5104 0.49
      vertex 72.1189 68.8317 0.49
    endloop
  endfacet
  facet normal 0 0 -1
    outer loop
      vertex 70.5 74.51 0.49
      vertex 74.9109 74.5104 0.49
      vertex 71.25 69.2369 0.49
    endloop
  endfacet
  facet normal -0 0 -1
    outer loop
      vertex 74.1854 75.375 0.49
      vertex 70.4774 74.7687 0.49
      vertex 73.946 75.8884 0.49
    endloop
  endfacet
  facet normal -0 0 -1
    outer loop
      vertex 74.9109 74.5104 0.49
      vertex 70.5 74.51 0.49
      vertex 74.5104 74.9109 0.49
    endloop
  endfacet
  facet normal 0 0 -1
    outer loop
      vertex 74.5104 79.0891 0.49
      vertex 74 79.5 0.49
      vertex 74.8472 79.4259 0.49
    endloop
  endfacet
  facet normal 0 0 -1
    outer loop
      vertex 74.1854 78.625 0.49
      vertex 74 79.5 0.49
      vertex 74.5104 79.0891 0.49
    endloop
  endfacet
  facet normal 0 0 -1
    outer loop
      vertex 73.0449 79.4164 0.49
      vertex 74.1854 78.625 0.49
      vertex 73.946 78.1116 0.49
    endloop
  endfacet
  facet normal 0 0 -1
    outer loop
      vertex 72.1189 79.1683 0.49
      vertex 73.946 78.1116 0.49
      vertex 73.7994 77.5644 0.49
    endloop
  endfacet
  facet normal 0 0 -1
    outer loop
      vertex 74.1854 78.625 0.49
      vertex 73.0449 79.4164 0.49
      vertex 74 79.5 0.49
    endloop
  endfacet
  facet normal 0 0 -1
    outer loop
      vertex 71.25 78.7631 0.49
      vertex 73.7994 77.5644 0.49
      vertex 73.75 77 0.49
    endloop
  endfacet
  facet normal 0 0 -1
    outer loop
      vertex 70.4101 75.0196 0.49
      vertex 73.946 75.8884 0.49
      vertex 70.4774 74.7687 0.49
    endloop
  endfacet
  facet normal 0 0 -1
    outer loop
      vertex 70.4774 74.7687 0.49
      vertex 74.1854 75.375 0.49
      vertex 70.5 74.51 0.49
    endloop
  endfacet
  facet normal -0 0 -1
    outer loop
      vertex 73.946 75.8884 0.49
      vertex 70.4101 75.0196 0.49
      vertex 73.7994 76.4356 0.49
    endloop
  endfacet
  facet normal -0 0 -1
    outer loop
      vertex 74.5104 74.9109 0.49
      vertex 70.5 74.51 0.49
      vertex 74.1854 75.375 0.49
    endloop
  endfacet
  facet normal 0 0 -1
    outer loop
      vertex 70.3004 75.255 0.49
      vertex 73.7994 76.4356 0.49
      vertex 70.4101 75.0196 0.49
    endloop
  endfacet
  facet normal 0 0 -1
    outer loop
      vertex 70.5 74.51 0.49
      vertex 71.25 69.2369 0.49
      vertex 70.5 69.762 0.49
    endloop
  endfacet
  facet normal 0 0 -1
    outer loop
      vertex 70.1514 75.4678 0.49
      vertex 73.7994 76.4356 0.49
      vertex 70.3004 75.255 0.49
    endloop
  endfacet
  facet normal 0 0 -1
    outer loop
      vertex 73.946 78.1116 0.49
      vertex 72.1189 79.1683 0.49
      vertex 73.0449 79.4164 0.49
    endloop
  endfacet
  facet normal -0 0 -1
    outer loop
      vertex 73.7994 76.4356 0.49
      vertex 70.1514 75.4678 0.49
      vertex 73.75 77 0.49
    endloop
  endfacet
  facet normal 0 0 -1
    outer loop
      vertex 73.7994 77.5644 0.49
      vertex 71.25 78.7631 0.49
      vertex 72.1189 79.1683 0.49
    endloop
  endfacet
  facet normal 0 0 -1
    outer loop
      vertex 73.75 77 0.49
      vertex 70.4647 78.2132 0.49
      vertex 71.25 78.7631 0.49
    endloop
  endfacet
  facet normal -0 0 -1
    outer loop
      vertex 73.75 77 0.49
      vertex 70.1514 75.4678 0.49
      vertex 70.4647 78.2132 0.49
    endloop
  endfacet
  facet normal 0 0 -1
    outer loop
      vertex 69.7868 77.5353 0.49
      vertex 70.1514 75.4678 0.49
      vertex 69.9678 75.6514 0.49
    endloop
  endfacet
  facet normal 0 0 -1
    outer loop
      vertex 70.1514 75.4678 0.49
      vertex 69.7868 77.5353 0.49
      vertex 70.4647 78.2132 0.49
    endloop
  endfacet
  facet normal 0 0 -1
    outer loop
      vertex 69.755 75.8004 0.49
      vertex 69.7868 77.5353 0.49
      vertex 69.9678 75.6514 0.49
    endloop
  endfacet
  facet normal 0 0 -1
    outer loop
      vertex 69.2369 76.75 0.49
      vertex 69.755 75.8004 0.49
      vertex 69.5196 75.9101 0.49
    endloop
  endfacet
  facet normal 0 0 -1
    outer loop
      vertex 69.2369 76.75 0.49
      vertex 69.5196 75.9101 0.49
      vertex 69.2687 75.9774 0.49
    endloop
  endfacet
  facet normal 0 0 -1
    outer loop
      vertex 69.755 75.8004 0.49
      vertex 69.2369 76.75 0.49
      vertex 69.7868 77.5353 0.49
    endloop
  endfacet
  facet normal 0 0 -1
    outer loop
      vertex 69.01 76 0.49
      vertex 69.2369 76.75 0.49
      vertex 69.2687 75.9774 0.49
    endloop
  endfacet
  facet normal 0 0 -1
    outer loop
      vertex 68.99 76 0.49
      vertex 69.2369 76.75 0.49
      vertex 69.01 76 0.49
    endloop
  endfacet
  facet normal 0 0 -1
    outer loop
      vertex 69.2369 76.75 0.49
      vertex 68.99 76 0.49
      vertex 68.8828 75.9906 0.49
    endloop
  endfacet
  facet normal 0.0871967 -0.996191 0
    outer loop
      vertex 73.0449 79.4164 0
      vertex 74 79.5 0.49
      vertex 73.0449 79.4164 0.49
    endloop
  endfacet
  facet normal 0.0871967 -0.996191 0
    outer loop
      vertex 74 79.5 0.49
      vertex 73.0449 79.4164 0
      vertex 74 79.5 0
    endloop
  endfacet
  facet normal -0.707107 0.707107 0
    outer loop
      vertex 77.5353 69.7868 0
      vertex 78.2132 70.4647 0.49
      vertex 78.2132 70.4647 0
    endloop
  endfacet
  facet normal -0.707107 0.707107 0
    outer loop
      vertex 78.2132 70.4647 0.49
      vertex 77.5353 69.7868 0
      vertex 77.5353 69.7868 0.49
    endloop
  endfacet
  facet normal 0.707107 -0.707107 0
    outer loop
      vertex 69.7868 77.5353 0.49
      vertex 70.4647 78.2132 0
      vertex 70.4647 78.2132 0.49
    endloop
  endfacet
  facet normal 0.707107 -0.707107 0
    outer loop
      vertex 70.4647 78.2132 0
      vertex 69.7868 77.5353 0.49
      vertex 69.7868 77.5353 0
    endloop
  endfacet
  facet normal -0.42264 0.906298 0
    outer loop
      vertex 76.75 69.2369 0
      vertex 75.8811 68.8317 0.49
      vertex 76.75 69.2369 0.49
    endloop
  endfacet
  facet normal -0.42264 0.906298 0
    outer loop
      vertex 75.8811 68.8317 0.49
      vertex 76.75 69.2369 0
      vertex 75.8811 68.8317 0
    endloop
  endfacet
  facet normal 0.42264 0.906298 -0
    outer loop
      vertex 72.1189 68.8317 0
      vertex 71.25 69.2369 0.49
      vertex 72.1189 68.8317 0.49
    endloop
  endfacet
  facet normal 0.42264 0.906298 0
    outer loop
      vertex 71.25 69.2369 0.49
      vertex 72.1189 68.8317 0
      vertex 71.25 69.2369 0
    endloop
  endfacet
  facet normal 0.258799 0.965931 -0
    outer loop
      vertex 73.0449 68.5836 0
      vertex 72.1189 68.8317 0.49
      vertex 73.0449 68.5836 0.49
    endloop
  endfacet
  facet normal 0.258799 0.965931 0
    outer loop
      vertex 72.1189 68.8317 0.49
      vertex 73.0449 68.5836 0
      vertex 72.1189 68.8317 0
    endloop
  endfacet
  facet normal -0.819139 0.573595 0
    outer loop
      vertex 78.2132 70.4647 0
      vertex 78.7631 71.25 0.49
      vertex 78.7631 71.25 0
    endloop
  endfacet
  facet normal -0.819139 0.573595 0
    outer loop
      vertex 78.7631 71.25 0.49
      vertex 78.2132 70.4647 0
      vertex 78.2132 70.4647 0.49
    endloop
  endfacet
  facet normal 0.573595 -0.819139 0
    outer loop
      vertex 70.4647 78.2132 0
      vertex 71.25 78.7631 0.49
      vertex 70.4647 78.2132 0.49
    endloop
  endfacet
  facet normal 0.573595 -0.819139 0
    outer loop
      vertex 71.25 78.7631 0.49
      vertex 70.4647 78.2132 0
      vertex 71.25 78.7631 0
    endloop
  endfacet
  facet normal 0.0871967 0.996191 -0
    outer loop
      vertex 74 68.5 0
      vertex 73.0449 68.5836 0.49
      vertex 74 68.5 0.49
    endloop
  endfacet
  facet normal 0.0871967 0.996191 0
    outer loop
      vertex 73.0449 68.5836 0.49
      vertex 74 68.5 0
      vertex 73.0449 68.5836 0
    endloop
  endfacet
  facet normal -0.906298 0.42264 0
    outer loop
      vertex 78.7631 71.25 0
      vertex 79.1683 72.1189 0.49
      vertex 79.1683 72.1189 0
    endloop
  endfacet
  facet normal -0.906298 0.42264 0
    outer loop
      vertex 79.1683 72.1189 0.49
      vertex 78.7631 71.25 0
      vertex 78.7631 71.25 0.49
    endloop
  endfacet
  facet normal 0.819139 -0.573595 0
    outer loop
      vertex 69.2369 76.75 0.49
      vertex 69.7868 77.5353 0
      vertex 69.7868 77.5353 0.49
    endloop
  endfacet
  facet normal 0.819139 -0.573595 0
    outer loop
      vertex 69.7868 77.5353 0
      vertex 69.2369 76.75 0.49
      vertex 69.2369 76.75 0
    endloop
  endfacet
  facet normal -0.0871967 0.996191 0
    outer loop
      vertex 74.9551 68.5836 0
      vertex 74 68.5 0.49
      vertex 74.9551 68.5836 0.49
    endloop
  endfacet
  facet normal -0.0871967 0.996191 0
    outer loop
      vertex 74 68.5 0.49
      vertex 74.9551 68.5836 0
      vertex 74 68.5 0
    endloop
  endfacet
  facet normal 0.258799 -0.965931 0
    outer loop
      vertex 72.1189 79.1683 0
      vertex 73.0449 79.4164 0.49
      vertex 72.1189 79.1683 0.49
    endloop
  endfacet
  facet normal 0.258799 -0.965931 0
    outer loop
      vertex 73.0449 79.4164 0.49
      vertex 72.1189 79.1683 0
      vertex 73.0449 79.4164 0
    endloop
  endfacet
  facet normal -0.965931 0.258799 0
    outer loop
      vertex 79.1683 72.1189 0
      vertex 79.4164 73.0449 0.49
      vertex 79.4164 73.0449 0
    endloop
  endfacet
  facet normal -0.965931 0.258799 0
    outer loop
      vertex 79.4164 73.0449 0.49
      vertex 79.1683 72.1189 0
      vertex 79.1683 72.1189 0.49
    endloop
  endfacet
  facet normal -0.573595 0.819139 0
    outer loop
      vertex 77.5353 69.7868 0
      vertex 76.75 69.2369 0.49
      vertex 77.5353 69.7868 0.49
    endloop
  endfacet
  facet normal -0.573595 0.819139 0
    outer loop
      vertex 76.75 69.2369 0.49
      vertex 77.5353 69.7868 0
      vertex 76.75 69.2369 0
    endloop
  endfacet
  facet normal -0.0871319 -0.996197 0
    outer loop
      vertex 74 79.5 0
      vertex 74.8472 79.4259 0.49
      vertex 74 79.5 0.49
    endloop
  endfacet
  facet normal -0.0871319 -0.996197 -0
    outer loop
      vertex 74.8472 79.4259 0.49
      vertex 74 79.5 0
      vertex 74.8472 79.4259 0
    endloop
  endfacet
  facet normal 0.906314 -0.422605 0
    outer loop
      vertex 68.8828 75.9906 0.49
      vertex 69.2369 76.75 0
      vertex 69.2369 76.75 0.49
    endloop
  endfacet
  facet normal 0.906314 -0.422605 0
    outer loop
      vertex 69.2369 76.75 0
      vertex 68.8828 75.9906 0.49
      vertex 68.8828 75.9906 0
    endloop
  endfacet
  facet normal 0.573536 0.819181 -0
    outer loop
      vertex 71.25 69.2369 0
      vertex 70.5 69.762 0.49
      vertex 71.25 69.2369 0.49
    endloop
  endfacet
  facet normal 0.573536 0.819181 0
    outer loop
      vertex 70.5 69.762 0.49
      vertex 71.25 69.2369 0
      vertex 70.5 69.762 0
    endloop
  endfacet
endsolid OpenSCAD_Model
