solid OpenSCAD_Model
  facet normal 0.707107 0.707107 0
    outer loop
      vertex 83.5586 81.9562 0
      vertex 81.9562 83.5586 -5
      vertex 81.9562 83.5586 0
    endloop
  endfacet
  facet normal 0.707107 0.707107 0
    outer loop
      vertex 81.9562 83.5586 -5
      vertex 83.5586 81.9562 0
      vertex 83.5586 81.9562 -5
    endloop
  endfacet
  facet normal 0.0871571 -0.996195 0
    outer loop
      vertex 73.6 3.4 -5
      vertex 75.8574 3.5975 0
      vertex 73.6 3.4 0
    endloop
  endfacet
  facet normal 0.0871571 -0.996195 0
    outer loop
      vertex 75.8574 3.5975 0
      vertex 73.6 3.4 -5
      vertex 75.8574 3.5975 -5
    endloop
  endfacet
  facet normal -0.422623 -0.906305 0
    outer loop
      vertex 9.9 5.14167 -5
      vertex 11.9537 4.184 0
      vertex 9.9 5.14167 0
    endloop
  endfacet
  facet normal -0.422623 -0.906305 -0
    outer loop
      vertex 11.9537 4.184 0
      vertex 9.9 5.14167 -5
      vertex 11.9537 4.184 -5
    endloop
  endfacet
  facet normal 0.996195 -0.0871571 0
    outer loop
      vertex 86.4025 14.1426 0
      vertex 86.6 16.4 -5
      vertex 86.6 16.4 0
    endloop
  endfacet
  facet normal 0.996195 -0.0871571 0
    outer loop
      vertex 86.6 16.4 -5
      vertex 86.4025 14.1426 0
      vertex 86.4025 14.1426 -5
    endloop
  endfacet
  facet normal 0.9063 -0.422634 0
    outer loop
      vertex 84.8583 9.9 0
      vertex 85.816 11.9537 -5
      vertex 85.816 11.9537 0
    endloop
  endfacet
  facet normal 0.9063 -0.422634 0
    outer loop
      vertex 85.816 11.9537 -5
      vertex 84.8583 9.9 0
      vertex 84.8583 9.9 -5
    endloop
  endfacet
  facet normal -0.819153 -0.573575 0
    outer loop
      vertex 6.44142 8.04376 -5
      vertex 5.14167 9.9 0
      vertex 5.14167 9.9 -5
    endloop
  endfacet
  facet normal -0.819153 -0.573575 0
    outer loop
      vertex 5.14167 9.9 0
      vertex 6.44142 8.04376 -5
      vertex 6.44142 8.04376 0
    endloop
  endfacet
  facet normal 0.965927 -0.258813 0
    outer loop
      vertex 85.816 11.9537 0
      vertex 86.4025 14.1426 -5
      vertex 86.4025 14.1426 0
    endloop
  endfacet
  facet normal 0.965927 -0.258813 0
    outer loop
      vertex 86.4025 14.1426 -5
      vertex 85.816 11.9537 0
      vertex 85.816 11.9537 -5
    endloop
  endfacet
  facet normal 1 -0 0
    outer loop
      vertex 86.6 16.4 0
      vertex 86.6 73.6 -5
      vertex 86.6 73.6 0
    endloop
  endfacet
  facet normal 1 0 0
    outer loop
      vertex 86.6 73.6 -5
      vertex 86.6 16.4 0
      vertex 86.6 16.4 -5
    endloop
  endfacet
  facet normal 0.258813 0.965927 -0
    outer loop
      vertex 78.0463 85.816 -5
      vertex 75.8574 86.4025 0
      vertex 78.0463 85.816 0
    endloop
  endfacet
  facet normal 0.258813 0.965927 0
    outer loop
      vertex 75.8574 86.4025 0
      vertex 78.0463 85.816 -5
      vertex 75.8574 86.4025 -5
    endloop
  endfacet
  facet normal 0.573569 0.819157 -0
    outer loop
      vertex 81.9562 83.5586 -5
      vertex 80.1 84.8583 0
      vertex 81.9562 83.5586 0
    endloop
  endfacet
  facet normal 0.573569 0.819157 0
    outer loop
      vertex 80.1 84.8583 0
      vertex 81.9562 83.5586 -5
      vertex 80.1 84.8583 -5
    endloop
  endfacet
  facet normal 0 1 -0
    outer loop
      vertex 73.6 86.6 -5
      vertex 16.4 86.6 0
      vertex 73.6 86.6 0
    endloop
  endfacet
  facet normal 0 1 0
    outer loop
      vertex 16.4 86.6 0
      vertex 73.6 86.6 -5
      vertex 16.4 86.6 -5
    endloop
  endfacet
  facet normal 0.996195 0.0871571 0
    outer loop
      vertex 86.6 73.6 0
      vertex 86.4025 75.8574 -5
      vertex 86.4025 75.8574 0
    endloop
  endfacet
  facet normal 0.996195 0.0871571 0
    outer loop
      vertex 86.4025 75.8574 -5
      vertex 86.6 73.6 0
      vertex 86.6 73.6 -5
    endloop
  endfacet
  facet normal 0 -1 0
    outer loop
      vertex 16.4 3.4 -5
      vertex 73.6 3.4 0
      vertex 16.4 3.4 0
    endloop
  endfacet
  facet normal 0 -1 -0
    outer loop
      vertex 73.6 3.4 0
      vertex 16.4 3.4 -5
      vertex 73.6 3.4 -5
    endloop
  endfacet
  facet normal -1 0 0
    outer loop
      vertex 3.4 16.4 -5
      vertex 3.4 73.6 0
      vertex 3.4 73.6 -5
    endloop
  endfacet
  facet normal -1 -0 0
    outer loop
      vertex 3.4 73.6 0
      vertex 3.4 16.4 -5
      vertex 3.4 16.4 0
    endloop
  endfacet
  facet normal -0.258813 -0.965927 0
    outer loop
      vertex 11.9537 4.184 -5
      vertex 14.1426 3.5975 0
      vertex 11.9537 4.184 0
    endloop
  endfacet
  facet normal -0.258813 -0.965927 -0
    outer loop
      vertex 14.1426 3.5975 0
      vertex 11.9537 4.184 -5
      vertex 14.1426 3.5975 -5
    endloop
  endfacet
  facet normal -0.0871571 -0.996195 0
    outer loop
      vertex 14.1426 3.5975 -5
      vertex 16.4 3.4 0
      vertex 14.1426 3.5975 0
    endloop
  endfacet
  facet normal -0.0871571 -0.996195 -0
    outer loop
      vertex 16.4 3.4 0
      vertex 14.1426 3.5975 -5
      vertex 16.4 3.4 -5
    endloop
  endfacet
  facet normal -0.906305 -0.422623 0
    outer loop
      vertex 5.14167 9.9 -5
      vertex 4.184 11.9537 0
      vertex 4.184 11.9537 -5
    endloop
  endfacet
  facet normal -0.906305 -0.422623 0
    outer loop
      vertex 4.184 11.9537 0
      vertex 5.14167 9.9 -5
      vertex 5.14167 9.9 0
    endloop
  endfacet
  facet normal -0.70712 0.707094 0
    outer loop
      vertex 6.44142 81.9562 -5
      vertex 8.04376 83.5586 0
      vertex 8.04376 83.5586 -5
    endloop
  endfacet
  facet normal -0.70712 0.707094 0
    outer loop
      vertex 8.04376 83.5586 0
      vertex 6.44142 81.9562 -5
      vertex 6.44142 81.9562 0
    endloop
  endfacet
  facet normal -0.819147 0.573584 0
    outer loop
      vertex 5.14167 80.1 -5
      vertex 6.44142 81.9562 0
      vertex 6.44142 81.9562 -5
    endloop
  endfacet
  facet normal -0.819147 0.573584 0
    outer loop
      vertex 6.44142 81.9562 0
      vertex 5.14167 80.1 -5
      vertex 5.14167 80.1 0
    endloop
  endfacet
  facet normal -0.0871571 0.996195 0
    outer loop
      vertex 16.4 86.6 -5
      vertex 14.1426 86.4025 0
      vertex 16.4 86.6 0
    endloop
  endfacet
  facet normal -0.0871571 0.996195 0
    outer loop
      vertex 14.1426 86.4025 0
      vertex 16.4 86.6 -5
      vertex 14.1426 86.4025 -5
    endloop
  endfacet
  facet normal 0.258813 -0.965927 0
    outer loop
      vertex 75.8574 3.5975 -5
      vertex 78.0463 4.184 0
      vertex 75.8574 3.5975 0
    endloop
  endfacet
  facet normal 0.258813 -0.965927 0
    outer loop
      vertex 78.0463 4.184 0
      vertex 75.8574 3.5975 -5
      vertex 78.0463 4.184 -5
    endloop
  endfacet
  facet normal -0.906305 0.422623 0
    outer loop
      vertex 4.184 78.0463 -5
      vertex 5.14167 80.1 0
      vertex 5.14167 80.1 -5
    endloop
  endfacet
  facet normal -0.906305 0.422623 0
    outer loop
      vertex 5.14167 80.1 0
      vertex 4.184 78.0463 -5
      vertex 4.184 78.0463 0
    endloop
  endfacet
  facet normal -0.422634 0.9063 0
    outer loop
      vertex 11.9537 85.816 -5
      vertex 9.9 84.8583 0
      vertex 11.9537 85.816 0
    endloop
  endfacet
  facet normal -0.422634 0.9063 0
    outer loop
      vertex 9.9 84.8583 0
      vertex 11.9537 85.816 -5
      vertex 9.9 84.8583 -5
    endloop
  endfacet
  facet normal 0.422623 -0.906305 0
    outer loop
      vertex 78.0463 4.184 -5
      vertex 80.1 5.14167 0
      vertex 78.0463 4.184 0
    endloop
  endfacet
  facet normal 0.422623 -0.906305 0
    outer loop
      vertex 80.1 5.14167 0
      vertex 78.0463 4.184 -5
      vertex 80.1 5.14167 -5
    endloop
  endfacet
  facet normal -0.965927 0.258813 0
    outer loop
      vertex 3.5975 75.8574 -5
      vertex 4.184 78.0463 0
      vertex 4.184 78.0463 -5
    endloop
  endfacet
  facet normal -0.965927 0.258813 0
    outer loop
      vertex 4.184 78.0463 0
      vertex 3.5975 75.8574 -5
      vertex 3.5975 75.8574 0
    endloop
  endfacet
  facet normal -0.258813 0.965927 0
    outer loop
      vertex 14.1426 86.4025 -5
      vertex 11.9537 85.816 0
      vertex 14.1426 86.4025 0
    endloop
  endfacet
  facet normal -0.258813 0.965927 0
    outer loop
      vertex 11.9537 85.816 0
      vertex 14.1426 86.4025 -5
      vertex 11.9537 85.816 -5
    endloop
  endfacet
  facet normal 0.965927 0.258813 0
    outer loop
      vertex 86.4025 75.8574 0
      vertex 85.816 78.0463 -5
      vertex 85.816 78.0463 0
    endloop
  endfacet
  facet normal 0.965927 0.258813 0
    outer loop
      vertex 85.816 78.0463 -5
      vertex 86.4025 75.8574 0
      vertex 86.4025 75.8574 -5
    endloop
  endfacet
  facet normal -0.965927 -0.258813 0
    outer loop
      vertex 4.184 11.9537 -5
      vertex 3.5975 14.1426 0
      vertex 3.5975 14.1426 -5
    endloop
  endfacet
  facet normal -0.965927 -0.258813 0
    outer loop
      vertex 3.5975 14.1426 0
      vertex 4.184 11.9537 -5
      vertex 4.184 11.9537 0
    endloop
  endfacet
  facet normal 0.9063 0.422634 0
    outer loop
      vertex 85.816 78.0463 0
      vertex 84.8583 80.1 -5
      vertex 84.8583 80.1 0
    endloop
  endfacet
  facet normal 0.9063 0.422634 0
    outer loop
      vertex 84.8583 80.1 -5
      vertex 85.816 78.0463 0
      vertex 85.816 78.0463 -5
    endloop
  endfacet
  facet normal 0.707094 -0.70712 0
    outer loop
      vertex 81.9562 6.44142 -5
      vertex 83.5586 8.04376 0
      vertex 81.9562 6.44142 0
    endloop
  endfacet
  facet normal 0.707094 -0.70712 0
    outer loop
      vertex 83.5586 8.04376 0
      vertex 81.9562 6.44142 -5
      vertex 83.5586 8.04376 -5
    endloop
  endfacet
  facet normal 0.819157 0.573569 0
    outer loop
      vertex 84.8583 80.1 0
      vertex 83.5586 81.9562 -5
      vertex 83.5586 81.9562 0
    endloop
  endfacet
  facet normal 0.819157 0.573569 0
    outer loop
      vertex 83.5586 81.9562 -5
      vertex 84.8583 80.1 0
      vertex 84.8583 80.1 -5
    endloop
  endfacet
  facet normal -0.996195 0.0871571 0
    outer loop
      vertex 3.4 73.6 -5
      vertex 3.5975 75.8574 0
      vertex 3.5975 75.8574 -5
    endloop
  endfacet
  facet normal -0.996195 0.0871571 0
    outer loop
      vertex 3.5975 75.8574 0
      vertex 3.4 73.6 -5
      vertex 3.4 73.6 0
    endloop
  endfacet
  facet normal 0.819163 -0.573561 0
    outer loop
      vertex 83.5586 8.04376 0
      vertex 84.8583 9.9 -5
      vertex 84.8583 9.9 0
    endloop
  endfacet
  facet normal 0.819163 -0.573561 0
    outer loop
      vertex 84.8583 9.9 -5
      vertex 83.5586 8.04376 0
      vertex 83.5586 8.04376 -5
    endloop
  endfacet
  facet normal -0.707107 -0.707107 0
    outer loop
      vertex 8.04376 6.44142 -5
      vertex 6.44142 8.04376 0
      vertex 6.44142 8.04376 -5
    endloop
  endfacet
  facet normal -0.707107 -0.707107 0
    outer loop
      vertex 6.44142 8.04376 0
      vertex 8.04376 6.44142 -5
      vertex 8.04376 6.44142 0
    endloop
  endfacet
  facet normal -0.573561 0.819163 0
    outer loop
      vertex 9.9 84.8583 -5
      vertex 8.04376 83.5586 0
      vertex 9.9 84.8583 0
    endloop
  endfacet
  facet normal -0.573561 0.819163 0
    outer loop
      vertex 8.04376 83.5586 0
      vertex 9.9 84.8583 -5
      vertex 8.04376 83.5586 -5
    endloop
  endfacet
  facet normal 0.573584 -0.819147 0
    outer loop
      vertex 80.1 5.14167 -5
      vertex 81.9562 6.44142 0
      vertex 80.1 5.14167 0
    endloop
  endfacet
  facet normal 0.573584 -0.819147 0
    outer loop
      vertex 81.9562 6.44142 0
      vertex 80.1 5.14167 -5
      vertex 81.9562 6.44142 -5
    endloop
  endfacet
  facet normal -0.996195 -0.0871571 0
    outer loop
      vertex 3.5975 14.1426 -5
      vertex 3.4 16.4 0
      vertex 3.4 16.4 -5
    endloop
  endfacet
  facet normal -0.996195 -0.0871571 0
    outer loop
      vertex 3.4 16.4 0
      vertex 3.5975 14.1426 -5
      vertex 3.5975 14.1426 0
    endloop
  endfacet
  facet normal 0.0871571 0.996195 -0
    outer loop
      vertex 75.8574 86.4025 -5
      vertex 73.6 86.6 0
      vertex 75.8574 86.4025 0
    endloop
  endfacet
  facet normal 0.0871571 0.996195 0
    outer loop
      vertex 73.6 86.6 0
      vertex 75.8574 86.4025 -5
      vertex 73.6 86.6 -5
    endloop
  endfacet
  facet normal 0.422634 0.9063 -0
    outer loop
      vertex 80.1 84.8583 -5
      vertex 78.0463 85.816 0
      vertex 80.1 84.8583 0
    endloop
  endfacet
  facet normal 0.422634 0.9063 0
    outer loop
      vertex 78.0463 85.816 0
      vertex 80.1 84.8583 -5
      vertex 78.0463 85.816 -5
    endloop
  endfacet
  facet normal -0.573575 -0.819153 0
    outer loop
      vertex 8.04376 6.44142 -5
      vertex 9.9 5.14167 0
      vertex 8.04376 6.44142 0
    endloop
  endfacet
  facet normal -0.573575 -0.819153 -0
    outer loop
      vertex 9.9 5.14167 0
      vertex 8.04376 6.44142 -5
      vertex 9.9 5.14167 -5
    endloop
  endfacet
  facet normal 0 0 -1
    outer loop
      vertex 85.4 16.4 -5
      vertex 86.6 16.4 -5
      vertex 86.4025 14.1426 -5
    endloop
  endfacet
  facet normal 0 0 -1
    outer loop
      vertex 86.6 16.4 -5
      vertex 85.4 16.4 -5
      vertex 86.6 73.6 -5
    endloop
  endfacet
  facet normal 0 0 -1
    outer loop
      vertex 85.2207 14.351 -5
      vertex 86.4025 14.1426 -5
      vertex 85.816 11.9537 -5
    endloop
  endfacet
  facet normal 0 0 -1
    outer loop
      vertex 85.4 73.6 -5
      vertex 86.6 73.6 -5
      vertex 85.4 16.4 -5
    endloop
  endfacet
  facet normal 0 0 -1
    outer loop
      vertex 86.6 73.6 -5
      vertex 85.4 73.6 -5
      vertex 86.4025 75.8574 -5
    endloop
  endfacet
  facet normal 0 0 -1
    outer loop
      vertex 86.4025 14.1426 -5
      vertex 85.2207 14.351 -5
      vertex 85.4 16.4 -5
    endloop
  endfacet
  facet normal 0 0 -1
    outer loop
      vertex 84.6884 12.3642 -5
      vertex 85.816 11.9537 -5
      vertex 84.8583 9.9 -5
    endloop
  endfacet
  facet normal 0 0 -1
    outer loop
      vertex 85.816 11.9537 -5
      vertex 84.6884 12.3642 -5
      vertex 85.2207 14.351 -5
    endloop
  endfacet
  facet normal 0 0 -1
    outer loop
      vertex 84.8583 9.9 -5
      vertex 83.8191 10.5 -5
      vertex 84.6884 12.3642 -5
    endloop
  endfacet
  facet normal 0 0 -1
    outer loop
      vertex 83.5586 8.04376 -5
      vertex 83.8191 10.5 -5
      vertex 84.8583 9.9 -5
    endloop
  endfacet
  facet normal 0 0 -1
    outer loop
      vertex 83.5586 8.04376 -5
      vertex 82.6393 8.81511 -5
      vertex 83.8191 10.5 -5
    endloop
  endfacet
  facet normal 0 0 -1
    outer loop
      vertex 81.9562 6.44142 -5
      vertex 82.6393 8.81511 -5
      vertex 83.5586 8.04376 -5
    endloop
  endfacet
  facet normal 0 0 -1
    outer loop
      vertex 81.9562 6.44142 -5
      vertex 81.1849 7.36068 -5
      vertex 82.6393 8.81511 -5
    endloop
  endfacet
  facet normal 0 0 -1
    outer loop
      vertex 80.1 5.14167 -5
      vertex 81.1849 7.36068 -5
      vertex 81.9562 6.44142 -5
    endloop
  endfacet
  facet normal 0 0 -1
    outer loop
      vertex 80.1 5.14167 -5
      vertex 79.5 6.1809 -5
      vertex 81.1849 7.36068 -5
    endloop
  endfacet
  facet normal 0 0 -1
    outer loop
      vertex 78.0463 4.184 -5
      vertex 79.5 6.1809 -5
      vertex 80.1 5.14167 -5
    endloop
  endfacet
  facet normal 0 0 -1
    outer loop
      vertex 78.0463 4.184 -5
      vertex 77.6358 5.31163 -5
      vertex 79.5 6.1809 -5
    endloop
  endfacet
  facet normal 0 0 -1
    outer loop
      vertex 75.8574 3.5975 -5
      vertex 77.6358 5.31163 -5
      vertex 78.0463 4.184 -5
    endloop
  endfacet
  facet normal 0 0 -1
    outer loop
      vertex 75.8574 3.5975 -5
      vertex 75.649 4.77927 -5
      vertex 77.6358 5.31163 -5
    endloop
  endfacet
  facet normal 0 0 -1
    outer loop
      vertex 73.6 3.4 -5
      vertex 75.649 4.77927 -5
      vertex 75.8574 3.5975 -5
    endloop
  endfacet
  facet normal 0 0 -1
    outer loop
      vertex 73.6 3.4 -5
      vertex 73.6 4.6 -5
      vertex 75.649 4.77927 -5
    endloop
  endfacet
  facet normal 0 0 -1
    outer loop
      vertex 16.4 3.4 -5
      vertex 73.6 4.6 -5
      vertex 73.6 3.4 -5
    endloop
  endfacet
  facet normal 0 0 -1
    outer loop
      vertex 16.4 3.4 -5
      vertex 16.4 4.6 -5
      vertex 73.6 4.6 -5
    endloop
  endfacet
  facet normal 0 0 -1
    outer loop
      vertex 16.4 3.4 -5
      vertex 14.351 4.77927 -5
      vertex 16.4 4.6 -5
    endloop
  endfacet
  facet normal 0 0 -1
    outer loop
      vertex 14.1426 3.5975 -5
      vertex 14.351 4.77927 -5
      vertex 16.4 3.4 -5
    endloop
  endfacet
  facet normal 0 0 -1
    outer loop
      vertex 14.1426 3.5975 -5
      vertex 12.3642 5.31163 -5
      vertex 14.351 4.77927 -5
    endloop
  endfacet
  facet normal 0 0 -1
    outer loop
      vertex 11.9537 4.184 -5
      vertex 12.3642 5.31163 -5
      vertex 14.1426 3.5975 -5
    endloop
  endfacet
  facet normal 0 0 -1
    outer loop
      vertex 11.9537 4.184 -5
      vertex 10.5 6.1809 -5
      vertex 12.3642 5.31163 -5
    endloop
  endfacet
  facet normal 0 0 -1
    outer loop
      vertex 9.9 5.14167 -5
      vertex 10.5 6.1809 -5
      vertex 11.9537 4.184 -5
    endloop
  endfacet
  facet normal 0 0 -1
    outer loop
      vertex 9.9 5.14167 -5
      vertex 8.81511 7.36068 -5
      vertex 10.5 6.1809 -5
    endloop
  endfacet
  facet normal 0 0 -1
    outer loop
      vertex 8.04376 6.44142 -5
      vertex 8.81511 7.36068 -5
      vertex 9.9 5.14167 -5
    endloop
  endfacet
  facet normal 0 0 -1
    outer loop
      vertex 8.04376 6.44142 -5
      vertex 7.36068 8.81511 -5
      vertex 8.81511 7.36068 -5
    endloop
  endfacet
  facet normal 0 0 -1
    outer loop
      vertex 6.44142 8.04376 -5
      vertex 7.36068 8.81511 -5
      vertex 8.04376 6.44142 -5
    endloop
  endfacet
  facet normal 0 0 -1
    outer loop
      vertex 6.44142 8.04376 -5
      vertex 6.1809 10.5 -5
      vertex 7.36068 8.81511 -5
    endloop
  endfacet
  facet normal 0 0 -1
    outer loop
      vertex 5.14167 9.9 -5
      vertex 6.1809 10.5 -5
      vertex 6.44142 8.04376 -5
    endloop
  endfacet
  facet normal -0 0 -1
    outer loop
      vertex 6.1809 10.5 -5
      vertex 5.14167 9.9 -5
      vertex 5.31163 12.3642 -5
    endloop
  endfacet
  facet normal 0 0 -1
    outer loop
      vertex 4.184 11.9537 -5
      vertex 5.31163 12.3642 -5
      vertex 5.14167 9.9 -5
    endloop
  endfacet
  facet normal -0 0 -1
    outer loop
      vertex 5.31163 12.3642 -5
      vertex 4.184 11.9537 -5
      vertex 4.77927 14.351 -5
    endloop
  endfacet
  facet normal -0 0 -1
    outer loop
      vertex 4.77927 14.351 -5
      vertex 3.5975 14.1426 -5
      vertex 4.6 16.4 -5
    endloop
  endfacet
  facet normal 0 0 -1
    outer loop
      vertex 3.5975 14.1426 -5
      vertex 4.77927 14.351 -5
      vertex 4.184 11.9537 -5
    endloop
  endfacet
  facet normal 0 0 -1
    outer loop
      vertex 85.2207 75.649 -5
      vertex 86.4025 75.8574 -5
      vertex 85.4 73.6 -5
    endloop
  endfacet
  facet normal -0 0 -1
    outer loop
      vertex 86.4025 75.8574 -5
      vertex 85.2207 75.649 -5
      vertex 85.816 78.0463 -5
    endloop
  endfacet
  facet normal 0 0 -1
    outer loop
      vertex 84.6884 77.6358 -5
      vertex 85.816 78.0463 -5
      vertex 85.2207 75.649 -5
    endloop
  endfacet
  facet normal -0 0 -1
    outer loop
      vertex 85.816 78.0463 -5
      vertex 84.6884 77.6358 -5
      vertex 84.8583 80.1 -5
    endloop
  endfacet
  facet normal 0 0 -1
    outer loop
      vertex 83.8191 79.5 -5
      vertex 84.8583 80.1 -5
      vertex 84.6884 77.6358 -5
    endloop
  endfacet
  facet normal 0 0 -1
    outer loop
      vertex 83.8191 79.5 -5
      vertex 83.5586 81.9562 -5
      vertex 84.8583 80.1 -5
    endloop
  endfacet
  facet normal 0 0 -1
    outer loop
      vertex 82.6393 81.1849 -5
      vertex 83.5586 81.9562 -5
      vertex 83.8191 79.5 -5
    endloop
  endfacet
  facet normal 0 0 -1
    outer loop
      vertex 82.6393 81.1849 -5
      vertex 81.9562 83.5586 -5
      vertex 83.5586 81.9562 -5
    endloop
  endfacet
  facet normal 0 0 -1
    outer loop
      vertex 81.1849 82.6393 -5
      vertex 81.9562 83.5586 -5
      vertex 82.6393 81.1849 -5
    endloop
  endfacet
  facet normal 0 0 -1
    outer loop
      vertex 81.1849 82.6393 -5
      vertex 80.1 84.8583 -5
      vertex 81.9562 83.5586 -5
    endloop
  endfacet
  facet normal 0 0 -1
    outer loop
      vertex 79.5 83.8191 -5
      vertex 80.1 84.8583 -5
      vertex 81.1849 82.6393 -5
    endloop
  endfacet
  facet normal 0 0 -1
    outer loop
      vertex 79.5 83.8191 -5
      vertex 78.0463 85.816 -5
      vertex 80.1 84.8583 -5
    endloop
  endfacet
  facet normal 0 0 -1
    outer loop
      vertex 77.6358 84.6884 -5
      vertex 78.0463 85.816 -5
      vertex 79.5 83.8191 -5
    endloop
  endfacet
  facet normal 0 0 -1
    outer loop
      vertex 77.6358 84.6884 -5
      vertex 75.8574 86.4025 -5
      vertex 78.0463 85.816 -5
    endloop
  endfacet
  facet normal 0 0 -1
    outer loop
      vertex 75.649 85.2207 -5
      vertex 75.8574 86.4025 -5
      vertex 77.6358 84.6884 -5
    endloop
  endfacet
  facet normal 0 0 -1
    outer loop
      vertex 73.6 85.4 -5
      vertex 75.8574 86.4025 -5
      vertex 75.649 85.2207 -5
    endloop
  endfacet
  facet normal 0 0 -1
    outer loop
      vertex 73.6 85.4 -5
      vertex 73.6 86.6 -5
      vertex 75.8574 86.4025 -5
    endloop
  endfacet
  facet normal 0 0 -1
    outer loop
      vertex 16.4 85.4 -5
      vertex 73.6 86.6 -5
      vertex 73.6 85.4 -5
    endloop
  endfacet
  facet normal 0 0 -1
    outer loop
      vertex 16.4 85.4 -5
      vertex 16.4 86.6 -5
      vertex 73.6 86.6 -5
    endloop
  endfacet
  facet normal 0 0 -1
    outer loop
      vertex 14.351 85.2207 -5
      vertex 16.4 86.6 -5
      vertex 16.4 85.4 -5
    endloop
  endfacet
  facet normal 0 0 -1
    outer loop
      vertex 14.351 85.2207 -5
      vertex 14.1426 86.4025 -5
      vertex 16.4 86.6 -5
    endloop
  endfacet
  facet normal 0 0 -1
    outer loop
      vertex 12.3642 84.6884 -5
      vertex 14.1426 86.4025 -5
      vertex 14.351 85.2207 -5
    endloop
  endfacet
  facet normal 0 0 -1
    outer loop
      vertex 12.3642 84.6884 -5
      vertex 11.9537 85.816 -5
      vertex 14.1426 86.4025 -5
    endloop
  endfacet
  facet normal 0 0 -1
    outer loop
      vertex 10.5 83.8191 -5
      vertex 11.9537 85.816 -5
      vertex 12.3642 84.6884 -5
    endloop
  endfacet
  facet normal 0 0 -1
    outer loop
      vertex 10.5 83.8191 -5
      vertex 9.9 84.8583 -5
      vertex 11.9537 85.816 -5
    endloop
  endfacet
  facet normal 0 0 -1
    outer loop
      vertex 8.81511 82.6393 -5
      vertex 9.9 84.8583 -5
      vertex 10.5 83.8191 -5
    endloop
  endfacet
  facet normal 0 0 -1
    outer loop
      vertex 8.81511 82.6393 -5
      vertex 8.04376 83.5586 -5
      vertex 9.9 84.8583 -5
    endloop
  endfacet
  facet normal 0 0 -1
    outer loop
      vertex 7.36068 81.1849 -5
      vertex 8.04376 83.5586 -5
      vertex 8.81511 82.6393 -5
    endloop
  endfacet
  facet normal 0 0 -1
    outer loop
      vertex 7.36068 81.1849 -5
      vertex 6.44142 81.9562 -5
      vertex 8.04376 83.5586 -5
    endloop
  endfacet
  facet normal 0 0 -1
    outer loop
      vertex 6.1809 79.5 -5
      vertex 6.44142 81.9562 -5
      vertex 7.36068 81.1849 -5
    endloop
  endfacet
  facet normal 0 0 -1
    outer loop
      vertex 5.14167 80.1 -5
      vertex 6.1809 79.5 -5
      vertex 5.31163 77.6358 -5
    endloop
  endfacet
  facet normal 0 0 -1
    outer loop
      vertex 6.1809 79.5 -5
      vertex 5.14167 80.1 -5
      vertex 6.44142 81.9562 -5
    endloop
  endfacet
  facet normal 0 0 -1
    outer loop
      vertex 4.184 78.0463 -5
      vertex 5.31163 77.6358 -5
      vertex 4.77927 75.649 -5
    endloop
  endfacet
  facet normal 0 0 -1
    outer loop
      vertex 3.5975 75.8574 -5
      vertex 4.77927 75.649 -5
      vertex 4.6 73.6 -5
    endloop
  endfacet
  facet normal 0 0 -1
    outer loop
      vertex 5.31163 77.6358 -5
      vertex 4.184 78.0463 -5
      vertex 5.14167 80.1 -5
    endloop
  endfacet
  facet normal 0 0 -1
    outer loop
      vertex 4.6 16.4 -5
      vertex 3.4 16.4 -5
      vertex 4.6 73.6 -5
    endloop
  endfacet
  facet normal -0 0 -1
    outer loop
      vertex 4.6 16.4 -5
      vertex 3.5975 14.1426 -5
      vertex 3.4 16.4 -5
    endloop
  endfacet
  facet normal 0 0 -1
    outer loop
      vertex 3.4 73.6 -5
      vertex 4.6 73.6 -5
      vertex 3.4 16.4 -5
    endloop
  endfacet
  facet normal 0 -0 -1
    outer loop
      vertex 3.5975 75.8574 -5
      vertex 4.6 73.6 -5
      vertex 3.4 73.6 -5
    endloop
  endfacet
  facet normal 0 0 -1
    outer loop
      vertex 4.77927 75.649 -5
      vertex 3.5975 75.8574 -5
      vertex 4.184 78.0463 -5
    endloop
  endfacet
  facet normal -0.573577 0.819152 0
    outer loop
      vertex 81.1849 7.36068 -5
      vertex 79.5 6.1809 0
      vertex 81.1849 7.36068 0
    endloop
  endfacet
  facet normal -0.573577 0.819152 0
    outer loop
      vertex 79.5 6.1809 0
      vertex 81.1849 7.36068 -5
      vertex 79.5 6.1809 -5
    endloop
  endfacet
  facet normal 0.965926 0.258818 0
    outer loop
      vertex 5.31163 12.3642 0
      vertex 4.77927 14.351 -5
      vertex 4.77927 14.351 0
    endloop
  endfacet
  facet normal 0.965926 0.258818 0
    outer loop
      vertex 4.77927 14.351 -5
      vertex 5.31163 12.3642 0
      vertex 5.31163 12.3642 -5
    endloop
  endfacet
  facet normal 0.707107 0.707107 0
    outer loop
      vertex 8.81511 7.36068 0
      vertex 7.36068 8.81511 -5
      vertex 7.36068 8.81511 0
    endloop
  endfacet
  facet normal 0.707107 0.707107 0
    outer loop
      vertex 7.36068 8.81511 -5
      vertex 8.81511 7.36068 0
      vertex 8.81511 7.36068 -5
    endloop
  endfacet
  facet normal 1 -0 0
    outer loop
      vertex 4.6 16.4 0
      vertex 4.6 73.6 -5
      vertex 4.6 73.6 0
    endloop
  endfacet
  facet normal 1 0 0
    outer loop
      vertex 4.6 73.6 -5
      vertex 4.6 16.4 0
      vertex 4.6 16.4 -5
    endloop
  endfacet
  facet normal -0.258818 0.965926 0
    outer loop
      vertex 77.6358 5.31163 -5
      vertex 75.649 4.77927 0
      vertex 77.6358 5.31163 0
    endloop
  endfacet
  facet normal -0.258818 0.965926 0
    outer loop
      vertex 75.649 4.77927 0
      vertex 77.6358 5.31163 -5
      vertex 75.649 4.77927 -5
    endloop
  endfacet
  facet normal 0 -1 0
    outer loop
      vertex 16.4 85.4 -5
      vertex 73.6 85.4 0
      vertex 16.4 85.4 0
    endloop
  endfacet
  facet normal 0 -1 -0
    outer loop
      vertex 73.6 85.4 0
      vertex 16.4 85.4 -5
      vertex 73.6 85.4 -5
    endloop
  endfacet
  facet normal 0.819152 -0.573577 0
    outer loop
      vertex 6.1809 79.5 0
      vertex 7.36068 81.1849 -5
      vertex 7.36068 81.1849 0
    endloop
  endfacet
  facet normal 0.819152 -0.573577 0
    outer loop
      vertex 7.36068 81.1849 -5
      vertex 6.1809 79.5 0
      vertex 6.1809 79.5 -5
    endloop
  endfacet
  facet normal -0.906306 0.422622 0
    outer loop
      vertex 83.8191 10.5 -5
      vertex 84.6884 12.3642 0
      vertex 84.6884 12.3642 -5
    endloop
  endfacet
  facet normal -0.906306 0.422622 0
    outer loop
      vertex 84.6884 12.3642 0
      vertex 83.8191 10.5 -5
      vertex 83.8191 10.5 0
    endloop
  endfacet
  facet normal -1 0 0
    outer loop
      vertex 85.4 16.4 -5
      vertex 85.4 73.6 0
      vertex 85.4 73.6 -5
    endloop
  endfacet
  facet normal -1 -0 0
    outer loop
      vertex 85.4 73.6 0
      vertex 85.4 16.4 -5
      vertex 85.4 16.4 0
    endloop
  endfacet
  facet normal -0.707114 0.707099 0
    outer loop
      vertex 81.1849 7.36068 -5
      vertex 82.6393 8.81511 0
      vertex 82.6393 8.81511 -5
    endloop
  endfacet
  facet normal -0.707114 0.707099 0
    outer loop
      vertex 82.6393 8.81511 0
      vertex 81.1849 7.36068 -5
      vertex 81.1849 7.36068 0
    endloop
  endfacet
  facet normal -0.996193 -0.087173 0
    outer loop
      vertex 85.4 73.6 -5
      vertex 85.2207 75.649 0
      vertex 85.2207 75.649 -5
    endloop
  endfacet
  facet normal -0.996193 -0.087173 0
    outer loop
      vertex 85.2207 75.649 0
      vertex 85.4 73.6 -5
      vertex 85.4 73.6 0
    endloop
  endfacet
  facet normal 0.573585 -0.819146 0
    outer loop
      vertex 8.81511 82.6393 -5
      vertex 10.5 83.8191 0
      vertex 8.81511 82.6393 0
    endloop
  endfacet
  facet normal 0.573585 -0.819146 0
    outer loop
      vertex 10.5 83.8191 0
      vertex 8.81511 82.6393 -5
      vertex 10.5 83.8191 -5
    endloop
  endfacet
  facet normal 0.707099 -0.707114 0
    outer loop
      vertex 7.36068 81.1849 -5
      vertex 8.81511 82.6393 0
      vertex 7.36068 81.1849 0
    endloop
  endfacet
  facet normal 0.707099 -0.707114 0
    outer loop
      vertex 8.81511 82.6393 0
      vertex 7.36068 81.1849 -5
      vertex 8.81511 82.6393 -5
    endloop
  endfacet
  facet normal -0.707107 -0.707107 0
    outer loop
      vertex 82.6393 81.1849 -5
      vertex 81.1849 82.6393 0
      vertex 81.1849 82.6393 -5
    endloop
  endfacet
  facet normal -0.707107 -0.707107 0
    outer loop
      vertex 81.1849 82.6393 0
      vertex 82.6393 81.1849 -5
      vertex 82.6393 81.1849 0
    endloop
  endfacet
  facet normal 0 1 -0
    outer loop
      vertex 73.6 4.6 -5
      vertex 16.4 4.6 0
      vertex 73.6 4.6 0
    endloop
  endfacet
  facet normal 0 1 0
    outer loop
      vertex 16.4 4.6 0
      vertex 73.6 4.6 -5
      vertex 16.4 4.6 -5
    endloop
  endfacet
  facet normal 0.258818 0.965926 -0
    outer loop
      vertex 14.351 4.77927 -5
      vertex 12.3642 5.31163 0
      vertex 14.351 4.77927 0
    endloop
  endfacet
  facet normal 0.258818 0.965926 0
    outer loop
      vertex 12.3642 5.31163 0
      vertex 14.351 4.77927 -5
      vertex 12.3642 5.31163 -5
    endloop
  endfacet
  facet normal 0.0871585 0.996194 -0
    outer loop
      vertex 16.4 4.6 -5
      vertex 14.351 4.77927 0
      vertex 16.4 4.6 0
    endloop
  endfacet
  facet normal 0.0871585 0.996194 0
    outer loop
      vertex 14.351 4.77927 0
      vertex 16.4 4.6 -5
      vertex 14.351 4.77927 -5
    endloop
  endfacet
  facet normal 0.422622 -0.906306 0
    outer loop
      vertex 10.5 83.8191 -5
      vertex 12.3642 84.6884 0
      vertex 10.5 83.8191 0
    endloop
  endfacet
  facet normal 0.422622 -0.906306 0
    outer loop
      vertex 12.3642 84.6884 0
      vertex 10.5 83.8191 -5
      vertex 12.3642 84.6884 -5
    endloop
  endfacet
  facet normal 0.906312 0.42261 0
    outer loop
      vertex 6.1809 10.5 0
      vertex 5.31163 12.3642 -5
      vertex 5.31163 12.3642 0
    endloop
  endfacet
  facet normal 0.906312 0.42261 0
    outer loop
      vertex 5.31163 12.3642 -5
      vertex 6.1809 10.5 0
      vertex 6.1809 10.5 -5
    endloop
  endfacet
  facet normal -0.087173 -0.996193 0
    outer loop
      vertex 73.6 85.4 -5
      vertex 75.649 85.2207 0
      vertex 73.6 85.4 0
    endloop
  endfacet
  facet normal -0.087173 -0.996193 -0
    outer loop
      vertex 75.649 85.2207 0
      vertex 73.6 85.4 -5
      vertex 75.649 85.2207 -5
    endloop
  endfacet
  facet normal 0.906312 -0.42261 0
    outer loop
      vertex 5.31163 77.6358 0
      vertex 6.1809 79.5 -5
      vertex 6.1809 79.5 0
    endloop
  endfacet
  facet normal 0.906312 -0.42261 0
    outer loop
      vertex 6.1809 79.5 -5
      vertex 5.31163 77.6358 0
      vertex 5.31163 77.6358 -5
    endloop
  endfacet
  facet normal 0.573579 0.81915 -0
    outer loop
      vertex 10.5 6.1809 -5
      vertex 8.81511 7.36068 0
      vertex 10.5 6.1809 0
    endloop
  endfacet
  facet normal 0.573579 0.81915 0
    outer loop
      vertex 8.81511 7.36068 0
      vertex 10.5 6.1809 -5
      vertex 8.81511 7.36068 -5
    endloop
  endfacet
  facet normal 0.996194 0.0871585 0
    outer loop
      vertex 4.77927 14.351 0
      vertex 4.6 16.4 -5
      vertex 4.6 16.4 0
    endloop
  endfacet
  facet normal 0.996194 0.0871585 0
    outer loop
      vertex 4.6 16.4 -5
      vertex 4.77927 14.351 0
      vertex 4.77927 14.351 -5
    endloop
  endfacet
  facet normal 0.42261 0.906312 -0
    outer loop
      vertex 12.3642 5.31163 -5
      vertex 10.5 6.1809 0
      vertex 12.3642 5.31163 0
    endloop
  endfacet
  facet normal 0.42261 0.906312 0
    outer loop
      vertex 10.5 6.1809 0
      vertex 12.3642 5.31163 -5
      vertex 10.5 6.1809 -5
    endloop
  endfacet
  facet normal -0.0871585 0.996194 0
    outer loop
      vertex 75.649 4.77927 -5
      vertex 73.6 4.6 0
      vertex 75.649 4.77927 0
    endloop
  endfacet
  facet normal -0.0871585 0.996194 0
    outer loop
      vertex 73.6 4.6 0
      vertex 75.649 4.77927 -5
      vertex 73.6 4.6 -5
    endloop
  endfacet
  facet normal -0.258791 -0.965933 0
    outer loop
      vertex 75.649 85.2207 -5
      vertex 77.6358 84.6884 0
      vertex 75.649 85.2207 0
    endloop
  endfacet
  facet normal -0.258791 -0.965933 -0
    outer loop
      vertex 77.6358 84.6884 0
      vertex 75.649 85.2207 -5
      vertex 77.6358 84.6884 -5
    endloop
  endfacet
  facet normal 0.087173 -0.996193 0
    outer loop
      vertex 14.351 85.2207 -5
      vertex 16.4 85.4 0
      vertex 14.351 85.2207 0
    endloop
  endfacet
  facet normal 0.087173 -0.996193 0
    outer loop
      vertex 16.4 85.4 0
      vertex 14.351 85.2207 -5
      vertex 16.4 85.4 -5
    endloop
  endfacet
  facet normal 0.965926 -0.258818 0
    outer loop
      vertex 4.77927 75.649 0
      vertex 5.31163 77.6358 -5
      vertex 5.31163 77.6358 0
    endloop
  endfacet
  facet normal 0.965926 -0.258818 0
    outer loop
      vertex 5.31163 77.6358 -5
      vertex 4.77927 75.649 0
      vertex 4.77927 75.649 -5
    endloop
  endfacet
  facet normal -0.573583 -0.819147 0
    outer loop
      vertex 79.5 83.8191 -5
      vertex 81.1849 82.6393 0
      vertex 79.5 83.8191 0
    endloop
  endfacet
  facet normal -0.573583 -0.819147 -0
    outer loop
      vertex 81.1849 82.6393 0
      vertex 79.5 83.8191 -5
      vertex 81.1849 82.6393 -5
    endloop
  endfacet
  facet normal -0.996193 0.087173 0
    outer loop
      vertex 85.2207 14.351 -5
      vertex 85.4 16.4 0
      vertex 85.4 16.4 -5
    endloop
  endfacet
  facet normal -0.996193 0.087173 0
    outer loop
      vertex 85.4 16.4 0
      vertex 85.2207 14.351 -5
      vertex 85.2207 14.351 0
    endloop
  endfacet
  facet normal -0.965933 -0.258791 0
    outer loop
      vertex 85.2207 75.649 -5
      vertex 84.6884 77.6358 0
      vertex 84.6884 77.6358 -5
    endloop
  endfacet
  facet normal -0.965933 -0.258791 0
    outer loop
      vertex 84.6884 77.6358 0
      vertex 85.2207 75.649 -5
      vertex 85.2207 75.649 0
    endloop
  endfacet
  facet normal -0.906306 -0.422622 0
    outer loop
      vertex 84.6884 77.6358 -5
      vertex 83.8191 79.5 0
      vertex 83.8191 79.5 -5
    endloop
  endfacet
  facet normal -0.906306 -0.422622 0
    outer loop
      vertex 83.8191 79.5 0
      vertex 84.6884 77.6358 -5
      vertex 84.6884 77.6358 0
    endloop
  endfacet
  facet normal 0.81915 0.573579 0
    outer loop
      vertex 7.36068 8.81511 0
      vertex 6.1809 10.5 -5
      vertex 6.1809 10.5 0
    endloop
  endfacet
  facet normal 0.81915 0.573579 0
    outer loop
      vertex 6.1809 10.5 -5
      vertex 7.36068 8.81511 0
      vertex 7.36068 8.81511 -5
    endloop
  endfacet
  facet normal -0.965933 0.258791 0
    outer loop
      vertex 84.6884 12.3642 -5
      vertex 85.2207 14.351 0
      vertex 85.2207 14.351 -5
    endloop
  endfacet
  facet normal -0.965933 0.258791 0
    outer loop
      vertex 85.2207 14.351 0
      vertex 84.6884 12.3642 -5
      vertex 84.6884 12.3642 0
    endloop
  endfacet
  facet normal -0.422622 -0.906306 0
    outer loop
      vertex 77.6358 84.6884 -5
      vertex 79.5 83.8191 0
      vertex 77.6358 84.6884 0
    endloop
  endfacet
  facet normal -0.422622 -0.906306 -0
    outer loop
      vertex 79.5 83.8191 0
      vertex 77.6358 84.6884 -5
      vertex 79.5 83.8191 -5
    endloop
  endfacet
  facet normal -0.819147 -0.573583 0
    outer loop
      vertex 83.8191 79.5 -5
      vertex 82.6393 81.1849 0
      vertex 82.6393 81.1849 -5
    endloop
  endfacet
  facet normal -0.819147 -0.573583 0
    outer loop
      vertex 82.6393 81.1849 0
      vertex 83.8191 79.5 -5
      vertex 83.8191 79.5 0
    endloop
  endfacet
  facet normal 0.258791 -0.965933 0
    outer loop
      vertex 12.3642 84.6884 -5
      vertex 14.351 85.2207 0
      vertex 12.3642 84.6884 0
    endloop
  endfacet
  facet normal 0.258791 -0.965933 0
    outer loop
      vertex 14.351 85.2207 0
      vertex 12.3642 84.6884 -5
      vertex 14.351 85.2207 -5
    endloop
  endfacet
  facet normal 0.996194 -0.0871585 0
    outer loop
      vertex 4.6 73.6 0
      vertex 4.77927 75.649 -5
      vertex 4.77927 75.649 0
    endloop
  endfacet
  facet normal 0.996194 -0.0871585 0
    outer loop
      vertex 4.77927 75.649 -5
      vertex 4.6 73.6 0
      vertex 4.6 73.6 -5
    endloop
  endfacet
  facet normal -0.42261 0.906312 0
    outer loop
      vertex 79.5 6.1809 -5
      vertex 77.6358 5.31163 0
      vertex 79.5 6.1809 0
    endloop
  endfacet
  facet normal -0.42261 0.906312 0
    outer loop
      vertex 77.6358 5.31163 0
      vertex 79.5 6.1809 -5
      vertex 77.6358 5.31163 -5
    endloop
  endfacet
  facet normal -0.819146 0.573585 0
    outer loop
      vertex 82.6393 8.81511 -5
      vertex 83.8191 10.5 0
      vertex 83.8191 10.5 -5
    endloop
  endfacet
  facet normal -0.819146 0.573585 0
    outer loop
      vertex 83.8191 10.5 0
      vertex 82.6393 8.81511 -5
      vertex 82.6393 8.81511 0
    endloop
  endfacet
  facet normal 0.0871634 0.996194 -0
    outer loop
      vertex 76.7784 89.7569 0
      vertex 74 90 10
      vertex 76.7784 89.7569 10
    endloop
  endfacet
  facet normal 0.0871634 0.996194 0
    outer loop
      vertex 74 90 10
      vertex 76.7784 89.7569 0
      vertex 74 90 0
    endloop
  endfacet
  facet normal -0.707105 0.707109 0
    outer loop
      vertex 3.74329 84.2846 0
      vertex 5.7154 86.2567 10
      vertex 5.7154 86.2567 0
    endloop
  endfacet
  facet normal -0.707105 0.707109 0
    outer loop
      vertex 5.7154 86.2567 10
      vertex 3.74329 84.2846 0
      vertex 3.74329 84.2846 10
    endloop
  endfacet
  facet normal 0.906306 -0.422622 0
    outer loop
      vertex 87.8564 8 10
      vertex 89.0351 10.5277 0
      vertex 89.0351 10.5277 10
    endloop
  endfacet
  facet normal 0.906306 -0.422622 0
    outer loop
      vertex 89.0351 10.5277 0
      vertex 87.8564 8 10
      vertex 87.8564 8 0
    endloop
  endfacet
  facet normal 0 -1 0
    outer loop
      vertex 16 0 0
      vertex 74 0 10
      vertex 16 0 10
    endloop
  endfacet
  facet normal 0 -1 -0
    outer loop
      vertex 74 0 10
      vertex 16 0 0
      vertex 74 0 0
    endloop
  endfacet
  facet normal 0.0871545 -0.996195 0
    outer loop
      vertex 74 0 0
      vertex 76.7784 0.243075 10
      vertex 74 0 10
    endloop
  endfacet
  facet normal 0.0871545 -0.996195 0
    outer loop
      vertex 76.7784 0.243075 10
      vertex 74 0 0
      vertex 76.7784 0.243075 0
    endloop
  endfacet
  facet normal -0.258824 -0.965925 0
    outer loop
      vertex 10.5277 0.964917 0
      vertex 13.2216 0.243075 10
      vertex 10.5277 0.964917 10
    endloop
  endfacet
  facet normal -0.258824 -0.965925 -0
    outer loop
      vertex 13.2216 0.243075 10
      vertex 10.5277 0.964917 0
      vertex 13.2216 0.243075 0
    endloop
  endfacet
  facet normal -0.0871634 0.996194 0
    outer loop
      vertex 16 90 0
      vertex 13.2216 89.7569 10
      vertex 16 90 10
    endloop
  endfacet
  facet normal -0.0871634 0.996194 0
    outer loop
      vertex 13.2216 89.7569 10
      vertex 16 90 0
      vertex 13.2216 89.7569 0
    endloop
  endfacet
  facet normal 1 -0 0
    outer loop
      vertex 90 16 10
      vertex 90 74 0
      vertex 90 74 10
    endloop
  endfacet
  facet normal 1 0 0
    outer loop
      vertex 90 74 0
      vertex 90 16 10
      vertex 90 16 0
    endloop
  endfacet
  facet normal 0.707109 -0.707105 0
    outer loop
      vertex 84.2846 3.74329 0
      vertex 86.2567 5.7154 10
      vertex 84.2846 3.74329 10
    endloop
  endfacet
  facet normal 0.707109 -0.707105 0
    outer loop
      vertex 86.2567 5.7154 10
      vertex 84.2846 3.74329 0
      vertex 86.2567 5.7154 0
    endloop
  endfacet
  facet normal 0 1 -0
    outer loop
      vertex 74 90 0
      vertex 16 90 10
      vertex 74 90 10
    endloop
  endfacet
  facet normal 0 1 0
    outer loop
      vertex 16 90 10
      vertex 74 90 0
      vertex 16 90 0
    endloop
  endfacet
  facet normal -0.996195 0.0871545 0
    outer loop
      vertex 0 74 0
      vertex 0.243075 76.7784 10
      vertex 0.243075 76.7784 0
    endloop
  endfacet
  facet normal -0.996195 0.0871545 0
    outer loop
      vertex 0.243075 76.7784 10
      vertex 0 74 0
      vertex 0 74 10
    endloop
  endfacet
  facet normal -0.25881 0.965928 0
    outer loop
      vertex 13.2216 89.7569 0
      vertex 10.5277 89.0351 10
      vertex 13.2216 89.7569 10
    endloop
  endfacet
  facet normal -0.25881 0.965928 0
    outer loop
      vertex 10.5277 89.0351 10
      vertex 13.2216 89.7569 0
      vertex 10.5277 89.0351 0
    endloop
  endfacet
  facet normal -1 0 0
    outer loop
      vertex 0 16 0
      vertex 0 74 10
      vertex 0 74 0
    endloop
  endfacet
  facet normal -1 -0 0
    outer loop
      vertex 0 74 10
      vertex 0 16 0
      vertex 0 16 10
    endloop
  endfacet
  facet normal -0.819151 -0.573578 0
    outer loop
      vertex 3.74329 5.7154 0
      vertex 2.14359 8 10
      vertex 2.14359 8 0
    endloop
  endfacet
  facet normal -0.819151 -0.573578 0
    outer loop
      vertex 2.14359 8 10
      vertex 3.74329 5.7154 0
      vertex 3.74329 5.7154 10
    endloop
  endfacet
  facet normal -0.0871545 -0.996195 0
    outer loop
      vertex 13.2216 0.243075 0
      vertex 16 0 10
      vertex 13.2216 0.243075 10
    endloop
  endfacet
  facet normal -0.0871545 -0.996195 -0
    outer loop
      vertex 16 0 10
      vertex 13.2216 0.243075 0
      vertex 16 0 0
    endloop
  endfacet
  facet normal 0.422614 -0.90631 0
    outer loop
      vertex 79.4723 0.964917 0
      vertex 82 2.14359 10
      vertex 79.4723 0.964917 10
    endloop
  endfacet
  facet normal 0.422614 -0.90631 0
    outer loop
      vertex 82 2.14359 10
      vertex 79.4723 0.964917 0
      vertex 82 2.14359 0
    endloop
  endfacet
  facet normal -0.422614 -0.90631 0
    outer loop
      vertex 8 2.14359 0
      vertex 10.5277 0.964917 10
      vertex 8 2.14359 10
    endloop
  endfacet
  facet normal -0.422614 -0.90631 -0
    outer loop
      vertex 10.5277 0.964917 10
      vertex 8 2.14359 0
      vertex 10.5277 0.964917 0
    endloop
  endfacet
  facet normal -0.422622 0.906306 0
    outer loop
      vertex 10.5277 89.0351 0
      vertex 8 87.8564 10
      vertex 10.5277 89.0351 10
    endloop
  endfacet
  facet normal -0.422622 0.906306 0
    outer loop
      vertex 8 87.8564 10
      vertex 10.5277 89.0351 0
      vertex 8 87.8564 0
    endloop
  endfacet
  facet normal -0.90631 -0.422614 0
    outer loop
      vertex 2.14359 8 0
      vertex 0.964917 10.5277 10
      vertex 0.964917 10.5277 0
    endloop
  endfacet
  facet normal -0.90631 -0.422614 0
    outer loop
      vertex 0.964917 10.5277 10
      vertex 2.14359 8 0
      vertex 2.14359 8 10
    endloop
  endfacet
  facet normal -0.965925 -0.258824 0
    outer loop
      vertex 0.964917 10.5277 0
      vertex 0.243075 13.2216 10
      vertex 0.243075 13.2216 0
    endloop
  endfacet
  facet normal -0.965925 -0.258824 0
    outer loop
      vertex 0.243075 13.2216 10
      vertex 0.964917 10.5277 0
      vertex 0.964917 10.5277 10
    endloop
  endfacet
  facet normal -0 0 1
    outer loop
      vertex 15.6854 75.4318 10
      vertex 28.9131 63.4985 10
      vertex 15.6943 75.4444 10
    endloop
  endfacet
  facet normal 0 0 1
    outer loop
      vertex 24 50 10
      vertex 16.1098 13.0154 10
      vertex 16.1111 13 10
    endloop
  endfacet
  facet normal -0 0 1
    outer loop
      vertex 15.3832 75.0002 10
      vertex 28.9131 63.4985 10
      vertex 15.6854 75.4318 10
    endloop
  endfacet
  facet normal 0 0 1
    outer loop
      vertex 24 50 10
      vertex 16.0638 13.5402 10
      vertex 16.1098 13.0154 10
    endloop
  endfacet
  facet normal -0 0 1
    outer loop
      vertex 14.9998 74.6168 10
      vertex 28.9131 63.4985 10
      vertex 15.3832 75.0002 10
    endloop
  endfacet
  facet normal 0 0 1
    outer loop
      vertex 24 50 10
      vertex 15.9275 14.0491 10
      vertex 16.0638 13.5402 10
    endloop
  endfacet
  facet normal 0 0 1
    outer loop
      vertex 28.9131 63.4985 10
      vertex 14.9998 74.6168 10
      vertex 26.8135 60.5 10
    endloop
  endfacet
  facet normal 0 0 1
    outer loop
      vertex 24 50 10
      vertex 15.9235 14.0641 10
      vertex 15.9275 14.0491 10
    endloop
  endfacet
  facet normal -0 0 1
    outer loop
      vertex 14.5682 74.3146 10
      vertex 26.8135 60.5 10
      vertex 14.9998 74.6168 10
    endloop
  endfacet
  facet normal 0 0 1
    outer loop
      vertex 24 50 10
      vertex 15.6943 14.5556 10
      vertex 15.9235 14.0641 10
    endloop
  endfacet
  facet normal -0 0 1
    outer loop
      vertex 14.5556 74.3057 10
      vertex 26.8135 60.5 10
      vertex 14.5682 74.3146 10
    endloop
  endfacet
  facet normal 0 0 1
    outer loop
      vertex 24 50 10
      vertex 15.6854 14.5682 10
      vertex 15.6943 14.5556 10
    endloop
  endfacet
  facet normal -0 0 1
    outer loop
      vertex 14.0641 74.0765 10
      vertex 26.8135 60.5 10
      vertex 14.5556 74.3057 10
    endloop
  endfacet
  facet normal 0 0 1
    outer loop
      vertex 24 50 10
      vertex 15.3832 14.9998 10
      vertex 15.6854 14.5682 10
    endloop
  endfacet
  facet normal -0 0 1
    outer loop
      vertex 14.0491 74.0725 10
      vertex 26.8135 60.5 10
      vertex 14.0641 74.0765 10
    endloop
  endfacet
  facet normal 0 0 1
    outer loop
      vertex 24 50 10
      vertex 14.9998 15.3832 10
      vertex 15.3832 14.9998 10
    endloop
  endfacet
  facet normal -0 0 1
    outer loop
      vertex 13.5402 73.9362 10
      vertex 26.8135 60.5 10
      vertex 14.0491 74.0725 10
    endloop
  endfacet
  facet normal 0 0 1
    outer loop
      vertex 24 50 10
      vertex 14.5682 15.6854 10
      vertex 14.9998 15.3832 10
    endloop
  endfacet
  facet normal 0 0 1
    outer loop
      vertex 26.8135 60.5 10
      vertex 13.5402 73.9362 10
      vertex 25.2665 57.1824 10
    endloop
  endfacet
  facet normal 0 0 1
    outer loop
      vertex 24 50 10
      vertex 14.5556 15.6943 10
      vertex 14.5682 15.6854 10
    endloop
  endfacet
  facet normal -0 0 1
    outer loop
      vertex 13.0154 73.8902 10
      vertex 25.2665 57.1824 10
      vertex 13.5402 73.9362 10
    endloop
  endfacet
  facet normal 0 0 1
    outer loop
      vertex 24 50 10
      vertex 14.0641 15.9235 10
      vertex 14.5556 15.6943 10
    endloop
  endfacet
  facet normal -0 0 1
    outer loop
      vertex 13 73.8889 10
      vertex 25.2665 57.1824 10
      vertex 13.0154 73.8902 10
    endloop
  endfacet
  facet normal 0 0 1
    outer loop
      vertex 24 50 10
      vertex 14.0491 15.9275 10
      vertex 14.0641 15.9235 10
    endloop
  endfacet
  facet normal 0 0 1
    outer loop
      vertex 12.9846 73.8902 10
      vertex 25.2665 57.1824 10
      vertex 13 73.8889 10
    endloop
  endfacet
  facet normal 0 0 1
    outer loop
      vertex 24 50 10
      vertex 13.5402 16.0638 10
      vertex 14.0491 15.9275 10
    endloop
  endfacet
  facet normal 0 0 1
    outer loop
      vertex 12.4598 73.9362 10
      vertex 25.2665 57.1824 10
      vertex 12.9846 73.8902 10
    endloop
  endfacet
  facet normal 0 0 1
    outer loop
      vertex 24 50 10
      vertex 13.0154 16.1098 10
      vertex 13.5402 16.0638 10
    endloop
  endfacet
  facet normal 0 0 1
    outer loop
      vertex 25.2665 57.1824 10
      vertex 12.4598 73.9362 10
      vertex 24.319 53.6466 10
    endloop
  endfacet
  facet normal 0 0 1
    outer loop
      vertex 24 50 10
      vertex 13 16.1111 10
      vertex 13.0154 16.1098 10
    endloop
  endfacet
  facet normal 0 0 1
    outer loop
      vertex 11.9509 74.0725 10
      vertex 24.319 53.6466 10
      vertex 12.4598 73.9362 10
    endloop
  endfacet
  facet normal 0 0 1
    outer loop
      vertex 24 50 10
      vertex 12.9846 16.1098 10
      vertex 13 16.1111 10
    endloop
  endfacet
  facet normal 0 0 1
    outer loop
      vertex 11.9359 74.0765 10
      vertex 24.319 53.6466 10
      vertex 11.9509 74.0725 10
    endloop
  endfacet
  facet normal 0 0 1
    outer loop
      vertex 24 50 10
      vertex 12.4598 16.0638 10
      vertex 12.9846 16.1098 10
    endloop
  endfacet
  facet normal -0 0 1
    outer loop
      vertex 0 74 10
      vertex 24.319 53.6466 10
      vertex 11.9359 74.0765 10
    endloop
  endfacet
  facet normal 0 0 1
    outer loop
      vertex 0 16 10
      vertex 24 50 10
      vertex 0 74 10
    endloop
  endfacet
  facet normal 0 0 1
    outer loop
      vertex 24.319 53.6466 10
      vertex 0 74 10
      vertex 24 50 10
    endloop
  endfacet
  facet normal 0 -0 1
    outer loop
      vertex 11.9509 15.9275 10
      vertex 24 50 10
      vertex 0 16 10
    endloop
  endfacet
  facet normal 0 0 1
    outer loop
      vertex 0 74 10
      vertex 11.9359 74.0765 10
      vertex 11.4444 74.3057 10
    endloop
  endfacet
  facet normal 0 0 1
    outer loop
      vertex 24 50 10
      vertex 11.9509 15.9275 10
      vertex 12.4598 16.0638 10
    endloop
  endfacet
  facet normal 0 0 1
    outer loop
      vertex 0 74 10
      vertex 11.4444 74.3057 10
      vertex 11.4318 74.3146 10
    endloop
  endfacet
  facet normal 0 0 1
    outer loop
      vertex 11.9509 15.9275 10
      vertex 0 16 10
      vertex 11.9359 15.9235 10
    endloop
  endfacet
  facet normal 0 0 1
    outer loop
      vertex 0 74 10
      vertex 11.4318 74.3146 10
      vertex 11.0002 74.6168 10
    endloop
  endfacet
  facet normal 0 0 1
    outer loop
      vertex 11.9359 15.9235 10
      vertex 0 16 10
      vertex 11.4444 15.6943 10
    endloop
  endfacet
  facet normal 0 0 1
    outer loop
      vertex 0 74 10
      vertex 11.0002 74.6168 10
      vertex 10.6168 75.0002 10
    endloop
  endfacet
  facet normal 0 0 1
    outer loop
      vertex 11.4444 15.6943 10
      vertex 0 16 10
      vertex 11.4318 15.6854 10
    endloop
  endfacet
  facet normal 0 0 1
    outer loop
      vertex 0 74 10
      vertex 10.6168 75.0002 10
      vertex 10.3146 75.4318 10
    endloop
  endfacet
  facet normal 0 0 1
    outer loop
      vertex 11.4318 15.6854 10
      vertex 0 16 10
      vertex 11.0002 15.3832 10
    endloop
  endfacet
  facet normal 0 0 1
    outer loop
      vertex 0 74 10
      vertex 10.3146 75.4318 10
      vertex 10.3057 75.4444 10
    endloop
  endfacet
  facet normal 0 0 1
    outer loop
      vertex 11.0002 15.3832 10
      vertex 0 16 10
      vertex 10.6168 14.9998 10
    endloop
  endfacet
  facet normal 0 0 1
    outer loop
      vertex 0 74 10
      vertex 10.3057 75.4444 10
      vertex 10.0765 75.9359 10
    endloop
  endfacet
  facet normal 0 0 1
    outer loop
      vertex 10.6168 14.9998 10
      vertex 0 16 10
      vertex 10.3146 14.5682 10
    endloop
  endfacet
  facet normal 0 0 1
    outer loop
      vertex 0 74 10
      vertex 10.0765 75.9359 10
      vertex 10.0725 75.9509 10
    endloop
  endfacet
  facet normal 0 0 1
    outer loop
      vertex 10.3146 14.5682 10
      vertex 0 16 10
      vertex 10.3057 14.5556 10
    endloop
  endfacet
  facet normal 0 0 1
    outer loop
      vertex 0 74 10
      vertex 10.0725 75.9509 10
      vertex 9.93615 76.4598 10
    endloop
  endfacet
  facet normal 0 0 1
    outer loop
      vertex 10.3057 14.5556 10
      vertex 0 16 10
      vertex 10.0765 14.0641 10
    endloop
  endfacet
  facet normal -0 0 1
    outer loop
      vertex 0.243075 76.7784 10
      vertex 9.93615 76.4598 10
      vertex 9.89024 76.9846 10
    endloop
  endfacet
  facet normal 0 0 1
    outer loop
      vertex 10.0765 14.0641 10
      vertex 0 16 10
      vertex 10.0725 14.0491 10
    endloop
  endfacet
  facet normal 0 0 1
    outer loop
      vertex 0.243075 76.7784 10
      vertex 9.89024 76.9846 10
      vertex 9.88889 77 10
    endloop
  endfacet
  facet normal 0 0 1
    outer loop
      vertex 10.0725 14.0491 10
      vertex 0 16 10
      vertex 9.93615 13.5402 10
    endloop
  endfacet
  facet normal 0 0 1
    outer loop
      vertex 34.5 31.8135 10
      vertex 35 22 10
      vertex 37.8176 30.2665 10
    endloop
  endfacet
  facet normal 0 0 1
    outer loop
      vertex 31.5015 33.9131 10
      vertex 35 22 10
      vertex 34.5 31.8135 10
    endloop
  endfacet
  facet normal 0 0 1
    outer loop
      vertex 21 22 10
      vertex 31.5015 33.9131 10
      vertex 28.9131 36.5015 10
    endloop
  endfacet
  facet normal 0 0 1
    outer loop
      vertex 21 22 10
      vertex 28.9131 36.5015 10
      vertex 26.8135 39.5 10
    endloop
  endfacet
  facet normal 0 0 1
    outer loop
      vertex 31.5015 33.9131 10
      vertex 21 22 10
      vertex 35 22 10
    endloop
  endfacet
  facet normal 0 0 1
    outer loop
      vertex 25.2665 42.8176 10
      vertex 21 22 10
      vertex 26.8135 39.5 10
    endloop
  endfacet
  facet normal 0 0 1
    outer loop
      vertex 24.319 46.3534 10
      vertex 21 22 10
      vertex 25.2665 42.8176 10
    endloop
  endfacet
  facet normal 0 0 1
    outer loop
      vertex 16.1111 13 10
      vertex 24.319 46.3534 10
      vertex 24 50 10
    endloop
  endfacet
  facet normal 0 0 1
    outer loop
      vertex 52.1824 69.7335 10
      vertex 49 75 10
      vertex 49 70.5863 10
    endloop
  endfacet
  facet normal -0 0 1
    outer loop
      vertex 79.9275 75.9509 10
      vertex 90 74 10
      vertex 80.0638 76.4598 10
    endloop
  endfacet
  facet normal 0 0 1
    outer loop
      vertex 90 16 10
      vertex 80.1098 13.0154 10
      vertex 80.1111 13 10
    endloop
  endfacet
  facet normal -0 0 1
    outer loop
      vertex 79.9235 75.9359 10
      vertex 90 74 10
      vertex 79.9275 75.9509 10
    endloop
  endfacet
  facet normal 0 0 1
    outer loop
      vertex 90 16 10
      vertex 80.0638 13.5402 10
      vertex 80.1098 13.0154 10
    endloop
  endfacet
  facet normal -0 0 1
    outer loop
      vertex 79.6943 75.4444 10
      vertex 90 74 10
      vertex 79.9235 75.9359 10
    endloop
  endfacet
  facet normal 0 0 1
    outer loop
      vertex 90 16 10
      vertex 79.9275 14.0491 10
      vertex 80.0638 13.5402 10
    endloop
  endfacet
  facet normal -0 0 1
    outer loop
      vertex 79.6854 75.4318 10
      vertex 90 74 10
      vertex 79.6943 75.4444 10
    endloop
  endfacet
  facet normal 0 0 1
    outer loop
      vertex 90 16 10
      vertex 79.9235 14.0641 10
      vertex 79.9275 14.0491 10
    endloop
  endfacet
  facet normal -0 0 1
    outer loop
      vertex 79.3832 75.0002 10
      vertex 90 74 10
      vertex 79.6854 75.4318 10
    endloop
  endfacet
  facet normal 0 0 1
    outer loop
      vertex 90 16 10
      vertex 79.6943 14.5556 10
      vertex 79.9235 14.0641 10
    endloop
  endfacet
  facet normal -0 0 1
    outer loop
      vertex 78.9998 74.6168 10
      vertex 90 74 10
      vertex 79.3832 75.0002 10
    endloop
  endfacet
  facet normal 0 0 1
    outer loop
      vertex 90 16 10
      vertex 79.6854 14.5682 10
      vertex 79.6943 14.5556 10
    endloop
  endfacet
  facet normal -0 0 1
    outer loop
      vertex 78.5682 74.3146 10
      vertex 90 74 10
      vertex 78.9998 74.6168 10
    endloop
  endfacet
  facet normal 0 0 1
    outer loop
      vertex 90 16 10
      vertex 79.3832 14.9998 10
      vertex 79.6854 14.5682 10
    endloop
  endfacet
  facet normal 0 0 1
    outer loop
      vertex 65.681 46.3534 10
      vertex 90 74 10
      vertex 66 50 10
    endloop
  endfacet
  facet normal 0 0 1
    outer loop
      vertex 90 16 10
      vertex 78.9998 15.3832 10
      vertex 79.3832 14.9998 10
    endloop
  endfacet
  facet normal -0 0 1
    outer loop
      vertex 78.5556 74.3057 10
      vertex 90 74 10
      vertex 78.5682 74.3146 10
    endloop
  endfacet
  facet normal 0 0 1
    outer loop
      vertex 90 74 10
      vertex 65.681 46.3534 10
      vertex 90 16 10
    endloop
  endfacet
  facet normal -0 0 1
    outer loop
      vertex 78.0641 74.0765 10
      vertex 90 74 10
      vertex 78.5556 74.3057 10
    endloop
  endfacet
  facet normal -0 0 1
    outer loop
      vertex 64.7335 42.8176 10
      vertex 90 16 10
      vertex 65.681 46.3534 10
    endloop
  endfacet
  facet normal 0 0 1
    outer loop
      vertex 90 74 10
      vertex 78.0641 74.0765 10
      vertex 65.681 53.6466 10
    endloop
  endfacet
  facet normal 0 0 1
    outer loop
      vertex 90 16 10
      vertex 78.5682 15.6854 10
      vertex 78.9998 15.3832 10
    endloop
  endfacet
  facet normal 0 0 1
    outer loop
      vertex 65.681 53.6466 10
      vertex 78.0641 74.0765 10
      vertex 78.0491 74.0725 10
    endloop
  endfacet
  facet normal 0 0 1
    outer loop
      vertex 90 16 10
      vertex 78.5556 15.6943 10
      vertex 78.5682 15.6854 10
    endloop
  endfacet
  facet normal 0 0 1
    outer loop
      vertex 65.681 53.6466 10
      vertex 78.0491 74.0725 10
      vertex 77.5402 73.9362 10
    endloop
  endfacet
  facet normal -0 -0 1
    outer loop
      vertex 69 22 10
      vertex 90 16 10
      vertex 64.7335 42.8176 10
    endloop
  endfacet
  facet normal 0 0 1
    outer loop
      vertex 64.7335 57.1824 10
      vertex 77.5402 73.9362 10
      vertex 77.0154 73.8902 10
    endloop
  endfacet
  facet normal 0 0 1
    outer loop
      vertex 90 16 10
      vertex 78.0641 15.9235 10
      vertex 78.5556 15.6943 10
    endloop
  endfacet
  facet normal 0 0 1
    outer loop
      vertex 64.7335 57.1824 10
      vertex 77.0154 73.8902 10
      vertex 77 73.8889 10
    endloop
  endfacet
  facet normal 0 0 1
    outer loop
      vertex 90 16 10
      vertex 69 22 10
      vertex 78.0641 15.9235 10
    endloop
  endfacet
  facet normal 0 0 1
    outer loop
      vertex 64.7335 57.1824 10
      vertex 77 73.8889 10
      vertex 76.9846 73.8902 10
    endloop
  endfacet
  facet normal 0 0 1
    outer loop
      vertex 78.0641 15.9235 10
      vertex 69 22 10
      vertex 78.0491 15.9275 10
    endloop
  endfacet
  facet normal 0 0 1
    outer loop
      vertex 64.7335 57.1824 10
      vertex 76.9846 73.8902 10
      vertex 76.4598 73.9362 10
    endloop
  endfacet
  facet normal 0 0 1
    outer loop
      vertex 78.0491 15.9275 10
      vertex 69 22 10
      vertex 77.5402 16.0638 10
    endloop
  endfacet
  facet normal 0 0 1
    outer loop
      vertex 63.1865 60.5 10
      vertex 76.4598 73.9362 10
      vertex 75.9509 74.0725 10
    endloop
  endfacet
  facet normal 0 0 1
    outer loop
      vertex 77.5402 16.0638 10
      vertex 69 22 10
      vertex 77.0154 16.1098 10
    endloop
  endfacet
  facet normal 0 0 1
    outer loop
      vertex 63.1865 60.5 10
      vertex 75.9509 74.0725 10
      vertex 75.9359 74.0765 10
    endloop
  endfacet
  facet normal 0 0 1
    outer loop
      vertex 77.0154 16.1098 10
      vertex 69 22 10
      vertex 77 16.1111 10
    endloop
  endfacet
  facet normal 0 0 1
    outer loop
      vertex 63.1865 60.5 10
      vertex 75.9359 74.0765 10
      vertex 75.4444 74.3057 10
    endloop
  endfacet
  facet normal 0 0 1
    outer loop
      vertex 77 16.1111 10
      vertex 69 22 10
      vertex 76.9846 16.1098 10
    endloop
  endfacet
  facet normal 0 0 1
    outer loop
      vertex 63.1865 60.5 10
      vertex 75.4444 74.3057 10
      vertex 75.4318 74.3146 10
    endloop
  endfacet
  facet normal 0 0 1
    outer loop
      vertex 76.9846 16.1098 10
      vertex 69 22 10
      vertex 76.4598 16.0638 10
    endloop
  endfacet
  facet normal 0 0 1
    outer loop
      vertex 63.1865 60.5 10
      vertex 75.4318 74.3146 10
      vertex 75.0002 74.6168 10
    endloop
  endfacet
  facet normal 0 0 1
    outer loop
      vertex 76.4598 16.0638 10
      vertex 69 22 10
      vertex 75.9509 15.9275 10
    endloop
  endfacet
  facet normal 0 0 1
    outer loop
      vertex 61.0869 63.4985 10
      vertex 75.0002 74.6168 10
      vertex 74.6168 75.0002 10
    endloop
  endfacet
  facet normal 0 0 1
    outer loop
      vertex 75.9509 15.9275 10
      vertex 69 22 10
      vertex 75.9359 15.9235 10
    endloop
  endfacet
  facet normal 0 0 1
    outer loop
      vertex 61.0869 63.4985 10
      vertex 74.6168 75.0002 10
      vertex 74.3146 75.4318 10
    endloop
  endfacet
  facet normal 0 0 1
    outer loop
      vertex 75.9359 15.9235 10
      vertex 69 22 10
      vertex 75.4444 15.6943 10
    endloop
  endfacet
  facet normal 0 0 1
    outer loop
      vertex 61.0869 63.4985 10
      vertex 74.3146 75.4318 10
      vertex 74.3057 75.4444 10
    endloop
  endfacet
  facet normal 0 0 1
    outer loop
      vertex 75.4318 15.6854 10
      vertex 69 22 10
      vertex 75.0002 15.3832 10
    endloop
  endfacet
  facet normal 0 0 1
    outer loop
      vertex 58.4985 66.0869 10
      vertex 74.3057 75.4444 10
      vertex 74.0765 75.9359 10
    endloop
  endfacet
  facet normal 0 0 1
    outer loop
      vertex 75.0002 15.3832 10
      vertex 69 22 10
      vertex 74.6168 14.9998 10
    endloop
  endfacet
  facet normal 0 0 1
    outer loop
      vertex 58.4985 66.0869 10
      vertex 74.0765 75.9359 10
      vertex 74.0725 75.9509 10
    endloop
  endfacet
  facet normal 0 0 1
    outer loop
      vertex 74.6168 14.9998 10
      vertex 69 22 10
      vertex 74.3146 14.5682 10
    endloop
  endfacet
  facet normal 0 0 1
    outer loop
      vertex 58.4985 66.0869 10
      vertex 74.0725 75.9509 10
      vertex 73.9362 76.4598 10
    endloop
  endfacet
  facet normal 0 0 1
    outer loop
      vertex 74.3146 14.5682 10
      vertex 69 22 10
      vertex 74.3057 14.5556 10
    endloop
  endfacet
  facet normal 0 0 1
    outer loop
      vertex 58.4985 66.0869 10
      vertex 73.9362 76.4598 10
      vertex 73.8902 76.9846 10
    endloop
  endfacet
  facet normal 0 0 1
    outer loop
      vertex 74.3057 14.5556 10
      vertex 69 22 10
      vertex 74.0765 14.0641 10
    endloop
  endfacet
  facet normal 0 0 1
    outer loop
      vertex 55.5 68.1865 10
      vertex 73.8902 76.9846 10
      vertex 73.8889 77 10
    endloop
  endfacet
  facet normal 0 0 1
    outer loop
      vertex 74.0765 14.0641 10
      vertex 69 22 10
      vertex 74.0725 14.0491 10
    endloop
  endfacet
  facet normal -0 0 1
    outer loop
      vertex 80.1098 76.9846 10
      vertex 89.7569 76.7784 10
      vertex 80.1111 77 10
    endloop
  endfacet
  facet normal 0 0 1
    outer loop
      vertex 80.0638 76.4598 10
      vertex 89.7569 76.7784 10
      vertex 80.1098 76.9846 10
    endloop
  endfacet
  facet normal -0 0 1
    outer loop
      vertex 80.1111 77 10
      vertex 89.7569 76.7784 10
      vertex 89.0351 79.4723 10
    endloop
  endfacet
  facet normal 0 0 1
    outer loop
      vertex 89.7569 76.7784 10
      vertex 80.0638 76.4598 10
      vertex 90 74 10
    endloop
  endfacet
  facet normal 0 0 1
    outer loop
      vertex 80.0638 77.5402 10
      vertex 89.0351 79.4723 10
      vertex 87.8564 82 10
    endloop
  endfacet
  facet normal 0 0 1
    outer loop
      vertex 90 16 10
      vertex 80.1111 13 10
      vertex 89.7569 13.2216 10
    endloop
  endfacet
  facet normal 0 0 1
    outer loop
      vertex 79.6943 78.5556 10
      vertex 87.8564 82 10
      vertex 86.2567 84.2846 10
    endloop
  endfacet
  facet normal 0 0 1
    outer loop
      vertex 89.7569 13.2216 10
      vertex 80.1111 13 10
      vertex 89.0351 10.5277 10
    endloop
  endfacet
  facet normal 0 0 1
    outer loop
      vertex 79.3832 78.9998 10
      vertex 86.2567 84.2846 10
      vertex 84.2846 86.2567 10
    endloop
  endfacet
  facet normal -0 0 1
    outer loop
      vertex 80.1098 12.9846 10
      vertex 89.0351 10.5277 10
      vertex 80.1111 13 10
    endloop
  endfacet
  facet normal 0 0 1
    outer loop
      vertex 78.5556 79.6943 10
      vertex 84.2846 86.2567 10
      vertex 82 87.8564 10
    endloop
  endfacet
  facet normal -0 0 1
    outer loop
      vertex 80.0638 12.4598 10
      vertex 89.0351 10.5277 10
      vertex 80.1098 12.9846 10
    endloop
  endfacet
  facet normal 0 0 1
    outer loop
      vertex 89.0351 10.5277 10
      vertex 80.0638 12.4598 10
      vertex 87.8564 8 10
    endloop
  endfacet
  facet normal 0 0 1
    outer loop
      vertex 89.0351 79.4723 10
      vertex 80.1098 77.0154 10
      vertex 80.1111 77 10
    endloop
  endfacet
  facet normal 0 0 1
    outer loop
      vertex 89.0351 79.4723 10
      vertex 80.0638 77.5402 10
      vertex 80.1098 77.0154 10
    endloop
  endfacet
  facet normal 0 0 1
    outer loop
      vertex 87.8564 82 10
      vertex 79.9275 78.0491 10
      vertex 80.0638 77.5402 10
    endloop
  endfacet
  facet normal 0 0 1
    outer loop
      vertex 87.8564 82 10
      vertex 79.9235 78.0641 10
      vertex 79.9275 78.0491 10
    endloop
  endfacet
  facet normal 0 0 1
    outer loop
      vertex 87.8564 82 10
      vertex 79.6943 78.5556 10
      vertex 79.9235 78.0641 10
    endloop
  endfacet
  facet normal 0 0 1
    outer loop
      vertex 86.2567 84.2846 10
      vertex 79.6854 78.5682 10
      vertex 79.6943 78.5556 10
    endloop
  endfacet
  facet normal 0 0 1
    outer loop
      vertex 77.5402 80.0638 10
      vertex 82 87.8564 10
      vertex 79.4723 89.0351 10
    endloop
  endfacet
  facet normal 0 0 1
    outer loop
      vertex 86.2567 84.2846 10
      vertex 79.3832 78.9998 10
      vertex 79.6854 78.5682 10
    endloop
  endfacet
  facet normal 0 0 1
    outer loop
      vertex 84.2846 86.2567 10
      vertex 78.9998 79.3832 10
      vertex 79.3832 78.9998 10
    endloop
  endfacet
  facet normal 0 0 1
    outer loop
      vertex 84.2846 86.2567 10
      vertex 78.5682 79.6854 10
      vertex 78.9998 79.3832 10
    endloop
  endfacet
  facet normal 0 0 1
    outer loop
      vertex 84.2846 86.2567 10
      vertex 78.5556 79.6943 10
      vertex 78.5682 79.6854 10
    endloop
  endfacet
  facet normal 0 0 1
    outer loop
      vertex 82 87.8564 10
      vertex 78.0641 79.9235 10
      vertex 78.5556 79.6943 10
    endloop
  endfacet
  facet normal 0 0 1
    outer loop
      vertex 82 87.8564 10
      vertex 78.0491 79.9275 10
      vertex 78.0641 79.9235 10
    endloop
  endfacet
  facet normal 0 0 1
    outer loop
      vertex 82 87.8564 10
      vertex 77.5402 80.0638 10
      vertex 78.0491 79.9275 10
    endloop
  endfacet
  facet normal 0 0 1
    outer loop
      vertex 79.4723 89.0351 10
      vertex 77.0154 80.1098 10
      vertex 77.5402 80.0638 10
    endloop
  endfacet
  facet normal 0 0 1
    outer loop
      vertex 79.4723 89.0351 10
      vertex 77 80.1111 10
      vertex 77.0154 80.1098 10
    endloop
  endfacet
  facet normal 0 0 1
    outer loop
      vertex 76.7784 89.7569 10
      vertex 77 80.1111 10
      vertex 79.4723 89.0351 10
    endloop
  endfacet
  facet normal 0 0 1
    outer loop
      vertex 77 80.1111 10
      vertex 76.7784 89.7569 10
      vertex 76.9846 80.1098 10
    endloop
  endfacet
  facet normal 0 0 1
    outer loop
      vertex 76.7784 89.7569 10
      vertex 76.4598 80.0638 10
      vertex 76.9846 80.1098 10
    endloop
  endfacet
  facet normal 0 0 1
    outer loop
      vertex 74 90 10
      vertex 76.4598 80.0638 10
      vertex 76.7784 89.7569 10
    endloop
  endfacet
  facet normal 0 0 1
    outer loop
      vertex 76.4598 80.0638 10
      vertex 74 90 10
      vertex 75.9509 79.9275 10
    endloop
  endfacet
  facet normal 0 0 1
    outer loop
      vertex 75.9509 79.9275 10
      vertex 74 90 10
      vertex 75.9359 79.9235 10
    endloop
  endfacet
  facet normal 0 0 1
    outer loop
      vertex 75.9359 79.9235 10
      vertex 74 90 10
      vertex 75.4444 79.6943 10
    endloop
  endfacet
  facet normal 0 0 1
    outer loop
      vertex 75.4444 79.6943 10
      vertex 74 90 10
      vertex 75.4318 79.6854 10
    endloop
  endfacet
  facet normal 0 0 1
    outer loop
      vertex 75.4318 79.6854 10
      vertex 74 90 10
      vertex 75.0002 79.3832 10
    endloop
  endfacet
  facet normal 0 0 1
    outer loop
      vertex 75.0002 79.3832 10
      vertex 74 90 10
      vertex 74.6168 78.9998 10
    endloop
  endfacet
  facet normal 0 0 1
    outer loop
      vertex 74.6168 78.9998 10
      vertex 74 90 10
      vertex 74.3146 78.5682 10
    endloop
  endfacet
  facet normal 0 0 1
    outer loop
      vertex 74.3146 78.5682 10
      vertex 74 90 10
      vertex 74.3057 78.5556 10
    endloop
  endfacet
  facet normal 0 0 1
    outer loop
      vertex 74.3057 78.5556 10
      vertex 74 90 10
      vertex 74.0765 78.0641 10
    endloop
  endfacet
  facet normal 0 0 1
    outer loop
      vertex 49 75 10
      vertex 74.0765 78.0641 10
      vertex 74 90 10
    endloop
  endfacet
  facet normal 0 0 1
    outer loop
      vertex 74.0765 78.0641 10
      vertex 49 75 10
      vertex 74.0725 78.0491 10
    endloop
  endfacet
  facet normal 0 0 1
    outer loop
      vertex 74.0725 78.0491 10
      vertex 49 75 10
      vertex 73.9362 77.5402 10
    endloop
  endfacet
  facet normal 0 -0 1
    outer loop
      vertex 55.5 68.1865 10
      vertex 73.9362 77.5402 10
      vertex 49 75 10
    endloop
  endfacet
  facet normal 0 0 1
    outer loop
      vertex 74.0725 14.0491 10
      vertex 69 22 10
      vertex 73.9362 13.5402 10
    endloop
  endfacet
  facet normal 0 0 1
    outer loop
      vertex 73.9362 77.5402 10
      vertex 55.5 68.1865 10
      vertex 73.8902 77.0154 10
    endloop
  endfacet
  facet normal 0 0 1
    outer loop
      vertex 69 8 10
      vertex 73.9362 13.5402 10
      vertex 69 22 10
    endloop
  endfacet
  facet normal 0 0 1
    outer loop
      vertex 90 74 10
      vertex 65.681 53.6466 10
      vertex 66 50 10
    endloop
  endfacet
  facet normal 0 0 1
    outer loop
      vertex 77.5402 73.9362 10
      vertex 64.7335 57.1824 10
      vertex 65.681 53.6466 10
    endloop
  endfacet
  facet normal 0 0 1
    outer loop
      vertex 76.4598 73.9362 10
      vertex 63.1865 60.5 10
      vertex 64.7335 57.1824 10
    endloop
  endfacet
  facet normal 0 0 1
    outer loop
      vertex 75.0002 74.6168 10
      vertex 61.0869 63.4985 10
      vertex 63.1865 60.5 10
    endloop
  endfacet
  facet normal 0 0 1
    outer loop
      vertex 74.3057 75.4444 10
      vertex 58.4985 66.0869 10
      vertex 61.0869 63.4985 10
    endloop
  endfacet
  facet normal 0 0 1
    outer loop
      vertex 73.8902 76.9846 10
      vertex 55.5 68.1865 10
      vertex 58.4985 66.0869 10
    endloop
  endfacet
  facet normal 0 0 1
    outer loop
      vertex 73.8902 77.0154 10
      vertex 55.5 68.1865 10
      vertex 73.8889 77 10
    endloop
  endfacet
  facet normal 0 0 1
    outer loop
      vertex 55.5 68.1865 10
      vertex 49 75 10
      vertex 52.1824 69.7335 10
    endloop
  endfacet
  facet normal 0 0 1
    outer loop
      vertex 74 90 10
      vertex 41 75 10
      vertex 49 75 10
    endloop
  endfacet
  facet normal 0 0 1
    outer loop
      vertex 41 75 10
      vertex 37.8176 69.7335 10
      vertex 41 70.5863 10
    endloop
  endfacet
  facet normal 0 0 1
    outer loop
      vertex 41 75 10
      vertex 34.5 68.1865 10
      vertex 37.8176 69.7335 10
    endloop
  endfacet
  facet normal 0 0 1
    outer loop
      vertex 16.0638 77.5402 10
      vertex 34.5 68.1865 10
      vertex 41 75 10
    endloop
  endfacet
  facet normal -0 0 1
    outer loop
      vertex 15.6943 75.4444 10
      vertex 31.5015 66.0869 10
      vertex 15.9235 75.9359 10
    endloop
  endfacet
  facet normal 0 0 1
    outer loop
      vertex 24.319 46.3534 10
      vertex 16.1111 13 10
      vertex 21 22 10
    endloop
  endfacet
  facet normal 0 0 1
    outer loop
      vertex 31.5015 66.0869 10
      vertex 15.6943 75.4444 10
      vertex 28.9131 63.4985 10
    endloop
  endfacet
  facet normal -0 0 1
    outer loop
      vertex 15.9235 75.9359 10
      vertex 31.5015 66.0869 10
      vertex 15.9275 75.9509 10
    endloop
  endfacet
  facet normal -0 0 1
    outer loop
      vertex 15.9275 75.9509 10
      vertex 31.5015 66.0869 10
      vertex 16.0638 76.4598 10
    endloop
  endfacet
  facet normal -0 0 1
    outer loop
      vertex 16.0638 76.4598 10
      vertex 31.5015 66.0869 10
      vertex 16.1098 76.9846 10
    endloop
  endfacet
  facet normal 0 0 1
    outer loop
      vertex 34.5 68.1865 10
      vertex 16.1098 76.9846 10
      vertex 31.5015 66.0869 10
    endloop
  endfacet
  facet normal -0 -0 1
    outer loop
      vertex 16.1098 77.0154 10
      vertex 34.5 68.1865 10
      vertex 16.0638 77.5402 10
    endloop
  endfacet
  facet normal -0 0 1
    outer loop
      vertex 16 90 10
      vertex 41 75 10
      vertex 74 90 10
    endloop
  endfacet
  facet normal -0 0 1
    outer loop
      vertex 16.1098 76.9846 10
      vertex 34.5 68.1865 10
      vertex 16.1111 77 10
    endloop
  endfacet
  facet normal -0 -0 1
    outer loop
      vertex 16.1111 77 10
      vertex 34.5 68.1865 10
      vertex 16.1098 77.0154 10
    endloop
  endfacet
  facet normal -0 0 1
    outer loop
      vertex 15.9235 78.0641 10
      vertex 41 75 10
      vertex 16 90 10
    endloop
  endfacet
  facet normal 0 0 1
    outer loop
      vertex 41 75 10
      vertex 15.9275 78.0491 10
      vertex 16.0638 77.5402 10
    endloop
  endfacet
  facet normal 0 0 1
    outer loop
      vertex 41 75 10
      vertex 15.9235 78.0641 10
      vertex 15.9275 78.0491 10
    endloop
  endfacet
  facet normal 0 0 1
    outer loop
      vertex 16 90 10
      vertex 15.6943 78.5556 10
      vertex 15.9235 78.0641 10
    endloop
  endfacet
  facet normal 0 0 1
    outer loop
      vertex 16 90 10
      vertex 15.6854 78.5682 10
      vertex 15.6943 78.5556 10
    endloop
  endfacet
  facet normal 0 0 1
    outer loop
      vertex 16 90 10
      vertex 15.3832 78.9998 10
      vertex 15.6854 78.5682 10
    endloop
  endfacet
  facet normal 0 0 1
    outer loop
      vertex 16 90 10
      vertex 14.9998 79.3832 10
      vertex 15.3832 78.9998 10
    endloop
  endfacet
  facet normal 0 0 1
    outer loop
      vertex 16 90 10
      vertex 14.5682 79.6854 10
      vertex 14.9998 79.3832 10
    endloop
  endfacet
  facet normal 0 0 1
    outer loop
      vertex 16 90 10
      vertex 14.5556 79.6943 10
      vertex 14.5682 79.6854 10
    endloop
  endfacet
  facet normal 0 0 1
    outer loop
      vertex 16 90 10
      vertex 14.0641 79.9235 10
      vertex 14.5556 79.6943 10
    endloop
  endfacet
  facet normal 0 0 1
    outer loop
      vertex 16 90 10
      vertex 14.0491 79.9275 10
      vertex 14.0641 79.9235 10
    endloop
  endfacet
  facet normal 0 0 1
    outer loop
      vertex 16 90 10
      vertex 13.5402 80.0638 10
      vertex 14.0491 79.9275 10
    endloop
  endfacet
  facet normal -0 0 1
    outer loop
      vertex 13.2216 89.7569 10
      vertex 13.5402 80.0638 10
      vertex 16 90 10
    endloop
  endfacet
  facet normal 0 0 1
    outer loop
      vertex 13.2216 89.7569 10
      vertex 13.0154 80.1098 10
      vertex 13.5402 80.0638 10
    endloop
  endfacet
  facet normal 0 0 1
    outer loop
      vertex 13.2216 89.7569 10
      vertex 13 80.1111 10
      vertex 13.0154 80.1098 10
    endloop
  endfacet
  facet normal -0 0 1
    outer loop
      vertex 10.5277 89.0351 10
      vertex 13 80.1111 10
      vertex 13.2216 89.7569 10
    endloop
  endfacet
  facet normal 0 0 1
    outer loop
      vertex 13 80.1111 10
      vertex 10.5277 89.0351 10
      vertex 12.9846 80.1098 10
    endloop
  endfacet
  facet normal 0 0 1
    outer loop
      vertex 12.9846 80.1098 10
      vertex 10.5277 89.0351 10
      vertex 12.4598 80.0638 10
    endloop
  endfacet
  facet normal -0 0 1
    outer loop
      vertex 8 87.8564 10
      vertex 12.4598 80.0638 10
      vertex 10.5277 89.0351 10
    endloop
  endfacet
  facet normal 0 0 1
    outer loop
      vertex 12.4598 80.0638 10
      vertex 8 87.8564 10
      vertex 11.9509 79.9275 10
    endloop
  endfacet
  facet normal 0 0 1
    outer loop
      vertex 11.9509 79.9275 10
      vertex 8 87.8564 10
      vertex 11.9359 79.9235 10
    endloop
  endfacet
  facet normal 0 0 1
    outer loop
      vertex 11.9359 79.9235 10
      vertex 8 87.8564 10
      vertex 11.4444 79.6943 10
    endloop
  endfacet
  facet normal -0 0 1
    outer loop
      vertex 5.7154 86.2567 10
      vertex 11.4444 79.6943 10
      vertex 8 87.8564 10
    endloop
  endfacet
  facet normal 0 0 1
    outer loop
      vertex 11.4444 79.6943 10
      vertex 5.7154 86.2567 10
      vertex 11.4318 79.6854 10
    endloop
  endfacet
  facet normal 0 0 1
    outer loop
      vertex 11.4318 79.6854 10
      vertex 5.7154 86.2567 10
      vertex 11.0002 79.3832 10
    endloop
  endfacet
  facet normal 0 0 1
    outer loop
      vertex 11.0002 79.3832 10
      vertex 5.7154 86.2567 10
      vertex 10.6168 78.9998 10
    endloop
  endfacet
  facet normal -0 0 1
    outer loop
      vertex 3.74329 84.2846 10
      vertex 10.6168 78.9998 10
      vertex 5.7154 86.2567 10
    endloop
  endfacet
  facet normal 0 0 1
    outer loop
      vertex 10.6168 78.9998 10
      vertex 3.74329 84.2846 10
      vertex 10.3146 78.5682 10
    endloop
  endfacet
  facet normal 0 0 1
    outer loop
      vertex 10.3146 78.5682 10
      vertex 3.74329 84.2846 10
      vertex 10.3057 78.5556 10
    endloop
  endfacet
  facet normal -0 0 1
    outer loop
      vertex 2.14359 82 10
      vertex 10.3057 78.5556 10
      vertex 3.74329 84.2846 10
    endloop
  endfacet
  facet normal 0 0 1
    outer loop
      vertex 10.3057 78.5556 10
      vertex 2.14359 82 10
      vertex 10.0765 78.0641 10
    endloop
  endfacet
  facet normal 0 0 1
    outer loop
      vertex 10.0725 78.0491 10
      vertex 2.14359 82 10
      vertex 9.93615 77.5402 10
    endloop
  endfacet
  facet normal 0 0 1
    outer loop
      vertex 10.0765 78.0641 10
      vertex 2.14359 82 10
      vertex 10.0725 78.0491 10
    endloop
  endfacet
  facet normal -0 0 1
    outer loop
      vertex 79.9275 11.9509 10
      vertex 87.8564 8 10
      vertex 80.0638 12.4598 10
    endloop
  endfacet
  facet normal -0 0 1
    outer loop
      vertex 79.9235 11.9359 10
      vertex 87.8564 8 10
      vertex 79.9275 11.9509 10
    endloop
  endfacet
  facet normal -0 0 1
    outer loop
      vertex 79.6943 11.4444 10
      vertex 87.8564 8 10
      vertex 79.9235 11.9359 10
    endloop
  endfacet
  facet normal 0 0 1
    outer loop
      vertex 87.8564 8 10
      vertex 79.6943 11.4444 10
      vertex 86.2567 5.7154 10
    endloop
  endfacet
  facet normal -0 0 1
    outer loop
      vertex 79.6854 11.4318 10
      vertex 86.2567 5.7154 10
      vertex 79.6943 11.4444 10
    endloop
  endfacet
  facet normal -0 0 1
    outer loop
      vertex 79.3832 11.0002 10
      vertex 86.2567 5.7154 10
      vertex 79.6854 11.4318 10
    endloop
  endfacet
  facet normal 0 0 1
    outer loop
      vertex 86.2567 5.7154 10
      vertex 79.3832 11.0002 10
      vertex 84.2846 3.74329 10
    endloop
  endfacet
  facet normal -0 0 1
    outer loop
      vertex 78.9998 10.6168 10
      vertex 84.2846 3.74329 10
      vertex 79.3832 11.0002 10
    endloop
  endfacet
  facet normal -0 0 1
    outer loop
      vertex 78.5682 10.3146 10
      vertex 84.2846 3.74329 10
      vertex 78.9998 10.6168 10
    endloop
  endfacet
  facet normal -0 0 1
    outer loop
      vertex 78.5556 10.3057 10
      vertex 84.2846 3.74329 10
      vertex 78.5682 10.3146 10
    endloop
  endfacet
  facet normal 0 0 1
    outer loop
      vertex 84.2846 3.74329 10
      vertex 78.5556 10.3057 10
      vertex 82 2.14359 10
    endloop
  endfacet
  facet normal -0 0 1
    outer loop
      vertex 78.0641 10.0765 10
      vertex 82 2.14359 10
      vertex 78.5556 10.3057 10
    endloop
  endfacet
  facet normal -0 0 1
    outer loop
      vertex 78.0491 10.0725 10
      vertex 82 2.14359 10
      vertex 78.0641 10.0765 10
    endloop
  endfacet
  facet normal -0 0 1
    outer loop
      vertex 77.5402 9.93615 10
      vertex 82 2.14359 10
      vertex 78.0491 10.0725 10
    endloop
  endfacet
  facet normal 0 0 1
    outer loop
      vertex 82 2.14359 10
      vertex 77.5402 9.93615 10
      vertex 79.4723 0.964917 10
    endloop
  endfacet
  facet normal -0 0 1
    outer loop
      vertex 77.0154 9.89024 10
      vertex 79.4723 0.964917 10
      vertex 77.5402 9.93615 10
    endloop
  endfacet
  facet normal -0 0 1
    outer loop
      vertex 77 9.88889 10
      vertex 79.4723 0.964917 10
      vertex 77.0154 9.89024 10
    endloop
  endfacet
  facet normal 0 0 1
    outer loop
      vertex 76.7784 0.243075 10
      vertex 77 9.88889 10
      vertex 76.9846 9.89024 10
    endloop
  endfacet
  facet normal 0 0 1
    outer loop
      vertex 77 9.88889 10
      vertex 76.7784 0.243075 10
      vertex 79.4723 0.964917 10
    endloop
  endfacet
  facet normal 0 0 1
    outer loop
      vertex 76.4598 9.93615 10
      vertex 76.7784 0.243075 10
      vertex 76.9846 9.89024 10
    endloop
  endfacet
  facet normal 0 0 1
    outer loop
      vertex 74 0 10
      vertex 76.4598 9.93615 10
      vertex 75.9509 10.0725 10
    endloop
  endfacet
  facet normal 0 0 1
    outer loop
      vertex 74 0 10
      vertex 75.9509 10.0725 10
      vertex 75.9359 10.0765 10
    endloop
  endfacet
  facet normal 0 0 1
    outer loop
      vertex 69 8 10
      vertex 75.9359 10.0765 10
      vertex 75.4444 10.3057 10
    endloop
  endfacet
  facet normal 0 0 1
    outer loop
      vertex 69 8 10
      vertex 75.4444 10.3057 10
      vertex 75.4318 10.3146 10
    endloop
  endfacet
  facet normal 0 0 1
    outer loop
      vertex 69 8 10
      vertex 75.4318 10.3146 10
      vertex 75.0002 10.6168 10
    endloop
  endfacet
  facet normal 0 0 1
    outer loop
      vertex 69 8 10
      vertex 75.0002 10.6168 10
      vertex 74.6168 11.0002 10
    endloop
  endfacet
  facet normal 0 0 1
    outer loop
      vertex 69 8 10
      vertex 74.6168 11.0002 10
      vertex 74.3146 11.4318 10
    endloop
  endfacet
  facet normal 0 0 1
    outer loop
      vertex 69 8 10
      vertex 74.3146 11.4318 10
      vertex 74.3057 11.4444 10
    endloop
  endfacet
  facet normal 0 0 1
    outer loop
      vertex 69 8 10
      vertex 74.3057 11.4444 10
      vertex 74.0765 11.9359 10
    endloop
  endfacet
  facet normal 0 0 1
    outer loop
      vertex 69 8 10
      vertex 74.0765 11.9359 10
      vertex 74.0725 11.9509 10
    endloop
  endfacet
  facet normal 0 0 1
    outer loop
      vertex 76.4598 9.93615 10
      vertex 74 0 10
      vertex 76.7784 0.243075 10
    endloop
  endfacet
  facet normal 0 0 1
    outer loop
      vertex 69 8 10
      vertex 74.0725 11.9509 10
      vertex 73.9362 12.4598 10
    endloop
  endfacet
  facet normal 0 0 1
    outer loop
      vertex 69 8 10
      vertex 73.9362 12.4598 10
      vertex 73.8902 12.9846 10
    endloop
  endfacet
  facet normal 0 0 1
    outer loop
      vertex 69 8 10
      vertex 73.8902 12.9846 10
      vertex 73.8889 13 10
    endloop
  endfacet
  facet normal 0 0 1
    outer loop
      vertex 73.8902 13.0154 10
      vertex 69 8 10
      vertex 73.8889 13 10
    endloop
  endfacet
  facet normal 0 0 1
    outer loop
      vertex 75.9359 10.0765 10
      vertex 69 8 10
      vertex 74 0 10
    endloop
  endfacet
  facet normal -0 0 1
    outer loop
      vertex 55 8 10
      vertex 74 0 10
      vertex 69 8 10
    endloop
  endfacet
  facet normal -0 0 1
    outer loop
      vertex 45 29 10
      vertex 55 22 10
      vertex 48.6466 29.319 10
    endloop
  endfacet
  facet normal 0 0 1
    outer loop
      vertex 35 22 10
      vertex 55 22 10
      vertex 45 29 10
    endloop
  endfacet
  facet normal 0 0 1
    outer loop
      vertex 35 22 10
      vertex 45 29 10
      vertex 41.3534 29.319 10
    endloop
  endfacet
  facet normal 0 0 1
    outer loop
      vertex 35 22 10
      vertex 41.3534 29.319 10
      vertex 37.8176 30.2665 10
    endloop
  endfacet
  facet normal 0 0 1
    outer loop
      vertex 55 22 10
      vertex 35 22 10
      vertex 55 8 10
    endloop
  endfacet
  facet normal 0 0 1
    outer loop
      vertex 35 8 10
      vertex 55 8 10
      vertex 35 22 10
    endloop
  endfacet
  facet normal -0 0 1
    outer loop
      vertex 35 8 10
      vertex 74 0 10
      vertex 55 8 10
    endloop
  endfacet
  facet normal 0 0 1
    outer loop
      vertex 16 0 10
      vertex 35 8 10
      vertex 21 8 10
    endloop
  endfacet
  facet normal 0 0 1
    outer loop
      vertex 21 22 10
      vertex 16.1111 13 10
      vertex 21 8 10
    endloop
  endfacet
  facet normal -0 0 1
    outer loop
      vertex 16.1098 12.9846 10
      vertex 21 8 10
      vertex 16.1111 13 10
    endloop
  endfacet
  facet normal -0 0 1
    outer loop
      vertex 16.0638 12.4598 10
      vertex 21 8 10
      vertex 16.1098 12.9846 10
    endloop
  endfacet
  facet normal 0 0 1
    outer loop
      vertex 35 8 10
      vertex 16 0 10
      vertex 74 0 10
    endloop
  endfacet
  facet normal -0 0 1
    outer loop
      vertex 15.9275 11.9509 10
      vertex 21 8 10
      vertex 16.0638 12.4598 10
    endloop
  endfacet
  facet normal -0 0 1
    outer loop
      vertex 15.9235 11.9359 10
      vertex 21 8 10
      vertex 15.9275 11.9509 10
    endloop
  endfacet
  facet normal -0 0 1
    outer loop
      vertex 15.6943 11.4444 10
      vertex 21 8 10
      vertex 15.9235 11.9359 10
    endloop
  endfacet
  facet normal -0 0 1
    outer loop
      vertex 15.6854 11.4318 10
      vertex 21 8 10
      vertex 15.6943 11.4444 10
    endloop
  endfacet
  facet normal -0 0 1
    outer loop
      vertex 15.3832 11.0002 10
      vertex 21 8 10
      vertex 15.6854 11.4318 10
    endloop
  endfacet
  facet normal -0 0 1
    outer loop
      vertex 14.9998 10.6168 10
      vertex 21 8 10
      vertex 15.3832 11.0002 10
    endloop
  endfacet
  facet normal -0 0 1
    outer loop
      vertex 14.5682 10.3146 10
      vertex 21 8 10
      vertex 14.9998 10.6168 10
    endloop
  endfacet
  facet normal -0 0 1
    outer loop
      vertex 14.5556 10.3057 10
      vertex 21 8 10
      vertex 14.5682 10.3146 10
    endloop
  endfacet
  facet normal -0 0 1
    outer loop
      vertex 14.0641 10.0765 10
      vertex 21 8 10
      vertex 14.5556 10.3057 10
    endloop
  endfacet
  facet normal 0 0 1
    outer loop
      vertex 21 8 10
      vertex 14.0641 10.0765 10
      vertex 16 0 10
    endloop
  endfacet
  facet normal -0 0 1
    outer loop
      vertex 14.0491 10.0725 10
      vertex 16 0 10
      vertex 14.0641 10.0765 10
    endloop
  endfacet
  facet normal -0 0 1
    outer loop
      vertex 13.5402 9.93615 10
      vertex 16 0 10
      vertex 14.0491 10.0725 10
    endloop
  endfacet
  facet normal 0 0 1
    outer loop
      vertex 13.5402 9.93615 10
      vertex 13.2216 0.243075 10
      vertex 16 0 10
    endloop
  endfacet
  facet normal -0 0 1
    outer loop
      vertex 13.0154 9.89024 10
      vertex 13.2216 0.243075 10
      vertex 13.5402 9.93615 10
    endloop
  endfacet
  facet normal -0 0 1
    outer loop
      vertex 13 9.88889 10
      vertex 13.2216 0.243075 10
      vertex 13.0154 9.89024 10
    endloop
  endfacet
  facet normal 0 0 1
    outer loop
      vertex 10.5277 0.964917 10
      vertex 13 9.88889 10
      vertex 12.9846 9.89024 10
    endloop
  endfacet
  facet normal 0 0 1
    outer loop
      vertex 10.5277 0.964917 10
      vertex 12.9846 9.89024 10
      vertex 12.4598 9.93615 10
    endloop
  endfacet
  facet normal 0 0 1
    outer loop
      vertex 8 2.14359 10
      vertex 12.4598 9.93615 10
      vertex 11.9509 10.0725 10
    endloop
  endfacet
  facet normal 0 0 1
    outer loop
      vertex 8 2.14359 10
      vertex 11.9509 10.0725 10
      vertex 11.9359 10.0765 10
    endloop
  endfacet
  facet normal 0 0 1
    outer loop
      vertex 8 2.14359 10
      vertex 11.9359 10.0765 10
      vertex 11.4444 10.3057 10
    endloop
  endfacet
  facet normal 0 0 1
    outer loop
      vertex 5.7154 3.74329 10
      vertex 11.4444 10.3057 10
      vertex 11.4318 10.3146 10
    endloop
  endfacet
  facet normal 0 0 1
    outer loop
      vertex 5.7154 3.74329 10
      vertex 11.4318 10.3146 10
      vertex 11.0002 10.6168 10
    endloop
  endfacet
  facet normal 0 0 1
    outer loop
      vertex 5.7154 3.74329 10
      vertex 11.0002 10.6168 10
      vertex 10.6168 11.0002 10
    endloop
  endfacet
  facet normal 0 0 1
    outer loop
      vertex 13 9.88889 10
      vertex 10.5277 0.964917 10
      vertex 13.2216 0.243075 10
    endloop
  endfacet
  facet normal 0 0 1
    outer loop
      vertex 3.74329 5.7154 10
      vertex 10.6168 11.0002 10
      vertex 10.3146 11.4318 10
    endloop
  endfacet
  facet normal 0 0 1
    outer loop
      vertex 3.74329 5.7154 10
      vertex 10.3146 11.4318 10
      vertex 10.3057 11.4444 10
    endloop
  endfacet
  facet normal 0 0 1
    outer loop
      vertex 2.14359 8 10
      vertex 10.3057 11.4444 10
      vertex 10.0765 11.9359 10
    endloop
  endfacet
  facet normal 0 0 1
    outer loop
      vertex 2.14359 8 10
      vertex 10.0765 11.9359 10
      vertex 10.0725 11.9509 10
    endloop
  endfacet
  facet normal 0 0 1
    outer loop
      vertex 2.14359 8 10
      vertex 10.0725 11.9509 10
      vertex 9.93615 12.4598 10
    endloop
  endfacet
  facet normal 0 0 1
    outer loop
      vertex 0.964917 10.5277 10
      vertex 9.93615 12.4598 10
      vertex 9.89024 12.9846 10
    endloop
  endfacet
  facet normal 0 0 1
    outer loop
      vertex 0.964917 10.5277 10
      vertex 9.89024 12.9846 10
      vertex 9.88889 13 10
    endloop
  endfacet
  facet normal 0 0 1
    outer loop
      vertex 12.4598 9.93615 10
      vertex 8 2.14359 10
      vertex 10.5277 0.964917 10
    endloop
  endfacet
  facet normal 0 -0 1
    outer loop
      vertex 0.243075 13.2216 10
      vertex 9.93615 13.5402 10
      vertex 0 16 10
    endloop
  endfacet
  facet normal -0 0 1
    outer loop
      vertex 0.964917 79.4723 10
      vertex 9.93615 77.5402 10
      vertex 2.14359 82 10
    endloop
  endfacet
  facet normal 0 0 1
    outer loop
      vertex 9.93615 13.5402 10
      vertex 0.243075 13.2216 10
      vertex 9.89024 13.0154 10
    endloop
  endfacet
  facet normal 0 0 1
    outer loop
      vertex 9.93615 77.5402 10
      vertex 0.964917 79.4723 10
      vertex 9.89024 77.0154 10
    endloop
  endfacet
  facet normal 0 0 1
    outer loop
      vertex 9.89024 13.0154 10
      vertex 0.243075 13.2216 10
      vertex 9.88889 13 10
    endloop
  endfacet
  facet normal 0 0 1
    outer loop
      vertex 9.89024 77.0154 10
      vertex 0.964917 79.4723 10
      vertex 9.88889 77 10
    endloop
  endfacet
  facet normal 0 0 1
    outer loop
      vertex 11.4444 10.3057 10
      vertex 5.7154 3.74329 10
      vertex 8 2.14359 10
    endloop
  endfacet
  facet normal 0 0 1
    outer loop
      vertex 0.243075 76.7784 10
      vertex 9.88889 77 10
      vertex 0.964917 79.4723 10
    endloop
  endfacet
  facet normal 0 0 1
    outer loop
      vertex 10.6168 11.0002 10
      vertex 3.74329 5.7154 10
      vertex 5.7154 3.74329 10
    endloop
  endfacet
  facet normal 0 0 1
    outer loop
      vertex 9.93615 76.4598 10
      vertex 0.243075 76.7784 10
      vertex 0 74 10
    endloop
  endfacet
  facet normal 0 0 1
    outer loop
      vertex 10.3057 11.4444 10
      vertex 2.14359 8 10
      vertex 3.74329 5.7154 10
    endloop
  endfacet
  facet normal 0 0 1
    outer loop
      vertex 9.93615 12.4598 10
      vertex 0.964917 10.5277 10
      vertex 2.14359 8 10
    endloop
  endfacet
  facet normal 0 0 1
    outer loop
      vertex 9.88889 13 10
      vertex 0.243075 13.2216 10
      vertex 0.964917 10.5277 10
    endloop
  endfacet
  facet normal 0 0 1
    outer loop
      vertex 73.9362 13.5402 10
      vertex 69 8 10
      vertex 73.8902 13.0154 10
    endloop
  endfacet
  facet normal 0 0 1
    outer loop
      vertex 75.4444 15.6943 10
      vertex 69 22 10
      vertex 75.4318 15.6854 10
    endloop
  endfacet
  facet normal -0 0 1
    outer loop
      vertex 63.1865 39.5 10
      vertex 69 22 10
      vertex 64.7335 42.8176 10
    endloop
  endfacet
  facet normal -0 0 1
    outer loop
      vertex 61.0869 36.5015 10
      vertex 69 22 10
      vertex 63.1865 39.5 10
    endloop
  endfacet
  facet normal -0 0 1
    outer loop
      vertex 58.4985 33.9131 10
      vertex 69 22 10
      vertex 61.0869 36.5015 10
    endloop
  endfacet
  facet normal 0 0 1
    outer loop
      vertex 55 22 10
      vertex 58.4985 33.9131 10
      vertex 55.5 31.8135 10
    endloop
  endfacet
  facet normal 0 0 1
    outer loop
      vertex 58.4985 33.9131 10
      vertex 55 22 10
      vertex 69 22 10
    endloop
  endfacet
  facet normal -0 0 1
    outer loop
      vertex 48.6466 29.319 10
      vertex 55 22 10
      vertex 52.1824 30.2665 10
    endloop
  endfacet
  facet normal -0 0 1
    outer loop
      vertex 52.1824 30.2665 10
      vertex 55 22 10
      vertex 55.5 31.8135 10
    endloop
  endfacet
  facet normal 0.906306 0.422622 0
    outer loop
      vertex 89.0351 79.4723 10
      vertex 87.8564 82 0
      vertex 87.8564 82 10
    endloop
  endfacet
  facet normal 0.906306 0.422622 0
    outer loop
      vertex 87.8564 82 0
      vertex 89.0351 79.4723 10
      vertex 89.0351 79.4723 0
    endloop
  endfacet
  facet normal 0.258824 -0.965925 0
    outer loop
      vertex 76.7784 0.243075 0
      vertex 79.4723 0.964917 10
      vertex 76.7784 0.243075 10
    endloop
  endfacet
  facet normal 0.258824 -0.965925 0
    outer loop
      vertex 79.4723 0.964917 10
      vertex 76.7784 0.243075 0
      vertex 79.4723 0.964917 0
    endloop
  endfacet
  facet normal 0.819151 0.573578 0
    outer loop
      vertex 87.8564 82 10
      vertex 86.2567 84.2846 0
      vertex 86.2567 84.2846 10
    endloop
  endfacet
  facet normal 0.819151 0.573578 0
    outer loop
      vertex 86.2567 84.2846 0
      vertex 87.8564 82 10
      vertex 87.8564 82 0
    endloop
  endfacet
  facet normal 0.707107 0.707107 0
    outer loop
      vertex 86.2567 84.2846 10
      vertex 84.2846 86.2567 0
      vertex 84.2846 86.2567 10
    endloop
  endfacet
  facet normal 0.707107 0.707107 0
    outer loop
      vertex 84.2846 86.2567 0
      vertex 86.2567 84.2846 10
      vertex 86.2567 84.2846 0
    endloop
  endfacet
  facet normal -0.573578 -0.819151 0
    outer loop
      vertex 5.7154 3.74329 0
      vertex 8 2.14359 10
      vertex 5.7154 3.74329 10
    endloop
  endfacet
  facet normal -0.573578 -0.819151 -0
    outer loop
      vertex 8 2.14359 10
      vertex 5.7154 3.74329 0
      vertex 8 2.14359 0
    endloop
  endfacet
  facet normal -0.996195 -0.0871545 0
    outer loop
      vertex 0.243075 13.2216 0
      vertex 0 16 10
      vertex 0 16 0
    endloop
  endfacet
  facet normal -0.996195 -0.0871545 0
    outer loop
      vertex 0 16 10
      vertex 0.243075 13.2216 0
      vertex 0.243075 13.2216 10
    endloop
  endfacet
  facet normal 0.573578 0.819151 -0
    outer loop
      vertex 84.2846 86.2567 0
      vertex 82 87.8564 10
      vertex 84.2846 86.2567 10
    endloop
  endfacet
  facet normal 0.573578 0.819151 0
    outer loop
      vertex 82 87.8564 10
      vertex 84.2846 86.2567 0
      vertex 82 87.8564 0
    endloop
  endfacet
  facet normal 0 0 -1
    outer loop
      vertex 86.4025 14.1426 0
      vertex 90 16 0
      vertex 89.7569 13.2216 0
    endloop
  endfacet
  facet normal 0 0 -1
    outer loop
      vertex 90 16 0
      vertex 86.6 16.4 0
      vertex 90 74 0
    endloop
  endfacet
  facet normal 0 0 -1
    outer loop
      vertex 85.816 11.9537 0
      vertex 89.7569 13.2216 0
      vertex 89.0351 10.5277 0
    endloop
  endfacet
  facet normal 0 0 -1
    outer loop
      vertex 86.6 73.6 0
      vertex 90 74 0
      vertex 86.6 16.4 0
    endloop
  endfacet
  facet normal 0 0 -1
    outer loop
      vertex 84.8583 9.9 0
      vertex 89.0351 10.5277 0
      vertex 87.8564 8 0
    endloop
  endfacet
  facet normal 0 0 -1
    outer loop
      vertex 86.4025 75.8574 0
      vertex 90 74 0
      vertex 86.6 73.6 0
    endloop
  endfacet
  facet normal 0 0 -1
    outer loop
      vertex 90 74 0
      vertex 86.4025 75.8574 0
      vertex 89.7569 76.7784 0
    endloop
  endfacet
  facet normal -0 0 -1
    outer loop
      vertex 90 16 0
      vertex 86.4025 14.1426 0
      vertex 86.6 16.4 0
    endloop
  endfacet
  facet normal 0 0 -1
    outer loop
      vertex 83.5586 8.04376 0
      vertex 87.8564 8 0
      vertex 86.2567 5.7154 0
    endloop
  endfacet
  facet normal -0 0 -1
    outer loop
      vertex 89.7569 13.2216 0
      vertex 85.816 11.9537 0
      vertex 86.4025 14.1426 0
    endloop
  endfacet
  facet normal -0 0 -1
    outer loop
      vertex 89.0351 10.5277 0
      vertex 84.8583 9.9 0
      vertex 85.816 11.9537 0
    endloop
  endfacet
  facet normal 0 0 -1
    outer loop
      vertex 83.5586 8.04376 0
      vertex 86.2567 5.7154 0
      vertex 84.2846 3.74329 0
    endloop
  endfacet
  facet normal 0 0 -1
    outer loop
      vertex 87.8564 8 0
      vertex 83.5586 8.04376 0
      vertex 84.8583 9.9 0
    endloop
  endfacet
  facet normal 0 0 -1
    outer loop
      vertex 81.9562 6.44142 0
      vertex 84.2846 3.74329 0
      vertex 82 2.14359 0
    endloop
  endfacet
  facet normal 0 0 -1
    outer loop
      vertex 84.2846 3.74329 0
      vertex 81.9562 6.44142 0
      vertex 83.5586 8.04376 0
    endloop
  endfacet
  facet normal 0 0 -1
    outer loop
      vertex 82 2.14359 0
      vertex 80.1 5.14167 0
      vertex 81.9562 6.44142 0
    endloop
  endfacet
  facet normal 0 0 -1
    outer loop
      vertex 79.4723 0.964917 0
      vertex 80.1 5.14167 0
      vertex 82 2.14359 0
    endloop
  endfacet
  facet normal 0 0 -1
    outer loop
      vertex 79.4723 0.964917 0
      vertex 78.0463 4.184 0
      vertex 80.1 5.14167 0
    endloop
  endfacet
  facet normal 0 0 -1
    outer loop
      vertex 76.7784 0.243075 0
      vertex 78.0463 4.184 0
      vertex 79.4723 0.964917 0
    endloop
  endfacet
  facet normal 0 0 -1
    outer loop
      vertex 76.7784 0.243075 0
      vertex 75.8574 3.5975 0
      vertex 78.0463 4.184 0
    endloop
  endfacet
  facet normal 0 0 -1
    outer loop
      vertex 74 0 0
      vertex 75.8574 3.5975 0
      vertex 76.7784 0.243075 0
    endloop
  endfacet
  facet normal 0 0 -1
    outer loop
      vertex 74 0 0
      vertex 73.6 3.4 0
      vertex 75.8574 3.5975 0
    endloop
  endfacet
  facet normal 0 0 -1
    outer loop
      vertex 74 0 0
      vertex 16.4 3.4 0
      vertex 73.6 3.4 0
    endloop
  endfacet
  facet normal 0 0 -1
    outer loop
      vertex 16 0 0
      vertex 16.4 3.4 0
      vertex 74 0 0
    endloop
  endfacet
  facet normal 0 0 -1
    outer loop
      vertex 16 0 0
      vertex 14.1426 3.5975 0
      vertex 16.4 3.4 0
    endloop
  endfacet
  facet normal 0 0 -1
    outer loop
      vertex 13.2216 0.243075 0
      vertex 14.1426 3.5975 0
      vertex 16 0 0
    endloop
  endfacet
  facet normal 0 0 -1
    outer loop
      vertex 13.2216 0.243075 0
      vertex 11.9537 4.184 0
      vertex 14.1426 3.5975 0
    endloop
  endfacet
  facet normal 0 0 -1
    outer loop
      vertex 10.5277 0.964917 0
      vertex 11.9537 4.184 0
      vertex 13.2216 0.243075 0
    endloop
  endfacet
  facet normal 0 0 -1
    outer loop
      vertex 10.5277 0.964917 0
      vertex 9.9 5.14167 0
      vertex 11.9537 4.184 0
    endloop
  endfacet
  facet normal 0 0 -1
    outer loop
      vertex 8 2.14359 0
      vertex 9.9 5.14167 0
      vertex 10.5277 0.964917 0
    endloop
  endfacet
  facet normal -0 0 -1
    outer loop
      vertex 9.9 5.14167 0
      vertex 8 2.14359 0
      vertex 8.04376 6.44142 0
    endloop
  endfacet
  facet normal 0 0 -1
    outer loop
      vertex 5.7154 3.74329 0
      vertex 8.04376 6.44142 0
      vertex 8 2.14359 0
    endloop
  endfacet
  facet normal -0 0 -1
    outer loop
      vertex 8.04376 6.44142 0
      vertex 5.7154 3.74329 0
      vertex 6.44142 8.04376 0
    endloop
  endfacet
  facet normal 0 0 -1
    outer loop
      vertex 3.74329 5.7154 0
      vertex 6.44142 8.04376 0
      vertex 5.7154 3.74329 0
    endloop
  endfacet
  facet normal 0 0 -1
    outer loop
      vertex 2.14359 8 0
      vertex 6.44142 8.04376 0
      vertex 3.74329 5.7154 0
    endloop
  endfacet
  facet normal -0 0 -1
    outer loop
      vertex 6.44142 8.04376 0
      vertex 2.14359 8 0
      vertex 5.14167 9.9 0
    endloop
  endfacet
  facet normal 0 0 -1
    outer loop
      vertex 0.964917 10.5277 0
      vertex 5.14167 9.9 0
      vertex 2.14359 8 0
    endloop
  endfacet
  facet normal 0 0 -1
    outer loop
      vertex 5.14167 9.9 0
      vertex 0.964917 10.5277 0
      vertex 4.184 11.9537 0
    endloop
  endfacet
  facet normal 0 0 -1
    outer loop
      vertex 4.184 11.9537 0
      vertex 0.243075 13.2216 0
      vertex 3.5975 14.1426 0
    endloop
  endfacet
  facet normal 0 0 -1
    outer loop
      vertex 0.243075 13.2216 0
      vertex 4.184 11.9537 0
      vertex 0.964917 10.5277 0
    endloop
  endfacet
  facet normal 0 0 -1
    outer loop
      vertex 85.816 78.0463 0
      vertex 89.7569 76.7784 0
      vertex 86.4025 75.8574 0
    endloop
  endfacet
  facet normal 0 0 -1
    outer loop
      vertex 89.7569 76.7784 0
      vertex 85.816 78.0463 0
      vertex 89.0351 79.4723 0
    endloop
  endfacet
  facet normal 0 0 -1
    outer loop
      vertex 84.8583 80.1 0
      vertex 89.0351 79.4723 0
      vertex 85.816 78.0463 0
    endloop
  endfacet
  facet normal 0 0 -1
    outer loop
      vertex 89.0351 79.4723 0
      vertex 84.8583 80.1 0
      vertex 87.8564 82 0
    endloop
  endfacet
  facet normal 0 0 -1
    outer loop
      vertex 83.5586 81.9562 0
      vertex 87.8564 82 0
      vertex 84.8583 80.1 0
    endloop
  endfacet
  facet normal -0 0 -1
    outer loop
      vertex 87.8564 82 0
      vertex 83.5586 81.9562 0
      vertex 86.2567 84.2846 0
    endloop
  endfacet
  facet normal -0 0 -1
    outer loop
      vertex 86.2567 84.2846 0
      vertex 83.5586 81.9562 0
      vertex 84.2846 86.2567 0
    endloop
  endfacet
  facet normal 0 0 -1
    outer loop
      vertex 81.9562 83.5586 0
      vertex 84.2846 86.2567 0
      vertex 83.5586 81.9562 0
    endloop
  endfacet
  facet normal -0 0 -1
    outer loop
      vertex 84.2846 86.2567 0
      vertex 81.9562 83.5586 0
      vertex 82 87.8564 0
    endloop
  endfacet
  facet normal 0 0 -1
    outer loop
      vertex 80.1 84.8583 0
      vertex 82 87.8564 0
      vertex 81.9562 83.5586 0
    endloop
  endfacet
  facet normal 0 0 -1
    outer loop
      vertex 80.1 84.8583 0
      vertex 79.4723 89.0351 0
      vertex 82 87.8564 0
    endloop
  endfacet
  facet normal 0 0 -1
    outer loop
      vertex 78.0463 85.816 0
      vertex 79.4723 89.0351 0
      vertex 80.1 84.8583 0
    endloop
  endfacet
  facet normal 0 0 -1
    outer loop
      vertex 78.0463 85.816 0
      vertex 76.7784 89.7569 0
      vertex 79.4723 89.0351 0
    endloop
  endfacet
  facet normal 0 0 -1
    outer loop
      vertex 75.8574 86.4025 0
      vertex 76.7784 89.7569 0
      vertex 78.0463 85.816 0
    endloop
  endfacet
  facet normal 0 0 -1
    outer loop
      vertex 75.8574 86.4025 0
      vertex 74 90 0
      vertex 76.7784 89.7569 0
    endloop
  endfacet
  facet normal 0 0 -1
    outer loop
      vertex 73.6 86.6 0
      vertex 74 90 0
      vertex 75.8574 86.4025 0
    endloop
  endfacet
  facet normal 0 0 -1
    outer loop
      vertex 16.4 86.6 0
      vertex 74 90 0
      vertex 73.6 86.6 0
    endloop
  endfacet
  facet normal 0 0 -1
    outer loop
      vertex 16.4 86.6 0
      vertex 16 90 0
      vertex 74 90 0
    endloop
  endfacet
  facet normal 0 0 -1
    outer loop
      vertex 14.1426 86.4025 0
      vertex 16 90 0
      vertex 16.4 86.6 0
    endloop
  endfacet
  facet normal 0 0 -1
    outer loop
      vertex 14.1426 86.4025 0
      vertex 13.2216 89.7569 0
      vertex 16 90 0
    endloop
  endfacet
  facet normal 0 0 -1
    outer loop
      vertex 11.9537 85.816 0
      vertex 13.2216 89.7569 0
      vertex 14.1426 86.4025 0
    endloop
  endfacet
  facet normal 0 0 -1
    outer loop
      vertex 11.9537 85.816 0
      vertex 10.5277 89.0351 0
      vertex 13.2216 89.7569 0
    endloop
  endfacet
  facet normal 0 0 -1
    outer loop
      vertex 9.9 84.8583 0
      vertex 10.5277 89.0351 0
      vertex 11.9537 85.816 0
    endloop
  endfacet
  facet normal 0 0 -1
    outer loop
      vertex 8 87.8564 0
      vertex 9.9 84.8583 0
      vertex 8.04376 83.5586 0
    endloop
  endfacet
  facet normal 0 0 -1
    outer loop
      vertex 9.9 84.8583 0
      vertex 8 87.8564 0
      vertex 10.5277 89.0351 0
    endloop
  endfacet
  facet normal 0 0 -1
    outer loop
      vertex 5.7154 86.2567 0
      vertex 8.04376 83.5586 0
      vertex 6.44142 81.9562 0
    endloop
  endfacet
  facet normal 0 0 -1
    outer loop
      vertex 8.04376 83.5586 0
      vertex 5.7154 86.2567 0
      vertex 8 87.8564 0
    endloop
  endfacet
  facet normal 0 0 -1
    outer loop
      vertex 2.14359 82 0
      vertex 6.44142 81.9562 0
      vertex 5.14167 80.1 0
    endloop
  endfacet
  facet normal 0 0 -1
    outer loop
      vertex 0.964917 79.4723 0
      vertex 5.14167 80.1 0
      vertex 4.184 78.0463 0
    endloop
  endfacet
  facet normal 0 0 -1
    outer loop
      vertex 6.44142 81.9562 0
      vertex 3.74329 84.2846 0
      vertex 5.7154 86.2567 0
    endloop
  endfacet
  facet normal 0 0 -1
    outer loop
      vertex 0.243075 76.7784 0
      vertex 4.184 78.0463 0
      vertex 3.5975 75.8574 0
    endloop
  endfacet
  facet normal 0 0 -1
    outer loop
      vertex 0 74 0
      vertex 3.5975 75.8574 0
      vertex 3.4 73.6 0
    endloop
  endfacet
  facet normal 0 0 -1
    outer loop
      vertex 6.44142 81.9562 0
      vertex 2.14359 82 0
      vertex 3.74329 84.2846 0
    endloop
  endfacet
  facet normal -0 0 -1
    outer loop
      vertex 3.4 16.4 0
      vertex 0 16 0
      vertex 3.4 73.6 0
    endloop
  endfacet
  facet normal 0 0 -1
    outer loop
      vertex 0 16 0
      vertex 3.5975 14.1426 0
      vertex 0.243075 13.2216 0
    endloop
  endfacet
  facet normal 0 0 -1
    outer loop
      vertex 0 74 0
      vertex 3.4 73.6 0
      vertex 0 16 0
    endloop
  endfacet
  facet normal 0 0 -1
    outer loop
      vertex 3.5975 14.1426 0
      vertex 0 16 0
      vertex 3.4 16.4 0
    endloop
  endfacet
  facet normal -0 0 -1
    outer loop
      vertex 3.5975 75.8574 0
      vertex 0 74 0
      vertex 0.243075 76.7784 0
    endloop
  endfacet
  facet normal -0 0 -1
    outer loop
      vertex 5.14167 80.1 0
      vertex 0.964917 79.4723 0
      vertex 2.14359 82 0
    endloop
  endfacet
  facet normal -0 0 -1
    outer loop
      vertex 4.184 78.0463 0
      vertex 0.243075 76.7784 0
      vertex 0.964917 79.4723 0
    endloop
  endfacet
  facet normal 0 0 -1
    outer loop
      vertex 4.6 16.4 0
      vertex 15.5897 30.3193 0
      vertex 12.7222 14.5757 0
    endloop
  endfacet
  facet normal 0 0 -1
    outer loop
      vertex 14.806 32 0
      vertex 14.5757 76.7222 0
      vertex 14.6 77 0
    endloop
  endfacet
  facet normal -0 0 -1
    outer loop
      vertex 15.5897 30.3193 0
      vertex 4.6 16.4 0
      vertex 15.3193 30.5897 0
    endloop
  endfacet
  facet normal 0 0 -1
    outer loop
      vertex 14.806 32 0
      vertex 14.5035 76.4528 0
      vertex 14.5757 76.7222 0
    endloop
  endfacet
  facet normal -0 0 -1
    outer loop
      vertex 15.3193 30.5897 0
      vertex 4.6 16.4 0
      vertex 15.1015 30.9007 0
    endloop
  endfacet
  facet normal 0 0 -1
    outer loop
      vertex 14.806 32 0
      vertex 14.3856 76.2 0
      vertex 14.5035 76.4528 0
    endloop
  endfacet
  facet normal -0 0 -1
    outer loop
      vertex 15.1015 30.9007 0
      vertex 4.6 16.4 0
      vertex 15.0999 30.903 0
    endloop
  endfacet
  facet normal 0 0 -1
    outer loop
      vertex 14.806 32 0
      vertex 14.2257 75.9715 0
      vertex 14.3856 76.2 0
    endloop
  endfacet
  facet normal -0 0 -1
    outer loop
      vertex 15.0999 30.903 0
      vertex 4.6 16.4 0
      vertex 14.9395 31.2471 0
    endloop
  endfacet
  facet normal 0 0 -1
    outer loop
      vertex 14.806 32 0
      vertex 14.0285 75.7743 0
      vertex 14.2257 75.9715 0
    endloop
  endfacet
  facet normal -0 0 -1
    outer loop
      vertex 14.9395 31.2471 0
      vertex 4.6 16.4 0
      vertex 14.9383 31.2496 0
    endloop
  endfacet
  facet normal 0 0 -1
    outer loop
      vertex 14.806 32 0
      vertex 13.8 75.6144 0
      vertex 14.0285 75.7743 0
    endloop
  endfacet
  facet normal -0 0 -1
    outer loop
      vertex 14.9383 31.2496 0
      vertex 4.6 16.4 0
      vertex 14.9376 31.2523 0
    endloop
  endfacet
  facet normal 0 0 -1
    outer loop
      vertex 14.806 32 0
      vertex 13.5472 75.4965 0
      vertex 13.8 75.6144 0
    endloop
  endfacet
  facet normal -0 0 -1
    outer loop
      vertex 14.9376 31.2523 0
      vertex 4.6 16.4 0
      vertex 14.8393 31.619 0
    endloop
  endfacet
  facet normal 0 0 -1
    outer loop
      vertex 14.806 32 0
      vertex 13.2778 75.4243 0
      vertex 13.5472 75.4965 0
    endloop
  endfacet
  facet normal -0 0 -1
    outer loop
      vertex 14.8393 31.619 0
      vertex 4.6 16.4 0
      vertex 14.8062 31.9972 0
    endloop
  endfacet
  facet normal 0 0 -1
    outer loop
      vertex 14.806 32 0
      vertex 13 75.4 0
      vertex 13.2778 75.4243 0
    endloop
  endfacet
  facet normal -0 0 -1
    outer loop
      vertex 14.8062 31.9972 0
      vertex 4.6 16.4 0
      vertex 14.806 32 0
    endloop
  endfacet
  facet normal 0 0 -1
    outer loop
      vertex 4.6 73.6 0
      vertex 14.806 32 0
      vertex 4.6 16.4 0
    endloop
  endfacet
  facet normal 0 0 -1
    outer loop
      vertex 4.6 16.4 0
      vertex 12.7222 14.5757 0
      vertex 12.4528 14.5035 0
    endloop
  endfacet
  facet normal 0 0 -1
    outer loop
      vertex 14.806 32 0
      vertex 4.6 73.6 0
      vertex 13 75.4 0
    endloop
  endfacet
  facet normal 0 0 -1
    outer loop
      vertex 4.6 16.4 0
      vertex 12.4528 14.5035 0
      vertex 12.2 14.3856 0
    endloop
  endfacet
  facet normal -0 0 -1
    outer loop
      vertex 13 75.4 0
      vertex 4.6 73.6 0
      vertex 12.7222 75.4243 0
    endloop
  endfacet
  facet normal 0 0 -1
    outer loop
      vertex 4.6 16.4 0
      vertex 12.2 14.3856 0
      vertex 11.9715 14.2257 0
    endloop
  endfacet
  facet normal -0 0 -1
    outer loop
      vertex 12.7222 75.4243 0
      vertex 4.6 73.6 0
      vertex 12.4528 75.4965 0
    endloop
  endfacet
  facet normal 0 0 -1
    outer loop
      vertex 4.6 16.4 0
      vertex 11.9715 14.2257 0
      vertex 11.7743 14.0285 0
    endloop
  endfacet
  facet normal -0 0 -1
    outer loop
      vertex 12.4528 75.4965 0
      vertex 4.6 73.6 0
      vertex 12.2 75.6144 0
    endloop
  endfacet
  facet normal 0 0 -1
    outer loop
      vertex 4.6 16.4 0
      vertex 11.7743 14.0285 0
      vertex 11.6144 13.8 0
    endloop
  endfacet
  facet normal -0 0 -1
    outer loop
      vertex 12.2 75.6144 0
      vertex 4.6 73.6 0
      vertex 11.9715 75.7743 0
    endloop
  endfacet
  facet normal 0 0 -1
    outer loop
      vertex 4.77927 14.351 0
      vertex 11.6144 13.8 0
      vertex 11.4965 13.5472 0
    endloop
  endfacet
  facet normal -0 0 -1
    outer loop
      vertex 11.9715 75.7743 0
      vertex 4.6 73.6 0
      vertex 11.7743 75.9715 0
    endloop
  endfacet
  facet normal 0 0 -1
    outer loop
      vertex 4.77927 14.351 0
      vertex 11.4965 13.5472 0
      vertex 11.4243 13.2778 0
    endloop
  endfacet
  facet normal -0 0 -1
    outer loop
      vertex 11.7743 75.9715 0
      vertex 4.6 73.6 0
      vertex 11.6144 76.2 0
    endloop
  endfacet
  facet normal 0 0 -1
    outer loop
      vertex 5.31163 12.3642 0
      vertex 11.4243 13.2778 0
      vertex 11.4 13 0
    endloop
  endfacet
  facet normal 0 -0 -1
    outer loop
      vertex 4.77927 75.649 0
      vertex 11.6144 76.2 0
      vertex 4.6 73.6 0
    endloop
  endfacet
  facet normal 0 0 -1
    outer loop
      vertex 19.0624 32.7477 0
      vertex 35.8 22.8 0
      vertex 19.1607 32.381 0
    endloop
  endfacet
  facet normal 0 0 -1
    outer loop
      vertex 41 70 0
      vertex 19.1938 67.9972 0
      vertex 19.194 68 0
    endloop
  endfacet
  facet normal 0 0 -1
    outer loop
      vertex 19.0617 32.7504 0
      vertex 35.8 22.8 0
      vertex 19.0624 32.7477 0
    endloop
  endfacet
  facet normal 0 0 -1
    outer loop
      vertex 41 70 0
      vertex 19.1607 67.619 0
      vertex 19.1938 67.9972 0
    endloop
  endfacet
  facet normal 0 0 -1
    outer loop
      vertex 19.0605 32.7529 0
      vertex 35.8 22.8 0
      vertex 19.0617 32.7504 0
    endloop
  endfacet
  facet normal 0 0 -1
    outer loop
      vertex 41 70 0
      vertex 19.0624 67.2523 0
      vertex 19.1607 67.619 0
    endloop
  endfacet
  facet normal 0 0 -1
    outer loop
      vertex 18.9001 33.097 0
      vertex 35.8 22.8 0
      vertex 19.0605 32.7529 0
    endloop
  endfacet
  facet normal 0 0 -1
    outer loop
      vertex 41 70 0
      vertex 19.0617 67.2496 0
      vertex 19.0624 67.2523 0
    endloop
  endfacet
  facet normal 0 0 -1
    outer loop
      vertex 35.8 22.8 0
      vertex 18.9001 33.097 0
      vertex 41 70 0
    endloop
  endfacet
  facet normal 0 0 -1
    outer loop
      vertex 41 70 0
      vertex 19.0605 67.2471 0
      vertex 19.0617 67.2496 0
    endloop
  endfacet
  facet normal 0 0 -1
    outer loop
      vertex 18.8985 33.0993 0
      vertex 41 70 0
      vertex 18.9001 33.097 0
    endloop
  endfacet
  facet normal 0 0 -1
    outer loop
      vertex 41 70 0
      vertex 18.9001 66.903 0
      vertex 19.0605 67.2471 0
    endloop
  endfacet
  facet normal 0 0 -1
    outer loop
      vertex 18.6807 33.4103 0
      vertex 41 70 0
      vertex 18.8985 33.0993 0
    endloop
  endfacet
  facet normal 0 0 -1
    outer loop
      vertex 41 70 0
      vertex 18.8985 66.9007 0
      vertex 18.9001 66.903 0
    endloop
  endfacet
  facet normal 0 0 -1
    outer loop
      vertex 18.4103 33.6807 0
      vertex 41 70 0
      vertex 18.6807 33.4103 0
    endloop
  endfacet
  facet normal 0 0 -1
    outer loop
      vertex 41 70 0
      vertex 18.6807 66.5897 0
      vertex 18.8985 66.9007 0
    endloop
  endfacet
  facet normal 0 0 -1
    outer loop
      vertex 18.4103 66.3193 0
      vertex 41 70 0
      vertex 18.4103 33.6807 0
    endloop
  endfacet
  facet normal 0 0 -1
    outer loop
      vertex 41 70 0
      vertex 18.4103 66.3193 0
      vertex 18.6807 66.5897 0
    endloop
  endfacet
  facet normal 0 0 -1
    outer loop
      vertex 18.0993 33.8985 0
      vertex 18.4103 66.3193 0
      vertex 18.4103 33.6807 0
    endloop
  endfacet
  facet normal 0 0 -1
    outer loop
      vertex 18.0993 33.8985 0
      vertex 18.0993 66.1015 0
      vertex 18.4103 66.3193 0
    endloop
  endfacet
  facet normal 0 0 -1
    outer loop
      vertex 18.097 33.9001 0
      vertex 18.0993 66.1015 0
      vertex 18.0993 33.8985 0
    endloop
  endfacet
  facet normal 0 0 -1
    outer loop
      vertex 18.097 33.9001 0
      vertex 18.097 66.0999 0
      vertex 18.0993 66.1015 0
    endloop
  endfacet
  facet normal 0 0 -1
    outer loop
      vertex 17.7529 34.0605 0
      vertex 18.097 66.0999 0
      vertex 18.097 33.9001 0
    endloop
  endfacet
  facet normal 0 0 -1
    outer loop
      vertex 17.7529 34.0605 0
      vertex 17.7529 65.9395 0
      vertex 18.097 66.0999 0
    endloop
  endfacet
  facet normal 0 0 -1
    outer loop
      vertex 17.7504 34.0617 0
      vertex 17.7529 65.9395 0
      vertex 17.7529 34.0605 0
    endloop
  endfacet
  facet normal 0 0 -1
    outer loop
      vertex 17.7504 34.0617 0
      vertex 17.7504 65.9383 0
      vertex 17.7529 65.9395 0
    endloop
  endfacet
  facet normal 0 0 -1
    outer loop
      vertex 17.7477 34.0624 0
      vertex 17.7504 65.9383 0
      vertex 17.7504 34.0617 0
    endloop
  endfacet
  facet normal 0 0 -1
    outer loop
      vertex 17.7477 34.0624 0
      vertex 17.7477 65.9376 0
      vertex 17.7504 65.9383 0
    endloop
  endfacet
  facet normal 0 0 -1
    outer loop
      vertex 17.381 34.1607 0
      vertex 17.7477 65.9376 0
      vertex 17.7477 34.0624 0
    endloop
  endfacet
  facet normal 0 0 -1
    outer loop
      vertex 17.381 34.1607 0
      vertex 17.381 65.8393 0
      vertex 17.7477 65.9376 0
    endloop
  endfacet
  facet normal 0 0 -1
    outer loop
      vertex 17.0028 34.1938 0
      vertex 17.381 65.8393 0
      vertex 17.381 34.1607 0
    endloop
  endfacet
  facet normal 0 0 -1
    outer loop
      vertex 17.0028 34.1938 0
      vertex 17.0028 65.8062 0
      vertex 17.381 65.8393 0
    endloop
  endfacet
  facet normal 0 0 -1
    outer loop
      vertex 17 34.194 0
      vertex 17.0028 65.8062 0
      vertex 17.0028 34.1938 0
    endloop
  endfacet
  facet normal 0 0 -1
    outer loop
      vertex 17 34.194 0
      vertex 17 65.806 0
      vertex 17.0028 65.8062 0
    endloop
  endfacet
  facet normal 0 0 -1
    outer loop
      vertex 16.9972 34.1938 0
      vertex 17 65.806 0
      vertex 17 34.194 0
    endloop
  endfacet
  facet normal 0 0 -1
    outer loop
      vertex 16.9972 34.1938 0
      vertex 16.9972 65.8062 0
      vertex 17 65.806 0
    endloop
  endfacet
  facet normal 0 0 -1
    outer loop
      vertex 16.619 34.1607 0
      vertex 16.9972 65.8062 0
      vertex 16.9972 34.1938 0
    endloop
  endfacet
  facet normal 0 0 -1
    outer loop
      vertex 16.619 34.1607 0
      vertex 16.619 65.8393 0
      vertex 16.9972 65.8062 0
    endloop
  endfacet
  facet normal 0 0 -1
    outer loop
      vertex 16.2523 34.0624 0
      vertex 16.619 65.8393 0
      vertex 16.619 34.1607 0
    endloop
  endfacet
  facet normal 0 0 -1
    outer loop
      vertex 16.2523 34.0624 0
      vertex 16.2523 65.9376 0
      vertex 16.619 65.8393 0
    endloop
  endfacet
  facet normal 0 0 -1
    outer loop
      vertex 16.2496 34.0617 0
      vertex 16.2523 65.9376 0
      vertex 16.2523 34.0624 0
    endloop
  endfacet
  facet normal 0 0 -1
    outer loop
      vertex 16.2496 34.0617 0
      vertex 16.2496 65.9383 0
      vertex 16.2523 65.9376 0
    endloop
  endfacet
  facet normal 0 0 -1
    outer loop
      vertex 16.2471 34.0605 0
      vertex 16.2496 65.9383 0
      vertex 16.2496 34.0617 0
    endloop
  endfacet
  facet normal 0 0 -1
    outer loop
      vertex 16.2471 34.0605 0
      vertex 16.2471 65.9395 0
      vertex 16.2496 65.9383 0
    endloop
  endfacet
  facet normal 0 0 -1
    outer loop
      vertex 15.903 33.9001 0
      vertex 16.2471 65.9395 0
      vertex 16.2471 34.0605 0
    endloop
  endfacet
  facet normal 0 0 -1
    outer loop
      vertex 15.903 33.9001 0
      vertex 15.903 66.0999 0
      vertex 16.2471 65.9395 0
    endloop
  endfacet
  facet normal 0 0 -1
    outer loop
      vertex 15.9007 33.8985 0
      vertex 15.903 66.0999 0
      vertex 15.903 33.9001 0
    endloop
  endfacet
  facet normal 0 0 -1
    outer loop
      vertex 15.9007 33.8985 0
      vertex 15.9007 66.1015 0
      vertex 15.903 66.0999 0
    endloop
  endfacet
  facet normal 0 0 -1
    outer loop
      vertex 15.5897 33.6807 0
      vertex 15.9007 66.1015 0
      vertex 15.9007 33.8985 0
    endloop
  endfacet
  facet normal 0 0 -1
    outer loop
      vertex 15.5897 33.6807 0
      vertex 15.5897 66.3193 0
      vertex 15.9007 66.1015 0
    endloop
  endfacet
  facet normal 0 0 -1
    outer loop
      vertex 15.3193 33.4103 0
      vertex 15.5897 66.3193 0
      vertex 15.5897 33.6807 0
    endloop
  endfacet
  facet normal 0 0 -1
    outer loop
      vertex 15.3193 33.4103 0
      vertex 15.3193 66.5897 0
      vertex 15.5897 66.3193 0
    endloop
  endfacet
  facet normal 0 0 -1
    outer loop
      vertex 15.1015 33.0993 0
      vertex 15.3193 66.5897 0
      vertex 15.3193 33.4103 0
    endloop
  endfacet
  facet normal 0 0 -1
    outer loop
      vertex 15.1015 33.0993 0
      vertex 15.1015 66.9007 0
      vertex 15.3193 66.5897 0
    endloop
  endfacet
  facet normal 0 0 -1
    outer loop
      vertex 15.0999 33.097 0
      vertex 15.1015 66.9007 0
      vertex 15.1015 33.0993 0
    endloop
  endfacet
  facet normal 0 0 -1
    outer loop
      vertex 15.0999 33.097 0
      vertex 15.0999 66.903 0
      vertex 15.1015 66.9007 0
    endloop
  endfacet
  facet normal 0 0 -1
    outer loop
      vertex 14.9395 32.7529 0
      vertex 15.0999 66.903 0
      vertex 15.0999 33.097 0
    endloop
  endfacet
  facet normal 0 0 -1
    outer loop
      vertex 14.9395 32.7529 0
      vertex 14.9395 67.2471 0
      vertex 15.0999 66.903 0
    endloop
  endfacet
  facet normal 0 0 -1
    outer loop
      vertex 14.9383 32.7504 0
      vertex 14.9395 67.2471 0
      vertex 14.9395 32.7529 0
    endloop
  endfacet
  facet normal 0 0 -1
    outer loop
      vertex 14.9383 32.7504 0
      vertex 14.9383 67.2496 0
      vertex 14.9395 67.2471 0
    endloop
  endfacet
  facet normal 0 0 -1
    outer loop
      vertex 14.9376 32.7477 0
      vertex 14.9383 67.2496 0
      vertex 14.9383 32.7504 0
    endloop
  endfacet
  facet normal 0 0 -1
    outer loop
      vertex 14.9376 32.7477 0
      vertex 14.9376 67.2523 0
      vertex 14.9383 67.2496 0
    endloop
  endfacet
  facet normal 0 0 -1
    outer loop
      vertex 14.8393 32.381 0
      vertex 14.9376 67.2523 0
      vertex 14.9376 32.7477 0
    endloop
  endfacet
  facet normal 0 0 -1
    outer loop
      vertex 14.8393 32.381 0
      vertex 14.8393 67.619 0
      vertex 14.9376 67.2523 0
    endloop
  endfacet
  facet normal 0 0 -1
    outer loop
      vertex 14.8062 32.0028 0
      vertex 14.8393 67.619 0
      vertex 14.8393 32.381 0
    endloop
  endfacet
  facet normal 0 0 -1
    outer loop
      vertex 14.8062 32.0028 0
      vertex 14.8062 67.9972 0
      vertex 14.8393 67.619 0
    endloop
  endfacet
  facet normal 0 0 -1
    outer loop
      vertex 14.806 32 0
      vertex 14.8062 67.9972 0
      vertex 14.8062 32.0028 0
    endloop
  endfacet
  facet normal -0 0 -1
    outer loop
      vertex 14.8062 67.9972 0
      vertex 14.806 32 0
      vertex 14.806 68 0
    endloop
  endfacet
  facet normal 0 0 -1
    outer loop
      vertex 75.0624 32.7477 0
      vertex 85.4 16.4 0
      vertex 75.1607 32.381 0
    endloop
  endfacet
  facet normal 0 0 -1
    outer loop
      vertex 85.4 73.6 0
      vertex 75.1938 67.9972 0
      vertex 75.194 68 0
    endloop
  endfacet
  facet normal 0 0 -1
    outer loop
      vertex 75.0617 32.7504 0
      vertex 85.4 16.4 0
      vertex 75.0624 32.7477 0
    endloop
  endfacet
  facet normal 0 0 -1
    outer loop
      vertex 85.4 73.6 0
      vertex 75.1607 67.619 0
      vertex 75.1938 67.9972 0
    endloop
  endfacet
  facet normal 0 0 -1
    outer loop
      vertex 85.4 16.4 0
      vertex 75.0617 32.7504 0
      vertex 85.4 73.6 0
    endloop
  endfacet
  facet normal 0 0 -1
    outer loop
      vertex 85.4 73.6 0
      vertex 75.0624 67.2523 0
      vertex 75.1607 67.619 0
    endloop
  endfacet
  facet normal 0 0 -1
    outer loop
      vertex 75.0605 32.7529 0
      vertex 85.4 73.6 0
      vertex 75.0617 32.7504 0
    endloop
  endfacet
  facet normal 0 0 -1
    outer loop
      vertex 85.4 73.6 0
      vertex 75.0617 67.2496 0
      vertex 75.0624 67.2523 0
    endloop
  endfacet
  facet normal 0 0 -1
    outer loop
      vertex 74.9001 33.097 0
      vertex 85.4 73.6 0
      vertex 75.0605 32.7529 0
    endloop
  endfacet
  facet normal 0 0 -1
    outer loop
      vertex 85.4 73.6 0
      vertex 75.0605 67.2471 0
      vertex 75.0617 67.2496 0
    endloop
  endfacet
  facet normal 0 0 -1
    outer loop
      vertex 74.8985 33.0993 0
      vertex 85.4 73.6 0
      vertex 74.9001 33.097 0
    endloop
  endfacet
  facet normal 0 0 -1
    outer loop
      vertex 85.4 73.6 0
      vertex 74.9001 66.903 0
      vertex 75.0605 67.2471 0
    endloop
  endfacet
  facet normal 0 0 -1
    outer loop
      vertex 74.6807 33.4103 0
      vertex 85.4 73.6 0
      vertex 74.8985 33.0993 0
    endloop
  endfacet
  facet normal 0 0 -1
    outer loop
      vertex 85.4 73.6 0
      vertex 74.8985 66.9007 0
      vertex 74.9001 66.903 0
    endloop
  endfacet
  facet normal 0 0 -1
    outer loop
      vertex 74.6807 66.5897 0
      vertex 85.4 73.6 0
      vertex 74.6807 33.4103 0
    endloop
  endfacet
  facet normal 0 0 -1
    outer loop
      vertex 85.4 73.6 0
      vertex 74.6807 66.5897 0
      vertex 74.8985 66.9007 0
    endloop
  endfacet
  facet normal 0 0 -1
    outer loop
      vertex 74.4103 33.6807 0
      vertex 74.6807 66.5897 0
      vertex 74.6807 33.4103 0
    endloop
  endfacet
  facet normal 0 0 -1
    outer loop
      vertex 74.4103 33.6807 0
      vertex 74.4103 66.3193 0
      vertex 74.6807 66.5897 0
    endloop
  endfacet
  facet normal 0 0 -1
    outer loop
      vertex 74.0993 33.8985 0
      vertex 74.4103 66.3193 0
      vertex 74.4103 33.6807 0
    endloop
  endfacet
  facet normal 0 0 -1
    outer loop
      vertex 74.0993 33.8985 0
      vertex 74.0993 66.1015 0
      vertex 74.4103 66.3193 0
    endloop
  endfacet
  facet normal 0 0 -1
    outer loop
      vertex 74.097 33.9001 0
      vertex 74.0993 66.1015 0
      vertex 74.0993 33.8985 0
    endloop
  endfacet
  facet normal 0 0 -1
    outer loop
      vertex 74.097 33.9001 0
      vertex 74.097 66.0999 0
      vertex 74.0993 66.1015 0
    endloop
  endfacet
  facet normal 0 0 -1
    outer loop
      vertex 73.7529 34.0605 0
      vertex 74.097 66.0999 0
      vertex 74.097 33.9001 0
    endloop
  endfacet
  facet normal 0 0 -1
    outer loop
      vertex 73.7529 34.0605 0
      vertex 73.7529 65.9395 0
      vertex 74.097 66.0999 0
    endloop
  endfacet
  facet normal 0 0 -1
    outer loop
      vertex 73.7504 34.0617 0
      vertex 73.7529 65.9395 0
      vertex 73.7529 34.0605 0
    endloop
  endfacet
  facet normal 0 0 -1
    outer loop
      vertex 73.7504 34.0617 0
      vertex 73.7504 65.9383 0
      vertex 73.7529 65.9395 0
    endloop
  endfacet
  facet normal 0 0 -1
    outer loop
      vertex 73.7477 34.0624 0
      vertex 73.7504 65.9383 0
      vertex 73.7504 34.0617 0
    endloop
  endfacet
  facet normal 0 0 -1
    outer loop
      vertex 73.7477 34.0624 0
      vertex 73.7477 65.9376 0
      vertex 73.7504 65.9383 0
    endloop
  endfacet
  facet normal 0 0 -1
    outer loop
      vertex 73.381 34.1607 0
      vertex 73.7477 65.9376 0
      vertex 73.7477 34.0624 0
    endloop
  endfacet
  facet normal 0 0 -1
    outer loop
      vertex 73.381 34.1607 0
      vertex 73.381 65.8393 0
      vertex 73.7477 65.9376 0
    endloop
  endfacet
  facet normal 0 0 -1
    outer loop
      vertex 73.0028 34.1938 0
      vertex 73.381 65.8393 0
      vertex 73.381 34.1607 0
    endloop
  endfacet
  facet normal 0 0 -1
    outer loop
      vertex 73.0028 34.1938 0
      vertex 73.0028 65.8062 0
      vertex 73.381 65.8393 0
    endloop
  endfacet
  facet normal 0 0 -1
    outer loop
      vertex 73 34.194 0
      vertex 73.0028 65.8062 0
      vertex 73.0028 34.1938 0
    endloop
  endfacet
  facet normal 0 0 -1
    outer loop
      vertex 73 34.194 0
      vertex 73 65.806 0
      vertex 73.0028 65.8062 0
    endloop
  endfacet
  facet normal 0 0 -1
    outer loop
      vertex 72.9972 34.1938 0
      vertex 73 65.806 0
      vertex 73 34.194 0
    endloop
  endfacet
  facet normal 0 0 -1
    outer loop
      vertex 72.9972 34.1938 0
      vertex 72.9972 65.8062 0
      vertex 73 65.806 0
    endloop
  endfacet
  facet normal 0 0 -1
    outer loop
      vertex 72.619 34.1607 0
      vertex 72.9972 65.8062 0
      vertex 72.9972 34.1938 0
    endloop
  endfacet
  facet normal 0 0 -1
    outer loop
      vertex 72.619 34.1607 0
      vertex 72.619 65.8393 0
      vertex 72.9972 65.8062 0
    endloop
  endfacet
  facet normal 0 0 -1
    outer loop
      vertex 72.2523 34.0624 0
      vertex 72.619 65.8393 0
      vertex 72.619 34.1607 0
    endloop
  endfacet
  facet normal 0 0 -1
    outer loop
      vertex 72.2523 34.0624 0
      vertex 72.2523 65.9376 0
      vertex 72.619 65.8393 0
    endloop
  endfacet
  facet normal 0 0 -1
    outer loop
      vertex 72.2496 34.0617 0
      vertex 72.2523 65.9376 0
      vertex 72.2523 34.0624 0
    endloop
  endfacet
  facet normal 0 0 -1
    outer loop
      vertex 72.2496 34.0617 0
      vertex 72.2496 65.9383 0
      vertex 72.2523 65.9376 0
    endloop
  endfacet
  facet normal 0 0 -1
    outer loop
      vertex 72.2471 34.0605 0
      vertex 72.2496 65.9383 0
      vertex 72.2496 34.0617 0
    endloop
  endfacet
  facet normal 0 0 -1
    outer loop
      vertex 72.2471 34.0605 0
      vertex 72.2471 65.9395 0
      vertex 72.2496 65.9383 0
    endloop
  endfacet
  facet normal 0 0 -1
    outer loop
      vertex 71.903 33.9001 0
      vertex 72.2471 65.9395 0
      vertex 72.2471 34.0605 0
    endloop
  endfacet
  facet normal 0 0 -1
    outer loop
      vertex 71.903 33.9001 0
      vertex 71.903 66.0999 0
      vertex 72.2471 65.9395 0
    endloop
  endfacet
  facet normal 0 0 -1
    outer loop
      vertex 71.9007 33.8985 0
      vertex 71.903 66.0999 0
      vertex 71.903 33.9001 0
    endloop
  endfacet
  facet normal 0 0 -1
    outer loop
      vertex 71.9007 33.8985 0
      vertex 71.9007 66.1015 0
      vertex 71.903 66.0999 0
    endloop
  endfacet
  facet normal 0 0 -1
    outer loop
      vertex 71.5897 33.6807 0
      vertex 71.9007 66.1015 0
      vertex 71.9007 33.8985 0
    endloop
  endfacet
  facet normal 0 0 -1
    outer loop
      vertex 71.5897 33.6807 0
      vertex 71.5897 66.3193 0
      vertex 71.9007 66.1015 0
    endloop
  endfacet
  facet normal 0 0 -1
    outer loop
      vertex 49 70 0
      vertex 71.5897 33.6807 0
      vertex 71.3193 33.4103 0
    endloop
  endfacet
  facet normal 0 0 -1
    outer loop
      vertex 71.5897 33.6807 0
      vertex 49 70 0
      vertex 71.5897 66.3193 0
    endloop
  endfacet
  facet normal 0 0 -1
    outer loop
      vertex 49 70 0
      vertex 71.3193 33.4103 0
      vertex 71.1015 33.0993 0
    endloop
  endfacet
  facet normal 0 0 -1
    outer loop
      vertex 71.5897 66.3193 0
      vertex 49 70 0
      vertex 71.3193 66.5897 0
    endloop
  endfacet
  facet normal 0 0 -1
    outer loop
      vertex 49 70 0
      vertex 71.1015 33.0993 0
      vertex 71.0999 33.097 0
    endloop
  endfacet
  facet normal 0 0 -1
    outer loop
      vertex 71.3193 66.5897 0
      vertex 49 70 0
      vertex 71.1015 66.9007 0
    endloop
  endfacet
  facet normal 0 0 -1
    outer loop
      vertex 54.2 22.8 0
      vertex 71.0999 33.097 0
      vertex 70.9395 32.7529 0
    endloop
  endfacet
  facet normal 0 0 -1
    outer loop
      vertex 71.1015 66.9007 0
      vertex 49 70 0
      vertex 71.0999 66.903 0
    endloop
  endfacet
  facet normal 0 0 -1
    outer loop
      vertex 54.2 22.8 0
      vertex 70.9395 32.7529 0
      vertex 70.9383 32.7504 0
    endloop
  endfacet
  facet normal 0 0 -1
    outer loop
      vertex 71.0999 66.903 0
      vertex 49 70 0
      vertex 70.9395 67.2471 0
    endloop
  endfacet
  facet normal 0 0 -1
    outer loop
      vertex 54.2 22.8 0
      vertex 70.9383 32.7504 0
      vertex 70.9376 32.7477 0
    endloop
  endfacet
  facet normal 0 0 -1
    outer loop
      vertex 70.9395 67.2471 0
      vertex 49 70 0
      vertex 70.9383 67.2496 0
    endloop
  endfacet
  facet normal 0 0 -1
    outer loop
      vertex 54.2 22.8 0
      vertex 70.9376 32.7477 0
      vertex 70.8393 32.381 0
    endloop
  endfacet
  facet normal 0 0 -1
    outer loop
      vertex 70.9383 67.2496 0
      vertex 49 70 0
      vertex 70.9376 67.2523 0
    endloop
  endfacet
  facet normal 0 0 -1
    outer loop
      vertex 54.2 22.8 0
      vertex 70.8393 32.381 0
      vertex 70.8062 32.0028 0
    endloop
  endfacet
  facet normal 0 0 -1
    outer loop
      vertex 70.9376 67.2523 0
      vertex 49 70 0
      vertex 70.8393 67.619 0
    endloop
  endfacet
  facet normal 0 0 -1
    outer loop
      vertex 54.2 22.8 0
      vertex 70.8062 32.0028 0
      vertex 70.806 32 0
    endloop
  endfacet
  facet normal 0 0 -1
    outer loop
      vertex 70.8393 67.619 0
      vertex 49 70 0
      vertex 70.8062 67.9972 0
    endloop
  endfacet
  facet normal -0 0 -1
    outer loop
      vertex 85.2207 14.351 0
      vertex 78.3856 13.8 0
      vertex 85.4 16.4 0
    endloop
  endfacet
  facet normal 0 0 -1
    outer loop
      vertex 85.4 73.6 0
      vertex 78.5757 76.7222 0
      vertex 78.6 77 0
    endloop
  endfacet
  facet normal 0 0 -1
    outer loop
      vertex 75.1938 32.0028 0
      vertex 85.4 16.4 0
      vertex 75.194 32 0
    endloop
  endfacet
  facet normal 0 0 -1
    outer loop
      vertex 85.4 73.6 0
      vertex 78.5035 76.4528 0
      vertex 78.5757 76.7222 0
    endloop
  endfacet
  facet normal 0 0 -1
    outer loop
      vertex 78.2257 14.0285 0
      vertex 85.4 16.4 0
      vertex 78.3856 13.8 0
    endloop
  endfacet
  facet normal 0 0 -1
    outer loop
      vertex 75.1607 32.381 0
      vertex 85.4 16.4 0
      vertex 75.1938 32.0028 0
    endloop
  endfacet
  facet normal 0 0 -1
    outer loop
      vertex 78.0285 14.2257 0
      vertex 85.4 16.4 0
      vertex 78.2257 14.0285 0
    endloop
  endfacet
  facet normal 0 0 -1
    outer loop
      vertex 85.4 73.6 0
      vertex 78.3856 76.2 0
      vertex 78.5035 76.4528 0
    endloop
  endfacet
  facet normal 0 0 -1
    outer loop
      vertex 77.8 14.3856 0
      vertex 85.4 16.4 0
      vertex 78.0285 14.2257 0
    endloop
  endfacet
  facet normal 0 0 -1
    outer loop
      vertex 75.1938 68.0028 0
      vertex 85.4 73.6 0
      vertex 75.194 68 0
    endloop
  endfacet
  facet normal 0 0 -1
    outer loop
      vertex 77.5472 14.5035 0
      vertex 85.4 16.4 0
      vertex 77.8 14.3856 0
    endloop
  endfacet
  facet normal 0 0 -1
    outer loop
      vertex 85.4 73.6 0
      vertex 78.2257 75.9715 0
      vertex 78.3856 76.2 0
    endloop
  endfacet
  facet normal 0 0 -1
    outer loop
      vertex 77.2778 14.5757 0
      vertex 85.4 16.4 0
      vertex 77.5472 14.5035 0
    endloop
  endfacet
  facet normal 0 0 -1
    outer loop
      vertex 85.4 73.6 0
      vertex 78.0285 75.7743 0
      vertex 78.2257 75.9715 0
    endloop
  endfacet
  facet normal -0 0 -1
    outer loop
      vertex 85.4 16.4 0
      vertex 77.2778 14.5757 0
      vertex 74.4103 30.3193 0
    endloop
  endfacet
  facet normal 0 0 -1
    outer loop
      vertex 75.1607 68.381 0
      vertex 85.4 73.6 0
      vertex 75.1938 68.0028 0
    endloop
  endfacet
  facet normal 0 0 -1
    outer loop
      vertex 69.8 22.8 0
      vertex 77.2778 14.5757 0
      vertex 77 14.6 0
    endloop
  endfacet
  facet normal 0 0 -1
    outer loop
      vertex 75.0624 68.7477 0
      vertex 85.4 73.6 0
      vertex 75.1607 68.381 0
    endloop
  endfacet
  facet normal 0 0 -1
    outer loop
      vertex 69.8 22.8 0
      vertex 77 14.6 0
      vertex 76.7222 14.5757 0
    endloop
  endfacet
  facet normal 0 0 -1
    outer loop
      vertex 85.4 73.6 0
      vertex 77.8 75.6144 0
      vertex 78.0285 75.7743 0
    endloop
  endfacet
  facet normal 0 0 -1
    outer loop
      vertex 69.8 22.8 0
      vertex 76.7222 14.5757 0
      vertex 76.4528 14.5035 0
    endloop
  endfacet
  facet normal 0 0 -1
    outer loop
      vertex 75.0617 68.7504 0
      vertex 85.4 73.6 0
      vertex 75.0624 68.7477 0
    endloop
  endfacet
  facet normal 0 0 -1
    outer loop
      vertex 69.8 22.8 0
      vertex 76.4528 14.5035 0
      vertex 76.2 14.3856 0
    endloop
  endfacet
  facet normal -0 0 -1
    outer loop
      vertex 85.4 73.6 0
      vertex 75.0617 68.7504 0
      vertex 77.8 75.6144 0
    endloop
  endfacet
  facet normal 0 0 -1
    outer loop
      vertex 69.8 22.8 0
      vertex 76.2 14.3856 0
      vertex 75.9715 14.2257 0
    endloop
  endfacet
  facet normal 0 0 -1
    outer loop
      vertex 77.8 75.6144 0
      vertex 75.0617 68.7504 0
      vertex 77.5472 75.4965 0
    endloop
  endfacet
  facet normal 0 0 -1
    outer loop
      vertex 69.8 22.8 0
      vertex 75.9715 14.2257 0
      vertex 75.7743 14.0285 0
    endloop
  endfacet
  facet normal 0 0 -1
    outer loop
      vertex 75.0605 68.7529 0
      vertex 77.5472 75.4965 0
      vertex 75.0617 68.7504 0
    endloop
  endfacet
  facet normal 0 0 -1
    outer loop
      vertex 69.8 22.8 0
      vertex 75.7743 14.0285 0
      vertex 75.6144 13.8 0
    endloop
  endfacet
  facet normal 0 0 -1
    outer loop
      vertex 74.9001 69.097 0
      vertex 77.5472 75.4965 0
      vertex 75.0605 68.7529 0
    endloop
  endfacet
  facet normal 0 0 -1
    outer loop
      vertex 69.8 22.8 0
      vertex 75.6144 13.8 0
      vertex 75.4965 13.5472 0
    endloop
  endfacet
  facet normal 0 0 -1
    outer loop
      vertex 77.5472 75.4965 0
      vertex 74.9001 69.097 0
      vertex 77.2778 75.4243 0
    endloop
  endfacet
  facet normal 0 0 -1
    outer loop
      vertex 69.8 22.8 0
      vertex 75.4965 13.5472 0
      vertex 75.4243 13.2778 0
    endloop
  endfacet
  facet normal 0 0 -1
    outer loop
      vertex 74.8985 69.0993 0
      vertex 77.2778 75.4243 0
      vertex 74.9001 69.097 0
    endloop
  endfacet
  facet normal 0 0 -1
    outer loop
      vertex 69.8 7.2 0
      vertex 75.4243 13.2778 0
      vertex 75.4 13 0
    endloop
  endfacet
  facet normal 0 0 -1
    outer loop
      vertex 74.6807 69.4103 0
      vertex 77.2778 75.4243 0
      vertex 74.8985 69.0993 0
    endloop
  endfacet
  facet normal 0 0 -1
    outer loop
      vertex 84.6884 12.3642 0
      vertex 78.5757 13.2778 0
      vertex 85.2207 14.351 0
    endloop
  endfacet
  facet normal 0 0 -1
    outer loop
      vertex 78.5035 13.5472 0
      vertex 85.2207 14.351 0
      vertex 78.5757 13.2778 0
    endloop
  endfacet
  facet normal 0 0 -1
    outer loop
      vertex 78.5757 13.2778 0
      vertex 84.6884 12.3642 0
      vertex 78.6 13 0
    endloop
  endfacet
  facet normal 0 0 -1
    outer loop
      vertex 78.3856 13.8 0
      vertex 85.2207 14.351 0
      vertex 78.5035 13.5472 0
    endloop
  endfacet
  facet normal 0 0 -1
    outer loop
      vertex 78.6 13 0
      vertex 84.6884 12.3642 0
      vertex 83.8191 10.5 0
    endloop
  endfacet
  facet normal 0 0 -1
    outer loop
      vertex 85.4 73.6 0
      vertex 78.6 77 0
      vertex 85.2207 75.649 0
    endloop
  endfacet
  facet normal 0 0 -1
    outer loop
      vertex 78.5035 12.4528 0
      vertex 83.8191 10.5 0
      vertex 82.6393 8.81511 0
    endloop
  endfacet
  facet normal 0 0 -1
    outer loop
      vertex 85.2207 75.649 0
      vertex 78.6 77 0
      vertex 84.6884 77.6358 0
    endloop
  endfacet
  facet normal 0 0 -1
    outer loop
      vertex 78.2257 11.9715 0
      vertex 82.6393 8.81511 0
      vertex 81.1849 7.36068 0
    endloop
  endfacet
  facet normal -0 0 -1
    outer loop
      vertex 84.6884 77.6358 0
      vertex 78.6 77 0
      vertex 83.8191 79.5 0
    endloop
  endfacet
  facet normal 0 0 -1
    outer loop
      vertex 77.5472 11.4965 0
      vertex 81.1849 7.36068 0
      vertex 79.5 6.1809 0
    endloop
  endfacet
  facet normal 0 0 -1
    outer loop
      vertex 78.5757 77.2778 0
      vertex 83.8191 79.5 0
      vertex 78.6 77 0
    endloop
  endfacet
  facet normal 0 0 -1
    outer loop
      vertex 78.5035 77.5472 0
      vertex 83.8191 79.5 0
      vertex 78.5757 77.2778 0
    endloop
  endfacet
  facet normal 0 0 -1
    outer loop
      vertex 83.8191 10.5 0
      vertex 78.5757 12.7222 0
      vertex 78.6 13 0
    endloop
  endfacet
  facet normal 0 0 -1
    outer loop
      vertex 83.8191 10.5 0
      vertex 78.5035 12.4528 0
      vertex 78.5757 12.7222 0
    endloop
  endfacet
  facet normal 0 0 -1
    outer loop
      vertex 82.6393 8.81511 0
      vertex 78.3856 12.2 0
      vertex 78.5035 12.4528 0
    endloop
  endfacet
  facet normal 0 0 -1
    outer loop
      vertex 82.6393 8.81511 0
      vertex 78.2257 11.9715 0
      vertex 78.3856 12.2 0
    endloop
  endfacet
  facet normal 0 0 -1
    outer loop
      vertex 81.1849 7.36068 0
      vertex 78.0285 11.7743 0
      vertex 78.2257 11.9715 0
    endloop
  endfacet
  facet normal 0 0 -1
    outer loop
      vertex 81.1849 7.36068 0
      vertex 77.8 11.6144 0
      vertex 78.0285 11.7743 0
    endloop
  endfacet
  facet normal 0 0 -1
    outer loop
      vertex 77 11.4 0
      vertex 79.5 6.1809 0
      vertex 77.6358 5.31163 0
    endloop
  endfacet
  facet normal 0 0 -1
    outer loop
      vertex 81.1849 7.36068 0
      vertex 77.5472 11.4965 0
      vertex 77.8 11.6144 0
    endloop
  endfacet
  facet normal 0 0 -1
    outer loop
      vertex 79.5 6.1809 0
      vertex 77.2778 11.4243 0
      vertex 77.5472 11.4965 0
    endloop
  endfacet
  facet normal 0 0 -1
    outer loop
      vertex 79.5 6.1809 0
      vertex 77 11.4 0
      vertex 77.2778 11.4243 0
    endloop
  endfacet
  facet normal 0 0 -1
    outer loop
      vertex 77.6358 5.31163 0
      vertex 76.7222 11.4243 0
      vertex 77 11.4 0
    endloop
  endfacet
  facet normal 0 0 -1
    outer loop
      vertex 75.649 4.77927 0
      vertex 76.7222 11.4243 0
      vertex 77.6358 5.31163 0
    endloop
  endfacet
  facet normal -0 0 -1
    outer loop
      vertex 76.7222 11.4243 0
      vertex 75.649 4.77927 0
      vertex 76.4528 11.4965 0
    endloop
  endfacet
  facet normal -0 0 -1
    outer loop
      vertex 76.4528 11.4965 0
      vertex 75.649 4.77927 0
      vertex 76.2 11.6144 0
    endloop
  endfacet
  facet normal 0 0 -1
    outer loop
      vertex 73.6 4.6 0
      vertex 76.2 11.6144 0
      vertex 75.649 4.77927 0
    endloop
  endfacet
  facet normal -0 0 -1
    outer loop
      vertex 76.2 11.6144 0
      vertex 73.6 4.6 0
      vertex 75.9715 11.7743 0
    endloop
  endfacet
  facet normal 0 0 -1
    outer loop
      vertex 69.8 7.2 0
      vertex 75.9715 11.7743 0
      vertex 73.6 4.6 0
    endloop
  endfacet
  facet normal -0 0 -1
    outer loop
      vertex 75.9715 11.7743 0
      vertex 69.8 7.2 0
      vertex 75.7743 11.9715 0
    endloop
  endfacet
  facet normal -0 0 -1
    outer loop
      vertex 75.7743 11.9715 0
      vertex 69.8 7.2 0
      vertex 75.6144 12.2 0
    endloop
  endfacet
  facet normal -0 0 -1
    outer loop
      vertex 75.6144 12.2 0
      vertex 69.8 7.2 0
      vertex 75.4965 12.4528 0
    endloop
  endfacet
  facet normal 0 0 -1
    outer loop
      vertex 77.2778 75.4243 0
      vertex 74.6807 69.4103 0
      vertex 77 75.4 0
    endloop
  endfacet
  facet normal 0 0 -1
    outer loop
      vertex 85.4 16.4 0
      vertex 75.1938 31.9972 0
      vertex 75.194 32 0
    endloop
  endfacet
  facet normal 0 0 -1
    outer loop
      vertex 85.4 16.4 0
      vertex 75.1607 31.619 0
      vertex 75.1938 31.9972 0
    endloop
  endfacet
  facet normal 0 0 -1
    outer loop
      vertex 85.4 16.4 0
      vertex 75.0624 31.2523 0
      vertex 75.1607 31.619 0
    endloop
  endfacet
  facet normal 0 0 -1
    outer loop
      vertex 85.4 16.4 0
      vertex 75.0617 31.2496 0
      vertex 75.0624 31.2523 0
    endloop
  endfacet
  facet normal 0 0 -1
    outer loop
      vertex 85.4 16.4 0
      vertex 75.0605 31.2471 0
      vertex 75.0617 31.2496 0
    endloop
  endfacet
  facet normal 0 0 -1
    outer loop
      vertex 85.4 16.4 0
      vertex 74.9001 30.903 0
      vertex 75.0605 31.2471 0
    endloop
  endfacet
  facet normal 0 0 -1
    outer loop
      vertex 85.4 16.4 0
      vertex 74.8985 30.9007 0
      vertex 74.9001 30.903 0
    endloop
  endfacet
  facet normal 0 0 -1
    outer loop
      vertex 85.4 16.4 0
      vertex 74.6807 30.5897 0
      vertex 74.8985 30.9007 0
    endloop
  endfacet
  facet normal -0 0 -1
    outer loop
      vertex 75.4965 12.4528 0
      vertex 69.8 7.2 0
      vertex 75.4243 12.7222 0
    endloop
  endfacet
  facet normal 0 0 -1
    outer loop
      vertex 85.4 16.4 0
      vertex 74.4103 30.3193 0
      vertex 74.6807 30.5897 0
    endloop
  endfacet
  facet normal 0 0 -1
    outer loop
      vertex 77.2778 14.5757 0
      vertex 69.8 22.8 0
      vertex 74.097 30.0999 0
    endloop
  endfacet
  facet normal 0 0 -1
    outer loop
      vertex 77.2778 14.5757 0
      vertex 74.0993 30.1015 0
      vertex 74.4103 30.3193 0
    endloop
  endfacet
  facet normal 0 0 -1
    outer loop
      vertex 77.2778 14.5757 0
      vertex 74.097 30.0999 0
      vertex 74.0993 30.1015 0
    endloop
  endfacet
  facet normal 0 0 -1
    outer loop
      vertex 74.097 30.0999 0
      vertex 69.8 22.8 0
      vertex 73.7529 29.9395 0
    endloop
  endfacet
  facet normal 0 0 -1
    outer loop
      vertex 73.7529 29.9395 0
      vertex 69.8 22.8 0
      vertex 73.7504 29.9383 0
    endloop
  endfacet
  facet normal -0 0 -1
    outer loop
      vertex 75.4243 12.7222 0
      vertex 69.8 7.2 0
      vertex 75.4 13 0
    endloop
  endfacet
  facet normal 0 0 -1
    outer loop
      vertex 73.7504 29.9383 0
      vertex 69.8 22.8 0
      vertex 73.7477 29.9376 0
    endloop
  endfacet
  facet normal 0 0 -1
    outer loop
      vertex 73.7477 29.9376 0
      vertex 69.8 22.8 0
      vertex 73.381 29.8393 0
    endloop
  endfacet
  facet normal 0 0 -1
    outer loop
      vertex 73.381 29.8393 0
      vertex 69.8 22.8 0
      vertex 73.0028 29.8062 0
    endloop
  endfacet
  facet normal 0 0 -1
    outer loop
      vertex 73.0028 29.8062 0
      vertex 69.8 22.8 0
      vertex 73 29.806 0
    endloop
  endfacet
  facet normal -0 0 -1
    outer loop
      vertex 73 29.806 0
      vertex 69.8 22.8 0
      vertex 72.9972 29.8062 0
    endloop
  endfacet
  facet normal -0 0 -1
    outer loop
      vertex 72.9972 29.8062 0
      vertex 69.8 22.8 0
      vertex 72.619 29.8393 0
    endloop
  endfacet
  facet normal -0 0 -1
    outer loop
      vertex 72.619 29.8393 0
      vertex 69.8 22.8 0
      vertex 72.2523 29.9376 0
    endloop
  endfacet
  facet normal -0 0 -1
    outer loop
      vertex 72.2523 29.9376 0
      vertex 69.8 22.8 0
      vertex 72.2496 29.9383 0
    endloop
  endfacet
  facet normal -0 0 -1
    outer loop
      vertex 72.2496 29.9383 0
      vertex 69.8 22.8 0
      vertex 72.2471 29.9395 0
    endloop
  endfacet
  facet normal -0 0 -1
    outer loop
      vertex 72.2471 29.9395 0
      vertex 69.8 22.8 0
      vertex 71.903 30.0999 0
    endloop
  endfacet
  facet normal -0 0 -1
    outer loop
      vertex 71.903 30.0999 0
      vertex 69.8 22.8 0
      vertex 71.9007 30.1015 0
    endloop
  endfacet
  facet normal -0 0 -1
    outer loop
      vertex 71.9007 30.1015 0
      vertex 69.8 22.8 0
      vertex 71.5897 30.3193 0
    endloop
  endfacet
  facet normal -0 0 -1
    outer loop
      vertex 71.5897 30.3193 0
      vertex 69.8 22.8 0
      vertex 71.3193 30.5897 0
    endloop
  endfacet
  facet normal -0 0 -1
    outer loop
      vertex 71.3193 30.5897 0
      vertex 69.8 22.8 0
      vertex 71.1015 30.9007 0
    endloop
  endfacet
  facet normal -0 0 -1
    outer loop
      vertex 71.1015 30.9007 0
      vertex 69.8 22.8 0
      vertex 71.0999 30.903 0
    endloop
  endfacet
  facet normal -0 0 -1
    outer loop
      vertex 71.0999 30.903 0
      vertex 69.8 22.8 0
      vertex 70.9395 31.2471 0
    endloop
  endfacet
  facet normal -0 0 -1
    outer loop
      vertex 70.9395 31.2471 0
      vertex 69.8 22.8 0
      vertex 70.9383 31.2496 0
    endloop
  endfacet
  facet normal 0 0 -1
    outer loop
      vertex 54.2 22.8 0
      vertex 70.9383 31.2496 0
      vertex 69.8 22.8 0
    endloop
  endfacet
  facet normal 0 0 -1
    outer loop
      vertex 54.2 22.8 0
      vertex 70.8062 31.9972 0
      vertex 70.8393 31.619 0
    endloop
  endfacet
  facet normal -0 0 -1
    outer loop
      vertex 70.9376 31.2523 0
      vertex 54.2 22.8 0
      vertex 70.8393 31.619 0
    endloop
  endfacet
  facet normal -0 0 -1
    outer loop
      vertex 70.9383 31.2496 0
      vertex 54.2 22.8 0
      vertex 70.9376 31.2523 0
    endloop
  endfacet
  facet normal -0 0 -1
    outer loop
      vertex 75.4243 13.2778 0
      vertex 69.8 7.2 0
      vertex 69.8 22.8 0
    endloop
  endfacet
  facet normal 0 0 -1
    outer loop
      vertex 73.6 4.6 0
      vertex 54.2 7.2 0
      vertex 69.8 7.2 0
    endloop
  endfacet
  facet normal 0 0 -1
    outer loop
      vertex 35.8 22.8 0
      vertex 54.2 22.8 0
      vertex 54.2 7.2 0
    endloop
  endfacet
  facet normal 0 0 -1
    outer loop
      vertex 54.2 22.8 0
      vertex 35.8 22.8 0
      vertex 49 70 0
    endloop
  endfacet
  facet normal -0 0 -1
    outer loop
      vertex 49 70 0
      vertex 35.8 22.8 0
      vertex 41 70 0
    endloop
  endfacet
  facet normal 0 0 -1
    outer loop
      vertex 35.8 22.8 0
      vertex 54.2 7.2 0
      vertex 35.8 7.2 0
    endloop
  endfacet
  facet normal 0 0 -1
    outer loop
      vertex 73.6 4.6 0
      vertex 35.8 7.2 0
      vertex 54.2 7.2 0
    endloop
  endfacet
  facet normal 0 0 -1
    outer loop
      vertex 16.4 4.6 0
      vertex 35.8 7.2 0
      vertex 73.6 4.6 0
    endloop
  endfacet
  facet normal 0 0 -1
    outer loop
      vertex 14.5757 13.2778 0
      vertex 20.2 7.2 0
      vertex 14.6 13 0
    endloop
  endfacet
  facet normal 0 0 -1
    outer loop
      vertex 20.2 22.8 0
      vertex 19.1938 31.9972 0
      vertex 19.194 32 0
    endloop
  endfacet
  facet normal 0 0 -1
    outer loop
      vertex 20.2 22.8 0
      vertex 19.1607 31.619 0
      vertex 19.1938 31.9972 0
    endloop
  endfacet
  facet normal 0 0 -1
    outer loop
      vertex 20.2 22.8 0
      vertex 19.0624 31.2523 0
      vertex 19.1607 31.619 0
    endloop
  endfacet
  facet normal 0 0 -1
    outer loop
      vertex 20.2 22.8 0
      vertex 19.0617 31.2496 0
      vertex 19.0624 31.2523 0
    endloop
  endfacet
  facet normal 0 0 -1
    outer loop
      vertex 20.2 22.8 0
      vertex 19.0605 31.2471 0
      vertex 19.0617 31.2496 0
    endloop
  endfacet
  facet normal 0 0 -1
    outer loop
      vertex 20.2 22.8 0
      vertex 18.9001 30.903 0
      vertex 19.0605 31.2471 0
    endloop
  endfacet
  facet normal 0 0 -1
    outer loop
      vertex 20.2 22.8 0
      vertex 18.8985 30.9007 0
      vertex 18.9001 30.903 0
    endloop
  endfacet
  facet normal 0 0 -1
    outer loop
      vertex 20.2 22.8 0
      vertex 18.6807 30.5897 0
      vertex 18.8985 30.9007 0
    endloop
  endfacet
  facet normal 0 0 -1
    outer loop
      vertex 20.2 22.8 0
      vertex 18.4103 30.3193 0
      vertex 18.6807 30.5897 0
    endloop
  endfacet
  facet normal 0 0 -1
    outer loop
      vertex 20.2 7.2 0
      vertex 14.5757 13.2778 0
      vertex 20.2 22.8 0
    endloop
  endfacet
  facet normal 0 0 -1
    outer loop
      vertex 20.2 22.8 0
      vertex 18.0993 30.1015 0
      vertex 18.4103 30.3193 0
    endloop
  endfacet
  facet normal 0 0 -1
    outer loop
      vertex 20.2 22.8 0
      vertex 18.097 30.0999 0
      vertex 18.0993 30.1015 0
    endloop
  endfacet
  facet normal 0 0 -1
    outer loop
      vertex 20.2 22.8 0
      vertex 17.7529 29.9395 0
      vertex 18.097 30.0999 0
    endloop
  endfacet
  facet normal 0 0 -1
    outer loop
      vertex 20.2 22.8 0
      vertex 17.7504 29.9383 0
      vertex 17.7529 29.9395 0
    endloop
  endfacet
  facet normal 0 0 -1
    outer loop
      vertex 20.2 22.8 0
      vertex 17.7477 29.9376 0
      vertex 17.7504 29.9383 0
    endloop
  endfacet
  facet normal 0 0 -1
    outer loop
      vertex 20.2 22.8 0
      vertex 17.381 29.8393 0
      vertex 17.7477 29.9376 0
    endloop
  endfacet
  facet normal 0 0 -1
    outer loop
      vertex 20.2 22.8 0
      vertex 17.0028 29.8062 0
      vertex 17.381 29.8393 0
    endloop
  endfacet
  facet normal 0 0 -1
    outer loop
      vertex 20.2 22.8 0
      vertex 17 29.806 0
      vertex 17.0028 29.8062 0
    endloop
  endfacet
  facet normal 0 0 -1
    outer loop
      vertex 20.2 22.8 0
      vertex 16.9972 29.8062 0
      vertex 17 29.806 0
    endloop
  endfacet
  facet normal -0 0 -1
    outer loop
      vertex 35.8 7.2 0
      vertex 16.4 4.6 0
      vertex 20.2 7.2 0
    endloop
  endfacet
  facet normal 0 0 -1
    outer loop
      vertex 14.0285 11.7743 0
      vertex 20.2 7.2 0
      vertex 16.4 4.6 0
    endloop
  endfacet
  facet normal 0 0 -1
    outer loop
      vertex 20.2 22.8 0
      vertex 16.619 29.8393 0
      vertex 16.9972 29.8062 0
    endloop
  endfacet
  facet normal 0 0 -1
    outer loop
      vertex 20.2 22.8 0
      vertex 16.2523 29.9376 0
      vertex 16.619 29.8393 0
    endloop
  endfacet
  facet normal 0 0 -1
    outer loop
      vertex 20.2 22.8 0
      vertex 16.2496 29.9383 0
      vertex 16.2523 29.9376 0
    endloop
  endfacet
  facet normal 0 0 -1
    outer loop
      vertex 20.2 22.8 0
      vertex 16.2471 29.9395 0
      vertex 16.2496 29.9383 0
    endloop
  endfacet
  facet normal 0 0 -1
    outer loop
      vertex 20.2 22.8 0
      vertex 15.903 30.0999 0
      vertex 16.2471 29.9395 0
    endloop
  endfacet
  facet normal 0 0 -1
    outer loop
      vertex 14.5035 13.5472 0
      vertex 20.2 22.8 0
      vertex 14.5757 13.2778 0
    endloop
  endfacet
  facet normal 0 0 -1
    outer loop
      vertex 14.3856 13.8 0
      vertex 20.2 22.8 0
      vertex 14.5035 13.5472 0
    endloop
  endfacet
  facet normal 0 0 -1
    outer loop
      vertex 14.2257 14.0285 0
      vertex 20.2 22.8 0
      vertex 14.3856 13.8 0
    endloop
  endfacet
  facet normal 0 0 -1
    outer loop
      vertex 14.0285 14.2257 0
      vertex 20.2 22.8 0
      vertex 14.2257 14.0285 0
    endloop
  endfacet
  facet normal 0 0 -1
    outer loop
      vertex 13.8 14.3856 0
      vertex 20.2 22.8 0
      vertex 14.0285 14.2257 0
    endloop
  endfacet
  facet normal 0 0 -1
    outer loop
      vertex 13.5472 14.5035 0
      vertex 20.2 22.8 0
      vertex 13.8 14.3856 0
    endloop
  endfacet
  facet normal 0 0 -1
    outer loop
      vertex 13.2778 14.5757 0
      vertex 20.2 22.8 0
      vertex 13.5472 14.5035 0
    endloop
  endfacet
  facet normal 0 0 -1
    outer loop
      vertex 13 14.6 0
      vertex 20.2 22.8 0
      vertex 13.2778 14.5757 0
    endloop
  endfacet
  facet normal 0 0 -1
    outer loop
      vertex 12.7222 14.5757 0
      vertex 20.2 22.8 0
      vertex 13 14.6 0
    endloop
  endfacet
  facet normal -0 0 -1
    outer loop
      vertex 20.2 22.8 0
      vertex 12.7222 14.5757 0
      vertex 15.903 30.0999 0
    endloop
  endfacet
  facet normal -0 0 -1
    outer loop
      vertex 15.9007 30.1015 0
      vertex 12.7222 14.5757 0
      vertex 15.5897 30.3193 0
    endloop
  endfacet
  facet normal -0 0 -1
    outer loop
      vertex 15.903 30.0999 0
      vertex 12.7222 14.5757 0
      vertex 15.9007 30.1015 0
    endloop
  endfacet
  facet normal 0 0 -1
    outer loop
      vertex 20.2 7.2 0
      vertex 14.5757 12.7222 0
      vertex 14.6 13 0
    endloop
  endfacet
  facet normal 0 0 -1
    outer loop
      vertex 20.2 7.2 0
      vertex 14.5035 12.4528 0
      vertex 14.5757 12.7222 0
    endloop
  endfacet
  facet normal 0 0 -1
    outer loop
      vertex 20.2 7.2 0
      vertex 14.3856 12.2 0
      vertex 14.5035 12.4528 0
    endloop
  endfacet
  facet normal 0 0 -1
    outer loop
      vertex 13.8 11.6144 0
      vertex 16.4 4.6 0
      vertex 14.351 4.77927 0
    endloop
  endfacet
  facet normal 0 0 -1
    outer loop
      vertex 20.2 7.2 0
      vertex 14.2257 11.9715 0
      vertex 14.3856 12.2 0
    endloop
  endfacet
  facet normal 0 0 -1
    outer loop
      vertex 20.2 7.2 0
      vertex 14.0285 11.7743 0
      vertex 14.2257 11.9715 0
    endloop
  endfacet
  facet normal 0 0 -1
    outer loop
      vertex 16.4 4.6 0
      vertex 13.8 11.6144 0
      vertex 14.0285 11.7743 0
    endloop
  endfacet
  facet normal 0 0 -1
    outer loop
      vertex 14.351 4.77927 0
      vertex 13.5472 11.4965 0
      vertex 13.8 11.6144 0
    endloop
  endfacet
  facet normal 0 0 -1
    outer loop
      vertex 14.351 4.77927 0
      vertex 13.2778 11.4243 0
      vertex 13.5472 11.4965 0
    endloop
  endfacet
  facet normal 0 0 -1
    outer loop
      vertex 12.3642 5.31163 0
      vertex 13.2778 11.4243 0
      vertex 14.351 4.77927 0
    endloop
  endfacet
  facet normal 0 0 -1
    outer loop
      vertex 13.2778 11.4243 0
      vertex 12.3642 5.31163 0
      vertex 13 11.4 0
    endloop
  endfacet
  facet normal 0 0 -1
    outer loop
      vertex 10.5 6.1809 0
      vertex 13 11.4 0
      vertex 12.3642 5.31163 0
    endloop
  endfacet
  facet normal -0 0 -1
    outer loop
      vertex 13 11.4 0
      vertex 10.5 6.1809 0
      vertex 12.7222 11.4243 0
    endloop
  endfacet
  facet normal -0 0 -1
    outer loop
      vertex 12.7222 11.4243 0
      vertex 10.5 6.1809 0
      vertex 12.4528 11.4965 0
    endloop
  endfacet
  facet normal 0 0 -1
    outer loop
      vertex 8.81511 7.36068 0
      vertex 12.4528 11.4965 0
      vertex 10.5 6.1809 0
    endloop
  endfacet
  facet normal -0 0 -1
    outer loop
      vertex 12.4528 11.4965 0
      vertex 8.81511 7.36068 0
      vertex 12.2 11.6144 0
    endloop
  endfacet
  facet normal -0 0 -1
    outer loop
      vertex 12.2 11.6144 0
      vertex 8.81511 7.36068 0
      vertex 11.9715 11.7743 0
    endloop
  endfacet
  facet normal -0 0 -1
    outer loop
      vertex 11.9715 11.7743 0
      vertex 8.81511 7.36068 0
      vertex 11.7743 11.9715 0
    endloop
  endfacet
  facet normal 0 0 -1
    outer loop
      vertex 7.36068 8.81511 0
      vertex 11.7743 11.9715 0
      vertex 8.81511 7.36068 0
    endloop
  endfacet
  facet normal 0 0 -1
    outer loop
      vertex 6.1809 10.5 0
      vertex 11.4965 12.4528 0
      vertex 7.36068 8.81511 0
    endloop
  endfacet
  facet normal -0 0 -1
    outer loop
      vertex 11.6144 12.2 0
      vertex 7.36068 8.81511 0
      vertex 11.4965 12.4528 0
    endloop
  endfacet
  facet normal -0 0 -1
    outer loop
      vertex 11.7743 11.9715 0
      vertex 7.36068 8.81511 0
      vertex 11.6144 12.2 0
    endloop
  endfacet
  facet normal -0 0 -1
    outer loop
      vertex 83.8191 79.5 0
      vertex 78.5035 77.5472 0
      vertex 82.6393 81.1849 0
    endloop
  endfacet
  facet normal 0 0 -1
    outer loop
      vertex 78.3856 77.8 0
      vertex 82.6393 81.1849 0
      vertex 78.5035 77.5472 0
    endloop
  endfacet
  facet normal 0 0 -1
    outer loop
      vertex 78.2257 78.0285 0
      vertex 82.6393 81.1849 0
      vertex 78.3856 77.8 0
    endloop
  endfacet
  facet normal -0 0 -1
    outer loop
      vertex 82.6393 81.1849 0
      vertex 78.2257 78.0285 0
      vertex 81.1849 82.6393 0
    endloop
  endfacet
  facet normal 0 0 -1
    outer loop
      vertex 78.0285 78.2257 0
      vertex 81.1849 82.6393 0
      vertex 78.2257 78.0285 0
    endloop
  endfacet
  facet normal 0 0 -1
    outer loop
      vertex 77.8 78.3856 0
      vertex 81.1849 82.6393 0
      vertex 78.0285 78.2257 0
    endloop
  endfacet
  facet normal 0 0 -1
    outer loop
      vertex 77.5472 78.5035 0
      vertex 81.1849 82.6393 0
      vertex 77.8 78.3856 0
    endloop
  endfacet
  facet normal -0 0 -1
    outer loop
      vertex 81.1849 82.6393 0
      vertex 77.5472 78.5035 0
      vertex 79.5 83.8191 0
    endloop
  endfacet
  facet normal 0 0 -1
    outer loop
      vertex 77.2778 78.5757 0
      vertex 79.5 83.8191 0
      vertex 77.5472 78.5035 0
    endloop
  endfacet
  facet normal 0 0 -1
    outer loop
      vertex 77 78.6 0
      vertex 79.5 83.8191 0
      vertex 77.2778 78.5757 0
    endloop
  endfacet
  facet normal -0 0 -1
    outer loop
      vertex 79.5 83.8191 0
      vertex 77 78.6 0
      vertex 77.6358 84.6884 0
    endloop
  endfacet
  facet normal 0 0 -1
    outer loop
      vertex 76.7222 78.5757 0
      vertex 77.6358 84.6884 0
      vertex 77 78.6 0
    endloop
  endfacet
  facet normal 0 0 -1
    outer loop
      vertex 75.649 85.2207 0
      vertex 76.7222 78.5757 0
      vertex 76.4528 78.5035 0
    endloop
  endfacet
  facet normal 0 0 -1
    outer loop
      vertex 75.649 85.2207 0
      vertex 76.4528 78.5035 0
      vertex 76.2 78.3856 0
    endloop
  endfacet
  facet normal 0 0 -1
    outer loop
      vertex 73.6 85.4 0
      vertex 76.2 78.3856 0
      vertex 75.9715 78.2257 0
    endloop
  endfacet
  facet normal 0 0 -1
    outer loop
      vertex 73.6 85.4 0
      vertex 75.9715 78.2257 0
      vertex 75.7743 78.0285 0
    endloop
  endfacet
  facet normal 0 0 -1
    outer loop
      vertex 76.7222 78.5757 0
      vertex 75.649 85.2207 0
      vertex 77.6358 84.6884 0
    endloop
  endfacet
  facet normal 0 0 -1
    outer loop
      vertex 73.6 85.4 0
      vertex 75.7743 78.0285 0
      vertex 75.6144 77.8 0
    endloop
  endfacet
  facet normal 0 0 -1
    outer loop
      vertex 73.6 85.4 0
      vertex 75.6144 77.8 0
      vertex 75.4965 77.5472 0
    endloop
  endfacet
  facet normal 0 0 -1
    outer loop
      vertex 73.6 85.4 0
      vertex 75.4965 77.5472 0
      vertex 75.4243 77.2778 0
    endloop
  endfacet
  facet normal 0 0 -1
    outer loop
      vertex 71.5897 69.6807 0
      vertex 75.4243 77.2778 0
      vertex 75.4 77 0
    endloop
  endfacet
  facet normal 0 0 -1
    outer loop
      vertex 74.4103 69.6807 0
      vertex 77 75.4 0
      vertex 74.6807 69.4103 0
    endloop
  endfacet
  facet normal -0 0 -1
    outer loop
      vertex 77 75.4 0
      vertex 74.4103 69.6807 0
      vertex 76.7222 75.4243 0
    endloop
  endfacet
  facet normal 0 0 -1
    outer loop
      vertex 74.0993 69.8985 0
      vertex 76.7222 75.4243 0
      vertex 74.4103 69.6807 0
    endloop
  endfacet
  facet normal 0 0 -1
    outer loop
      vertex 74.097 69.9001 0
      vertex 76.7222 75.4243 0
      vertex 74.0993 69.8985 0
    endloop
  endfacet
  facet normal -0 0 -1
    outer loop
      vertex 76.7222 75.4243 0
      vertex 74.097 69.9001 0
      vertex 76.4528 75.4965 0
    endloop
  endfacet
  facet normal 0 0 -1
    outer loop
      vertex 73.7529 70.0605 0
      vertex 76.4528 75.4965 0
      vertex 74.097 69.9001 0
    endloop
  endfacet
  facet normal -0 0 -1
    outer loop
      vertex 76.4528 75.4965 0
      vertex 73.7529 70.0605 0
      vertex 76.2 75.6144 0
    endloop
  endfacet
  facet normal 0 0 -1
    outer loop
      vertex 73.7504 70.0617 0
      vertex 76.2 75.6144 0
      vertex 73.7529 70.0605 0
    endloop
  endfacet
  facet normal 0 0 -1
    outer loop
      vertex 73.7477 70.0624 0
      vertex 76.2 75.6144 0
      vertex 73.7504 70.0617 0
    endloop
  endfacet
  facet normal 0 0 -1
    outer loop
      vertex 73.381 70.1607 0
      vertex 76.2 75.6144 0
      vertex 73.7477 70.0624 0
    endloop
  endfacet
  facet normal -0 0 -1
    outer loop
      vertex 76.2 75.6144 0
      vertex 73.381 70.1607 0
      vertex 75.9715 75.7743 0
    endloop
  endfacet
  facet normal -0 0 -1
    outer loop
      vertex 75.9715 75.7743 0
      vertex 73.381 70.1607 0
      vertex 75.7743 75.9715 0
    endloop
  endfacet
  facet normal 0 0 -1
    outer loop
      vertex 73.0028 70.1938 0
      vertex 75.7743 75.9715 0
      vertex 73.381 70.1607 0
    endloop
  endfacet
  facet normal 0 0 -1
    outer loop
      vertex 73 70.194 0
      vertex 75.7743 75.9715 0
      vertex 73.0028 70.1938 0
    endloop
  endfacet
  facet normal 0 0 -1
    outer loop
      vertex 72.9972 70.1938 0
      vertex 75.7743 75.9715 0
      vertex 73 70.194 0
    endloop
  endfacet
  facet normal -0 0 -1
    outer loop
      vertex 75.7743 75.9715 0
      vertex 72.9972 70.1938 0
      vertex 75.6144 76.2 0
    endloop
  endfacet
  facet normal 0 0 -1
    outer loop
      vertex 72.619 70.1607 0
      vertex 75.6144 76.2 0
      vertex 72.9972 70.1938 0
    endloop
  endfacet
  facet normal 0 0 -1
    outer loop
      vertex 76.2 78.3856 0
      vertex 73.6 85.4 0
      vertex 75.649 85.2207 0
    endloop
  endfacet
  facet normal -0 0 -1
    outer loop
      vertex 75.6144 76.2 0
      vertex 72.619 70.1607 0
      vertex 75.4965 76.4528 0
    endloop
  endfacet
  facet normal 0 0 -1
    outer loop
      vertex 72.2523 70.0624 0
      vertex 75.4965 76.4528 0
      vertex 72.619 70.1607 0
    endloop
  endfacet
  facet normal 0 0 -1
    outer loop
      vertex 72.2496 70.0617 0
      vertex 75.4965 76.4528 0
      vertex 72.2523 70.0624 0
    endloop
  endfacet
  facet normal -0 0 -1
    outer loop
      vertex 75.4965 76.4528 0
      vertex 72.2496 70.0617 0
      vertex 75.4243 76.7222 0
    endloop
  endfacet
  facet normal 0 0 -1
    outer loop
      vertex 72.2471 70.0605 0
      vertex 75.4243 76.7222 0
      vertex 72.2496 70.0617 0
    endloop
  endfacet
  facet normal 0 0 -1
    outer loop
      vertex 71.903 69.9001 0
      vertex 75.4243 76.7222 0
      vertex 72.2471 70.0605 0
    endloop
  endfacet
  facet normal -0 0 -1
    outer loop
      vertex 75.4243 76.7222 0
      vertex 71.903 69.9001 0
      vertex 75.4 77 0
    endloop
  endfacet
  facet normal 0 0 -1
    outer loop
      vertex 71.9007 69.8985 0
      vertex 75.4 77 0
      vertex 71.903 69.9001 0
    endloop
  endfacet
  facet normal 0 0 -1
    outer loop
      vertex 71.5897 69.6807 0
      vertex 75.4 77 0
      vertex 71.9007 69.8985 0
    endloop
  endfacet
  facet normal -0 0 -1
    outer loop
      vertex 75.4243 77.2778 0
      vertex 71.5897 69.6807 0
      vertex 73.6 85.4 0
    endloop
  endfacet
  facet normal 0 0 -1
    outer loop
      vertex 71.3193 69.4103 0
      vertex 73.6 85.4 0
      vertex 71.5897 69.6807 0
    endloop
  endfacet
  facet normal 0 0 -1
    outer loop
      vertex 49 75 0
      vertex 71.3193 69.4103 0
      vertex 71.1015 69.0993 0
    endloop
  endfacet
  facet normal 0 0 -1
    outer loop
      vertex 49 75 0
      vertex 71.1015 69.0993 0
      vertex 71.0999 69.097 0
    endloop
  endfacet
  facet normal 0 0 -1
    outer loop
      vertex 49 75 0
      vertex 71.0999 69.097 0
      vertex 70.9395 68.7529 0
    endloop
  endfacet
  facet normal 0 0 -1
    outer loop
      vertex 49 75 0
      vertex 70.9395 68.7529 0
      vertex 70.9383 68.7504 0
    endloop
  endfacet
  facet normal 0 0 -1
    outer loop
      vertex 49 70 0
      vertex 70.9383 68.7504 0
      vertex 70.9376 68.7477 0
    endloop
  endfacet
  facet normal 0 0 -1
    outer loop
      vertex 49 70 0
      vertex 70.9376 68.7477 0
      vertex 70.8393 68.381 0
    endloop
  endfacet
  facet normal 0 0 -1
    outer loop
      vertex 49 70 0
      vertex 70.8062 68.0028 0
      vertex 70.806 68 0
    endloop
  endfacet
  facet normal -0 0 -1
    outer loop
      vertex 70.8062 31.9972 0
      vertex 54.2 22.8 0
      vertex 70.806 32 0
    endloop
  endfacet
  facet normal -0 0 -1
    outer loop
      vertex 71.0999 33.097 0
      vertex 54.2 22.8 0
      vertex 49 70 0
    endloop
  endfacet
  facet normal 0 0 -1
    outer loop
      vertex 70.8062 67.9972 0
      vertex 49 70 0
      vertex 70.806 68 0
    endloop
  endfacet
  facet normal 0 0 -1
    outer loop
      vertex 70.8062 68.0028 0
      vertex 49 70 0
      vertex 70.8393 68.381 0
    endloop
  endfacet
  facet normal 0 0 -1
    outer loop
      vertex 70.9383 68.7504 0
      vertex 49 70 0
      vertex 49 75 0
    endloop
  endfacet
  facet normal 0 0 -1
    outer loop
      vertex 71.3193 69.4103 0
      vertex 49 75 0
      vertex 73.6 85.4 0
    endloop
  endfacet
  facet normal 0 0 -1
    outer loop
      vertex 41 75 0
      vertex 73.6 85.4 0
      vertex 49 75 0
    endloop
  endfacet
  facet normal 0 0 -1
    outer loop
      vertex 19.1938 32.0028 0
      vertex 35.8 22.8 0
      vertex 19.194 32 0
    endloop
  endfacet
  facet normal 0 0 -1
    outer loop
      vertex 19.194 32 0
      vertex 35.8 22.8 0
      vertex 20.2 22.8 0
    endloop
  endfacet
  facet normal 0 0 -1
    outer loop
      vertex 19.1607 32.381 0
      vertex 35.8 22.8 0
      vertex 19.1938 32.0028 0
    endloop
  endfacet
  facet normal 0 0 -1
    outer loop
      vertex 19.1938 68.0028 0
      vertex 41 70 0
      vertex 19.194 68 0
    endloop
  endfacet
  facet normal 0 0 -1
    outer loop
      vertex 19.1607 68.381 0
      vertex 41 70 0
      vertex 19.1938 68.0028 0
    endloop
  endfacet
  facet normal 0 0 -1
    outer loop
      vertex 19.0624 68.7477 0
      vertex 41 70 0
      vertex 19.1607 68.381 0
    endloop
  endfacet
  facet normal 0 0 -1
    outer loop
      vertex 19.0617 68.7504 0
      vertex 41 70 0
      vertex 19.0624 68.7477 0
    endloop
  endfacet
  facet normal -0 0 -1
    outer loop
      vertex 41 70 0
      vertex 19.0617 68.7504 0
      vertex 41 75 0
    endloop
  endfacet
  facet normal 0 0 -1
    outer loop
      vertex 19.0605 68.7529 0
      vertex 41 75 0
      vertex 19.0617 68.7504 0
    endloop
  endfacet
  facet normal 0 0 -1
    outer loop
      vertex 18.9001 69.097 0
      vertex 41 75 0
      vertex 19.0605 68.7529 0
    endloop
  endfacet
  facet normal 0 0 -1
    outer loop
      vertex 18.8985 69.0993 0
      vertex 41 75 0
      vertex 18.9001 69.097 0
    endloop
  endfacet
  facet normal 0 0 -1
    outer loop
      vertex 18.6807 69.4103 0
      vertex 41 75 0
      vertex 18.8985 69.0993 0
    endloop
  endfacet
  facet normal -0 0 -1
    outer loop
      vertex 41 75 0
      vertex 18.6807 69.4103 0
      vertex 16.4 85.4 0
    endloop
  endfacet
  facet normal 0 0 -1
    outer loop
      vertex 16.4 85.4 0
      vertex 18.6807 69.4103 0
      vertex 18.4103 69.6807 0
    endloop
  endfacet
  facet normal 0 0 -1
    outer loop
      vertex 14.6 77 0
      vertex 18.4103 69.6807 0
      vertex 18.0993 69.8985 0
    endloop
  endfacet
  facet normal 0 0 -1
    outer loop
      vertex 14.6 77 0
      vertex 18.0993 69.8985 0
      vertex 18.097 69.9001 0
    endloop
  endfacet
  facet normal 0 0 -1
    outer loop
      vertex 14.6 77 0
      vertex 18.097 69.9001 0
      vertex 17.7529 70.0605 0
    endloop
  endfacet
  facet normal 0 0 -1
    outer loop
      vertex 14.6 77 0
      vertex 17.7529 70.0605 0
      vertex 17.7504 70.0617 0
    endloop
  endfacet
  facet normal 0 0 -1
    outer loop
      vertex 14.6 77 0
      vertex 17.7504 70.0617 0
      vertex 17.7477 70.0624 0
    endloop
  endfacet
  facet normal 0 0 -1
    outer loop
      vertex 14.6 77 0
      vertex 17.7477 70.0624 0
      vertex 17.381 70.1607 0
    endloop
  endfacet
  facet normal 0 0 -1
    outer loop
      vertex 14.6 77 0
      vertex 17.381 70.1607 0
      vertex 17.0028 70.1938 0
    endloop
  endfacet
  facet normal 0 0 -1
    outer loop
      vertex 14.6 77 0
      vertex 17.0028 70.1938 0
      vertex 17 70.194 0
    endloop
  endfacet
  facet normal 0 0 -1
    outer loop
      vertex 14.6 77 0
      vertex 17 70.194 0
      vertex 16.9972 70.1938 0
    endloop
  endfacet
  facet normal 0 0 -1
    outer loop
      vertex 14.6 77 0
      vertex 16.9972 70.1938 0
      vertex 16.619 70.1607 0
    endloop
  endfacet
  facet normal 0 0 -1
    outer loop
      vertex 41 75 0
      vertex 16.4 85.4 0
      vertex 73.6 85.4 0
    endloop
  endfacet
  facet normal 0 0 -1
    outer loop
      vertex 14.6 77 0
      vertex 16.619 70.1607 0
      vertex 16.2523 70.0624 0
    endloop
  endfacet
  facet normal 0 0 -1
    outer loop
      vertex 14.6 77 0
      vertex 16.2523 70.0624 0
      vertex 16.2496 70.0617 0
    endloop
  endfacet
  facet normal 0 0 -1
    outer loop
      vertex 14.6 77 0
      vertex 16.2496 70.0617 0
      vertex 16.2471 70.0605 0
    endloop
  endfacet
  facet normal 0 0 -1
    outer loop
      vertex 14.6 77 0
      vertex 16.2471 70.0605 0
      vertex 15.903 69.9001 0
    endloop
  endfacet
  facet normal 0 0 -1
    outer loop
      vertex 14.6 77 0
      vertex 15.903 69.9001 0
      vertex 15.9007 69.8985 0
    endloop
  endfacet
  facet normal 0 0 -1
    outer loop
      vertex 14.6 77 0
      vertex 15.9007 69.8985 0
      vertex 15.5897 69.6807 0
    endloop
  endfacet
  facet normal 0 0 -1
    outer loop
      vertex 14.6 77 0
      vertex 15.5897 69.6807 0
      vertex 15.3193 69.4103 0
    endloop
  endfacet
  facet normal 0 0 -1
    outer loop
      vertex 14.6 77 0
      vertex 15.3193 69.4103 0
      vertex 15.1015 69.0993 0
    endloop
  endfacet
  facet normal 0 0 -1
    outer loop
      vertex 14.6 77 0
      vertex 15.1015 69.0993 0
      vertex 15.0999 69.097 0
    endloop
  endfacet
  facet normal 0 0 -1
    outer loop
      vertex 14.6 77 0
      vertex 15.0999 69.097 0
      vertex 14.9395 68.7529 0
    endloop
  endfacet
  facet normal 0 0 -1
    outer loop
      vertex 14.6 77 0
      vertex 14.9395 68.7529 0
      vertex 14.9383 68.7504 0
    endloop
  endfacet
  facet normal 0 0 -1
    outer loop
      vertex 14.6 77 0
      vertex 14.9383 68.7504 0
      vertex 14.9376 68.7477 0
    endloop
  endfacet
  facet normal 0 0 -1
    outer loop
      vertex 14.6 77 0
      vertex 14.9376 68.7477 0
      vertex 14.8393 68.381 0
    endloop
  endfacet
  facet normal 0 0 1
    outer loop
      vertex 14.806 68 0
      vertex 14.8393 68.381 0
      vertex 14.8062 68.0028 0
    endloop
  endfacet
  facet normal 0 0 -1
    outer loop
      vertex 14.806 32 0
      vertex 14.6 77 0
      vertex 14.806 68 0
    endloop
  endfacet
  facet normal 0 0 -1
    outer loop
      vertex 14.6 77 0
      vertex 14.8393 68.381 0
      vertex 14.806 68 0
    endloop
  endfacet
  facet normal 0 0 -1
    outer loop
      vertex 18.4103 69.6807 0
      vertex 14.6 77 0
      vertex 14.5757 77.2778 0
    endloop
  endfacet
  facet normal 0 0 -1
    outer loop
      vertex 18.4103 69.6807 0
      vertex 14.5757 77.2778 0
      vertex 16.4 85.4 0
    endloop
  endfacet
  facet normal 0 0 -1
    outer loop
      vertex 14.5035 77.5472 0
      vertex 16.4 85.4 0
      vertex 14.5757 77.2778 0
    endloop
  endfacet
  facet normal 0 0 -1
    outer loop
      vertex 14.3856 77.8 0
      vertex 16.4 85.4 0
      vertex 14.5035 77.5472 0
    endloop
  endfacet
  facet normal 0 0 -1
    outer loop
      vertex 14.2257 78.0285 0
      vertex 16.4 85.4 0
      vertex 14.3856 77.8 0
    endloop
  endfacet
  facet normal 0 0 -1
    outer loop
      vertex 14.0285 78.2257 0
      vertex 16.4 85.4 0
      vertex 14.2257 78.0285 0
    endloop
  endfacet
  facet normal 0 0 -1
    outer loop
      vertex 13.8 78.3856 0
      vertex 16.4 85.4 0
      vertex 14.0285 78.2257 0
    endloop
  endfacet
  facet normal 0 0 -1
    outer loop
      vertex 16.4 85.4 0
      vertex 13.8 78.3856 0
      vertex 14.351 85.2207 0
    endloop
  endfacet
  facet normal 0 0 -1
    outer loop
      vertex 13.5472 78.5035 0
      vertex 14.351 85.2207 0
      vertex 13.8 78.3856 0
    endloop
  endfacet
  facet normal 0 0 -1
    outer loop
      vertex 13.2778 78.5757 0
      vertex 14.351 85.2207 0
      vertex 13.5472 78.5035 0
    endloop
  endfacet
  facet normal 0 0 -1
    outer loop
      vertex 12.3642 84.6884 0
      vertex 13.2778 78.5757 0
      vertex 13 78.6 0
    endloop
  endfacet
  facet normal 0 0 -1
    outer loop
      vertex 10.5 83.8191 0
      vertex 13 78.6 0
      vertex 12.7222 78.5757 0
    endloop
  endfacet
  facet normal 0 0 -1
    outer loop
      vertex 10.5 83.8191 0
      vertex 12.7222 78.5757 0
      vertex 12.4528 78.5035 0
    endloop
  endfacet
  facet normal 0 0 -1
    outer loop
      vertex 13.2778 78.5757 0
      vertex 12.3642 84.6884 0
      vertex 14.351 85.2207 0
    endloop
  endfacet
  facet normal 0 0 -1
    outer loop
      vertex 8.81511 82.6393 0
      vertex 12.4528 78.5035 0
      vertex 12.2 78.3856 0
    endloop
  endfacet
  facet normal 0 0 -1
    outer loop
      vertex 8.81511 82.6393 0
      vertex 12.2 78.3856 0
      vertex 11.9715 78.2257 0
    endloop
  endfacet
  facet normal 0 0 -1
    outer loop
      vertex 8.81511 82.6393 0
      vertex 11.9715 78.2257 0
      vertex 11.7743 78.0285 0
    endloop
  endfacet
  facet normal 0 0 -1
    outer loop
      vertex 7.36068 81.1849 0
      vertex 11.7743 78.0285 0
      vertex 11.6144 77.8 0
    endloop
  endfacet
  facet normal 0 0 -1
    outer loop
      vertex 7.36068 81.1849 0
      vertex 11.6144 77.8 0
      vertex 11.4965 77.5472 0
    endloop
  endfacet
  facet normal 0 0 -1
    outer loop
      vertex 6.1809 79.5 0
      vertex 11.4965 77.5472 0
      vertex 11.4243 77.2778 0
    endloop
  endfacet
  facet normal 0 0 -1
    outer loop
      vertex 13 78.6 0
      vertex 10.5 83.8191 0
      vertex 12.3642 84.6884 0
    endloop
  endfacet
  facet normal 0 0 -1
    outer loop
      vertex 6.1809 79.5 0
      vertex 11.4243 77.2778 0
      vertex 11.4 77 0
    endloop
  endfacet
  facet normal -0 0 -1
    outer loop
      vertex 11.6144 76.2 0
      vertex 4.77927 75.649 0
      vertex 11.4965 76.4528 0
    endloop
  endfacet
  facet normal -0 0 -1
    outer loop
      vertex 11.4965 12.4528 0
      vertex 6.1809 10.5 0
      vertex 11.4243 12.7222 0
    endloop
  endfacet
  facet normal -0 0 -1
    outer loop
      vertex 11.4965 76.4528 0
      vertex 4.77927 75.649 0
      vertex 11.4243 76.7222 0
    endloop
  endfacet
  facet normal -0 0 -1
    outer loop
      vertex 11.4243 12.7222 0
      vertex 6.1809 10.5 0
      vertex 11.4 13 0
    endloop
  endfacet
  facet normal 0 -0 -1
    outer loop
      vertex 5.31163 77.6358 0
      vertex 11.4243 76.7222 0
      vertex 4.77927 75.649 0
    endloop
  endfacet
  facet normal 0 0 -1
    outer loop
      vertex 5.31163 12.3642 0
      vertex 11.4 13 0
      vertex 6.1809 10.5 0
    endloop
  endfacet
  facet normal 0 0 -1
    outer loop
      vertex 12.4528 78.5035 0
      vertex 8.81511 82.6393 0
      vertex 10.5 83.8191 0
    endloop
  endfacet
  facet normal -0 0 -1
    outer loop
      vertex 11.4243 13.2778 0
      vertex 5.31163 12.3642 0
      vertex 4.77927 14.351 0
    endloop
  endfacet
  facet normal 0 0 -1
    outer loop
      vertex 11.7743 78.0285 0
      vertex 7.36068 81.1849 0
      vertex 8.81511 82.6393 0
    endloop
  endfacet
  facet normal 0 0 -1
    outer loop
      vertex 11.6144 13.8 0
      vertex 4.77927 14.351 0
      vertex 4.6 16.4 0
    endloop
  endfacet
  facet normal 0 0 -1
    outer loop
      vertex 11.4965 77.5472 0
      vertex 6.1809 79.5 0
      vertex 7.36068 81.1849 0
    endloop
  endfacet
  facet normal 0 0 -1
    outer loop
      vertex 11.4 77 0
      vertex 5.31163 77.6358 0
      vertex 6.1809 79.5 0
    endloop
  endfacet
  facet normal 0 0 -1
    outer loop
      vertex 11.4243 76.7222 0
      vertex 5.31163 77.6358 0
      vertex 11.4 77 0
    endloop
  endfacet
  facet normal 0.819151 -0.573578 0
    outer loop
      vertex 86.2567 5.7154 10
      vertex 87.8564 8 0
      vertex 87.8564 8 10
    endloop
  endfacet
  facet normal 0.819151 -0.573578 0
    outer loop
      vertex 87.8564 8 0
      vertex 86.2567 5.7154 10
      vertex 86.2567 5.7154 0
    endloop
  endfacet
  facet normal 0.965928 -0.25881 0
    outer loop
      vertex 89.0351 10.5277 10
      vertex 89.7569 13.2216 0
      vertex 89.7569 13.2216 10
    endloop
  endfacet
  facet normal 0.965928 -0.25881 0
    outer loop
      vertex 89.7569 13.2216 0
      vertex 89.0351 10.5277 10
      vertex 89.0351 10.5277 0
    endloop
  endfacet
  facet normal 0.996194 0.0871634 0
    outer loop
      vertex 90 74 10
      vertex 89.7569 76.7784 0
      vertex 89.7569 76.7784 10
    endloop
  endfacet
  facet normal 0.996194 0.0871634 0
    outer loop
      vertex 89.7569 76.7784 0
      vertex 90 74 10
      vertex 90 74 0
    endloop
  endfacet
  facet normal 0.573578 -0.819151 0
    outer loop
      vertex 82 2.14359 0
      vertex 84.2846 3.74329 10
      vertex 82 2.14359 10
    endloop
  endfacet
  facet normal 0.573578 -0.819151 0
    outer loop
      vertex 84.2846 3.74329 10
      vertex 82 2.14359 0
      vertex 84.2846 3.74329 0
    endloop
  endfacet
  facet normal -0.965925 0.258824 0
    outer loop
      vertex 0.243075 76.7784 0
      vertex 0.964917 79.4723 10
      vertex 0.964917 79.4723 0
    endloop
  endfacet
  facet normal -0.965925 0.258824 0
    outer loop
      vertex 0.964917 79.4723 10
      vertex 0.243075 76.7784 0
      vertex 0.243075 76.7784 10
    endloop
  endfacet
  facet normal 0.996194 -0.0871634 0
    outer loop
      vertex 89.7569 13.2216 10
      vertex 90 16 0
      vertex 90 16 10
    endloop
  endfacet
  facet normal 0.996194 -0.0871634 0
    outer loop
      vertex 90 16 0
      vertex 89.7569 13.2216 10
      vertex 89.7569 13.2216 0
    endloop
  endfacet
  facet normal 0.422622 0.906306 -0
    outer loop
      vertex 82 87.8564 0
      vertex 79.4723 89.0351 10
      vertex 82 87.8564 10
    endloop
  endfacet
  facet normal 0.422622 0.906306 0
    outer loop
      vertex 79.4723 89.0351 10
      vertex 82 87.8564 0
      vertex 79.4723 89.0351 0
    endloop
  endfacet
  facet normal -0.90631 0.422614 0
    outer loop
      vertex 0.964917 79.4723 0
      vertex 2.14359 82 10
      vertex 2.14359 82 0
    endloop
  endfacet
  facet normal -0.90631 0.422614 0
    outer loop
      vertex 2.14359 82 10
      vertex 0.964917 79.4723 0
      vertex 0.964917 79.4723 10
    endloop
  endfacet
  facet normal 0.25881 0.965928 -0
    outer loop
      vertex 79.4723 89.0351 0
      vertex 76.7784 89.7569 10
      vertex 79.4723 89.0351 10
    endloop
  endfacet
  facet normal 0.25881 0.965928 0
    outer loop
      vertex 76.7784 89.7569 10
      vertex 79.4723 89.0351 0
      vertex 76.7784 89.7569 0
    endloop
  endfacet
  facet normal 0.965928 0.25881 0
    outer loop
      vertex 89.7569 76.7784 10
      vertex 89.0351 79.4723 0
      vertex 89.0351 79.4723 10
    endloop
  endfacet
  facet normal 0.965928 0.25881 0
    outer loop
      vertex 89.0351 79.4723 0
      vertex 89.7569 76.7784 10
      vertex 89.7569 76.7784 0
    endloop
  endfacet
  facet normal -0.707107 -0.707107 0
    outer loop
      vertex 5.7154 3.74329 0
      vertex 3.74329 5.7154 10
      vertex 3.74329 5.7154 0
    endloop
  endfacet
  facet normal -0.707107 -0.707107 0
    outer loop
      vertex 3.74329 5.7154 10
      vertex 5.7154 3.74329 0
      vertex 5.7154 3.74329 10
    endloop
  endfacet
  facet normal -0.819151 0.573578 0
    outer loop
      vertex 2.14359 82 0
      vertex 3.74329 84.2846 10
      vertex 3.74329 84.2846 0
    endloop
  endfacet
  facet normal -0.819151 0.573578 0
    outer loop
      vertex 3.74329 84.2846 10
      vertex 2.14359 82 0
      vertex 2.14359 82 10
    endloop
  endfacet
  facet normal -0.573578 0.819151 0
    outer loop
      vertex 8 87.8564 0
      vertex 5.7154 86.2567 10
      vertex 8 87.8564 10
    endloop
  endfacet
  facet normal -0.573578 0.819151 0
    outer loop
      vertex 5.7154 86.2567 10
      vertex 8 87.8564 0
      vertex 5.7154 86.2567 0
    endloop
  endfacet
  facet normal 0.96592 0.258841 0
    outer loop
      vertex 65.681 53.6466 21
      vertex 64.7335 57.1824 10
      vertex 64.7335 57.1824 21
    endloop
  endfacet
  facet normal 0.96592 0.258841 0
    outer loop
      vertex 64.7335 57.1824 10
      vertex 65.681 53.6466 21
      vertex 65.681 53.6466 10
    endloop
  endfacet
  facet normal 0.996196 0.0871459 0
    outer loop
      vertex 66 50 21
      vertex 65.681 53.6466 10
      vertex 65.681 53.6466 21
    endloop
  endfacet
  facet normal 0.996196 0.0871459 0
    outer loop
      vertex 65.681 53.6466 10
      vertex 66 50 21
      vertex 66 50 10
    endloop
  endfacet
  facet normal 0.90631 0.422613 0
    outer loop
      vertex 64.7335 57.1824 21
      vertex 63.1865 60.5 10
      vertex 63.1865 60.5 21
    endloop
  endfacet
  facet normal 0.90631 0.422613 0
    outer loop
      vertex 63.1865 60.5 10
      vertex 64.7335 57.1824 21
      vertex 64.7335 57.1824 10
    endloop
  endfacet
  facet normal 0.422613 -0.90631 0
    outer loop
      vertex 52.1824 30.2665 10
      vertex 55.5 31.8135 21
      vertex 52.1824 30.2665 21
    endloop
  endfacet
  facet normal 0.422613 -0.90631 0
    outer loop
      vertex 55.5 31.8135 21
      vertex 52.1824 30.2665 10
      vertex 55.5 31.8135 10
    endloop
  endfacet
  facet normal -0.996196 0.0871459 0
    outer loop
      vertex 24 50 10
      vertex 24.319 53.6466 21
      vertex 24.319 53.6466 10
    endloop
  endfacet
  facet normal -0.996196 0.0871459 0
    outer loop
      vertex 24.319 53.6466 21
      vertex 24 50 10
      vertex 24 50 21
    endloop
  endfacet
  facet normal 0 0 1
    outer loop
      vertex 64 50 21
      vertex 66 50 21
      vertex 65.681 53.6466 21
    endloop
  endfacet
  facet normal 0 0 1
    outer loop
      vertex 63.7113 53.2993 21
      vertex 65.681 53.6466 21
      vertex 64.7335 57.1824 21
    endloop
  endfacet
  facet normal 0 0 1
    outer loop
      vertex 66 50 21
      vertex 64 50 21
      vertex 65.681 46.3534 21
    endloop
  endfacet
  facet normal -0 0 1
    outer loop
      vertex 63.7113 46.7007 21
      vertex 65.681 46.3534 21
      vertex 64 50 21
    endloop
  endfacet
  facet normal 0 0 1
    outer loop
      vertex 65.681 53.6466 21
      vertex 63.7113 53.2993 21
      vertex 64 50 21
    endloop
  endfacet
  facet normal 0 0 1
    outer loop
      vertex 62.8542 56.4984 21
      vertex 64.7335 57.1824 21
      vertex 63.1865 60.5 21
    endloop
  endfacet
  facet normal 0 0 1
    outer loop
      vertex 64.7335 57.1824 21
      vertex 62.8542 56.4984 21
      vertex 63.7113 53.2993 21
    endloop
  endfacet
  facet normal 0 0 1
    outer loop
      vertex 63.1865 60.5 21
      vertex 61.4545 59.5 21
      vertex 62.8542 56.4984 21
    endloop
  endfacet
  facet normal 0 0 1
    outer loop
      vertex 61.0869 63.4985 21
      vertex 61.4545 59.5 21
      vertex 63.1865 60.5 21
    endloop
  endfacet
  facet normal 0 0 1
    outer loop
      vertex 61.0869 63.4985 21
      vertex 59.5548 62.213 21
      vertex 61.4545 59.5 21
    endloop
  endfacet
  facet normal 0 0 1
    outer loop
      vertex 58.4985 66.0869 21
      vertex 59.5548 62.213 21
      vertex 61.0869 63.4985 21
    endloop
  endfacet
  facet normal 0 0 1
    outer loop
      vertex 58.4985 66.0869 21
      vertex 57.213 64.5548 21
      vertex 59.5548 62.213 21
    endloop
  endfacet
  facet normal 0 0 1
    outer loop
      vertex 55.5 68.1865 21
      vertex 57.213 64.5548 21
      vertex 58.4985 66.0869 21
    endloop
  endfacet
  facet normal 0 0 1
    outer loop
      vertex 55.5 68.1865 21
      vertex 54.5 66.4545 21
      vertex 57.213 64.5548 21
    endloop
  endfacet
  facet normal 0 0 1
    outer loop
      vertex 52.1824 69.7335 21
      vertex 54.5 66.4545 21
      vertex 55.5 68.1865 21
    endloop
  endfacet
  facet normal 0 0 1
    outer loop
      vertex 52.1824 69.7335 21
      vertex 51.4984 67.8542 21
      vertex 54.5 66.4545 21
    endloop
  endfacet
  facet normal 0 0 1
    outer loop
      vertex 48.6466 70.681 21
      vertex 51.4984 67.8542 21
      vertex 52.1824 69.7335 21
    endloop
  endfacet
  facet normal 0 0 1
    outer loop
      vertex 48.6466 70.681 21
      vertex 48.2993 68.7113 21
      vertex 51.4984 67.8542 21
    endloop
  endfacet
  facet normal 0 0 1
    outer loop
      vertex 45 71 21
      vertex 48.2993 68.7113 21
      vertex 48.6466 70.681 21
    endloop
  endfacet
  facet normal 0 0 1
    outer loop
      vertex 45 71 21
      vertex 45 69 21
      vertex 48.2993 68.7113 21
    endloop
  endfacet
  facet normal 0 0 1
    outer loop
      vertex 45 71 21
      vertex 41.7007 68.7113 21
      vertex 45 69 21
    endloop
  endfacet
  facet normal -0 0 1
    outer loop
      vertex 41.3534 70.681 21
      vertex 41.7007 68.7113 21
      vertex 45 71 21
    endloop
  endfacet
  facet normal 0 0 1
    outer loop
      vertex 41.3534 70.681 21
      vertex 38.5016 67.8542 21
      vertex 41.7007 68.7113 21
    endloop
  endfacet
  facet normal -0 0 1
    outer loop
      vertex 37.8176 69.7335 21
      vertex 38.5016 67.8542 21
      vertex 41.3534 70.681 21
    endloop
  endfacet
  facet normal 0 0 1
    outer loop
      vertex 37.8176 69.7335 21
      vertex 35.5 66.4545 21
      vertex 38.5016 67.8542 21
    endloop
  endfacet
  facet normal -0 0 1
    outer loop
      vertex 34.5 68.1865 21
      vertex 35.5 66.4545 21
      vertex 37.8176 69.7335 21
    endloop
  endfacet
  facet normal 0 0 1
    outer loop
      vertex 34.5 68.1865 21
      vertex 32.787 64.5548 21
      vertex 35.5 66.4545 21
    endloop
  endfacet
  facet normal -0 0 1
    outer loop
      vertex 31.5015 66.0869 21
      vertex 32.787 64.5548 21
      vertex 34.5 68.1865 21
    endloop
  endfacet
  facet normal 0 0 1
    outer loop
      vertex 31.5015 66.0869 21
      vertex 30.4452 62.213 21
      vertex 32.787 64.5548 21
    endloop
  endfacet
  facet normal -0 0 1
    outer loop
      vertex 28.9131 63.4985 21
      vertex 30.4452 62.213 21
      vertex 31.5015 66.0869 21
    endloop
  endfacet
  facet normal 0 0 1
    outer loop
      vertex 28.9131 63.4985 21
      vertex 28.5455 59.5 21
      vertex 30.4452 62.213 21
    endloop
  endfacet
  facet normal -0 0 1
    outer loop
      vertex 26.8135 60.5 21
      vertex 28.5455 59.5 21
      vertex 28.9131 63.4985 21
    endloop
  endfacet
  facet normal 0 0 1
    outer loop
      vertex 28.5455 59.5 21
      vertex 26.8135 60.5 21
      vertex 27.1458 56.4984 21
    endloop
  endfacet
  facet normal -0 0 1
    outer loop
      vertex 25.2665 57.1824 21
      vertex 27.1458 56.4984 21
      vertex 26.8135 60.5 21
    endloop
  endfacet
  facet normal 0 0 1
    outer loop
      vertex 27.1458 56.4984 21
      vertex 25.2665 57.1824 21
      vertex 26.2887 53.2993 21
    endloop
  endfacet
  facet normal -0 0 1
    outer loop
      vertex 24.319 53.6466 21
      vertex 26.2887 53.2993 21
      vertex 25.2665 57.1824 21
    endloop
  endfacet
  facet normal 0 0 1
    outer loop
      vertex 65.681 46.3534 21
      vertex 63.7113 46.7007 21
      vertex 64.7335 42.8176 21
    endloop
  endfacet
  facet normal -0 0 1
    outer loop
      vertex 62.8542 43.5016 21
      vertex 64.7335 42.8176 21
      vertex 63.7113 46.7007 21
    endloop
  endfacet
  facet normal 0 0 1
    outer loop
      vertex 64.7335 42.8176 21
      vertex 62.8542 43.5016 21
      vertex 63.1865 39.5 21
    endloop
  endfacet
  facet normal -0 0 1
    outer loop
      vertex 61.4545 40.5 21
      vertex 63.1865 39.5 21
      vertex 62.8542 43.5016 21
    endloop
  endfacet
  facet normal 0 0 1
    outer loop
      vertex 61.4545 40.5 21
      vertex 61.0869 36.5015 21
      vertex 63.1865 39.5 21
    endloop
  endfacet
  facet normal -0 0 1
    outer loop
      vertex 59.5548 37.787 21
      vertex 61.0869 36.5015 21
      vertex 61.4545 40.5 21
    endloop
  endfacet
  facet normal 0 0 1
    outer loop
      vertex 59.5548 37.787 21
      vertex 58.4985 33.9131 21
      vertex 61.0869 36.5015 21
    endloop
  endfacet
  facet normal -0 0 1
    outer loop
      vertex 57.213 35.4452 21
      vertex 58.4985 33.9131 21
      vertex 59.5548 37.787 21
    endloop
  endfacet
  facet normal 0 0 1
    outer loop
      vertex 57.213 35.4452 21
      vertex 55.5 31.8135 21
      vertex 58.4985 33.9131 21
    endloop
  endfacet
  facet normal -0 0 1
    outer loop
      vertex 54.5 33.5455 21
      vertex 55.5 31.8135 21
      vertex 57.213 35.4452 21
    endloop
  endfacet
  facet normal 0 0 1
    outer loop
      vertex 54.5 33.5455 21
      vertex 52.1824 30.2665 21
      vertex 55.5 31.8135 21
    endloop
  endfacet
  facet normal -0 0 1
    outer loop
      vertex 51.4984 32.1458 21
      vertex 52.1824 30.2665 21
      vertex 54.5 33.5455 21
    endloop
  endfacet
  facet normal 0 0 1
    outer loop
      vertex 51.4984 32.1458 21
      vertex 48.6466 29.319 21
      vertex 52.1824 30.2665 21
    endloop
  endfacet
  facet normal -0 0 1
    outer loop
      vertex 48.2993 31.2887 21
      vertex 48.6466 29.319 21
      vertex 51.4984 32.1458 21
    endloop
  endfacet
  facet normal -0 0 1
    outer loop
      vertex 45 31 21
      vertex 48.6466 29.319 21
      vertex 48.2993 31.2887 21
    endloop
  endfacet
  facet normal 0 0 1
    outer loop
      vertex 45 31 21
      vertex 45 29 21
      vertex 48.6466 29.319 21
    endloop
  endfacet
  facet normal 0 0 1
    outer loop
      vertex 41.7007 31.2887 21
      vertex 45 29 21
      vertex 45 31 21
    endloop
  endfacet
  facet normal 0 0 1
    outer loop
      vertex 41.7007 31.2887 21
      vertex 41.3534 29.319 21
      vertex 45 29 21
    endloop
  endfacet
  facet normal 0 0 1
    outer loop
      vertex 38.5016 32.1458 21
      vertex 41.3534 29.319 21
      vertex 41.7007 31.2887 21
    endloop
  endfacet
  facet normal 0 0 1
    outer loop
      vertex 38.5016 32.1458 21
      vertex 37.8176 30.2665 21
      vertex 41.3534 29.319 21
    endloop
  endfacet
  facet normal 0 0 1
    outer loop
      vertex 35.5 33.5455 21
      vertex 37.8176 30.2665 21
      vertex 38.5016 32.1458 21
    endloop
  endfacet
  facet normal 0 0 1
    outer loop
      vertex 35.5 33.5455 21
      vertex 34.5 31.8135 21
      vertex 37.8176 30.2665 21
    endloop
  endfacet
  facet normal 0 0 1
    outer loop
      vertex 32.787 35.4452 21
      vertex 34.5 31.8135 21
      vertex 35.5 33.5455 21
    endloop
  endfacet
  facet normal 0 0 1
    outer loop
      vertex 32.787 35.4452 21
      vertex 31.5015 33.9131 21
      vertex 34.5 31.8135 21
    endloop
  endfacet
  facet normal 0 0 1
    outer loop
      vertex 30.4452 37.787 21
      vertex 31.5015 33.9131 21
      vertex 32.787 35.4452 21
    endloop
  endfacet
  facet normal 0 0 1
    outer loop
      vertex 30.4452 37.787 21
      vertex 28.9131 36.5015 21
      vertex 31.5015 33.9131 21
    endloop
  endfacet
  facet normal 0 0 1
    outer loop
      vertex 28.5455 40.5 21
      vertex 28.9131 36.5015 21
      vertex 30.4452 37.787 21
    endloop
  endfacet
  facet normal 0 0 1
    outer loop
      vertex 26.8135 39.5 21
      vertex 28.5455 40.5 21
      vertex 27.1458 43.5016 21
    endloop
  endfacet
  facet normal 0 0 1
    outer loop
      vertex 28.5455 40.5 21
      vertex 26.8135 39.5 21
      vertex 28.9131 36.5015 21
    endloop
  endfacet
  facet normal 0 0 1
    outer loop
      vertex 25.2665 42.8176 21
      vertex 27.1458 43.5016 21
      vertex 26.2887 46.7007 21
    endloop
  endfacet
  facet normal 0 0 1
    outer loop
      vertex 24.319 46.3534 21
      vertex 26.2887 46.7007 21
      vertex 26 50 21
    endloop
  endfacet
  facet normal 0 0 1
    outer loop
      vertex 26.2887 53.2993 21
      vertex 24.319 53.6466 21
      vertex 26 50 21
    endloop
  endfacet
  facet normal 0 0 1
    outer loop
      vertex 27.1458 43.5016 21
      vertex 25.2665 42.8176 21
      vertex 26.8135 39.5 21
    endloop
  endfacet
  facet normal 0 0 1
    outer loop
      vertex 24 50 21
      vertex 26 50 21
      vertex 24.319 53.6466 21
    endloop
  endfacet
  facet normal 0 0 1
    outer loop
      vertex 26.2887 46.7007 21
      vertex 24.319 46.3534 21
      vertex 25.2665 42.8176 21
    endloop
  endfacet
  facet normal 0 0 1
    outer loop
      vertex 26 50 21
      vertex 24 50 21
      vertex 24.319 46.3534 21
    endloop
  endfacet
  facet normal -0.90631 -0.422613 0
    outer loop
      vertex 26.8135 39.5 10
      vertex 25.2665 42.8176 21
      vertex 25.2665 42.8176 10
    endloop
  endfacet
  facet normal -0.90631 -0.422613 0
    outer loop
      vertex 25.2665 42.8176 21
      vertex 26.8135 39.5 10
      vertex 26.8135 39.5 21
    endloop
  endfacet
  facet normal -0.707107 0.707107 0
    outer loop
      vertex 31.5015 66.0869 10
      vertex 28.9131 63.4985 21
      vertex 31.5015 66.0869 21
    endloop
  endfacet
  facet normal -0.707107 0.707107 0
    outer loop
      vertex 28.9131 63.4985 21
      vertex 31.5015 66.0869 10
      vertex 28.9131 63.4985 10
    endloop
  endfacet
  facet normal -0.0871459 0.996196 0
    outer loop
      vertex 45 71 20.9
      vertex 41.3534 70.681 21
      vertex 45 71 21
    endloop
  endfacet
  facet normal -0.0871459 0.996196 0
    outer loop
      vertex 41.3534 70.681 21
      vertex 45 71 20.9
      vertex 41.3534 70.681 20.9
    endloop
  endfacet
  facet normal 0.96592 -0.258841 0
    outer loop
      vertex 64.7335 42.8176 21
      vertex 65.681 46.3534 10
      vertex 65.681 46.3534 21
    endloop
  endfacet
  facet normal 0.96592 -0.258841 0
    outer loop
      vertex 65.681 46.3534 10
      vertex 64.7335 42.8176 21
      vertex 64.7335 42.8176 10
    endloop
  endfacet
  facet normal 0.819148 -0.573582 0
    outer loop
      vertex 61.0869 36.5015 21
      vertex 63.1865 39.5 10
      vertex 63.1865 39.5 21
    endloop
  endfacet
  facet normal 0.819148 -0.573582 0
    outer loop
      vertex 63.1865 39.5 10
      vertex 61.0869 36.5015 21
      vertex 61.0869 36.5015 10
    endloop
  endfacet
  facet normal 0.258841 -0.96592 0
    outer loop
      vertex 48.6466 29.319 10
      vertex 52.1824 30.2665 21
      vertex 48.6466 29.319 21
    endloop
  endfacet
  facet normal 0.258841 -0.96592 0
    outer loop
      vertex 52.1824 30.2665 21
      vertex 48.6466 29.319 10
      vertex 52.1824 30.2665 10
    endloop
  endfacet
  facet normal -0.819148 0.573582 0
    outer loop
      vertex 26.8135 60.5 10
      vertex 28.9131 63.4985 21
      vertex 28.9131 63.4985 10
    endloop
  endfacet
  facet normal -0.819148 0.573582 0
    outer loop
      vertex 28.9131 63.4985 21
      vertex 26.8135 60.5 10
      vertex 26.8135 60.5 21
    endloop
  endfacet
  facet normal 0.819148 0.573582 0
    outer loop
      vertex 63.1865 60.5 21
      vertex 61.0869 63.4985 10
      vertex 61.0869 63.4985 21
    endloop
  endfacet
  facet normal 0.819148 0.573582 0
    outer loop
      vertex 61.0869 63.4985 10
      vertex 63.1865 60.5 21
      vertex 63.1865 60.5 10
    endloop
  endfacet
  facet normal -0.258836 0.965921 0
    outer loop
      vertex 41 70.5863 20.9
      vertex 41.3534 70.681 21
      vertex 41.3534 70.681 20.9
    endloop
  endfacet
  facet normal -0.258841 0.96592 1.70466e-05
    outer loop
      vertex 41.3534 70.681 21
      vertex 41 70.5863 20.9
      vertex 37.8176 69.7335 21
    endloop
  endfacet
  facet normal -0.258841 0.96592 0
    outer loop
      vertex 37.8176 69.7335 10
      vertex 41 70.5863 20.9
      vertex 41 70.5863 10
    endloop
  endfacet
  facet normal -0.258841 0.96592 0
    outer loop
      vertex 41 70.5863 20.9
      vertex 37.8176 69.7335 10
      vertex 37.8176 69.7335 21
    endloop
  endfacet
  facet normal -0.573582 0.819148 0
    outer loop
      vertex 34.5 68.1865 10
      vertex 31.5015 66.0869 21
      vertex 34.5 68.1865 21
    endloop
  endfacet
  facet normal -0.573582 0.819148 0
    outer loop
      vertex 31.5015 66.0869 21
      vertex 34.5 68.1865 10
      vertex 31.5015 66.0869 10
    endloop
  endfacet
  facet normal -0.0871459 -0.996196 0
    outer loop
      vertex 41.3534 29.319 10
      vertex 45 29 21
      vertex 41.3534 29.319 21
    endloop
  endfacet
  facet normal -0.0871459 -0.996196 -0
    outer loop
      vertex 45 29 21
      vertex 41.3534 29.319 10
      vertex 45 29 10
    endloop
  endfacet
  facet normal 0.707107 -0.707107 0
    outer loop
      vertex 58.4985 33.9131 21
      vertex 61.0869 36.5015 10
      vertex 61.0869 36.5015 21
    endloop
  endfacet
  facet normal 0.707107 -0.707107 0
    outer loop
      vertex 61.0869 36.5015 10
      vertex 58.4985 33.9131 21
      vertex 58.4985 33.9131 10
    endloop
  endfacet
  facet normal 0.90631 -0.422613 0
    outer loop
      vertex 63.1865 39.5 21
      vertex 64.7335 42.8176 10
      vertex 64.7335 42.8176 21
    endloop
  endfacet
  facet normal 0.90631 -0.422613 0
    outer loop
      vertex 64.7335 42.8176 10
      vertex 63.1865 39.5 21
      vertex 63.1865 39.5 10
    endloop
  endfacet
  facet normal 0.258841 0.96592 1.70466e-05
    outer loop
      vertex 52.1824 69.7335 21
      vertex 49 70.5863 20.9
      vertex 48.6466 70.681 21
    endloop
  endfacet
  facet normal 0.258841 0.96592 -0
    outer loop
      vertex 52.1824 69.7335 10
      vertex 49 70.5863 20.9
      vertex 52.1824 69.7335 21
    endloop
  endfacet
  facet normal 0.258841 0.96592 0
    outer loop
      vertex 49 70.5863 20.9
      vertex 52.1824 69.7335 10
      vertex 49 70.5863 10
    endloop
  endfacet
  facet normal 0.258836 0.965921 0
    outer loop
      vertex 48.6466 70.681 21
      vertex 49 70.5863 20.9
      vertex 48.6466 70.681 20.9
    endloop
  endfacet
  facet normal -0.96592 -0.258841 0
    outer loop
      vertex 25.2665 42.8176 10
      vertex 24.319 46.3534 21
      vertex 24.319 46.3534 10
    endloop
  endfacet
  facet normal -0.96592 -0.258841 0
    outer loop
      vertex 24.319 46.3534 21
      vertex 25.2665 42.8176 10
      vertex 25.2665 42.8176 21
    endloop
  endfacet
  facet normal -0.96592 0.258841 0
    outer loop
      vertex 24.319 53.6466 10
      vertex 25.2665 57.1824 21
      vertex 25.2665 57.1824 10
    endloop
  endfacet
  facet normal -0.96592 0.258841 0
    outer loop
      vertex 25.2665 57.1824 21
      vertex 24.319 53.6466 10
      vertex 24.319 53.6466 21
    endloop
  endfacet
  facet normal 0.0871459 -0.996196 0
    outer loop
      vertex 45 29 10
      vertex 48.6466 29.319 21
      vertex 45 29 21
    endloop
  endfacet
  facet normal 0.0871459 -0.996196 0
    outer loop
      vertex 48.6466 29.319 21
      vertex 45 29 10
      vertex 48.6466 29.319 10
    endloop
  endfacet
  facet normal 0.573582 -0.819148 0
    outer loop
      vertex 55.5 31.8135 10
      vertex 58.4985 33.9131 21
      vertex 55.5 31.8135 21
    endloop
  endfacet
  facet normal 0.573582 -0.819148 0
    outer loop
      vertex 58.4985 33.9131 21
      vertex 55.5 31.8135 10
      vertex 58.4985 33.9131 10
    endloop
  endfacet
  facet normal 0.422613 0.90631 -0
    outer loop
      vertex 55.5 68.1865 10
      vertex 52.1824 69.7335 21
      vertex 55.5 68.1865 21
    endloop
  endfacet
  facet normal 0.422613 0.90631 0
    outer loop
      vertex 52.1824 69.7335 21
      vertex 55.5 68.1865 10
      vertex 52.1824 69.7335 10
    endloop
  endfacet
  facet normal 0.707107 0.707107 -0
    outer loop
      vertex 61.0869 63.4985 10
      vertex 58.4985 66.0869 21
      vertex 61.0869 63.4985 21
    endloop
  endfacet
  facet normal 0.707107 0.707107 0
    outer loop
      vertex 58.4985 66.0869 21
      vertex 61.0869 63.4985 10
      vertex 58.4985 66.0869 10
    endloop
  endfacet
  facet normal -0.573582 -0.819148 0
    outer loop
      vertex 31.5015 33.9131 10
      vertex 34.5 31.8135 21
      vertex 31.5015 33.9131 21
    endloop
  endfacet
  facet normal -0.573582 -0.819148 -0
    outer loop
      vertex 34.5 31.8135 21
      vertex 31.5015 33.9131 10
      vertex 34.5 31.8135 10
    endloop
  endfacet
  facet normal -0.819148 -0.573582 0
    outer loop
      vertex 28.9131 36.5015 10
      vertex 26.8135 39.5 21
      vertex 26.8135 39.5 10
    endloop
  endfacet
  facet normal -0.819148 -0.573582 0
    outer loop
      vertex 26.8135 39.5 21
      vertex 28.9131 36.5015 10
      vertex 28.9131 36.5015 21
    endloop
  endfacet
  facet normal -0.258841 -0.96592 0
    outer loop
      vertex 37.8176 30.2665 10
      vertex 41.3534 29.319 21
      vertex 37.8176 30.2665 21
    endloop
  endfacet
  facet normal -0.258841 -0.96592 -0
    outer loop
      vertex 41.3534 29.319 21
      vertex 37.8176 30.2665 10
      vertex 41.3534 29.319 10
    endloop
  endfacet
  facet normal 0.996196 -0.0871459 0
    outer loop
      vertex 65.681 46.3534 21
      vertex 66 50 10
      vertex 66 50 21
    endloop
  endfacet
  facet normal 0.996196 -0.0871459 0
    outer loop
      vertex 66 50 10
      vertex 65.681 46.3534 21
      vertex 65.681 46.3534 10
    endloop
  endfacet
  facet normal -0.422613 -0.90631 0
    outer loop
      vertex 34.5 31.8135 10
      vertex 37.8176 30.2665 21
      vertex 34.5 31.8135 21
    endloop
  endfacet
  facet normal -0.422613 -0.90631 -0
    outer loop
      vertex 37.8176 30.2665 21
      vertex 34.5 31.8135 10
      vertex 37.8176 30.2665 10
    endloop
  endfacet
  facet normal -0.707107 -0.707107 0
    outer loop
      vertex 31.5015 33.9131 10
      vertex 28.9131 36.5015 21
      vertex 28.9131 36.5015 10
    endloop
  endfacet
  facet normal -0.707107 -0.707107 0
    outer loop
      vertex 28.9131 36.5015 21
      vertex 31.5015 33.9131 10
      vertex 31.5015 33.9131 21
    endloop
  endfacet
  facet normal -0.422613 0.90631 0
    outer loop
      vertex 37.8176 69.7335 10
      vertex 34.5 68.1865 21
      vertex 37.8176 69.7335 21
    endloop
  endfacet
  facet normal -0.422613 0.90631 0
    outer loop
      vertex 34.5 68.1865 21
      vertex 37.8176 69.7335 10
      vertex 34.5 68.1865 10
    endloop
  endfacet
  facet normal 0.0871459 0.996196 -0
    outer loop
      vertex 48.6466 70.681 20.9
      vertex 45 71 21
      vertex 48.6466 70.681 21
    endloop
  endfacet
  facet normal 0.0871459 0.996196 0
    outer loop
      vertex 45 71 21
      vertex 48.6466 70.681 20.9
      vertex 45 71 20.9
    endloop
  endfacet
  facet normal 0.573582 0.819148 -0
    outer loop
      vertex 58.4985 66.0869 10
      vertex 55.5 68.1865 21
      vertex 58.4985 66.0869 21
    endloop
  endfacet
  facet normal 0.573582 0.819148 0
    outer loop
      vertex 55.5 68.1865 21
      vertex 58.4985 66.0869 10
      vertex 55.5 68.1865 10
    endloop
  endfacet
  facet normal -0.996196 -0.0871459 0
    outer loop
      vertex 24.319 46.3534 10
      vertex 24 50 21
      vertex 24 50 10
    endloop
  endfacet
  facet normal -0.996196 -0.0871459 0
    outer loop
      vertex 24 50 21
      vertex 24.319 46.3534 10
      vertex 24.319 46.3534 21
    endloop
  endfacet
  facet normal -0.90631 0.422613 0
    outer loop
      vertex 25.2665 57.1824 10
      vertex 26.8135 60.5 21
      vertex 26.8135 60.5 10
    endloop
  endfacet
  facet normal -0.90631 0.422613 0
    outer loop
      vertex 26.8135 60.5 21
      vertex 25.2665 57.1824 10
      vertex 25.2665 57.1824 21
    endloop
  endfacet
  facet normal -0.258785 0.965935 0
    outer loop
      vertex 36.0774 47.04 1
      vertex 35.547 46.8979 4.2
      vertex 36.0774 47.04 4.2
    endloop
  endfacet
  facet normal -0.258785 0.965935 0
    outer loop
      vertex 35.547 46.8979 4.2
      vertex 36.0774 47.04 1
      vertex 35.547 46.8979 1
    endloop
  endfacet
  facet normal -0.965935 -0.258785 0
    outer loop
      vertex 38.1021 50.547 1
      vertex 37.96 51.0774 4.2
      vertex 37.96 51.0774 1
    endloop
  endfacet
  facet normal -0.965935 -0.258785 0
    outer loop
      vertex 37.96 51.0774 4.2
      vertex 38.1021 50.547 1
      vertex 38.1021 50.547 4.2
    endloop
  endfacet
  facet normal -0.996188 -0.0872347 0
    outer loop
      vertex 38.15 50 1
      vertex 38.1021 50.547 4.2
      vertex 38.1021 50.547 1
    endloop
  endfacet
  facet normal -0.996188 -0.0872347 0
    outer loop
      vertex 38.1021 50.547 4.2
      vertex 38.15 50 1
      vertex 38.15 50 4.2
    endloop
  endfacet
  facet normal -0.906332 -0.422566 0
    outer loop
      vertex 37.96 51.0774 1
      vertex 37.728 51.575 4.2
      vertex 37.728 51.575 1
    endloop
  endfacet
  facet normal -0.906332 -0.422566 0
    outer loop
      vertex 37.728 51.575 4.2
      vertex 37.96 51.0774 1
      vertex 37.96 51.0774 4.2
    endloop
  endfacet
  facet normal -0.996188 0.0872347 0
    outer loop
      vertex 38.1021 49.453 1
      vertex 38.15 50 4.2
      vertex 38.15 50 1
    endloop
  endfacet
  facet normal -0.996188 0.0872347 0
    outer loop
      vertex 38.15 50 4.2
      vertex 38.1021 49.453 1
      vertex 38.1021 49.453 4.2
    endloop
  endfacet
  facet normal 0.819112 -0.573633 0
    outer loop
      vertex 32.272 51.575 4.2
      vertex 32.587 52.0248 1
      vertex 32.587 52.0248 4.2
    endloop
  endfacet
  facet normal 0.819112 -0.573633 0
    outer loop
      vertex 32.587 52.0248 1
      vertex 32.272 51.575 4.2
      vertex 32.272 51.575 1
    endloop
  endfacet
  facet normal 0.965935 -0.258785 0
    outer loop
      vertex 31.8979 50.547 4.2
      vertex 32.04 51.0774 1
      vertex 32.04 51.0774 4.2
    endloop
  endfacet
  facet normal 0.965935 -0.258785 0
    outer loop
      vertex 32.04 51.0774 1
      vertex 31.8979 50.547 4.2
      vertex 31.8979 50.547 1
    endloop
  endfacet
  facet normal 0.906332 -0.422566 0
    outer loop
      vertex 32.04 51.0774 4.2
      vertex 32.272 51.575 1
      vertex 32.272 51.575 4.2
    endloop
  endfacet
  facet normal 0.906332 -0.422566 0
    outer loop
      vertex 32.272 51.575 1
      vertex 32.04 51.0774 4.2
      vertex 32.04 51.0774 1
    endloop
  endfacet
  facet normal 0.258785 -0.965935 0
    outer loop
      vertex 33.9226 52.96 1
      vertex 34.453 53.1021 4.2
      vertex 33.9226 52.96 4.2
    endloop
  endfacet
  facet normal 0.258785 -0.965935 0
    outer loop
      vertex 34.453 53.1021 4.2
      vertex 33.9226 52.96 1
      vertex 34.453 53.1021 1
    endloop
  endfacet
  facet normal 0.707107 -0.707107 0
    outer loop
      vertex 32.587 52.0248 4.2
      vertex 32.9752 52.413 1
      vertex 32.9752 52.413 4.2
    endloop
  endfacet
  facet normal 0.707107 -0.707107 0
    outer loop
      vertex 32.9752 52.413 1
      vertex 32.587 52.0248 4.2
      vertex 32.587 52.0248 1
    endloop
  endfacet
  facet normal -0.965935 0.258785 0
    outer loop
      vertex 37.96 48.9226 1
      vertex 38.1021 49.453 4.2
      vertex 38.1021 49.453 1
    endloop
  endfacet
  facet normal -0.965935 0.258785 0
    outer loop
      vertex 38.1021 49.453 4.2
      vertex 37.96 48.9226 1
      vertex 37.96 48.9226 4.2
    endloop
  endfacet
  facet normal 0.422566 0.906332 -0
    outer loop
      vertex 33.9226 47.04 1
      vertex 33.425 47.272 4.2
      vertex 33.9226 47.04 4.2
    endloop
  endfacet
  facet normal 0.422566 0.906332 0
    outer loop
      vertex 33.425 47.272 4.2
      vertex 33.9226 47.04 1
      vertex 33.425 47.272 1
    endloop
  endfacet
  facet normal -0.573633 -0.819112 0
    outer loop
      vertex 36.575 52.728 1
      vertex 37.0248 52.413 4.2
      vertex 36.575 52.728 4.2
    endloop
  endfacet
  facet normal -0.573633 -0.819112 -0
    outer loop
      vertex 37.0248 52.413 4.2
      vertex 36.575 52.728 1
      vertex 37.0248 52.413 1
    endloop
  endfacet
  facet normal 0.422566 -0.906332 0
    outer loop
      vertex 33.425 52.728 1
      vertex 33.9226 52.96 4.2
      vertex 33.425 52.728 4.2
    endloop
  endfacet
  facet normal 0.422566 -0.906332 0
    outer loop
      vertex 33.9226 52.96 4.2
      vertex 33.425 52.728 1
      vertex 33.9226 52.96 1
    endloop
  endfacet
  facet normal 0.0872347 0.996188 -0
    outer loop
      vertex 35 46.85 1
      vertex 34.453 46.8979 4.2
      vertex 35 46.85 4.2
    endloop
  endfacet
  facet normal 0.0872347 0.996188 0
    outer loop
      vertex 34.453 46.8979 4.2
      vertex 35 46.85 1
      vertex 34.453 46.8979 1
    endloop
  endfacet
  facet normal -0.906332 0.422566 0
    outer loop
      vertex 37.728 48.425 1
      vertex 37.96 48.9226 4.2
      vertex 37.96 48.9226 1
    endloop
  endfacet
  facet normal -0.906332 0.422566 0
    outer loop
      vertex 37.96 48.9226 4.2
      vertex 37.728 48.425 1
      vertex 37.728 48.425 4.2
    endloop
  endfacet
  facet normal -0.422566 0.906332 0
    outer loop
      vertex 36.575 47.272 1
      vertex 36.0774 47.04 4.2
      vertex 36.575 47.272 4.2
    endloop
  endfacet
  facet normal -0.422566 0.906332 0
    outer loop
      vertex 36.0774 47.04 4.2
      vertex 36.575 47.272 1
      vertex 36.0774 47.04 1
    endloop
  endfacet
  facet normal -0.819112 -0.573633 0
    outer loop
      vertex 37.728 51.575 1
      vertex 37.413 52.0248 4.2
      vertex 37.413 52.0248 1
    endloop
  endfacet
  facet normal -0.819112 -0.573633 0
    outer loop
      vertex 37.413 52.0248 4.2
      vertex 37.728 51.575 1
      vertex 37.728 51.575 4.2
    endloop
  endfacet
  facet normal 0.819112 0.573633 0
    outer loop
      vertex 32.587 47.9752 4.2
      vertex 32.272 48.425 1
      vertex 32.272 48.425 4.2
    endloop
  endfacet
  facet normal 0.819112 0.573633 0
    outer loop
      vertex 32.272 48.425 1
      vertex 32.587 47.9752 4.2
      vertex 32.587 47.9752 1
    endloop
  endfacet
  facet normal -0.819112 0.573633 0
    outer loop
      vertex 37.413 47.9752 1
      vertex 37.728 48.425 4.2
      vertex 37.728 48.425 1
    endloop
  endfacet
  facet normal -0.819112 0.573633 0
    outer loop
      vertex 37.728 48.425 4.2
      vertex 37.413 47.9752 1
      vertex 37.413 47.9752 4.2
    endloop
  endfacet
  facet normal 0 0 1
    outer loop
      vertex 38.1021 50.547 1
      vertex 38.1021 49.453 1
      vertex 38.15 50 1
    endloop
  endfacet
  facet normal 0 0 1
    outer loop
      vertex 37.96 51.0774 1
      vertex 38.1021 49.453 1
      vertex 38.1021 50.547 1
    endloop
  endfacet
  facet normal 0 0 1
    outer loop
      vertex 37.96 51.0774 1
      vertex 37.96 48.9226 1
      vertex 38.1021 49.453 1
    endloop
  endfacet
  facet normal 0 0 1
    outer loop
      vertex 37.728 51.575 1
      vertex 37.96 48.9226 1
      vertex 37.96 51.0774 1
    endloop
  endfacet
  facet normal 0 0 1
    outer loop
      vertex 37.728 51.575 1
      vertex 37.728 48.425 1
      vertex 37.96 48.9226 1
    endloop
  endfacet
  facet normal 0 0 1
    outer loop
      vertex 37.413 52.0248 1
      vertex 37.728 48.425 1
      vertex 37.728 51.575 1
    endloop
  endfacet
  facet normal 0 0 1
    outer loop
      vertex 37.413 52.0248 1
      vertex 37.413 47.9752 1
      vertex 37.728 48.425 1
    endloop
  endfacet
  facet normal 0 0 1
    outer loop
      vertex 37.0248 52.413 1
      vertex 37.413 47.9752 1
      vertex 37.413 52.0248 1
    endloop
  endfacet
  facet normal 0 0 1
    outer loop
      vertex 37.0248 52.413 1
      vertex 37.0248 47.587 1
      vertex 37.413 47.9752 1
    endloop
  endfacet
  facet normal 0 0 1
    outer loop
      vertex 36.575 52.728 1
      vertex 37.0248 47.587 1
      vertex 37.0248 52.413 1
    endloop
  endfacet
  facet normal 0 0 1
    outer loop
      vertex 36.575 52.728 1
      vertex 36.575 47.272 1
      vertex 37.0248 47.587 1
    endloop
  endfacet
  facet normal 0 0 1
    outer loop
      vertex 36.0774 52.96 1
      vertex 36.575 47.272 1
      vertex 36.575 52.728 1
    endloop
  endfacet
  facet normal 0 0 1
    outer loop
      vertex 36.0774 52.96 1
      vertex 36.0774 47.04 1
      vertex 36.575 47.272 1
    endloop
  endfacet
  facet normal 0 0 1
    outer loop
      vertex 35.547 53.1021 1
      vertex 36.0774 47.04 1
      vertex 36.0774 52.96 1
    endloop
  endfacet
  facet normal 0 0 1
    outer loop
      vertex 35.547 53.1021 1
      vertex 35.547 46.8979 1
      vertex 36.0774 47.04 1
    endloop
  endfacet
  facet normal 0 0 1
    outer loop
      vertex 35 53.15 1
      vertex 35.547 46.8979 1
      vertex 35.547 53.1021 1
    endloop
  endfacet
  facet normal 0 0 1
    outer loop
      vertex 35 53.15 1
      vertex 35 46.85 1
      vertex 35.547 46.8979 1
    endloop
  endfacet
  facet normal -0 0 1
    outer loop
      vertex 34.453 53.1021 1
      vertex 35 46.85 1
      vertex 35 53.15 1
    endloop
  endfacet
  facet normal 0 0 1
    outer loop
      vertex 34.453 53.1021 1
      vertex 34.453 46.8979 1
      vertex 35 46.85 1
    endloop
  endfacet
  facet normal -0 0 1
    outer loop
      vertex 33.9226 52.96 1
      vertex 34.453 46.8979 1
      vertex 34.453 53.1021 1
    endloop
  endfacet
  facet normal 0 0 1
    outer loop
      vertex 33.9226 52.96 1
      vertex 33.9226 47.04 1
      vertex 34.453 46.8979 1
    endloop
  endfacet
  facet normal -0 0 1
    outer loop
      vertex 33.425 52.728 1
      vertex 33.9226 47.04 1
      vertex 33.9226 52.96 1
    endloop
  endfacet
  facet normal 0 0 1
    outer loop
      vertex 33.425 52.728 1
      vertex 33.425 47.272 1
      vertex 33.9226 47.04 1
    endloop
  endfacet
  facet normal -0 0 1
    outer loop
      vertex 32.9752 52.413 1
      vertex 33.425 47.272 1
      vertex 33.425 52.728 1
    endloop
  endfacet
  facet normal 0 0 1
    outer loop
      vertex 32.9752 52.413 1
      vertex 32.9752 47.587 1
      vertex 33.425 47.272 1
    endloop
  endfacet
  facet normal -0 0 1
    outer loop
      vertex 32.587 52.0248 1
      vertex 32.9752 47.587 1
      vertex 32.9752 52.413 1
    endloop
  endfacet
  facet normal 0 0 1
    outer loop
      vertex 32.587 52.0248 1
      vertex 32.587 47.9752 1
      vertex 32.9752 47.587 1
    endloop
  endfacet
  facet normal -0 0 1
    outer loop
      vertex 32.272 51.575 1
      vertex 32.587 47.9752 1
      vertex 32.587 52.0248 1
    endloop
  endfacet
  facet normal 0 0 1
    outer loop
      vertex 32.272 51.575 1
      vertex 32.272 48.425 1
      vertex 32.587 47.9752 1
    endloop
  endfacet
  facet normal -0 0 1
    outer loop
      vertex 32.04 51.0774 1
      vertex 32.272 48.425 1
      vertex 32.272 51.575 1
    endloop
  endfacet
  facet normal 0 0 1
    outer loop
      vertex 32.04 51.0774 1
      vertex 32.04 48.9226 1
      vertex 32.272 48.425 1
    endloop
  endfacet
  facet normal -0 0 1
    outer loop
      vertex 31.8979 50.547 1
      vertex 32.04 48.9226 1
      vertex 32.04 51.0774 1
    endloop
  endfacet
  facet normal 0 0 1
    outer loop
      vertex 31.8979 50.547 1
      vertex 31.8979 49.453 1
      vertex 32.04 48.9226 1
    endloop
  endfacet
  facet normal 0 -0 1
    outer loop
      vertex 31.8979 49.453 1
      vertex 31.8979 50.547 1
      vertex 31.85 50 1
    endloop
  endfacet
  facet normal 0.906332 0.422566 0
    outer loop
      vertex 32.272 48.425 4.2
      vertex 32.04 48.9226 1
      vertex 32.04 48.9226 4.2
    endloop
  endfacet
  facet normal 0.906332 0.422566 0
    outer loop
      vertex 32.04 48.9226 1
      vertex 32.272 48.425 4.2
      vertex 32.272 48.425 1
    endloop
  endfacet
  facet normal 0.965935 0.258785 0
    outer loop
      vertex 32.04 48.9226 4.2
      vertex 31.8979 49.453 1
      vertex 31.8979 49.453 4.2
    endloop
  endfacet
  facet normal 0.965935 0.258785 0
    outer loop
      vertex 31.8979 49.453 1
      vertex 32.04 48.9226 4.2
      vertex 32.04 48.9226 1
    endloop
  endfacet
  facet normal -0.258785 -0.965935 0
    outer loop
      vertex 35.547 53.1021 1
      vertex 36.0774 52.96 4.2
      vertex 35.547 53.1021 4.2
    endloop
  endfacet
  facet normal -0.258785 -0.965935 -0
    outer loop
      vertex 36.0774 52.96 4.2
      vertex 35.547 53.1021 1
      vertex 36.0774 52.96 1
    endloop
  endfacet
  facet normal 0.258785 0.965935 -0
    outer loop
      vertex 34.453 46.8979 1
      vertex 33.9226 47.04 4.2
      vertex 34.453 46.8979 4.2
    endloop
  endfacet
  facet normal 0.258785 0.965935 0
    outer loop
      vertex 33.9226 47.04 4.2
      vertex 34.453 46.8979 1
      vertex 33.9226 47.04 1
    endloop
  endfacet
  facet normal -0.573633 0.819112 0
    outer loop
      vertex 37.0248 47.587 1
      vertex 36.575 47.272 4.2
      vertex 37.0248 47.587 4.2
    endloop
  endfacet
  facet normal -0.573633 0.819112 0
    outer loop
      vertex 36.575 47.272 4.2
      vertex 37.0248 47.587 1
      vertex 36.575 47.272 1
    endloop
  endfacet
  facet normal 0 0 -1
    outer loop
      vertex 38.1021 49.453 4.2
      vertex 38.1021 50.547 4.2
      vertex 38.15 50 4.2
    endloop
  endfacet
  facet normal 0 0 -1
    outer loop
      vertex 37.96 48.9226 4.2
      vertex 38.1021 50.547 4.2
      vertex 38.1021 49.453 4.2
    endloop
  endfacet
  facet normal 0 0 -1
    outer loop
      vertex 37.96 48.9226 4.2
      vertex 37.96 51.0774 4.2
      vertex 38.1021 50.547 4.2
    endloop
  endfacet
  facet normal 0 0 -1
    outer loop
      vertex 37.728 48.425 4.2
      vertex 37.96 51.0774 4.2
      vertex 37.96 48.9226 4.2
    endloop
  endfacet
  facet normal 0 0 -1
    outer loop
      vertex 37.728 48.425 4.2
      vertex 37.728 51.575 4.2
      vertex 37.96 51.0774 4.2
    endloop
  endfacet
  facet normal 0 0 -1
    outer loop
      vertex 37.413 47.9752 4.2
      vertex 37.728 51.575 4.2
      vertex 37.728 48.425 4.2
    endloop
  endfacet
  facet normal 0 0 -1
    outer loop
      vertex 37.413 47.9752 4.2
      vertex 37.413 52.0248 4.2
      vertex 37.728 51.575 4.2
    endloop
  endfacet
  facet normal 0 0 -1
    outer loop
      vertex 37.0248 47.587 4.2
      vertex 37.413 52.0248 4.2
      vertex 37.413 47.9752 4.2
    endloop
  endfacet
  facet normal 0 0 -1
    outer loop
      vertex 37.0248 47.587 4.2
      vertex 37.0248 52.413 4.2
      vertex 37.413 52.0248 4.2
    endloop
  endfacet
  facet normal 0 0 -1
    outer loop
      vertex 36.575 47.272 4.2
      vertex 37.0248 52.413 4.2
      vertex 37.0248 47.587 4.2
    endloop
  endfacet
  facet normal 0 0 -1
    outer loop
      vertex 36.575 47.272 4.2
      vertex 36.575 52.728 4.2
      vertex 37.0248 52.413 4.2
    endloop
  endfacet
  facet normal 0 0 -1
    outer loop
      vertex 36.0774 47.04 4.2
      vertex 36.575 52.728 4.2
      vertex 36.575 47.272 4.2
    endloop
  endfacet
  facet normal 0 0 -1
    outer loop
      vertex 36.0774 47.04 4.2
      vertex 36.0774 52.96 4.2
      vertex 36.575 52.728 4.2
    endloop
  endfacet
  facet normal 0 0 -1
    outer loop
      vertex 35.547 46.8979 4.2
      vertex 36.0774 52.96 4.2
      vertex 36.0774 47.04 4.2
    endloop
  endfacet
  facet normal 0 0 -1
    outer loop
      vertex 35.547 46.8979 4.2
      vertex 35.547 53.1021 4.2
      vertex 36.0774 52.96 4.2
    endloop
  endfacet
  facet normal 0 0 -1
    outer loop
      vertex 35 46.85 4.2
      vertex 35.547 53.1021 4.2
      vertex 35.547 46.8979 4.2
    endloop
  endfacet
  facet normal 0 0 -1
    outer loop
      vertex 35 46.85 4.2
      vertex 35 53.15 4.2
      vertex 35.547 53.1021 4.2
    endloop
  endfacet
  facet normal 0 0 -1
    outer loop
      vertex 34.453 46.8979 4.2
      vertex 35 53.15 4.2
      vertex 35 46.85 4.2
    endloop
  endfacet
  facet normal 0 0 -1
    outer loop
      vertex 34.453 46.8979 4.2
      vertex 34.453 53.1021 4.2
      vertex 35 53.15 4.2
    endloop
  endfacet
  facet normal 0 0 -1
    outer loop
      vertex 33.9226 47.04 4.2
      vertex 34.453 53.1021 4.2
      vertex 34.453 46.8979 4.2
    endloop
  endfacet
  facet normal 0 0 -1
    outer loop
      vertex 33.9226 47.04 4.2
      vertex 33.9226 52.96 4.2
      vertex 34.453 53.1021 4.2
    endloop
  endfacet
  facet normal 0 0 -1
    outer loop
      vertex 33.425 47.272 4.2
      vertex 33.9226 52.96 4.2
      vertex 33.9226 47.04 4.2
    endloop
  endfacet
  facet normal 0 0 -1
    outer loop
      vertex 33.425 47.272 4.2
      vertex 33.425 52.728 4.2
      vertex 33.9226 52.96 4.2
    endloop
  endfacet
  facet normal 0 0 -1
    outer loop
      vertex 32.9752 47.587 4.2
      vertex 33.425 52.728 4.2
      vertex 33.425 47.272 4.2
    endloop
  endfacet
  facet normal 0 0 -1
    outer loop
      vertex 32.9752 47.587 4.2
      vertex 32.9752 52.413 4.2
      vertex 33.425 52.728 4.2
    endloop
  endfacet
  facet normal 0 0 -1
    outer loop
      vertex 32.587 47.9752 4.2
      vertex 32.9752 52.413 4.2
      vertex 32.9752 47.587 4.2
    endloop
  endfacet
  facet normal 0 0 -1
    outer loop
      vertex 32.587 47.9752 4.2
      vertex 32.587 52.0248 4.2
      vertex 32.9752 52.413 4.2
    endloop
  endfacet
  facet normal 0 0 -1
    outer loop
      vertex 32.272 48.425 4.2
      vertex 32.587 52.0248 4.2
      vertex 32.587 47.9752 4.2
    endloop
  endfacet
  facet normal 0 0 -1
    outer loop
      vertex 32.272 48.425 4.2
      vertex 32.272 51.575 4.2
      vertex 32.587 52.0248 4.2
    endloop
  endfacet
  facet normal 0 0 -1
    outer loop
      vertex 32.04 48.9226 4.2
      vertex 32.272 51.575 4.2
      vertex 32.272 48.425 4.2
    endloop
  endfacet
  facet normal 0 0 -1
    outer loop
      vertex 32.04 48.9226 4.2
      vertex 32.04 51.0774 4.2
      vertex 32.272 51.575 4.2
    endloop
  endfacet
  facet normal 0 0 -1
    outer loop
      vertex 31.8979 49.453 4.2
      vertex 32.04 51.0774 4.2
      vertex 32.04 48.9226 4.2
    endloop
  endfacet
  facet normal 0 0 -1
    outer loop
      vertex 31.8979 49.453 4.2
      vertex 31.8979 50.547 4.2
      vertex 32.04 51.0774 4.2
    endloop
  endfacet
  facet normal 0 -0 -1
    outer loop
      vertex 31.8979 50.547 4.2
      vertex 31.8979 49.453 4.2
      vertex 31.85 50 4.2
    endloop
  endfacet
  facet normal -0.422566 -0.906332 0
    outer loop
      vertex 36.0774 52.96 1
      vertex 36.575 52.728 4.2
      vertex 36.0774 52.96 4.2
    endloop
  endfacet
  facet normal -0.422566 -0.906332 -0
    outer loop
      vertex 36.575 52.728 4.2
      vertex 36.0774 52.96 1
      vertex 36.575 52.728 1
    endloop
  endfacet
  facet normal 0.0872347 -0.996188 0
    outer loop
      vertex 34.453 53.1021 1
      vertex 35 53.15 4.2
      vertex 34.453 53.1021 4.2
    endloop
  endfacet
  facet normal 0.0872347 -0.996188 0
    outer loop
      vertex 35 53.15 4.2
      vertex 34.453 53.1021 1
      vertex 35 53.15 1
    endloop
  endfacet
  facet normal 0.996188 -0.0872347 0
    outer loop
      vertex 31.85 50 4.2
      vertex 31.8979 50.547 1
      vertex 31.8979 50.547 4.2
    endloop
  endfacet
  facet normal 0.996188 -0.0872347 0
    outer loop
      vertex 31.8979 50.547 1
      vertex 31.85 50 4.2
      vertex 31.85 50 1
    endloop
  endfacet
  facet normal -0.0872347 0.996188 0
    outer loop
      vertex 35.547 46.8979 1
      vertex 35 46.85 4.2
      vertex 35.547 46.8979 4.2
    endloop
  endfacet
  facet normal -0.0872347 0.996188 0
    outer loop
      vertex 35 46.85 4.2
      vertex 35.547 46.8979 1
      vertex 35 46.85 1
    endloop
  endfacet
  facet normal 0.573633 0.819112 -0
    outer loop
      vertex 33.425 47.272 1
      vertex 32.9752 47.587 4.2
      vertex 33.425 47.272 4.2
    endloop
  endfacet
  facet normal 0.573633 0.819112 0
    outer loop
      vertex 32.9752 47.587 4.2
      vertex 33.425 47.272 1
      vertex 32.9752 47.587 1
    endloop
  endfacet
  facet normal -0.0872347 -0.996188 0
    outer loop
      vertex 35 53.15 1
      vertex 35.547 53.1021 4.2
      vertex 35 53.15 4.2
    endloop
  endfacet
  facet normal -0.0872347 -0.996188 -0
    outer loop
      vertex 35.547 53.1021 4.2
      vertex 35 53.15 1
      vertex 35.547 53.1021 1
    endloop
  endfacet
  facet normal 0.573633 -0.819112 0
    outer loop
      vertex 32.9752 52.413 1
      vertex 33.425 52.728 4.2
      vertex 32.9752 52.413 4.2
    endloop
  endfacet
  facet normal 0.573633 -0.819112 0
    outer loop
      vertex 33.425 52.728 4.2
      vertex 32.9752 52.413 1
      vertex 33.425 52.728 1
    endloop
  endfacet
  facet normal -0.707107 -0.707107 0
    outer loop
      vertex 37.413 52.0248 1
      vertex 37.0248 52.413 4.2
      vertex 37.0248 52.413 1
    endloop
  endfacet
  facet normal -0.707107 -0.707107 0
    outer loop
      vertex 37.0248 52.413 4.2
      vertex 37.413 52.0248 1
      vertex 37.413 52.0248 4.2
    endloop
  endfacet
  facet normal 0.996188 0.0872347 0
    outer loop
      vertex 31.8979 49.453 4.2
      vertex 31.85 50 1
      vertex 31.85 50 4.2
    endloop
  endfacet
  facet normal 0.996188 0.0872347 0
    outer loop
      vertex 31.85 50 1
      vertex 31.8979 49.453 4.2
      vertex 31.8979 49.453 1
    endloop
  endfacet
  facet normal 0.707107 0.707107 0
    outer loop
      vertex 32.9752 47.587 4.2
      vertex 32.587 47.9752 1
      vertex 32.587 47.9752 4.2
    endloop
  endfacet
  facet normal 0.707107 0.707107 0
    outer loop
      vertex 32.587 47.9752 1
      vertex 32.9752 47.587 4.2
      vertex 32.9752 47.587 1
    endloop
  endfacet
  facet normal -0.707107 0.707107 0
    outer loop
      vertex 37.0248 47.587 1
      vertex 37.413 47.9752 4.2
      vertex 37.413 47.9752 1
    endloop
  endfacet
  facet normal -0.707107 0.707107 0
    outer loop
      vertex 37.413 47.9752 4.2
      vertex 37.0248 47.587 1
      vertex 37.0248 47.587 4.2
    endloop
  endfacet
  facet normal -0.258785 0.965935 0
    outer loop
      vertex 56.0774 47.04 1
      vertex 55.547 46.8979 4.2
      vertex 56.0774 47.04 4.2
    endloop
  endfacet
  facet normal -0.258785 0.965935 0
    outer loop
      vertex 55.547 46.8979 4.2
      vertex 56.0774 47.04 1
      vertex 55.547 46.8979 1
    endloop
  endfacet
  facet normal -0.965935 -0.258785 0
    outer loop
      vertex 58.1021 50.547 1
      vertex 57.96 51.0774 4.2
      vertex 57.96 51.0774 1
    endloop
  endfacet
  facet normal -0.965935 -0.258785 0
    outer loop
      vertex 57.96 51.0774 4.2
      vertex 58.1021 50.547 1
      vertex 58.1021 50.547 4.2
    endloop
  endfacet
  facet normal -0.996188 -0.0872347 0
    outer loop
      vertex 58.15 50 1
      vertex 58.1021 50.547 4.2
      vertex 58.1021 50.547 1
    endloop
  endfacet
  facet normal -0.996188 -0.0872347 0
    outer loop
      vertex 58.1021 50.547 4.2
      vertex 58.15 50 1
      vertex 58.15 50 4.2
    endloop
  endfacet
  facet normal -0.906332 -0.422566 0
    outer loop
      vertex 57.96 51.0774 1
      vertex 57.728 51.575 4.2
      vertex 57.728 51.575 1
    endloop
  endfacet
  facet normal -0.906332 -0.422566 0
    outer loop
      vertex 57.728 51.575 4.2
      vertex 57.96 51.0774 1
      vertex 57.96 51.0774 4.2
    endloop
  endfacet
  facet normal -0.996188 0.0872347 0
    outer loop
      vertex 58.1021 49.453 1
      vertex 58.15 50 4.2
      vertex 58.15 50 1
    endloop
  endfacet
  facet normal -0.996188 0.0872347 0
    outer loop
      vertex 58.15 50 4.2
      vertex 58.1021 49.453 1
      vertex 58.1021 49.453 4.2
    endloop
  endfacet
  facet normal 0.819112 -0.573633 0
    outer loop
      vertex 52.272 51.575 4.2
      vertex 52.587 52.0248 1
      vertex 52.587 52.0248 4.2
    endloop
  endfacet
  facet normal 0.819112 -0.573633 0
    outer loop
      vertex 52.587 52.0248 1
      vertex 52.272 51.575 4.2
      vertex 52.272 51.575 1
    endloop
  endfacet
  facet normal 0.965935 -0.258785 0
    outer loop
      vertex 51.8979 50.547 4.2
      vertex 52.04 51.0774 1
      vertex 52.04 51.0774 4.2
    endloop
  endfacet
  facet normal 0.965935 -0.258785 0
    outer loop
      vertex 52.04 51.0774 1
      vertex 51.8979 50.547 4.2
      vertex 51.8979 50.547 1
    endloop
  endfacet
  facet normal 0.906332 -0.422566 0
    outer loop
      vertex 52.04 51.0774 4.2
      vertex 52.272 51.575 1
      vertex 52.272 51.575 4.2
    endloop
  endfacet
  facet normal 0.906332 -0.422566 0
    outer loop
      vertex 52.272 51.575 1
      vertex 52.04 51.0774 4.2
      vertex 52.04 51.0774 1
    endloop
  endfacet
  facet normal 0.258785 -0.965935 0
    outer loop
      vertex 53.9226 52.96 1
      vertex 54.453 53.1021 4.2
      vertex 53.9226 52.96 4.2
    endloop
  endfacet
  facet normal 0.258785 -0.965935 0
    outer loop
      vertex 54.453 53.1021 4.2
      vertex 53.9226 52.96 1
      vertex 54.453 53.1021 1
    endloop
  endfacet
  facet normal 0.707107 -0.707107 0
    outer loop
      vertex 52.587 52.0248 4.2
      vertex 52.9752 52.413 1
      vertex 52.9752 52.413 4.2
    endloop
  endfacet
  facet normal 0.707107 -0.707107 0
    outer loop
      vertex 52.9752 52.413 1
      vertex 52.587 52.0248 4.2
      vertex 52.587 52.0248 1
    endloop
  endfacet
  facet normal -0.965935 0.258785 0
    outer loop
      vertex 57.96 48.9226 1
      vertex 58.1021 49.453 4.2
      vertex 58.1021 49.453 1
    endloop
  endfacet
  facet normal -0.965935 0.258785 0
    outer loop
      vertex 58.1021 49.453 4.2
      vertex 57.96 48.9226 1
      vertex 57.96 48.9226 4.2
    endloop
  endfacet
  facet normal 0.422566 0.906332 -0
    outer loop
      vertex 53.9226 47.04 1
      vertex 53.425 47.272 4.2
      vertex 53.9226 47.04 4.2
    endloop
  endfacet
  facet normal 0.422566 0.906332 0
    outer loop
      vertex 53.425 47.272 4.2
      vertex 53.9226 47.04 1
      vertex 53.425 47.272 1
    endloop
  endfacet
  facet normal -0.573633 -0.819112 0
    outer loop
      vertex 56.575 52.728 1
      vertex 57.0248 52.413 4.2
      vertex 56.575 52.728 4.2
    endloop
  endfacet
  facet normal -0.573633 -0.819112 -0
    outer loop
      vertex 57.0248 52.413 4.2
      vertex 56.575 52.728 1
      vertex 57.0248 52.413 1
    endloop
  endfacet
  facet normal 0.422566 -0.906332 0
    outer loop
      vertex 53.425 52.728 1
      vertex 53.9226 52.96 4.2
      vertex 53.425 52.728 4.2
    endloop
  endfacet
  facet normal 0.422566 -0.906332 0
    outer loop
      vertex 53.9226 52.96 4.2
      vertex 53.425 52.728 1
      vertex 53.9226 52.96 1
    endloop
  endfacet
  facet normal 0.0872347 0.996188 -0
    outer loop
      vertex 55 46.85 1
      vertex 54.453 46.8979 4.2
      vertex 55 46.85 4.2
    endloop
  endfacet
  facet normal 0.0872347 0.996188 0
    outer loop
      vertex 54.453 46.8979 4.2
      vertex 55 46.85 1
      vertex 54.453 46.8979 1
    endloop
  endfacet
  facet normal -0.906332 0.422566 0
    outer loop
      vertex 57.728 48.425 1
      vertex 57.96 48.9226 4.2
      vertex 57.96 48.9226 1
    endloop
  endfacet
  facet normal -0.906332 0.422566 0
    outer loop
      vertex 57.96 48.9226 4.2
      vertex 57.728 48.425 1
      vertex 57.728 48.425 4.2
    endloop
  endfacet
  facet normal -0.422566 0.906332 0
    outer loop
      vertex 56.575 47.272 1
      vertex 56.0774 47.04 4.2
      vertex 56.575 47.272 4.2
    endloop
  endfacet
  facet normal -0.422566 0.906332 0
    outer loop
      vertex 56.0774 47.04 4.2
      vertex 56.575 47.272 1
      vertex 56.0774 47.04 1
    endloop
  endfacet
  facet normal -0.819112 -0.573633 0
    outer loop
      vertex 57.728 51.575 1
      vertex 57.413 52.0248 4.2
      vertex 57.413 52.0248 1
    endloop
  endfacet
  facet normal -0.819112 -0.573633 0
    outer loop
      vertex 57.413 52.0248 4.2
      vertex 57.728 51.575 1
      vertex 57.728 51.575 4.2
    endloop
  endfacet
  facet normal 0.819112 0.573633 0
    outer loop
      vertex 52.587 47.9752 4.2
      vertex 52.272 48.425 1
      vertex 52.272 48.425 4.2
    endloop
  endfacet
  facet normal 0.819112 0.573633 0
    outer loop
      vertex 52.272 48.425 1
      vertex 52.587 47.9752 4.2
      vertex 52.587 47.9752 1
    endloop
  endfacet
  facet normal -0.819112 0.573633 0
    outer loop
      vertex 57.413 47.9752 1
      vertex 57.728 48.425 4.2
      vertex 57.728 48.425 1
    endloop
  endfacet
  facet normal -0.819112 0.573633 0
    outer loop
      vertex 57.728 48.425 4.2
      vertex 57.413 47.9752 1
      vertex 57.413 47.9752 4.2
    endloop
  endfacet
  facet normal 0 0 1
    outer loop
      vertex 58.1021 50.547 1
      vertex 58.1021 49.453 1
      vertex 58.15 50 1
    endloop
  endfacet
  facet normal 0 0 1
    outer loop
      vertex 57.96 51.0774 1
      vertex 58.1021 49.453 1
      vertex 58.1021 50.547 1
    endloop
  endfacet
  facet normal 0 0 1
    outer loop
      vertex 57.96 51.0774 1
      vertex 57.96 48.9226 1
      vertex 58.1021 49.453 1
    endloop
  endfacet
  facet normal 0 0 1
    outer loop
      vertex 57.728 51.575 1
      vertex 57.96 48.9226 1
      vertex 57.96 51.0774 1
    endloop
  endfacet
  facet normal 0 0 1
    outer loop
      vertex 57.728 51.575 1
      vertex 57.728 48.425 1
      vertex 57.96 48.9226 1
    endloop
  endfacet
  facet normal 0 0 1
    outer loop
      vertex 57.413 52.0248 1
      vertex 57.728 48.425 1
      vertex 57.728 51.575 1
    endloop
  endfacet
  facet normal 0 0 1
    outer loop
      vertex 57.413 52.0248 1
      vertex 57.413 47.9752 1
      vertex 57.728 48.425 1
    endloop
  endfacet
  facet normal 0 0 1
    outer loop
      vertex 57.0248 52.413 1
      vertex 57.413 47.9752 1
      vertex 57.413 52.0248 1
    endloop
  endfacet
  facet normal 0 0 1
    outer loop
      vertex 57.0248 52.413 1
      vertex 57.0248 47.587 1
      vertex 57.413 47.9752 1
    endloop
  endfacet
  facet normal 0 0 1
    outer loop
      vertex 56.575 52.728 1
      vertex 57.0248 47.587 1
      vertex 57.0248 52.413 1
    endloop
  endfacet
  facet normal 0 0 1
    outer loop
      vertex 56.575 52.728 1
      vertex 56.575 47.272 1
      vertex 57.0248 47.587 1
    endloop
  endfacet
  facet normal 0 0 1
    outer loop
      vertex 56.0774 52.96 1
      vertex 56.575 47.272 1
      vertex 56.575 52.728 1
    endloop
  endfacet
  facet normal 0 0 1
    outer loop
      vertex 56.0774 52.96 1
      vertex 56.0774 47.04 1
      vertex 56.575 47.272 1
    endloop
  endfacet
  facet normal 0 0 1
    outer loop
      vertex 55.547 53.1021 1
      vertex 56.0774 47.04 1
      vertex 56.0774 52.96 1
    endloop
  endfacet
  facet normal 0 0 1
    outer loop
      vertex 55.547 53.1021 1
      vertex 55.547 46.8979 1
      vertex 56.0774 47.04 1
    endloop
  endfacet
  facet normal 0 0 1
    outer loop
      vertex 55 53.15 1
      vertex 55.547 46.8979 1
      vertex 55.547 53.1021 1
    endloop
  endfacet
  facet normal 0 0 1
    outer loop
      vertex 55 53.15 1
      vertex 55 46.85 1
      vertex 55.547 46.8979 1
    endloop
  endfacet
  facet normal -0 0 1
    outer loop
      vertex 54.453 53.1021 1
      vertex 55 46.85 1
      vertex 55 53.15 1
    endloop
  endfacet
  facet normal 0 0 1
    outer loop
      vertex 54.453 53.1021 1
      vertex 54.453 46.8979 1
      vertex 55 46.85 1
    endloop
  endfacet
  facet normal -0 0 1
    outer loop
      vertex 53.9226 52.96 1
      vertex 54.453 46.8979 1
      vertex 54.453 53.1021 1
    endloop
  endfacet
  facet normal 0 0 1
    outer loop
      vertex 53.9226 52.96 1
      vertex 53.9226 47.04 1
      vertex 54.453 46.8979 1
    endloop
  endfacet
  facet normal -0 0 1
    outer loop
      vertex 53.425 52.728 1
      vertex 53.9226 47.04 1
      vertex 53.9226 52.96 1
    endloop
  endfacet
  facet normal 0 0 1
    outer loop
      vertex 53.425 52.728 1
      vertex 53.425 47.272 1
      vertex 53.9226 47.04 1
    endloop
  endfacet
  facet normal -0 0 1
    outer loop
      vertex 52.9752 52.413 1
      vertex 53.425 47.272 1
      vertex 53.425 52.728 1
    endloop
  endfacet
  facet normal 0 0 1
    outer loop
      vertex 52.9752 52.413 1
      vertex 52.9752 47.587 1
      vertex 53.425 47.272 1
    endloop
  endfacet
  facet normal -0 0 1
    outer loop
      vertex 52.587 52.0248 1
      vertex 52.9752 47.587 1
      vertex 52.9752 52.413 1
    endloop
  endfacet
  facet normal 0 0 1
    outer loop
      vertex 52.587 52.0248 1
      vertex 52.587 47.9752 1
      vertex 52.9752 47.587 1
    endloop
  endfacet
  facet normal -0 0 1
    outer loop
      vertex 52.272 51.575 1
      vertex 52.587 47.9752 1
      vertex 52.587 52.0248 1
    endloop
  endfacet
  facet normal 0 0 1
    outer loop
      vertex 52.272 51.575 1
      vertex 52.272 48.425 1
      vertex 52.587 47.9752 1
    endloop
  endfacet
  facet normal -0 0 1
    outer loop
      vertex 52.04 51.0774 1
      vertex 52.272 48.425 1
      vertex 52.272 51.575 1
    endloop
  endfacet
  facet normal 0 0 1
    outer loop
      vertex 52.04 51.0774 1
      vertex 52.04 48.9226 1
      vertex 52.272 48.425 1
    endloop
  endfacet
  facet normal -0 0 1
    outer loop
      vertex 51.8979 50.547 1
      vertex 52.04 48.9226 1
      vertex 52.04 51.0774 1
    endloop
  endfacet
  facet normal 0 0 1
    outer loop
      vertex 51.8979 50.547 1
      vertex 51.8979 49.453 1
      vertex 52.04 48.9226 1
    endloop
  endfacet
  facet normal 0 -0 1
    outer loop
      vertex 51.8979 49.453 1
      vertex 51.8979 50.547 1
      vertex 51.85 50 1
    endloop
  endfacet
  facet normal -0.707107 0.707107 0
    outer loop
      vertex 57.0248 47.587 1
      vertex 57.413 47.9752 4.2
      vertex 57.413 47.9752 1
    endloop
  endfacet
  facet normal -0.707107 0.707107 0
    outer loop
      vertex 57.413 47.9752 4.2
      vertex 57.0248 47.587 1
      vertex 57.0248 47.587 4.2
    endloop
  endfacet
  facet normal 0.906332 0.422566 0
    outer loop
      vertex 52.272 48.425 4.2
      vertex 52.04 48.9226 1
      vertex 52.04 48.9226 4.2
    endloop
  endfacet
  facet normal 0.906332 0.422566 0
    outer loop
      vertex 52.04 48.9226 1
      vertex 52.272 48.425 4.2
      vertex 52.272 48.425 1
    endloop
  endfacet
  facet normal 0.965935 0.258785 0
    outer loop
      vertex 52.04 48.9226 4.2
      vertex 51.8979 49.453 1
      vertex 51.8979 49.453 4.2
    endloop
  endfacet
  facet normal 0.965935 0.258785 0
    outer loop
      vertex 51.8979 49.453 1
      vertex 52.04 48.9226 4.2
      vertex 52.04 48.9226 1
    endloop
  endfacet
  facet normal -0.258785 -0.965935 0
    outer loop
      vertex 55.547 53.1021 1
      vertex 56.0774 52.96 4.2
      vertex 55.547 53.1021 4.2
    endloop
  endfacet
  facet normal -0.258785 -0.965935 -0
    outer loop
      vertex 56.0774 52.96 4.2
      vertex 55.547 53.1021 1
      vertex 56.0774 52.96 1
    endloop
  endfacet
  facet normal 0.258785 0.965935 -0
    outer loop
      vertex 54.453 46.8979 1
      vertex 53.9226 47.04 4.2
      vertex 54.453 46.8979 4.2
    endloop
  endfacet
  facet normal 0.258785 0.965935 0
    outer loop
      vertex 53.9226 47.04 4.2
      vertex 54.453 46.8979 1
      vertex 53.9226 47.04 1
    endloop
  endfacet
  facet normal -0.573633 0.819112 0
    outer loop
      vertex 57.0248 47.587 1
      vertex 56.575 47.272 4.2
      vertex 57.0248 47.587 4.2
    endloop
  endfacet
  facet normal -0.573633 0.819112 0
    outer loop
      vertex 56.575 47.272 4.2
      vertex 57.0248 47.587 1
      vertex 56.575 47.272 1
    endloop
  endfacet
  facet normal 0 0 -1
    outer loop
      vertex 58.1021 49.453 4.2
      vertex 58.1021 50.547 4.2
      vertex 58.15 50 4.2
    endloop
  endfacet
  facet normal 0 0 -1
    outer loop
      vertex 57.96 48.9226 4.2
      vertex 58.1021 50.547 4.2
      vertex 58.1021 49.453 4.2
    endloop
  endfacet
  facet normal 0 0 -1
    outer loop
      vertex 57.96 48.9226 4.2
      vertex 57.96 51.0774 4.2
      vertex 58.1021 50.547 4.2
    endloop
  endfacet
  facet normal 0 0 -1
    outer loop
      vertex 57.728 48.425 4.2
      vertex 57.96 51.0774 4.2
      vertex 57.96 48.9226 4.2
    endloop
  endfacet
  facet normal 0 0 -1
    outer loop
      vertex 57.728 48.425 4.2
      vertex 57.728 51.575 4.2
      vertex 57.96 51.0774 4.2
    endloop
  endfacet
  facet normal 0 0 -1
    outer loop
      vertex 57.413 47.9752 4.2
      vertex 57.728 51.575 4.2
      vertex 57.728 48.425 4.2
    endloop
  endfacet
  facet normal 0 0 -1
    outer loop
      vertex 57.413 47.9752 4.2
      vertex 57.413 52.0248 4.2
      vertex 57.728 51.575 4.2
    endloop
  endfacet
  facet normal 0 0 -1
    outer loop
      vertex 57.0248 47.587 4.2
      vertex 57.413 52.0248 4.2
      vertex 57.413 47.9752 4.2
    endloop
  endfacet
  facet normal 0 0 -1
    outer loop
      vertex 57.0248 47.587 4.2
      vertex 57.0248 52.413 4.2
      vertex 57.413 52.0248 4.2
    endloop
  endfacet
  facet normal 0 0 -1
    outer loop
      vertex 56.575 47.272 4.2
      vertex 57.0248 52.413 4.2
      vertex 57.0248 47.587 4.2
    endloop
  endfacet
  facet normal 0 0 -1
    outer loop
      vertex 56.575 47.272 4.2
      vertex 56.575 52.728 4.2
      vertex 57.0248 52.413 4.2
    endloop
  endfacet
  facet normal 0 0 -1
    outer loop
      vertex 56.0774 47.04 4.2
      vertex 56.575 52.728 4.2
      vertex 56.575 47.272 4.2
    endloop
  endfacet
  facet normal 0 0 -1
    outer loop
      vertex 56.0774 47.04 4.2
      vertex 56.0774 52.96 4.2
      vertex 56.575 52.728 4.2
    endloop
  endfacet
  facet normal 0 0 -1
    outer loop
      vertex 55.547 46.8979 4.2
      vertex 56.0774 52.96 4.2
      vertex 56.0774 47.04 4.2
    endloop
  endfacet
  facet normal 0 0 -1
    outer loop
      vertex 55.547 46.8979 4.2
      vertex 55.547 53.1021 4.2
      vertex 56.0774 52.96 4.2
    endloop
  endfacet
  facet normal 0 0 -1
    outer loop
      vertex 55 46.85 4.2
      vertex 55.547 53.1021 4.2
      vertex 55.547 46.8979 4.2
    endloop
  endfacet
  facet normal 0 0 -1
    outer loop
      vertex 55 46.85 4.2
      vertex 55 53.15 4.2
      vertex 55.547 53.1021 4.2
    endloop
  endfacet
  facet normal 0 0 -1
    outer loop
      vertex 54.453 46.8979 4.2
      vertex 55 53.15 4.2
      vertex 55 46.85 4.2
    endloop
  endfacet
  facet normal 0 0 -1
    outer loop
      vertex 54.453 46.8979 4.2
      vertex 54.453 53.1021 4.2
      vertex 55 53.15 4.2
    endloop
  endfacet
  facet normal 0 0 -1
    outer loop
      vertex 53.9226 47.04 4.2
      vertex 54.453 53.1021 4.2
      vertex 54.453 46.8979 4.2
    endloop
  endfacet
  facet normal 0 0 -1
    outer loop
      vertex 53.9226 47.04 4.2
      vertex 53.9226 52.96 4.2
      vertex 54.453 53.1021 4.2
    endloop
  endfacet
  facet normal 0 0 -1
    outer loop
      vertex 53.425 47.272 4.2
      vertex 53.9226 52.96 4.2
      vertex 53.9226 47.04 4.2
    endloop
  endfacet
  facet normal 0 0 -1
    outer loop
      vertex 53.425 47.272 4.2
      vertex 53.425 52.728 4.2
      vertex 53.9226 52.96 4.2
    endloop
  endfacet
  facet normal 0 0 -1
    outer loop
      vertex 52.9752 47.587 4.2
      vertex 53.425 52.728 4.2
      vertex 53.425 47.272 4.2
    endloop
  endfacet
  facet normal 0 0 -1
    outer loop
      vertex 52.9752 47.587 4.2
      vertex 52.9752 52.413 4.2
      vertex 53.425 52.728 4.2
    endloop
  endfacet
  facet normal 0 0 -1
    outer loop
      vertex 52.587 47.9752 4.2
      vertex 52.9752 52.413 4.2
      vertex 52.9752 47.587 4.2
    endloop
  endfacet
  facet normal 0 0 -1
    outer loop
      vertex 52.587 47.9752 4.2
      vertex 52.587 52.0248 4.2
      vertex 52.9752 52.413 4.2
    endloop
  endfacet
  facet normal 0 0 -1
    outer loop
      vertex 52.272 48.425 4.2
      vertex 52.587 52.0248 4.2
      vertex 52.587 47.9752 4.2
    endloop
  endfacet
  facet normal 0 0 -1
    outer loop
      vertex 52.272 48.425 4.2
      vertex 52.272 51.575 4.2
      vertex 52.587 52.0248 4.2
    endloop
  endfacet
  facet normal 0 0 -1
    outer loop
      vertex 52.04 48.9226 4.2
      vertex 52.272 51.575 4.2
      vertex 52.272 48.425 4.2
    endloop
  endfacet
  facet normal 0 0 -1
    outer loop
      vertex 52.04 48.9226 4.2
      vertex 52.04 51.0774 4.2
      vertex 52.272 51.575 4.2
    endloop
  endfacet
  facet normal 0 0 -1
    outer loop
      vertex 51.8979 49.453 4.2
      vertex 52.04 51.0774 4.2
      vertex 52.04 48.9226 4.2
    endloop
  endfacet
  facet normal 0 0 -1
    outer loop
      vertex 51.8979 49.453 4.2
      vertex 51.8979 50.547 4.2
      vertex 52.04 51.0774 4.2
    endloop
  endfacet
  facet normal 0 -0 -1
    outer loop
      vertex 51.8979 50.547 4.2
      vertex 51.8979 49.453 4.2
      vertex 51.85 50 4.2
    endloop
  endfacet
  facet normal -0.422566 -0.906332 0
    outer loop
      vertex 56.0774 52.96 1
      vertex 56.575 52.728 4.2
      vertex 56.0774 52.96 4.2
    endloop
  endfacet
  facet normal -0.422566 -0.906332 -0
    outer loop
      vertex 56.575 52.728 4.2
      vertex 56.0774 52.96 1
      vertex 56.575 52.728 1
    endloop
  endfacet
  facet normal 0.0872347 -0.996188 0
    outer loop
      vertex 54.453 53.1021 1
      vertex 55 53.15 4.2
      vertex 54.453 53.1021 4.2
    endloop
  endfacet
  facet normal 0.0872347 -0.996188 0
    outer loop
      vertex 55 53.15 4.2
      vertex 54.453 53.1021 1
      vertex 55 53.15 1
    endloop
  endfacet
  facet normal 0.996188 -0.0872347 0
    outer loop
      vertex 51.85 50 4.2
      vertex 51.8979 50.547 1
      vertex 51.8979 50.547 4.2
    endloop
  endfacet
  facet normal 0.996188 -0.0872347 0
    outer loop
      vertex 51.8979 50.547 1
      vertex 51.85 50 4.2
      vertex 51.85 50 1
    endloop
  endfacet
  facet normal -0.0872347 0.996188 0
    outer loop
      vertex 55.547 46.8979 1
      vertex 55 46.85 4.2
      vertex 55.547 46.8979 4.2
    endloop
  endfacet
  facet normal -0.0872347 0.996188 0
    outer loop
      vertex 55 46.85 4.2
      vertex 55.547 46.8979 1
      vertex 55 46.85 1
    endloop
  endfacet
  facet normal 0.573633 0.819112 -0
    outer loop
      vertex 53.425 47.272 1
      vertex 52.9752 47.587 4.2
      vertex 53.425 47.272 4.2
    endloop
  endfacet
  facet normal 0.573633 0.819112 0
    outer loop
      vertex 52.9752 47.587 4.2
      vertex 53.425 47.272 1
      vertex 52.9752 47.587 1
    endloop
  endfacet
  facet normal -0.0872347 -0.996188 0
    outer loop
      vertex 55 53.15 1
      vertex 55.547 53.1021 4.2
      vertex 55 53.15 4.2
    endloop
  endfacet
  facet normal -0.0872347 -0.996188 -0
    outer loop
      vertex 55.547 53.1021 4.2
      vertex 55 53.15 1
      vertex 55.547 53.1021 1
    endloop
  endfacet
  facet normal 0.573633 -0.819112 0
    outer loop
      vertex 52.9752 52.413 1
      vertex 53.425 52.728 4.2
      vertex 52.9752 52.413 4.2
    endloop
  endfacet
  facet normal 0.573633 -0.819112 0
    outer loop
      vertex 53.425 52.728 4.2
      vertex 52.9752 52.413 1
      vertex 53.425 52.728 1
    endloop
  endfacet
  facet normal -0.707107 -0.707107 0
    outer loop
      vertex 57.413 52.0248 1
      vertex 57.0248 52.413 4.2
      vertex 57.0248 52.413 1
    endloop
  endfacet
  facet normal -0.707107 -0.707107 0
    outer loop
      vertex 57.0248 52.413 4.2
      vertex 57.413 52.0248 1
      vertex 57.413 52.0248 4.2
    endloop
  endfacet
  facet normal 0.996188 0.0872347 0
    outer loop
      vertex 51.8979 49.453 4.2
      vertex 51.85 50 1
      vertex 51.85 50 4.2
    endloop
  endfacet
  facet normal 0.996188 0.0872347 0
    outer loop
      vertex 51.85 50 1
      vertex 51.8979 49.453 4.2
      vertex 51.8979 49.453 1
    endloop
  endfacet
  facet normal 0.707107 0.707107 0
    outer loop
      vertex 52.9752 47.587 4.2
      vertex 52.587 47.9752 1
      vertex 52.587 47.9752 4.2
    endloop
  endfacet
  facet normal 0.707107 0.707107 0
    outer loop
      vertex 52.587 47.9752 1
      vertex 52.9752 47.587 4.2
      vertex 52.9752 47.587 1
    endloop
  endfacet
  facet normal -1 0 0
    outer loop
      vertex 35 8 8.6
      vertex 35 22 10
      vertex 35 22 8.6
    endloop
  endfacet
  facet normal -1 -0 0
    outer loop
      vertex 35 22 10
      vertex 35 8 8.6
      vertex 35 8 10
    endloop
  endfacet
  facet normal 1 -0 0
    outer loop
      vertex 21 8 10
      vertex 21 22 8.6
      vertex 21 22 10
    endloop
  endfacet
  facet normal 1 0 0
    outer loop
      vertex 21 22 8.6
      vertex 21 8 10
      vertex 21 8 8.6
    endloop
  endfacet
  facet normal 0 -1 0
    outer loop
      vertex 21 22 8.6
      vertex 35 22 10
      vertex 21 22 10
    endloop
  endfacet
  facet normal 0 -1 -0
    outer loop
      vertex 35 22 10
      vertex 21 22 8.6
      vertex 35 22 8.6
    endloop
  endfacet
  facet normal 0 1 -0
    outer loop
      vertex 35 8 8.6
      vertex 21 8 10
      vertex 35 8 10
    endloop
  endfacet
  facet normal 0 1 0
    outer loop
      vertex 21 8 10
      vertex 35 8 8.6
      vertex 21 8 8.6
    endloop
  endfacet
  facet normal -1 0 0
    outer loop
      vertex 35.8 7.2 0
      vertex 35.8 22.8 8.6
      vertex 35.8 22.8 0
    endloop
  endfacet
  facet normal -1 -0 0
    outer loop
      vertex 35.8 22.8 8.6
      vertex 35.8 7.2 0
      vertex 35.8 7.2 8.6
    endloop
  endfacet
  facet normal 0 0 -1
    outer loop
      vertex 35.8 7.2 8.6
      vertex 35 8 8.6
      vertex 35.8 22.8 8.6
    endloop
  endfacet
  facet normal 0 0 -1
    outer loop
      vertex 35.8 7.2 8.6
      vertex 21 8 8.6
      vertex 35 8 8.6
    endloop
  endfacet
  facet normal -0 0 -1
    outer loop
      vertex 21 8 8.6
      vertex 20.2 7.2 8.6
      vertex 21 22 8.6
    endloop
  endfacet
  facet normal 0 0 -1
    outer loop
      vertex 20.2 7.2 8.6
      vertex 21 8 8.6
      vertex 35.8 7.2 8.6
    endloop
  endfacet
  facet normal 0 0 -1
    outer loop
      vertex 35 22 8.6
      vertex 35.8 22.8 8.6
      vertex 35 8 8.6
    endloop
  endfacet
  facet normal 0 0 -1
    outer loop
      vertex 21 22 8.6
      vertex 35.8 22.8 8.6
      vertex 35 22 8.6
    endloop
  endfacet
  facet normal 0 0 -1
    outer loop
      vertex 21 22 8.6
      vertex 20.2 22.8 8.6
      vertex 35.8 22.8 8.6
    endloop
  endfacet
  facet normal 0 0 -1
    outer loop
      vertex 20.2 22.8 8.6
      vertex 21 22 8.6
      vertex 20.2 7.2 8.6
    endloop
  endfacet
  facet normal 1 -0 0
    outer loop
      vertex 20.2 7.2 8.6
      vertex 20.2 22.8 0
      vertex 20.2 22.8 8.6
    endloop
  endfacet
  facet normal 1 0 0
    outer loop
      vertex 20.2 22.8 0
      vertex 20.2 7.2 8.6
      vertex 20.2 7.2 0
    endloop
  endfacet
  facet normal 0 -1 0
    outer loop
      vertex 20.2 22.8 0
      vertex 35.8 22.8 8.6
      vertex 20.2 22.8 8.6
    endloop
  endfacet
  facet normal 0 -1 -0
    outer loop
      vertex 35.8 22.8 8.6
      vertex 20.2 22.8 0
      vertex 35.8 22.8 0
    endloop
  endfacet
  facet normal 0 1 -0
    outer loop
      vertex 35.8 7.2 0
      vertex 20.2 7.2 8.6
      vertex 35.8 7.2 8.6
    endloop
  endfacet
  facet normal 0 1 0
    outer loop
      vertex 20.2 7.2 8.6
      vertex 35.8 7.2 0
      vertex 20.2 7.2 0
    endloop
  endfacet
  facet normal -1 0 0
    outer loop
      vertex 69 8 8.6
      vertex 69 22 10
      vertex 69 22 8.6
    endloop
  endfacet
  facet normal -1 -0 0
    outer loop
      vertex 69 22 10
      vertex 69 8 8.6
      vertex 69 8 10
    endloop
  endfacet
  facet normal 1 -0 0
    outer loop
      vertex 55 8 10
      vertex 55 22 8.6
      vertex 55 22 10
    endloop
  endfacet
  facet normal 1 0 0
    outer loop
      vertex 55 22 8.6
      vertex 55 8 10
      vertex 55 8 8.6
    endloop
  endfacet
  facet normal 0 -1 0
    outer loop
      vertex 55 22 8.6
      vertex 69 22 10
      vertex 55 22 10
    endloop
  endfacet
  facet normal 0 -1 -0
    outer loop
      vertex 69 22 10
      vertex 55 22 8.6
      vertex 69 22 8.6
    endloop
  endfacet
  facet normal 0 1 -0
    outer loop
      vertex 69 8 8.6
      vertex 55 8 10
      vertex 69 8 10
    endloop
  endfacet
  facet normal 0 1 0
    outer loop
      vertex 55 8 10
      vertex 69 8 8.6
      vertex 55 8 8.6
    endloop
  endfacet
  facet normal -1 0 0
    outer loop
      vertex 69.8 7.2 0
      vertex 69.8 22.8 8.6
      vertex 69.8 22.8 0
    endloop
  endfacet
  facet normal -1 -0 0
    outer loop
      vertex 69.8 22.8 8.6
      vertex 69.8 7.2 0
      vertex 69.8 7.2 8.6
    endloop
  endfacet
  facet normal 0 0 -1
    outer loop
      vertex 69.8 7.2 8.6
      vertex 69 8 8.6
      vertex 69.8 22.8 8.6
    endloop
  endfacet
  facet normal 0 0 -1
    outer loop
      vertex 69.8 7.2 8.6
      vertex 55 8 8.6
      vertex 69 8 8.6
    endloop
  endfacet
  facet normal -0 0 -1
    outer loop
      vertex 55 8 8.6
      vertex 54.2 7.2 8.6
      vertex 55 22 8.6
    endloop
  endfacet
  facet normal 0 0 -1
    outer loop
      vertex 54.2 7.2 8.6
      vertex 55 8 8.6
      vertex 69.8 7.2 8.6
    endloop
  endfacet
  facet normal 0 0 -1
    outer loop
      vertex 69 22 8.6
      vertex 69.8 22.8 8.6
      vertex 69 8 8.6
    endloop
  endfacet
  facet normal 0 0 -1
    outer loop
      vertex 55 22 8.6
      vertex 69.8 22.8 8.6
      vertex 69 22 8.6
    endloop
  endfacet
  facet normal 0 0 -1
    outer loop
      vertex 55 22 8.6
      vertex 54.2 22.8 8.6
      vertex 69.8 22.8 8.6
    endloop
  endfacet
  facet normal 0 0 -1
    outer loop
      vertex 54.2 22.8 8.6
      vertex 55 22 8.6
      vertex 54.2 7.2 8.6
    endloop
  endfacet
  facet normal 1 -0 0
    outer loop
      vertex 54.2 7.2 8.6
      vertex 54.2 22.8 0
      vertex 54.2 22.8 8.6
    endloop
  endfacet
  facet normal 1 0 0
    outer loop
      vertex 54.2 22.8 0
      vertex 54.2 7.2 8.6
      vertex 54.2 7.2 0
    endloop
  endfacet
  facet normal 0 -1 0
    outer loop
      vertex 54.2 22.8 0
      vertex 69.8 22.8 8.6
      vertex 54.2 22.8 8.6
    endloop
  endfacet
  facet normal 0 -1 -0
    outer loop
      vertex 69.8 22.8 8.6
      vertex 54.2 22.8 0
      vertex 69.8 22.8 0
    endloop
  endfacet
  facet normal 0 1 -0
    outer loop
      vertex 69.8 7.2 0
      vertex 54.2 7.2 8.6
      vertex 69.8 7.2 8.6
    endloop
  endfacet
  facet normal 0 1 0
    outer loop
      vertex 54.2 7.2 8.6
      vertex 69.8 7.2 0
      vertex 54.2 7.2 0
    endloop
  endfacet
  facet normal 0.258868 -0.965913 0
    outer loop
      vertex 16.4528 33.5035 0.99
      vertex 16.7222 33.5757 3.5
      vertex 16.4528 33.5035 3.5
    endloop
  endfacet
  facet normal 0.258868 -0.965913 0
    outer loop
      vertex 16.7222 33.5757 3.5
      vertex 16.4528 33.5035 0.99
      vertex 16.7222 33.5757 0.99
    endloop
  endfacet
  facet normal -0.965913 -0.258868 0
    outer loop
      vertex 18.5757 32.2778 0.99
      vertex 18.5035 32.5472 3.5
      vertex 18.5035 32.5472 0.99
    endloop
  endfacet
  facet normal -0.965913 -0.258868 0
    outer loop
      vertex 18.5035 32.5472 3.5
      vertex 18.5757 32.2778 0.99
      vertex 18.5757 32.2778 3.5
    endloop
  endfacet
  facet normal -0.996196 -0.0871403 0
    outer loop
      vertex 18.6 32 0.99
      vertex 18.5757 32.2778 3.5
      vertex 18.5757 32.2778 0.99
    endloop
  endfacet
  facet normal -0.996196 -0.0871403 0
    outer loop
      vertex 18.5757 32.2778 3.5
      vertex 18.6 32 0.99
      vertex 18.6 32 3.5
    endloop
  endfacet
  facet normal -0.906284 -0.42267 0
    outer loop
      vertex 18.5035 32.5472 0.99
      vertex 18.3856 32.8 3.5
      vertex 18.3856 32.8 0.99
    endloop
  endfacet
  facet normal -0.906284 -0.42267 0
    outer loop
      vertex 18.3856 32.8 3.5
      vertex 18.5035 32.5472 0.99
      vertex 18.5035 32.5472 3.5
    endloop
  endfacet
  facet normal 0.906284 0.42267 0
    outer loop
      vertex 15.6144 31.2 3.5
      vertex 15.4965 31.4528 0.99
      vertex 15.4965 31.4528 3.5
    endloop
  endfacet
  facet normal 0.906284 0.42267 0
    outer loop
      vertex 15.4965 31.4528 0.99
      vertex 15.6144 31.2 3.5
      vertex 15.6144 31.2 0.99
    endloop
  endfacet
  facet normal -0.906284 0.42267 0
    outer loop
      vertex 18.3856 31.2 0.99
      vertex 18.5035 31.4528 3.5
      vertex 18.5035 31.4528 0.99
    endloop
  endfacet
  facet normal -0.906284 0.42267 0
    outer loop
      vertex 18.5035 31.4528 3.5
      vertex 18.3856 31.2 0.99
      vertex 18.3856 31.2 3.5
    endloop
  endfacet
  facet normal -0.819316 0.573342 0
    outer loop
      vertex 18.2257 30.9715 0.99
      vertex 18.3856 31.2 3.5
      vertex 18.3856 31.2 0.99
    endloop
  endfacet
  facet normal -0.819316 0.573342 0
    outer loop
      vertex 18.3856 31.2 3.5
      vertex 18.2257 30.9715 0.99
      vertex 18.2257 30.9715 3.5
    endloop
  endfacet
  facet normal -0.996196 0.0871403 0
    outer loop
      vertex 18.5757 31.7222 0.99
      vertex 18.6 32 3.5
      vertex 18.6 32 0.99
    endloop
  endfacet
  facet normal -0.996196 0.0871403 0
    outer loop
      vertex 18.6 32 3.5
      vertex 18.5757 31.7222 0.99
      vertex 18.5757 31.7222 3.5
    endloop
  endfacet
  facet normal -0.819316 -0.573342 0
    outer loop
      vertex 18.3856 32.8 0.99
      vertex 18.2257 33.0285 3.5
      vertex 18.2257 33.0285 0.99
    endloop
  endfacet
  facet normal -0.819316 -0.573342 0
    outer loop
      vertex 18.2257 33.0285 3.5
      vertex 18.3856 32.8 0.99
      vertex 18.3856 32.8 3.5
    endloop
  endfacet
  facet normal 0.707107 -0.707107 0
    outer loop
      vertex 15.7743 33.0285 3.5
      vertex 15.9715 33.2257 0.99
      vertex 15.9715 33.2257 3.5
    endloop
  endfacet
  facet normal 0.707107 -0.707107 0
    outer loop
      vertex 15.9715 33.2257 0.99
      vertex 15.7743 33.0285 3.5
      vertex 15.7743 33.0285 0.99
    endloop
  endfacet
  facet normal 0 0 -1
    outer loop
      vertex 18.5757 31.7222 3.5
      vertex 18.5757 32.2778 3.5
      vertex 18.6 32 3.5
    endloop
  endfacet
  facet normal 0 0 -1
    outer loop
      vertex 18.5035 31.4528 3.5
      vertex 18.5757 32.2778 3.5
      vertex 18.5757 31.7222 3.5
    endloop
  endfacet
  facet normal 0 0 -1
    outer loop
      vertex 18.5035 31.4528 3.5
      vertex 18.5035 32.5472 3.5
      vertex 18.5757 32.2778 3.5
    endloop
  endfacet
  facet normal 0 0 -1
    outer loop
      vertex 18.3856 31.2 3.5
      vertex 18.5035 32.5472 3.5
      vertex 18.5035 31.4528 3.5
    endloop
  endfacet
  facet normal 0 0 -1
    outer loop
      vertex 18.3856 31.2 3.5
      vertex 18.3856 32.8 3.5
      vertex 18.5035 32.5472 3.5
    endloop
  endfacet
  facet normal 0 0 -1
    outer loop
      vertex 18.2257 30.9715 3.5
      vertex 18.3856 32.8 3.5
      vertex 18.3856 31.2 3.5
    endloop
  endfacet
  facet normal 0 0 -1
    outer loop
      vertex 18.2257 30.9715 3.5
      vertex 18.2257 33.0285 3.5
      vertex 18.3856 32.8 3.5
    endloop
  endfacet
  facet normal 0 0 -1
    outer loop
      vertex 18.0285 30.7743 3.5
      vertex 18.2257 33.0285 3.5
      vertex 18.2257 30.9715 3.5
    endloop
  endfacet
  facet normal 0 0 -1
    outer loop
      vertex 18.0285 30.7743 3.5
      vertex 18.0285 33.2257 3.5
      vertex 18.2257 33.0285 3.5
    endloop
  endfacet
  facet normal 0 0 -1
    outer loop
      vertex 17.8 30.6144 3.5
      vertex 18.0285 33.2257 3.5
      vertex 18.0285 30.7743 3.5
    endloop
  endfacet
  facet normal 0 0 -1
    outer loop
      vertex 17.8 30.6144 3.5
      vertex 17.8 33.3856 3.5
      vertex 18.0285 33.2257 3.5
    endloop
  endfacet
  facet normal 0 0 -1
    outer loop
      vertex 17.5472 30.4965 3.5
      vertex 17.8 33.3856 3.5
      vertex 17.8 30.6144 3.5
    endloop
  endfacet
  facet normal 0 0 -1
    outer loop
      vertex 17.5472 30.4965 3.5
      vertex 17.5472 33.5035 3.5
      vertex 17.8 33.3856 3.5
    endloop
  endfacet
  facet normal 0 0 -1
    outer loop
      vertex 17.2778 30.4243 3.5
      vertex 17.5472 33.5035 3.5
      vertex 17.5472 30.4965 3.5
    endloop
  endfacet
  facet normal 0 0 -1
    outer loop
      vertex 17.2778 30.4243 3.5
      vertex 17.2778 33.5757 3.5
      vertex 17.5472 33.5035 3.5
    endloop
  endfacet
  facet normal 0 0 -1
    outer loop
      vertex 17 30.4 3.5
      vertex 17.2778 33.5757 3.5
      vertex 17.2778 30.4243 3.5
    endloop
  endfacet
  facet normal 0 0 -1
    outer loop
      vertex 17 30.4 3.5
      vertex 17 33.6 3.5
      vertex 17.2778 33.5757 3.5
    endloop
  endfacet
  facet normal 0 0 -1
    outer loop
      vertex 16.7222 30.4243 3.5
      vertex 17 33.6 3.5
      vertex 17 30.4 3.5
    endloop
  endfacet
  facet normal 0 0 -1
    outer loop
      vertex 16.7222 30.4243 3.5
      vertex 16.7222 33.5757 3.5
      vertex 17 33.6 3.5
    endloop
  endfacet
  facet normal 0 0 -1
    outer loop
      vertex 16.4528 30.4965 3.5
      vertex 16.7222 33.5757 3.5
      vertex 16.7222 30.4243 3.5
    endloop
  endfacet
  facet normal 0 0 -1
    outer loop
      vertex 16.4528 30.4965 3.5
      vertex 16.4528 33.5035 3.5
      vertex 16.7222 33.5757 3.5
    endloop
  endfacet
  facet normal 0 0 -1
    outer loop
      vertex 16.2 30.6144 3.5
      vertex 16.4528 33.5035 3.5
      vertex 16.4528 30.4965 3.5
    endloop
  endfacet
  facet normal 0 0 -1
    outer loop
      vertex 16.2 30.6144 3.5
      vertex 16.2 33.3856 3.5
      vertex 16.4528 33.5035 3.5
    endloop
  endfacet
  facet normal 0 0 -1
    outer loop
      vertex 15.9715 30.7743 3.5
      vertex 16.2 33.3856 3.5
      vertex 16.2 30.6144 3.5
    endloop
  endfacet
  facet normal 0 0 -1
    outer loop
      vertex 15.9715 30.7743 3.5
      vertex 15.9715 33.2257 3.5
      vertex 16.2 33.3856 3.5
    endloop
  endfacet
  facet normal 0 0 -1
    outer loop
      vertex 15.7743 30.9715 3.5
      vertex 15.9715 33.2257 3.5
      vertex 15.9715 30.7743 3.5
    endloop
  endfacet
  facet normal 0 0 -1
    outer loop
      vertex 15.7743 30.9715 3.5
      vertex 15.7743 33.0285 3.5
      vertex 15.9715 33.2257 3.5
    endloop
  endfacet
  facet normal 0 0 -1
    outer loop
      vertex 15.6144 31.2 3.5
      vertex 15.7743 33.0285 3.5
      vertex 15.7743 30.9715 3.5
    endloop
  endfacet
  facet normal 0 0 -1
    outer loop
      vertex 15.6144 31.2 3.5
      vertex 15.6144 32.8 3.5
      vertex 15.7743 33.0285 3.5
    endloop
  endfacet
  facet normal 0 0 -1
    outer loop
      vertex 15.4965 31.4528 3.5
      vertex 15.6144 32.8 3.5
      vertex 15.6144 31.2 3.5
    endloop
  endfacet
  facet normal 0 0 -1
    outer loop
      vertex 15.4965 31.4528 3.5
      vertex 15.4965 32.5472 3.5
      vertex 15.6144 32.8 3.5
    endloop
  endfacet
  facet normal 0 0 -1
    outer loop
      vertex 15.4243 31.7222 3.5
      vertex 15.4965 32.5472 3.5
      vertex 15.4965 31.4528 3.5
    endloop
  endfacet
  facet normal 0 0 -1
    outer loop
      vertex 15.4243 31.7222 3.5
      vertex 15.4243 32.2778 3.5
      vertex 15.4965 32.5472 3.5
    endloop
  endfacet
  facet normal 0 -0 -1
    outer loop
      vertex 15.4243 32.2778 3.5
      vertex 15.4243 31.7222 3.5
      vertex 15.4 32 3.5
    endloop
  endfacet
  facet normal 0.0871403 -0.996196 0
    outer loop
      vertex 16.7222 33.5757 0.99
      vertex 17 33.6 3.5
      vertex 16.7222 33.5757 3.5
    endloop
  endfacet
  facet normal 0.0871403 -0.996196 0
    outer loop
      vertex 17 33.6 3.5
      vertex 16.7222 33.5757 0.99
      vertex 17 33.6 0.99
    endloop
  endfacet
  facet normal 0.573342 -0.819316 0
    outer loop
      vertex 15.9715 33.2257 0.99
      vertex 16.2 33.3856 3.5
      vertex 15.9715 33.2257 3.5
    endloop
  endfacet
  facet normal 0.573342 -0.819316 0
    outer loop
      vertex 16.2 33.3856 3.5
      vertex 15.9715 33.2257 0.99
      vertex 16.2 33.3856 0.99
    endloop
  endfacet
  facet normal 0.42267 -0.906284 0
    outer loop
      vertex 16.2 33.3856 0.99
      vertex 16.4528 33.5035 3.5
      vertex 16.2 33.3856 3.5
    endloop
  endfacet
  facet normal 0.42267 -0.906284 0
    outer loop
      vertex 16.4528 33.5035 3.5
      vertex 16.2 33.3856 0.99
      vertex 16.4528 33.5035 0.99
    endloop
  endfacet
  facet normal -0.42267 0.906284 0
    outer loop
      vertex 17.8 30.6144 0.99
      vertex 17.5472 30.4965 3.5
      vertex 17.8 30.6144 3.5
    endloop
  endfacet
  facet normal -0.42267 0.906284 0
    outer loop
      vertex 17.5472 30.4965 3.5
      vertex 17.8 30.6144 0.99
      vertex 17.5472 30.4965 0.99
    endloop
  endfacet
  facet normal 0.996196 0.0871403 0
    outer loop
      vertex 15.4243 31.7222 3.5
      vertex 15.4 32 0.99
      vertex 15.4 32 3.5
    endloop
  endfacet
  facet normal 0.996196 0.0871403 0
    outer loop
      vertex 15.4 32 0.99
      vertex 15.4243 31.7222 3.5
      vertex 15.4243 31.7222 0.99
    endloop
  endfacet
  facet normal -0.573342 -0.819316 0
    outer loop
      vertex 17.8 33.3856 0.99
      vertex 18.0285 33.2257 3.5
      vertex 17.8 33.3856 3.5
    endloop
  endfacet
  facet normal -0.573342 -0.819316 -0
    outer loop
      vertex 18.0285 33.2257 3.5
      vertex 17.8 33.3856 0.99
      vertex 18.0285 33.2257 0.99
    endloop
  endfacet
  facet normal -0.258868 -0.965913 0
    outer loop
      vertex 17.2778 33.5757 0.99
      vertex 17.5472 33.5035 3.5
      vertex 17.2778 33.5757 3.5
    endloop
  endfacet
  facet normal -0.258868 -0.965913 -0
    outer loop
      vertex 17.5472 33.5035 3.5
      vertex 17.2778 33.5757 0.99
      vertex 17.5472 33.5035 0.99
    endloop
  endfacet
  facet normal -0.573342 0.819316 0
    outer loop
      vertex 18.0285 30.7743 0.99
      vertex 17.8 30.6144 3.5
      vertex 18.0285 30.7743 3.5
    endloop
  endfacet
  facet normal -0.573342 0.819316 0
    outer loop
      vertex 17.8 30.6144 3.5
      vertex 18.0285 30.7743 0.99
      vertex 17.8 30.6144 0.99
    endloop
  endfacet
  facet normal 0.965913 -0.258868 0
    outer loop
      vertex 15.4243 32.2778 3.5
      vertex 15.4965 32.5472 0.99
      vertex 15.4965 32.5472 3.5
    endloop
  endfacet
  facet normal 0.965913 -0.258868 0
    outer loop
      vertex 15.4965 32.5472 0.99
      vertex 15.4243 32.2778 3.5
      vertex 15.4243 32.2778 0.99
    endloop
  endfacet
  facet normal -0.42267 -0.906284 0
    outer loop
      vertex 17.5472 33.5035 0.99
      vertex 17.8 33.3856 3.5
      vertex 17.5472 33.5035 3.5
    endloop
  endfacet
  facet normal -0.42267 -0.906284 -0
    outer loop
      vertex 17.8 33.3856 3.5
      vertex 17.5472 33.5035 0.99
      vertex 17.8 33.3856 0.99
    endloop
  endfacet
  facet normal 0.819316 -0.573342 0
    outer loop
      vertex 15.6144 32.8 3.5
      vertex 15.7743 33.0285 0.99
      vertex 15.7743 33.0285 3.5
    endloop
  endfacet
  facet normal 0.819316 -0.573342 0
    outer loop
      vertex 15.7743 33.0285 0.99
      vertex 15.6144 32.8 3.5
      vertex 15.6144 32.8 0.99
    endloop
  endfacet
  facet normal 0.819316 0.573342 0
    outer loop
      vertex 15.7743 30.9715 3.5
      vertex 15.6144 31.2 0.99
      vertex 15.6144 31.2 3.5
    endloop
  endfacet
  facet normal 0.819316 0.573342 0
    outer loop
      vertex 15.6144 31.2 0.99
      vertex 15.7743 30.9715 3.5
      vertex 15.7743 30.9715 0.99
    endloop
  endfacet
  facet normal -0.258868 0.965913 0
    outer loop
      vertex 17.5472 30.4965 0.99
      vertex 17.2778 30.4243 3.5
      vertex 17.5472 30.4965 3.5
    endloop
  endfacet
  facet normal -0.258868 0.965913 0
    outer loop
      vertex 17.2778 30.4243 3.5
      vertex 17.5472 30.4965 0.99
      vertex 17.2778 30.4243 0.99
    endloop
  endfacet
  facet normal -0.707107 0.707107 0
    outer loop
      vertex 18.0285 30.7743 0.99
      vertex 18.2257 30.9715 3.5
      vertex 18.2257 30.9715 0.99
    endloop
  endfacet
  facet normal -0.707107 0.707107 0
    outer loop
      vertex 18.2257 30.9715 3.5
      vertex 18.0285 30.7743 0.99
      vertex 18.0285 30.7743 3.5
    endloop
  endfacet
  facet normal -0.707107 -0.707107 0
    outer loop
      vertex 18.2257 33.0285 0.99
      vertex 18.0285 33.2257 3.5
      vertex 18.0285 33.2257 0.99
    endloop
  endfacet
  facet normal -0.707107 -0.707107 0
    outer loop
      vertex 18.0285 33.2257 3.5
      vertex 18.2257 33.0285 0.99
      vertex 18.2257 33.0285 3.5
    endloop
  endfacet
  facet normal -0.965913 0.258868 0
    outer loop
      vertex 18.5035 31.4528 0.99
      vertex 18.5757 31.7222 3.5
      vertex 18.5757 31.7222 0.99
    endloop
  endfacet
  facet normal -0.965913 0.258868 0
    outer loop
      vertex 18.5757 31.7222 3.5
      vertex 18.5035 31.4528 0.99
      vertex 18.5035 31.4528 3.5
    endloop
  endfacet
  facet normal 0.707107 0.707107 -0
    outer loop
      vertex 15.9715 30.7743 0.99
      vertex 15.7743 30.9715 3.5
      vertex 15.9715 30.7743 3.5
    endloop
  endfacet
  facet normal 0.707107 0.707107 0
    outer loop
      vertex 15.7743 30.9715 3.5
      vertex 15.9715 30.7743 0.99
      vertex 15.7743 30.9715 0.99
    endloop
  endfacet
  facet normal 0.906284 -0.42267 0
    outer loop
      vertex 15.4965 32.5472 3.5
      vertex 15.6144 32.8 0.99
      vertex 15.6144 32.8 3.5
    endloop
  endfacet
  facet normal 0.906284 -0.42267 0
    outer loop
      vertex 15.6144 32.8 0.99
      vertex 15.4965 32.5472 3.5
      vertex 15.4965 32.5472 0.99
    endloop
  endfacet
  facet normal 0.573342 0.819316 -0
    outer loop
      vertex 16.2 30.6144 0.99
      vertex 15.9715 30.7743 3.5
      vertex 16.2 30.6144 3.5
    endloop
  endfacet
  facet normal 0.573342 0.819316 0
    outer loop
      vertex 15.9715 30.7743 3.5
      vertex 16.2 30.6144 0.99
      vertex 15.9715 30.7743 0.99
    endloop
  endfacet
  facet normal -0.0871403 0.996196 0
    outer loop
      vertex 17.2778 30.4243 0.99
      vertex 17 30.4 3.5
      vertex 17.2778 30.4243 3.5
    endloop
  endfacet
  facet normal -0.0871403 0.996196 0
    outer loop
      vertex 17 30.4 3.5
      vertex 17.2778 30.4243 0.99
      vertex 17 30.4 0.99
    endloop
  endfacet
  facet normal -0.0871403 -0.996196 0
    outer loop
      vertex 17 33.6 0.99
      vertex 17.2778 33.5757 3.5
      vertex 17 33.6 3.5
    endloop
  endfacet
  facet normal -0.0871403 -0.996196 -0
    outer loop
      vertex 17.2778 33.5757 3.5
      vertex 17 33.6 0.99
      vertex 17.2778 33.5757 0.99
    endloop
  endfacet
  facet normal 0.0871403 0.996196 -0
    outer loop
      vertex 17 30.4 0.99
      vertex 16.7222 30.4243 3.5
      vertex 17 30.4 3.5
    endloop
  endfacet
  facet normal 0.0871403 0.996196 0
    outer loop
      vertex 16.7222 30.4243 3.5
      vertex 17 30.4 0.99
      vertex 16.7222 30.4243 0.99
    endloop
  endfacet
  facet normal 0.258868 0.965913 -0
    outer loop
      vertex 16.7222 30.4243 0.99
      vertex 16.4528 30.4965 3.5
      vertex 16.7222 30.4243 3.5
    endloop
  endfacet
  facet normal 0.258868 0.965913 0
    outer loop
      vertex 16.4528 30.4965 3.5
      vertex 16.7222 30.4243 0.99
      vertex 16.4528 30.4965 0.99
    endloop
  endfacet
  facet normal 0.996196 -0.0871403 0
    outer loop
      vertex 15.4 32 3.5
      vertex 15.4243 32.2778 0.99
      vertex 15.4243 32.2778 3.5
    endloop
  endfacet
  facet normal 0.996196 -0.0871403 0
    outer loop
      vertex 15.4243 32.2778 0.99
      vertex 15.4 32 3.5
      vertex 15.4 32 0.99
    endloop
  endfacet
  facet normal 0.965913 0.258868 0
    outer loop
      vertex 15.4965 31.4528 3.5
      vertex 15.4243 31.7222 0.99
      vertex 15.4243 31.7222 3.5
    endloop
  endfacet
  facet normal 0.965913 0.258868 0
    outer loop
      vertex 15.4243 31.7222 0.99
      vertex 15.4965 31.4528 3.5
      vertex 15.4965 31.4528 0.99
    endloop
  endfacet
  facet normal 0.42267 0.906284 -0
    outer loop
      vertex 16.4528 30.4965 0.99
      vertex 16.2 30.6144 3.5
      vertex 16.4528 30.4965 3.5
    endloop
  endfacet
  facet normal 0.42267 0.906284 0
    outer loop
      vertex 16.2 30.6144 3.5
      vertex 16.4528 30.4965 0.99
      vertex 16.2 30.6144 0.99
    endloop
  endfacet
  facet normal -0.775095 -0.372046 -0.510695
    outer loop
      vertex 19.0617 32.7504 0
      vertex 18.3856 32.8 0.99
      vertex 19.0605 32.7529 0
    endloop
  endfacet
  facet normal -0.777903 -0.362796 -0.513076
    outer loop
      vertex 18.3856 32.8 0.99
      vertex 19.0617 32.7504 0
      vertex 18.5035 32.5472 0.99
    endloop
  endfacet
  facet normal -0.606958 -0.606958 -0.513033
    outer loop
      vertex 18.6807 33.4103 0
      vertex 18.0285 33.2257 0.99
      vertex 18.4103 33.6807 0
    endloop
  endfacet
  facet normal -0.606958 -0.606958 -0.513033
    outer loop
      vertex 18.0285 33.2257 0.99
      vertex 18.6807 33.4103 0
      vertex 18.2257 33.0285 0.99
    endloop
  endfacet
  facet normal 0.777903 0.362796 -0.513076
    outer loop
      vertex 15.6144 31.2 0.99
      vertex 14.9383 31.2496 0
      vertex 15.4965 31.4528 0.99
    endloop
  endfacet
  facet normal 0.775095 0.372046 -0.510695
    outer loop
      vertex 14.9383 31.2496 0
      vertex 15.6144 31.2 0.99
      vertex 14.9395 31.2471 0
    endloop
  endfacet
  facet normal -0.855889 -0.0611349 -0.513533
    outer loop
      vertex 18.6 32 0.99
      vertex 19.1938 32.0028 0
      vertex 19.194 32 0
    endloop
  endfacet
  facet normal -0.855074 -0.0747959 -0.513083
    outer loop
      vertex 19.1938 32.0028 0
      vertex 18.6 32 0.99
      vertex 18.5757 32.2778 0.99
    endloop
  endfacet
  facet normal -0.855076 -0.0748361 -0.513073
    outer loop
      vertex 19.1607 32.381 0
      vertex 19.1938 32.0028 0
      vertex 18.5757 32.2778 0.99
    endloop
  endfacet
  facet normal 0.0747959 -0.855074 -0.513083
    outer loop
      vertex 16.9972 34.1938 0
      vertex 17 33.6 0.99
      vertex 16.7222 33.5757 0.99
    endloop
  endfacet
  facet normal 0.0611349 -0.855889 -0.513533
    outer loop
      vertex 17 33.6 0.99
      vertex 16.9972 34.1938 0
      vertex 17 34.194 0
    endloop
  endfacet
  facet normal 0.492393 0.703096 -0.513035
    outer loop
      vertex 15.9715 30.7743 0.99
      vertex 15.9007 30.1015 0
      vertex 15.5897 30.3193 0
    endloop
  endfacet
  facet normal 0.855076 -0.0748361 -0.513073
    outer loop
      vertex 14.8393 32.381 0
      vertex 15.4243 32.2778 0.99
      vertex 14.8062 32.0028 0
    endloop
  endfacet
  facet normal 0.703096 0.492393 -0.513035
    outer loop
      vertex 15.7743 30.9715 0.99
      vertex 15.3193 30.5897 0
      vertex 15.1015 30.9007 0
    endloop
  endfacet
  facet normal 0.0748361 0.855076 -0.513073
    outer loop
      vertex 16.7222 30.4243 0.99
      vertex 16.9972 29.8062 0
      vertex 16.619 29.8393 0
    endloop
  endfacet
  facet normal -0.222247 0.829073 -0.513074
    outer loop
      vertex 17.7477 29.9376 0
      vertex 17.381 29.8393 0
      vertex 17.2778 30.4243 0.99
    endloop
  endfacet
  facet normal -0.831037 -0.215454 -0.512793
    outer loop
      vertex 19.0624 32.7477 0
      vertex 18.5035 32.5472 0.99
      vertex 19.0617 32.7504 0
    endloop
  endfacet
  facet normal -0.829093 -0.222199 -0.513062
    outer loop
      vertex 18.5035 32.5472 0.99
      vertex 19.0624 32.7477 0
      vertex 18.5757 32.2778 0.99
    endloop
  endfacet
  facet normal -0.372046 0.775095 -0.510695
    outer loop
      vertex 17.7504 29.9383 0
      vertex 17.8 30.6144 0.99
      vertex 17.7529 29.9395 0
    endloop
  endfacet
  facet normal -0.362796 0.777903 -0.513076
    outer loop
      vertex 17.8 30.6144 0.99
      vertex 17.7504 29.9383 0
      vertex 17.5472 30.4965 0.99
    endloop
  endfacet
  facet normal -0.775095 0.372046 -0.510695
    outer loop
      vertex 18.3856 31.2 0.99
      vertex 19.0617 31.2496 0
      vertex 19.0605 31.2471 0
    endloop
  endfacet
  facet normal -0.777903 0.362796 -0.513076
    outer loop
      vertex 19.0617 31.2496 0
      vertex 18.3856 31.2 0.99
      vertex 18.5035 31.4528 0.99
    endloop
  endfacet
  facet normal 0.362641 -0.777961 -0.513096
    outer loop
      vertex 16.2471 34.0605 0
      vertex 16.2 33.3856 0.99
      vertex 15.903 33.9001 0
    endloop
  endfacet
  facet normal 0.606958 0.606958 -0.513033
    outer loop
      vertex 15.5897 30.3193 0
      vertex 15.7743 30.9715 0.99
      vertex 15.9715 30.7743 0.99
    endloop
  endfacet
  facet normal 0.606958 0.606958 -0.513033
    outer loop
      vertex 15.7743 30.9715 0.99
      vertex 15.5897 30.3193 0
      vertex 15.3193 30.5897 0
    endloop
  endfacet
  facet normal 0.222247 0.829073 -0.513074
    outer loop
      vertex 16.7222 30.4243 0.99
      vertex 16.619 29.8393 0
      vertex 16.2523 29.9376 0
    endloop
  endfacet
  facet normal -0.704317 -0.489959 -0.51369
    outer loop
      vertex 18.9001 33.097 0
      vertex 18.2257 33.0285 0.99
      vertex 18.8985 33.0993 0
    endloop
  endfacet
  facet normal -0.70324 -0.492114 -0.513106
    outer loop
      vertex 18.2257 33.0285 0.99
      vertex 18.9001 33.097 0
      vertex 18.3856 32.8 0.99
    endloop
  endfacet
  facet normal -0.362641 -0.777961 -0.513096
    outer loop
      vertex 18.097 33.9001 0
      vertex 17.8 33.3856 0.99
      vertex 17.7529 34.0605 0
    endloop
  endfacet
  facet normal -0.703096 0.492393 -0.513035
    outer loop
      vertex 18.8985 30.9007 0
      vertex 18.6807 30.5897 0
      vertex 18.2257 30.9715 0.99
    endloop
  endfacet
  facet normal -0.362796 -0.777903 -0.513076
    outer loop
      vertex 17.7504 34.0617 0
      vertex 17.8 33.3856 0.99
      vertex 17.5472 33.5035 0.99
    endloop
  endfacet
  facet normal -0.372046 -0.775095 -0.510695
    outer loop
      vertex 17.8 33.3856 0.99
      vertex 17.7504 34.0617 0
      vertex 17.7529 34.0605 0
    endloop
  endfacet
  facet normal -0.606958 0.606958 -0.513033
    outer loop
      vertex 18.6807 30.5897 0
      vertex 18.0285 30.7743 0.99
      vertex 18.2257 30.9715 0.99
    endloop
  endfacet
  facet normal -0.606958 0.606958 -0.513033
    outer loop
      vertex 18.0285 30.7743 0.99
      vertex 18.6807 30.5897 0
      vertex 18.4103 30.3193 0
    endloop
  endfacet
  facet normal 0.829073 0.222247 -0.513074
    outer loop
      vertex 15.4243 31.7222 0.99
      vertex 14.9376 31.2523 0
      vertex 14.8393 31.619 0
    endloop
  endfacet
  facet normal 0.855076 0.0748361 -0.513073
    outer loop
      vertex 15.4243 31.7222 0.99
      vertex 14.8393 31.619 0
      vertex 14.8062 31.9972 0
    endloop
  endfacet
  facet normal -0.492114 -0.70324 -0.513106
    outer loop
      vertex 18.097 33.9001 0
      vertex 18.0285 33.2257 0.99
      vertex 17.8 33.3856 0.99
    endloop
  endfacet
  facet normal -0.489959 -0.704317 -0.51369
    outer loop
      vertex 18.0285 33.2257 0.99
      vertex 18.097 33.9001 0
      vertex 18.0993 33.8985 0
    endloop
  endfacet
  facet normal -0.777961 -0.362641 -0.513096
    outer loop
      vertex 18.9001 33.097 0
      vertex 19.0605 32.7529 0
      vertex 18.3856 32.8 0.99
    endloop
  endfacet
  facet normal -0.829073 -0.222247 -0.513074
    outer loop
      vertex 19.0624 32.7477 0
      vertex 19.1607 32.381 0
      vertex 18.5757 32.2778 0.99
    endloop
  endfacet
  facet normal 0.362796 0.777903 -0.513076
    outer loop
      vertex 16.2496 29.9383 0
      vertex 16.2 30.6144 0.99
      vertex 16.4528 30.4965 0.99
    endloop
  endfacet
  facet normal 0.372046 0.775095 -0.510695
    outer loop
      vertex 16.2 30.6144 0.99
      vertex 16.2496 29.9383 0
      vertex 16.2471 29.9395 0
    endloop
  endfacet
  facet normal -0.703096 -0.492393 -0.513035
    outer loop
      vertex 18.6807 33.4103 0
      vertex 18.8985 33.0993 0
      vertex 18.2257 33.0285 0.99
    endloop
  endfacet
  facet normal -0.362641 0.777961 -0.513096
    outer loop
      vertex 17.8 30.6144 0.99
      vertex 18.097 30.0999 0
      vertex 17.7529 29.9395 0
    endloop
  endfacet
  facet normal 0.222247 -0.829073 -0.513074
    outer loop
      vertex 16.619 34.1607 0
      vertex 16.7222 33.5757 0.99
      vertex 16.2523 34.0624 0
    endloop
  endfacet
  facet normal 0.492114 0.70324 -0.513106
    outer loop
      vertex 15.903 30.0999 0
      vertex 15.9715 30.7743 0.99
      vertex 16.2 30.6144 0.99
    endloop
  endfacet
  facet normal 0.489959 0.704317 -0.51369
    outer loop
      vertex 15.9715 30.7743 0.99
      vertex 15.903 30.0999 0
      vertex 15.9007 30.1015 0
    endloop
  endfacet
  facet normal -0.829073 0.222247 -0.513074
    outer loop
      vertex 19.1607 31.619 0
      vertex 19.0624 31.2523 0
      vertex 18.5757 31.7222 0.99
    endloop
  endfacet
  facet normal 0.0748361 -0.855076 -0.513073
    outer loop
      vertex 16.9972 34.1938 0
      vertex 16.7222 33.5757 0.99
      vertex 16.619 34.1607 0
    endloop
  endfacet
  facet normal -0.777961 0.362641 -0.513096
    outer loop
      vertex 19.0605 31.2471 0
      vertex 18.9001 30.903 0
      vertex 18.3856 31.2 0.99
    endloop
  endfacet
  facet normal -0.492393 -0.703096 -0.513035
    outer loop
      vertex 18.0993 33.8985 0
      vertex 18.4103 33.6807 0
      vertex 18.0285 33.2257 0.99
    endloop
  endfacet
  facet normal 0.362641 0.777961 -0.513096
    outer loop
      vertex 16.2 30.6144 0.99
      vertex 16.2471 29.9395 0
      vertex 15.903 30.0999 0
    endloop
  endfacet
  facet normal -0.855076 0.0748361 -0.513073
    outer loop
      vertex 19.1938 31.9972 0
      vertex 19.1607 31.619 0
      vertex 18.5757 31.7222 0.99
    endloop
  endfacet
  facet normal -0.855889 0.0611349 -0.513533
    outer loop
      vertex 19.1938 31.9972 0
      vertex 18.6 32 0.99
      vertex 19.194 32 0
    endloop
  endfacet
  facet normal -0.855074 0.0747959 -0.513083
    outer loop
      vertex 18.6 32 0.99
      vertex 19.1938 31.9972 0
      vertex 18.5757 31.7222 0.99
    endloop
  endfacet
  facet normal 0.70324 0.492114 -0.513106
    outer loop
      vertex 15.7743 30.9715 0.99
      vertex 15.0999 30.903 0
      vertex 15.6144 31.2 0.99
    endloop
  endfacet
  facet normal 0.704317 0.489959 -0.51369
    outer loop
      vertex 15.0999 30.903 0
      vertex 15.7743 30.9715 0.99
      vertex 15.1015 30.9007 0
    endloop
  endfacet
  facet normal -0.0748361 -0.855076 -0.513073
    outer loop
      vertex 17.381 34.1607 0
      vertex 17.2778 33.5757 0.99
      vertex 17.0028 34.1938 0
    endloop
  endfacet
  facet normal -0.222199 -0.829093 -0.513062
    outer loop
      vertex 17.7477 34.0624 0
      vertex 17.5472 33.5035 0.99
      vertex 17.2778 33.5757 0.99
    endloop
  endfacet
  facet normal -0.215454 -0.831037 -0.512793
    outer loop
      vertex 17.5472 33.5035 0.99
      vertex 17.7477 34.0624 0
      vertex 17.7504 34.0617 0
    endloop
  endfacet
  facet normal 0.829093 0.222199 -0.513062
    outer loop
      vertex 15.4965 31.4528 0.99
      vertex 14.9376 31.2523 0
      vertex 15.4243 31.7222 0.99
    endloop
  endfacet
  facet normal 0.831037 0.215454 -0.512793
    outer loop
      vertex 14.9376 31.2523 0
      vertex 15.4965 31.4528 0.99
      vertex 14.9383 31.2496 0
    endloop
  endfacet
  facet normal 0.775095 -0.372046 -0.510695
    outer loop
      vertex 15.6144 32.8 0.99
      vertex 14.9383 32.7504 0
      vertex 14.9395 32.7529 0
    endloop
  endfacet
  facet normal 0.777903 -0.362796 -0.513076
    outer loop
      vertex 14.9383 32.7504 0
      vertex 15.6144 32.8 0.99
      vertex 15.4965 32.5472 0.99
    endloop
  endfacet
  facet normal 0.829073 -0.222247 -0.513074
    outer loop
      vertex 14.9376 32.7477 0
      vertex 15.4243 32.2778 0.99
      vertex 14.8393 32.381 0
    endloop
  endfacet
  facet normal -0.0747959 0.855074 -0.513083
    outer loop
      vertex 17.0028 29.8062 0
      vertex 17 30.4 0.99
      vertex 17.2778 30.4243 0.99
    endloop
  endfacet
  facet normal -0.0611349 0.855889 -0.513533
    outer loop
      vertex 17 30.4 0.99
      vertex 17.0028 29.8062 0
      vertex 17 29.806 0
    endloop
  endfacet
  facet normal 0.777961 0.362641 -0.513096
    outer loop
      vertex 15.6144 31.2 0.99
      vertex 15.0999 30.903 0
      vertex 14.9395 31.2471 0
    endloop
  endfacet
  facet normal -0.70324 0.492114 -0.513106
    outer loop
      vertex 18.9001 30.903 0
      vertex 18.2257 30.9715 0.99
      vertex 18.3856 31.2 0.99
    endloop
  endfacet
  facet normal -0.704317 0.489959 -0.51369
    outer loop
      vertex 18.2257 30.9715 0.99
      vertex 18.9001 30.903 0
      vertex 18.8985 30.9007 0
    endloop
  endfacet
  facet normal -0.492393 0.703096 -0.513035
    outer loop
      vertex 18.4103 30.3193 0
      vertex 18.0993 30.1015 0
      vertex 18.0285 30.7743 0.99
    endloop
  endfacet
  facet normal -0.489959 0.704317 -0.51369
    outer loop
      vertex 18.097 30.0999 0
      vertex 18.0285 30.7743 0.99
      vertex 18.0993 30.1015 0
    endloop
  endfacet
  facet normal -0.492114 0.70324 -0.513106
    outer loop
      vertex 18.0285 30.7743 0.99
      vertex 18.097 30.0999 0
      vertex 17.8 30.6144 0.99
    endloop
  endfacet
  facet normal -0.215454 0.831037 -0.512793
    outer loop
      vertex 17.7477 29.9376 0
      vertex 17.5472 30.4965 0.99
      vertex 17.7504 29.9383 0
    endloop
  endfacet
  facet normal -0.222199 0.829093 -0.513062
    outer loop
      vertex 17.5472 30.4965 0.99
      vertex 17.7477 29.9376 0
      vertex 17.2778 30.4243 0.99
    endloop
  endfacet
  facet normal -0.0748361 0.855076 -0.513073
    outer loop
      vertex 17.2778 30.4243 0.99
      vertex 17.381 29.8393 0
      vertex 17.0028 29.8062 0
    endloop
  endfacet
  facet normal -0.222247 -0.829073 -0.513074
    outer loop
      vertex 17.381 34.1607 0
      vertex 17.7477 34.0624 0
      vertex 17.2778 33.5757 0.99
    endloop
  endfacet
  facet normal 0.703096 -0.492393 -0.513035
    outer loop
      vertex 15.3193 33.4103 0
      vertex 15.7743 33.0285 0.99
      vertex 15.1015 33.0993 0
    endloop
  endfacet
  facet normal 0.0611349 0.855889 -0.513533
    outer loop
      vertex 16.9972 29.8062 0
      vertex 17 30.4 0.99
      vertex 17 29.806 0
    endloop
  endfacet
  facet normal 0.0747959 0.855074 -0.513083
    outer loop
      vertex 17 30.4 0.99
      vertex 16.9972 29.8062 0
      vertex 16.7222 30.4243 0.99
    endloop
  endfacet
  facet normal -0.0611349 -0.855889 -0.513533
    outer loop
      vertex 17.0028 34.1938 0
      vertex 17 33.6 0.99
      vertex 17 34.194 0
    endloop
  endfacet
  facet normal -0.0747959 -0.855074 -0.513083
    outer loop
      vertex 17 33.6 0.99
      vertex 17.0028 34.1938 0
      vertex 17.2778 33.5757 0.99
    endloop
  endfacet
  facet normal 0.606958 -0.606958 -0.513033
    outer loop
      vertex 15.9715 33.2257 0.99
      vertex 15.3193 33.4103 0
      vertex 15.5897 33.6807 0
    endloop
  endfacet
  facet normal 0.606958 -0.606958 -0.513033
    outer loop
      vertex 15.3193 33.4103 0
      vertex 15.9715 33.2257 0.99
      vertex 15.7743 33.0285 0.99
    endloop
  endfacet
  facet normal 0.492393 -0.703096 -0.513035
    outer loop
      vertex 15.9007 33.8985 0
      vertex 15.9715 33.2257 0.99
      vertex 15.5897 33.6807 0
    endloop
  endfacet
  facet normal 0.831037 -0.215454 -0.512793
    outer loop
      vertex 15.4965 32.5472 0.99
      vertex 14.9376 32.7477 0
      vertex 14.9383 32.7504 0
    endloop
  endfacet
  facet normal 0.829093 -0.222199 -0.513062
    outer loop
      vertex 14.9376 32.7477 0
      vertex 15.4965 32.5472 0.99
      vertex 15.4243 32.2778 0.99
    endloop
  endfacet
  facet normal 0.222199 0.829093 -0.513062
    outer loop
      vertex 16.2523 29.9376 0
      vertex 16.4528 30.4965 0.99
      vertex 16.7222 30.4243 0.99
    endloop
  endfacet
  facet normal 0.215454 0.831037 -0.512793
    outer loop
      vertex 16.4528 30.4965 0.99
      vertex 16.2523 29.9376 0
      vertex 16.2496 29.9383 0
    endloop
  endfacet
  facet normal 0.372046 -0.775095 -0.510695
    outer loop
      vertex 16.2496 34.0617 0
      vertex 16.2 33.3856 0.99
      vertex 16.2471 34.0605 0
    endloop
  endfacet
  facet normal 0.362796 -0.777903 -0.513076
    outer loop
      vertex 16.2 33.3856 0.99
      vertex 16.2496 34.0617 0
      vertex 16.4528 33.5035 0.99
    endloop
  endfacet
  facet normal 0.489959 -0.704317 -0.51369
    outer loop
      vertex 15.903 33.9001 0
      vertex 15.9715 33.2257 0.99
      vertex 15.9007 33.8985 0
    endloop
  endfacet
  facet normal 0.492114 -0.70324 -0.513106
    outer loop
      vertex 15.9715 33.2257 0.99
      vertex 15.903 33.9001 0
      vertex 16.2 33.3856 0.99
    endloop
  endfacet
  facet normal -0.829093 0.222199 -0.513062
    outer loop
      vertex 19.0624 31.2523 0
      vertex 18.5035 31.4528 0.99
      vertex 18.5757 31.7222 0.99
    endloop
  endfacet
  facet normal -0.831037 0.215454 -0.512793
    outer loop
      vertex 18.5035 31.4528 0.99
      vertex 19.0624 31.2523 0
      vertex 19.0617 31.2496 0
    endloop
  endfacet
  facet normal 0.215454 -0.831037 -0.512793
    outer loop
      vertex 16.2523 34.0624 0
      vertex 16.4528 33.5035 0.99
      vertex 16.2496 34.0617 0
    endloop
  endfacet
  facet normal 0.222199 -0.829093 -0.513062
    outer loop
      vertex 16.4528 33.5035 0.99
      vertex 16.2523 34.0624 0
      vertex 16.7222 33.5757 0.99
    endloop
  endfacet
  facet normal 0.855074 -0.0747959 -0.513083
    outer loop
      vertex 15.4 32 0.99
      vertex 14.8062 32.0028 0
      vertex 15.4243 32.2778 0.99
    endloop
  endfacet
  facet normal 0.855889 -0.0611349 -0.513533
    outer loop
      vertex 14.8062 32.0028 0
      vertex 15.4 32 0.99
      vertex 14.806 32 0
    endloop
  endfacet
  facet normal 0.855889 0.0611349 -0.513533
    outer loop
      vertex 15.4 32 0.99
      vertex 14.8062 31.9972 0
      vertex 14.806 32 0
    endloop
  endfacet
  facet normal 0.855074 0.0747959 -0.513083
    outer loop
      vertex 14.8062 31.9972 0
      vertex 15.4 32 0.99
      vertex 15.4243 31.7222 0.99
    endloop
  endfacet
  facet normal 0.777961 -0.362641 -0.513096
    outer loop
      vertex 15.0999 33.097 0
      vertex 15.6144 32.8 0.99
      vertex 14.9395 32.7529 0
    endloop
  endfacet
  facet normal 0.704317 -0.489959 -0.51369
    outer loop
      vertex 15.7743 33.0285 0.99
      vertex 15.0999 33.097 0
      vertex 15.1015 33.0993 0
    endloop
  endfacet
  facet normal 0.70324 -0.492114 -0.513106
    outer loop
      vertex 15.0999 33.097 0
      vertex 15.7743 33.0285 0.99
      vertex 15.6144 32.8 0.99
    endloop
  endfacet
  facet normal 0.258868 -0.965913 0
    outer loop
      vertex 72.4528 33.5035 0.99
      vertex 72.7222 33.5757 3.5
      vertex 72.4528 33.5035 3.5
    endloop
  endfacet
  facet normal 0.258868 -0.965913 0
    outer loop
      vertex 72.7222 33.5757 3.5
      vertex 72.4528 33.5035 0.99
      vertex 72.7222 33.5757 0.99
    endloop
  endfacet
  facet normal -0.965913 -0.258868 0
    outer loop
      vertex 74.5757 32.2778 0.99
      vertex 74.5035 32.5472 3.5
      vertex 74.5035 32.5472 0.99
    endloop
  endfacet
  facet normal -0.965913 -0.258868 0
    outer loop
      vertex 74.5035 32.5472 3.5
      vertex 74.5757 32.2778 0.99
      vertex 74.5757 32.2778 3.5
    endloop
  endfacet
  facet normal -0.996196 -0.0871403 0
    outer loop
      vertex 74.6 32 0.99
      vertex 74.5757 32.2778 3.5
      vertex 74.5757 32.2778 0.99
    endloop
  endfacet
  facet normal -0.996196 -0.0871403 0
    outer loop
      vertex 74.5757 32.2778 3.5
      vertex 74.6 32 0.99
      vertex 74.6 32 3.5
    endloop
  endfacet
  facet normal -0.906284 -0.42267 0
    outer loop
      vertex 74.5035 32.5472 0.99
      vertex 74.3856 32.8 3.5
      vertex 74.3856 32.8 0.99
    endloop
  endfacet
  facet normal -0.906284 -0.42267 0
    outer loop
      vertex 74.3856 32.8 3.5
      vertex 74.5035 32.5472 0.99
      vertex 74.5035 32.5472 3.5
    endloop
  endfacet
  facet normal 0.906284 0.42267 0
    outer loop
      vertex 71.6144 31.2 3.5
      vertex 71.4965 31.4528 0.99
      vertex 71.4965 31.4528 3.5
    endloop
  endfacet
  facet normal 0.906284 0.42267 0
    outer loop
      vertex 71.4965 31.4528 0.99
      vertex 71.6144 31.2 3.5
      vertex 71.6144 31.2 0.99
    endloop
  endfacet
  facet normal -0.906284 0.42267 0
    outer loop
      vertex 74.3856 31.2 0.99
      vertex 74.5035 31.4528 3.5
      vertex 74.5035 31.4528 0.99
    endloop
  endfacet
  facet normal -0.906284 0.42267 0
    outer loop
      vertex 74.5035 31.4528 3.5
      vertex 74.3856 31.2 0.99
      vertex 74.3856 31.2 3.5
    endloop
  endfacet
  facet normal -0.819316 0.573342 0
    outer loop
      vertex 74.2257 30.9715 0.99
      vertex 74.3856 31.2 3.5
      vertex 74.3856 31.2 0.99
    endloop
  endfacet
  facet normal -0.819316 0.573342 0
    outer loop
      vertex 74.3856 31.2 3.5
      vertex 74.2257 30.9715 0.99
      vertex 74.2257 30.9715 3.5
    endloop
  endfacet
  facet normal -0.996196 0.0871403 0
    outer loop
      vertex 74.5757 31.7222 0.99
      vertex 74.6 32 3.5
      vertex 74.6 32 0.99
    endloop
  endfacet
  facet normal -0.996196 0.0871403 0
    outer loop
      vertex 74.6 32 3.5
      vertex 74.5757 31.7222 0.99
      vertex 74.5757 31.7222 3.5
    endloop
  endfacet
  facet normal -0.819316 -0.573342 0
    outer loop
      vertex 74.3856 32.8 0.99
      vertex 74.2257 33.0285 3.5
      vertex 74.2257 33.0285 0.99
    endloop
  endfacet
  facet normal -0.819316 -0.573342 0
    outer loop
      vertex 74.2257 33.0285 3.5
      vertex 74.3856 32.8 0.99
      vertex 74.3856 32.8 3.5
    endloop
  endfacet
  facet normal 0.707107 -0.707107 0
    outer loop
      vertex 71.7743 33.0285 3.5
      vertex 71.9715 33.2257 0.99
      vertex 71.9715 33.2257 3.5
    endloop
  endfacet
  facet normal 0.707107 -0.707107 0
    outer loop
      vertex 71.9715 33.2257 0.99
      vertex 71.7743 33.0285 3.5
      vertex 71.7743 33.0285 0.99
    endloop
  endfacet
  facet normal 0 0 -1
    outer loop
      vertex 74.5757 31.7222 3.5
      vertex 74.5757 32.2778 3.5
      vertex 74.6 32 3.5
    endloop
  endfacet
  facet normal 0 0 -1
    outer loop
      vertex 74.5035 31.4528 3.5
      vertex 74.5757 32.2778 3.5
      vertex 74.5757 31.7222 3.5
    endloop
  endfacet
  facet normal 0 0 -1
    outer loop
      vertex 74.5035 31.4528 3.5
      vertex 74.5035 32.5472 3.5
      vertex 74.5757 32.2778 3.5
    endloop
  endfacet
  facet normal 0 0 -1
    outer loop
      vertex 74.3856 31.2 3.5
      vertex 74.5035 32.5472 3.5
      vertex 74.5035 31.4528 3.5
    endloop
  endfacet
  facet normal 0 0 -1
    outer loop
      vertex 74.3856 31.2 3.5
      vertex 74.3856 32.8 3.5
      vertex 74.5035 32.5472 3.5
    endloop
  endfacet
  facet normal 0 0 -1
    outer loop
      vertex 74.2257 30.9715 3.5
      vertex 74.3856 32.8 3.5
      vertex 74.3856 31.2 3.5
    endloop
  endfacet
  facet normal 0 0 -1
    outer loop
      vertex 74.2257 30.9715 3.5
      vertex 74.2257 33.0285 3.5
      vertex 74.3856 32.8 3.5
    endloop
  endfacet
  facet normal 0 0 -1
    outer loop
      vertex 74.0285 30.7743 3.5
      vertex 74.2257 33.0285 3.5
      vertex 74.2257 30.9715 3.5
    endloop
  endfacet
  facet normal 0 0 -1
    outer loop
      vertex 74.0285 30.7743 3.5
      vertex 74.0285 33.2257 3.5
      vertex 74.2257 33.0285 3.5
    endloop
  endfacet
  facet normal 0 0 -1
    outer loop
      vertex 73.8 30.6144 3.5
      vertex 74.0285 33.2257 3.5
      vertex 74.0285 30.7743 3.5
    endloop
  endfacet
  facet normal 0 0 -1
    outer loop
      vertex 73.8 30.6144 3.5
      vertex 73.8 33.3856 3.5
      vertex 74.0285 33.2257 3.5
    endloop
  endfacet
  facet normal 0 0 -1
    outer loop
      vertex 73.5472 30.4965 3.5
      vertex 73.8 33.3856 3.5
      vertex 73.8 30.6144 3.5
    endloop
  endfacet
  facet normal 0 0 -1
    outer loop
      vertex 73.5472 30.4965 3.5
      vertex 73.5472 33.5035 3.5
      vertex 73.8 33.3856 3.5
    endloop
  endfacet
  facet normal 0 0 -1
    outer loop
      vertex 73.2778 30.4243 3.5
      vertex 73.5472 33.5035 3.5
      vertex 73.5472 30.4965 3.5
    endloop
  endfacet
  facet normal 0 0 -1
    outer loop
      vertex 73.2778 30.4243 3.5
      vertex 73.2778 33.5757 3.5
      vertex 73.5472 33.5035 3.5
    endloop
  endfacet
  facet normal 0 0 -1
    outer loop
      vertex 73 30.4 3.5
      vertex 73.2778 33.5757 3.5
      vertex 73.2778 30.4243 3.5
    endloop
  endfacet
  facet normal 0 0 -1
    outer loop
      vertex 73 30.4 3.5
      vertex 73 33.6 3.5
      vertex 73.2778 33.5757 3.5
    endloop
  endfacet
  facet normal 0 0 -1
    outer loop
      vertex 72.7222 30.4243 3.5
      vertex 73 33.6 3.5
      vertex 73 30.4 3.5
    endloop
  endfacet
  facet normal 0 0 -1
    outer loop
      vertex 72.7222 30.4243 3.5
      vertex 72.7222 33.5757 3.5
      vertex 73 33.6 3.5
    endloop
  endfacet
  facet normal 0 0 -1
    outer loop
      vertex 72.4528 30.4965 3.5
      vertex 72.7222 33.5757 3.5
      vertex 72.7222 30.4243 3.5
    endloop
  endfacet
  facet normal 0 0 -1
    outer loop
      vertex 72.4528 30.4965 3.5
      vertex 72.4528 33.5035 3.5
      vertex 72.7222 33.5757 3.5
    endloop
  endfacet
  facet normal 0 0 -1
    outer loop
      vertex 72.2 30.6144 3.5
      vertex 72.4528 33.5035 3.5
      vertex 72.4528 30.4965 3.5
    endloop
  endfacet
  facet normal 0 0 -1
    outer loop
      vertex 72.2 30.6144 3.5
      vertex 72.2 33.3856 3.5
      vertex 72.4528 33.5035 3.5
    endloop
  endfacet
  facet normal 0 0 -1
    outer loop
      vertex 71.9715 30.7743 3.5
      vertex 72.2 33.3856 3.5
      vertex 72.2 30.6144 3.5
    endloop
  endfacet
  facet normal 0 0 -1
    outer loop
      vertex 71.9715 30.7743 3.5
      vertex 71.9715 33.2257 3.5
      vertex 72.2 33.3856 3.5
    endloop
  endfacet
  facet normal 0 0 -1
    outer loop
      vertex 71.7743 30.9715 3.5
      vertex 71.9715 33.2257 3.5
      vertex 71.9715 30.7743 3.5
    endloop
  endfacet
  facet normal 0 0 -1
    outer loop
      vertex 71.7743 30.9715 3.5
      vertex 71.7743 33.0285 3.5
      vertex 71.9715 33.2257 3.5
    endloop
  endfacet
  facet normal 0 0 -1
    outer loop
      vertex 71.6144 31.2 3.5
      vertex 71.7743 33.0285 3.5
      vertex 71.7743 30.9715 3.5
    endloop
  endfacet
  facet normal 0 0 -1
    outer loop
      vertex 71.6144 31.2 3.5
      vertex 71.6144 32.8 3.5
      vertex 71.7743 33.0285 3.5
    endloop
  endfacet
  facet normal 0 0 -1
    outer loop
      vertex 71.4965 31.4528 3.5
      vertex 71.6144 32.8 3.5
      vertex 71.6144 31.2 3.5
    endloop
  endfacet
  facet normal 0 0 -1
    outer loop
      vertex 71.4965 31.4528 3.5
      vertex 71.4965 32.5472 3.5
      vertex 71.6144 32.8 3.5
    endloop
  endfacet
  facet normal 0 0 -1
    outer loop
      vertex 71.4243 31.7222 3.5
      vertex 71.4965 32.5472 3.5
      vertex 71.4965 31.4528 3.5
    endloop
  endfacet
  facet normal 0 0 -1
    outer loop
      vertex 71.4243 31.7222 3.5
      vertex 71.4243 32.2778 3.5
      vertex 71.4965 32.5472 3.5
    endloop
  endfacet
  facet normal 0 -0 -1
    outer loop
      vertex 71.4243 32.2778 3.5
      vertex 71.4243 31.7222 3.5
      vertex 71.4 32 3.5
    endloop
  endfacet
  facet normal 0.0871403 -0.996196 0
    outer loop
      vertex 72.7222 33.5757 0.99
      vertex 73 33.6 3.5
      vertex 72.7222 33.5757 3.5
    endloop
  endfacet
  facet normal 0.0871403 -0.996196 0
    outer loop
      vertex 73 33.6 3.5
      vertex 72.7222 33.5757 0.99
      vertex 73 33.6 0.99
    endloop
  endfacet
  facet normal 0.573342 -0.819316 0
    outer loop
      vertex 71.9715 33.2257 0.99
      vertex 72.2 33.3856 3.5
      vertex 71.9715 33.2257 3.5
    endloop
  endfacet
  facet normal 0.573342 -0.819316 0
    outer loop
      vertex 72.2 33.3856 3.5
      vertex 71.9715 33.2257 0.99
      vertex 72.2 33.3856 0.99
    endloop
  endfacet
  facet normal 0.42267 -0.906284 0
    outer loop
      vertex 72.2 33.3856 0.99
      vertex 72.4528 33.5035 3.5
      vertex 72.2 33.3856 3.5
    endloop
  endfacet
  facet normal 0.42267 -0.906284 0
    outer loop
      vertex 72.4528 33.5035 3.5
      vertex 72.2 33.3856 0.99
      vertex 72.4528 33.5035 0.99
    endloop
  endfacet
  facet normal -0.42267 0.906284 0
    outer loop
      vertex 73.8 30.6144 0.99
      vertex 73.5472 30.4965 3.5
      vertex 73.8 30.6144 3.5
    endloop
  endfacet
  facet normal -0.42267 0.906284 0
    outer loop
      vertex 73.5472 30.4965 3.5
      vertex 73.8 30.6144 0.99
      vertex 73.5472 30.4965 0.99
    endloop
  endfacet
  facet normal 0.996196 0.0871403 0
    outer loop
      vertex 71.4243 31.7222 3.5
      vertex 71.4 32 0.99
      vertex 71.4 32 3.5
    endloop
  endfacet
  facet normal 0.996196 0.0871403 0
    outer loop
      vertex 71.4 32 0.99
      vertex 71.4243 31.7222 3.5
      vertex 71.4243 31.7222 0.99
    endloop
  endfacet
  facet normal -0.573342 -0.819316 0
    outer loop
      vertex 73.8 33.3856 0.99
      vertex 74.0285 33.2257 3.5
      vertex 73.8 33.3856 3.5
    endloop
  endfacet
  facet normal -0.573342 -0.819316 -0
    outer loop
      vertex 74.0285 33.2257 3.5
      vertex 73.8 33.3856 0.99
      vertex 74.0285 33.2257 0.99
    endloop
  endfacet
  facet normal -0.258868 -0.965913 0
    outer loop
      vertex 73.2778 33.5757 0.99
      vertex 73.5472 33.5035 3.5
      vertex 73.2778 33.5757 3.5
    endloop
  endfacet
  facet normal -0.258868 -0.965913 -0
    outer loop
      vertex 73.5472 33.5035 3.5
      vertex 73.2778 33.5757 0.99
      vertex 73.5472 33.5035 0.99
    endloop
  endfacet
  facet normal -0.573342 0.819316 0
    outer loop
      vertex 74.0285 30.7743 0.99
      vertex 73.8 30.6144 3.5
      vertex 74.0285 30.7743 3.5
    endloop
  endfacet
  facet normal -0.573342 0.819316 0
    outer loop
      vertex 73.8 30.6144 3.5
      vertex 74.0285 30.7743 0.99
      vertex 73.8 30.6144 0.99
    endloop
  endfacet
  facet normal 0.965913 -0.258868 0
    outer loop
      vertex 71.4243 32.2778 3.5
      vertex 71.4965 32.5472 0.99
      vertex 71.4965 32.5472 3.5
    endloop
  endfacet
  facet normal 0.965913 -0.258868 0
    outer loop
      vertex 71.4965 32.5472 0.99
      vertex 71.4243 32.2778 3.5
      vertex 71.4243 32.2778 0.99
    endloop
  endfacet
  facet normal -0.42267 -0.906284 0
    outer loop
      vertex 73.5472 33.5035 0.99
      vertex 73.8 33.3856 3.5
      vertex 73.5472 33.5035 3.5
    endloop
  endfacet
  facet normal -0.42267 -0.906284 -0
    outer loop
      vertex 73.8 33.3856 3.5
      vertex 73.5472 33.5035 0.99
      vertex 73.8 33.3856 0.99
    endloop
  endfacet
  facet normal 0.819316 -0.573342 0
    outer loop
      vertex 71.6144 32.8 3.5
      vertex 71.7743 33.0285 0.99
      vertex 71.7743 33.0285 3.5
    endloop
  endfacet
  facet normal 0.819316 -0.573342 0
    outer loop
      vertex 71.7743 33.0285 0.99
      vertex 71.6144 32.8 3.5
      vertex 71.6144 32.8 0.99
    endloop
  endfacet
  facet normal 0.819316 0.573342 0
    outer loop
      vertex 71.7743 30.9715 3.5
      vertex 71.6144 31.2 0.99
      vertex 71.6144 31.2 3.5
    endloop
  endfacet
  facet normal 0.819316 0.573342 0
    outer loop
      vertex 71.6144 31.2 0.99
      vertex 71.7743 30.9715 3.5
      vertex 71.7743 30.9715 0.99
    endloop
  endfacet
  facet normal -0.258868 0.965913 0
    outer loop
      vertex 73.5472 30.4965 0.99
      vertex 73.2778 30.4243 3.5
      vertex 73.5472 30.4965 3.5
    endloop
  endfacet
  facet normal -0.258868 0.965913 0
    outer loop
      vertex 73.2778 30.4243 3.5
      vertex 73.5472 30.4965 0.99
      vertex 73.2778 30.4243 0.99
    endloop
  endfacet
  facet normal -0.707107 0.707107 0
    outer loop
      vertex 74.2257 30.9715 0.99
      vertex 74.0285 30.7743 3.5
      vertex 74.2257 30.9715 3.5
    endloop
  endfacet
  facet normal -0.707107 0.707107 0
    outer loop
      vertex 74.0285 30.7743 3.5
      vertex 74.2257 30.9715 0.99
      vertex 74.0285 30.7743 0.99
    endloop
  endfacet
  facet normal -0.707107 -0.707107 0
    outer loop
      vertex 74.2257 33.0285 0.99
      vertex 74.0285 33.2257 3.5
      vertex 74.0285 33.2257 0.99
    endloop
  endfacet
  facet normal -0.707107 -0.707107 0
    outer loop
      vertex 74.0285 33.2257 3.5
      vertex 74.2257 33.0285 0.99
      vertex 74.2257 33.0285 3.5
    endloop
  endfacet
  facet normal -0.965913 0.258868 0
    outer loop
      vertex 74.5035 31.4528 0.99
      vertex 74.5757 31.7222 3.5
      vertex 74.5757 31.7222 0.99
    endloop
  endfacet
  facet normal -0.965913 0.258868 0
    outer loop
      vertex 74.5757 31.7222 3.5
      vertex 74.5035 31.4528 0.99
      vertex 74.5035 31.4528 3.5
    endloop
  endfacet
  facet normal 0.707107 0.707107 -0
    outer loop
      vertex 71.9715 30.7743 0.99
      vertex 71.7743 30.9715 3.5
      vertex 71.9715 30.7743 3.5
    endloop
  endfacet
  facet normal 0.707107 0.707107 0
    outer loop
      vertex 71.7743 30.9715 3.5
      vertex 71.9715 30.7743 0.99
      vertex 71.7743 30.9715 0.99
    endloop
  endfacet
  facet normal 0.906284 -0.42267 0
    outer loop
      vertex 71.4965 32.5472 3.5
      vertex 71.6144 32.8 0.99
      vertex 71.6144 32.8 3.5
    endloop
  endfacet
  facet normal 0.906284 -0.42267 0
    outer loop
      vertex 71.6144 32.8 0.99
      vertex 71.4965 32.5472 3.5
      vertex 71.4965 32.5472 0.99
    endloop
  endfacet
  facet normal 0.573342 0.819316 -0
    outer loop
      vertex 72.2 30.6144 0.99
      vertex 71.9715 30.7743 3.5
      vertex 72.2 30.6144 3.5
    endloop
  endfacet
  facet normal 0.573342 0.819316 0
    outer loop
      vertex 71.9715 30.7743 3.5
      vertex 72.2 30.6144 0.99
      vertex 71.9715 30.7743 0.99
    endloop
  endfacet
  facet normal -0.0871403 0.996196 0
    outer loop
      vertex 73.2778 30.4243 0.99
      vertex 73 30.4 3.5
      vertex 73.2778 30.4243 3.5
    endloop
  endfacet
  facet normal -0.0871403 0.996196 0
    outer loop
      vertex 73 30.4 3.5
      vertex 73.2778 30.4243 0.99
      vertex 73 30.4 0.99
    endloop
  endfacet
  facet normal -0.0871403 -0.996196 0
    outer loop
      vertex 73 33.6 0.99
      vertex 73.2778 33.5757 3.5
      vertex 73 33.6 3.5
    endloop
  endfacet
  facet normal -0.0871403 -0.996196 -0
    outer loop
      vertex 73.2778 33.5757 3.5
      vertex 73 33.6 0.99
      vertex 73.2778 33.5757 0.99
    endloop
  endfacet
  facet normal 0.0871403 0.996196 -0
    outer loop
      vertex 73 30.4 0.99
      vertex 72.7222 30.4243 3.5
      vertex 73 30.4 3.5
    endloop
  endfacet
  facet normal 0.0871403 0.996196 0
    outer loop
      vertex 72.7222 30.4243 3.5
      vertex 73 30.4 0.99
      vertex 72.7222 30.4243 0.99
    endloop
  endfacet
  facet normal 0.258868 0.965913 -0
    outer loop
      vertex 72.7222 30.4243 0.99
      vertex 72.4528 30.4965 3.5
      vertex 72.7222 30.4243 3.5
    endloop
  endfacet
  facet normal 0.258868 0.965913 0
    outer loop
      vertex 72.4528 30.4965 3.5
      vertex 72.7222 30.4243 0.99
      vertex 72.4528 30.4965 0.99
    endloop
  endfacet
  facet normal 0.996196 -0.0871403 0
    outer loop
      vertex 71.4 32 3.5
      vertex 71.4243 32.2778 0.99
      vertex 71.4243 32.2778 3.5
    endloop
  endfacet
  facet normal 0.996196 -0.0871403 0
    outer loop
      vertex 71.4243 32.2778 0.99
      vertex 71.4 32 3.5
      vertex 71.4 32 0.99
    endloop
  endfacet
  facet normal 0.965913 0.258868 0
    outer loop
      vertex 71.4965 31.4528 3.5
      vertex 71.4243 31.7222 0.99
      vertex 71.4243 31.7222 3.5
    endloop
  endfacet
  facet normal 0.965913 0.258868 0
    outer loop
      vertex 71.4243 31.7222 0.99
      vertex 71.4965 31.4528 3.5
      vertex 71.4965 31.4528 0.99
    endloop
  endfacet
  facet normal 0.42267 0.906284 -0
    outer loop
      vertex 72.4528 30.4965 0.99
      vertex 72.2 30.6144 3.5
      vertex 72.4528 30.4965 3.5
    endloop
  endfacet
  facet normal 0.42267 0.906284 0
    outer loop
      vertex 72.2 30.6144 3.5
      vertex 72.4528 30.4965 0.99
      vertex 72.2 30.6144 0.99
    endloop
  endfacet
  facet normal -0.775095 -0.372046 -0.510695
    outer loop
      vertex 75.0617 32.7504 0
      vertex 74.3856 32.8 0.99
      vertex 75.0605 32.7529 0
    endloop
  endfacet
  facet normal -0.777903 -0.362796 -0.513076
    outer loop
      vertex 74.3856 32.8 0.99
      vertex 75.0617 32.7504 0
      vertex 74.5035 32.5472 0.99
    endloop
  endfacet
  facet normal -0.606958 -0.606958 -0.513033
    outer loop
      vertex 74.6807 33.4103 0
      vertex 74.0285 33.2257 0.99
      vertex 74.4103 33.6807 0
    endloop
  endfacet
  facet normal -0.606958 -0.606958 -0.513033
    outer loop
      vertex 74.0285 33.2257 0.99
      vertex 74.6807 33.4103 0
      vertex 74.2257 33.0285 0.99
    endloop
  endfacet
  facet normal 0.777903 0.362796 -0.513076
    outer loop
      vertex 71.6144 31.2 0.99
      vertex 70.9383 31.2496 0
      vertex 71.4965 31.4528 0.99
    endloop
  endfacet
  facet normal 0.775095 0.372046 -0.510695
    outer loop
      vertex 70.9383 31.2496 0
      vertex 71.6144 31.2 0.99
      vertex 70.9395 31.2471 0
    endloop
  endfacet
  facet normal -0.855889 -0.0611349 -0.513533
    outer loop
      vertex 74.6 32 0.99
      vertex 75.1938 32.0028 0
      vertex 75.194 32 0
    endloop
  endfacet
  facet normal -0.855074 -0.0747959 -0.513083
    outer loop
      vertex 75.1938 32.0028 0
      vertex 74.6 32 0.99
      vertex 74.5757 32.2778 0.99
    endloop
  endfacet
  facet normal -0.855076 -0.0748361 -0.513073
    outer loop
      vertex 75.1607 32.381 0
      vertex 75.1938 32.0028 0
      vertex 74.5757 32.2778 0.99
    endloop
  endfacet
  facet normal 0.0747959 -0.855074 -0.513083
    outer loop
      vertex 72.9972 34.1938 0
      vertex 73 33.6 0.99
      vertex 72.7222 33.5757 0.99
    endloop
  endfacet
  facet normal 0.0611349 -0.855889 -0.513533
    outer loop
      vertex 73 33.6 0.99
      vertex 72.9972 34.1938 0
      vertex 73 34.194 0
    endloop
  endfacet
  facet normal 0.492393 0.703096 -0.513035
    outer loop
      vertex 71.9715 30.7743 0.99
      vertex 71.9007 30.1015 0
      vertex 71.5897 30.3193 0
    endloop
  endfacet
  facet normal 0.855076 -0.0748361 -0.513073
    outer loop
      vertex 70.8393 32.381 0
      vertex 71.4243 32.2778 0.99
      vertex 70.8062 32.0028 0
    endloop
  endfacet
  facet normal 0.703096 0.492393 -0.513035
    outer loop
      vertex 71.7743 30.9715 0.99
      vertex 71.3193 30.5897 0
      vertex 71.1015 30.9007 0
    endloop
  endfacet
  facet normal 0.0748361 0.855076 -0.513073
    outer loop
      vertex 72.7222 30.4243 0.99
      vertex 72.9972 29.8062 0
      vertex 72.619 29.8393 0
    endloop
  endfacet
  facet normal -0.222247 0.829073 -0.513074
    outer loop
      vertex 73.7477 29.9376 0
      vertex 73.381 29.8393 0
      vertex 73.2778 30.4243 0.99
    endloop
  endfacet
  facet normal -0.831037 -0.215454 -0.512793
    outer loop
      vertex 75.0624 32.7477 0
      vertex 74.5035 32.5472 0.99
      vertex 75.0617 32.7504 0
    endloop
  endfacet
  facet normal -0.829093 -0.222199 -0.513062
    outer loop
      vertex 74.5035 32.5472 0.99
      vertex 75.0624 32.7477 0
      vertex 74.5757 32.2778 0.99
    endloop
  endfacet
  facet normal -0.372046 0.775095 -0.510695
    outer loop
      vertex 73.7504 29.9383 0
      vertex 73.8 30.6144 0.99
      vertex 73.7529 29.9395 0
    endloop
  endfacet
  facet normal -0.362796 0.777903 -0.513076
    outer loop
      vertex 73.8 30.6144 0.99
      vertex 73.7504 29.9383 0
      vertex 73.5472 30.4965 0.99
    endloop
  endfacet
  facet normal -0.775095 0.372046 -0.510695
    outer loop
      vertex 74.3856 31.2 0.99
      vertex 75.0617 31.2496 0
      vertex 75.0605 31.2471 0
    endloop
  endfacet
  facet normal -0.777903 0.362796 -0.513076
    outer loop
      vertex 75.0617 31.2496 0
      vertex 74.3856 31.2 0.99
      vertex 74.5035 31.4528 0.99
    endloop
  endfacet
  facet normal 0.362641 -0.777961 -0.513096
    outer loop
      vertex 72.2471 34.0605 0
      vertex 72.2 33.3856 0.99
      vertex 71.903 33.9001 0
    endloop
  endfacet
  facet normal 0.606958 0.606958 -0.513033
    outer loop
      vertex 71.9715 30.7743 0.99
      vertex 71.3193 30.5897 0
      vertex 71.7743 30.9715 0.99
    endloop
  endfacet
  facet normal 0.606958 0.606958 -0.513033
    outer loop
      vertex 71.3193 30.5897 0
      vertex 71.9715 30.7743 0.99
      vertex 71.5897 30.3193 0
    endloop
  endfacet
  facet normal 0.222247 0.829073 -0.513074
    outer loop
      vertex 72.7222 30.4243 0.99
      vertex 72.619 29.8393 0
      vertex 72.2523 29.9376 0
    endloop
  endfacet
  facet normal -0.704317 -0.489959 -0.51369
    outer loop
      vertex 74.9001 33.097 0
      vertex 74.2257 33.0285 0.99
      vertex 74.8985 33.0993 0
    endloop
  endfacet
  facet normal -0.70324 -0.492114 -0.513106
    outer loop
      vertex 74.2257 33.0285 0.99
      vertex 74.9001 33.097 0
      vertex 74.3856 32.8 0.99
    endloop
  endfacet
  facet normal -0.362641 -0.777961 -0.513096
    outer loop
      vertex 74.097 33.9001 0
      vertex 73.8 33.3856 0.99
      vertex 73.7529 34.0605 0
    endloop
  endfacet
  facet normal -0.703096 0.492393 -0.513035
    outer loop
      vertex 74.8985 30.9007 0
      vertex 74.6807 30.5897 0
      vertex 74.2257 30.9715 0.99
    endloop
  endfacet
  facet normal -0.362796 -0.777903 -0.513076
    outer loop
      vertex 73.7504 34.0617 0
      vertex 73.8 33.3856 0.99
      vertex 73.5472 33.5035 0.99
    endloop
  endfacet
  facet normal -0.372046 -0.775095 -0.510695
    outer loop
      vertex 73.8 33.3856 0.99
      vertex 73.7504 34.0617 0
      vertex 73.7529 34.0605 0
    endloop
  endfacet
  facet normal -0.606958 0.606958 -0.513033
    outer loop
      vertex 74.6807 30.5897 0
      vertex 74.0285 30.7743 0.99
      vertex 74.2257 30.9715 0.99
    endloop
  endfacet
  facet normal -0.606958 0.606958 -0.513033
    outer loop
      vertex 74.0285 30.7743 0.99
      vertex 74.6807 30.5897 0
      vertex 74.4103 30.3193 0
    endloop
  endfacet
  facet normal 0.829073 0.222247 -0.513074
    outer loop
      vertex 71.4243 31.7222 0.99
      vertex 70.9376 31.2523 0
      vertex 70.8393 31.619 0
    endloop
  endfacet
  facet normal 0.855076 0.0748361 -0.513073
    outer loop
      vertex 71.4243 31.7222 0.99
      vertex 70.8393 31.619 0
      vertex 70.8062 31.9972 0
    endloop
  endfacet
  facet normal -0.492114 -0.70324 -0.513106
    outer loop
      vertex 74.097 33.9001 0
      vertex 74.0285 33.2257 0.99
      vertex 73.8 33.3856 0.99
    endloop
  endfacet
  facet normal -0.489959 -0.704317 -0.51369
    outer loop
      vertex 74.0285 33.2257 0.99
      vertex 74.097 33.9001 0
      vertex 74.0993 33.8985 0
    endloop
  endfacet
  facet normal -0.777961 -0.362641 -0.513096
    outer loop
      vertex 74.9001 33.097 0
      vertex 75.0605 32.7529 0
      vertex 74.3856 32.8 0.99
    endloop
  endfacet
  facet normal -0.829073 -0.222247 -0.513074
    outer loop
      vertex 75.0624 32.7477 0
      vertex 75.1607 32.381 0
      vertex 74.5757 32.2778 0.99
    endloop
  endfacet
  facet normal 0.362796 0.777903 -0.513076
    outer loop
      vertex 72.2496 29.9383 0
      vertex 72.2 30.6144 0.99
      vertex 72.4528 30.4965 0.99
    endloop
  endfacet
  facet normal 0.372046 0.775095 -0.510695
    outer loop
      vertex 72.2 30.6144 0.99
      vertex 72.2496 29.9383 0
      vertex 72.2471 29.9395 0
    endloop
  endfacet
  facet normal -0.703096 -0.492393 -0.513035
    outer loop
      vertex 74.6807 33.4103 0
      vertex 74.8985 33.0993 0
      vertex 74.2257 33.0285 0.99
    endloop
  endfacet
  facet normal -0.362641 0.777961 -0.513096
    outer loop
      vertex 73.8 30.6144 0.99
      vertex 74.097 30.0999 0
      vertex 73.7529 29.9395 0
    endloop
  endfacet
  facet normal 0.222247 -0.829073 -0.513074
    outer loop
      vertex 72.619 34.1607 0
      vertex 72.7222 33.5757 0.99
      vertex 72.2523 34.0624 0
    endloop
  endfacet
  facet normal 0.492114 0.70324 -0.513106
    outer loop
      vertex 71.903 30.0999 0
      vertex 71.9715 30.7743 0.99
      vertex 72.2 30.6144 0.99
    endloop
  endfacet
  facet normal 0.489959 0.704317 -0.51369
    outer loop
      vertex 71.9715 30.7743 0.99
      vertex 71.903 30.0999 0
      vertex 71.9007 30.1015 0
    endloop
  endfacet
  facet normal -0.829073 0.222247 -0.513074
    outer loop
      vertex 75.1607 31.619 0
      vertex 75.0624 31.2523 0
      vertex 74.5757 31.7222 0.99
    endloop
  endfacet
  facet normal 0.0748361 -0.855076 -0.513073
    outer loop
      vertex 72.9972 34.1938 0
      vertex 72.7222 33.5757 0.99
      vertex 72.619 34.1607 0
    endloop
  endfacet
  facet normal -0.777961 0.362641 -0.513096
    outer loop
      vertex 75.0605 31.2471 0
      vertex 74.9001 30.903 0
      vertex 74.3856 31.2 0.99
    endloop
  endfacet
  facet normal -0.492393 -0.703096 -0.513035
    outer loop
      vertex 74.0993 33.8985 0
      vertex 74.4103 33.6807 0
      vertex 74.0285 33.2257 0.99
    endloop
  endfacet
  facet normal 0.362641 0.777961 -0.513096
    outer loop
      vertex 72.2 30.6144 0.99
      vertex 72.2471 29.9395 0
      vertex 71.903 30.0999 0
    endloop
  endfacet
  facet normal -0.855076 0.0748361 -0.513073
    outer loop
      vertex 75.1938 31.9972 0
      vertex 75.1607 31.619 0
      vertex 74.5757 31.7222 0.99
    endloop
  endfacet
  facet normal -0.855889 0.0611349 -0.513533
    outer loop
      vertex 75.1938 31.9972 0
      vertex 74.6 32 0.99
      vertex 75.194 32 0
    endloop
  endfacet
  facet normal -0.855074 0.0747959 -0.513083
    outer loop
      vertex 74.6 32 0.99
      vertex 75.1938 31.9972 0
      vertex 74.5757 31.7222 0.99
    endloop
  endfacet
  facet normal 0.70324 0.492114 -0.513106
    outer loop
      vertex 71.7743 30.9715 0.99
      vertex 71.0999 30.903 0
      vertex 71.6144 31.2 0.99
    endloop
  endfacet
  facet normal 0.704317 0.489959 -0.51369
    outer loop
      vertex 71.0999 30.903 0
      vertex 71.7743 30.9715 0.99
      vertex 71.1015 30.9007 0
    endloop
  endfacet
  facet normal -0.0748361 -0.855076 -0.513073
    outer loop
      vertex 73.381 34.1607 0
      vertex 73.2778 33.5757 0.99
      vertex 73.0028 34.1938 0
    endloop
  endfacet
  facet normal -0.222199 -0.829093 -0.513062
    outer loop
      vertex 73.7477 34.0624 0
      vertex 73.5472 33.5035 0.99
      vertex 73.2778 33.5757 0.99
    endloop
  endfacet
  facet normal -0.215454 -0.831037 -0.512793
    outer loop
      vertex 73.5472 33.5035 0.99
      vertex 73.7477 34.0624 0
      vertex 73.7504 34.0617 0
    endloop
  endfacet
  facet normal 0.829093 0.222199 -0.513062
    outer loop
      vertex 71.4965 31.4528 0.99
      vertex 70.9376 31.2523 0
      vertex 71.4243 31.7222 0.99
    endloop
  endfacet
  facet normal 0.831037 0.215454 -0.512793
    outer loop
      vertex 70.9376 31.2523 0
      vertex 71.4965 31.4528 0.99
      vertex 70.9383 31.2496 0
    endloop
  endfacet
  facet normal 0.775095 -0.372046 -0.510695
    outer loop
      vertex 71.6144 32.8 0.99
      vertex 70.9383 32.7504 0
      vertex 70.9395 32.7529 0
    endloop
  endfacet
  facet normal 0.777903 -0.362796 -0.513076
    outer loop
      vertex 70.9383 32.7504 0
      vertex 71.6144 32.8 0.99
      vertex 71.4965 32.5472 0.99
    endloop
  endfacet
  facet normal 0.829073 -0.222247 -0.513074
    outer loop
      vertex 70.9376 32.7477 0
      vertex 71.4243 32.2778 0.99
      vertex 70.8393 32.381 0
    endloop
  endfacet
  facet normal -0.0747959 0.855074 -0.513083
    outer loop
      vertex 73.0028 29.8062 0
      vertex 73 30.4 0.99
      vertex 73.2778 30.4243 0.99
    endloop
  endfacet
  facet normal -0.0611349 0.855889 -0.513533
    outer loop
      vertex 73 30.4 0.99
      vertex 73.0028 29.8062 0
      vertex 73 29.806 0
    endloop
  endfacet
  facet normal 0.777961 0.362641 -0.513096
    outer loop
      vertex 71.6144 31.2 0.99
      vertex 71.0999 30.903 0
      vertex 70.9395 31.2471 0
    endloop
  endfacet
  facet normal -0.70324 0.492114 -0.513106
    outer loop
      vertex 74.9001 30.903 0
      vertex 74.2257 30.9715 0.99
      vertex 74.3856 31.2 0.99
    endloop
  endfacet
  facet normal -0.704317 0.489959 -0.51369
    outer loop
      vertex 74.2257 30.9715 0.99
      vertex 74.9001 30.903 0
      vertex 74.8985 30.9007 0
    endloop
  endfacet
  facet normal -0.492393 0.703096 -0.513035
    outer loop
      vertex 74.4103 30.3193 0
      vertex 74.0993 30.1015 0
      vertex 74.0285 30.7743 0.99
    endloop
  endfacet
  facet normal -0.489959 0.704317 -0.51369
    outer loop
      vertex 74.097 30.0999 0
      vertex 74.0285 30.7743 0.99
      vertex 74.0993 30.1015 0
    endloop
  endfacet
  facet normal -0.492114 0.70324 -0.513106
    outer loop
      vertex 74.0285 30.7743 0.99
      vertex 74.097 30.0999 0
      vertex 73.8 30.6144 0.99
    endloop
  endfacet
  facet normal -0.215454 0.831037 -0.512793
    outer loop
      vertex 73.7477 29.9376 0
      vertex 73.5472 30.4965 0.99
      vertex 73.7504 29.9383 0
    endloop
  endfacet
  facet normal -0.222199 0.829093 -0.513062
    outer loop
      vertex 73.5472 30.4965 0.99
      vertex 73.7477 29.9376 0
      vertex 73.2778 30.4243 0.99
    endloop
  endfacet
  facet normal -0.0748361 0.855076 -0.513073
    outer loop
      vertex 73.2778 30.4243 0.99
      vertex 73.381 29.8393 0
      vertex 73.0028 29.8062 0
    endloop
  endfacet
  facet normal -0.222247 -0.829073 -0.513074
    outer loop
      vertex 73.381 34.1607 0
      vertex 73.7477 34.0624 0
      vertex 73.2778 33.5757 0.99
    endloop
  endfacet
  facet normal 0.703096 -0.492393 -0.513035
    outer loop
      vertex 71.3193 33.4103 0
      vertex 71.7743 33.0285 0.99
      vertex 71.1015 33.0993 0
    endloop
  endfacet
  facet normal 0.0611349 0.855889 -0.513533
    outer loop
      vertex 72.9972 29.8062 0
      vertex 73 30.4 0.99
      vertex 73 29.806 0
    endloop
  endfacet
  facet normal 0.0747959 0.855074 -0.513083
    outer loop
      vertex 73 30.4 0.99
      vertex 72.9972 29.8062 0
      vertex 72.7222 30.4243 0.99
    endloop
  endfacet
  facet normal -0.0611349 -0.855889 -0.513533
    outer loop
      vertex 73.0028 34.1938 0
      vertex 73 33.6 0.99
      vertex 73 34.194 0
    endloop
  endfacet
  facet normal -0.0747959 -0.855074 -0.513083
    outer loop
      vertex 73 33.6 0.99
      vertex 73.0028 34.1938 0
      vertex 73.2778 33.5757 0.99
    endloop
  endfacet
  facet normal 0.606958 -0.606958 -0.513033
    outer loop
      vertex 71.9715 33.2257 0.99
      vertex 71.3193 33.4103 0
      vertex 71.5897 33.6807 0
    endloop
  endfacet
  facet normal 0.606958 -0.606958 -0.513033
    outer loop
      vertex 71.3193 33.4103 0
      vertex 71.9715 33.2257 0.99
      vertex 71.7743 33.0285 0.99
    endloop
  endfacet
  facet normal 0.492393 -0.703096 -0.513035
    outer loop
      vertex 71.9007 33.8985 0
      vertex 71.9715 33.2257 0.99
      vertex 71.5897 33.6807 0
    endloop
  endfacet
  facet normal 0.831037 -0.215454 -0.512793
    outer loop
      vertex 71.4965 32.5472 0.99
      vertex 70.9376 32.7477 0
      vertex 70.9383 32.7504 0
    endloop
  endfacet
  facet normal 0.829093 -0.222199 -0.513062
    outer loop
      vertex 70.9376 32.7477 0
      vertex 71.4965 32.5472 0.99
      vertex 71.4243 32.2778 0.99
    endloop
  endfacet
  facet normal 0.222199 0.829093 -0.513062
    outer loop
      vertex 72.2523 29.9376 0
      vertex 72.4528 30.4965 0.99
      vertex 72.7222 30.4243 0.99
    endloop
  endfacet
  facet normal 0.215454 0.831037 -0.512793
    outer loop
      vertex 72.4528 30.4965 0.99
      vertex 72.2523 29.9376 0
      vertex 72.2496 29.9383 0
    endloop
  endfacet
  facet normal 0.372046 -0.775095 -0.510695
    outer loop
      vertex 72.2496 34.0617 0
      vertex 72.2 33.3856 0.99
      vertex 72.2471 34.0605 0
    endloop
  endfacet
  facet normal 0.362796 -0.777903 -0.513076
    outer loop
      vertex 72.2 33.3856 0.99
      vertex 72.2496 34.0617 0
      vertex 72.4528 33.5035 0.99
    endloop
  endfacet
  facet normal 0.489959 -0.704317 -0.51369
    outer loop
      vertex 71.903 33.9001 0
      vertex 71.9715 33.2257 0.99
      vertex 71.9007 33.8985 0
    endloop
  endfacet
  facet normal 0.492114 -0.70324 -0.513106
    outer loop
      vertex 71.9715 33.2257 0.99
      vertex 71.903 33.9001 0
      vertex 72.2 33.3856 0.99
    endloop
  endfacet
  facet normal -0.829093 0.222199 -0.513062
    outer loop
      vertex 75.0624 31.2523 0
      vertex 74.5035 31.4528 0.99
      vertex 74.5757 31.7222 0.99
    endloop
  endfacet
  facet normal -0.831037 0.215454 -0.512793
    outer loop
      vertex 74.5035 31.4528 0.99
      vertex 75.0624 31.2523 0
      vertex 75.0617 31.2496 0
    endloop
  endfacet
  facet normal 0.215454 -0.831037 -0.512793
    outer loop
      vertex 72.2523 34.0624 0
      vertex 72.4528 33.5035 0.99
      vertex 72.2496 34.0617 0
    endloop
  endfacet
  facet normal 0.222199 -0.829093 -0.513062
    outer loop
      vertex 72.4528 33.5035 0.99
      vertex 72.2523 34.0624 0
      vertex 72.7222 33.5757 0.99
    endloop
  endfacet
  facet normal 0.855074 -0.0747959 -0.513083
    outer loop
      vertex 71.4 32 0.99
      vertex 70.8062 32.0028 0
      vertex 71.4243 32.2778 0.99
    endloop
  endfacet
  facet normal 0.855889 -0.0611349 -0.513533
    outer loop
      vertex 70.8062 32.0028 0
      vertex 71.4 32 0.99
      vertex 70.806 32 0
    endloop
  endfacet
  facet normal 0.855889 0.0611349 -0.513533
    outer loop
      vertex 71.4 32 0.99
      vertex 70.8062 31.9972 0
      vertex 70.806 32 0
    endloop
  endfacet
  facet normal 0.855074 0.0747959 -0.513083
    outer loop
      vertex 70.8062 31.9972 0
      vertex 71.4 32 0.99
      vertex 71.4243 31.7222 0.99
    endloop
  endfacet
  facet normal 0.777961 -0.362641 -0.513096
    outer loop
      vertex 71.0999 33.097 0
      vertex 71.6144 32.8 0.99
      vertex 70.9395 32.7529 0
    endloop
  endfacet
  facet normal 0.704317 -0.489959 -0.51369
    outer loop
      vertex 71.7743 33.0285 0.99
      vertex 71.0999 33.097 0
      vertex 71.1015 33.0993 0
    endloop
  endfacet
  facet normal 0.70324 -0.492114 -0.513106
    outer loop
      vertex 71.0999 33.097 0
      vertex 71.7743 33.0285 0.99
      vertex 71.6144 32.8 0.99
    endloop
  endfacet
  facet normal 0.258868 -0.965913 0
    outer loop
      vertex 16.4528 69.5035 0.99
      vertex 16.7222 69.5757 3.5
      vertex 16.4528 69.5035 3.5
    endloop
  endfacet
  facet normal 0.258868 -0.965913 0
    outer loop
      vertex 16.7222 69.5757 3.5
      vertex 16.4528 69.5035 0.99
      vertex 16.7222 69.5757 0.99
    endloop
  endfacet
  facet normal -0.965913 -0.258868 0
    outer loop
      vertex 18.5757 68.2778 0.99
      vertex 18.5035 68.5472 3.5
      vertex 18.5035 68.5472 0.99
    endloop
  endfacet
  facet normal -0.965913 -0.258868 0
    outer loop
      vertex 18.5035 68.5472 3.5
      vertex 18.5757 68.2778 0.99
      vertex 18.5757 68.2778 3.5
    endloop
  endfacet
  facet normal -0.996196 -0.0871403 0
    outer loop
      vertex 18.6 68 0.99
      vertex 18.5757 68.2778 3.5
      vertex 18.5757 68.2778 0.99
    endloop
  endfacet
  facet normal -0.996196 -0.0871403 0
    outer loop
      vertex 18.5757 68.2778 3.5
      vertex 18.6 68 0.99
      vertex 18.6 68 3.5
    endloop
  endfacet
  facet normal -0.906284 -0.42267 0
    outer loop
      vertex 18.5035 68.5472 0.99
      vertex 18.3856 68.8 3.5
      vertex 18.3856 68.8 0.99
    endloop
  endfacet
  facet normal -0.906284 -0.42267 0
    outer loop
      vertex 18.3856 68.8 3.5
      vertex 18.5035 68.5472 0.99
      vertex 18.5035 68.5472 3.5
    endloop
  endfacet
  facet normal 0.906284 0.42267 0
    outer loop
      vertex 15.6144 67.2 3.5
      vertex 15.4965 67.4528 0.99
      vertex 15.4965 67.4528 3.5
    endloop
  endfacet
  facet normal 0.906284 0.42267 0
    outer loop
      vertex 15.4965 67.4528 0.99
      vertex 15.6144 67.2 3.5
      vertex 15.6144 67.2 0.99
    endloop
  endfacet
  facet normal -0.906284 0.42267 0
    outer loop
      vertex 18.3856 67.2 0.99
      vertex 18.5035 67.4528 3.5
      vertex 18.5035 67.4528 0.99
    endloop
  endfacet
  facet normal -0.906284 0.42267 0
    outer loop
      vertex 18.5035 67.4528 3.5
      vertex 18.3856 67.2 0.99
      vertex 18.3856 67.2 3.5
    endloop
  endfacet
  facet normal -0.819316 0.573342 0
    outer loop
      vertex 18.2257 66.9715 0.99
      vertex 18.3856 67.2 3.5
      vertex 18.3856 67.2 0.99
    endloop
  endfacet
  facet normal -0.819316 0.573342 0
    outer loop
      vertex 18.3856 67.2 3.5
      vertex 18.2257 66.9715 0.99
      vertex 18.2257 66.9715 3.5
    endloop
  endfacet
  facet normal -0.996196 0.0871403 0
    outer loop
      vertex 18.5757 67.7222 0.99
      vertex 18.6 68 3.5
      vertex 18.6 68 0.99
    endloop
  endfacet
  facet normal -0.996196 0.0871403 0
    outer loop
      vertex 18.6 68 3.5
      vertex 18.5757 67.7222 0.99
      vertex 18.5757 67.7222 3.5
    endloop
  endfacet
  facet normal -0.819316 -0.573342 0
    outer loop
      vertex 18.3856 68.8 0.99
      vertex 18.2257 69.0285 3.5
      vertex 18.2257 69.0285 0.99
    endloop
  endfacet
  facet normal -0.819316 -0.573342 0
    outer loop
      vertex 18.2257 69.0285 3.5
      vertex 18.3856 68.8 0.99
      vertex 18.3856 68.8 3.5
    endloop
  endfacet
  facet normal 0.707107 -0.707107 0
    outer loop
      vertex 15.7743 69.0285 3.5
      vertex 15.9715 69.2257 0.99
      vertex 15.9715 69.2257 3.5
    endloop
  endfacet
  facet normal 0.707107 -0.707107 0
    outer loop
      vertex 15.9715 69.2257 0.99
      vertex 15.7743 69.0285 3.5
      vertex 15.7743 69.0285 0.99
    endloop
  endfacet
  facet normal 0 0 -1
    outer loop
      vertex 18.5757 67.7222 3.5
      vertex 18.5757 68.2778 3.5
      vertex 18.6 68 3.5
    endloop
  endfacet
  facet normal 0 0 -1
    outer loop
      vertex 18.5035 67.4528 3.5
      vertex 18.5757 68.2778 3.5
      vertex 18.5757 67.7222 3.5
    endloop
  endfacet
  facet normal 0 0 -1
    outer loop
      vertex 18.5035 67.4528 3.5
      vertex 18.5035 68.5472 3.5
      vertex 18.5757 68.2778 3.5
    endloop
  endfacet
  facet normal 0 0 -1
    outer loop
      vertex 18.3856 67.2 3.5
      vertex 18.5035 68.5472 3.5
      vertex 18.5035 67.4528 3.5
    endloop
  endfacet
  facet normal 0 0 -1
    outer loop
      vertex 18.3856 67.2 3.5
      vertex 18.3856 68.8 3.5
      vertex 18.5035 68.5472 3.5
    endloop
  endfacet
  facet normal 0 0 -1
    outer loop
      vertex 18.2257 66.9715 3.5
      vertex 18.3856 68.8 3.5
      vertex 18.3856 67.2 3.5
    endloop
  endfacet
  facet normal 0 0 -1
    outer loop
      vertex 18.2257 66.9715 3.5
      vertex 18.2257 69.0285 3.5
      vertex 18.3856 68.8 3.5
    endloop
  endfacet
  facet normal 0 0 -1
    outer loop
      vertex 18.0285 66.7743 3.5
      vertex 18.2257 69.0285 3.5
      vertex 18.2257 66.9715 3.5
    endloop
  endfacet
  facet normal 0 0 -1
    outer loop
      vertex 18.0285 66.7743 3.5
      vertex 18.0285 69.2257 3.5
      vertex 18.2257 69.0285 3.5
    endloop
  endfacet
  facet normal 0 0 -1
    outer loop
      vertex 17.8 66.6144 3.5
      vertex 18.0285 69.2257 3.5
      vertex 18.0285 66.7743 3.5
    endloop
  endfacet
  facet normal 0 0 -1
    outer loop
      vertex 17.8 66.6144 3.5
      vertex 17.8 69.3856 3.5
      vertex 18.0285 69.2257 3.5
    endloop
  endfacet
  facet normal 0 0 -1
    outer loop
      vertex 17.5472 66.4965 3.5
      vertex 17.8 69.3856 3.5
      vertex 17.8 66.6144 3.5
    endloop
  endfacet
  facet normal 0 0 -1
    outer loop
      vertex 17.5472 66.4965 3.5
      vertex 17.5472 69.5035 3.5
      vertex 17.8 69.3856 3.5
    endloop
  endfacet
  facet normal 0 0 -1
    outer loop
      vertex 17.2778 66.4243 3.5
      vertex 17.5472 69.5035 3.5
      vertex 17.5472 66.4965 3.5
    endloop
  endfacet
  facet normal 0 0 -1
    outer loop
      vertex 17.2778 66.4243 3.5
      vertex 17.2778 69.5757 3.5
      vertex 17.5472 69.5035 3.5
    endloop
  endfacet
  facet normal 0 0 -1
    outer loop
      vertex 17 66.4 3.5
      vertex 17.2778 69.5757 3.5
      vertex 17.2778 66.4243 3.5
    endloop
  endfacet
  facet normal 0 0 -1
    outer loop
      vertex 17 66.4 3.5
      vertex 17 69.6 3.5
      vertex 17.2778 69.5757 3.5
    endloop
  endfacet
  facet normal 0 0 -1
    outer loop
      vertex 16.7222 66.4243 3.5
      vertex 17 69.6 3.5
      vertex 17 66.4 3.5
    endloop
  endfacet
  facet normal 0 0 -1
    outer loop
      vertex 16.7222 66.4243 3.5
      vertex 16.7222 69.5757 3.5
      vertex 17 69.6 3.5
    endloop
  endfacet
  facet normal 0 0 -1
    outer loop
      vertex 16.4528 66.4965 3.5
      vertex 16.7222 69.5757 3.5
      vertex 16.7222 66.4243 3.5
    endloop
  endfacet
  facet normal 0 0 -1
    outer loop
      vertex 16.4528 66.4965 3.5
      vertex 16.4528 69.5035 3.5
      vertex 16.7222 69.5757 3.5
    endloop
  endfacet
  facet normal 0 0 -1
    outer loop
      vertex 16.2 66.6144 3.5
      vertex 16.4528 69.5035 3.5
      vertex 16.4528 66.4965 3.5
    endloop
  endfacet
  facet normal 0 0 -1
    outer loop
      vertex 16.2 66.6144 3.5
      vertex 16.2 69.3856 3.5
      vertex 16.4528 69.5035 3.5
    endloop
  endfacet
  facet normal 0 0 -1
    outer loop
      vertex 15.9715 66.7743 3.5
      vertex 16.2 69.3856 3.5
      vertex 16.2 66.6144 3.5
    endloop
  endfacet
  facet normal 0 0 -1
    outer loop
      vertex 15.9715 66.7743 3.5
      vertex 15.9715 69.2257 3.5
      vertex 16.2 69.3856 3.5
    endloop
  endfacet
  facet normal 0 0 -1
    outer loop
      vertex 15.7743 66.9715 3.5
      vertex 15.9715 69.2257 3.5
      vertex 15.9715 66.7743 3.5
    endloop
  endfacet
  facet normal 0 0 -1
    outer loop
      vertex 15.7743 66.9715 3.5
      vertex 15.7743 69.0285 3.5
      vertex 15.9715 69.2257 3.5
    endloop
  endfacet
  facet normal 0 0 -1
    outer loop
      vertex 15.6144 67.2 3.5
      vertex 15.7743 69.0285 3.5
      vertex 15.7743 66.9715 3.5
    endloop
  endfacet
  facet normal 0 0 -1
    outer loop
      vertex 15.6144 67.2 3.5
      vertex 15.6144 68.8 3.5
      vertex 15.7743 69.0285 3.5
    endloop
  endfacet
  facet normal 0 0 -1
    outer loop
      vertex 15.4965 67.4528 3.5
      vertex 15.6144 68.8 3.5
      vertex 15.6144 67.2 3.5
    endloop
  endfacet
  facet normal 0 0 -1
    outer loop
      vertex 15.4965 67.4528 3.5
      vertex 15.4965 68.5472 3.5
      vertex 15.6144 68.8 3.5
    endloop
  endfacet
  facet normal 0 0 -1
    outer loop
      vertex 15.4243 67.7222 3.5
      vertex 15.4965 68.5472 3.5
      vertex 15.4965 67.4528 3.5
    endloop
  endfacet
  facet normal 0 0 -1
    outer loop
      vertex 15.4243 67.7222 3.5
      vertex 15.4243 68.2778 3.5
      vertex 15.4965 68.5472 3.5
    endloop
  endfacet
  facet normal 0 -0 -1
    outer loop
      vertex 15.4243 68.2778 3.5
      vertex 15.4243 67.7222 3.5
      vertex 15.4 68 3.5
    endloop
  endfacet
  facet normal 0.0871403 -0.996196 0
    outer loop
      vertex 16.7222 69.5757 0.99
      vertex 17 69.6 3.5
      vertex 16.7222 69.5757 3.5
    endloop
  endfacet
  facet normal 0.0871403 -0.996196 0
    outer loop
      vertex 17 69.6 3.5
      vertex 16.7222 69.5757 0.99
      vertex 17 69.6 0.99
    endloop
  endfacet
  facet normal 0.573342 -0.819316 0
    outer loop
      vertex 15.9715 69.2257 0.99
      vertex 16.2 69.3856 3.5
      vertex 15.9715 69.2257 3.5
    endloop
  endfacet
  facet normal 0.573342 -0.819316 0
    outer loop
      vertex 16.2 69.3856 3.5
      vertex 15.9715 69.2257 0.99
      vertex 16.2 69.3856 0.99
    endloop
  endfacet
  facet normal 0.42267 -0.906284 0
    outer loop
      vertex 16.2 69.3856 0.99
      vertex 16.4528 69.5035 3.5
      vertex 16.2 69.3856 3.5
    endloop
  endfacet
  facet normal 0.42267 -0.906284 0
    outer loop
      vertex 16.4528 69.5035 3.5
      vertex 16.2 69.3856 0.99
      vertex 16.4528 69.5035 0.99
    endloop
  endfacet
  facet normal -0.42267 0.906284 0
    outer loop
      vertex 17.8 66.6144 0.99
      vertex 17.5472 66.4965 3.5
      vertex 17.8 66.6144 3.5
    endloop
  endfacet
  facet normal -0.42267 0.906284 0
    outer loop
      vertex 17.5472 66.4965 3.5
      vertex 17.8 66.6144 0.99
      vertex 17.5472 66.4965 0.99
    endloop
  endfacet
  facet normal 0.996196 0.0871403 0
    outer loop
      vertex 15.4243 67.7222 3.5
      vertex 15.4 68 0.99
      vertex 15.4 68 3.5
    endloop
  endfacet
  facet normal 0.996196 0.0871403 0
    outer loop
      vertex 15.4 68 0.99
      vertex 15.4243 67.7222 3.5
      vertex 15.4243 67.7222 0.99
    endloop
  endfacet
  facet normal -0.573342 -0.819316 0
    outer loop
      vertex 17.8 69.3856 0.99
      vertex 18.0285 69.2257 3.5
      vertex 17.8 69.3856 3.5
    endloop
  endfacet
  facet normal -0.573342 -0.819316 -0
    outer loop
      vertex 18.0285 69.2257 3.5
      vertex 17.8 69.3856 0.99
      vertex 18.0285 69.2257 0.99
    endloop
  endfacet
  facet normal -0.258868 -0.965913 0
    outer loop
      vertex 17.2778 69.5757 0.99
      vertex 17.5472 69.5035 3.5
      vertex 17.2778 69.5757 3.5
    endloop
  endfacet
  facet normal -0.258868 -0.965913 -0
    outer loop
      vertex 17.5472 69.5035 3.5
      vertex 17.2778 69.5757 0.99
      vertex 17.5472 69.5035 0.99
    endloop
  endfacet
  facet normal -0.573342 0.819316 0
    outer loop
      vertex 18.0285 66.7743 0.99
      vertex 17.8 66.6144 3.5
      vertex 18.0285 66.7743 3.5
    endloop
  endfacet
  facet normal -0.573342 0.819316 0
    outer loop
      vertex 17.8 66.6144 3.5
      vertex 18.0285 66.7743 0.99
      vertex 17.8 66.6144 0.99
    endloop
  endfacet
  facet normal 0.965913 -0.258868 0
    outer loop
      vertex 15.4243 68.2778 3.5
      vertex 15.4965 68.5472 0.99
      vertex 15.4965 68.5472 3.5
    endloop
  endfacet
  facet normal 0.965913 -0.258868 0
    outer loop
      vertex 15.4965 68.5472 0.99
      vertex 15.4243 68.2778 3.5
      vertex 15.4243 68.2778 0.99
    endloop
  endfacet
  facet normal -0.42267 -0.906284 0
    outer loop
      vertex 17.5472 69.5035 0.99
      vertex 17.8 69.3856 3.5
      vertex 17.5472 69.5035 3.5
    endloop
  endfacet
  facet normal -0.42267 -0.906284 -0
    outer loop
      vertex 17.8 69.3856 3.5
      vertex 17.5472 69.5035 0.99
      vertex 17.8 69.3856 0.99
    endloop
  endfacet
  facet normal 0.819316 -0.573342 0
    outer loop
      vertex 15.6144 68.8 3.5
      vertex 15.7743 69.0285 0.99
      vertex 15.7743 69.0285 3.5
    endloop
  endfacet
  facet normal 0.819316 -0.573342 0
    outer loop
      vertex 15.7743 69.0285 0.99
      vertex 15.6144 68.8 3.5
      vertex 15.6144 68.8 0.99
    endloop
  endfacet
  facet normal 0.819316 0.573342 0
    outer loop
      vertex 15.7743 66.9715 3.5
      vertex 15.6144 67.2 0.99
      vertex 15.6144 67.2 3.5
    endloop
  endfacet
  facet normal 0.819316 0.573342 0
    outer loop
      vertex 15.6144 67.2 0.99
      vertex 15.7743 66.9715 3.5
      vertex 15.7743 66.9715 0.99
    endloop
  endfacet
  facet normal -0.258868 0.965913 0
    outer loop
      vertex 17.5472 66.4965 0.99
      vertex 17.2778 66.4243 3.5
      vertex 17.5472 66.4965 3.5
    endloop
  endfacet
  facet normal -0.258868 0.965913 0
    outer loop
      vertex 17.2778 66.4243 3.5
      vertex 17.5472 66.4965 0.99
      vertex 17.2778 66.4243 0.99
    endloop
  endfacet
  facet normal -0.707107 0.707107 0
    outer loop
      vertex 18.0285 66.7743 0.99
      vertex 18.2257 66.9715 3.5
      vertex 18.2257 66.9715 0.99
    endloop
  endfacet
  facet normal -0.707107 0.707107 0
    outer loop
      vertex 18.2257 66.9715 3.5
      vertex 18.0285 66.7743 0.99
      vertex 18.0285 66.7743 3.5
    endloop
  endfacet
  facet normal -0.707107 -0.707107 0
    outer loop
      vertex 18.2257 69.0285 0.99
      vertex 18.0285 69.2257 3.5
      vertex 18.0285 69.2257 0.99
    endloop
  endfacet
  facet normal -0.707107 -0.707107 0
    outer loop
      vertex 18.0285 69.2257 3.5
      vertex 18.2257 69.0285 0.99
      vertex 18.2257 69.0285 3.5
    endloop
  endfacet
  facet normal -0.965913 0.258868 0
    outer loop
      vertex 18.5035 67.4528 0.99
      vertex 18.5757 67.7222 3.5
      vertex 18.5757 67.7222 0.99
    endloop
  endfacet
  facet normal -0.965913 0.258868 0
    outer loop
      vertex 18.5757 67.7222 3.5
      vertex 18.5035 67.4528 0.99
      vertex 18.5035 67.4528 3.5
    endloop
  endfacet
  facet normal 0.707107 0.707107 0
    outer loop
      vertex 15.9715 66.7743 3.5
      vertex 15.7743 66.9715 0.99
      vertex 15.7743 66.9715 3.5
    endloop
  endfacet
  facet normal 0.707107 0.707107 0
    outer loop
      vertex 15.7743 66.9715 0.99
      vertex 15.9715 66.7743 3.5
      vertex 15.9715 66.7743 0.99
    endloop
  endfacet
  facet normal 0.906284 -0.42267 0
    outer loop
      vertex 15.4965 68.5472 3.5
      vertex 15.6144 68.8 0.99
      vertex 15.6144 68.8 3.5
    endloop
  endfacet
  facet normal 0.906284 -0.42267 0
    outer loop
      vertex 15.6144 68.8 0.99
      vertex 15.4965 68.5472 3.5
      vertex 15.4965 68.5472 0.99
    endloop
  endfacet
  facet normal 0.573342 0.819316 -0
    outer loop
      vertex 16.2 66.6144 0.99
      vertex 15.9715 66.7743 3.5
      vertex 16.2 66.6144 3.5
    endloop
  endfacet
  facet normal 0.573342 0.819316 0
    outer loop
      vertex 15.9715 66.7743 3.5
      vertex 16.2 66.6144 0.99
      vertex 15.9715 66.7743 0.99
    endloop
  endfacet
  facet normal -0.0871403 0.996196 0
    outer loop
      vertex 17.2778 66.4243 0.99
      vertex 17 66.4 3.5
      vertex 17.2778 66.4243 3.5
    endloop
  endfacet
  facet normal -0.0871403 0.996196 0
    outer loop
      vertex 17 66.4 3.5
      vertex 17.2778 66.4243 0.99
      vertex 17 66.4 0.99
    endloop
  endfacet
  facet normal -0.0871403 -0.996196 0
    outer loop
      vertex 17 69.6 0.99
      vertex 17.2778 69.5757 3.5
      vertex 17 69.6 3.5
    endloop
  endfacet
  facet normal -0.0871403 -0.996196 -0
    outer loop
      vertex 17.2778 69.5757 3.5
      vertex 17 69.6 0.99
      vertex 17.2778 69.5757 0.99
    endloop
  endfacet
  facet normal 0.0871403 0.996196 -0
    outer loop
      vertex 17 66.4 0.99
      vertex 16.7222 66.4243 3.5
      vertex 17 66.4 3.5
    endloop
  endfacet
  facet normal 0.0871403 0.996196 0
    outer loop
      vertex 16.7222 66.4243 3.5
      vertex 17 66.4 0.99
      vertex 16.7222 66.4243 0.99
    endloop
  endfacet
  facet normal 0.258868 0.965913 -0
    outer loop
      vertex 16.7222 66.4243 0.99
      vertex 16.4528 66.4965 3.5
      vertex 16.7222 66.4243 3.5
    endloop
  endfacet
  facet normal 0.258868 0.965913 0
    outer loop
      vertex 16.4528 66.4965 3.5
      vertex 16.7222 66.4243 0.99
      vertex 16.4528 66.4965 0.99
    endloop
  endfacet
  facet normal 0.996196 -0.0871403 0
    outer loop
      vertex 15.4 68 3.5
      vertex 15.4243 68.2778 0.99
      vertex 15.4243 68.2778 3.5
    endloop
  endfacet
  facet normal 0.996196 -0.0871403 0
    outer loop
      vertex 15.4243 68.2778 0.99
      vertex 15.4 68 3.5
      vertex 15.4 68 0.99
    endloop
  endfacet
  facet normal 0.965913 0.258868 0
    outer loop
      vertex 15.4965 67.4528 3.5
      vertex 15.4243 67.7222 0.99
      vertex 15.4243 67.7222 3.5
    endloop
  endfacet
  facet normal 0.965913 0.258868 0
    outer loop
      vertex 15.4243 67.7222 0.99
      vertex 15.4965 67.4528 3.5
      vertex 15.4965 67.4528 0.99
    endloop
  endfacet
  facet normal 0.42267 0.906284 -0
    outer loop
      vertex 16.4528 66.4965 0.99
      vertex 16.2 66.6144 3.5
      vertex 16.4528 66.4965 3.5
    endloop
  endfacet
  facet normal 0.42267 0.906284 0
    outer loop
      vertex 16.2 66.6144 3.5
      vertex 16.4528 66.4965 0.99
      vertex 16.2 66.6144 0.99
    endloop
  endfacet
  facet normal -0.775095 -0.372046 -0.510695
    outer loop
      vertex 19.0617 68.7504 0
      vertex 18.3856 68.8 0.99
      vertex 19.0605 68.7529 0
    endloop
  endfacet
  facet normal -0.777903 -0.362796 -0.513076
    outer loop
      vertex 18.3856 68.8 0.99
      vertex 19.0617 68.7504 0
      vertex 18.5035 68.5472 0.99
    endloop
  endfacet
  facet normal -0.606958 -0.606958 -0.513033
    outer loop
      vertex 18.6807 69.4103 0
      vertex 18.0285 69.2257 0.99
      vertex 18.4103 69.6807 0
    endloop
  endfacet
  facet normal -0.606958 -0.606958 -0.513033
    outer loop
      vertex 18.0285 69.2257 0.99
      vertex 18.6807 69.4103 0
      vertex 18.2257 69.0285 0.99
    endloop
  endfacet
  facet normal 0.777903 0.362796 -0.513076
    outer loop
      vertex 15.6144 67.2 0.99
      vertex 14.9383 67.2496 0
      vertex 15.4965 67.4528 0.99
    endloop
  endfacet
  facet normal 0.775095 0.372046 -0.510695
    outer loop
      vertex 14.9383 67.2496 0
      vertex 15.6144 67.2 0.99
      vertex 14.9395 67.2471 0
    endloop
  endfacet
  facet normal -0.855889 -0.0611349 -0.513533
    outer loop
      vertex 18.6 68 0.99
      vertex 19.1938 68.0028 0
      vertex 19.194 68 0
    endloop
  endfacet
  facet normal -0.855074 -0.0747959 -0.513083
    outer loop
      vertex 19.1938 68.0028 0
      vertex 18.6 68 0.99
      vertex 18.5757 68.2778 0.99
    endloop
  endfacet
  facet normal -0.855076 -0.0748361 -0.513073
    outer loop
      vertex 19.1607 68.381 0
      vertex 19.1938 68.0028 0
      vertex 18.5757 68.2778 0.99
    endloop
  endfacet
  facet normal 0.0747959 -0.855074 -0.513083
    outer loop
      vertex 16.9972 70.1938 0
      vertex 17 69.6 0.99
      vertex 16.7222 69.5757 0.99
    endloop
  endfacet
  facet normal 0.0611349 -0.855889 -0.513533
    outer loop
      vertex 17 69.6 0.99
      vertex 16.9972 70.1938 0
      vertex 17 70.194 0
    endloop
  endfacet
  facet normal 0.492393 0.703096 -0.513035
    outer loop
      vertex 15.9715 66.7743 0.99
      vertex 15.9007 66.1015 0
      vertex 15.5897 66.3193 0
    endloop
  endfacet
  facet normal 0.855076 -0.0748361 -0.513073
    outer loop
      vertex 14.8393 68.381 0
      vertex 15.4243 68.2778 0.99
      vertex 14.8062 68.0028 0
    endloop
  endfacet
  facet normal 0.703096 0.492393 -0.513035
    outer loop
      vertex 15.7743 66.9715 0.99
      vertex 15.3193 66.5897 0
      vertex 15.1015 66.9007 0
    endloop
  endfacet
  facet normal 0.0748361 0.855076 -0.513073
    outer loop
      vertex 16.7222 66.4243 0.99
      vertex 16.9972 65.8062 0
      vertex 16.619 65.8393 0
    endloop
  endfacet
  facet normal -0.222247 0.829073 -0.513074
    outer loop
      vertex 17.7477 65.9376 0
      vertex 17.381 65.8393 0
      vertex 17.2778 66.4243 0.99
    endloop
  endfacet
  facet normal -0.831037 -0.215454 -0.512793
    outer loop
      vertex 19.0624 68.7477 0
      vertex 18.5035 68.5472 0.99
      vertex 19.0617 68.7504 0
    endloop
  endfacet
  facet normal -0.829093 -0.222199 -0.513062
    outer loop
      vertex 18.5035 68.5472 0.99
      vertex 19.0624 68.7477 0
      vertex 18.5757 68.2778 0.99
    endloop
  endfacet
  facet normal -0.372046 0.775095 -0.510695
    outer loop
      vertex 17.7504 65.9383 0
      vertex 17.8 66.6144 0.99
      vertex 17.7529 65.9395 0
    endloop
  endfacet
  facet normal -0.362796 0.777903 -0.513076
    outer loop
      vertex 17.8 66.6144 0.99
      vertex 17.7504 65.9383 0
      vertex 17.5472 66.4965 0.99
    endloop
  endfacet
  facet normal -0.775095 0.372046 -0.510695
    outer loop
      vertex 18.3856 67.2 0.99
      vertex 19.0617 67.2496 0
      vertex 19.0605 67.2471 0
    endloop
  endfacet
  facet normal -0.777903 0.362796 -0.513076
    outer loop
      vertex 19.0617 67.2496 0
      vertex 18.3856 67.2 0.99
      vertex 18.5035 67.4528 0.99
    endloop
  endfacet
  facet normal 0.362641 -0.777961 -0.513096
    outer loop
      vertex 16.2471 70.0605 0
      vertex 16.2 69.3856 0.99
      vertex 15.903 69.9001 0
    endloop
  endfacet
  facet normal 0.606958 0.606958 -0.513033
    outer loop
      vertex 15.5897 66.3193 0
      vertex 15.7743 66.9715 0.99
      vertex 15.9715 66.7743 0.99
    endloop
  endfacet
  facet normal 0.606958 0.606958 -0.513033
    outer loop
      vertex 15.7743 66.9715 0.99
      vertex 15.5897 66.3193 0
      vertex 15.3193 66.5897 0
    endloop
  endfacet
  facet normal 0.222247 0.829073 -0.513074
    outer loop
      vertex 16.7222 66.4243 0.99
      vertex 16.619 65.8393 0
      vertex 16.2523 65.9376 0
    endloop
  endfacet
  facet normal -0.704317 -0.489959 -0.51369
    outer loop
      vertex 18.9001 69.097 0
      vertex 18.2257 69.0285 0.99
      vertex 18.8985 69.0993 0
    endloop
  endfacet
  facet normal -0.70324 -0.492114 -0.513106
    outer loop
      vertex 18.2257 69.0285 0.99
      vertex 18.9001 69.097 0
      vertex 18.3856 68.8 0.99
    endloop
  endfacet
  facet normal -0.362641 -0.777961 -0.513096
    outer loop
      vertex 18.097 69.9001 0
      vertex 17.8 69.3856 0.99
      vertex 17.7529 70.0605 0
    endloop
  endfacet
  facet normal -0.703096 0.492393 -0.513035
    outer loop
      vertex 18.8985 66.9007 0
      vertex 18.6807 66.5897 0
      vertex 18.2257 66.9715 0.99
    endloop
  endfacet
  facet normal -0.362796 -0.777903 -0.513076
    outer loop
      vertex 17.7504 70.0617 0
      vertex 17.8 69.3856 0.99
      vertex 17.5472 69.5035 0.99
    endloop
  endfacet
  facet normal -0.372046 -0.775095 -0.510695
    outer loop
      vertex 17.8 69.3856 0.99
      vertex 17.7504 70.0617 0
      vertex 17.7529 70.0605 0
    endloop
  endfacet
  facet normal -0.606958 0.606958 -0.513033
    outer loop
      vertex 18.4103 66.3193 0
      vertex 18.2257 66.9715 0.99
      vertex 18.6807 66.5897 0
    endloop
  endfacet
  facet normal -0.606958 0.606958 -0.513033
    outer loop
      vertex 18.2257 66.9715 0.99
      vertex 18.4103 66.3193 0
      vertex 18.0285 66.7743 0.99
    endloop
  endfacet
  facet normal 0.829073 0.222247 -0.513074
    outer loop
      vertex 15.4243 67.7222 0.99
      vertex 14.9376 67.2523 0
      vertex 14.8393 67.619 0
    endloop
  endfacet
  facet normal 0.855076 0.0748361 -0.513073
    outer loop
      vertex 15.4243 67.7222 0.99
      vertex 14.8393 67.619 0
      vertex 14.8062 67.9972 0
    endloop
  endfacet
  facet normal -0.492114 -0.70324 -0.513106
    outer loop
      vertex 18.097 69.9001 0
      vertex 18.0285 69.2257 0.99
      vertex 17.8 69.3856 0.99
    endloop
  endfacet
  facet normal -0.489959 -0.704317 -0.51369
    outer loop
      vertex 18.0285 69.2257 0.99
      vertex 18.097 69.9001 0
      vertex 18.0993 69.8985 0
    endloop
  endfacet
  facet normal -0.777961 -0.362641 -0.513096
    outer loop
      vertex 18.9001 69.097 0
      vertex 19.0605 68.7529 0
      vertex 18.3856 68.8 0.99
    endloop
  endfacet
  facet normal -0.829073 -0.222247 -0.513074
    outer loop
      vertex 19.0624 68.7477 0
      vertex 19.1607 68.381 0
      vertex 18.5757 68.2778 0.99
    endloop
  endfacet
  facet normal 0.362796 0.777903 -0.513076
    outer loop
      vertex 16.2496 65.9383 0
      vertex 16.2 66.6144 0.99
      vertex 16.4528 66.4965 0.99
    endloop
  endfacet
  facet normal 0.372046 0.775095 -0.510695
    outer loop
      vertex 16.2 66.6144 0.99
      vertex 16.2496 65.9383 0
      vertex 16.2471 65.9395 0
    endloop
  endfacet
  facet normal -0.703096 -0.492393 -0.513035
    outer loop
      vertex 18.6807 69.4103 0
      vertex 18.8985 69.0993 0
      vertex 18.2257 69.0285 0.99
    endloop
  endfacet
  facet normal -0.362641 0.777961 -0.513096
    outer loop
      vertex 17.8 66.6144 0.99
      vertex 18.097 66.0999 0
      vertex 17.7529 65.9395 0
    endloop
  endfacet
  facet normal 0.222247 -0.829073 -0.513074
    outer loop
      vertex 16.619 70.1607 0
      vertex 16.7222 69.5757 0.99
      vertex 16.2523 70.0624 0
    endloop
  endfacet
  facet normal 0.492114 0.70324 -0.513106
    outer loop
      vertex 15.903 66.0999 0
      vertex 15.9715 66.7743 0.99
      vertex 16.2 66.6144 0.99
    endloop
  endfacet
  facet normal 0.489959 0.704317 -0.51369
    outer loop
      vertex 15.9715 66.7743 0.99
      vertex 15.903 66.0999 0
      vertex 15.9007 66.1015 0
    endloop
  endfacet
  facet normal -0.829073 0.222247 -0.513074
    outer loop
      vertex 19.1607 67.619 0
      vertex 19.0624 67.2523 0
      vertex 18.5757 67.7222 0.99
    endloop
  endfacet
  facet normal 0.0748361 -0.855076 -0.513073
    outer loop
      vertex 16.9972 70.1938 0
      vertex 16.7222 69.5757 0.99
      vertex 16.619 70.1607 0
    endloop
  endfacet
  facet normal -0.777961 0.362641 -0.513096
    outer loop
      vertex 19.0605 67.2471 0
      vertex 18.9001 66.903 0
      vertex 18.3856 67.2 0.99
    endloop
  endfacet
  facet normal -0.492393 -0.703096 -0.513035
    outer loop
      vertex 18.0993 69.8985 0
      vertex 18.4103 69.6807 0
      vertex 18.0285 69.2257 0.99
    endloop
  endfacet
  facet normal 0.362641 0.777961 -0.513096
    outer loop
      vertex 16.2 66.6144 0.99
      vertex 16.2471 65.9395 0
      vertex 15.903 66.0999 0
    endloop
  endfacet
  facet normal -0.855076 0.0748361 -0.513073
    outer loop
      vertex 19.1938 67.9972 0
      vertex 19.1607 67.619 0
      vertex 18.5757 67.7222 0.99
    endloop
  endfacet
  facet normal -0.855889 0.0611349 -0.513533
    outer loop
      vertex 19.1938 67.9972 0
      vertex 18.6 68 0.99
      vertex 19.194 68 0
    endloop
  endfacet
  facet normal -0.855074 0.0747959 -0.513083
    outer loop
      vertex 18.6 68 0.99
      vertex 19.1938 67.9972 0
      vertex 18.5757 67.7222 0.99
    endloop
  endfacet
  facet normal 0.70324 0.492114 -0.513106
    outer loop
      vertex 15.7743 66.9715 0.99
      vertex 15.0999 66.903 0
      vertex 15.6144 67.2 0.99
    endloop
  endfacet
  facet normal 0.704317 0.489959 -0.51369
    outer loop
      vertex 15.0999 66.903 0
      vertex 15.7743 66.9715 0.99
      vertex 15.1015 66.9007 0
    endloop
  endfacet
  facet normal -0.0748361 -0.855076 -0.513073
    outer loop
      vertex 17.381 70.1607 0
      vertex 17.2778 69.5757 0.99
      vertex 17.0028 70.1938 0
    endloop
  endfacet
  facet normal -0.222199 -0.829093 -0.513062
    outer loop
      vertex 17.7477 70.0624 0
      vertex 17.5472 69.5035 0.99
      vertex 17.2778 69.5757 0.99
    endloop
  endfacet
  facet normal -0.215454 -0.831037 -0.512793
    outer loop
      vertex 17.5472 69.5035 0.99
      vertex 17.7477 70.0624 0
      vertex 17.7504 70.0617 0
    endloop
  endfacet
  facet normal 0.829093 0.222199 -0.513062
    outer loop
      vertex 15.4965 67.4528 0.99
      vertex 14.9376 67.2523 0
      vertex 15.4243 67.7222 0.99
    endloop
  endfacet
  facet normal 0.831037 0.215454 -0.512793
    outer loop
      vertex 14.9376 67.2523 0
      vertex 15.4965 67.4528 0.99
      vertex 14.9383 67.2496 0
    endloop
  endfacet
  facet normal 0.775095 -0.372046 -0.510695
    outer loop
      vertex 15.6144 68.8 0.99
      vertex 14.9383 68.7504 0
      vertex 14.9395 68.7529 0
    endloop
  endfacet
  facet normal 0.777903 -0.362796 -0.513076
    outer loop
      vertex 14.9383 68.7504 0
      vertex 15.6144 68.8 0.99
      vertex 15.4965 68.5472 0.99
    endloop
  endfacet
  facet normal 0.829073 -0.222247 -0.513074
    outer loop
      vertex 14.9376 68.7477 0
      vertex 15.4243 68.2778 0.99
      vertex 14.8393 68.381 0
    endloop
  endfacet
  facet normal -0.0747959 0.855074 -0.513083
    outer loop
      vertex 17.0028 65.8062 0
      vertex 17 66.4 0.99
      vertex 17.2778 66.4243 0.99
    endloop
  endfacet
  facet normal -0.0611349 0.855889 -0.513533
    outer loop
      vertex 17 66.4 0.99
      vertex 17.0028 65.8062 0
      vertex 17 65.806 0
    endloop
  endfacet
  facet normal 0.777961 0.362641 -0.513096
    outer loop
      vertex 15.6144 67.2 0.99
      vertex 15.0999 66.903 0
      vertex 14.9395 67.2471 0
    endloop
  endfacet
  facet normal -0.70324 0.492114 -0.513106
    outer loop
      vertex 18.9001 66.903 0
      vertex 18.2257 66.9715 0.99
      vertex 18.3856 67.2 0.99
    endloop
  endfacet
  facet normal -0.704317 0.489959 -0.51369
    outer loop
      vertex 18.2257 66.9715 0.99
      vertex 18.9001 66.903 0
      vertex 18.8985 66.9007 0
    endloop
  endfacet
  facet normal -0.492393 0.703096 -0.513035
    outer loop
      vertex 18.4103 66.3193 0
      vertex 18.0993 66.1015 0
      vertex 18.0285 66.7743 0.99
    endloop
  endfacet
  facet normal -0.489959 0.704317 -0.51369
    outer loop
      vertex 18.097 66.0999 0
      vertex 18.0285 66.7743 0.99
      vertex 18.0993 66.1015 0
    endloop
  endfacet
  facet normal -0.492114 0.70324 -0.513106
    outer loop
      vertex 18.0285 66.7743 0.99
      vertex 18.097 66.0999 0
      vertex 17.8 66.6144 0.99
    endloop
  endfacet
  facet normal -0.215454 0.831037 -0.512793
    outer loop
      vertex 17.7477 65.9376 0
      vertex 17.5472 66.4965 0.99
      vertex 17.7504 65.9383 0
    endloop
  endfacet
  facet normal -0.222199 0.829093 -0.513062
    outer loop
      vertex 17.5472 66.4965 0.99
      vertex 17.7477 65.9376 0
      vertex 17.2778 66.4243 0.99
    endloop
  endfacet
  facet normal -0.0748361 0.855076 -0.513073
    outer loop
      vertex 17.2778 66.4243 0.99
      vertex 17.381 65.8393 0
      vertex 17.0028 65.8062 0
    endloop
  endfacet
  facet normal -0.222247 -0.829073 -0.513074
    outer loop
      vertex 17.381 70.1607 0
      vertex 17.7477 70.0624 0
      vertex 17.2778 69.5757 0.99
    endloop
  endfacet
  facet normal 0.703096 -0.492393 -0.513035
    outer loop
      vertex 15.3193 69.4103 0
      vertex 15.7743 69.0285 0.99
      vertex 15.1015 69.0993 0
    endloop
  endfacet
  facet normal 0.0611349 0.855889 -0.513533
    outer loop
      vertex 16.9972 65.8062 0
      vertex 17 66.4 0.99
      vertex 17 65.806 0
    endloop
  endfacet
  facet normal 0.0747959 0.855074 -0.513083
    outer loop
      vertex 17 66.4 0.99
      vertex 16.9972 65.8062 0
      vertex 16.7222 66.4243 0.99
    endloop
  endfacet
  facet normal -0.0611349 -0.855889 -0.513533
    outer loop
      vertex 17.0028 70.1938 0
      vertex 17 69.6 0.99
      vertex 17 70.194 0
    endloop
  endfacet
  facet normal -0.0747959 -0.855074 -0.513083
    outer loop
      vertex 17 69.6 0.99
      vertex 17.0028 70.1938 0
      vertex 17.2778 69.5757 0.99
    endloop
  endfacet
  facet normal 0.606958 -0.606958 -0.513033
    outer loop
      vertex 15.5897 69.6807 0
      vertex 15.7743 69.0285 0.99
      vertex 15.3193 69.4103 0
    endloop
  endfacet
  facet normal 0.606958 -0.606958 -0.513033
    outer loop
      vertex 15.7743 69.0285 0.99
      vertex 15.5897 69.6807 0
      vertex 15.9715 69.2257 0.99
    endloop
  endfacet
  facet normal 0.492393 -0.703096 -0.513035
    outer loop
      vertex 15.9007 69.8985 0
      vertex 15.9715 69.2257 0.99
      vertex 15.5897 69.6807 0
    endloop
  endfacet
  facet normal 0.831037 -0.215454 -0.512793
    outer loop
      vertex 15.4965 68.5472 0.99
      vertex 14.9376 68.7477 0
      vertex 14.9383 68.7504 0
    endloop
  endfacet
  facet normal 0.829093 -0.222199 -0.513062
    outer loop
      vertex 14.9376 68.7477 0
      vertex 15.4965 68.5472 0.99
      vertex 15.4243 68.2778 0.99
    endloop
  endfacet
  facet normal 0.222199 0.829093 -0.513062
    outer loop
      vertex 16.2523 65.9376 0
      vertex 16.4528 66.4965 0.99
      vertex 16.7222 66.4243 0.99
    endloop
  endfacet
  facet normal 0.215454 0.831037 -0.512793
    outer loop
      vertex 16.4528 66.4965 0.99
      vertex 16.2523 65.9376 0
      vertex 16.2496 65.9383 0
    endloop
  endfacet
  facet normal 0.372046 -0.775095 -0.510695
    outer loop
      vertex 16.2496 70.0617 0
      vertex 16.2 69.3856 0.99
      vertex 16.2471 70.0605 0
    endloop
  endfacet
  facet normal 0.362796 -0.777903 -0.513076
    outer loop
      vertex 16.2 69.3856 0.99
      vertex 16.2496 70.0617 0
      vertex 16.4528 69.5035 0.99
    endloop
  endfacet
  facet normal 0.489959 -0.704317 -0.51369
    outer loop
      vertex 15.903 69.9001 0
      vertex 15.9715 69.2257 0.99
      vertex 15.9007 69.8985 0
    endloop
  endfacet
  facet normal 0.492114 -0.70324 -0.513106
    outer loop
      vertex 15.9715 69.2257 0.99
      vertex 15.903 69.9001 0
      vertex 16.2 69.3856 0.99
    endloop
  endfacet
  facet normal -0.829093 0.222199 -0.513062
    outer loop
      vertex 19.0624 67.2523 0
      vertex 18.5035 67.4528 0.99
      vertex 18.5757 67.7222 0.99
    endloop
  endfacet
  facet normal -0.831037 0.215454 -0.512793
    outer loop
      vertex 18.5035 67.4528 0.99
      vertex 19.0624 67.2523 0
      vertex 19.0617 67.2496 0
    endloop
  endfacet
  facet normal 0.215454 -0.831037 -0.512793
    outer loop
      vertex 16.2523 70.0624 0
      vertex 16.4528 69.5035 0.99
      vertex 16.2496 70.0617 0
    endloop
  endfacet
  facet normal 0.222199 -0.829093 -0.513062
    outer loop
      vertex 16.4528 69.5035 0.99
      vertex 16.2523 70.0624 0
      vertex 16.7222 69.5757 0.99
    endloop
  endfacet
  facet normal 0.855074 -0.0747959 -0.513083
    outer loop
      vertex 15.4 68 0.99
      vertex 14.8062 68.0028 0
      vertex 15.4243 68.2778 0.99
    endloop
  endfacet
  facet normal 0.855889 -0.0611349 -0.513533
    outer loop
      vertex 14.8062 68.0028 0
      vertex 15.4 68 0.99
      vertex 14.806 68 0
    endloop
  endfacet
  facet normal 0.855889 0.0611349 -0.513533
    outer loop
      vertex 15.4 68 0.99
      vertex 14.8062 67.9972 0
      vertex 14.806 68 0
    endloop
  endfacet
  facet normal 0.855074 0.0747959 -0.513083
    outer loop
      vertex 14.8062 67.9972 0
      vertex 15.4 68 0.99
      vertex 15.4243 67.7222 0.99
    endloop
  endfacet
  facet normal 0.777961 -0.362641 -0.513096
    outer loop
      vertex 15.0999 69.097 0
      vertex 15.6144 68.8 0.99
      vertex 14.9395 68.7529 0
    endloop
  endfacet
  facet normal 0.704317 -0.489959 -0.51369
    outer loop
      vertex 15.7743 69.0285 0.99
      vertex 15.0999 69.097 0
      vertex 15.1015 69.0993 0
    endloop
  endfacet
  facet normal 0.70324 -0.492114 -0.513106
    outer loop
      vertex 15.0999 69.097 0
      vertex 15.7743 69.0285 0.99
      vertex 15.6144 68.8 0.99
    endloop
  endfacet
  facet normal 0.258868 -0.965913 0
    outer loop
      vertex 72.4528 69.5035 0.99
      vertex 72.7222 69.5757 3.5
      vertex 72.4528 69.5035 3.5
    endloop
  endfacet
  facet normal 0.258868 -0.965913 0
    outer loop
      vertex 72.7222 69.5757 3.5
      vertex 72.4528 69.5035 0.99
      vertex 72.7222 69.5757 0.99
    endloop
  endfacet
  facet normal -0.965913 -0.258868 0
    outer loop
      vertex 74.5757 68.2778 0.99
      vertex 74.5035 68.5472 3.5
      vertex 74.5035 68.5472 0.99
    endloop
  endfacet
  facet normal -0.965913 -0.258868 0
    outer loop
      vertex 74.5035 68.5472 3.5
      vertex 74.5757 68.2778 0.99
      vertex 74.5757 68.2778 3.5
    endloop
  endfacet
  facet normal -0.996196 -0.0871403 0
    outer loop
      vertex 74.6 68 0.99
      vertex 74.5757 68.2778 3.5
      vertex 74.5757 68.2778 0.99
    endloop
  endfacet
  facet normal -0.996196 -0.0871403 0
    outer loop
      vertex 74.5757 68.2778 3.5
      vertex 74.6 68 0.99
      vertex 74.6 68 3.5
    endloop
  endfacet
  facet normal -0.906284 -0.42267 0
    outer loop
      vertex 74.5035 68.5472 0.99
      vertex 74.3856 68.8 3.5
      vertex 74.3856 68.8 0.99
    endloop
  endfacet
  facet normal -0.906284 -0.42267 0
    outer loop
      vertex 74.3856 68.8 3.5
      vertex 74.5035 68.5472 0.99
      vertex 74.5035 68.5472 3.5
    endloop
  endfacet
  facet normal 0.906284 0.42267 0
    outer loop
      vertex 71.6144 67.2 3.5
      vertex 71.4965 67.4528 0.99
      vertex 71.4965 67.4528 3.5
    endloop
  endfacet
  facet normal 0.906284 0.42267 0
    outer loop
      vertex 71.4965 67.4528 0.99
      vertex 71.6144 67.2 3.5
      vertex 71.6144 67.2 0.99
    endloop
  endfacet
  facet normal -0.906284 0.42267 0
    outer loop
      vertex 74.3856 67.2 0.99
      vertex 74.5035 67.4528 3.5
      vertex 74.5035 67.4528 0.99
    endloop
  endfacet
  facet normal -0.906284 0.42267 0
    outer loop
      vertex 74.5035 67.4528 3.5
      vertex 74.3856 67.2 0.99
      vertex 74.3856 67.2 3.5
    endloop
  endfacet
  facet normal -0.819316 0.573342 0
    outer loop
      vertex 74.2257 66.9715 0.99
      vertex 74.3856 67.2 3.5
      vertex 74.3856 67.2 0.99
    endloop
  endfacet
  facet normal -0.819316 0.573342 0
    outer loop
      vertex 74.3856 67.2 3.5
      vertex 74.2257 66.9715 0.99
      vertex 74.2257 66.9715 3.5
    endloop
  endfacet
  facet normal -0.996196 0.0871403 0
    outer loop
      vertex 74.5757 67.7222 0.99
      vertex 74.6 68 3.5
      vertex 74.6 68 0.99
    endloop
  endfacet
  facet normal -0.996196 0.0871403 0
    outer loop
      vertex 74.6 68 3.5
      vertex 74.5757 67.7222 0.99
      vertex 74.5757 67.7222 3.5
    endloop
  endfacet
  facet normal -0.819316 -0.573342 0
    outer loop
      vertex 74.3856 68.8 0.99
      vertex 74.2257 69.0285 3.5
      vertex 74.2257 69.0285 0.99
    endloop
  endfacet
  facet normal -0.819316 -0.573342 0
    outer loop
      vertex 74.2257 69.0285 3.5
      vertex 74.3856 68.8 0.99
      vertex 74.3856 68.8 3.5
    endloop
  endfacet
  facet normal 0.707107 -0.707107 0
    outer loop
      vertex 71.7743 69.0285 3.5
      vertex 71.9715 69.2257 0.99
      vertex 71.9715 69.2257 3.5
    endloop
  endfacet
  facet normal 0.707107 -0.707107 0
    outer loop
      vertex 71.9715 69.2257 0.99
      vertex 71.7743 69.0285 3.5
      vertex 71.7743 69.0285 0.99
    endloop
  endfacet
  facet normal 0 0 -1
    outer loop
      vertex 74.5757 67.7222 3.5
      vertex 74.5757 68.2778 3.5
      vertex 74.6 68 3.5
    endloop
  endfacet
  facet normal 0 0 -1
    outer loop
      vertex 74.5035 67.4528 3.5
      vertex 74.5757 68.2778 3.5
      vertex 74.5757 67.7222 3.5
    endloop
  endfacet
  facet normal 0 0 -1
    outer loop
      vertex 74.5035 67.4528 3.5
      vertex 74.5035 68.5472 3.5
      vertex 74.5757 68.2778 3.5
    endloop
  endfacet
  facet normal 0 0 -1
    outer loop
      vertex 74.3856 67.2 3.5
      vertex 74.5035 68.5472 3.5
      vertex 74.5035 67.4528 3.5
    endloop
  endfacet
  facet normal 0 0 -1
    outer loop
      vertex 74.3856 67.2 3.5
      vertex 74.3856 68.8 3.5
      vertex 74.5035 68.5472 3.5
    endloop
  endfacet
  facet normal 0 0 -1
    outer loop
      vertex 74.2257 66.9715 3.5
      vertex 74.3856 68.8 3.5
      vertex 74.3856 67.2 3.5
    endloop
  endfacet
  facet normal 0 0 -1
    outer loop
      vertex 74.2257 66.9715 3.5
      vertex 74.2257 69.0285 3.5
      vertex 74.3856 68.8 3.5
    endloop
  endfacet
  facet normal 0 0 -1
    outer loop
      vertex 74.0285 66.7743 3.5
      vertex 74.2257 69.0285 3.5
      vertex 74.2257 66.9715 3.5
    endloop
  endfacet
  facet normal 0 0 -1
    outer loop
      vertex 74.0285 66.7743 3.5
      vertex 74.0285 69.2257 3.5
      vertex 74.2257 69.0285 3.5
    endloop
  endfacet
  facet normal 0 0 -1
    outer loop
      vertex 73.8 66.6144 3.5
      vertex 74.0285 69.2257 3.5
      vertex 74.0285 66.7743 3.5
    endloop
  endfacet
  facet normal 0 0 -1
    outer loop
      vertex 73.8 66.6144 3.5
      vertex 73.8 69.3856 3.5
      vertex 74.0285 69.2257 3.5
    endloop
  endfacet
  facet normal 0 0 -1
    outer loop
      vertex 73.5472 66.4965 3.5
      vertex 73.8 69.3856 3.5
      vertex 73.8 66.6144 3.5
    endloop
  endfacet
  facet normal 0 0 -1
    outer loop
      vertex 73.5472 66.4965 3.5
      vertex 73.5472 69.5035 3.5
      vertex 73.8 69.3856 3.5
    endloop
  endfacet
  facet normal 0 0 -1
    outer loop
      vertex 73.2778 66.4243 3.5
      vertex 73.5472 69.5035 3.5
      vertex 73.5472 66.4965 3.5
    endloop
  endfacet
  facet normal 0 0 -1
    outer loop
      vertex 73.2778 66.4243 3.5
      vertex 73.2778 69.5757 3.5
      vertex 73.5472 69.5035 3.5
    endloop
  endfacet
  facet normal 0 0 -1
    outer loop
      vertex 73 66.4 3.5
      vertex 73.2778 69.5757 3.5
      vertex 73.2778 66.4243 3.5
    endloop
  endfacet
  facet normal 0 0 -1
    outer loop
      vertex 73 66.4 3.5
      vertex 73 69.6 3.5
      vertex 73.2778 69.5757 3.5
    endloop
  endfacet
  facet normal 0 0 -1
    outer loop
      vertex 72.7222 66.4243 3.5
      vertex 73 69.6 3.5
      vertex 73 66.4 3.5
    endloop
  endfacet
  facet normal 0 0 -1
    outer loop
      vertex 72.7222 66.4243 3.5
      vertex 72.7222 69.5757 3.5
      vertex 73 69.6 3.5
    endloop
  endfacet
  facet normal 0 0 -1
    outer loop
      vertex 72.4528 66.4965 3.5
      vertex 72.7222 69.5757 3.5
      vertex 72.7222 66.4243 3.5
    endloop
  endfacet
  facet normal 0 0 -1
    outer loop
      vertex 72.4528 66.4965 3.5
      vertex 72.4528 69.5035 3.5
      vertex 72.7222 69.5757 3.5
    endloop
  endfacet
  facet normal 0 0 -1
    outer loop
      vertex 72.2 66.6144 3.5
      vertex 72.4528 69.5035 3.5
      vertex 72.4528 66.4965 3.5
    endloop
  endfacet
  facet normal 0 0 -1
    outer loop
      vertex 72.2 66.6144 3.5
      vertex 72.2 69.3856 3.5
      vertex 72.4528 69.5035 3.5
    endloop
  endfacet
  facet normal 0 0 -1
    outer loop
      vertex 71.9715 66.7743 3.5
      vertex 72.2 69.3856 3.5
      vertex 72.2 66.6144 3.5
    endloop
  endfacet
  facet normal 0 0 -1
    outer loop
      vertex 71.9715 66.7743 3.5
      vertex 71.9715 69.2257 3.5
      vertex 72.2 69.3856 3.5
    endloop
  endfacet
  facet normal 0 0 -1
    outer loop
      vertex 71.7743 66.9715 3.5
      vertex 71.9715 69.2257 3.5
      vertex 71.9715 66.7743 3.5
    endloop
  endfacet
  facet normal 0 0 -1
    outer loop
      vertex 71.7743 66.9715 3.5
      vertex 71.7743 69.0285 3.5
      vertex 71.9715 69.2257 3.5
    endloop
  endfacet
  facet normal 0 0 -1
    outer loop
      vertex 71.6144 67.2 3.5
      vertex 71.7743 69.0285 3.5
      vertex 71.7743 66.9715 3.5
    endloop
  endfacet
  facet normal 0 0 -1
    outer loop
      vertex 71.6144 67.2 3.5
      vertex 71.6144 68.8 3.5
      vertex 71.7743 69.0285 3.5
    endloop
  endfacet
  facet normal 0 0 -1
    outer loop
      vertex 71.4965 67.4528 3.5
      vertex 71.6144 68.8 3.5
      vertex 71.6144 67.2 3.5
    endloop
  endfacet
  facet normal 0 0 -1
    outer loop
      vertex 71.4965 67.4528 3.5
      vertex 71.4965 68.5472 3.5
      vertex 71.6144 68.8 3.5
    endloop
  endfacet
  facet normal 0 0 -1
    outer loop
      vertex 71.4243 67.7222 3.5
      vertex 71.4965 68.5472 3.5
      vertex 71.4965 67.4528 3.5
    endloop
  endfacet
  facet normal 0 0 -1
    outer loop
      vertex 71.4243 67.7222 3.5
      vertex 71.4243 68.2778 3.5
      vertex 71.4965 68.5472 3.5
    endloop
  endfacet
  facet normal 0 -0 -1
    outer loop
      vertex 71.4243 68.2778 3.5
      vertex 71.4243 67.7222 3.5
      vertex 71.4 68 3.5
    endloop
  endfacet
  facet normal 0.0871403 -0.996196 0
    outer loop
      vertex 72.7222 69.5757 0.99
      vertex 73 69.6 3.5
      vertex 72.7222 69.5757 3.5
    endloop
  endfacet
  facet normal 0.0871403 -0.996196 0
    outer loop
      vertex 73 69.6 3.5
      vertex 72.7222 69.5757 0.99
      vertex 73 69.6 0.99
    endloop
  endfacet
  facet normal 0.573342 -0.819316 0
    outer loop
      vertex 71.9715 69.2257 0.99
      vertex 72.2 69.3856 3.5
      vertex 71.9715 69.2257 3.5
    endloop
  endfacet
  facet normal 0.573342 -0.819316 0
    outer loop
      vertex 72.2 69.3856 3.5
      vertex 71.9715 69.2257 0.99
      vertex 72.2 69.3856 0.99
    endloop
  endfacet
  facet normal 0.42267 -0.906284 0
    outer loop
      vertex 72.2 69.3856 0.99
      vertex 72.4528 69.5035 3.5
      vertex 72.2 69.3856 3.5
    endloop
  endfacet
  facet normal 0.42267 -0.906284 0
    outer loop
      vertex 72.4528 69.5035 3.5
      vertex 72.2 69.3856 0.99
      vertex 72.4528 69.5035 0.99
    endloop
  endfacet
  facet normal -0.42267 0.906284 0
    outer loop
      vertex 73.8 66.6144 0.99
      vertex 73.5472 66.4965 3.5
      vertex 73.8 66.6144 3.5
    endloop
  endfacet
  facet normal -0.42267 0.906284 0
    outer loop
      vertex 73.5472 66.4965 3.5
      vertex 73.8 66.6144 0.99
      vertex 73.5472 66.4965 0.99
    endloop
  endfacet
  facet normal 0.996196 0.0871403 0
    outer loop
      vertex 71.4243 67.7222 3.5
      vertex 71.4 68 0.99
      vertex 71.4 68 3.5
    endloop
  endfacet
  facet normal 0.996196 0.0871403 0
    outer loop
      vertex 71.4 68 0.99
      vertex 71.4243 67.7222 3.5
      vertex 71.4243 67.7222 0.99
    endloop
  endfacet
  facet normal -0.573342 -0.819316 0
    outer loop
      vertex 73.8 69.3856 0.99
      vertex 74.0285 69.2257 3.5
      vertex 73.8 69.3856 3.5
    endloop
  endfacet
  facet normal -0.573342 -0.819316 -0
    outer loop
      vertex 74.0285 69.2257 3.5
      vertex 73.8 69.3856 0.99
      vertex 74.0285 69.2257 0.99
    endloop
  endfacet
  facet normal -0.258868 -0.965913 0
    outer loop
      vertex 73.2778 69.5757 0.99
      vertex 73.5472 69.5035 3.5
      vertex 73.2778 69.5757 3.5
    endloop
  endfacet
  facet normal -0.258868 -0.965913 -0
    outer loop
      vertex 73.5472 69.5035 3.5
      vertex 73.2778 69.5757 0.99
      vertex 73.5472 69.5035 0.99
    endloop
  endfacet
  facet normal -0.573342 0.819316 0
    outer loop
      vertex 74.0285 66.7743 0.99
      vertex 73.8 66.6144 3.5
      vertex 74.0285 66.7743 3.5
    endloop
  endfacet
  facet normal -0.573342 0.819316 0
    outer loop
      vertex 73.8 66.6144 3.5
      vertex 74.0285 66.7743 0.99
      vertex 73.8 66.6144 0.99
    endloop
  endfacet
  facet normal 0.965913 -0.258868 0
    outer loop
      vertex 71.4243 68.2778 3.5
      vertex 71.4965 68.5472 0.99
      vertex 71.4965 68.5472 3.5
    endloop
  endfacet
  facet normal 0.965913 -0.258868 0
    outer loop
      vertex 71.4965 68.5472 0.99
      vertex 71.4243 68.2778 3.5
      vertex 71.4243 68.2778 0.99
    endloop
  endfacet
  facet normal -0.42267 -0.906284 0
    outer loop
      vertex 73.5472 69.5035 0.99
      vertex 73.8 69.3856 3.5
      vertex 73.5472 69.5035 3.5
    endloop
  endfacet
  facet normal -0.42267 -0.906284 -0
    outer loop
      vertex 73.8 69.3856 3.5
      vertex 73.5472 69.5035 0.99
      vertex 73.8 69.3856 0.99
    endloop
  endfacet
  facet normal 0.819316 -0.573342 0
    outer loop
      vertex 71.6144 68.8 3.5
      vertex 71.7743 69.0285 0.99
      vertex 71.7743 69.0285 3.5
    endloop
  endfacet
  facet normal 0.819316 -0.573342 0
    outer loop
      vertex 71.7743 69.0285 0.99
      vertex 71.6144 68.8 3.5
      vertex 71.6144 68.8 0.99
    endloop
  endfacet
  facet normal 0.819316 0.573342 0
    outer loop
      vertex 71.7743 66.9715 3.5
      vertex 71.6144 67.2 0.99
      vertex 71.6144 67.2 3.5
    endloop
  endfacet
  facet normal 0.819316 0.573342 0
    outer loop
      vertex 71.6144 67.2 0.99
      vertex 71.7743 66.9715 3.5
      vertex 71.7743 66.9715 0.99
    endloop
  endfacet
  facet normal -0.258868 0.965913 0
    outer loop
      vertex 73.5472 66.4965 0.99
      vertex 73.2778 66.4243 3.5
      vertex 73.5472 66.4965 3.5
    endloop
  endfacet
  facet normal -0.258868 0.965913 0
    outer loop
      vertex 73.2778 66.4243 3.5
      vertex 73.5472 66.4965 0.99
      vertex 73.2778 66.4243 0.99
    endloop
  endfacet
  facet normal -0.707107 0.707107 0
    outer loop
      vertex 74.0285 66.7743 0.99
      vertex 74.2257 66.9715 3.5
      vertex 74.2257 66.9715 0.99
    endloop
  endfacet
  facet normal -0.707107 0.707107 0
    outer loop
      vertex 74.2257 66.9715 3.5
      vertex 74.0285 66.7743 0.99
      vertex 74.0285 66.7743 3.5
    endloop
  endfacet
  facet normal -0.707107 -0.707107 0
    outer loop
      vertex 74.2257 69.0285 0.99
      vertex 74.0285 69.2257 3.5
      vertex 74.0285 69.2257 0.99
    endloop
  endfacet
  facet normal -0.707107 -0.707107 0
    outer loop
      vertex 74.0285 69.2257 3.5
      vertex 74.2257 69.0285 0.99
      vertex 74.2257 69.0285 3.5
    endloop
  endfacet
  facet normal -0.965913 0.258868 0
    outer loop
      vertex 74.5035 67.4528 0.99
      vertex 74.5757 67.7222 3.5
      vertex 74.5757 67.7222 0.99
    endloop
  endfacet
  facet normal -0.965913 0.258868 0
    outer loop
      vertex 74.5757 67.7222 3.5
      vertex 74.5035 67.4528 0.99
      vertex 74.5035 67.4528 3.5
    endloop
  endfacet
  facet normal 0.707107 0.707107 0
    outer loop
      vertex 71.9715 66.7743 3.5
      vertex 71.7743 66.9715 0.99
      vertex 71.7743 66.9715 3.5
    endloop
  endfacet
  facet normal 0.707107 0.707107 0
    outer loop
      vertex 71.7743 66.9715 0.99
      vertex 71.9715 66.7743 3.5
      vertex 71.9715 66.7743 0.99
    endloop
  endfacet
  facet normal 0.906284 -0.42267 0
    outer loop
      vertex 71.4965 68.5472 3.5
      vertex 71.6144 68.8 0.99
      vertex 71.6144 68.8 3.5
    endloop
  endfacet
  facet normal 0.906284 -0.42267 0
    outer loop
      vertex 71.6144 68.8 0.99
      vertex 71.4965 68.5472 3.5
      vertex 71.4965 68.5472 0.99
    endloop
  endfacet
  facet normal 0.573342 0.819316 -0
    outer loop
      vertex 72.2 66.6144 0.99
      vertex 71.9715 66.7743 3.5
      vertex 72.2 66.6144 3.5
    endloop
  endfacet
  facet normal 0.573342 0.819316 0
    outer loop
      vertex 71.9715 66.7743 3.5
      vertex 72.2 66.6144 0.99
      vertex 71.9715 66.7743 0.99
    endloop
  endfacet
  facet normal -0.0871403 0.996196 0
    outer loop
      vertex 73.2778 66.4243 0.99
      vertex 73 66.4 3.5
      vertex 73.2778 66.4243 3.5
    endloop
  endfacet
  facet normal -0.0871403 0.996196 0
    outer loop
      vertex 73 66.4 3.5
      vertex 73.2778 66.4243 0.99
      vertex 73 66.4 0.99
    endloop
  endfacet
  facet normal -0.0871403 -0.996196 0
    outer loop
      vertex 73 69.6 0.99
      vertex 73.2778 69.5757 3.5
      vertex 73 69.6 3.5
    endloop
  endfacet
  facet normal -0.0871403 -0.996196 -0
    outer loop
      vertex 73.2778 69.5757 3.5
      vertex 73 69.6 0.99
      vertex 73.2778 69.5757 0.99
    endloop
  endfacet
  facet normal 0.0871403 0.996196 -0
    outer loop
      vertex 73 66.4 0.99
      vertex 72.7222 66.4243 3.5
      vertex 73 66.4 3.5
    endloop
  endfacet
  facet normal 0.0871403 0.996196 0
    outer loop
      vertex 72.7222 66.4243 3.5
      vertex 73 66.4 0.99
      vertex 72.7222 66.4243 0.99
    endloop
  endfacet
  facet normal 0.258868 0.965913 -0
    outer loop
      vertex 72.7222 66.4243 0.99
      vertex 72.4528 66.4965 3.5
      vertex 72.7222 66.4243 3.5
    endloop
  endfacet
  facet normal 0.258868 0.965913 0
    outer loop
      vertex 72.4528 66.4965 3.5
      vertex 72.7222 66.4243 0.99
      vertex 72.4528 66.4965 0.99
    endloop
  endfacet
  facet normal 0.996196 -0.0871403 0
    outer loop
      vertex 71.4 68 3.5
      vertex 71.4243 68.2778 0.99
      vertex 71.4243 68.2778 3.5
    endloop
  endfacet
  facet normal 0.996196 -0.0871403 0
    outer loop
      vertex 71.4243 68.2778 0.99
      vertex 71.4 68 3.5
      vertex 71.4 68 0.99
    endloop
  endfacet
  facet normal 0.965913 0.258868 0
    outer loop
      vertex 71.4965 67.4528 3.5
      vertex 71.4243 67.7222 0.99
      vertex 71.4243 67.7222 3.5
    endloop
  endfacet
  facet normal 0.965913 0.258868 0
    outer loop
      vertex 71.4243 67.7222 0.99
      vertex 71.4965 67.4528 3.5
      vertex 71.4965 67.4528 0.99
    endloop
  endfacet
  facet normal 0.42267 0.906284 -0
    outer loop
      vertex 72.4528 66.4965 0.99
      vertex 72.2 66.6144 3.5
      vertex 72.4528 66.4965 3.5
    endloop
  endfacet
  facet normal 0.42267 0.906284 0
    outer loop
      vertex 72.2 66.6144 3.5
      vertex 72.4528 66.4965 0.99
      vertex 72.2 66.6144 0.99
    endloop
  endfacet
  facet normal -0.775095 -0.372046 -0.510695
    outer loop
      vertex 75.0617 68.7504 0
      vertex 74.3856 68.8 0.99
      vertex 75.0605 68.7529 0
    endloop
  endfacet
  facet normal -0.777903 -0.362796 -0.513076
    outer loop
      vertex 74.3856 68.8 0.99
      vertex 75.0617 68.7504 0
      vertex 74.5035 68.5472 0.99
    endloop
  endfacet
  facet normal -0.606958 -0.606958 -0.513033
    outer loop
      vertex 74.6807 69.4103 0
      vertex 74.0285 69.2257 0.99
      vertex 74.4103 69.6807 0
    endloop
  endfacet
  facet normal -0.606958 -0.606958 -0.513033
    outer loop
      vertex 74.0285 69.2257 0.99
      vertex 74.6807 69.4103 0
      vertex 74.2257 69.0285 0.99
    endloop
  endfacet
  facet normal 0.777903 0.362796 -0.513076
    outer loop
      vertex 71.6144 67.2 0.99
      vertex 70.9383 67.2496 0
      vertex 71.4965 67.4528 0.99
    endloop
  endfacet
  facet normal 0.775095 0.372046 -0.510695
    outer loop
      vertex 70.9383 67.2496 0
      vertex 71.6144 67.2 0.99
      vertex 70.9395 67.2471 0
    endloop
  endfacet
  facet normal -0.855889 -0.0611349 -0.513533
    outer loop
      vertex 74.6 68 0.99
      vertex 75.1938 68.0028 0
      vertex 75.194 68 0
    endloop
  endfacet
  facet normal -0.855074 -0.0747959 -0.513083
    outer loop
      vertex 75.1938 68.0028 0
      vertex 74.6 68 0.99
      vertex 74.5757 68.2778 0.99
    endloop
  endfacet
  facet normal -0.855076 -0.0748361 -0.513073
    outer loop
      vertex 75.1607 68.381 0
      vertex 75.1938 68.0028 0
      vertex 74.5757 68.2778 0.99
    endloop
  endfacet
  facet normal 0.0747959 -0.855074 -0.513083
    outer loop
      vertex 72.9972 70.1938 0
      vertex 73 69.6 0.99
      vertex 72.7222 69.5757 0.99
    endloop
  endfacet
  facet normal 0.0611349 -0.855889 -0.513533
    outer loop
      vertex 73 69.6 0.99
      vertex 72.9972 70.1938 0
      vertex 73 70.194 0
    endloop
  endfacet
  facet normal 0.492393 0.703096 -0.513035
    outer loop
      vertex 71.9715 66.7743 0.99
      vertex 71.9007 66.1015 0
      vertex 71.5897 66.3193 0
    endloop
  endfacet
  facet normal 0.855076 -0.0748361 -0.513073
    outer loop
      vertex 70.8393 68.381 0
      vertex 71.4243 68.2778 0.99
      vertex 70.8062 68.0028 0
    endloop
  endfacet
  facet normal 0.703096 0.492393 -0.513035
    outer loop
      vertex 71.7743 66.9715 0.99
      vertex 71.3193 66.5897 0
      vertex 71.1015 66.9007 0
    endloop
  endfacet
  facet normal 0.0748361 0.855076 -0.513073
    outer loop
      vertex 72.7222 66.4243 0.99
      vertex 72.9972 65.8062 0
      vertex 72.619 65.8393 0
    endloop
  endfacet
  facet normal -0.222247 0.829073 -0.513074
    outer loop
      vertex 73.7477 65.9376 0
      vertex 73.381 65.8393 0
      vertex 73.2778 66.4243 0.99
    endloop
  endfacet
  facet normal -0.831037 -0.215454 -0.512793
    outer loop
      vertex 75.0624 68.7477 0
      vertex 74.5035 68.5472 0.99
      vertex 75.0617 68.7504 0
    endloop
  endfacet
  facet normal -0.829093 -0.222199 -0.513062
    outer loop
      vertex 74.5035 68.5472 0.99
      vertex 75.0624 68.7477 0
      vertex 74.5757 68.2778 0.99
    endloop
  endfacet
  facet normal -0.372046 0.775095 -0.510695
    outer loop
      vertex 73.7504 65.9383 0
      vertex 73.8 66.6144 0.99
      vertex 73.7529 65.9395 0
    endloop
  endfacet
  facet normal -0.362796 0.777903 -0.513076
    outer loop
      vertex 73.8 66.6144 0.99
      vertex 73.7504 65.9383 0
      vertex 73.5472 66.4965 0.99
    endloop
  endfacet
  facet normal -0.775095 0.372046 -0.510695
    outer loop
      vertex 74.3856 67.2 0.99
      vertex 75.0617 67.2496 0
      vertex 75.0605 67.2471 0
    endloop
  endfacet
  facet normal -0.777903 0.362796 -0.513076
    outer loop
      vertex 75.0617 67.2496 0
      vertex 74.3856 67.2 0.99
      vertex 74.5035 67.4528 0.99
    endloop
  endfacet
  facet normal 0.362641 -0.777961 -0.513096
    outer loop
      vertex 72.2471 70.0605 0
      vertex 72.2 69.3856 0.99
      vertex 71.903 69.9001 0
    endloop
  endfacet
  facet normal 0.606958 0.606958 -0.513033
    outer loop
      vertex 71.5897 66.3193 0
      vertex 71.7743 66.9715 0.99
      vertex 71.9715 66.7743 0.99
    endloop
  endfacet
  facet normal 0.606958 0.606958 -0.513033
    outer loop
      vertex 71.7743 66.9715 0.99
      vertex 71.5897 66.3193 0
      vertex 71.3193 66.5897 0
    endloop
  endfacet
  facet normal 0.222247 0.829073 -0.513074
    outer loop
      vertex 72.7222 66.4243 0.99
      vertex 72.619 65.8393 0
      vertex 72.2523 65.9376 0
    endloop
  endfacet
  facet normal -0.704317 -0.489959 -0.51369
    outer loop
      vertex 74.9001 69.097 0
      vertex 74.2257 69.0285 0.99
      vertex 74.8985 69.0993 0
    endloop
  endfacet
  facet normal -0.70324 -0.492114 -0.513106
    outer loop
      vertex 74.2257 69.0285 0.99
      vertex 74.9001 69.097 0
      vertex 74.3856 68.8 0.99
    endloop
  endfacet
  facet normal -0.362641 -0.777961 -0.513096
    outer loop
      vertex 74.097 69.9001 0
      vertex 73.8 69.3856 0.99
      vertex 73.7529 70.0605 0
    endloop
  endfacet
  facet normal -0.703096 0.492393 -0.513035
    outer loop
      vertex 74.8985 66.9007 0
      vertex 74.6807 66.5897 0
      vertex 74.2257 66.9715 0.99
    endloop
  endfacet
  facet normal -0.362796 -0.777903 -0.513076
    outer loop
      vertex 73.7504 70.0617 0
      vertex 73.8 69.3856 0.99
      vertex 73.5472 69.5035 0.99
    endloop
  endfacet
  facet normal -0.372046 -0.775095 -0.510695
    outer loop
      vertex 73.8 69.3856 0.99
      vertex 73.7504 70.0617 0
      vertex 73.7529 70.0605 0
    endloop
  endfacet
  facet normal -0.606958 0.606958 -0.513033
    outer loop
      vertex 74.4103 66.3193 0
      vertex 74.2257 66.9715 0.99
      vertex 74.6807 66.5897 0
    endloop
  endfacet
  facet normal -0.606958 0.606958 -0.513033
    outer loop
      vertex 74.2257 66.9715 0.99
      vertex 74.4103 66.3193 0
      vertex 74.0285 66.7743 0.99
    endloop
  endfacet
  facet normal 0.829073 0.222247 -0.513074
    outer loop
      vertex 71.4243 67.7222 0.99
      vertex 70.9376 67.2523 0
      vertex 70.8393 67.619 0
    endloop
  endfacet
  facet normal 0.855076 0.0748361 -0.513073
    outer loop
      vertex 71.4243 67.7222 0.99
      vertex 70.8393 67.619 0
      vertex 70.8062 67.9972 0
    endloop
  endfacet
  facet normal -0.492114 -0.70324 -0.513106
    outer loop
      vertex 74.097 69.9001 0
      vertex 74.0285 69.2257 0.99
      vertex 73.8 69.3856 0.99
    endloop
  endfacet
  facet normal -0.489959 -0.704317 -0.51369
    outer loop
      vertex 74.0285 69.2257 0.99
      vertex 74.097 69.9001 0
      vertex 74.0993 69.8985 0
    endloop
  endfacet
  facet normal -0.777961 -0.362641 -0.513096
    outer loop
      vertex 74.9001 69.097 0
      vertex 75.0605 68.7529 0
      vertex 74.3856 68.8 0.99
    endloop
  endfacet
  facet normal -0.829073 -0.222247 -0.513074
    outer loop
      vertex 75.0624 68.7477 0
      vertex 75.1607 68.381 0
      vertex 74.5757 68.2778 0.99
    endloop
  endfacet
  facet normal 0.362796 0.777903 -0.513076
    outer loop
      vertex 72.2496 65.9383 0
      vertex 72.2 66.6144 0.99
      vertex 72.4528 66.4965 0.99
    endloop
  endfacet
  facet normal 0.372046 0.775095 -0.510695
    outer loop
      vertex 72.2 66.6144 0.99
      vertex 72.2496 65.9383 0
      vertex 72.2471 65.9395 0
    endloop
  endfacet
  facet normal -0.703096 -0.492393 -0.513035
    outer loop
      vertex 74.6807 69.4103 0
      vertex 74.8985 69.0993 0
      vertex 74.2257 69.0285 0.99
    endloop
  endfacet
  facet normal -0.362641 0.777961 -0.513096
    outer loop
      vertex 73.8 66.6144 0.99
      vertex 74.097 66.0999 0
      vertex 73.7529 65.9395 0
    endloop
  endfacet
  facet normal 0.222247 -0.829073 -0.513074
    outer loop
      vertex 72.619 70.1607 0
      vertex 72.7222 69.5757 0.99
      vertex 72.2523 70.0624 0
    endloop
  endfacet
  facet normal 0.492114 0.70324 -0.513106
    outer loop
      vertex 71.903 66.0999 0
      vertex 71.9715 66.7743 0.99
      vertex 72.2 66.6144 0.99
    endloop
  endfacet
  facet normal 0.489959 0.704317 -0.51369
    outer loop
      vertex 71.9715 66.7743 0.99
      vertex 71.903 66.0999 0
      vertex 71.9007 66.1015 0
    endloop
  endfacet
  facet normal -0.829073 0.222247 -0.513074
    outer loop
      vertex 75.1607 67.619 0
      vertex 75.0624 67.2523 0
      vertex 74.5757 67.7222 0.99
    endloop
  endfacet
  facet normal 0.0748361 -0.855076 -0.513073
    outer loop
      vertex 72.9972 70.1938 0
      vertex 72.7222 69.5757 0.99
      vertex 72.619 70.1607 0
    endloop
  endfacet
  facet normal -0.777961 0.362641 -0.513096
    outer loop
      vertex 75.0605 67.2471 0
      vertex 74.9001 66.903 0
      vertex 74.3856 67.2 0.99
    endloop
  endfacet
  facet normal -0.492393 -0.703096 -0.513035
    outer loop
      vertex 74.0993 69.8985 0
      vertex 74.4103 69.6807 0
      vertex 74.0285 69.2257 0.99
    endloop
  endfacet
  facet normal 0.362641 0.777961 -0.513096
    outer loop
      vertex 72.2 66.6144 0.99
      vertex 72.2471 65.9395 0
      vertex 71.903 66.0999 0
    endloop
  endfacet
  facet normal -0.855076 0.0748361 -0.513073
    outer loop
      vertex 75.1938 67.9972 0
      vertex 75.1607 67.619 0
      vertex 74.5757 67.7222 0.99
    endloop
  endfacet
  facet normal -0.855889 0.0611349 -0.513533
    outer loop
      vertex 75.1938 67.9972 0
      vertex 74.6 68 0.99
      vertex 75.194 68 0
    endloop
  endfacet
  facet normal -0.855074 0.0747959 -0.513083
    outer loop
      vertex 74.6 68 0.99
      vertex 75.1938 67.9972 0
      vertex 74.5757 67.7222 0.99
    endloop
  endfacet
  facet normal 0.70324 0.492114 -0.513106
    outer loop
      vertex 71.7743 66.9715 0.99
      vertex 71.0999 66.903 0
      vertex 71.6144 67.2 0.99
    endloop
  endfacet
  facet normal 0.704317 0.489959 -0.51369
    outer loop
      vertex 71.0999 66.903 0
      vertex 71.7743 66.9715 0.99
      vertex 71.1015 66.9007 0
    endloop
  endfacet
  facet normal -0.0748361 -0.855076 -0.513073
    outer loop
      vertex 73.381 70.1607 0
      vertex 73.2778 69.5757 0.99
      vertex 73.0028 70.1938 0
    endloop
  endfacet
  facet normal -0.222199 -0.829093 -0.513062
    outer loop
      vertex 73.7477 70.0624 0
      vertex 73.5472 69.5035 0.99
      vertex 73.2778 69.5757 0.99
    endloop
  endfacet
  facet normal -0.215454 -0.831037 -0.512793
    outer loop
      vertex 73.5472 69.5035 0.99
      vertex 73.7477 70.0624 0
      vertex 73.7504 70.0617 0
    endloop
  endfacet
  facet normal 0.829093 0.222199 -0.513062
    outer loop
      vertex 71.4965 67.4528 0.99
      vertex 70.9376 67.2523 0
      vertex 71.4243 67.7222 0.99
    endloop
  endfacet
  facet normal 0.831037 0.215454 -0.512793
    outer loop
      vertex 70.9376 67.2523 0
      vertex 71.4965 67.4528 0.99
      vertex 70.9383 67.2496 0
    endloop
  endfacet
  facet normal 0.775095 -0.372046 -0.510695
    outer loop
      vertex 71.6144 68.8 0.99
      vertex 70.9383 68.7504 0
      vertex 70.9395 68.7529 0
    endloop
  endfacet
  facet normal 0.777903 -0.362796 -0.513076
    outer loop
      vertex 70.9383 68.7504 0
      vertex 71.6144 68.8 0.99
      vertex 71.4965 68.5472 0.99
    endloop
  endfacet
  facet normal 0.829073 -0.222247 -0.513074
    outer loop
      vertex 70.9376 68.7477 0
      vertex 71.4243 68.2778 0.99
      vertex 70.8393 68.381 0
    endloop
  endfacet
  facet normal -0.0747959 0.855074 -0.513083
    outer loop
      vertex 73.0028 65.8062 0
      vertex 73 66.4 0.99
      vertex 73.2778 66.4243 0.99
    endloop
  endfacet
  facet normal -0.0611349 0.855889 -0.513533
    outer loop
      vertex 73 66.4 0.99
      vertex 73.0028 65.8062 0
      vertex 73 65.806 0
    endloop
  endfacet
  facet normal 0.777961 0.362641 -0.513096
    outer loop
      vertex 71.6144 67.2 0.99
      vertex 71.0999 66.903 0
      vertex 70.9395 67.2471 0
    endloop
  endfacet
  facet normal -0.70324 0.492114 -0.513106
    outer loop
      vertex 74.9001 66.903 0
      vertex 74.2257 66.9715 0.99
      vertex 74.3856 67.2 0.99
    endloop
  endfacet
  facet normal -0.704317 0.489959 -0.51369
    outer loop
      vertex 74.2257 66.9715 0.99
      vertex 74.9001 66.903 0
      vertex 74.8985 66.9007 0
    endloop
  endfacet
  facet normal -0.492393 0.703096 -0.513035
    outer loop
      vertex 74.4103 66.3193 0
      vertex 74.0993 66.1015 0
      vertex 74.0285 66.7743 0.99
    endloop
  endfacet
  facet normal -0.489959 0.704317 -0.51369
    outer loop
      vertex 74.097 66.0999 0
      vertex 74.0285 66.7743 0.99
      vertex 74.0993 66.1015 0
    endloop
  endfacet
  facet normal -0.492114 0.70324 -0.513106
    outer loop
      vertex 74.0285 66.7743 0.99
      vertex 74.097 66.0999 0
      vertex 73.8 66.6144 0.99
    endloop
  endfacet
  facet normal -0.215454 0.831037 -0.512793
    outer loop
      vertex 73.7477 65.9376 0
      vertex 73.5472 66.4965 0.99
      vertex 73.7504 65.9383 0
    endloop
  endfacet
  facet normal -0.222199 0.829093 -0.513062
    outer loop
      vertex 73.5472 66.4965 0.99
      vertex 73.7477 65.9376 0
      vertex 73.2778 66.4243 0.99
    endloop
  endfacet
  facet normal -0.0748361 0.855076 -0.513073
    outer loop
      vertex 73.2778 66.4243 0.99
      vertex 73.381 65.8393 0
      vertex 73.0028 65.8062 0
    endloop
  endfacet
  facet normal -0.222247 -0.829073 -0.513074
    outer loop
      vertex 73.381 70.1607 0
      vertex 73.7477 70.0624 0
      vertex 73.2778 69.5757 0.99
    endloop
  endfacet
  facet normal 0.703096 -0.492393 -0.513035
    outer loop
      vertex 71.3193 69.4103 0
      vertex 71.7743 69.0285 0.99
      vertex 71.1015 69.0993 0
    endloop
  endfacet
  facet normal 0.0611349 0.855889 -0.513533
    outer loop
      vertex 72.9972 65.8062 0
      vertex 73 66.4 0.99
      vertex 73 65.806 0
    endloop
  endfacet
  facet normal 0.0747959 0.855074 -0.513083
    outer loop
      vertex 73 66.4 0.99
      vertex 72.9972 65.8062 0
      vertex 72.7222 66.4243 0.99
    endloop
  endfacet
  facet normal -0.0611349 -0.855889 -0.513533
    outer loop
      vertex 73.0028 70.1938 0
      vertex 73 69.6 0.99
      vertex 73 70.194 0
    endloop
  endfacet
  facet normal -0.0747959 -0.855074 -0.513083
    outer loop
      vertex 73 69.6 0.99
      vertex 73.0028 70.1938 0
      vertex 73.2778 69.5757 0.99
    endloop
  endfacet
  facet normal 0.606958 -0.606958 -0.513033
    outer loop
      vertex 71.5897 69.6807 0
      vertex 71.7743 69.0285 0.99
      vertex 71.3193 69.4103 0
    endloop
  endfacet
  facet normal 0.606958 -0.606958 -0.513033
    outer loop
      vertex 71.7743 69.0285 0.99
      vertex 71.5897 69.6807 0
      vertex 71.9715 69.2257 0.99
    endloop
  endfacet
  facet normal 0.492393 -0.703096 -0.513035
    outer loop
      vertex 71.9007 69.8985 0
      vertex 71.9715 69.2257 0.99
      vertex 71.5897 69.6807 0
    endloop
  endfacet
  facet normal 0.831037 -0.215454 -0.512793
    outer loop
      vertex 71.4965 68.5472 0.99
      vertex 70.9376 68.7477 0
      vertex 70.9383 68.7504 0
    endloop
  endfacet
  facet normal 0.829093 -0.222199 -0.513062
    outer loop
      vertex 70.9376 68.7477 0
      vertex 71.4965 68.5472 0.99
      vertex 71.4243 68.2778 0.99
    endloop
  endfacet
  facet normal 0.222199 0.829093 -0.513062
    outer loop
      vertex 72.2523 65.9376 0
      vertex 72.4528 66.4965 0.99
      vertex 72.7222 66.4243 0.99
    endloop
  endfacet
  facet normal 0.215454 0.831037 -0.512793
    outer loop
      vertex 72.4528 66.4965 0.99
      vertex 72.2523 65.9376 0
      vertex 72.2496 65.9383 0
    endloop
  endfacet
  facet normal 0.372046 -0.775095 -0.510695
    outer loop
      vertex 72.2496 70.0617 0
      vertex 72.2 69.3856 0.99
      vertex 72.2471 70.0605 0
    endloop
  endfacet
  facet normal 0.362796 -0.777903 -0.513076
    outer loop
      vertex 72.2 69.3856 0.99
      vertex 72.2496 70.0617 0
      vertex 72.4528 69.5035 0.99
    endloop
  endfacet
  facet normal 0.489959 -0.704317 -0.51369
    outer loop
      vertex 71.903 69.9001 0
      vertex 71.9715 69.2257 0.99
      vertex 71.9007 69.8985 0
    endloop
  endfacet
  facet normal 0.492114 -0.70324 -0.513106
    outer loop
      vertex 71.9715 69.2257 0.99
      vertex 71.903 69.9001 0
      vertex 72.2 69.3856 0.99
    endloop
  endfacet
  facet normal -0.829093 0.222199 -0.513062
    outer loop
      vertex 75.0624 67.2523 0
      vertex 74.5035 67.4528 0.99
      vertex 74.5757 67.7222 0.99
    endloop
  endfacet
  facet normal -0.831037 0.215454 -0.512793
    outer loop
      vertex 74.5035 67.4528 0.99
      vertex 75.0624 67.2523 0
      vertex 75.0617 67.2496 0
    endloop
  endfacet
  facet normal 0.215454 -0.831037 -0.512793
    outer loop
      vertex 72.2523 70.0624 0
      vertex 72.4528 69.5035 0.99
      vertex 72.2496 70.0617 0
    endloop
  endfacet
  facet normal 0.222199 -0.829093 -0.513062
    outer loop
      vertex 72.4528 69.5035 0.99
      vertex 72.2523 70.0624 0
      vertex 72.7222 69.5757 0.99
    endloop
  endfacet
  facet normal 0.855074 -0.0747959 -0.513083
    outer loop
      vertex 71.4 68 0.99
      vertex 70.8062 68.0028 0
      vertex 71.4243 68.2778 0.99
    endloop
  endfacet
  facet normal 0.855889 -0.0611349 -0.513533
    outer loop
      vertex 70.8062 68.0028 0
      vertex 71.4 68 0.99
      vertex 70.806 68 0
    endloop
  endfacet
  facet normal 0.855889 0.0611349 -0.513533
    outer loop
      vertex 71.4 68 0.99
      vertex 70.8062 67.9972 0
      vertex 70.806 68 0
    endloop
  endfacet
  facet normal 0.855074 0.0747959 -0.513083
    outer loop
      vertex 70.8062 67.9972 0
      vertex 71.4 68 0.99
      vertex 71.4243 67.7222 0.99
    endloop
  endfacet
  facet normal 0.777961 -0.362641 -0.513096
    outer loop
      vertex 71.0999 69.097 0
      vertex 71.6144 68.8 0.99
      vertex 70.9395 68.7529 0
    endloop
  endfacet
  facet normal 0.704317 -0.489959 -0.51369
    outer loop
      vertex 71.7743 69.0285 0.99
      vertex 71.0999 69.097 0
      vertex 71.1015 69.0993 0
    endloop
  endfacet
  facet normal 0.70324 -0.492114 -0.513106
    outer loop
      vertex 71.0999 69.097 0
      vertex 71.7743 69.0285 0.99
      vertex 71.6144 68.8 0.99
    endloop
  endfacet
  facet normal 0.258868 -0.965913 0
    outer loop
      vertex 12.4528 14.5035 0
      vertex 12.7222 14.5757 8.3
      vertex 12.4528 14.5035 8.3
    endloop
  endfacet
  facet normal 0.258868 -0.965913 0
    outer loop
      vertex 12.7222 14.5757 8.3
      vertex 12.4528 14.5035 0
      vertex 12.7222 14.5757 0
    endloop
  endfacet
  facet normal -0.965913 -0.258868 0
    outer loop
      vertex 14.5757 13.2778 0
      vertex 14.5035 13.5472 8.3
      vertex 14.5035 13.5472 0
    endloop
  endfacet
  facet normal -0.965913 -0.258868 0
    outer loop
      vertex 14.5035 13.5472 8.3
      vertex 14.5757 13.2778 0
      vertex 14.5757 13.2778 8.3
    endloop
  endfacet
  facet normal -0.996196 -0.0871403 0
    outer loop
      vertex 14.6 13 0
      vertex 14.5757 13.2778 8.3
      vertex 14.5757 13.2778 0
    endloop
  endfacet
  facet normal -0.996196 -0.0871403 0
    outer loop
      vertex 14.5757 13.2778 8.3
      vertex 14.6 13 0
      vertex 14.6 13 8.3
    endloop
  endfacet
  facet normal -0.906284 -0.42267 0
    outer loop
      vertex 14.5035 13.5472 0
      vertex 14.3856 13.8 8.3
      vertex 14.3856 13.8 0
    endloop
  endfacet
  facet normal -0.906284 -0.42267 0
    outer loop
      vertex 14.3856 13.8 8.3
      vertex 14.5035 13.5472 0
      vertex 14.5035 13.5472 8.3
    endloop
  endfacet
  facet normal 0.906284 0.42267 0
    outer loop
      vertex 11.6144 12.2 8.3
      vertex 11.4965 12.4528 0
      vertex 11.4965 12.4528 8.3
    endloop
  endfacet
  facet normal 0.906284 0.42267 0
    outer loop
      vertex 11.4965 12.4528 0
      vertex 11.6144 12.2 8.3
      vertex 11.6144 12.2 0
    endloop
  endfacet
  facet normal -0.906284 0.42267 0
    outer loop
      vertex 14.3856 12.2 0
      vertex 14.5035 12.4528 8.3
      vertex 14.5035 12.4528 0
    endloop
  endfacet
  facet normal -0.906284 0.42267 0
    outer loop
      vertex 14.5035 12.4528 8.3
      vertex 14.3856 12.2 0
      vertex 14.3856 12.2 8.3
    endloop
  endfacet
  facet normal -0.819316 0.573342 0
    outer loop
      vertex 14.2257 11.9715 0
      vertex 14.3856 12.2 8.3
      vertex 14.3856 12.2 0
    endloop
  endfacet
  facet normal -0.819316 0.573342 0
    outer loop
      vertex 14.3856 12.2 8.3
      vertex 14.2257 11.9715 0
      vertex 14.2257 11.9715 8.3
    endloop
  endfacet
  facet normal -0.996196 0.0871403 0
    outer loop
      vertex 14.5757 12.7222 0
      vertex 14.6 13 8.3
      vertex 14.6 13 0
    endloop
  endfacet
  facet normal -0.996196 0.0871403 0
    outer loop
      vertex 14.6 13 8.3
      vertex 14.5757 12.7222 0
      vertex 14.5757 12.7222 8.3
    endloop
  endfacet
  facet normal -0.819316 -0.573342 0
    outer loop
      vertex 14.3856 13.8 0
      vertex 14.2257 14.0285 8.3
      vertex 14.2257 14.0285 0
    endloop
  endfacet
  facet normal -0.819316 -0.573342 0
    outer loop
      vertex 14.2257 14.0285 8.3
      vertex 14.3856 13.8 0
      vertex 14.3856 13.8 8.3
    endloop
  endfacet
  facet normal -0.707107 0.707107 0
    outer loop
      vertex 14.0285 11.7743 0
      vertex 14.2257 11.9715 8.3
      vertex 14.2257 11.9715 0
    endloop
  endfacet
  facet normal -0.707107 0.707107 0
    outer loop
      vertex 14.2257 11.9715 8.3
      vertex 14.0285 11.7743 0
      vertex 14.0285 11.7743 8.3
    endloop
  endfacet
  facet normal 0.707107 -0.707107 0
    outer loop
      vertex 11.7743 14.0285 8.3
      vertex 11.9715 14.2257 0
      vertex 11.9715 14.2257 8.3
    endloop
  endfacet
  facet normal 0.707107 -0.707107 0
    outer loop
      vertex 11.9715 14.2257 0
      vertex 11.7743 14.0285 8.3
      vertex 11.7743 14.0285 0
    endloop
  endfacet
  facet normal 0.0871403 -0.996196 0
    outer loop
      vertex 12.7222 14.5757 0
      vertex 13 14.6 8.3
      vertex 12.7222 14.5757 8.3
    endloop
  endfacet
  facet normal 0.0871403 -0.996196 0
    outer loop
      vertex 13 14.6 8.3
      vertex 12.7222 14.5757 0
      vertex 13 14.6 0
    endloop
  endfacet
  facet normal 0.573342 -0.819316 0
    outer loop
      vertex 11.9715 14.2257 0
      vertex 12.2 14.3856 8.3
      vertex 11.9715 14.2257 8.3
    endloop
  endfacet
  facet normal 0.573342 -0.819316 0
    outer loop
      vertex 12.2 14.3856 8.3
      vertex 11.9715 14.2257 0
      vertex 12.2 14.3856 0
    endloop
  endfacet
  facet normal 0.42267 -0.906284 0
    outer loop
      vertex 12.2 14.3856 0
      vertex 12.4528 14.5035 8.3
      vertex 12.2 14.3856 8.3
    endloop
  endfacet
  facet normal 0.42267 -0.906284 0
    outer loop
      vertex 12.4528 14.5035 8.3
      vertex 12.2 14.3856 0
      vertex 12.4528 14.5035 0
    endloop
  endfacet
  facet normal -0.42267 0.906284 0
    outer loop
      vertex 13.8 11.6144 0
      vertex 13.5472 11.4965 8.3
      vertex 13.8 11.6144 8.3
    endloop
  endfacet
  facet normal -0.42267 0.906284 0
    outer loop
      vertex 13.5472 11.4965 8.3
      vertex 13.8 11.6144 0
      vertex 13.5472 11.4965 0
    endloop
  endfacet
  facet normal 0.996196 0.0871403 0
    outer loop
      vertex 11.4243 12.7222 8.3
      vertex 11.4 13 0
      vertex 11.4 13 8.3
    endloop
  endfacet
  facet normal 0.996196 0.0871403 0
    outer loop
      vertex 11.4 13 0
      vertex 11.4243 12.7222 8.3
      vertex 11.4243 12.7222 0
    endloop
  endfacet
  facet normal -0.258868 -0.965913 0
    outer loop
      vertex 13.2778 14.5757 0
      vertex 13.5472 14.5035 8.3
      vertex 13.2778 14.5757 8.3
    endloop
  endfacet
  facet normal -0.258868 -0.965913 -0
    outer loop
      vertex 13.5472 14.5035 8.3
      vertex 13.2778 14.5757 0
      vertex 13.5472 14.5035 0
    endloop
  endfacet
  facet normal -0.573342 0.819316 0
    outer loop
      vertex 14.0285 11.7743 0
      vertex 13.8 11.6144 8.3
      vertex 14.0285 11.7743 8.3
    endloop
  endfacet
  facet normal -0.573342 0.819316 0
    outer loop
      vertex 13.8 11.6144 8.3
      vertex 14.0285 11.7743 0
      vertex 13.8 11.6144 0
    endloop
  endfacet
  facet normal 0.965913 -0.258868 0
    outer loop
      vertex 11.4243 13.2778 8.3
      vertex 11.4965 13.5472 0
      vertex 11.4965 13.5472 8.3
    endloop
  endfacet
  facet normal 0.965913 -0.258868 0
    outer loop
      vertex 11.4965 13.5472 0
      vertex 11.4243 13.2778 8.3
      vertex 11.4243 13.2778 0
    endloop
  endfacet
  facet normal 0.819316 -0.573342 0
    outer loop
      vertex 11.6144 13.8 8.3
      vertex 11.7743 14.0285 0
      vertex 11.7743 14.0285 8.3
    endloop
  endfacet
  facet normal 0.819316 -0.573342 0
    outer loop
      vertex 11.7743 14.0285 0
      vertex 11.6144 13.8 8.3
      vertex 11.6144 13.8 0
    endloop
  endfacet
  facet normal 0.819316 0.573342 0
    outer loop
      vertex 11.7743 11.9715 8.3
      vertex 11.6144 12.2 0
      vertex 11.6144 12.2 8.3
    endloop
  endfacet
  facet normal 0.819316 0.573342 0
    outer loop
      vertex 11.6144 12.2 0
      vertex 11.7743 11.9715 8.3
      vertex 11.7743 11.9715 0
    endloop
  endfacet
  facet normal -0.258868 0.965913 0
    outer loop
      vertex 13.5472 11.4965 0
      vertex 13.2778 11.4243 8.3
      vertex 13.5472 11.4965 8.3
    endloop
  endfacet
  facet normal -0.258868 0.965913 0
    outer loop
      vertex 13.2778 11.4243 8.3
      vertex 13.5472 11.4965 0
      vertex 13.2778 11.4243 0
    endloop
  endfacet
  facet normal -0.707107 -0.707107 0
    outer loop
      vertex 14.2257 14.0285 0
      vertex 14.0285 14.2257 8.3
      vertex 14.0285 14.2257 0
    endloop
  endfacet
  facet normal -0.707107 -0.707107 0
    outer loop
      vertex 14.0285 14.2257 8.3
      vertex 14.2257 14.0285 0
      vertex 14.2257 14.0285 8.3
    endloop
  endfacet
  facet normal -0.965913 0.258868 0
    outer loop
      vertex 14.5035 12.4528 0
      vertex 14.5757 12.7222 8.3
      vertex 14.5757 12.7222 0
    endloop
  endfacet
  facet normal -0.965913 0.258868 0
    outer loop
      vertex 14.5757 12.7222 8.3
      vertex 14.5035 12.4528 0
      vertex 14.5035 12.4528 8.3
    endloop
  endfacet
  facet normal -0.573342 -0.819316 0
    outer loop
      vertex 13.8 14.3856 0
      vertex 14.0285 14.2257 8.3
      vertex 13.8 14.3856 8.3
    endloop
  endfacet
  facet normal -0.573342 -0.819316 -0
    outer loop
      vertex 14.0285 14.2257 8.3
      vertex 13.8 14.3856 0
      vertex 14.0285 14.2257 0
    endloop
  endfacet
  facet normal 0.707107 0.707107 0
    outer loop
      vertex 11.9715 11.7743 8.3
      vertex 11.7743 11.9715 0
      vertex 11.7743 11.9715 8.3
    endloop
  endfacet
  facet normal 0.707107 0.707107 0
    outer loop
      vertex 11.7743 11.9715 0
      vertex 11.9715 11.7743 8.3
      vertex 11.9715 11.7743 0
    endloop
  endfacet
  facet normal 0.906284 -0.42267 0
    outer loop
      vertex 11.4965 13.5472 8.3
      vertex 11.6144 13.8 0
      vertex 11.6144 13.8 8.3
    endloop
  endfacet
  facet normal 0.906284 -0.42267 0
    outer loop
      vertex 11.6144 13.8 0
      vertex 11.4965 13.5472 8.3
      vertex 11.4965 13.5472 0
    endloop
  endfacet
  facet normal 0.573342 0.819316 -0
    outer loop
      vertex 12.2 11.6144 0
      vertex 11.9715 11.7743 8.3
      vertex 12.2 11.6144 8.3
    endloop
  endfacet
  facet normal 0.573342 0.819316 0
    outer loop
      vertex 11.9715 11.7743 8.3
      vertex 12.2 11.6144 0
      vertex 11.9715 11.7743 0
    endloop
  endfacet
  facet normal -0.0871403 0.996196 0
    outer loop
      vertex 13.2778 11.4243 0
      vertex 13 11.4 8.3
      vertex 13.2778 11.4243 8.3
    endloop
  endfacet
  facet normal -0.0871403 0.996196 0
    outer loop
      vertex 13 11.4 8.3
      vertex 13.2778 11.4243 0
      vertex 13 11.4 0
    endloop
  endfacet
  facet normal -0.0871403 -0.996196 0
    outer loop
      vertex 13 14.6 0
      vertex 13.2778 14.5757 8.3
      vertex 13 14.6 8.3
    endloop
  endfacet
  facet normal -0.0871403 -0.996196 -0
    outer loop
      vertex 13.2778 14.5757 8.3
      vertex 13 14.6 0
      vertex 13.2778 14.5757 0
    endloop
  endfacet
  facet normal -0.42267 -0.906284 0
    outer loop
      vertex 13.5472 14.5035 0
      vertex 13.8 14.3856 8.3
      vertex 13.5472 14.5035 8.3
    endloop
  endfacet
  facet normal -0.42267 -0.906284 -0
    outer loop
      vertex 13.8 14.3856 8.3
      vertex 13.5472 14.5035 0
      vertex 13.8 14.3856 0
    endloop
  endfacet
  facet normal 0.0871403 0.996196 -0
    outer loop
      vertex 13 11.4 0
      vertex 12.7222 11.4243 8.3
      vertex 13 11.4 8.3
    endloop
  endfacet
  facet normal 0.0871403 0.996196 0
    outer loop
      vertex 12.7222 11.4243 8.3
      vertex 13 11.4 0
      vertex 12.7222 11.4243 0
    endloop
  endfacet
  facet normal 0.258868 0.965913 -0
    outer loop
      vertex 12.7222 11.4243 0
      vertex 12.4528 11.4965 8.3
      vertex 12.7222 11.4243 8.3
    endloop
  endfacet
  facet normal 0.258868 0.965913 0
    outer loop
      vertex 12.4528 11.4965 8.3
      vertex 12.7222 11.4243 0
      vertex 12.4528 11.4965 0
    endloop
  endfacet
  facet normal 0.996196 -0.0871403 0
    outer loop
      vertex 11.4 13 8.3
      vertex 11.4243 13.2778 0
      vertex 11.4243 13.2778 8.3
    endloop
  endfacet
  facet normal 0.996196 -0.0871403 0
    outer loop
      vertex 11.4243 13.2778 0
      vertex 11.4 13 8.3
      vertex 11.4 13 0
    endloop
  endfacet
  facet normal 0.965913 0.258868 0
    outer loop
      vertex 11.4965 12.4528 8.3
      vertex 11.4243 12.7222 0
      vertex 11.4243 12.7222 8.3
    endloop
  endfacet
  facet normal 0.965913 0.258868 0
    outer loop
      vertex 11.4243 12.7222 0
      vertex 11.4965 12.4528 8.3
      vertex 11.4965 12.4528 0
    endloop
  endfacet
  facet normal 0.42267 0.906284 -0
    outer loop
      vertex 12.4528 11.4965 0
      vertex 12.2 11.6144 8.3
      vertex 12.4528 11.4965 8.3
    endloop
  endfacet
  facet normal 0.42267 0.906284 0
    outer loop
      vertex 12.2 11.6144 8.3
      vertex 12.4528 11.4965 0
      vertex 12.2 11.6144 0
    endloop
  endfacet
  facet normal -0.745809 -0.0652382 0.662957
    outer loop
      vertex 14.6 13 8.3
      vertex 16.1098 13.0154 10
      vertex 14.5757 13.2778 8.3
    endloop
  endfacet
  facet normal -0.745929 -0.062968 0.663043
    outer loop
      vertex 16.1098 13.0154 10
      vertex 14.6 13 8.3
      vertex 16.1111 13 10
    endloop
  endfacet
  facet normal -0.61159 -0.431996 0.662826
    outer loop
      vertex 15.6854 14.5682 10
      vertex 14.3856 13.8 8.3
      vertex 15.6943 14.5556 10
    endloop
  endfacet
  facet normal -0.613389 -0.429238 0.662955
    outer loop
      vertex 14.3856 13.8 8.3
      vertex 15.6854 14.5682 10
      vertex 14.2257 14.0285 8.3
    endloop
  endfacet
  facet normal -0.613291 0.429418 0.662928
    outer loop
      vertex 15.3832 11.0002 10
      vertex 15.6854 11.4318 10
      vertex 14.2257 11.9715 8.3
    endloop
  endfacet
  facet normal -0.193757 0.723159 0.662948
    outer loop
      vertex 13.5402 9.93615 10
      vertex 14.0491 10.0725 10
      vertex 13.2778 11.4243 8.3
    endloop
  endfacet
  facet normal 0.316434 0.678495 0.662958
    outer loop
      vertex 12.2 11.6144 8.3
      vertex 11.9359 10.0765 10
      vertex 12.4528 11.4965 8.3
    endloop
  endfacet
  facet normal 0.316406 0.678505 0.662962
    outer loop
      vertex 11.9359 10.0765 10
      vertex 12.2 11.6144 8.3
      vertex 11.4444 10.3057 10
    endloop
  endfacet
  facet normal 0.0652449 0.745818 0.662947
    outer loop
      vertex 12.9846 9.89024 10
      vertex 12.7222 11.4243 8.3
      vertex 12.4598 9.93615 10
    endloop
  endfacet
  facet normal -0.429418 -0.613291 0.662928
    outer loop
      vertex 14.9998 15.3832 10
      vertex 14.5682 15.6854 10
      vertex 14.0285 14.2257 8.3
    endloop
  endfacet
  facet normal -0.529398 -0.529398 0.66293
    outer loop
      vertex 14.9998 15.3832 10
      vertex 14.2257 14.0285 8.3
      vertex 15.3832 14.9998 10
    endloop
  endfacet
  facet normal -0.529398 -0.529398 0.66293
    outer loop
      vertex 14.2257 14.0285 8.3
      vertex 14.9998 15.3832 10
      vertex 14.0285 14.2257 8.3
    endloop
  endfacet
  facet normal -0.723184 -0.193692 0.662939
    outer loop
      vertex 16.0638 13.5402 10
      vertex 15.9275 14.0491 10
      vertex 14.5757 13.2778 8.3
    endloop
  endfacet
  facet normal 0.429418 -0.613291 0.662928
    outer loop
      vertex 11.9715 14.2257 8.3
      vertex 11.4318 15.6854 10
      vertex 11.0002 15.3832 10
    endloop
  endfacet
  facet normal -0.0652389 0.745818 0.662948
    outer loop
      vertex 13 11.4 8.3
      vertex 13.0154 9.89024 10
      vertex 13.2778 11.4243 8.3
    endloop
  endfacet
  facet normal -0.0653795 0.74581 0.662942
    outer loop
      vertex 13.0154 9.89024 10
      vertex 13 11.4 8.3
      vertex 13 9.88889 10
    endloop
  endfacet
  facet normal -0.19291 0.723412 0.662918
    outer loop
      vertex 13.5472 11.4965 8.3
      vertex 14.0491 10.0725 10
      vertex 14.0641 10.0765 10
    endloop
  endfacet
  facet normal -0.193804 0.72314 0.662954
    outer loop
      vertex 14.0491 10.0725 10
      vertex 13.5472 11.4965 8.3
      vertex 13.2778 11.4243 8.3
    endloop
  endfacet
  facet normal 0.431996 -0.61159 0.662826
    outer loop
      vertex 11.4318 15.6854 10
      vertex 12.2 14.3856 8.3
      vertex 11.4444 15.6943 10
    endloop
  endfacet
  facet normal 0.429238 -0.613389 0.662955
    outer loop
      vertex 12.2 14.3856 8.3
      vertex 11.4318 15.6854 10
      vertex 11.9715 14.2257 8.3
    endloop
  endfacet
  facet normal -0.678495 0.316434 0.662958
    outer loop
      vertex 14.3856 12.2 8.3
      vertex 15.9235 11.9359 10
      vertex 14.5035 12.4528 8.3
    endloop
  endfacet
  facet normal -0.678505 0.316406 0.662962
    outer loop
      vertex 15.9235 11.9359 10
      vertex 14.3856 12.2 8.3
      vertex 15.6943 11.4444 10
    endloop
  endfacet
  facet normal -0.745929 0.062968 0.663043
    outer loop
      vertex 14.6 13 8.3
      vertex 16.1098 12.9846 10
      vertex 16.1111 13 10
    endloop
  endfacet
  facet normal -0.745809 0.0652382 0.662957
    outer loop
      vertex 16.1098 12.9846 10
      vertex 14.6 13 8.3
      vertex 14.5757 12.7222 8.3
    endloop
  endfacet
  facet normal 0.745818 -0.0652449 0.662947
    outer loop
      vertex 11.4243 13.2778 8.3
      vertex 9.93615 13.5402 10
      vertex 9.89024 13.0154 10
    endloop
  endfacet
  facet normal -0.745813 -0.0653723 0.66294
    outer loop
      vertex 16.1098 13.0154 10
      vertex 16.0638 13.5402 10
      vertex 14.5757 13.2778 8.3
    endloop
  endfacet
  facet normal -0.72314 0.193804 0.662954
    outer loop
      vertex 14.5035 12.4528 8.3
      vertex 15.9275 11.9509 10
      vertex 14.5757 12.7222 8.3
    endloop
  endfacet
  facet normal -0.723412 0.19291 0.662918
    outer loop
      vertex 15.9275 11.9509 10
      vertex 14.5035 12.4528 8.3
      vertex 15.9235 11.9359 10
    endloop
  endfacet
  facet normal 0.723159 0.193757 0.662948
    outer loop
      vertex 10.0725 11.9509 10
      vertex 11.4243 12.7222 8.3
      vertex 9.93615 12.4598 10
    endloop
  endfacet
  facet normal 0.193757 0.723159 0.662948
    outer loop
      vertex 12.4598 9.93615 10
      vertex 12.7222 11.4243 8.3
      vertex 11.9509 10.0725 10
    endloop
  endfacet
  facet normal -0.193692 -0.723184 0.662939
    outer loop
      vertex 14.0491 15.9275 10
      vertex 13.5402 16.0638 10
      vertex 13.2778 14.5757 8.3
    endloop
  endfacet
  facet normal -0.429418 0.613291 0.662928
    outer loop
      vertex 14.5682 10.3146 10
      vertex 14.9998 10.6168 10
      vertex 14.0285 11.7743 8.3
    endloop
  endfacet
  facet normal 0.613389 -0.429238 0.662955
    outer loop
      vertex 10.3146 14.5682 10
      vertex 11.6144 13.8 8.3
      vertex 11.7743 14.0285 8.3
    endloop
  endfacet
  facet normal 0.61159 -0.431996 0.662826
    outer loop
      vertex 11.6144 13.8 8.3
      vertex 10.3146 14.5682 10
      vertex 10.3057 14.5556 10
    endloop
  endfacet
  facet normal -0.062968 -0.745929 0.663043
    outer loop
      vertex 13 14.6 8.3
      vertex 13.0154 16.1098 10
      vertex 13 16.1111 10
    endloop
  endfacet
  facet normal -0.0652382 -0.745809 0.662957
    outer loop
      vertex 13.0154 16.1098 10
      vertex 13 14.6 8.3
      vertex 13.2778 14.5757 8.3
    endloop
  endfacet
  facet normal -0.529398 0.529398 0.66293
    outer loop
      vertex 14.2257 11.9715 8.3
      vertex 14.9998 10.6168 10
      vertex 15.3832 11.0002 10
    endloop
  endfacet
  facet normal -0.529398 0.529398 0.66293
    outer loop
      vertex 14.9998 10.6168 10
      vertex 14.2257 11.9715 8.3
      vertex 14.0285 11.7743 8.3
    endloop
  endfacet
  facet normal -0.723184 0.193692 0.662939
    outer loop
      vertex 15.9275 11.9509 10
      vertex 16.0638 12.4598 10
      vertex 14.5757 12.7222 8.3
    endloop
  endfacet
  facet normal -0.316406 0.678505 0.662962
    outer loop
      vertex 13.8 11.6144 8.3
      vertex 14.0641 10.0765 10
      vertex 14.5556 10.3057 10
    endloop
  endfacet
  facet normal -0.316434 0.678495 0.662958
    outer loop
      vertex 14.0641 10.0765 10
      vertex 13.8 11.6144 8.3
      vertex 13.5472 11.4965 8.3
    endloop
  endfacet
  facet normal -0.431996 -0.61159 0.662826
    outer loop
      vertex 13.8 14.3856 8.3
      vertex 14.5682 15.6854 10
      vertex 14.5556 15.6943 10
    endloop
  endfacet
  facet normal -0.429238 -0.613389 0.662955
    outer loop
      vertex 14.5682 15.6854 10
      vertex 13.8 14.3856 8.3
      vertex 14.0285 14.2257 8.3
    endloop
  endfacet
  facet normal 0.316406 -0.678505 0.662962
    outer loop
      vertex 12.2 14.3856 8.3
      vertex 11.9359 15.9235 10
      vertex 11.4444 15.6943 10
    endloop
  endfacet
  facet normal 0.316434 -0.678495 0.662958
    outer loop
      vertex 11.9359 15.9235 10
      vertex 12.2 14.3856 8.3
      vertex 12.4528 14.5035 8.3
    endloop
  endfacet
  facet normal 0.193804 0.72314 0.662954
    outer loop
      vertex 12.4528 11.4965 8.3
      vertex 11.9509 10.0725 10
      vertex 12.7222 11.4243 8.3
    endloop
  endfacet
  facet normal 0.19291 0.723412 0.662918
    outer loop
      vertex 11.9509 10.0725 10
      vertex 12.4528 11.4965 8.3
      vertex 11.9359 10.0765 10
    endloop
  endfacet
  facet normal -0.745813 0.0653723 0.66294
    outer loop
      vertex 16.0638 12.4598 10
      vertex 16.1098 12.9846 10
      vertex 14.5757 12.7222 8.3
    endloop
  endfacet
  facet normal -0.61159 0.431996 0.662826
    outer loop
      vertex 14.3856 12.2 8.3
      vertex 15.6854 11.4318 10
      vertex 15.6943 11.4444 10
    endloop
  endfacet
  facet normal -0.613389 0.429238 0.662955
    outer loop
      vertex 15.6854 11.4318 10
      vertex 14.3856 12.2 8.3
      vertex 14.2257 11.9715 8.3
    endloop
  endfacet
  facet normal -0.316434 -0.678495 0.662958
    outer loop
      vertex 13.8 14.3856 8.3
      vertex 14.0641 15.9235 10
      vertex 13.5472 14.5035 8.3
    endloop
  endfacet
  facet normal -0.316406 -0.678505 0.662962
    outer loop
      vertex 14.0641 15.9235 10
      vertex 13.8 14.3856 8.3
      vertex 14.5556 15.6943 10
    endloop
  endfacet
  facet normal 0.678505 -0.316406 0.662962
    outer loop
      vertex 10.0765 14.0641 10
      vertex 11.6144 13.8 8.3
      vertex 10.3057 14.5556 10
    endloop
  endfacet
  facet normal 0.678495 -0.316434 0.662958
    outer loop
      vertex 11.6144 13.8 8.3
      vertex 10.0765 14.0641 10
      vertex 11.4965 13.5472 8.3
    endloop
  endfacet
  facet normal 0.723159 -0.193757 0.662948
    outer loop
      vertex 11.4243 13.2778 8.3
      vertex 10.0725 14.0491 10
      vertex 9.93615 13.5402 10
    endloop
  endfacet
  facet normal 0.74581 -0.0653795 0.662942
    outer loop
      vertex 11.4 13 8.3
      vertex 9.89024 13.0154 10
      vertex 9.88889 13 10
    endloop
  endfacet
  facet normal 0.745818 -0.0652389 0.662948
    outer loop
      vertex 9.89024 13.0154 10
      vertex 11.4 13 8.3
      vertex 11.4243 13.2778 8.3
    endloop
  endfacet
  facet normal -0.0652449 0.745818 0.662947
    outer loop
      vertex 13.5402 9.93615 10
      vertex 13.2778 11.4243 8.3
      vertex 13.0154 9.89024 10
    endloop
  endfacet
  facet normal 0.0652382 -0.745809 0.662957
    outer loop
      vertex 13 14.6 8.3
      vertex 12.9846 16.1098 10
      vertex 12.7222 14.5757 8.3
    endloop
  endfacet
  facet normal 0.062968 -0.745929 0.663043
    outer loop
      vertex 12.9846 16.1098 10
      vertex 13 14.6 8.3
      vertex 13 16.1111 10
    endloop
  endfacet
  facet normal 0.429238 0.613389 0.662955
    outer loop
      vertex 11.4318 10.3146 10
      vertex 12.2 11.6144 8.3
      vertex 11.9715 11.7743 8.3
    endloop
  endfacet
  facet normal 0.431996 0.61159 0.662826
    outer loop
      vertex 12.2 11.6144 8.3
      vertex 11.4318 10.3146 10
      vertex 11.4444 10.3057 10
    endloop
  endfacet
  facet normal 0.613389 0.429238 0.662955
    outer loop
      vertex 11.6144 12.2 8.3
      vertex 10.3146 11.4318 10
      vertex 11.7743 11.9715 8.3
    endloop
  endfacet
  facet normal 0.61159 0.431996 0.662826
    outer loop
      vertex 10.3146 11.4318 10
      vertex 11.6144 12.2 8.3
      vertex 10.3057 11.4444 10
    endloop
  endfacet
  facet normal -0.193804 -0.72314 0.662954
    outer loop
      vertex 13.5472 14.5035 8.3
      vertex 14.0491 15.9275 10
      vertex 13.2778 14.5757 8.3
    endloop
  endfacet
  facet normal -0.19291 -0.723412 0.662918
    outer loop
      vertex 14.0491 15.9275 10
      vertex 13.5472 14.5035 8.3
      vertex 14.0641 15.9235 10
    endloop
  endfacet
  facet normal 0.429418 0.613291 0.662928
    outer loop
      vertex 11.4318 10.3146 10
      vertex 11.9715 11.7743 8.3
      vertex 11.0002 10.6168 10
    endloop
  endfacet
  facet normal 0.529398 0.529398 0.66293
    outer loop
      vertex 11.7743 11.9715 8.3
      vertex 11.0002 10.6168 10
      vertex 11.9715 11.7743 8.3
    endloop
  endfacet
  facet normal 0.529398 0.529398 0.66293
    outer loop
      vertex 11.0002 10.6168 10
      vertex 11.7743 11.9715 8.3
      vertex 10.6168 11.0002 10
    endloop
  endfacet
  facet normal 0.613291 -0.429418 0.662928
    outer loop
      vertex 11.7743 14.0285 8.3
      vertex 10.6168 14.9998 10
      vertex 10.3146 14.5682 10
    endloop
  endfacet
  facet normal 0.529398 -0.529398 0.66293
    outer loop
      vertex 11.0002 15.3832 10
      vertex 11.7743 14.0285 8.3
      vertex 11.9715 14.2257 8.3
    endloop
  endfacet
  facet normal 0.529398 -0.529398 0.66293
    outer loop
      vertex 11.7743 14.0285 8.3
      vertex 11.0002 15.3832 10
      vertex 10.6168 14.9998 10
    endloop
  endfacet
  facet normal 0.745818 0.0652449 0.662947
    outer loop
      vertex 9.93615 12.4598 10
      vertex 11.4243 12.7222 8.3
      vertex 9.89024 12.9846 10
    endloop
  endfacet
  facet normal 0.74581 0.0653795 0.662942
    outer loop
      vertex 9.89024 12.9846 10
      vertex 11.4 13 8.3
      vertex 9.88889 13 10
    endloop
  endfacet
  facet normal 0.745818 0.0652389 0.662948
    outer loop
      vertex 11.4 13 8.3
      vertex 9.89024 12.9846 10
      vertex 11.4243 12.7222 8.3
    endloop
  endfacet
  facet normal 0.678495 0.316434 0.662958
    outer loop
      vertex 10.0765 11.9359 10
      vertex 11.6144 12.2 8.3
      vertex 11.4965 12.4528 8.3
    endloop
  endfacet
  facet normal 0.678505 0.316406 0.662962
    outer loop
      vertex 11.6144 12.2 8.3
      vertex 10.0765 11.9359 10
      vertex 10.3057 11.4444 10
    endloop
  endfacet
  facet normal -0.613291 -0.429418 0.662928
    outer loop
      vertex 15.6854 14.5682 10
      vertex 15.3832 14.9998 10
      vertex 14.2257 14.0285 8.3
    endloop
  endfacet
  facet normal -0.429238 0.613389 0.662955
    outer loop
      vertex 13.8 11.6144 8.3
      vertex 14.5682 10.3146 10
      vertex 14.0285 11.7743 8.3
    endloop
  endfacet
  facet normal -0.431996 0.61159 0.662826
    outer loop
      vertex 14.5682 10.3146 10
      vertex 13.8 11.6144 8.3
      vertex 14.5556 10.3057 10
    endloop
  endfacet
  facet normal 0.19291 -0.723412 0.662918
    outer loop
      vertex 12.4528 14.5035 8.3
      vertex 11.9509 15.9275 10
      vertex 11.9359 15.9235 10
    endloop
  endfacet
  facet normal 0.193804 -0.72314 0.662954
    outer loop
      vertex 11.9509 15.9275 10
      vertex 12.4528 14.5035 8.3
      vertex 12.7222 14.5757 8.3
    endloop
  endfacet
  facet normal 0.613291 0.429418 0.662928
    outer loop
      vertex 10.6168 11.0002 10
      vertex 11.7743 11.9715 8.3
      vertex 10.3146 11.4318 10
    endloop
  endfacet
  facet normal 0.723412 -0.19291 0.662918
    outer loop
      vertex 10.0725 14.0491 10
      vertex 11.4965 13.5472 8.3
      vertex 10.0765 14.0641 10
    endloop
  endfacet
  facet normal 0.72314 -0.193804 0.662954
    outer loop
      vertex 11.4965 13.5472 8.3
      vertex 10.0725 14.0491 10
      vertex 11.4243 13.2778 8.3
    endloop
  endfacet
  facet normal 0.193692 -0.723184 0.662939
    outer loop
      vertex 12.7222 14.5757 8.3
      vertex 12.4598 16.0638 10
      vertex 11.9509 15.9275 10
    endloop
  endfacet
  facet normal 0.0653723 -0.745813 0.66294
    outer loop
      vertex 12.7222 14.5757 8.3
      vertex 12.9846 16.1098 10
      vertex 12.4598 16.0638 10
    endloop
  endfacet
  facet normal 0.72314 0.193804 0.662954
    outer loop
      vertex 10.0725 11.9509 10
      vertex 11.4965 12.4528 8.3
      vertex 11.4243 12.7222 8.3
    endloop
  endfacet
  facet normal 0.723412 0.19291 0.662918
    outer loop
      vertex 11.4965 12.4528 8.3
      vertex 10.0725 11.9509 10
      vertex 10.0765 11.9359 10
    endloop
  endfacet
  facet normal 0.0653795 0.74581 0.662942
    outer loop
      vertex 13 11.4 8.3
      vertex 12.9846 9.89024 10
      vertex 13 9.88889 10
    endloop
  endfacet
  facet normal 0.0652389 0.745818 0.662948
    outer loop
      vertex 12.9846 9.89024 10
      vertex 13 11.4 8.3
      vertex 12.7222 11.4243 8.3
    endloop
  endfacet
  facet normal -0.0653723 -0.745813 0.66294
    outer loop
      vertex 13.2778 14.5757 8.3
      vertex 13.5402 16.0638 10
      vertex 13.0154 16.1098 10
    endloop
  endfacet
  facet normal -0.678505 -0.316406 0.662962
    outer loop
      vertex 14.3856 13.8 8.3
      vertex 15.9235 14.0641 10
      vertex 15.6943 14.5556 10
    endloop
  endfacet
  facet normal -0.678495 -0.316434 0.662958
    outer loop
      vertex 15.9235 14.0641 10
      vertex 14.3856 13.8 8.3
      vertex 14.5035 13.5472 8.3
    endloop
  endfacet
  facet normal -0.723412 -0.19291 0.662918
    outer loop
      vertex 14.5035 13.5472 8.3
      vertex 15.9275 14.0491 10
      vertex 15.9235 14.0641 10
    endloop
  endfacet
  facet normal -0.72314 -0.193804 0.662954
    outer loop
      vertex 15.9275 14.0491 10
      vertex 14.5035 13.5472 8.3
      vertex 14.5757 13.2778 8.3
    endloop
  endfacet
  facet normal 0.258868 -0.965913 0
    outer loop
      vertex 76.4528 14.5035 0
      vertex 76.7222 14.5757 8.3
      vertex 76.4528 14.5035 8.3
    endloop
  endfacet
  facet normal 0.258868 -0.965913 0
    outer loop
      vertex 76.7222 14.5757 8.3
      vertex 76.4528 14.5035 0
      vertex 76.7222 14.5757 0
    endloop
  endfacet
  facet normal -0.965913 -0.258868 0
    outer loop
      vertex 78.5757 13.2778 0
      vertex 78.5035 13.5472 8.3
      vertex 78.5035 13.5472 0
    endloop
  endfacet
  facet normal -0.965913 -0.258868 0
    outer loop
      vertex 78.5035 13.5472 8.3
      vertex 78.5757 13.2778 0
      vertex 78.5757 13.2778 8.3
    endloop
  endfacet
  facet normal -0.996196 -0.0871403 0
    outer loop
      vertex 78.6 13 0
      vertex 78.5757 13.2778 8.3
      vertex 78.5757 13.2778 0
    endloop
  endfacet
  facet normal -0.996196 -0.0871403 0
    outer loop
      vertex 78.5757 13.2778 8.3
      vertex 78.6 13 0
      vertex 78.6 13 8.3
    endloop
  endfacet
  facet normal -0.906284 -0.42267 0
    outer loop
      vertex 78.5035 13.5472 0
      vertex 78.3856 13.8 8.3
      vertex 78.3856 13.8 0
    endloop
  endfacet
  facet normal -0.906284 -0.42267 0
    outer loop
      vertex 78.3856 13.8 8.3
      vertex 78.5035 13.5472 0
      vertex 78.5035 13.5472 8.3
    endloop
  endfacet
  facet normal 0.906284 0.42267 0
    outer loop
      vertex 75.6144 12.2 8.3
      vertex 75.4965 12.4528 0
      vertex 75.4965 12.4528 8.3
    endloop
  endfacet
  facet normal 0.906284 0.42267 0
    outer loop
      vertex 75.4965 12.4528 0
      vertex 75.6144 12.2 8.3
      vertex 75.6144 12.2 0
    endloop
  endfacet
  facet normal -0.906284 0.42267 0
    outer loop
      vertex 78.3856 12.2 0
      vertex 78.5035 12.4528 8.3
      vertex 78.5035 12.4528 0
    endloop
  endfacet
  facet normal -0.906284 0.42267 0
    outer loop
      vertex 78.5035 12.4528 8.3
      vertex 78.3856 12.2 0
      vertex 78.3856 12.2 8.3
    endloop
  endfacet
  facet normal -0.819316 0.573342 0
    outer loop
      vertex 78.2257 11.9715 0
      vertex 78.3856 12.2 8.3
      vertex 78.3856 12.2 0
    endloop
  endfacet
  facet normal -0.819316 0.573342 0
    outer loop
      vertex 78.3856 12.2 8.3
      vertex 78.2257 11.9715 0
      vertex 78.2257 11.9715 8.3
    endloop
  endfacet
  facet normal -0.996196 0.0871403 0
    outer loop
      vertex 78.5757 12.7222 0
      vertex 78.6 13 8.3
      vertex 78.6 13 0
    endloop
  endfacet
  facet normal -0.996196 0.0871403 0
    outer loop
      vertex 78.6 13 8.3
      vertex 78.5757 12.7222 0
      vertex 78.5757 12.7222 8.3
    endloop
  endfacet
  facet normal -0.819316 -0.573342 0
    outer loop
      vertex 78.3856 13.8 0
      vertex 78.2257 14.0285 8.3
      vertex 78.2257 14.0285 0
    endloop
  endfacet
  facet normal -0.819316 -0.573342 0
    outer loop
      vertex 78.2257 14.0285 8.3
      vertex 78.3856 13.8 0
      vertex 78.3856 13.8 8.3
    endloop
  endfacet
  facet normal 0.707107 -0.707107 0
    outer loop
      vertex 75.7743 14.0285 0
      vertex 75.9715 14.2257 8.3
      vertex 75.7743 14.0285 8.3
    endloop
  endfacet
  facet normal 0.707107 -0.707107 0
    outer loop
      vertex 75.9715 14.2257 8.3
      vertex 75.7743 14.0285 0
      vertex 75.9715 14.2257 0
    endloop
  endfacet
  facet normal 0.0871403 -0.996196 0
    outer loop
      vertex 76.7222 14.5757 0
      vertex 77 14.6 8.3
      vertex 76.7222 14.5757 8.3
    endloop
  endfacet
  facet normal 0.0871403 -0.996196 0
    outer loop
      vertex 77 14.6 8.3
      vertex 76.7222 14.5757 0
      vertex 77 14.6 0
    endloop
  endfacet
  facet normal 0.573342 -0.819316 0
    outer loop
      vertex 75.9715 14.2257 0
      vertex 76.2 14.3856 8.3
      vertex 75.9715 14.2257 8.3
    endloop
  endfacet
  facet normal 0.573342 -0.819316 0
    outer loop
      vertex 76.2 14.3856 8.3
      vertex 75.9715 14.2257 0
      vertex 76.2 14.3856 0
    endloop
  endfacet
  facet normal 0.42267 -0.906284 0
    outer loop
      vertex 76.2 14.3856 0
      vertex 76.4528 14.5035 8.3
      vertex 76.2 14.3856 8.3
    endloop
  endfacet
  facet normal 0.42267 -0.906284 0
    outer loop
      vertex 76.4528 14.5035 8.3
      vertex 76.2 14.3856 0
      vertex 76.4528 14.5035 0
    endloop
  endfacet
  facet normal -0.42267 0.906284 0
    outer loop
      vertex 77.8 11.6144 0
      vertex 77.5472 11.4965 8.3
      vertex 77.8 11.6144 8.3
    endloop
  endfacet
  facet normal -0.42267 0.906284 0
    outer loop
      vertex 77.5472 11.4965 8.3
      vertex 77.8 11.6144 0
      vertex 77.5472 11.4965 0
    endloop
  endfacet
  facet normal 0.996196 0.0871403 0
    outer loop
      vertex 75.4243 12.7222 8.3
      vertex 75.4 13 0
      vertex 75.4 13 8.3
    endloop
  endfacet
  facet normal 0.996196 0.0871403 0
    outer loop
      vertex 75.4 13 0
      vertex 75.4243 12.7222 8.3
      vertex 75.4243 12.7222 0
    endloop
  endfacet
  facet normal -0.258868 -0.965913 0
    outer loop
      vertex 77.2778 14.5757 0
      vertex 77.5472 14.5035 8.3
      vertex 77.2778 14.5757 8.3
    endloop
  endfacet
  facet normal -0.258868 -0.965913 -0
    outer loop
      vertex 77.5472 14.5035 8.3
      vertex 77.2778 14.5757 0
      vertex 77.5472 14.5035 0
    endloop
  endfacet
  facet normal -0.573342 0.819316 0
    outer loop
      vertex 78.0285 11.7743 0
      vertex 77.8 11.6144 8.3
      vertex 78.0285 11.7743 8.3
    endloop
  endfacet
  facet normal -0.573342 0.819316 0
    outer loop
      vertex 77.8 11.6144 8.3
      vertex 78.0285 11.7743 0
      vertex 77.8 11.6144 0
    endloop
  endfacet
  facet normal 0.965913 -0.258868 0
    outer loop
      vertex 75.4243 13.2778 8.3
      vertex 75.4965 13.5472 0
      vertex 75.4965 13.5472 8.3
    endloop
  endfacet
  facet normal 0.965913 -0.258868 0
    outer loop
      vertex 75.4965 13.5472 0
      vertex 75.4243 13.2778 8.3
      vertex 75.4243 13.2778 0
    endloop
  endfacet
  facet normal 0.819316 -0.573342 0
    outer loop
      vertex 75.6144 13.8 8.3
      vertex 75.7743 14.0285 0
      vertex 75.7743 14.0285 8.3
    endloop
  endfacet
  facet normal 0.819316 -0.573342 0
    outer loop
      vertex 75.7743 14.0285 0
      vertex 75.6144 13.8 8.3
      vertex 75.6144 13.8 0
    endloop
  endfacet
  facet normal 0.819316 0.573342 0
    outer loop
      vertex 75.7743 11.9715 8.3
      vertex 75.6144 12.2 0
      vertex 75.6144 12.2 8.3
    endloop
  endfacet
  facet normal 0.819316 0.573342 0
    outer loop
      vertex 75.6144 12.2 0
      vertex 75.7743 11.9715 8.3
      vertex 75.7743 11.9715 0
    endloop
  endfacet
  facet normal -0.258868 0.965913 0
    outer loop
      vertex 77.5472 11.4965 0
      vertex 77.2778 11.4243 8.3
      vertex 77.5472 11.4965 8.3
    endloop
  endfacet
  facet normal -0.258868 0.965913 0
    outer loop
      vertex 77.2778 11.4243 8.3
      vertex 77.5472 11.4965 0
      vertex 77.2778 11.4243 0
    endloop
  endfacet
  facet normal -0.707107 0.707107 0
    outer loop
      vertex 78.2257 11.9715 0
      vertex 78.0285 11.7743 8.3
      vertex 78.2257 11.9715 8.3
    endloop
  endfacet
  facet normal -0.707107 0.707107 0
    outer loop
      vertex 78.0285 11.7743 8.3
      vertex 78.2257 11.9715 0
      vertex 78.0285 11.7743 0
    endloop
  endfacet
  facet normal -0.707107 -0.707107 0
    outer loop
      vertex 78.0285 14.2257 0
      vertex 78.2257 14.0285 8.3
      vertex 78.0285 14.2257 8.3
    endloop
  endfacet
  facet normal -0.707107 -0.707107 -0
    outer loop
      vertex 78.2257 14.0285 8.3
      vertex 78.0285 14.2257 0
      vertex 78.2257 14.0285 0
    endloop
  endfacet
  facet normal -0.965913 0.258868 0
    outer loop
      vertex 78.5035 12.4528 0
      vertex 78.5757 12.7222 8.3
      vertex 78.5757 12.7222 0
    endloop
  endfacet
  facet normal -0.965913 0.258868 0
    outer loop
      vertex 78.5757 12.7222 8.3
      vertex 78.5035 12.4528 0
      vertex 78.5035 12.4528 8.3
    endloop
  endfacet
  facet normal -0.573342 -0.819316 0
    outer loop
      vertex 77.8 14.3856 0
      vertex 78.0285 14.2257 8.3
      vertex 77.8 14.3856 8.3
    endloop
  endfacet
  facet normal -0.573342 -0.819316 -0
    outer loop
      vertex 78.0285 14.2257 8.3
      vertex 77.8 14.3856 0
      vertex 78.0285 14.2257 0
    endloop
  endfacet
  facet normal 0.707107 0.707107 -0
    outer loop
      vertex 75.9715 11.7743 0
      vertex 75.7743 11.9715 8.3
      vertex 75.9715 11.7743 8.3
    endloop
  endfacet
  facet normal 0.707107 0.707107 0
    outer loop
      vertex 75.7743 11.9715 8.3
      vertex 75.9715 11.7743 0
      vertex 75.7743 11.9715 0
    endloop
  endfacet
  facet normal 0.906284 -0.42267 0
    outer loop
      vertex 75.4965 13.5472 8.3
      vertex 75.6144 13.8 0
      vertex 75.6144 13.8 8.3
    endloop
  endfacet
  facet normal 0.906284 -0.42267 0
    outer loop
      vertex 75.6144 13.8 0
      vertex 75.4965 13.5472 8.3
      vertex 75.4965 13.5472 0
    endloop
  endfacet
  facet normal 0.573342 0.819316 -0
    outer loop
      vertex 76.2 11.6144 0
      vertex 75.9715 11.7743 8.3
      vertex 76.2 11.6144 8.3
    endloop
  endfacet
  facet normal 0.573342 0.819316 0
    outer loop
      vertex 75.9715 11.7743 8.3
      vertex 76.2 11.6144 0
      vertex 75.9715 11.7743 0
    endloop
  endfacet
  facet normal -0.0871403 0.996196 0
    outer loop
      vertex 77.2778 11.4243 0
      vertex 77 11.4 8.3
      vertex 77.2778 11.4243 8.3
    endloop
  endfacet
  facet normal -0.0871403 0.996196 0
    outer loop
      vertex 77 11.4 8.3
      vertex 77.2778 11.4243 0
      vertex 77 11.4 0
    endloop
  endfacet
  facet normal -0.0871403 -0.996196 0
    outer loop
      vertex 77 14.6 0
      vertex 77.2778 14.5757 8.3
      vertex 77 14.6 8.3
    endloop
  endfacet
  facet normal -0.0871403 -0.996196 -0
    outer loop
      vertex 77.2778 14.5757 8.3
      vertex 77 14.6 0
      vertex 77.2778 14.5757 0
    endloop
  endfacet
  facet normal -0.42267 -0.906284 0
    outer loop
      vertex 77.5472 14.5035 0
      vertex 77.8 14.3856 8.3
      vertex 77.5472 14.5035 8.3
    endloop
  endfacet
  facet normal -0.42267 -0.906284 -0
    outer loop
      vertex 77.8 14.3856 8.3
      vertex 77.5472 14.5035 0
      vertex 77.8 14.3856 0
    endloop
  endfacet
  facet normal 0.0871403 0.996196 -0
    outer loop
      vertex 77 11.4 0
      vertex 76.7222 11.4243 8.3
      vertex 77 11.4 8.3
    endloop
  endfacet
  facet normal 0.0871403 0.996196 0
    outer loop
      vertex 76.7222 11.4243 8.3
      vertex 77 11.4 0
      vertex 76.7222 11.4243 0
    endloop
  endfacet
  facet normal 0.258868 0.965913 -0
    outer loop
      vertex 76.7222 11.4243 0
      vertex 76.4528 11.4965 8.3
      vertex 76.7222 11.4243 8.3
    endloop
  endfacet
  facet normal 0.258868 0.965913 0
    outer loop
      vertex 76.4528 11.4965 8.3
      vertex 76.7222 11.4243 0
      vertex 76.4528 11.4965 0
    endloop
  endfacet
  facet normal 0.996196 -0.0871403 0
    outer loop
      vertex 75.4 13 8.3
      vertex 75.4243 13.2778 0
      vertex 75.4243 13.2778 8.3
    endloop
  endfacet
  facet normal 0.996196 -0.0871403 0
    outer loop
      vertex 75.4243 13.2778 0
      vertex 75.4 13 8.3
      vertex 75.4 13 0
    endloop
  endfacet
  facet normal 0.965913 0.258868 0
    outer loop
      vertex 75.4965 12.4528 8.3
      vertex 75.4243 12.7222 0
      vertex 75.4243 12.7222 8.3
    endloop
  endfacet
  facet normal 0.965913 0.258868 0
    outer loop
      vertex 75.4243 12.7222 0
      vertex 75.4965 12.4528 8.3
      vertex 75.4965 12.4528 0
    endloop
  endfacet
  facet normal 0.42267 0.906284 -0
    outer loop
      vertex 76.4528 11.4965 0
      vertex 76.2 11.6144 8.3
      vertex 76.4528 11.4965 8.3
    endloop
  endfacet
  facet normal 0.42267 0.906284 0
    outer loop
      vertex 76.2 11.6144 8.3
      vertex 76.4528 11.4965 0
      vertex 76.2 11.6144 0
    endloop
  endfacet
  facet normal -0.745809 -0.0652382 0.662957
    outer loop
      vertex 78.6 13 8.3
      vertex 80.1098 13.0154 10
      vertex 78.5757 13.2778 8.3
    endloop
  endfacet
  facet normal -0.745929 -0.062968 0.663043
    outer loop
      vertex 80.1098 13.0154 10
      vertex 78.6 13 8.3
      vertex 80.1111 13 10
    endloop
  endfacet
  facet normal -0.61159 -0.431996 0.662826
    outer loop
      vertex 79.6854 14.5682 10
      vertex 78.3856 13.8 8.3
      vertex 79.6943 14.5556 10
    endloop
  endfacet
  facet normal -0.613389 -0.429238 0.662955
    outer loop
      vertex 78.3856 13.8 8.3
      vertex 79.6854 14.5682 10
      vertex 78.2257 14.0285 8.3
    endloop
  endfacet
  facet normal -0.613291 0.429418 0.662928
    outer loop
      vertex 79.3832 11.0002 10
      vertex 79.6854 11.4318 10
      vertex 78.2257 11.9715 8.3
    endloop
  endfacet
  facet normal -0.193757 0.723159 0.662948
    outer loop
      vertex 77.5402 9.93615 10
      vertex 78.0491 10.0725 10
      vertex 77.2778 11.4243 8.3
    endloop
  endfacet
  facet normal 0.316434 0.678495 0.662958
    outer loop
      vertex 76.2 11.6144 8.3
      vertex 75.9359 10.0765 10
      vertex 76.4528 11.4965 8.3
    endloop
  endfacet
  facet normal 0.316406 0.678505 0.662962
    outer loop
      vertex 75.9359 10.0765 10
      vertex 76.2 11.6144 8.3
      vertex 75.4444 10.3057 10
    endloop
  endfacet
  facet normal 0.0652449 0.745818 0.662947
    outer loop
      vertex 76.9846 9.89024 10
      vertex 76.7222 11.4243 8.3
      vertex 76.4598 9.93615 10
    endloop
  endfacet
  facet normal -0.429418 -0.613291 0.662928
    outer loop
      vertex 78.9998 15.3832 10
      vertex 78.5682 15.6854 10
      vertex 78.0285 14.2257 8.3
    endloop
  endfacet
  facet normal -0.529398 -0.529398 0.66293
    outer loop
      vertex 78.9998 15.3832 10
      vertex 78.2257 14.0285 8.3
      vertex 79.3832 14.9998 10
    endloop
  endfacet
  facet normal -0.529398 -0.529398 0.66293
    outer loop
      vertex 78.2257 14.0285 8.3
      vertex 78.9998 15.3832 10
      vertex 78.0285 14.2257 8.3
    endloop
  endfacet
  facet normal -0.723184 -0.193692 0.662939
    outer loop
      vertex 80.0638 13.5402 10
      vertex 79.9275 14.0491 10
      vertex 78.5757 13.2778 8.3
    endloop
  endfacet
  facet normal 0.429418 -0.613291 0.662928
    outer loop
      vertex 75.9715 14.2257 8.3
      vertex 75.4318 15.6854 10
      vertex 75.0002 15.3832 10
    endloop
  endfacet
  facet normal -0.0652389 0.745818 0.662948
    outer loop
      vertex 77 11.4 8.3
      vertex 77.0154 9.89024 10
      vertex 77.2778 11.4243 8.3
    endloop
  endfacet
  facet normal -0.0653795 0.74581 0.662942
    outer loop
      vertex 77.0154 9.89024 10
      vertex 77 11.4 8.3
      vertex 77 9.88889 10
    endloop
  endfacet
  facet normal -0.19291 0.723412 0.662918
    outer loop
      vertex 77.5472 11.4965 8.3
      vertex 78.0491 10.0725 10
      vertex 78.0641 10.0765 10
    endloop
  endfacet
  facet normal -0.193804 0.72314 0.662954
    outer loop
      vertex 78.0491 10.0725 10
      vertex 77.5472 11.4965 8.3
      vertex 77.2778 11.4243 8.3
    endloop
  endfacet
  facet normal 0.431996 -0.61159 0.662826
    outer loop
      vertex 75.4318 15.6854 10
      vertex 76.2 14.3856 8.3
      vertex 75.4444 15.6943 10
    endloop
  endfacet
  facet normal 0.429238 -0.613389 0.662955
    outer loop
      vertex 76.2 14.3856 8.3
      vertex 75.4318 15.6854 10
      vertex 75.9715 14.2257 8.3
    endloop
  endfacet
  facet normal -0.678495 0.316434 0.662958
    outer loop
      vertex 78.3856 12.2 8.3
      vertex 79.9235 11.9359 10
      vertex 78.5035 12.4528 8.3
    endloop
  endfacet
  facet normal -0.678505 0.316406 0.662962
    outer loop
      vertex 79.9235 11.9359 10
      vertex 78.3856 12.2 8.3
      vertex 79.6943 11.4444 10
    endloop
  endfacet
  facet normal -0.745929 0.062968 0.663043
    outer loop
      vertex 78.6 13 8.3
      vertex 80.1098 12.9846 10
      vertex 80.1111 13 10
    endloop
  endfacet
  facet normal -0.745809 0.0652382 0.662957
    outer loop
      vertex 80.1098 12.9846 10
      vertex 78.6 13 8.3
      vertex 78.5757 12.7222 8.3
    endloop
  endfacet
  facet normal 0.745813 -0.0653723 0.66294
    outer loop
      vertex 75.4243 13.2778 8.3
      vertex 73.9362 13.5402 10
      vertex 73.8902 13.0154 10
    endloop
  endfacet
  facet normal -0.745813 -0.0653723 0.66294
    outer loop
      vertex 80.1098 13.0154 10
      vertex 80.0638 13.5402 10
      vertex 78.5757 13.2778 8.3
    endloop
  endfacet
  facet normal -0.72314 0.193804 0.662954
    outer loop
      vertex 78.5035 12.4528 8.3
      vertex 79.9275 11.9509 10
      vertex 78.5757 12.7222 8.3
    endloop
  endfacet
  facet normal -0.723412 0.19291 0.662918
    outer loop
      vertex 79.9275 11.9509 10
      vertex 78.5035 12.4528 8.3
      vertex 79.9235 11.9359 10
    endloop
  endfacet
  facet normal 0.723184 0.193692 0.662939
    outer loop
      vertex 74.0725 11.9509 10
      vertex 75.4243 12.7222 8.3
      vertex 73.9362 12.4598 10
    endloop
  endfacet
  facet normal 0.193757 0.723159 0.662948
    outer loop
      vertex 76.4598 9.93615 10
      vertex 76.7222 11.4243 8.3
      vertex 75.9509 10.0725 10
    endloop
  endfacet
  facet normal -0.193692 -0.723184 0.662939
    outer loop
      vertex 78.0491 15.9275 10
      vertex 77.5402 16.0638 10
      vertex 77.2778 14.5757 8.3
    endloop
  endfacet
  facet normal -0.429418 0.613291 0.662928
    outer loop
      vertex 78.5682 10.3146 10
      vertex 78.9998 10.6168 10
      vertex 78.0285 11.7743 8.3
    endloop
  endfacet
  facet normal 0.613389 -0.429238 0.662955
    outer loop
      vertex 74.3146 14.5682 10
      vertex 75.6144 13.8 8.3
      vertex 75.7743 14.0285 8.3
    endloop
  endfacet
  facet normal 0.61159 -0.431996 0.662826
    outer loop
      vertex 75.6144 13.8 8.3
      vertex 74.3146 14.5682 10
      vertex 74.3057 14.5556 10
    endloop
  endfacet
  facet normal -0.062968 -0.745929 0.663043
    outer loop
      vertex 77 14.6 8.3
      vertex 77.0154 16.1098 10
      vertex 77 16.1111 10
    endloop
  endfacet
  facet normal -0.0652382 -0.745809 0.662957
    outer loop
      vertex 77.0154 16.1098 10
      vertex 77 14.6 8.3
      vertex 77.2778 14.5757 8.3
    endloop
  endfacet
  facet normal -0.529398 0.529398 0.66293
    outer loop
      vertex 78.2257 11.9715 8.3
      vertex 78.9998 10.6168 10
      vertex 79.3832 11.0002 10
    endloop
  endfacet
  facet normal -0.529398 0.529398 0.66293
    outer loop
      vertex 78.9998 10.6168 10
      vertex 78.2257 11.9715 8.3
      vertex 78.0285 11.7743 8.3
    endloop
  endfacet
  facet normal -0.723184 0.193692 0.662939
    outer loop
      vertex 79.9275 11.9509 10
      vertex 80.0638 12.4598 10
      vertex 78.5757 12.7222 8.3
    endloop
  endfacet
  facet normal -0.316406 0.678505 0.662962
    outer loop
      vertex 77.8 11.6144 8.3
      vertex 78.0641 10.0765 10
      vertex 78.5556 10.3057 10
    endloop
  endfacet
  facet normal -0.316434 0.678495 0.662958
    outer loop
      vertex 78.0641 10.0765 10
      vertex 77.8 11.6144 8.3
      vertex 77.5472 11.4965 8.3
    endloop
  endfacet
  facet normal -0.431996 -0.61159 0.662826
    outer loop
      vertex 77.8 14.3856 8.3
      vertex 78.5682 15.6854 10
      vertex 78.5556 15.6943 10
    endloop
  endfacet
  facet normal -0.429238 -0.613389 0.662955
    outer loop
      vertex 78.5682 15.6854 10
      vertex 77.8 14.3856 8.3
      vertex 78.0285 14.2257 8.3
    endloop
  endfacet
  facet normal 0.316406 -0.678505 0.662962
    outer loop
      vertex 76.2 14.3856 8.3
      vertex 75.9359 15.9235 10
      vertex 75.4444 15.6943 10
    endloop
  endfacet
  facet normal 0.316434 -0.678495 0.662958
    outer loop
      vertex 75.9359 15.9235 10
      vertex 76.2 14.3856 8.3
      vertex 76.4528 14.5035 8.3
    endloop
  endfacet
  facet normal 0.193804 0.72314 0.662954
    outer loop
      vertex 76.4528 11.4965 8.3
      vertex 75.9509 10.0725 10
      vertex 76.7222 11.4243 8.3
    endloop
  endfacet
  facet normal 0.19291 0.723412 0.662918
    outer loop
      vertex 75.9509 10.0725 10
      vertex 76.4528 11.4965 8.3
      vertex 75.9359 10.0765 10
    endloop
  endfacet
  facet normal -0.745813 0.0653723 0.66294
    outer loop
      vertex 80.0638 12.4598 10
      vertex 80.1098 12.9846 10
      vertex 78.5757 12.7222 8.3
    endloop
  endfacet
  facet normal -0.61159 0.431996 0.662826
    outer loop
      vertex 78.3856 12.2 8.3
      vertex 79.6854 11.4318 10
      vertex 79.6943 11.4444 10
    endloop
  endfacet
  facet normal -0.613389 0.429238 0.662955
    outer loop
      vertex 79.6854 11.4318 10
      vertex 78.3856 12.2 8.3
      vertex 78.2257 11.9715 8.3
    endloop
  endfacet
  facet normal -0.316434 -0.678495 0.662958
    outer loop
      vertex 77.8 14.3856 8.3
      vertex 78.0641 15.9235 10
      vertex 77.5472 14.5035 8.3
    endloop
  endfacet
  facet normal -0.316406 -0.678505 0.662962
    outer loop
      vertex 78.0641 15.9235 10
      vertex 77.8 14.3856 8.3
      vertex 78.5556 15.6943 10
    endloop
  endfacet
  facet normal 0.678505 -0.316406 0.662962
    outer loop
      vertex 74.0765 14.0641 10
      vertex 75.6144 13.8 8.3
      vertex 74.3057 14.5556 10
    endloop
  endfacet
  facet normal 0.678495 -0.316434 0.662958
    outer loop
      vertex 75.6144 13.8 8.3
      vertex 74.0765 14.0641 10
      vertex 75.4965 13.5472 8.3
    endloop
  endfacet
  facet normal 0.723184 -0.193692 0.662939
    outer loop
      vertex 75.4243 13.2778 8.3
      vertex 74.0725 14.0491 10
      vertex 73.9362 13.5402 10
    endloop
  endfacet
  facet normal 0.745929 -0.062968 0.663043
    outer loop
      vertex 75.4 13 8.3
      vertex 73.8902 13.0154 10
      vertex 73.8889 13 10
    endloop
  endfacet
  facet normal 0.745809 -0.0652382 0.662957
    outer loop
      vertex 73.8902 13.0154 10
      vertex 75.4 13 8.3
      vertex 75.4243 13.2778 8.3
    endloop
  endfacet
  facet normal -0.0652449 0.745818 0.662947
    outer loop
      vertex 77.5402 9.93615 10
      vertex 77.2778 11.4243 8.3
      vertex 77.0154 9.89024 10
    endloop
  endfacet
  facet normal 0.0652382 -0.745809 0.662957
    outer loop
      vertex 77 14.6 8.3
      vertex 76.9846 16.1098 10
      vertex 76.7222 14.5757 8.3
    endloop
  endfacet
  facet normal 0.062968 -0.745929 0.663043
    outer loop
      vertex 76.9846 16.1098 10
      vertex 77 14.6 8.3
      vertex 77 16.1111 10
    endloop
  endfacet
  facet normal 0.429238 0.613389 0.662955
    outer loop
      vertex 75.4318 10.3146 10
      vertex 76.2 11.6144 8.3
      vertex 75.9715 11.7743 8.3
    endloop
  endfacet
  facet normal 0.431996 0.61159 0.662826
    outer loop
      vertex 76.2 11.6144 8.3
      vertex 75.4318 10.3146 10
      vertex 75.4444 10.3057 10
    endloop
  endfacet
  facet normal 0.613389 0.429238 0.662955
    outer loop
      vertex 75.6144 12.2 8.3
      vertex 74.3146 11.4318 10
      vertex 75.7743 11.9715 8.3
    endloop
  endfacet
  facet normal 0.61159 0.431996 0.662826
    outer loop
      vertex 74.3146 11.4318 10
      vertex 75.6144 12.2 8.3
      vertex 74.3057 11.4444 10
    endloop
  endfacet
  facet normal -0.193804 -0.72314 0.662954
    outer loop
      vertex 77.5472 14.5035 8.3
      vertex 78.0491 15.9275 10
      vertex 77.2778 14.5757 8.3
    endloop
  endfacet
  facet normal -0.19291 -0.723412 0.662918
    outer loop
      vertex 78.0491 15.9275 10
      vertex 77.5472 14.5035 8.3
      vertex 78.0641 15.9235 10
    endloop
  endfacet
  facet normal 0.429418 0.613291 0.662928
    outer loop
      vertex 75.4318 10.3146 10
      vertex 75.9715 11.7743 8.3
      vertex 75.0002 10.6168 10
    endloop
  endfacet
  facet normal 0.529398 0.529398 0.66293
    outer loop
      vertex 75.7743 11.9715 8.3
      vertex 75.0002 10.6168 10
      vertex 75.9715 11.7743 8.3
    endloop
  endfacet
  facet normal 0.529398 0.529398 0.66293
    outer loop
      vertex 75.0002 10.6168 10
      vertex 75.7743 11.9715 8.3
      vertex 74.6168 11.0002 10
    endloop
  endfacet
  facet normal 0.613291 -0.429418 0.662928
    outer loop
      vertex 75.7743 14.0285 8.3
      vertex 74.6168 14.9998 10
      vertex 74.3146 14.5682 10
    endloop
  endfacet
  facet normal 0.529398 -0.529398 0.66293
    outer loop
      vertex 75.0002 15.3832 10
      vertex 75.7743 14.0285 8.3
      vertex 75.9715 14.2257 8.3
    endloop
  endfacet
  facet normal 0.529398 -0.529398 0.66293
    outer loop
      vertex 75.7743 14.0285 8.3
      vertex 75.0002 15.3832 10
      vertex 74.6168 14.9998 10
    endloop
  endfacet
  facet normal 0.745813 0.0653723 0.66294
    outer loop
      vertex 73.9362 12.4598 10
      vertex 75.4243 12.7222 8.3
      vertex 73.8902 12.9846 10
    endloop
  endfacet
  facet normal 0.745929 0.062968 0.663043
    outer loop
      vertex 73.8902 12.9846 10
      vertex 75.4 13 8.3
      vertex 73.8889 13 10
    endloop
  endfacet
  facet normal 0.745809 0.0652382 0.662957
    outer loop
      vertex 75.4 13 8.3
      vertex 73.8902 12.9846 10
      vertex 75.4243 12.7222 8.3
    endloop
  endfacet
  facet normal 0.678495 0.316434 0.662958
    outer loop
      vertex 74.0765 11.9359 10
      vertex 75.6144 12.2 8.3
      vertex 75.4965 12.4528 8.3
    endloop
  endfacet
  facet normal 0.678505 0.316406 0.662962
    outer loop
      vertex 75.6144 12.2 8.3
      vertex 74.0765 11.9359 10
      vertex 74.3057 11.4444 10
    endloop
  endfacet
  facet normal -0.613291 -0.429418 0.662928
    outer loop
      vertex 79.6854 14.5682 10
      vertex 79.3832 14.9998 10
      vertex 78.2257 14.0285 8.3
    endloop
  endfacet
  facet normal -0.429238 0.613389 0.662955
    outer loop
      vertex 77.8 11.6144 8.3
      vertex 78.5682 10.3146 10
      vertex 78.0285 11.7743 8.3
    endloop
  endfacet
  facet normal -0.431996 0.61159 0.662826
    outer loop
      vertex 78.5682 10.3146 10
      vertex 77.8 11.6144 8.3
      vertex 78.5556 10.3057 10
    endloop
  endfacet
  facet normal 0.19291 -0.723412 0.662918
    outer loop
      vertex 76.4528 14.5035 8.3
      vertex 75.9509 15.9275 10
      vertex 75.9359 15.9235 10
    endloop
  endfacet
  facet normal 0.193804 -0.72314 0.662954
    outer loop
      vertex 75.9509 15.9275 10
      vertex 76.4528 14.5035 8.3
      vertex 76.7222 14.5757 8.3
    endloop
  endfacet
  facet normal 0.613291 0.429418 0.662928
    outer loop
      vertex 74.6168 11.0002 10
      vertex 75.7743 11.9715 8.3
      vertex 74.3146 11.4318 10
    endloop
  endfacet
  facet normal 0.723412 -0.19291 0.662918
    outer loop
      vertex 74.0725 14.0491 10
      vertex 75.4965 13.5472 8.3
      vertex 74.0765 14.0641 10
    endloop
  endfacet
  facet normal 0.72314 -0.193804 0.662954
    outer loop
      vertex 75.4965 13.5472 8.3
      vertex 74.0725 14.0491 10
      vertex 75.4243 13.2778 8.3
    endloop
  endfacet
  facet normal 0.193692 -0.723184 0.662939
    outer loop
      vertex 76.7222 14.5757 8.3
      vertex 76.4598 16.0638 10
      vertex 75.9509 15.9275 10
    endloop
  endfacet
  facet normal 0.0653723 -0.745813 0.66294
    outer loop
      vertex 76.7222 14.5757 8.3
      vertex 76.9846 16.1098 10
      vertex 76.4598 16.0638 10
    endloop
  endfacet
  facet normal 0.72314 0.193804 0.662954
    outer loop
      vertex 74.0725 11.9509 10
      vertex 75.4965 12.4528 8.3
      vertex 75.4243 12.7222 8.3
    endloop
  endfacet
  facet normal 0.723412 0.19291 0.662918
    outer loop
      vertex 75.4965 12.4528 8.3
      vertex 74.0725 11.9509 10
      vertex 74.0765 11.9359 10
    endloop
  endfacet
  facet normal 0.0653795 0.74581 0.662942
    outer loop
      vertex 77 11.4 8.3
      vertex 76.9846 9.89024 10
      vertex 77 9.88889 10
    endloop
  endfacet
  facet normal 0.0652389 0.745818 0.662948
    outer loop
      vertex 76.9846 9.89024 10
      vertex 77 11.4 8.3
      vertex 76.7222 11.4243 8.3
    endloop
  endfacet
  facet normal -0.0653723 -0.745813 0.66294
    outer loop
      vertex 77.2778 14.5757 8.3
      vertex 77.5402 16.0638 10
      vertex 77.0154 16.1098 10
    endloop
  endfacet
  facet normal -0.678505 -0.316406 0.662962
    outer loop
      vertex 78.3856 13.8 8.3
      vertex 79.9235 14.0641 10
      vertex 79.6943 14.5556 10
    endloop
  endfacet
  facet normal -0.678495 -0.316434 0.662958
    outer loop
      vertex 79.9235 14.0641 10
      vertex 78.3856 13.8 8.3
      vertex 78.5035 13.5472 8.3
    endloop
  endfacet
  facet normal -0.723412 -0.19291 0.662918
    outer loop
      vertex 78.5035 13.5472 8.3
      vertex 79.9275 14.0491 10
      vertex 79.9235 14.0641 10
    endloop
  endfacet
  facet normal -0.72314 -0.193804 0.662954
    outer loop
      vertex 79.9275 14.0491 10
      vertex 78.5035 13.5472 8.3
      vertex 78.5757 13.2778 8.3
    endloop
  endfacet
  facet normal 0.258868 -0.965913 0
    outer loop
      vertex 12.4528 78.5035 0
      vertex 12.7222 78.5757 8.3
      vertex 12.4528 78.5035 8.3
    endloop
  endfacet
  facet normal 0.258868 -0.965913 0
    outer loop
      vertex 12.7222 78.5757 8.3
      vertex 12.4528 78.5035 0
      vertex 12.7222 78.5757 0
    endloop
  endfacet
  facet normal -0.965913 -0.258868 0
    outer loop
      vertex 14.5757 77.2778 0
      vertex 14.5035 77.5472 8.3
      vertex 14.5035 77.5472 0
    endloop
  endfacet
  facet normal -0.965913 -0.258868 0
    outer loop
      vertex 14.5035 77.5472 8.3
      vertex 14.5757 77.2778 0
      vertex 14.5757 77.2778 8.3
    endloop
  endfacet
  facet normal -0.996196 -0.0871403 0
    outer loop
      vertex 14.6 77 0
      vertex 14.5757 77.2778 8.3
      vertex 14.5757 77.2778 0
    endloop
  endfacet
  facet normal -0.996196 -0.0871403 0
    outer loop
      vertex 14.5757 77.2778 8.3
      vertex 14.6 77 0
      vertex 14.6 77 8.3
    endloop
  endfacet
  facet normal -0.906284 -0.42267 0
    outer loop
      vertex 14.5035 77.5472 0
      vertex 14.3856 77.8 8.3
      vertex 14.3856 77.8 0
    endloop
  endfacet
  facet normal -0.906284 -0.42267 0
    outer loop
      vertex 14.3856 77.8 8.3
      vertex 14.5035 77.5472 0
      vertex 14.5035 77.5472 8.3
    endloop
  endfacet
  facet normal 0.906284 0.42267 0
    outer loop
      vertex 11.6144 76.2 8.3
      vertex 11.4965 76.4528 0
      vertex 11.4965 76.4528 8.3
    endloop
  endfacet
  facet normal 0.906284 0.42267 0
    outer loop
      vertex 11.4965 76.4528 0
      vertex 11.6144 76.2 8.3
      vertex 11.6144 76.2 0
    endloop
  endfacet
  facet normal -0.906284 0.42267 0
    outer loop
      vertex 14.3856 76.2 0
      vertex 14.5035 76.4528 8.3
      vertex 14.5035 76.4528 0
    endloop
  endfacet
  facet normal -0.906284 0.42267 0
    outer loop
      vertex 14.5035 76.4528 8.3
      vertex 14.3856 76.2 0
      vertex 14.3856 76.2 8.3
    endloop
  endfacet
  facet normal -0.819316 0.573342 0
    outer loop
      vertex 14.2257 75.9715 0
      vertex 14.3856 76.2 8.3
      vertex 14.3856 76.2 0
    endloop
  endfacet
  facet normal -0.819316 0.573342 0
    outer loop
      vertex 14.3856 76.2 8.3
      vertex 14.2257 75.9715 0
      vertex 14.2257 75.9715 8.3
    endloop
  endfacet
  facet normal -0.996196 0.0871403 0
    outer loop
      vertex 14.5757 76.7222 0
      vertex 14.6 77 8.3
      vertex 14.6 77 0
    endloop
  endfacet
  facet normal -0.996196 0.0871403 0
    outer loop
      vertex 14.6 77 8.3
      vertex 14.5757 76.7222 0
      vertex 14.5757 76.7222 8.3
    endloop
  endfacet
  facet normal -0.819316 -0.573342 0
    outer loop
      vertex 14.3856 77.8 0
      vertex 14.2257 78.0285 8.3
      vertex 14.2257 78.0285 0
    endloop
  endfacet
  facet normal -0.819316 -0.573342 0
    outer loop
      vertex 14.2257 78.0285 8.3
      vertex 14.3856 77.8 0
      vertex 14.3856 77.8 8.3
    endloop
  endfacet
  facet normal -0.707107 0.707107 0
    outer loop
      vertex 14.0285 75.7743 0
      vertex 14.2257 75.9715 8.3
      vertex 14.2257 75.9715 0
    endloop
  endfacet
  facet normal -0.707107 0.707107 0
    outer loop
      vertex 14.2257 75.9715 8.3
      vertex 14.0285 75.7743 0
      vertex 14.0285 75.7743 8.3
    endloop
  endfacet
  facet normal 0.707107 -0.707107 0
    outer loop
      vertex 11.7743 78.0285 8.3
      vertex 11.9715 78.2257 0
      vertex 11.9715 78.2257 8.3
    endloop
  endfacet
  facet normal 0.707107 -0.707107 0
    outer loop
      vertex 11.9715 78.2257 0
      vertex 11.7743 78.0285 8.3
      vertex 11.7743 78.0285 0
    endloop
  endfacet
  facet normal 0.0871403 -0.996196 0
    outer loop
      vertex 12.7222 78.5757 0
      vertex 13 78.6 8.3
      vertex 12.7222 78.5757 8.3
    endloop
  endfacet
  facet normal 0.0871403 -0.996196 0
    outer loop
      vertex 13 78.6 8.3
      vertex 12.7222 78.5757 0
      vertex 13 78.6 0
    endloop
  endfacet
  facet normal 0.573342 -0.819316 0
    outer loop
      vertex 11.9715 78.2257 0
      vertex 12.2 78.3856 8.3
      vertex 11.9715 78.2257 8.3
    endloop
  endfacet
  facet normal 0.573342 -0.819316 0
    outer loop
      vertex 12.2 78.3856 8.3
      vertex 11.9715 78.2257 0
      vertex 12.2 78.3856 0
    endloop
  endfacet
  facet normal 0.42267 -0.906284 0
    outer loop
      vertex 12.2 78.3856 0
      vertex 12.4528 78.5035 8.3
      vertex 12.2 78.3856 8.3
    endloop
  endfacet
  facet normal 0.42267 -0.906284 0
    outer loop
      vertex 12.4528 78.5035 8.3
      vertex 12.2 78.3856 0
      vertex 12.4528 78.5035 0
    endloop
  endfacet
  facet normal -0.42267 0.906284 0
    outer loop
      vertex 13.8 75.6144 0
      vertex 13.5472 75.4965 8.3
      vertex 13.8 75.6144 8.3
    endloop
  endfacet
  facet normal -0.42267 0.906284 0
    outer loop
      vertex 13.5472 75.4965 8.3
      vertex 13.8 75.6144 0
      vertex 13.5472 75.4965 0
    endloop
  endfacet
  facet normal 0.996196 0.0871403 0
    outer loop
      vertex 11.4243 76.7222 8.3
      vertex 11.4 77 0
      vertex 11.4 77 8.3
    endloop
  endfacet
  facet normal 0.996196 0.0871403 0
    outer loop
      vertex 11.4 77 0
      vertex 11.4243 76.7222 8.3
      vertex 11.4243 76.7222 0
    endloop
  endfacet
  facet normal -0.573342 -0.819316 0
    outer loop
      vertex 13.8 78.3856 0
      vertex 14.0285 78.2257 8.3
      vertex 13.8 78.3856 8.3
    endloop
  endfacet
  facet normal -0.573342 -0.819316 -0
    outer loop
      vertex 14.0285 78.2257 8.3
      vertex 13.8 78.3856 0
      vertex 14.0285 78.2257 0
    endloop
  endfacet
  facet normal -0.258868 -0.965913 0
    outer loop
      vertex 13.2778 78.5757 0
      vertex 13.5472 78.5035 8.3
      vertex 13.2778 78.5757 8.3
    endloop
  endfacet
  facet normal -0.258868 -0.965913 -0
    outer loop
      vertex 13.5472 78.5035 8.3
      vertex 13.2778 78.5757 0
      vertex 13.5472 78.5035 0
    endloop
  endfacet
  facet normal -0.573342 0.819316 0
    outer loop
      vertex 14.0285 75.7743 0
      vertex 13.8 75.6144 8.3
      vertex 14.0285 75.7743 8.3
    endloop
  endfacet
  facet normal -0.573342 0.819316 0
    outer loop
      vertex 13.8 75.6144 8.3
      vertex 14.0285 75.7743 0
      vertex 13.8 75.6144 0
    endloop
  endfacet
  facet normal 0.965913 -0.258868 0
    outer loop
      vertex 11.4243 77.2778 8.3
      vertex 11.4965 77.5472 0
      vertex 11.4965 77.5472 8.3
    endloop
  endfacet
  facet normal 0.965913 -0.258868 0
    outer loop
      vertex 11.4965 77.5472 0
      vertex 11.4243 77.2778 8.3
      vertex 11.4243 77.2778 0
    endloop
  endfacet
  facet normal -0.42267 -0.906284 0
    outer loop
      vertex 13.5472 78.5035 0
      vertex 13.8 78.3856 8.3
      vertex 13.5472 78.5035 8.3
    endloop
  endfacet
  facet normal -0.42267 -0.906284 -0
    outer loop
      vertex 13.8 78.3856 8.3
      vertex 13.5472 78.5035 0
      vertex 13.8 78.3856 0
    endloop
  endfacet
  facet normal 0.819316 -0.573342 0
    outer loop
      vertex 11.6144 77.8 8.3
      vertex 11.7743 78.0285 0
      vertex 11.7743 78.0285 8.3
    endloop
  endfacet
  facet normal 0.819316 -0.573342 0
    outer loop
      vertex 11.7743 78.0285 0
      vertex 11.6144 77.8 8.3
      vertex 11.6144 77.8 0
    endloop
  endfacet
  facet normal 0.819316 0.573342 0
    outer loop
      vertex 11.7743 75.9715 8.3
      vertex 11.6144 76.2 0
      vertex 11.6144 76.2 8.3
    endloop
  endfacet
  facet normal 0.819316 0.573342 0
    outer loop
      vertex 11.6144 76.2 0
      vertex 11.7743 75.9715 8.3
      vertex 11.7743 75.9715 0
    endloop
  endfacet
  facet normal -0.258868 0.965913 0
    outer loop
      vertex 13.5472 75.4965 0
      vertex 13.2778 75.4243 8.3
      vertex 13.5472 75.4965 8.3
    endloop
  endfacet
  facet normal -0.258868 0.965913 0
    outer loop
      vertex 13.2778 75.4243 8.3
      vertex 13.5472 75.4965 0
      vertex 13.2778 75.4243 0
    endloop
  endfacet
  facet normal -0.707107 -0.707107 0
    outer loop
      vertex 14.2257 78.0285 0
      vertex 14.0285 78.2257 8.3
      vertex 14.0285 78.2257 0
    endloop
  endfacet
  facet normal -0.707107 -0.707107 0
    outer loop
      vertex 14.0285 78.2257 8.3
      vertex 14.2257 78.0285 0
      vertex 14.2257 78.0285 8.3
    endloop
  endfacet
  facet normal -0.965913 0.258868 0
    outer loop
      vertex 14.5035 76.4528 0
      vertex 14.5757 76.7222 8.3
      vertex 14.5757 76.7222 0
    endloop
  endfacet
  facet normal -0.965913 0.258868 0
    outer loop
      vertex 14.5757 76.7222 8.3
      vertex 14.5035 76.4528 0
      vertex 14.5035 76.4528 8.3
    endloop
  endfacet
  facet normal 0.707107 0.707107 0
    outer loop
      vertex 11.9715 75.7743 8.3
      vertex 11.7743 75.9715 0
      vertex 11.7743 75.9715 8.3
    endloop
  endfacet
  facet normal 0.707107 0.707107 0
    outer loop
      vertex 11.7743 75.9715 0
      vertex 11.9715 75.7743 8.3
      vertex 11.9715 75.7743 0
    endloop
  endfacet
  facet normal 0.906284 -0.42267 0
    outer loop
      vertex 11.4965 77.5472 8.3
      vertex 11.6144 77.8 0
      vertex 11.6144 77.8 8.3
    endloop
  endfacet
  facet normal 0.906284 -0.42267 0
    outer loop
      vertex 11.6144 77.8 0
      vertex 11.4965 77.5472 8.3
      vertex 11.4965 77.5472 0
    endloop
  endfacet
  facet normal 0.573342 0.819316 -0
    outer loop
      vertex 12.2 75.6144 0
      vertex 11.9715 75.7743 8.3
      vertex 12.2 75.6144 8.3
    endloop
  endfacet
  facet normal 0.573342 0.819316 0
    outer loop
      vertex 11.9715 75.7743 8.3
      vertex 12.2 75.6144 0
      vertex 11.9715 75.7743 0
    endloop
  endfacet
  facet normal -0.0871403 0.996196 0
    outer loop
      vertex 13.2778 75.4243 0
      vertex 13 75.4 8.3
      vertex 13.2778 75.4243 8.3
    endloop
  endfacet
  facet normal -0.0871403 0.996196 0
    outer loop
      vertex 13 75.4 8.3
      vertex 13.2778 75.4243 0
      vertex 13 75.4 0
    endloop
  endfacet
  facet normal -0.0871403 -0.996196 0
    outer loop
      vertex 13 78.6 0
      vertex 13.2778 78.5757 8.3
      vertex 13 78.6 8.3
    endloop
  endfacet
  facet normal -0.0871403 -0.996196 -0
    outer loop
      vertex 13.2778 78.5757 8.3
      vertex 13 78.6 0
      vertex 13.2778 78.5757 0
    endloop
  endfacet
  facet normal 0.0871403 0.996196 -0
    outer loop
      vertex 13 75.4 0
      vertex 12.7222 75.4243 8.3
      vertex 13 75.4 8.3
    endloop
  endfacet
  facet normal 0.0871403 0.996196 0
    outer loop
      vertex 12.7222 75.4243 8.3
      vertex 13 75.4 0
      vertex 12.7222 75.4243 0
    endloop
  endfacet
  facet normal 0.258868 0.965913 -0
    outer loop
      vertex 12.7222 75.4243 0
      vertex 12.4528 75.4965 8.3
      vertex 12.7222 75.4243 8.3
    endloop
  endfacet
  facet normal 0.258868 0.965913 0
    outer loop
      vertex 12.4528 75.4965 8.3
      vertex 12.7222 75.4243 0
      vertex 12.4528 75.4965 0
    endloop
  endfacet
  facet normal 0.996196 -0.0871403 0
    outer loop
      vertex 11.4 77 8.3
      vertex 11.4243 77.2778 0
      vertex 11.4243 77.2778 8.3
    endloop
  endfacet
  facet normal 0.996196 -0.0871403 0
    outer loop
      vertex 11.4243 77.2778 0
      vertex 11.4 77 8.3
      vertex 11.4 77 0
    endloop
  endfacet
  facet normal 0.965913 0.258868 0
    outer loop
      vertex 11.4965 76.4528 8.3
      vertex 11.4243 76.7222 0
      vertex 11.4243 76.7222 8.3
    endloop
  endfacet
  facet normal 0.965913 0.258868 0
    outer loop
      vertex 11.4243 76.7222 0
      vertex 11.4965 76.4528 8.3
      vertex 11.4965 76.4528 0
    endloop
  endfacet
  facet normal 0.42267 0.906284 -0
    outer loop
      vertex 12.4528 75.4965 0
      vertex 12.2 75.6144 8.3
      vertex 12.4528 75.4965 8.3
    endloop
  endfacet
  facet normal 0.42267 0.906284 0
    outer loop
      vertex 12.2 75.6144 8.3
      vertex 12.4528 75.4965 0
      vertex 12.2 75.6144 0
    endloop
  endfacet
  facet normal -0.745809 -0.0652382 0.662957
    outer loop
      vertex 14.6 77 8.3
      vertex 16.1098 77.0154 10
      vertex 14.5757 77.2778 8.3
    endloop
  endfacet
  facet normal -0.745929 -0.062968 0.663043
    outer loop
      vertex 16.1098 77.0154 10
      vertex 14.6 77 8.3
      vertex 16.1111 77 10
    endloop
  endfacet
  facet normal -0.61159 -0.431996 0.662826
    outer loop
      vertex 15.6854 78.5682 10
      vertex 14.3856 77.8 8.3
      vertex 15.6943 78.5556 10
    endloop
  endfacet
  facet normal -0.613389 -0.429238 0.662955
    outer loop
      vertex 14.3856 77.8 8.3
      vertex 15.6854 78.5682 10
      vertex 14.2257 78.0285 8.3
    endloop
  endfacet
  facet normal -0.613291 0.429418 0.662928
    outer loop
      vertex 15.3832 75.0002 10
      vertex 15.6854 75.4318 10
      vertex 14.2257 75.9715 8.3
    endloop
  endfacet
  facet normal -0.193692 0.723184 0.662939
    outer loop
      vertex 13.5402 73.9362 10
      vertex 14.0491 74.0725 10
      vertex 13.2778 75.4243 8.3
    endloop
  endfacet
  facet normal 0.316434 0.678495 0.662958
    outer loop
      vertex 12.2 75.6144 8.3
      vertex 11.9359 74.0765 10
      vertex 12.4528 75.4965 8.3
    endloop
  endfacet
  facet normal 0.316406 0.678505 0.662962
    outer loop
      vertex 11.9359 74.0765 10
      vertex 12.2 75.6144 8.3
      vertex 11.4444 74.3057 10
    endloop
  endfacet
  facet normal 0.0653723 0.745813 0.66294
    outer loop
      vertex 12.9846 73.8902 10
      vertex 12.7222 75.4243 8.3
      vertex 12.4598 73.9362 10
    endloop
  endfacet
  facet normal -0.429418 -0.613291 0.662928
    outer loop
      vertex 14.9998 79.3832 10
      vertex 14.5682 79.6854 10
      vertex 14.0285 78.2257 8.3
    endloop
  endfacet
  facet normal -0.529398 -0.529398 0.66293
    outer loop
      vertex 14.9998 79.3832 10
      vertex 14.2257 78.0285 8.3
      vertex 15.3832 78.9998 10
    endloop
  endfacet
  facet normal -0.529398 -0.529398 0.66293
    outer loop
      vertex 14.2257 78.0285 8.3
      vertex 14.9998 79.3832 10
      vertex 14.0285 78.2257 8.3
    endloop
  endfacet
  facet normal -0.723184 -0.193692 0.662939
    outer loop
      vertex 16.0638 77.5402 10
      vertex 15.9275 78.0491 10
      vertex 14.5757 77.2778 8.3
    endloop
  endfacet
  facet normal 0.429418 -0.613291 0.662928
    outer loop
      vertex 11.9715 78.2257 8.3
      vertex 11.4318 79.6854 10
      vertex 11.0002 79.3832 10
    endloop
  endfacet
  facet normal -0.0652382 0.745809 0.662957
    outer loop
      vertex 13 75.4 8.3
      vertex 13.0154 73.8902 10
      vertex 13.2778 75.4243 8.3
    endloop
  endfacet
  facet normal -0.062968 0.745929 0.663043
    outer loop
      vertex 13.0154 73.8902 10
      vertex 13 75.4 8.3
      vertex 13 73.8889 10
    endloop
  endfacet
  facet normal -0.19291 0.723412 0.662918
    outer loop
      vertex 13.5472 75.4965 8.3
      vertex 14.0491 74.0725 10
      vertex 14.0641 74.0765 10
    endloop
  endfacet
  facet normal -0.193804 0.72314 0.662954
    outer loop
      vertex 14.0491 74.0725 10
      vertex 13.5472 75.4965 8.3
      vertex 13.2778 75.4243 8.3
    endloop
  endfacet
  facet normal 0.431996 -0.61159 0.662826
    outer loop
      vertex 11.4318 79.6854 10
      vertex 12.2 78.3856 8.3
      vertex 11.4444 79.6943 10
    endloop
  endfacet
  facet normal 0.429238 -0.613389 0.662955
    outer loop
      vertex 12.2 78.3856 8.3
      vertex 11.4318 79.6854 10
      vertex 11.9715 78.2257 8.3
    endloop
  endfacet
  facet normal -0.678495 0.316434 0.662958
    outer loop
      vertex 14.3856 76.2 8.3
      vertex 15.9235 75.9359 10
      vertex 14.5035 76.4528 8.3
    endloop
  endfacet
  facet normal -0.678505 0.316406 0.662962
    outer loop
      vertex 15.9235 75.9359 10
      vertex 14.3856 76.2 8.3
      vertex 15.6943 75.4444 10
    endloop
  endfacet
  facet normal -0.745929 0.062968 0.663043
    outer loop
      vertex 14.6 77 8.3
      vertex 16.1098 76.9846 10
      vertex 16.1111 77 10
    endloop
  endfacet
  facet normal -0.745809 0.0652382 0.662957
    outer loop
      vertex 16.1098 76.9846 10
      vertex 14.6 77 8.3
      vertex 14.5757 76.7222 8.3
    endloop
  endfacet
  facet normal 0.745818 -0.0652449 0.662947
    outer loop
      vertex 11.4243 77.2778 8.3
      vertex 9.93615 77.5402 10
      vertex 9.89024 77.0154 10
    endloop
  endfacet
  facet normal -0.745813 -0.0653723 0.66294
    outer loop
      vertex 16.1098 77.0154 10
      vertex 16.0638 77.5402 10
      vertex 14.5757 77.2778 8.3
    endloop
  endfacet
  facet normal -0.72314 0.193804 0.662954
    outer loop
      vertex 14.5035 76.4528 8.3
      vertex 15.9275 75.9509 10
      vertex 14.5757 76.7222 8.3
    endloop
  endfacet
  facet normal -0.723412 0.19291 0.662918
    outer loop
      vertex 15.9275 75.9509 10
      vertex 14.5035 76.4528 8.3
      vertex 15.9235 75.9359 10
    endloop
  endfacet
  facet normal 0.723159 0.193757 0.662948
    outer loop
      vertex 10.0725 75.9509 10
      vertex 11.4243 76.7222 8.3
      vertex 9.93615 76.4598 10
    endloop
  endfacet
  facet normal 0.193692 0.723184 0.662939
    outer loop
      vertex 12.4598 73.9362 10
      vertex 12.7222 75.4243 8.3
      vertex 11.9509 74.0725 10
    endloop
  endfacet
  facet normal -0.193692 -0.723184 0.662939
    outer loop
      vertex 14.0491 79.9275 10
      vertex 13.5402 80.0638 10
      vertex 13.2778 78.5757 8.3
    endloop
  endfacet
  facet normal -0.429418 0.613291 0.662928
    outer loop
      vertex 14.5682 74.3146 10
      vertex 14.9998 74.6168 10
      vertex 14.0285 75.7743 8.3
    endloop
  endfacet
  facet normal 0.613389 -0.429238 0.662955
    outer loop
      vertex 10.3146 78.5682 10
      vertex 11.6144 77.8 8.3
      vertex 11.7743 78.0285 8.3
    endloop
  endfacet
  facet normal 0.61159 -0.431996 0.662826
    outer loop
      vertex 11.6144 77.8 8.3
      vertex 10.3146 78.5682 10
      vertex 10.3057 78.5556 10
    endloop
  endfacet
  facet normal -0.062968 -0.745929 0.663043
    outer loop
      vertex 13 78.6 8.3
      vertex 13.0154 80.1098 10
      vertex 13 80.1111 10
    endloop
  endfacet
  facet normal -0.0652382 -0.745809 0.662957
    outer loop
      vertex 13.0154 80.1098 10
      vertex 13 78.6 8.3
      vertex 13.2778 78.5757 8.3
    endloop
  endfacet
  facet normal -0.529398 0.529398 0.66293
    outer loop
      vertex 14.2257 75.9715 8.3
      vertex 14.9998 74.6168 10
      vertex 15.3832 75.0002 10
    endloop
  endfacet
  facet normal -0.529398 0.529398 0.66293
    outer loop
      vertex 14.9998 74.6168 10
      vertex 14.2257 75.9715 8.3
      vertex 14.0285 75.7743 8.3
    endloop
  endfacet
  facet normal -0.723184 0.193692 0.662939
    outer loop
      vertex 15.9275 75.9509 10
      vertex 16.0638 76.4598 10
      vertex 14.5757 76.7222 8.3
    endloop
  endfacet
  facet normal -0.316406 0.678505 0.662962
    outer loop
      vertex 13.8 75.6144 8.3
      vertex 14.0641 74.0765 10
      vertex 14.5556 74.3057 10
    endloop
  endfacet
  facet normal -0.316434 0.678495 0.662958
    outer loop
      vertex 14.0641 74.0765 10
      vertex 13.8 75.6144 8.3
      vertex 13.5472 75.4965 8.3
    endloop
  endfacet
  facet normal -0.431996 -0.61159 0.662826
    outer loop
      vertex 13.8 78.3856 8.3
      vertex 14.5682 79.6854 10
      vertex 14.5556 79.6943 10
    endloop
  endfacet
  facet normal -0.429238 -0.613389 0.662955
    outer loop
      vertex 14.5682 79.6854 10
      vertex 13.8 78.3856 8.3
      vertex 14.0285 78.2257 8.3
    endloop
  endfacet
  facet normal 0.316406 -0.678505 0.662962
    outer loop
      vertex 12.2 78.3856 8.3
      vertex 11.9359 79.9235 10
      vertex 11.4444 79.6943 10
    endloop
  endfacet
  facet normal 0.316434 -0.678495 0.662958
    outer loop
      vertex 11.9359 79.9235 10
      vertex 12.2 78.3856 8.3
      vertex 12.4528 78.5035 8.3
    endloop
  endfacet
  facet normal 0.193804 0.72314 0.662954
    outer loop
      vertex 12.4528 75.4965 8.3
      vertex 11.9509 74.0725 10
      vertex 12.7222 75.4243 8.3
    endloop
  endfacet
  facet normal 0.19291 0.723412 0.662918
    outer loop
      vertex 11.9509 74.0725 10
      vertex 12.4528 75.4965 8.3
      vertex 11.9359 74.0765 10
    endloop
  endfacet
  facet normal -0.745813 0.0653723 0.66294
    outer loop
      vertex 16.0638 76.4598 10
      vertex 16.1098 76.9846 10
      vertex 14.5757 76.7222 8.3
    endloop
  endfacet
  facet normal -0.61159 0.431996 0.662826
    outer loop
      vertex 14.3856 76.2 8.3
      vertex 15.6854 75.4318 10
      vertex 15.6943 75.4444 10
    endloop
  endfacet
  facet normal -0.613389 0.429238 0.662955
    outer loop
      vertex 15.6854 75.4318 10
      vertex 14.3856 76.2 8.3
      vertex 14.2257 75.9715 8.3
    endloop
  endfacet
  facet normal -0.316434 -0.678495 0.662958
    outer loop
      vertex 13.8 78.3856 8.3
      vertex 14.0641 79.9235 10
      vertex 13.5472 78.5035 8.3
    endloop
  endfacet
  facet normal -0.316406 -0.678505 0.662962
    outer loop
      vertex 14.0641 79.9235 10
      vertex 13.8 78.3856 8.3
      vertex 14.5556 79.6943 10
    endloop
  endfacet
  facet normal 0.678505 -0.316406 0.662962
    outer loop
      vertex 10.0765 78.0641 10
      vertex 11.6144 77.8 8.3
      vertex 10.3057 78.5556 10
    endloop
  endfacet
  facet normal 0.678495 -0.316434 0.662958
    outer loop
      vertex 11.6144 77.8 8.3
      vertex 10.0765 78.0641 10
      vertex 11.4965 77.5472 8.3
    endloop
  endfacet
  facet normal 0.723159 -0.193757 0.662948
    outer loop
      vertex 11.4243 77.2778 8.3
      vertex 10.0725 78.0491 10
      vertex 9.93615 77.5402 10
    endloop
  endfacet
  facet normal 0.74581 -0.0653795 0.662942
    outer loop
      vertex 11.4 77 8.3
      vertex 9.89024 77.0154 10
      vertex 9.88889 77 10
    endloop
  endfacet
  facet normal 0.745818 -0.0652389 0.662948
    outer loop
      vertex 9.89024 77.0154 10
      vertex 11.4 77 8.3
      vertex 11.4243 77.2778 8.3
    endloop
  endfacet
  facet normal -0.0653723 0.745813 0.66294
    outer loop
      vertex 13.5402 73.9362 10
      vertex 13.2778 75.4243 8.3
      vertex 13.0154 73.8902 10
    endloop
  endfacet
  facet normal 0.0652382 -0.745809 0.662957
    outer loop
      vertex 13 78.6 8.3
      vertex 12.9846 80.1098 10
      vertex 12.7222 78.5757 8.3
    endloop
  endfacet
  facet normal 0.062968 -0.745929 0.663043
    outer loop
      vertex 12.9846 80.1098 10
      vertex 13 78.6 8.3
      vertex 13 80.1111 10
    endloop
  endfacet
  facet normal 0.429238 0.613389 0.662955
    outer loop
      vertex 11.4318 74.3146 10
      vertex 12.2 75.6144 8.3
      vertex 11.9715 75.7743 8.3
    endloop
  endfacet
  facet normal 0.431996 0.61159 0.662826
    outer loop
      vertex 12.2 75.6144 8.3
      vertex 11.4318 74.3146 10
      vertex 11.4444 74.3057 10
    endloop
  endfacet
  facet normal 0.613389 0.429238 0.662955
    outer loop
      vertex 11.6144 76.2 8.3
      vertex 10.3146 75.4318 10
      vertex 11.7743 75.9715 8.3
    endloop
  endfacet
  facet normal 0.61159 0.431996 0.662826
    outer loop
      vertex 10.3146 75.4318 10
      vertex 11.6144 76.2 8.3
      vertex 10.3057 75.4444 10
    endloop
  endfacet
  facet normal -0.193804 -0.72314 0.662954
    outer loop
      vertex 13.5472 78.5035 8.3
      vertex 14.0491 79.9275 10
      vertex 13.2778 78.5757 8.3
    endloop
  endfacet
  facet normal -0.19291 -0.723412 0.662918
    outer loop
      vertex 14.0491 79.9275 10
      vertex 13.5472 78.5035 8.3
      vertex 14.0641 79.9235 10
    endloop
  endfacet
  facet normal 0.429418 0.613291 0.662928
    outer loop
      vertex 11.4318 74.3146 10
      vertex 11.9715 75.7743 8.3
      vertex 11.0002 74.6168 10
    endloop
  endfacet
  facet normal 0.529398 0.529398 0.66293
    outer loop
      vertex 11.7743 75.9715 8.3
      vertex 11.0002 74.6168 10
      vertex 11.9715 75.7743 8.3
    endloop
  endfacet
  facet normal 0.529398 0.529398 0.66293
    outer loop
      vertex 11.0002 74.6168 10
      vertex 11.7743 75.9715 8.3
      vertex 10.6168 75.0002 10
    endloop
  endfacet
  facet normal 0.613291 -0.429418 0.662928
    outer loop
      vertex 11.7743 78.0285 8.3
      vertex 10.6168 78.9998 10
      vertex 10.3146 78.5682 10
    endloop
  endfacet
  facet normal 0.529398 -0.529398 0.66293
    outer loop
      vertex 11.0002 79.3832 10
      vertex 11.7743 78.0285 8.3
      vertex 11.9715 78.2257 8.3
    endloop
  endfacet
  facet normal 0.529398 -0.529398 0.66293
    outer loop
      vertex 11.7743 78.0285 8.3
      vertex 11.0002 79.3832 10
      vertex 10.6168 78.9998 10
    endloop
  endfacet
  facet normal 0.745818 0.0652449 0.662947
    outer loop
      vertex 9.93615 76.4598 10
      vertex 11.4243 76.7222 8.3
      vertex 9.89024 76.9846 10
    endloop
  endfacet
  facet normal 0.74581 0.0653795 0.662942
    outer loop
      vertex 9.89024 76.9846 10
      vertex 11.4 77 8.3
      vertex 9.88889 77 10
    endloop
  endfacet
  facet normal 0.745818 0.0652389 0.662948
    outer loop
      vertex 11.4 77 8.3
      vertex 9.89024 76.9846 10
      vertex 11.4243 76.7222 8.3
    endloop
  endfacet
  facet normal 0.678495 0.316434 0.662958
    outer loop
      vertex 10.0765 75.9359 10
      vertex 11.6144 76.2 8.3
      vertex 11.4965 76.4528 8.3
    endloop
  endfacet
  facet normal 0.678505 0.316406 0.662962
    outer loop
      vertex 11.6144 76.2 8.3
      vertex 10.0765 75.9359 10
      vertex 10.3057 75.4444 10
    endloop
  endfacet
  facet normal -0.613291 -0.429418 0.662928
    outer loop
      vertex 15.6854 78.5682 10
      vertex 15.3832 78.9998 10
      vertex 14.2257 78.0285 8.3
    endloop
  endfacet
  facet normal -0.429238 0.613389 0.662955
    outer loop
      vertex 13.8 75.6144 8.3
      vertex 14.5682 74.3146 10
      vertex 14.0285 75.7743 8.3
    endloop
  endfacet
  facet normal -0.431996 0.61159 0.662826
    outer loop
      vertex 14.5682 74.3146 10
      vertex 13.8 75.6144 8.3
      vertex 14.5556 74.3057 10
    endloop
  endfacet
  facet normal 0.19291 -0.723412 0.662918
    outer loop
      vertex 12.4528 78.5035 8.3
      vertex 11.9509 79.9275 10
      vertex 11.9359 79.9235 10
    endloop
  endfacet
  facet normal 0.193804 -0.72314 0.662954
    outer loop
      vertex 11.9509 79.9275 10
      vertex 12.4528 78.5035 8.3
      vertex 12.7222 78.5757 8.3
    endloop
  endfacet
  facet normal 0.613291 0.429418 0.662928
    outer loop
      vertex 10.6168 75.0002 10
      vertex 11.7743 75.9715 8.3
      vertex 10.3146 75.4318 10
    endloop
  endfacet
  facet normal 0.723412 -0.19291 0.662918
    outer loop
      vertex 10.0725 78.0491 10
      vertex 11.4965 77.5472 8.3
      vertex 10.0765 78.0641 10
    endloop
  endfacet
  facet normal 0.72314 -0.193804 0.662954
    outer loop
      vertex 11.4965 77.5472 8.3
      vertex 10.0725 78.0491 10
      vertex 11.4243 77.2778 8.3
    endloop
  endfacet
  facet normal 0.193692 -0.723184 0.662939
    outer loop
      vertex 12.7222 78.5757 8.3
      vertex 12.4598 80.0638 10
      vertex 11.9509 79.9275 10
    endloop
  endfacet
  facet normal 0.0653723 -0.745813 0.66294
    outer loop
      vertex 12.7222 78.5757 8.3
      vertex 12.9846 80.1098 10
      vertex 12.4598 80.0638 10
    endloop
  endfacet
  facet normal 0.72314 0.193804 0.662954
    outer loop
      vertex 10.0725 75.9509 10
      vertex 11.4965 76.4528 8.3
      vertex 11.4243 76.7222 8.3
    endloop
  endfacet
  facet normal 0.723412 0.19291 0.662918
    outer loop
      vertex 11.4965 76.4528 8.3
      vertex 10.0725 75.9509 10
      vertex 10.0765 75.9359 10
    endloop
  endfacet
  facet normal 0.062968 0.745929 0.663043
    outer loop
      vertex 13 75.4 8.3
      vertex 12.9846 73.8902 10
      vertex 13 73.8889 10
    endloop
  endfacet
  facet normal 0.0652382 0.745809 0.662957
    outer loop
      vertex 12.9846 73.8902 10
      vertex 13 75.4 8.3
      vertex 12.7222 75.4243 8.3
    endloop
  endfacet
  facet normal -0.0653723 -0.745813 0.66294
    outer loop
      vertex 13.2778 78.5757 8.3
      vertex 13.5402 80.0638 10
      vertex 13.0154 80.1098 10
    endloop
  endfacet
  facet normal -0.678505 -0.316406 0.662962
    outer loop
      vertex 14.3856 77.8 8.3
      vertex 15.9235 78.0641 10
      vertex 15.6943 78.5556 10
    endloop
  endfacet
  facet normal -0.678495 -0.316434 0.662958
    outer loop
      vertex 15.9235 78.0641 10
      vertex 14.3856 77.8 8.3
      vertex 14.5035 77.5472 8.3
    endloop
  endfacet
  facet normal -0.723412 -0.19291 0.662918
    outer loop
      vertex 14.5035 77.5472 8.3
      vertex 15.9275 78.0491 10
      vertex 15.9235 78.0641 10
    endloop
  endfacet
  facet normal -0.72314 -0.193804 0.662954
    outer loop
      vertex 15.9275 78.0491 10
      vertex 14.5035 77.5472 8.3
      vertex 14.5757 77.2778 8.3
    endloop
  endfacet
  facet normal 0.258868 -0.965913 0
    outer loop
      vertex 76.4528 78.5035 0
      vertex 76.7222 78.5757 8.3
      vertex 76.4528 78.5035 8.3
    endloop
  endfacet
  facet normal 0.258868 -0.965913 0
    outer loop
      vertex 76.7222 78.5757 8.3
      vertex 76.4528 78.5035 0
      vertex 76.7222 78.5757 0
    endloop
  endfacet
  facet normal -0.965913 -0.258868 0
    outer loop
      vertex 78.5757 77.2778 0
      vertex 78.5035 77.5472 8.3
      vertex 78.5035 77.5472 0
    endloop
  endfacet
  facet normal -0.965913 -0.258868 0
    outer loop
      vertex 78.5035 77.5472 8.3
      vertex 78.5757 77.2778 0
      vertex 78.5757 77.2778 8.3
    endloop
  endfacet
  facet normal -0.996196 -0.0871403 0
    outer loop
      vertex 78.6 77 0
      vertex 78.5757 77.2778 8.3
      vertex 78.5757 77.2778 0
    endloop
  endfacet
  facet normal -0.996196 -0.0871403 0
    outer loop
      vertex 78.5757 77.2778 8.3
      vertex 78.6 77 0
      vertex 78.6 77 8.3
    endloop
  endfacet
  facet normal -0.906284 -0.42267 0
    outer loop
      vertex 78.5035 77.5472 0
      vertex 78.3856 77.8 8.3
      vertex 78.3856 77.8 0
    endloop
  endfacet
  facet normal -0.906284 -0.42267 0
    outer loop
      vertex 78.3856 77.8 8.3
      vertex 78.5035 77.5472 0
      vertex 78.5035 77.5472 8.3
    endloop
  endfacet
  facet normal 0.906284 0.42267 0
    outer loop
      vertex 75.6144 76.2 8.3
      vertex 75.4965 76.4528 0
      vertex 75.4965 76.4528 8.3
    endloop
  endfacet
  facet normal 0.906284 0.42267 0
    outer loop
      vertex 75.4965 76.4528 0
      vertex 75.6144 76.2 8.3
      vertex 75.6144 76.2 0
    endloop
  endfacet
  facet normal -0.906284 0.42267 0
    outer loop
      vertex 78.3856 76.2 0
      vertex 78.5035 76.4528 8.3
      vertex 78.5035 76.4528 0
    endloop
  endfacet
  facet normal -0.906284 0.42267 0
    outer loop
      vertex 78.5035 76.4528 8.3
      vertex 78.3856 76.2 0
      vertex 78.3856 76.2 8.3
    endloop
  endfacet
  facet normal -0.819316 0.573342 0
    outer loop
      vertex 78.2257 75.9715 0
      vertex 78.3856 76.2 8.3
      vertex 78.3856 76.2 0
    endloop
  endfacet
  facet normal -0.819316 0.573342 0
    outer loop
      vertex 78.3856 76.2 8.3
      vertex 78.2257 75.9715 0
      vertex 78.2257 75.9715 8.3
    endloop
  endfacet
  facet normal -0.996196 0.0871403 0
    outer loop
      vertex 78.5757 76.7222 0
      vertex 78.6 77 8.3
      vertex 78.6 77 0
    endloop
  endfacet
  facet normal -0.996196 0.0871403 0
    outer loop
      vertex 78.6 77 8.3
      vertex 78.5757 76.7222 0
      vertex 78.5757 76.7222 8.3
    endloop
  endfacet
  facet normal -0.819316 -0.573342 0
    outer loop
      vertex 78.3856 77.8 0
      vertex 78.2257 78.0285 8.3
      vertex 78.2257 78.0285 0
    endloop
  endfacet
  facet normal -0.819316 -0.573342 0
    outer loop
      vertex 78.2257 78.0285 8.3
      vertex 78.3856 77.8 0
      vertex 78.3856 77.8 8.3
    endloop
  endfacet
  facet normal 0.965913 0.258868 0
    outer loop
      vertex 75.4965 76.4528 8.3
      vertex 75.4243 76.7222 0
      vertex 75.4243 76.7222 8.3
    endloop
  endfacet
  facet normal 0.965913 0.258868 0
    outer loop
      vertex 75.4243 76.7222 0
      vertex 75.4965 76.4528 8.3
      vertex 75.4965 76.4528 0
    endloop
  endfacet
  facet normal 0.707107 -0.707107 0
    outer loop
      vertex 75.7743 78.0285 8.3
      vertex 75.9715 78.2257 0
      vertex 75.9715 78.2257 8.3
    endloop
  endfacet
  facet normal 0.707107 -0.707107 0
    outer loop
      vertex 75.9715 78.2257 0
      vertex 75.7743 78.0285 8.3
      vertex 75.7743 78.0285 0
    endloop
  endfacet
  facet normal 0.0871403 -0.996196 0
    outer loop
      vertex 76.7222 78.5757 0
      vertex 77 78.6 8.3
      vertex 76.7222 78.5757 8.3
    endloop
  endfacet
  facet normal 0.0871403 -0.996196 0
    outer loop
      vertex 77 78.6 8.3
      vertex 76.7222 78.5757 0
      vertex 77 78.6 0
    endloop
  endfacet
  facet normal 0.573342 -0.819316 0
    outer loop
      vertex 75.9715 78.2257 0
      vertex 76.2 78.3856 8.3
      vertex 75.9715 78.2257 8.3
    endloop
  endfacet
  facet normal 0.573342 -0.819316 0
    outer loop
      vertex 76.2 78.3856 8.3
      vertex 75.9715 78.2257 0
      vertex 76.2 78.3856 0
    endloop
  endfacet
  facet normal 0.42267 -0.906284 0
    outer loop
      vertex 76.2 78.3856 0
      vertex 76.4528 78.5035 8.3
      vertex 76.2 78.3856 8.3
    endloop
  endfacet
  facet normal 0.42267 -0.906284 0
    outer loop
      vertex 76.4528 78.5035 8.3
      vertex 76.2 78.3856 0
      vertex 76.4528 78.5035 0
    endloop
  endfacet
  facet normal -0.42267 0.906284 0
    outer loop
      vertex 77.8 75.6144 0
      vertex 77.5472 75.4965 8.3
      vertex 77.8 75.6144 8.3
    endloop
  endfacet
  facet normal -0.42267 0.906284 0
    outer loop
      vertex 77.5472 75.4965 8.3
      vertex 77.8 75.6144 0
      vertex 77.5472 75.4965 0
    endloop
  endfacet
  facet normal 0.996196 0.0871403 0
    outer loop
      vertex 75.4243 76.7222 8.3
      vertex 75.4 77 0
      vertex 75.4 77 8.3
    endloop
  endfacet
  facet normal 0.996196 0.0871403 0
    outer loop
      vertex 75.4 77 0
      vertex 75.4243 76.7222 8.3
      vertex 75.4243 76.7222 0
    endloop
  endfacet
  facet normal -0.573342 -0.819316 0
    outer loop
      vertex 77.8 78.3856 0
      vertex 78.0285 78.2257 8.3
      vertex 77.8 78.3856 8.3
    endloop
  endfacet
  facet normal -0.573342 -0.819316 -0
    outer loop
      vertex 78.0285 78.2257 8.3
      vertex 77.8 78.3856 0
      vertex 78.0285 78.2257 0
    endloop
  endfacet
  facet normal -0.258868 -0.965913 0
    outer loop
      vertex 77.2778 78.5757 0
      vertex 77.5472 78.5035 8.3
      vertex 77.2778 78.5757 8.3
    endloop
  endfacet
  facet normal -0.258868 -0.965913 -0
    outer loop
      vertex 77.5472 78.5035 8.3
      vertex 77.2778 78.5757 0
      vertex 77.5472 78.5035 0
    endloop
  endfacet
  facet normal -0.573342 0.819316 0
    outer loop
      vertex 78.0285 75.7743 0
      vertex 77.8 75.6144 8.3
      vertex 78.0285 75.7743 8.3
    endloop
  endfacet
  facet normal -0.573342 0.819316 0
    outer loop
      vertex 77.8 75.6144 8.3
      vertex 78.0285 75.7743 0
      vertex 77.8 75.6144 0
    endloop
  endfacet
  facet normal 0.965913 -0.258868 0
    outer loop
      vertex 75.4243 77.2778 8.3
      vertex 75.4965 77.5472 0
      vertex 75.4965 77.5472 8.3
    endloop
  endfacet
  facet normal 0.965913 -0.258868 0
    outer loop
      vertex 75.4965 77.5472 0
      vertex 75.4243 77.2778 8.3
      vertex 75.4243 77.2778 0
    endloop
  endfacet
  facet normal 0.819316 -0.573342 0
    outer loop
      vertex 75.6144 77.8 8.3
      vertex 75.7743 78.0285 0
      vertex 75.7743 78.0285 8.3
    endloop
  endfacet
  facet normal 0.819316 -0.573342 0
    outer loop
      vertex 75.7743 78.0285 0
      vertex 75.6144 77.8 8.3
      vertex 75.6144 77.8 0
    endloop
  endfacet
  facet normal 0.819316 0.573342 0
    outer loop
      vertex 75.7743 75.9715 8.3
      vertex 75.6144 76.2 0
      vertex 75.6144 76.2 8.3
    endloop
  endfacet
  facet normal 0.819316 0.573342 0
    outer loop
      vertex 75.6144 76.2 0
      vertex 75.7743 75.9715 8.3
      vertex 75.7743 75.9715 0
    endloop
  endfacet
  facet normal -0.258868 0.965913 0
    outer loop
      vertex 77.5472 75.4965 0
      vertex 77.2778 75.4243 8.3
      vertex 77.5472 75.4965 8.3
    endloop
  endfacet
  facet normal -0.258868 0.965913 0
    outer loop
      vertex 77.2778 75.4243 8.3
      vertex 77.5472 75.4965 0
      vertex 77.2778 75.4243 0
    endloop
  endfacet
  facet normal -0.707107 0.707107 0
    outer loop
      vertex 78.0285 75.7743 0
      vertex 78.2257 75.9715 8.3
      vertex 78.2257 75.9715 0
    endloop
  endfacet
  facet normal -0.707107 0.707107 0
    outer loop
      vertex 78.2257 75.9715 8.3
      vertex 78.0285 75.7743 0
      vertex 78.0285 75.7743 8.3
    endloop
  endfacet
  facet normal -0.707107 -0.707107 0
    outer loop
      vertex 78.2257 78.0285 0
      vertex 78.0285 78.2257 8.3
      vertex 78.0285 78.2257 0
    endloop
  endfacet
  facet normal -0.707107 -0.707107 0
    outer loop
      vertex 78.0285 78.2257 8.3
      vertex 78.2257 78.0285 0
      vertex 78.2257 78.0285 8.3
    endloop
  endfacet
  facet normal -0.965913 0.258868 0
    outer loop
      vertex 78.5035 76.4528 0
      vertex 78.5757 76.7222 8.3
      vertex 78.5757 76.7222 0
    endloop
  endfacet
  facet normal -0.965913 0.258868 0
    outer loop
      vertex 78.5757 76.7222 8.3
      vertex 78.5035 76.4528 0
      vertex 78.5035 76.4528 8.3
    endloop
  endfacet
  facet normal 0.707107 0.707107 0
    outer loop
      vertex 75.9715 75.7743 8.3
      vertex 75.7743 75.9715 0
      vertex 75.7743 75.9715 8.3
    endloop
  endfacet
  facet normal 0.707107 0.707107 0
    outer loop
      vertex 75.7743 75.9715 0
      vertex 75.9715 75.7743 8.3
      vertex 75.9715 75.7743 0
    endloop
  endfacet
  facet normal 0.906284 -0.42267 0
    outer loop
      vertex 75.4965 77.5472 8.3
      vertex 75.6144 77.8 0
      vertex 75.6144 77.8 8.3
    endloop
  endfacet
  facet normal 0.906284 -0.42267 0
    outer loop
      vertex 75.6144 77.8 0
      vertex 75.4965 77.5472 8.3
      vertex 75.4965 77.5472 0
    endloop
  endfacet
  facet normal 0.573342 0.819316 -0
    outer loop
      vertex 76.2 75.6144 0
      vertex 75.9715 75.7743 8.3
      vertex 76.2 75.6144 8.3
    endloop
  endfacet
  facet normal 0.573342 0.819316 0
    outer loop
      vertex 75.9715 75.7743 8.3
      vertex 76.2 75.6144 0
      vertex 75.9715 75.7743 0
    endloop
  endfacet
  facet normal -0.0871403 0.996196 0
    outer loop
      vertex 77.2778 75.4243 0
      vertex 77 75.4 8.3
      vertex 77.2778 75.4243 8.3
    endloop
  endfacet
  facet normal -0.0871403 0.996196 0
    outer loop
      vertex 77 75.4 8.3
      vertex 77.2778 75.4243 0
      vertex 77 75.4 0
    endloop
  endfacet
  facet normal -0.0871403 -0.996196 0
    outer loop
      vertex 77 78.6 0
      vertex 77.2778 78.5757 8.3
      vertex 77 78.6 8.3
    endloop
  endfacet
  facet normal -0.0871403 -0.996196 -0
    outer loop
      vertex 77.2778 78.5757 8.3
      vertex 77 78.6 0
      vertex 77.2778 78.5757 0
    endloop
  endfacet
  facet normal -0.42267 -0.906284 0
    outer loop
      vertex 77.5472 78.5035 0
      vertex 77.8 78.3856 8.3
      vertex 77.5472 78.5035 8.3
    endloop
  endfacet
  facet normal -0.42267 -0.906284 -0
    outer loop
      vertex 77.8 78.3856 8.3
      vertex 77.5472 78.5035 0
      vertex 77.8 78.3856 0
    endloop
  endfacet
  facet normal 0.0871403 0.996196 -0
    outer loop
      vertex 77 75.4 0
      vertex 76.7222 75.4243 8.3
      vertex 77 75.4 8.3
    endloop
  endfacet
  facet normal 0.0871403 0.996196 0
    outer loop
      vertex 76.7222 75.4243 8.3
      vertex 77 75.4 0
      vertex 76.7222 75.4243 0
    endloop
  endfacet
  facet normal 0.258868 0.965913 -0
    outer loop
      vertex 76.7222 75.4243 0
      vertex 76.4528 75.4965 8.3
      vertex 76.7222 75.4243 8.3
    endloop
  endfacet
  facet normal 0.258868 0.965913 0
    outer loop
      vertex 76.4528 75.4965 8.3
      vertex 76.7222 75.4243 0
      vertex 76.4528 75.4965 0
    endloop
  endfacet
  facet normal 0.996196 -0.0871403 0
    outer loop
      vertex 75.4 77 8.3
      vertex 75.4243 77.2778 0
      vertex 75.4243 77.2778 8.3
    endloop
  endfacet
  facet normal 0.996196 -0.0871403 0
    outer loop
      vertex 75.4243 77.2778 0
      vertex 75.4 77 8.3
      vertex 75.4 77 0
    endloop
  endfacet
  facet normal 0.42267 0.906284 -0
    outer loop
      vertex 76.4528 75.4965 0
      vertex 76.2 75.6144 8.3
      vertex 76.4528 75.4965 8.3
    endloop
  endfacet
  facet normal 0.42267 0.906284 0
    outer loop
      vertex 76.2 75.6144 8.3
      vertex 76.4528 75.4965 0
      vertex 76.2 75.6144 0
    endloop
  endfacet
  facet normal -0.745809 -0.0652382 0.662957
    outer loop
      vertex 78.6 77 8.3
      vertex 80.1098 77.0154 10
      vertex 78.5757 77.2778 8.3
    endloop
  endfacet
  facet normal -0.745929 -0.062968 0.663043
    outer loop
      vertex 80.1098 77.0154 10
      vertex 78.6 77 8.3
      vertex 80.1111 77 10
    endloop
  endfacet
  facet normal -0.61159 -0.431996 0.662826
    outer loop
      vertex 79.6854 78.5682 10
      vertex 78.3856 77.8 8.3
      vertex 79.6943 78.5556 10
    endloop
  endfacet
  facet normal -0.613389 -0.429238 0.662955
    outer loop
      vertex 78.3856 77.8 8.3
      vertex 79.6854 78.5682 10
      vertex 78.2257 78.0285 8.3
    endloop
  endfacet
  facet normal -0.613291 0.429418 0.662928
    outer loop
      vertex 79.3832 75.0002 10
      vertex 79.6854 75.4318 10
      vertex 78.2257 75.9715 8.3
    endloop
  endfacet
  facet normal -0.193692 0.723184 0.662939
    outer loop
      vertex 77.5402 73.9362 10
      vertex 78.0491 74.0725 10
      vertex 77.2778 75.4243 8.3
    endloop
  endfacet
  facet normal 0.316434 0.678495 0.662958
    outer loop
      vertex 76.2 75.6144 8.3
      vertex 75.9359 74.0765 10
      vertex 76.4528 75.4965 8.3
    endloop
  endfacet
  facet normal 0.316406 0.678505 0.662962
    outer loop
      vertex 75.9359 74.0765 10
      vertex 76.2 75.6144 8.3
      vertex 75.4444 74.3057 10
    endloop
  endfacet
  facet normal 0.0653723 0.745813 0.66294
    outer loop
      vertex 76.9846 73.8902 10
      vertex 76.7222 75.4243 8.3
      vertex 76.4598 73.9362 10
    endloop
  endfacet
  facet normal -0.429418 -0.613291 0.662928
    outer loop
      vertex 78.9998 79.3832 10
      vertex 78.5682 79.6854 10
      vertex 78.0285 78.2257 8.3
    endloop
  endfacet
  facet normal -0.529398 -0.529398 0.66293
    outer loop
      vertex 78.9998 79.3832 10
      vertex 78.2257 78.0285 8.3
      vertex 79.3832 78.9998 10
    endloop
  endfacet
  facet normal -0.529398 -0.529398 0.66293
    outer loop
      vertex 78.2257 78.0285 8.3
      vertex 78.9998 79.3832 10
      vertex 78.0285 78.2257 8.3
    endloop
  endfacet
  facet normal -0.723184 -0.193692 0.662939
    outer loop
      vertex 80.0638 77.5402 10
      vertex 79.9275 78.0491 10
      vertex 78.5757 77.2778 8.3
    endloop
  endfacet
  facet normal 0.429418 -0.613291 0.662928
    outer loop
      vertex 75.9715 78.2257 8.3
      vertex 75.4318 79.6854 10
      vertex 75.0002 79.3832 10
    endloop
  endfacet
  facet normal -0.0652382 0.745809 0.662957
    outer loop
      vertex 77 75.4 8.3
      vertex 77.0154 73.8902 10
      vertex 77.2778 75.4243 8.3
    endloop
  endfacet
  facet normal -0.062968 0.745929 0.663043
    outer loop
      vertex 77.0154 73.8902 10
      vertex 77 75.4 8.3
      vertex 77 73.8889 10
    endloop
  endfacet
  facet normal -0.19291 0.723412 0.662918
    outer loop
      vertex 77.5472 75.4965 8.3
      vertex 78.0491 74.0725 10
      vertex 78.0641 74.0765 10
    endloop
  endfacet
  facet normal -0.193804 0.72314 0.662954
    outer loop
      vertex 78.0491 74.0725 10
      vertex 77.5472 75.4965 8.3
      vertex 77.2778 75.4243 8.3
    endloop
  endfacet
  facet normal 0.431996 -0.61159 0.662826
    outer loop
      vertex 75.4318 79.6854 10
      vertex 76.2 78.3856 8.3
      vertex 75.4444 79.6943 10
    endloop
  endfacet
  facet normal 0.429238 -0.613389 0.662955
    outer loop
      vertex 76.2 78.3856 8.3
      vertex 75.4318 79.6854 10
      vertex 75.9715 78.2257 8.3
    endloop
  endfacet
  facet normal -0.678495 0.316434 0.662958
    outer loop
      vertex 78.3856 76.2 8.3
      vertex 79.9235 75.9359 10
      vertex 78.5035 76.4528 8.3
    endloop
  endfacet
  facet normal -0.678505 0.316406 0.662962
    outer loop
      vertex 79.9235 75.9359 10
      vertex 78.3856 76.2 8.3
      vertex 79.6943 75.4444 10
    endloop
  endfacet
  facet normal -0.745929 0.062968 0.663043
    outer loop
      vertex 78.6 77 8.3
      vertex 80.1098 76.9846 10
      vertex 80.1111 77 10
    endloop
  endfacet
  facet normal -0.745809 0.0652382 0.662957
    outer loop
      vertex 80.1098 76.9846 10
      vertex 78.6 77 8.3
      vertex 78.5757 76.7222 8.3
    endloop
  endfacet
  facet normal 0.745813 -0.0653723 0.66294
    outer loop
      vertex 75.4243 77.2778 8.3
      vertex 73.9362 77.5402 10
      vertex 73.8902 77.0154 10
    endloop
  endfacet
  facet normal -0.745813 -0.0653723 0.66294
    outer loop
      vertex 80.1098 77.0154 10
      vertex 80.0638 77.5402 10
      vertex 78.5757 77.2778 8.3
    endloop
  endfacet
  facet normal -0.72314 0.193804 0.662954
    outer loop
      vertex 78.5035 76.4528 8.3
      vertex 79.9275 75.9509 10
      vertex 78.5757 76.7222 8.3
    endloop
  endfacet
  facet normal -0.723412 0.19291 0.662918
    outer loop
      vertex 79.9275 75.9509 10
      vertex 78.5035 76.4528 8.3
      vertex 79.9235 75.9359 10
    endloop
  endfacet
  facet normal 0.723184 0.193692 0.662939
    outer loop
      vertex 74.0725 75.9509 10
      vertex 75.4243 76.7222 8.3
      vertex 73.9362 76.4598 10
    endloop
  endfacet
  facet normal 0.193692 0.723184 0.662939
    outer loop
      vertex 76.4598 73.9362 10
      vertex 76.7222 75.4243 8.3
      vertex 75.9509 74.0725 10
    endloop
  endfacet
  facet normal -0.193692 -0.723184 0.662939
    outer loop
      vertex 78.0491 79.9275 10
      vertex 77.5402 80.0638 10
      vertex 77.2778 78.5757 8.3
    endloop
  endfacet
  facet normal -0.429418 0.613291 0.662928
    outer loop
      vertex 78.5682 74.3146 10
      vertex 78.9998 74.6168 10
      vertex 78.0285 75.7743 8.3
    endloop
  endfacet
  facet normal 0.613389 -0.429238 0.662955
    outer loop
      vertex 74.3146 78.5682 10
      vertex 75.6144 77.8 8.3
      vertex 75.7743 78.0285 8.3
    endloop
  endfacet
  facet normal 0.61159 -0.431996 0.662826
    outer loop
      vertex 75.6144 77.8 8.3
      vertex 74.3146 78.5682 10
      vertex 74.3057 78.5556 10
    endloop
  endfacet
  facet normal -0.062968 -0.745929 0.663043
    outer loop
      vertex 77 78.6 8.3
      vertex 77.0154 80.1098 10
      vertex 77 80.1111 10
    endloop
  endfacet
  facet normal -0.0652382 -0.745809 0.662957
    outer loop
      vertex 77.0154 80.1098 10
      vertex 77 78.6 8.3
      vertex 77.2778 78.5757 8.3
    endloop
  endfacet
  facet normal -0.529398 0.529398 0.66293
    outer loop
      vertex 78.2257 75.9715 8.3
      vertex 78.9998 74.6168 10
      vertex 79.3832 75.0002 10
    endloop
  endfacet
  facet normal -0.529398 0.529398 0.66293
    outer loop
      vertex 78.9998 74.6168 10
      vertex 78.2257 75.9715 8.3
      vertex 78.0285 75.7743 8.3
    endloop
  endfacet
  facet normal -0.723184 0.193692 0.662939
    outer loop
      vertex 79.9275 75.9509 10
      vertex 80.0638 76.4598 10
      vertex 78.5757 76.7222 8.3
    endloop
  endfacet
  facet normal -0.316406 0.678505 0.662962
    outer loop
      vertex 77.8 75.6144 8.3
      vertex 78.0641 74.0765 10
      vertex 78.5556 74.3057 10
    endloop
  endfacet
  facet normal -0.316434 0.678495 0.662958
    outer loop
      vertex 78.0641 74.0765 10
      vertex 77.8 75.6144 8.3
      vertex 77.5472 75.4965 8.3
    endloop
  endfacet
  facet normal -0.431996 -0.61159 0.662826
    outer loop
      vertex 77.8 78.3856 8.3
      vertex 78.5682 79.6854 10
      vertex 78.5556 79.6943 10
    endloop
  endfacet
  facet normal -0.429238 -0.613389 0.662955
    outer loop
      vertex 78.5682 79.6854 10
      vertex 77.8 78.3856 8.3
      vertex 78.0285 78.2257 8.3
    endloop
  endfacet
  facet normal 0.316406 -0.678505 0.662962
    outer loop
      vertex 76.2 78.3856 8.3
      vertex 75.9359 79.9235 10
      vertex 75.4444 79.6943 10
    endloop
  endfacet
  facet normal 0.316434 -0.678495 0.662958
    outer loop
      vertex 75.9359 79.9235 10
      vertex 76.2 78.3856 8.3
      vertex 76.4528 78.5035 8.3
    endloop
  endfacet
  facet normal 0.193804 0.72314 0.662954
    outer loop
      vertex 76.4528 75.4965 8.3
      vertex 75.9509 74.0725 10
      vertex 76.7222 75.4243 8.3
    endloop
  endfacet
  facet normal 0.19291 0.723412 0.662918
    outer loop
      vertex 75.9509 74.0725 10
      vertex 76.4528 75.4965 8.3
      vertex 75.9359 74.0765 10
    endloop
  endfacet
  facet normal -0.745813 0.0653723 0.66294
    outer loop
      vertex 80.0638 76.4598 10
      vertex 80.1098 76.9846 10
      vertex 78.5757 76.7222 8.3
    endloop
  endfacet
  facet normal -0.61159 0.431996 0.662826
    outer loop
      vertex 78.3856 76.2 8.3
      vertex 79.6854 75.4318 10
      vertex 79.6943 75.4444 10
    endloop
  endfacet
  facet normal -0.613389 0.429238 0.662955
    outer loop
      vertex 79.6854 75.4318 10
      vertex 78.3856 76.2 8.3
      vertex 78.2257 75.9715 8.3
    endloop
  endfacet
  facet normal -0.316434 -0.678495 0.662958
    outer loop
      vertex 77.8 78.3856 8.3
      vertex 78.0641 79.9235 10
      vertex 77.5472 78.5035 8.3
    endloop
  endfacet
  facet normal -0.316406 -0.678505 0.662962
    outer loop
      vertex 78.0641 79.9235 10
      vertex 77.8 78.3856 8.3
      vertex 78.5556 79.6943 10
    endloop
  endfacet
  facet normal 0.678505 -0.316406 0.662962
    outer loop
      vertex 74.0765 78.0641 10
      vertex 75.6144 77.8 8.3
      vertex 74.3057 78.5556 10
    endloop
  endfacet
  facet normal 0.678495 -0.316434 0.662958
    outer loop
      vertex 75.6144 77.8 8.3
      vertex 74.0765 78.0641 10
      vertex 75.4965 77.5472 8.3
    endloop
  endfacet
  facet normal 0.723184 -0.193692 0.662939
    outer loop
      vertex 75.4243 77.2778 8.3
      vertex 74.0725 78.0491 10
      vertex 73.9362 77.5402 10
    endloop
  endfacet
  facet normal 0.745929 -0.062968 0.663043
    outer loop
      vertex 75.4 77 8.3
      vertex 73.8902 77.0154 10
      vertex 73.8889 77 10
    endloop
  endfacet
  facet normal 0.745809 -0.0652382 0.662957
    outer loop
      vertex 73.8902 77.0154 10
      vertex 75.4 77 8.3
      vertex 75.4243 77.2778 8.3
    endloop
  endfacet
  facet normal -0.0653723 0.745813 0.66294
    outer loop
      vertex 77.5402 73.9362 10
      vertex 77.2778 75.4243 8.3
      vertex 77.0154 73.8902 10
    endloop
  endfacet
  facet normal 0.0652382 -0.745809 0.662957
    outer loop
      vertex 77 78.6 8.3
      vertex 76.9846 80.1098 10
      vertex 76.7222 78.5757 8.3
    endloop
  endfacet
  facet normal 0.062968 -0.745929 0.663043
    outer loop
      vertex 76.9846 80.1098 10
      vertex 77 78.6 8.3
      vertex 77 80.1111 10
    endloop
  endfacet
  facet normal 0.429238 0.613389 0.662955
    outer loop
      vertex 75.4318 74.3146 10
      vertex 76.2 75.6144 8.3
      vertex 75.9715 75.7743 8.3
    endloop
  endfacet
  facet normal 0.431996 0.61159 0.662826
    outer loop
      vertex 76.2 75.6144 8.3
      vertex 75.4318 74.3146 10
      vertex 75.4444 74.3057 10
    endloop
  endfacet
  facet normal 0.613389 0.429238 0.662955
    outer loop
      vertex 75.6144 76.2 8.3
      vertex 74.3146 75.4318 10
      vertex 75.7743 75.9715 8.3
    endloop
  endfacet
  facet normal 0.61159 0.431996 0.662826
    outer loop
      vertex 74.3146 75.4318 10
      vertex 75.6144 76.2 8.3
      vertex 74.3057 75.4444 10
    endloop
  endfacet
  facet normal -0.193804 -0.72314 0.662954
    outer loop
      vertex 77.5472 78.5035 8.3
      vertex 78.0491 79.9275 10
      vertex 77.2778 78.5757 8.3
    endloop
  endfacet
  facet normal -0.19291 -0.723412 0.662918
    outer loop
      vertex 78.0491 79.9275 10
      vertex 77.5472 78.5035 8.3
      vertex 78.0641 79.9235 10
    endloop
  endfacet
  facet normal 0.429418 0.613291 0.662928
    outer loop
      vertex 75.4318 74.3146 10
      vertex 75.9715 75.7743 8.3
      vertex 75.0002 74.6168 10
    endloop
  endfacet
  facet normal 0.529398 0.529398 0.66293
    outer loop
      vertex 75.7743 75.9715 8.3
      vertex 75.0002 74.6168 10
      vertex 75.9715 75.7743 8.3
    endloop
  endfacet
  facet normal 0.529398 0.529398 0.66293
    outer loop
      vertex 75.0002 74.6168 10
      vertex 75.7743 75.9715 8.3
      vertex 74.6168 75.0002 10
    endloop
  endfacet
  facet normal 0.613291 -0.429418 0.662928
    outer loop
      vertex 75.7743 78.0285 8.3
      vertex 74.6168 78.9998 10
      vertex 74.3146 78.5682 10
    endloop
  endfacet
  facet normal 0.529398 -0.529398 0.66293
    outer loop
      vertex 75.0002 79.3832 10
      vertex 75.7743 78.0285 8.3
      vertex 75.9715 78.2257 8.3
    endloop
  endfacet
  facet normal 0.529398 -0.529398 0.66293
    outer loop
      vertex 75.7743 78.0285 8.3
      vertex 75.0002 79.3832 10
      vertex 74.6168 78.9998 10
    endloop
  endfacet
  facet normal 0.745813 0.0653723 0.66294
    outer loop
      vertex 73.9362 76.4598 10
      vertex 75.4243 76.7222 8.3
      vertex 73.8902 76.9846 10
    endloop
  endfacet
  facet normal 0.745929 0.062968 0.663043
    outer loop
      vertex 73.8902 76.9846 10
      vertex 75.4 77 8.3
      vertex 73.8889 77 10
    endloop
  endfacet
  facet normal 0.745809 0.0652382 0.662957
    outer loop
      vertex 75.4 77 8.3
      vertex 73.8902 76.9846 10
      vertex 75.4243 76.7222 8.3
    endloop
  endfacet
  facet normal 0.678495 0.316434 0.662958
    outer loop
      vertex 74.0765 75.9359 10
      vertex 75.6144 76.2 8.3
      vertex 75.4965 76.4528 8.3
    endloop
  endfacet
  facet normal 0.678505 0.316406 0.662962
    outer loop
      vertex 75.6144 76.2 8.3
      vertex 74.0765 75.9359 10
      vertex 74.3057 75.4444 10
    endloop
  endfacet
  facet normal -0.613291 -0.429418 0.662928
    outer loop
      vertex 79.6854 78.5682 10
      vertex 79.3832 78.9998 10
      vertex 78.2257 78.0285 8.3
    endloop
  endfacet
  facet normal -0.429238 0.613389 0.662955
    outer loop
      vertex 77.8 75.6144 8.3
      vertex 78.5682 74.3146 10
      vertex 78.0285 75.7743 8.3
    endloop
  endfacet
  facet normal -0.431996 0.61159 0.662826
    outer loop
      vertex 78.5682 74.3146 10
      vertex 77.8 75.6144 8.3
      vertex 78.5556 74.3057 10
    endloop
  endfacet
  facet normal 0.19291 -0.723412 0.662918
    outer loop
      vertex 76.4528 78.5035 8.3
      vertex 75.9509 79.9275 10
      vertex 75.9359 79.9235 10
    endloop
  endfacet
  facet normal 0.193804 -0.72314 0.662954
    outer loop
      vertex 75.9509 79.9275 10
      vertex 76.4528 78.5035 8.3
      vertex 76.7222 78.5757 8.3
    endloop
  endfacet
  facet normal 0.613291 0.429418 0.662928
    outer loop
      vertex 74.6168 75.0002 10
      vertex 75.7743 75.9715 8.3
      vertex 74.3146 75.4318 10
    endloop
  endfacet
  facet normal 0.723412 -0.19291 0.662918
    outer loop
      vertex 74.0725 78.0491 10
      vertex 75.4965 77.5472 8.3
      vertex 74.0765 78.0641 10
    endloop
  endfacet
  facet normal 0.72314 -0.193804 0.662954
    outer loop
      vertex 75.4965 77.5472 8.3
      vertex 74.0725 78.0491 10
      vertex 75.4243 77.2778 8.3
    endloop
  endfacet
  facet normal 0.193692 -0.723184 0.662939
    outer loop
      vertex 76.7222 78.5757 8.3
      vertex 76.4598 80.0638 10
      vertex 75.9509 79.9275 10
    endloop
  endfacet
  facet normal 0.0653723 -0.745813 0.66294
    outer loop
      vertex 76.7222 78.5757 8.3
      vertex 76.9846 80.1098 10
      vertex 76.4598 80.0638 10
    endloop
  endfacet
  facet normal 0.72314 0.193804 0.662954
    outer loop
      vertex 74.0725 75.9509 10
      vertex 75.4965 76.4528 8.3
      vertex 75.4243 76.7222 8.3
    endloop
  endfacet
  facet normal 0.723412 0.19291 0.662918
    outer loop
      vertex 75.4965 76.4528 8.3
      vertex 74.0725 75.9509 10
      vertex 74.0765 75.9359 10
    endloop
  endfacet
  facet normal 0.062968 0.745929 0.663043
    outer loop
      vertex 77 75.4 8.3
      vertex 76.9846 73.8902 10
      vertex 77 73.8889 10
    endloop
  endfacet
  facet normal 0.0652382 0.745809 0.662957
    outer loop
      vertex 76.9846 73.8902 10
      vertex 77 75.4 8.3
      vertex 76.7222 75.4243 8.3
    endloop
  endfacet
  facet normal -0.0653723 -0.745813 0.66294
    outer loop
      vertex 77.2778 78.5757 8.3
      vertex 77.5402 80.0638 10
      vertex 77.0154 80.1098 10
    endloop
  endfacet
  facet normal -0.678505 -0.316406 0.662962
    outer loop
      vertex 78.3856 77.8 8.3
      vertex 79.9235 78.0641 10
      vertex 79.6943 78.5556 10
    endloop
  endfacet
  facet normal -0.678495 -0.316434 0.662958
    outer loop
      vertex 79.9235 78.0641 10
      vertex 78.3856 77.8 8.3
      vertex 78.5035 77.5472 8.3
    endloop
  endfacet
  facet normal -0.723412 -0.19291 0.662918
    outer loop
      vertex 78.5035 77.5472 8.3
      vertex 79.9275 78.0491 10
      vertex 79.9235 78.0641 10
    endloop
  endfacet
  facet normal -0.72314 -0.193804 0.662954
    outer loop
      vertex 79.9275 78.0491 10
      vertex 78.5035 77.5472 8.3
      vertex 78.5757 77.2778 8.3
    endloop
  endfacet
  facet normal -0.258792 0.965933 0
    outer loop
      vertex 51.4984 32.1458 5
      vertex 48.2993 31.2887 21
      vertex 51.4984 32.1458 21
    endloop
  endfacet
  facet normal -0.258792 0.965933 0
    outer loop
      vertex 48.2993 31.2887 21
      vertex 51.4984 32.1458 5
      vertex 48.2993 31.2887 5
    endloop
  endfacet
  facet normal -0.965933 -0.258792 0
    outer loop
      vertex 63.7113 53.2993 5
      vertex 62.8542 56.4984 21
      vertex 62.8542 56.4984 5
    endloop
  endfacet
  facet normal -0.965933 -0.258792 0
    outer loop
      vertex 62.8542 56.4984 21
      vertex 63.7113 53.2993 5
      vertex 63.7113 53.2993 21
    endloop
  endfacet
  facet normal -0.996193 -0.0871703 0
    outer loop
      vertex 64 50 5
      vertex 63.7113 53.2993 21
      vertex 63.7113 53.2993 5
    endloop
  endfacet
  facet normal -0.996193 -0.0871703 0
    outer loop
      vertex 63.7113 53.2993 21
      vertex 64 50 5
      vertex 64 50 21
    endloop
  endfacet
  facet normal -0.906304 -0.422626 0
    outer loop
      vertex 62.8542 56.4984 5
      vertex 61.4545 59.5 21
      vertex 61.4545 59.5 5
    endloop
  endfacet
  facet normal -0.906304 -0.422626 0
    outer loop
      vertex 61.4545 59.5 21
      vertex 62.8542 56.4984 5
      vertex 62.8542 56.4984 21
    endloop
  endfacet
  facet normal -0.996193 0.0871703 0
    outer loop
      vertex 63.7113 46.7007 5
      vertex 64 50 21
      vertex 64 50 5
    endloop
  endfacet
  facet normal -0.996193 0.0871703 0
    outer loop
      vertex 64 50 21
      vertex 63.7113 46.7007 5
      vertex 63.7113 46.7007 21
    endloop
  endfacet
  facet normal -0.819147 -0.573584 0
    outer loop
      vertex 61.4545 59.5 5
      vertex 59.5548 62.213 21
      vertex 59.5548 62.213 5
    endloop
  endfacet
  facet normal -0.819147 -0.573584 0
    outer loop
      vertex 59.5548 62.213 21
      vertex 61.4545 59.5 5
      vertex 61.4545 59.5 21
    endloop
  endfacet
  facet normal 0.0871703 -0.996193 0
    outer loop
      vertex 41.7007 68.7113 5
      vertex 45 69 21
      vertex 41.7007 68.7113 21
    endloop
  endfacet
  facet normal 0.0871703 -0.996193 0
    outer loop
      vertex 45 69 21
      vertex 41.7007 68.7113 5
      vertex 45 69 5
    endloop
  endfacet
  facet normal 0.707107 -0.707107 0
    outer loop
      vertex 30.4452 62.213 21
      vertex 32.787 64.5548 5
      vertex 32.787 64.5548 21
    endloop
  endfacet
  facet normal 0.707107 -0.707107 0
    outer loop
      vertex 32.787 64.5548 5
      vertex 30.4452 62.213 21
      vertex 30.4452 62.213 5
    endloop
  endfacet
  facet normal -0.422626 0.906304 0
    outer loop
      vertex 54.5 33.5455 5
      vertex 51.4984 32.1458 21
      vertex 54.5 33.5455 21
    endloop
  endfacet
  facet normal -0.422626 0.906304 0
    outer loop
      vertex 51.4984 32.1458 21
      vertex 54.5 33.5455 5
      vertex 51.4984 32.1458 5
    endloop
  endfacet
  facet normal 0.422626 0.906304 -0
    outer loop
      vertex 38.5016 32.1458 5
      vertex 35.5 33.5455 21
      vertex 38.5016 32.1458 21
    endloop
  endfacet
  facet normal 0.422626 0.906304 0
    outer loop
      vertex 35.5 33.5455 21
      vertex 38.5016 32.1458 5
      vertex 35.5 33.5455 5
    endloop
  endfacet
  facet normal 0.996193 -0.0871703 0
    outer loop
      vertex 26 50 21
      vertex 26.2887 53.2993 5
      vertex 26.2887 53.2993 21
    endloop
  endfacet
  facet normal 0.996193 -0.0871703 0
    outer loop
      vertex 26.2887 53.2993 5
      vertex 26 50 21
      vertex 26 50 5
    endloop
  endfacet
  facet normal 0.258792 0.965933 -0
    outer loop
      vertex 41.7007 31.2887 5
      vertex 38.5016 32.1458 21
      vertex 41.7007 31.2887 21
    endloop
  endfacet
  facet normal 0.258792 0.965933 0
    outer loop
      vertex 38.5016 32.1458 21
      vertex 41.7007 31.2887 5
      vertex 38.5016 32.1458 5
    endloop
  endfacet
  facet normal -0.573584 -0.819147 0
    outer loop
      vertex 54.5 66.4545 5
      vertex 57.213 64.5548 21
      vertex 54.5 66.4545 21
    endloop
  endfacet
  facet normal -0.573584 -0.819147 -0
    outer loop
      vertex 57.213 64.5548 21
      vertex 54.5 66.4545 5
      vertex 57.213 64.5548 5
    endloop
  endfacet
  facet normal 0.965933 0.258792 0
    outer loop
      vertex 27.1458 43.5016 21
      vertex 26.2887 46.7007 5
      vertex 26.2887 46.7007 21
    endloop
  endfacet
  facet normal 0.965933 0.258792 0
    outer loop
      vertex 26.2887 46.7007 5
      vertex 27.1458 43.5016 21
      vertex 27.1458 43.5016 5
    endloop
  endfacet
  facet normal -0.819147 0.573584 0
    outer loop
      vertex 59.5548 37.787 5
      vertex 61.4545 40.5 21
      vertex 61.4545 40.5 5
    endloop
  endfacet
  facet normal -0.819147 0.573584 0
    outer loop
      vertex 61.4545 40.5 21
      vertex 59.5548 37.787 5
      vertex 59.5548 37.787 21
    endloop
  endfacet
  facet normal 0.573584 -0.819147 0
    outer loop
      vertex 32.787 64.5548 5
      vertex 35.5 66.4545 21
      vertex 32.787 64.5548 21
    endloop
  endfacet
  facet normal 0.573584 -0.819147 0
    outer loop
      vertex 35.5 66.4545 21
      vertex 32.787 64.5548 5
      vertex 35.5 66.4545 5
    endloop
  endfacet
  facet normal 0.0871703 0.996193 -0
    outer loop
      vertex 45 31 5
      vertex 41.7007 31.2887 21
      vertex 45 31 21
    endloop
  endfacet
  facet normal 0.0871703 0.996193 0
    outer loop
      vertex 41.7007 31.2887 21
      vertex 45 31 5
      vertex 41.7007 31.2887 5
    endloop
  endfacet
  facet normal -0.906304 0.422626 0
    outer loop
      vertex 61.4545 40.5 5
      vertex 62.8542 43.5016 21
      vertex 62.8542 43.5016 5
    endloop
  endfacet
  facet normal -0.906304 0.422626 0
    outer loop
      vertex 62.8542 43.5016 21
      vertex 61.4545 40.5 5
      vertex 61.4545 40.5 21
    endloop
  endfacet
  facet normal -0.258792 -0.965933 0
    outer loop
      vertex 48.2993 68.7113 5
      vertex 51.4984 67.8542 21
      vertex 48.2993 68.7113 21
    endloop
  endfacet
  facet normal -0.258792 -0.965933 -0
    outer loop
      vertex 51.4984 67.8542 21
      vertex 48.2993 68.7113 5
      vertex 51.4984 67.8542 5
    endloop
  endfacet
  facet normal 0.906304 0.422626 0
    outer loop
      vertex 28.5455 40.5 21
      vertex 27.1458 43.5016 5
      vertex 27.1458 43.5016 21
    endloop
  endfacet
  facet normal 0.906304 0.422626 0
    outer loop
      vertex 27.1458 43.5016 5
      vertex 28.5455 40.5 21
      vertex 28.5455 40.5 5
    endloop
  endfacet
  facet normal -0.707107 -0.707107 0
    outer loop
      vertex 57.213 64.5548 5
      vertex 59.5548 62.213 21
      vertex 57.213 64.5548 21
    endloop
  endfacet
  facet normal -0.707107 -0.707107 -0
    outer loop
      vertex 59.5548 62.213 21
      vertex 57.213 64.5548 5
      vertex 59.5548 62.213 5
    endloop
  endfacet
  facet normal 0 0 1
    outer loop
      vertex 63.7113 53.2993 5
      vertex 63.7113 46.7007 5
      vertex 64 50 5
    endloop
  endfacet
  facet normal 0 0 1
    outer loop
      vertex 62.8542 56.4984 5
      vertex 63.7113 46.7007 5
      vertex 63.7113 53.2993 5
    endloop
  endfacet
  facet normal 0 0 1
    outer loop
      vertex 62.8542 56.4984 5
      vertex 62.8542 43.5016 5
      vertex 63.7113 46.7007 5
    endloop
  endfacet
  facet normal 0 0 1
    outer loop
      vertex 61.4545 59.5 5
      vertex 62.8542 43.5016 5
      vertex 62.8542 56.4984 5
    endloop
  endfacet
  facet normal 0 0 1
    outer loop
      vertex 61.4545 59.5 5
      vertex 61.4545 40.5 5
      vertex 62.8542 43.5016 5
    endloop
  endfacet
  facet normal 0 0 1
    outer loop
      vertex 59.5548 62.213 5
      vertex 61.4545 40.5 5
      vertex 61.4545 59.5 5
    endloop
  endfacet
  facet normal 0 0 1
    outer loop
      vertex 59.5548 62.213 5
      vertex 59.5548 37.787 5
      vertex 61.4545 40.5 5
    endloop
  endfacet
  facet normal 0 0 1
    outer loop
      vertex 57.213 64.5548 5
      vertex 59.5548 37.787 5
      vertex 59.5548 62.213 5
    endloop
  endfacet
  facet normal 0 0 1
    outer loop
      vertex 57.213 64.5548 5
      vertex 57.213 35.4452 5
      vertex 59.5548 37.787 5
    endloop
  endfacet
  facet normal 0 0 1
    outer loop
      vertex 54.5 66.4545 5
      vertex 57.213 35.4452 5
      vertex 57.213 64.5548 5
    endloop
  endfacet
  facet normal 0 0 1
    outer loop
      vertex 54.5 66.4545 5
      vertex 54.5 33.5455 5
      vertex 57.213 35.4452 5
    endloop
  endfacet
  facet normal 0 0 1
    outer loop
      vertex 51.4984 67.8542 5
      vertex 54.5 33.5455 5
      vertex 54.5 66.4545 5
    endloop
  endfacet
  facet normal 0 0 1
    outer loop
      vertex 51.4984 67.8542 5
      vertex 51.4984 32.1458 5
      vertex 54.5 33.5455 5
    endloop
  endfacet
  facet normal 0 0 1
    outer loop
      vertex 48.2993 68.7113 5
      vertex 51.4984 32.1458 5
      vertex 51.4984 67.8542 5
    endloop
  endfacet
  facet normal 0 0 1
    outer loop
      vertex 48.2993 68.7113 5
      vertex 48.2993 31.2887 5
      vertex 51.4984 32.1458 5
    endloop
  endfacet
  facet normal 0 0 1
    outer loop
      vertex 45 69 5
      vertex 48.2993 31.2887 5
      vertex 48.2993 68.7113 5
    endloop
  endfacet
  facet normal 0 0 1
    outer loop
      vertex 45 69 5
      vertex 45 31 5
      vertex 48.2993 31.2887 5
    endloop
  endfacet
  facet normal -0 0 1
    outer loop
      vertex 41.7007 68.7113 5
      vertex 45 31 5
      vertex 45 69 5
    endloop
  endfacet
  facet normal 0 0 1
    outer loop
      vertex 41.7007 68.7113 5
      vertex 41.7007 31.2887 5
      vertex 45 31 5
    endloop
  endfacet
  facet normal -0 0 1
    outer loop
      vertex 38.5016 67.8542 5
      vertex 41.7007 31.2887 5
      vertex 41.7007 68.7113 5
    endloop
  endfacet
  facet normal 0 0 1
    outer loop
      vertex 38.5016 67.8542 5
      vertex 38.5016 32.1458 5
      vertex 41.7007 31.2887 5
    endloop
  endfacet
  facet normal -0 0 1
    outer loop
      vertex 35.5 66.4545 5
      vertex 38.5016 32.1458 5
      vertex 38.5016 67.8542 5
    endloop
  endfacet
  facet normal 0 0 1
    outer loop
      vertex 35.5 66.4545 5
      vertex 35.5 33.5455 5
      vertex 38.5016 32.1458 5
    endloop
  endfacet
  facet normal -0 0 1
    outer loop
      vertex 32.787 64.5548 5
      vertex 35.5 33.5455 5
      vertex 35.5 66.4545 5
    endloop
  endfacet
  facet normal 0 0 1
    outer loop
      vertex 32.787 64.5548 5
      vertex 32.787 35.4452 5
      vertex 35.5 33.5455 5
    endloop
  endfacet
  facet normal -0 0 1
    outer loop
      vertex 30.4452 62.213 5
      vertex 32.787 35.4452 5
      vertex 32.787 64.5548 5
    endloop
  endfacet
  facet normal 0 0 1
    outer loop
      vertex 30.4452 62.213 5
      vertex 30.4452 37.787 5
      vertex 32.787 35.4452 5
    endloop
  endfacet
  facet normal -0 0 1
    outer loop
      vertex 28.5455 59.5 5
      vertex 30.4452 37.787 5
      vertex 30.4452 62.213 5
    endloop
  endfacet
  facet normal 0 0 1
    outer loop
      vertex 28.5455 59.5 5
      vertex 28.5455 40.5 5
      vertex 30.4452 37.787 5
    endloop
  endfacet
  facet normal -0 0 1
    outer loop
      vertex 27.1458 56.4984 5
      vertex 28.5455 40.5 5
      vertex 28.5455 59.5 5
    endloop
  endfacet
  facet normal 0 0 1
    outer loop
      vertex 27.1458 56.4984 5
      vertex 27.1458 43.5016 5
      vertex 28.5455 40.5 5
    endloop
  endfacet
  facet normal -0 0 1
    outer loop
      vertex 26.2887 53.2993 5
      vertex 27.1458 43.5016 5
      vertex 27.1458 56.4984 5
    endloop
  endfacet
  facet normal 0 0 1
    outer loop
      vertex 26.2887 53.2993 5
      vertex 26.2887 46.7007 5
      vertex 27.1458 43.5016 5
    endloop
  endfacet
  facet normal 0 -0 1
    outer loop
      vertex 26.2887 46.7007 5
      vertex 26.2887 53.2993 5
      vertex 26 50 5
    endloop
  endfacet
  facet normal 0.819147 -0.573584 0
    outer loop
      vertex 28.5455 59.5 21
      vertex 30.4452 62.213 5
      vertex 30.4452 62.213 21
    endloop
  endfacet
  facet normal 0.819147 -0.573584 0
    outer loop
      vertex 30.4452 62.213 5
      vertex 28.5455 59.5 21
      vertex 28.5455 59.5 5
    endloop
  endfacet
  facet normal -0.422626 -0.906304 0
    outer loop
      vertex 51.4984 67.8542 5
      vertex 54.5 66.4545 21
      vertex 51.4984 67.8542 21
    endloop
  endfacet
  facet normal -0.422626 -0.906304 -0
    outer loop
      vertex 54.5 66.4545 21
      vertex 51.4984 67.8542 5
      vertex 54.5 66.4545 5
    endloop
  endfacet
  facet normal -0.0871703 0.996193 0
    outer loop
      vertex 48.2993 31.2887 5
      vertex 45 31 21
      vertex 48.2993 31.2887 21
    endloop
  endfacet
  facet normal -0.0871703 0.996193 0
    outer loop
      vertex 45 31 21
      vertex 48.2993 31.2887 5
      vertex 45 31 5
    endloop
  endfacet
  facet normal 0.258792 -0.965933 0
    outer loop
      vertex 38.5016 67.8542 5
      vertex 41.7007 68.7113 21
      vertex 38.5016 67.8542 21
    endloop
  endfacet
  facet normal 0.258792 -0.965933 0
    outer loop
      vertex 41.7007 68.7113 21
      vertex 38.5016 67.8542 5
      vertex 41.7007 68.7113 5
    endloop
  endfacet
  facet normal 0.819147 0.573584 0
    outer loop
      vertex 30.4452 37.787 21
      vertex 28.5455 40.5 5
      vertex 28.5455 40.5 21
    endloop
  endfacet
  facet normal 0.819147 0.573584 0
    outer loop
      vertex 28.5455 40.5 5
      vertex 30.4452 37.787 21
      vertex 30.4452 37.787 5
    endloop
  endfacet
  facet normal -0.965933 0.258792 0
    outer loop
      vertex 62.8542 43.5016 5
      vertex 63.7113 46.7007 21
      vertex 63.7113 46.7007 5
    endloop
  endfacet
  facet normal -0.965933 0.258792 0
    outer loop
      vertex 63.7113 46.7007 21
      vertex 62.8542 43.5016 5
      vertex 62.8542 43.5016 21
    endloop
  endfacet
  facet normal 0.707107 0.707107 0
    outer loop
      vertex 32.787 35.4452 21
      vertex 30.4452 37.787 5
      vertex 30.4452 37.787 21
    endloop
  endfacet
  facet normal 0.707107 0.707107 0
    outer loop
      vertex 30.4452 37.787 5
      vertex 32.787 35.4452 21
      vertex 32.787 35.4452 5
    endloop
  endfacet
  facet normal -0.707107 0.707107 0
    outer loop
      vertex 59.5548 37.787 5
      vertex 57.213 35.4452 21
      vertex 59.5548 37.787 21
    endloop
  endfacet
  facet normal -0.707107 0.707107 0
    outer loop
      vertex 57.213 35.4452 21
      vertex 59.5548 37.787 5
      vertex 57.213 35.4452 5
    endloop
  endfacet
  facet normal -0.573584 0.819147 0
    outer loop
      vertex 57.213 35.4452 5
      vertex 54.5 33.5455 21
      vertex 57.213 35.4452 21
    endloop
  endfacet
  facet normal -0.573584 0.819147 0
    outer loop
      vertex 54.5 33.5455 21
      vertex 57.213 35.4452 5
      vertex 54.5 33.5455 5
    endloop
  endfacet
  facet normal -0.0871703 -0.996193 0
    outer loop
      vertex 45 69 5
      vertex 48.2993 68.7113 21
      vertex 45 69 21
    endloop
  endfacet
  facet normal -0.0871703 -0.996193 -0
    outer loop
      vertex 48.2993 68.7113 21
      vertex 45 69 5
      vertex 48.2993 68.7113 5
    endloop
  endfacet
  facet normal 0.906304 -0.422626 0
    outer loop
      vertex 27.1458 56.4984 21
      vertex 28.5455 59.5 5
      vertex 28.5455 59.5 21
    endloop
  endfacet
  facet normal 0.906304 -0.422626 0
    outer loop
      vertex 28.5455 59.5 5
      vertex 27.1458 56.4984 21
      vertex 27.1458 56.4984 5
    endloop
  endfacet
  facet normal 0.965933 -0.258792 0
    outer loop
      vertex 26.2887 53.2993 21
      vertex 27.1458 56.4984 5
      vertex 27.1458 56.4984 21
    endloop
  endfacet
  facet normal 0.965933 -0.258792 0
    outer loop
      vertex 27.1458 56.4984 5
      vertex 26.2887 53.2993 21
      vertex 26.2887 53.2993 5
    endloop
  endfacet
  facet normal 0.422626 -0.906304 0
    outer loop
      vertex 35.5 66.4545 5
      vertex 38.5016 67.8542 21
      vertex 35.5 66.4545 21
    endloop
  endfacet
  facet normal 0.422626 -0.906304 0
    outer loop
      vertex 38.5016 67.8542 21
      vertex 35.5 66.4545 5
      vertex 38.5016 67.8542 5
    endloop
  endfacet
  facet normal 0.996193 0.0871703 0
    outer loop
      vertex 26.2887 46.7007 21
      vertex 26 50 5
      vertex 26 50 21
    endloop
  endfacet
  facet normal 0.996193 0.0871703 0
    outer loop
      vertex 26 50 5
      vertex 26.2887 46.7007 21
      vertex 26.2887 46.7007 5
    endloop
  endfacet
  facet normal 0.573584 0.819147 -0
    outer loop
      vertex 35.5 33.5455 5
      vertex 32.787 35.4452 21
      vertex 35.5 33.5455 21
    endloop
  endfacet
  facet normal 0.573584 0.819147 0
    outer loop
      vertex 32.787 35.4452 21
      vertex 35.5 33.5455 5
      vertex 32.787 35.4452 5
    endloop
  endfacet
  facet normal -1 0 0
    outer loop
      vertex 49 75 0
      vertex 49 70.5863 10
      vertex 49 75 10
    endloop
  endfacet
  facet normal -1 0 0
    outer loop
      vertex 49 70 0
      vertex 49 70.5863 10
      vertex 49 75 0
    endloop
  endfacet
  facet normal -1 0 0
    outer loop
      vertex 49 70 20.9
      vertex 49 70.5863 10
      vertex 49 70 0
    endloop
  endfacet
  facet normal -1 0 0
    outer loop
      vertex 49 70.5863 10
      vertex 49 70 20.9
      vertex 49 70.5863 20.9
    endloop
  endfacet
  facet normal 0 0 -1
    outer loop
      vertex 49 70 20.9
      vertex 48.6466 70.681 20.9
      vertex 49 70.5863 20.9
    endloop
  endfacet
  facet normal 0 0 -1
    outer loop
      vertex 49 70 20.9
      vertex 45 71 20.9
      vertex 48.6466 70.681 20.9
    endloop
  endfacet
  facet normal 0 0 -1
    outer loop
      vertex 41 70 20.9
      vertex 45 71 20.9
      vertex 49 70 20.9
    endloop
  endfacet
  facet normal 0 0 -1
    outer loop
      vertex 45 71 20.9
      vertex 41 70 20.9
      vertex 41.3534 70.681 20.9
    endloop
  endfacet
  facet normal 0 0 -1
    outer loop
      vertex 41.3534 70.681 20.9
      vertex 41 70 20.9
      vertex 41 70.5863 20.9
    endloop
  endfacet
  facet normal 1 0 0
    outer loop
      vertex 41 70.5863 20.9
      vertex 41 70 20.9
      vertex 41 70.5863 10
    endloop
  endfacet
  facet normal 1 -0 0
    outer loop
      vertex 41 70.5863 10
      vertex 41 75 0
      vertex 41 75 10
    endloop
  endfacet
  facet normal 1 0 0
    outer loop
      vertex 41 70.5863 10
      vertex 41 70 0
      vertex 41 75 0
    endloop
  endfacet
  facet normal 1 0 0
    outer loop
      vertex 41 70 0
      vertex 41 70.5863 10
      vertex 41 70 20.9
    endloop
  endfacet
  facet normal 0 -1 0
    outer loop
      vertex 41 75 0
      vertex 49 75 10
      vertex 41 75 10
    endloop
  endfacet
  facet normal 0 -1 -0
    outer loop
      vertex 49 75 10
      vertex 41 75 0
      vertex 49 75 0
    endloop
  endfacet
  facet normal 0 1 -0
    outer loop
      vertex 49 70 0
      vertex 41 70 20.9
      vertex 49 70 20.9
    endloop
  endfacet
  facet normal 0 1 0
    outer loop
      vertex 41 70 20.9
      vertex 49 70 0
      vertex 41 70 0
    endloop
  endfacet
endsolid OpenSCAD_Model
